dataset,model,observation,parameter,q05,q50,q95
bike,dune_bayes,0,mean,9.839582586288453,10.346888065338135,10.861640405654907
bike,dune_bayes,1,mean,9.570330142974854,10.076558113098145,10.60765552520752
bike,dune_bayes,2,mean,9.24205207824707,9.728199005126953,10.27022705078125
bike,dune_bayes,3,mean,10.546474885940551,11.175228118896484,11.804729509353637
bike,dune_bayes,4,mean,10.096761465072632,10.66895055770874,11.202239179611206
bike,dune_bayes,5,mean,9.834700441360473,10.381795406341553,10.920175313949585
bike,dune_bayes,6,mean,10.815454626083374,11.408587455749512,11.926592254638672
bike,dune_bayes,7,mean,11.070113134384155,11.639561176300049,12.143003559112548
bike,dune_bayes,8,mean,10.848048734664918,11.380492687225342,11.930817365646362
bike,dune_bayes,9,mean,9.859994697570801,10.396879196166992,10.967765378952025
bike,dune_bayes,10,mean,9.48995509147644,9.994417190551758,10.536911153793335
bike,dune_bayes,11,mean,9.214368534088134,9.77723741531372,10.33294620513916
bike,dune_bayes,12,mean,8.767639112472533,9.276130676269531,9.855091142654418
bike,dune_bayes,13,mean,10.548352766036988,11.074148178100586,11.579644441604612
bike,dune_bayes,14,mean,11.110732698440552,11.722423076629639,12.244663715362549
bike,dune_bayes,15,mean,11.110732698440552,11.722423076629639,12.244663715362549
bike,dune_bayes,16,mean,10.67489995956421,11.201903343200684,11.74242181777954
bike,dune_bayes,17,mean,9.808820581436157,10.324804782867432,10.85237021446228
bike,dune_bayes,18,mean,9.25132622718811,9.755639553070068,10.288791465759276
bike,dune_bayes,19,mean,9.218744850158691,9.71825885772705,10.252586793899535
bike,dune_bayes,20,mean,9.596482992172241,10.140898704528809,10.723266077041625
bike,dune_bayes,21,mean,10.19393458366394,10.707372665405273,11.231489849090575
bike,dune_bayes,22,mean,10.324703550338745,10.883372783660889,11.396238231658936
bike,dune_bayes,23,mean,9.874610185623169,10.378815174102783,10.902060604095459
bike,dune_bayes,24,mean,9.489021301269531,9.961829662322998,10.516306924819945
bike,dune_bayes,25,mean,10.752998065948486,11.360342025756836,11.875081491470336
bike,dune_bayes,26,mean,10.543135499954223,11.102009773254395,11.612153148651123
bike,dune_bayes,27,mean,10.1409273147583,10.713122844696045,11.293527650833129
bike,dune_bayes,28,mean,10.336822509765625,10.871878147125244,11.429788780212402
bike,dune_bayes,29,mean,10.001088857650757,10.523261547088623,11.051367998123169
bike,dune_bayes,30,mean,9.455731964111328,9.934537410736084,10.49551944732666
bike,dune_bayes,31,mean,8.337988233566284,8.809971332550049,9.384256410598756
bike,dune_bayes,32,mean,7.164486694335937,7.693670034408569,8.306145572662354
bike,dune_bayes,33,mean,8.138280296325684,8.61604928970337,9.175992393493651
bike,dune_bayes,34,mean,9.309163999557494,9.85742712020874,10.440548658370972
bike,dune_bayes,35,mean,8.849168014526366,9.348193168640137,9.932331085205078
bike,dune_bayes,36,mean,8.849168014526366,9.348193168640137,9.932331085205078
bike,dune_bayes,37,mean,10.179503774642944,10.842013359069824,11.51478452682495
bike,dune_bayes,38,mean,10.24579815864563,10.817292213439941,11.40399260520935
bike,dune_bayes,39,mean,10.025199556350708,10.675277709960938,11.341957759857177
bike,dune_bayes,40,mean,9.745678567886353,10.305901527404785,10.857978010177613
bike,dune_bayes,41,mean,10.561534309387207,11.129226684570312,11.642879247665405
bike,dune_bayes,42,mean,10.543135499954223,11.102009773254395,11.612153148651123
bike,dune_bayes,43,mean,9.335280561447144,9.883168697357178,10.469837141036987
bike,dune_bayes,44,mean,10.123764514923096,10.64246940612793,11.165017271041869
bike,dune_bayes,45,mean,10.19595832824707,10.72572660446167,11.26413073539734
bike,dune_bayes,46,mean,8.46863408088684,8.957049369812012,9.559916305541991
bike,dune_bayes,47,mean,8.183948993682861,8.669785976409912,9.261727285385131
bike,dune_bayes,48,mean,9.010760498046874,9.498959064483643,10.036648559570311
bike,dune_bayes,49,mean,9.650555229187011,10.221128463745117,10.780107593536377
bike,dune_bayes,50,mean,9.927952814102174,10.454310417175293,10.981605911254883
bike,dune_bayes,51,mean,10.315181255340576,10.908225536346436,11.441329622268677
bike,dune_bayes,52,mean,10.538492965698243,11.136855125427246,11.658437299728394
bike,dune_bayes,53,mean,10.10876955986023,10.806963920593262,11.460677099227905
bike,dune_bayes,54,mean,9.683784103393554,10.330656051635742,10.95589475631714
bike,dune_bayes,55,mean,9.431397438049316,10.07889986038208,10.705007362365722
bike,dune_bayes,56,mean,9.834700441360473,10.381795406341553,10.920175313949585
bike,dune_bayes,57,mean,10.28776569366455,10.973244190216064,11.580527925491332
bike,dune_bayes,58,mean,10.503969192504883,11.187711238861084,11.803217363357543
bike,dune_bayes,59,mean,10.574858713150025,11.228661060333252,11.786958026885985
bike,dune_bayes,60,mean,10.81419234275818,11.449324607849121,11.989116907119751
bike,dune_bayes,61,mean,10.098687314987183,10.6544189453125,11.186809349060058
bike,dune_bayes,62,mean,9.898245525360107,10.422292709350586,10.939195203781127
bike,dune_bayes,63,mean,10.694274806976319,11.353289604187012,11.915019798278808
bike,dune_bayes,64,mean,9.458111715316772,9.964552879333496,10.519521141052246
bike,dune_bayes,65,mean,8.590397691726684,9.116278648376465,9.76456813812256
bike,dune_bayes,66,mean,10.660327529907226,11.18975305557251,11.721406650543212
bike,dune_bayes,67,mean,10.778135824203492,11.290868759155273,11.810946607589722
bike,dune_bayes,68,mean,10.750580739974975,11.26281213760376,11.771295928955078
bike,dune_bayes,69,mean,10.349392318725586,10.869741439819336,11.396105813980101
bike,dune_bayes,70,mean,9.796070384979249,10.313999652862549,10.872634029388427
bike,dune_bayes,71,mean,9.311805629730225,9.802561283111572,10.381758880615234
bike,dune_bayes,72,mean,9.216492509841919,9.707195281982422,10.278867864608765
bike,dune_bayes,73,mean,9.521998929977418,10.028785705566406,10.587872171401978
bike,dune_bayes,74,mean,9.59171233177185,10.099236011505127,10.670956802368163
bike,dune_bayes,75,mean,9.187304019927979,9.660422325134277,10.227913284301758
bike,dune_bayes,76,mean,8.990722799301148,9.450721263885498,10.035904121398925
bike,dune_bayes,77,mean,8.636790895462036,9.115643978118896,9.726361560821534
bike,dune_bayes,78,mean,8.214816808700562,8.699028968811035,9.2879337310791
bike,dune_bayes,79,mean,8.32677936553955,8.80803108215332,9.400477457046508
bike,dune_bayes,80,mean,10.98420329093933,11.522799015045166,12.023873329162598
bike,dune_bayes,81,mean,10.722126150131226,11.22704553604126,11.712116861343384
bike,dune_bayes,82,mean,10.326011228561402,10.932775020599365,11.461572456359864
bike,dune_bayes,83,mean,10.816042280197143,11.343884468078613,11.843425369262695
bike,dune_bayes,84,mean,10.614472723007202,11.167899131774902,11.746547746658324
bike,dune_bayes,85,mean,10.764729738235474,11.282633781433105,11.780947351455689
bike,dune_bayes,86,mean,8.431312990188598,8.928577899932861,9.519052553176879
bike,dune_bayes,87,mean,10.19459671974182,10.761381149291992,11.283277130126953
bike,dune_bayes,88,mean,10.172269535064697,10.857262134552002,11.457947206497192
bike,dune_bayes,89,mean,10.482112407684326,11.179466724395752,11.794141292572021
bike,dune_bayes,90,mean,9.647383117675782,10.32291030883789,10.926162719726562
bike,dune_bayes,91,mean,9.790075397491455,10.427221298217773,11.015442895889283
bike,dune_bayes,92,mean,8.937129545211793,9.473741054534912,10.069274663925171
bike,dune_bayes,93,mean,9.017765617370605,9.622889518737793,10.249812364578247
bike,dune_bayes,94,mean,9.062289476394653,9.610310077667236,10.216995429992675
bike,dune_bayes,95,mean,8.745501804351807,9.28950834274292,9.892113971710204
bike,dune_bayes,96,mean,8.87232527732849,9.423667907714844,10.03342399597168
bike,dune_bayes,97,mean,8.968790245056152,9.513662338256836,10.180418920516967
bike,dune_bayes,98,mean,9.374453258514404,9.922717571258545,10.597746992111206
bike,dune_bayes,99,mean,8.95700969696045,9.489222526550293,10.072333478927613
bike,dune_bayes,100,mean,8.931703805923462,9.480687618255615,10.080652618408203
bike,dune_bayes,101,mean,8.314969444274903,8.834565162658691,9.488190603256225
bike,dune_bayes,102,mean,8.60953049659729,9.112857818603516,9.711295890808104
bike,dune_bayes,103,mean,9.682027816772461,10.337712287902832,11.021584939956664
bike,dune_bayes,104,mean,10.061156845092773,10.651472091674805,11.285311460494995
bike,dune_bayes,105,mean,9.87570505142212,10.437438011169434,10.972851610183715
bike,dune_bayes,106,mean,9.514213275909423,10.030925273895264,10.584910869598389
bike,dune_bayes,107,mean,9.24353289604187,9.725170135498047,10.277497911453247
bike,dune_bayes,108,mean,8.802700996398926,9.311110019683838,9.892536497116089
bike,dune_bayes,109,mean,9.001825189590454,9.476320266723633,10.044232225418089
bike,dune_bayes,110,mean,9.991583061218261,10.487185001373291,11.015926694869995
bike,dune_bayes,111,mean,10.527079582214355,11.072184085845947,11.651570034027099
bike,dune_bayes,112,mean,10.745219612121582,11.291110038757324,11.863404178619385
bike,dune_bayes,113,mean,9.58631672859192,10.048055648803711,10.587640094757079
bike,dune_bayes,114,mean,8.673969507217407,9.188881874084473,9.768405485153197
bike,dune_bayes,115,mean,8.31547703742981,8.867746829986572,9.45775580406189
bike,dune_bayes,116,mean,8.330187368392945,8.870118141174316,9.460381460189819
bike,dune_bayes,117,mean,10.151097631454467,10.657135486602783,11.158798122406004
bike,dune_bayes,118,mean,9.255436658859253,9.760953426361084,10.308994436264038
bike,dune_bayes,119,mean,8.88791618347168,9.388776302337646,9.966541290283203
bike,dune_bayes,120,mean,9.075764417648315,9.544687747955322,10.121115732192994
bike,dune_bayes,121,mean,7.911548280715943,8.398514747619629,8.994416475296019
bike,dune_bayes,122,mean,8.075607347488404,8.615214824676514,9.275218820571899
bike,dune_bayes,123,mean,9.330178833007812,9.788003921508789,10.348271799087524
bike,dune_bayes,124,mean,10.111846876144408,10.61058521270752,11.115963888168334
bike,dune_bayes,125,mean,9.006500339508056,9.485421657562256,10.036264324188233
bike,dune_bayes,126,mean,8.812873840332031,9.292582988739014,9.880811834335328
bike,dune_bayes,127,mean,9.551402711868286,10.017377853393555,10.569084739685058
bike,dune_bayes,128,mean,9.026619482040406,9.54106855392456,10.150422859191893
bike,dune_bayes,129,mean,7.871656847000122,8.353123664855957,8.952238130569457
bike,dune_bayes,130,mean,7.589193344116211,8.101961135864258,8.742452192306517
bike,dune_bayes,131,mean,7.133020257949829,7.668967962265015,8.318972206115722
bike,dune_bayes,132,mean,9.802178764343262,10.279929637908936,10.816652965545654
bike,dune_bayes,133,mean,9.459216594696045,10.004286766052246,10.544764375686645
bike,dune_bayes,134,mean,9.547382307052612,10.054560661315918,10.583216285705566
bike,dune_bayes,135,mean,9.458111715316772,9.964552879333496,10.519521141052246
bike,dune_bayes,136,mean,7.440088820457459,7.991358757019043,8.683544826507568
bike,dune_bayes,137,mean,7.955401825904846,8.49812364578247,9.163965559005737
bike,dune_bayes,138,mean,8.555676698684692,9.023967742919922,9.623499488830566
bike,dune_bayes,139,mean,8.431312990188598,8.928577899932861,9.519052553176879
bike,dune_bayes,140,mean,8.14979829788208,8.635871887207031,9.22674708366394
bike,dune_bayes,141,mean,8.214816808700562,8.699028968811035,9.2879337310791
bike,dune_bayes,142,mean,8.323078155517578,8.81070852279663,9.426593685150145
bike,dune_bayes,143,mean,8.323078155517578,8.81070852279663,9.426593685150145
bike,dune_bayes,144,mean,9.016931581497193,9.48447036743164,10.044834089279174
bike,dune_bayes,145,mean,9.876631021499634,10.4440598487854,10.965789079666138
bike,dune_bayes,146,mean,10.907459402084351,11.57805871963501,12.189991140365601
bike,dune_bayes,147,mean,11.09300675392151,11.808354377746582,12.415930891036986
bike,dune_bayes,148,mean,10.274701070785522,10.994086265563965,11.626283454895018
bike,dune_bayes,149,mean,10.200496673583984,10.912181854248047,11.540404939651488
bike,dune_bayes,150,mean,9.98558692932129,10.5637526512146,11.108079481124877
bike,dune_bayes,151,mean,10.465505456924438,11.018105030059814,11.547213506698608
bike,dune_bayes,152,mean,9.218744850158691,9.71825885772705,10.252586793899535
bike,dune_bayes,153,mean,8.767853260040283,9.25273084640503,9.832450723648071
bike,dune_bayes,154,mean,8.574409008026123,9.04638385772705,9.648853111267089
bike,dune_bayes,155,mean,10.816042280197143,11.343884468078613,11.843425369262695
bike,dune_bayes,156,mean,11.103592538833619,11.646134853363037,12.136687850952148
bike,dune_bayes,157,mean,9.83808970451355,10.321137428283691,10.854616928100587
bike,dune_bayes,158,mean,8.784186792373657,9.237095355987549,9.780924224853516
bike,dune_bayes,159,mean,6.975024890899658,7.533154249191284,8.154400634765626
bike,dune_bayes,160,mean,7.244040703773498,7.7907631397247314,8.35243134498596
bike,dune_bayes,161,mean,7.454472398757934,8.007590293884277,8.574368095397949
bike,dune_bayes,162,mean,7.954855942726136,8.60323715209961,9.21723985671997
bike,dune_bayes,163,mean,7.534830045700073,8.068492412567139,8.625738859176636
bike,dune_bayes,164,mean,9.668983459472656,10.13805341720581,10.662805223464966
bike,dune_bayes,165,mean,10.234388160705567,10.721001625061035,11.234561777114868
bike,dune_bayes,166,mean,10.179137086868286,10.682552337646484,11.278504848480225
bike,dune_bayes,167,mean,10.01077823638916,10.472784519195557,11.000094270706176
bike,dune_bayes,168,mean,9.561149978637696,10.036184310913086,10.562081146240233
bike,dune_bayes,169,mean,8.819422960281372,9.31987714767456,9.939411449432374
bike,dune_bayes,170,mean,7.057275700569153,7.624177694320679,8.319642066955566
bike,dune_bayes,171,mean,9.26107897758484,9.728004455566406,10.283160495758056
bike,dune_bayes,172,mean,11.004846382141114,11.495572566986084,11.97517466545105
bike,dune_bayes,173,mean,9.683884716033935,10.184831619262695,10.760067892074584
bike,dune_bayes,174,mean,9.683884716033935,10.184831619262695,10.760067892074584
bike,dune_bayes,175,mean,8.50999183654785,9.049017906188965,9.686387538909912
bike,dune_bayes,176,mean,10.294635772705078,10.98045015335083,11.57119402885437
bike,dune_bayes,177,mean,10.75081925392151,11.409879207611084,11.970516300201416
bike,dune_bayes,178,mean,10.155425405502319,10.853983402252197,11.468422794342041
bike,dune_bayes,179,mean,8.660909414291382,9.13710069656372,9.731059741973876
bike,dune_bayes,180,mean,9.615179252624511,10.18859052658081,10.736105108261109
bike,dune_bayes,181,mean,10.907663536071777,11.518584728240967,12.035861063003539
bike,dune_bayes,182,mean,10.779309463500976,11.35121488571167,11.885432481765747
bike,dune_bayes,183,mean,9.299537420272827,9.82343053817749,10.3973699092865
bike,dune_bayes,184,mean,8.424588680267334,8.996913433074951,9.587031507492066
bike,dune_bayes,185,mean,8.081619358062744,8.63042688369751,9.260651922225952
bike,dune_bayes,186,mean,11.103516960144043,11.69324016571045,12.268843793869019
bike,dune_bayes,187,mean,9.7874427318573,10.288993835449219,10.812501907348633
bike,dune_bayes,188,mean,7.4748602390289305,7.989305019378662,8.63919768333435
bike,dune_bayes,189,mean,7.351768159866333,7.87788462638855,8.541748332977296
bike,dune_bayes,190,mean,7.96132116317749,8.449349880218506,9.068978023529052
bike,dune_bayes,191,mean,7.686911082267761,8.174397945404053,8.770844411849975
bike,dune_bayes,192,mean,10.475710773468018,11.142270565032959,11.768992519378662
bike,dune_bayes,193,mean,10.54949312210083,11.100647926330566,11.66133770942688
bike,dune_bayes,194,mean,9.63568434715271,10.122072696685791,10.663475942611694
bike,dune_bayes,195,mean,8.936661720275879,9.413002490997314,9.988753700256348
bike,dune_bayes,196,mean,8.83401017189026,9.291363716125488,9.858985805511475
bike,dune_bayes,197,mean,10.46996717453003,10.996879577636719,11.551222085952759
bike,dune_bayes,198,mean,11.503257989883423,12.0595064163208,12.60015664100647
bike,dune_bayes,199,mean,11.44639868736267,11.999791622161865,12.538996696472168
bike,dune_bayes,200,mean,11.386423873901368,11.913557052612305,12.4264910697937
bike,dune_bayes,201,mean,11.251465463638306,11.804584980010986,12.300395917892455
bike,dune_bayes,202,mean,12.930589866638183,13.485483646392822,13.932145261764527
bike,dune_bayes,203,mean,12.676053905487061,13.330095291137695,13.922657203674316
bike,dune_bayes,204,mean,11.44645643234253,12.175944805145264,12.856178617477417
bike,dune_bayes,205,mean,10.835014486312867,11.570744037628174,12.271641635894774
bike,dune_bayes,206,mean,10.52643666267395,11.328222274780273,12.126442098617554
bike,dune_bayes,207,mean,10.75649356842041,11.452811241149902,12.038033628463744
bike,dune_bayes,208,mean,11.334054517745972,11.91303539276123,12.428106498718261
bike,dune_bayes,209,mean,11.491674566268921,12.05963659286499,12.574956893920898
bike,dune_bayes,210,mean,11.985454034805297,12.569070816040039,13.053600645065307
bike,dune_bayes,211,mean,11.332903861999512,11.861454963684082,12.3762619972229
bike,dune_bayes,212,mean,10.29444751739502,10.825968265533447,11.366009712219238
bike,dune_bayes,213,mean,12.38950023651123,13.034380912780762,13.581038331985473
bike,dune_bayes,214,mean,11.815158605575562,12.314067840576172,12.792734622955322
bike,dune_bayes,215,mean,11.34729528427124,11.848947525024414,12.320394277572632
bike,dune_bayes,216,mean,10.987612676620483,11.48048448562622,11.962335205078125
bike,dune_bayes,217,mean,10.971703338623048,11.447150707244873,11.911264085769654
bike,dune_bayes,218,mean,12.252345418930053,12.732095718383789,13.180368661880493
bike,dune_bayes,219,mean,12.726410341262817,13.236925601959229,13.681575155258178
bike,dune_bayes,220,mean,12.788733100891113,13.351133346557617,13.79944839477539
bike,dune_bayes,221,mean,11.603031301498413,12.120658874511719,12.60985245704651
bike,dune_bayes,222,mean,12.688369274139404,13.175684452056885,13.619193887710571
bike,dune_bayes,223,mean,13.248818397521973,13.851038932800293,14.330673027038575
bike,dune_bayes,224,mean,12.131369352340698,12.78086805343628,13.366814661026
bike,dune_bayes,225,mean,11.361382341384887,12.090575218200684,12.814824628829955
bike,dune_bayes,226,mean,11.761729288101197,12.521237850189209,13.264899492263794
bike,dune_bayes,227,mean,11.277288913726807,11.792399406433105,12.28687915802002
bike,dune_bayes,228,mean,11.047738552093506,11.583547115325928,12.134345293045044
bike,dune_bayes,229,mean,10.165248250961303,10.633476734161377,11.138582324981689
bike,dune_bayes,230,mean,10.798793363571168,11.344051837921143,11.891601514816283
bike,dune_bayes,231,mean,10.450973320007325,10.998746395111084,11.620956134796142
bike,dune_bayes,232,mean,11.730095529556275,12.285449981689453,12.815820455551147
bike,dune_bayes,233,mean,8.885118770599366,9.407666206359863,9.955167722702026
bike,dune_bayes,234,mean,8.964578199386597,9.580263137817383,10.168321180343627
bike,dune_bayes,235,mean,8.997944641113282,9.585415840148926,10.168936061859132
bike,dune_bayes,236,mean,8.54956021308899,9.198201179504395,9.800817155838013
bike,dune_bayes,237,mean,10.32389006614685,10.843798637390137,11.360494756698609
bike,dune_bayes,238,mean,10.335900115966798,10.901520252227783,11.419707250595092
bike,dune_bayes,239,mean,10.224237298965454,10.790835857391357,11.310812759399413
bike,dune_bayes,240,mean,9.587335062026977,10.114737510681152,10.656979227066039
bike,dune_bayes,241,mean,10.584856986999512,11.11161184310913,11.650901842117309
bike,dune_bayes,242,mean,9.966671991348267,10.476898670196533,10.989745235443115
bike,dune_bayes,243,mean,9.781056785583496,10.278264045715332,10.803059720993042
bike,dune_bayes,244,mean,9.490658044815063,9.989010334014893,10.527418613433838
bike,dune_bayes,245,mean,10.923945903778076,11.432404518127441,11.900318670272826
bike,dune_bayes,246,mean,9.090197610855103,9.60463809967041,10.138902091979979
bike,dune_bayes,247,mean,9.044253206253051,9.605666160583496,10.17638692855835
bike,dune_bayes,248,mean,9.428738641738892,9.927557468414307,10.438937997817993
bike,dune_bayes,249,mean,8.774461317062379,9.254686832427979,9.847401237487793
bike,dune_bayes,250,mean,9.09045696258545,9.555980205535889,10.124626302719117
bike,dune_bayes,251,mean,10.646576356887817,11.301288604736328,11.866156530380248
bike,dune_bayes,252,mean,10.551657485961915,11.269887447357178,11.942009830474852
bike,dune_bayes,253,mean,10.533254432678223,11.203289031982422,11.775800800323484
bike,dune_bayes,254,mean,9.839559888839721,10.374979972839355,10.914639282226563
bike,dune_bayes,255,mean,9.188442373275757,9.675529479980469,10.24404706954956
bike,dune_bayes,256,mean,9.744056034088135,10.22290849685669,10.764205360412598
bike,dune_bayes,257,mean,9.9719153881073,10.465957164764404,11.077963542938232
bike,dune_bayes,258,mean,8.069404697418213,8.552733421325684,9.120506763458252
bike,dune_bayes,259,mean,8.190591764450073,8.688424110412598,9.28920545578003
bike,dune_bayes,260,mean,11.465326929092408,11.954095840454102,12.436787223815918
bike,dune_bayes,261,mean,10.852868366241456,11.32330846786499,11.79326500892639
bike,dune_bayes,262,mean,11.796624660491943,12.289374351501465,12.77610592842102
bike,dune_bayes,263,mean,9.888846015930175,10.460269927978516,10.985289239883421
bike,dune_bayes,264,mean,10.891208696365357,11.448350429534912,11.94762921333313
bike,dune_bayes,265,mean,11.084568405151368,11.604894638061523,12.10496335029602
bike,dune_bayes,266,mean,11.306617546081544,11.823713779449463,12.321905088424682
bike,dune_bayes,267,mean,9.902377319335937,10.435781955718994,10.983505249023436
bike,dune_bayes,268,mean,9.91008472442627,10.388916015625,10.92747220993042
bike,dune_bayes,269,mean,9.614902925491332,10.081562519073486,10.63581976890564
bike,dune_bayes,270,mean,9.91336793899536,10.430881977081299,10.949923753738403
bike,dune_bayes,271,mean,12.254799842834473,12.820688724517822,13.328644275665283
bike,dune_bayes,272,mean,12.917625999450683,13.507582187652588,13.9773699760437
bike,dune_bayes,273,mean,13.090066385269164,13.696922779083252,14.197955989837647
bike,dune_bayes,274,mean,11.780979251861572,12.422258377075195,12.982310056686401
bike,dune_bayes,275,mean,11.606210803985595,12.275440216064453,12.859830331802367
bike,dune_bayes,276,mean,10.223191452026366,10.821592807769775,11.367985582351684
bike,dune_bayes,277,mean,10.406795358657837,10.996123790740967,11.517529106140136
bike,dune_bayes,278,mean,10.745066785812378,11.353028774261475,11.940504693984986
bike,dune_bayes,279,mean,10.873730897903442,11.475175857543945,12.05999550819397
bike,dune_bayes,280,mean,10.925901651382446,11.543985366821289,12.064395332336426
bike,dune_bayes,281,mean,9.557228946685791,10.047404289245605,10.574738407135008
bike,dune_bayes,282,mean,9.871567487716675,10.366378784179688,10.889926433563232
bike,dune_bayes,283,mean,10.123424339294434,10.633479118347168,11.145751667022704
bike,dune_bayes,284,mean,11.565389060974121,12.12105417251587,12.613123321533203
bike,dune_bayes,285,mean,11.248662662506103,11.763766765594482,12.245410490036011
bike,dune_bayes,286,mean,10.059657192230224,10.52786922454834,11.057185459136964
bike,dune_bayes,287,mean,8.435964393615723,8.929335117340088,9.45581202507019
bike,dune_bayes,288,mean,11.008399724960327,11.52389907836914,12.017258071899414
bike,dune_bayes,289,mean,10.539991855621338,11.0767240524292,11.558165311813354
bike,dune_bayes,290,mean,9.46386981010437,9.950275897979736,10.48116683959961
bike,dune_bayes,291,mean,9.203207540512086,9.748418807983398,10.297213792800903
bike,dune_bayes,292,mean,8.853968334197997,9.429154872894287,9.970474672317504
bike,dune_bayes,293,mean,8.452288484573364,8.983213901519775,9.535894203186036
bike,dune_bayes,294,mean,8.574469327926636,9.103342533111572,9.64687728881836
bike,dune_bayes,295,mean,8.088043928146362,8.623868465423584,9.172948503494263
bike,dune_bayes,296,mean,7.926982975006103,8.510494709014893,9.096862077713013
bike,dune_bayes,297,mean,7.610681366920471,8.32090139389038,8.97737350463867
bike,dune_bayes,298,mean,7.601655673980713,8.253414154052734,8.842077159881592
bike,dune_bayes,299,mean,8.567603397369385,9.28945779800415,9.994080066680908
bike,dune_bayes,300,mean,9.074384689331055,9.67856740951538,10.306478500366211
bike,dune_bayes,301,mean,11.655831289291381,12.27221393585205,12.805591678619384
bike,dune_bayes,302,mean,9.321864748001099,9.862658023834229,10.444661092758178
bike,dune_bayes,303,mean,9.31068787574768,9.783826351165771,10.34599871635437
bike,dune_bayes,304,mean,10.151097631454467,10.657135486602783,11.158798122406004
bike,dune_bayes,305,mean,11.778331804275513,12.30845594406128,12.780065965652465
bike,dune_bayes,306,mean,10.858187007904053,11.374099731445312,11.86748251914978
bike,dune_bayes,307,mean,9.45360083580017,9.945522785186768,10.487733936309814
bike,dune_bayes,308,mean,9.006428527832032,9.469356536865234,10.04988203048706
bike,dune_bayes,309,mean,8.676967573165893,9.149759292602539,9.736229467391968
bike,dune_bayes,310,mean,10.396701097488403,10.895647525787354,11.387980127334595
bike,dune_bayes,311,mean,9.262071323394775,9.731410026550293,10.283331632614136
bike,dune_bayes,312,mean,12.934410667419433,13.590856552124023,14.113370847702024
bike,dune_bayes,313,mean,12.157483434677124,12.718369960784912,13.273172044754029
bike,dune_bayes,314,mean,8.46979660987854,8.962966442108154,9.558951473236084
bike,dune_bayes,315,mean,8.502939033508301,8.994776725769043,9.588473892211914
bike,dune_bayes,316,mean,9.792586851119996,10.249846935272217,10.797806882858277
bike,dune_bayes,317,mean,9.939211130142212,10.426592350006104,10.957863998413085
bike,dune_bayes,318,mean,11.145453596115113,11.654234409332275,12.135434865951538
bike,dune_bayes,319,mean,11.223236083984375,11.79073190689087,12.286287593841552
bike,dune_bayes,320,mean,10.72497844696045,11.225146770477295,11.715534830093384
bike,dune_bayes,321,mean,9.342897129058837,9.808831691741943,10.336658716201782
bike,dune_bayes,322,mean,9.06035132408142,9.520716667175293,10.063491821289062
bike,dune_bayes,323,mean,11.405752897262573,12.02600383758545,12.632427835464478
bike,dune_bayes,324,mean,10.808136081695556,11.280099868774414,11.751000165939331
bike,dune_bayes,325,mean,10.404951477050782,10.89146089553833,11.41909327507019
bike,dune_bayes,326,mean,9.819331550598145,10.306832790374756,10.891696357727051
bike,dune_bayes,327,mean,9.836539936065673,10.293406963348389,10.82854995727539
bike,dune_bayes,328,mean,10.07687087059021,10.548089981079102,11.063118934631348
bike,dune_bayes,329,mean,9.411825180053711,9.878843307495117,10.477332210540771
bike,dune_bayes,330,mean,11.12921438217163,11.62385892868042,12.135798692703247
bike,dune_bayes,331,mean,11.480929851531982,12.0595064163208,12.629688453674316
bike,dune_bayes,332,mean,9.855494356155395,10.331829071044922,10.859109163284302
bike,dune_bayes,333,mean,9.920900344848633,10.399118900299072,10.916831684112548
bike,dune_bayes,334,mean,11.562879180908203,12.104303359985352,12.587547206878662
bike,dune_bayes,335,mean,11.127439403533936,11.634650230407715,12.108879613876343
bike,dune_bayes,336,mean,11.498175477981567,12.053197860717773,12.525709390640259
bike,dune_bayes,337,mean,10.286348628997803,10.759293556213379,11.275356149673462
bike,dune_bayes,338,mean,8.438480234146118,8.98165225982666,9.565932273864746
bike,dune_bayes,339,mean,8.308940553665161,8.808309555053711,9.41894702911377
bike,dune_bayes,340,mean,8.642226076126098,9.132321834564209,9.720267629623413
bike,dune_bayes,341,mean,10.389303064346313,10.862635135650635,11.351871442794799
bike,dune_bayes,342,mean,11.596822452545165,12.070804119110107,12.52115626335144
bike,dune_bayes,343,mean,9.793264865875244,10.227842807769775,10.773570871353149
bike,dune_bayes,344,mean,12.234880495071412,12.700193405151367,13.153463745117188
bike,dune_bayes,345,mean,12.131779432296753,12.64299201965332,13.127349281311036
bike,dune_bayes,346,mean,11.053477334976197,11.532969951629639,11.992181062698364
bike,dune_bayes,347,mean,11.012841749191285,11.475180625915527,11.947245550155639
bike,dune_bayes,348,mean,10.837047958374024,11.294909954071045,11.77091064453125
bike,dune_bayes,349,mean,13.047076177597045,13.637006759643555,14.147470283508301
bike,dune_bayes,350,mean,11.444572591781617,12.03391170501709,12.625259923934935
bike,dune_bayes,351,mean,11.551435041427613,12.17354679107666,12.797764921188355
bike,dune_bayes,352,mean,11.846307802200318,12.486567497253418,13.119957304000854
bike,dune_bayes,353,mean,10.089395523071289,10.573570251464844,11.085972452163697
bike,dune_bayes,354,mean,10.096133375167847,10.591866493225098,11.201125240325927
bike,dune_bayes,355,mean,10.800651788711548,11.296323299407959,11.822259283065796
bike,dune_bayes,356,mean,11.066934061050414,11.644448280334473,12.202765893936157
bike,dune_bayes,357,mean,9.640435409545898,10.129944801330566,10.649867963790893
bike,dune_bayes,358,mean,9.905843544006348,10.373221397399902,10.901218557357788
bike,dune_bayes,359,mean,10.753331851959228,11.258073806762695,11.71703119277954
bike,dune_bayes,360,mean,10.57283706665039,11.043352603912354,11.516458702087402
bike,dune_bayes,361,mean,9.394773960113525,9.875054359436035,10.42729434967041
bike,dune_bayes,362,mean,9.652196168899536,10.126026153564453,10.676546955108643
bike,dune_bayes,363,mean,11.687945032119751,12.223721027374268,12.719825077056885
bike,dune_bayes,364,mean,11.613187456130982,12.087167263031006,12.556442356109619
bike,dune_bayes,365,mean,11.560178184509278,12.109443187713623,12.615688228607178
bike,dune_bayes,366,mean,9.262071323394775,9.731410026550293,10.283331632614136
bike,dune_bayes,367,mean,8.892547369003296,9.361599922180176,9.932782793045044
bike,dune_bayes,368,mean,8.445912933349609,8.964570999145508,9.542685890197754
bike,dune_bayes,369,mean,8.691617012023926,9.187315940856934,9.775466203689575
bike,dune_bayes,370,mean,10.0381498336792,10.574154376983643,11.093168544769288
bike,dune_bayes,371,mean,10.059657192230224,10.52786922454834,11.057185459136964
bike,dune_bayes,372,mean,9.489021301269531,9.961829662322998,10.516306924819945
bike,dune_bayes,373,mean,9.31068787574768,9.783826351165771,10.34599871635437
bike,dune_bayes,374,mean,11.381946992874145,12.002182483673096,12.54587721824646
bike,dune_bayes,375,mean,11.201151943206787,11.76976490020752,12.25013780593872
bike,dune_bayes,376,mean,10.974571561813354,11.559730052947998,12.065494489669799
bike,dune_bayes,377,mean,11.159272813796997,11.699853420257568,12.20432252883911
bike,dune_bayes,378,mean,10.328568840026856,10.839658737182617,11.361395359039307
bike,dune_bayes,379,mean,10.328568840026856,10.839658737182617,11.361395359039307
bike,dune_bayes,380,mean,10.250840282440185,10.75622034072876,11.287226152420043
bike,dune_bayes,381,mean,9.807439661026,10.294463157653809,10.819680738449096
bike,dune_bayes,382,mean,10.624738359451294,11.140571117401123,11.659816074371339
bike,dune_bayes,383,mean,10.506970882415771,11.058519840240479,11.685549211502074
bike,dune_bayes,384,mean,10.19474263191223,10.705639362335205,11.232364082336426
bike,dune_bayes,385,mean,10.304106187820434,10.841939449310303,11.37991418838501
bike,dune_bayes,386,mean,11.886009454727173,12.493473529815674,12.99530873298645
bike,dune_bayes,387,mean,11.653044080734253,12.222612380981445,12.717621421813964
bike,dune_bayes,388,mean,10.5596492767334,11.042208671569824,11.538905048370362
bike,dune_bayes,389,mean,10.238475036621093,10.767268180847168,11.307412862777708
bike,dune_bayes,390,mean,10.833223962783814,11.392304420471191,11.9566171169281
bike,dune_bayes,391,mean,10.764729738235474,11.282633781433105,11.780947351455689
bike,dune_bayes,392,mean,10.97157096862793,11.480393886566162,11.978704595565796
bike,dune_bayes,393,mean,10.959707546234132,11.45498514175415,11.942837905883788
bike,dune_bayes,394,mean,8.45192584991455,8.962746620178223,9.566224241256712
bike,dune_bayes,395,mean,8.419626665115356,8.904582977294922,9.502021694183348
bike,dune_bayes,396,mean,8.067491340637208,8.590601921081543,9.206816482543944
bike,dune_bayes,397,mean,8.576507139205933,9.082968711853027,9.691696262359619
bike,dune_bayes,398,mean,8.676326036453247,9.15026569366455,9.736914777755736
bike,dune_bayes,399,mean,9.051726722717286,9.511367797851562,10.08562798500061
bike,dune_bayes,400,mean,8.652312755584717,9.106918334960938,9.681591033935547
bike,dune_bayes,401,mean,8.707095527648926,9.207104682922363,9.803371858596801
bike,dune_bayes,402,mean,8.54811887741089,9.027166366577148,9.625111055374145
bike,dune_bayes,403,mean,8.4462721824646,8.936020851135254,9.542765522003172
bike,dune_bayes,404,mean,8.92240104675293,9.415702819824219,10.00056653022766
bike,dune_bayes,405,mean,11.223236083984375,11.79073190689087,12.286287593841552
bike,dune_bayes,406,mean,11.15102186203003,11.785031795501709,12.322708511352538
bike,dune_bayes,407,mean,10.8551775932312,11.35686445236206,11.839826107025146
bike,dune_bayes,408,mean,10.750498247146606,11.26249647140503,11.75320405960083
bike,dune_bayes,409,mean,9.03296947479248,9.485036849975586,10.054991292953492
bike,dune_bayes,410,mean,9.03296947479248,9.485036849975586,10.054991292953492
bike,dune_bayes,411,mean,10.31203260421753,10.841526985168457,11.36257004737854
bike,dune_bayes,412,mean,10.613982391357421,11.154200077056885,11.713304424285887
bike,dune_bayes,413,mean,9.104586219787597,9.56055498123169,10.123729372024535
bike,dune_bayes,414,mean,11.518023204803466,12.044834613800049,12.573505353927612
bike,dune_bayes,415,mean,10.530974531173706,11.019222736358643,11.501496315002441
bike,dune_bayes,416,mean,11.613187456130982,12.087167263031006,12.556442356109619
bike,dune_bayes,417,mean,12.75383563041687,13.332846641540527,13.852545642852784
bike,dune_bayes,418,mean,13.279295587539673,13.910873889923096,14.492653703689575
bike,dune_bayes,419,mean,12.206744146347045,12.805234432220459,13.320927906036376
bike,dune_bayes,420,mean,11.261306428909302,11.79462194442749,12.259332275390625
bike,dune_bayes,421,mean,10.185871505737305,10.698899745941162,11.19421648979187
bike,dune_bayes,422,mean,9.333078241348266,10.010977268218994,10.695387697219848
bike,dune_bayes,423,mean,11.402771759033204,12.030322551727295,12.555189609527588
bike,dune_bayes,424,mean,11.49932656288147,12.166282653808594,12.743699789047241
bike,dune_bayes,425,mean,11.259373235702515,11.804673671722412,12.287416219711304
bike,dune_bayes,426,mean,10.712867164611817,11.221049308776855,11.718110942840577
bike,dune_bayes,427,mean,10.113268756866455,10.61396837234497,11.1376371383667
bike,dune_bayes,428,mean,9.798466730117799,10.27649736404419,10.808921146392821
bike,dune_bayes,429,mean,11.847199773788452,12.450384140014648,12.98507800102234
bike,dune_bayes,430,mean,12.037508726119995,12.54826307296753,13.010804080963135
bike,dune_bayes,431,mean,12.024719381332398,12.691567420959473,13.298387813568116
bike,dune_bayes,432,mean,12.631580448150634,13.189417362213135,13.66052050590515
bike,dune_bayes,433,mean,12.142031240463258,12.669403076171875,13.145388174057006
bike,dune_bayes,434,mean,12.142031240463258,12.669403076171875,13.145388174057006
bike,dune_bayes,435,mean,10.587252283096314,11.060014247894287,11.539832830429077
bike,dune_bayes,436,mean,9.639993572235108,10.11641550064087,10.654477596282959
bike,dune_bayes,437,mean,11.203740644454957,11.664717674255371,12.124974346160888
bike,dune_bayes,438,mean,10.11304202079773,10.56378984451294,11.082485389709472
bike,dune_bayes,439,mean,8.961127090454102,9.463804721832275,10.006778287887572
bike,dune_bayes,440,mean,8.729404830932618,9.33329963684082,9.944508600234984
bike,dune_bayes,441,mean,8.829940748214721,9.333457946777344,9.90513186454773
bike,dune_bayes,442,mean,8.815633201599121,9.314404487609863,9.886982774734497
bike,dune_bayes,443,mean,8.67956256866455,9.164027690887451,9.70141282081604
bike,dune_bayes,444,mean,7.8233301639556885,8.370951175689697,8.89178819656372
bike,dune_bayes,445,mean,8.675244045257568,9.166441917419434,9.725073957443238
bike,dune_bayes,446,mean,8.733226823806763,9.253363132476807,9.834995412826538
bike,dune_bayes,447,mean,9.100108957290649,9.581984996795654,10.138897085189818
bike,dune_bayes,448,mean,9.132302570343018,9.616255760192871,10.176679563522338
bike,dune_bayes,449,mean,9.195658636093139,9.677472591400146,10.239385652542115
bike,dune_bayes,450,mean,8.820430850982666,9.307973384857178,9.87687907218933
bike,dune_bayes,451,mean,8.910956382751465,9.405884265899658,9.961301898956298
bike,dune_bayes,452,mean,10.572575759887695,11.056187629699707,11.561090183258056
bike,dune_bayes,453,mean,9.66570873260498,10.139324188232422,10.675075769424438
bike,dune_bayes,454,mean,9.314636516571046,9.784103393554688,10.291241359710693
bike,dune_bayes,455,mean,9.715987205505371,10.187387943267822,10.704447078704833
bike,dune_bayes,456,mean,10.851033115386963,11.345553398132324,11.803121089935303
bike,dune_bayes,457,mean,12.730991506576538,13.395446300506592,14.02546992301941
bike,dune_bayes,458,mean,11.38840456008911,11.860938549041748,12.315109968185423
bike,dune_bayes,459,mean,10.634443855285644,11.115849494934082,11.577255392074584
bike,dune_bayes,460,mean,9.412313222885132,9.90268611907959,10.408345699310303
bike,dune_bayes,461,mean,9.400666999816895,9.912039279937744,10.454813766479493
bike,dune_bayes,462,mean,8.807187747955322,9.312858581542969,9.852457666397095
bike,dune_bayes,463,mean,9.763604259490966,10.225179195404053,10.747965717315672
bike,dune_bayes,464,mean,11.172062587738036,11.666846752166748,12.127239513397218
bike,dune_bayes,465,mean,10.907208776473999,11.36312484741211,11.838053607940674
bike,dune_bayes,466,mean,10.508875036239624,10.958391189575195,11.477751016616821
bike,dune_bayes,467,mean,10.264453744888305,10.723982334136963,11.22094407081604
bike,dune_bayes,468,mean,12.719988870620728,13.235467433929443,13.685745906829833
bike,dune_bayes,469,mean,12.847611284255981,13.351070404052734,13.808927011489867
bike,dune_bayes,470,mean,12.619681644439698,13.1841402053833,13.67996335029602
bike,dune_bayes,471,mean,11.57508864402771,12.065238952636719,12.515968990325927
bike,dune_bayes,472,mean,10.161568021774292,10.662513256072998,11.233125782012939
bike,dune_bayes,473,mean,9.100108957290649,9.581984996795654,10.138897085189818
bike,dune_bayes,474,mean,10.671140241622926,11.180010795593262,11.680406761169433
bike,dune_bayes,475,mean,11.233367443084717,11.705701351165771,12.188096904754639
bike,dune_bayes,476,mean,9.753136396408081,10.280596733093262,10.816190338134765
bike,dune_bayes,477,mean,9.492066717147827,10.14179277420044,10.743386602401733
bike,dune_bayes,478,mean,10.140772199630737,10.609992504119873,11.126357984542846
bike,dune_bayes,479,mean,9.874459648132325,10.499512195587158,11.059438037872313
bike,dune_bayes,480,mean,11.992508268356323,12.571102142333984,13.167355346679686
bike,dune_bayes,481,mean,12.23334355354309,12.783222675323486,13.357455492019653
bike,dune_bayes,482,mean,12.206191062927246,12.841698169708252,13.437207460403442
bike,dune_bayes,483,mean,11.667189359664917,12.163349151611328,12.64501519203186
bike,dune_bayes,484,mean,11.76952896118164,12.268699169158936,12.702013492584229
bike,dune_bayes,485,mean,12.621034908294678,13.152830123901367,13.62684941291809
bike,dune_bayes,486,mean,12.483113336563111,12.970485210418701,13.430864667892456
bike,dune_bayes,487,mean,11.462872457504272,11.9105806350708,12.382229948043824
bike,dune_bayes,488,mean,11.469062519073486,11.979141235351562,12.479338312149048
bike,dune_bayes,489,mean,12.265886688232422,12.783286571502686,13.260494136810303
bike,dune_bayes,490,mean,9.821138048171997,10.314655780792236,10.842004108428956
bike,dune_bayes,491,mean,8.998986339569091,9.509798049926758,10.11905903816223
bike,dune_bayes,492,mean,9.108238935470581,9.624448299407959,10.229919576644898
bike,dune_bayes,493,mean,12.281445169448853,12.782727718353271,13.266522741317749
bike,dune_bayes,494,mean,11.538240480422974,12.039770126342773,12.50377206802368
bike,dune_bayes,495,mean,12.807843732833863,13.397966861724854,13.90145320892334
bike,dune_bayes,496,mean,13.20081787109375,13.83251667022705,14.381072950363158
bike,dune_bayes,497,mean,13.442003726959229,14.046670913696289,14.546608066558838
bike,dune_bayes,498,mean,13.099476432800293,13.626389980316162,14.079620599746704
bike,dune_bayes,499,mean,12.79023289680481,13.355485439300537,13.843875217437745
bike,dune_bayes,500,mean,12.524501276016235,13.091346740722656,13.590081787109375
bike,dune_bayes,501,mean,10.888212060928344,11.575035095214844,12.221329021453858
bike,dune_bayes,502,mean,11.296133708953857,11.966986656188965,12.549123430252076
bike,dune_bayes,503,mean,11.718363571166993,12.249890804290771,12.727624034881591
bike,dune_bayes,504,mean,12.233263778686524,12.723928451538086,13.18294186592102
bike,dune_bayes,505,mean,11.70190372467041,12.176328182220459,12.624432611465455
bike,dune_bayes,506,mean,11.147378253936768,11.67226505279541,12.163073635101318
bike,dune_bayes,507,mean,11.02681016921997,11.550014972686768,12.032857751846313
bike,dune_bayes,508,mean,11.007033491134644,11.50680923461914,11.997679853439331
bike,dune_bayes,509,mean,9.430973005294799,9.91471004486084,10.436187267303467
bike,dune_bayes,510,mean,9.294988489151,9.765841484069824,10.30919795036316
bike,dune_bayes,511,mean,7.911221170425415,8.432157516479492,8.970534181594848
bike,dune_bayes,512,mean,7.813700413703918,8.343195915222168,8.9180917263031
bike,dune_bayes,513,mean,7.993276047706604,8.51898193359375,9.081997966766357
bike,dune_bayes,514,mean,7.993276047706604,8.51898193359375,9.081997966766357
bike,dune_bayes,515,mean,8.202535438537598,8.735064506530762,9.244826126098632
bike,dune_bayes,516,mean,9.962768173217773,10.55857801437378,11.09132294654846
bike,dune_bayes,517,mean,10.859427881240844,11.424960136413574,11.964174175262452
bike,dune_bayes,518,mean,9.77088222503662,10.263696193695068,10.770206403732299
bike,dune_bayes,519,mean,9.076964521408081,9.607654571533203,10.13907561302185
bike,dune_bayes,520,mean,9.076964521408081,9.607654571533203,10.13907561302185
bike,dune_bayes,521,mean,9.076964521408081,9.607654571533203,10.13907561302185
bike,dune_bayes,522,mean,9.403625202178954,9.919851303100586,10.412973499298095
bike,dune_bayes,523,mean,11.532453298568726,12.042487621307373,12.55817198753357
bike,dune_bayes,524,mean,11.868657445907592,12.418642520904541,12.947682619094849
bike,dune_bayes,525,mean,12.044095754623413,12.580623626708984,13.123721075057983
bike,dune_bayes,526,mean,11.641820478439332,12.159948825836182,12.660673379898071
bike,dune_bayes,527,mean,11.466906929016114,12.007920742034912,12.544865036010743
bike,dune_bayes,528,mean,9.542367315292358,10.064263343811035,10.611635208129883
bike,dune_bayes,529,mean,9.542367315292358,10.064263343811035,10.611635208129883
bike,dune_bayes,530,mean,9.182362794876099,9.721922397613525,10.325511789321899
bike,dune_bayes,531,mean,10.321680355072022,10.833990573883057,11.34015679359436
bike,dune_bayes,532,mean,11.638257026672363,12.124546527862549,12.583541297912598
bike,dune_bayes,533,mean,12.698068952560424,13.193660259246826,13.664663171768188
bike,dune_bayes,534,mean,11.79373893737793,12.290873050689697,12.763871431350708
bike,dune_bayes,535,mean,12.306630849838257,12.881725311279297,13.415314483642577
bike,dune_bayes,536,mean,12.541634559631348,13.081958293914795,13.573561334609986
bike,dune_bayes,537,mean,12.451800394058228,13.021402835845947,13.52590661048889
bike,dune_bayes,538,mean,11.634833574295044,12.179813861846924,12.669985008239745
bike,dune_bayes,539,mean,10.656705236434936,11.154170513153076,11.63735589981079
bike,dune_bayes,540,mean,11.401581716537475,11.92123556137085,12.358609676361084
bike,dune_bayes,541,mean,12.036518239974976,12.649777889251709,13.261607980728149
bike,dune_bayes,542,mean,11.152493047714234,11.71885347366333,12.24245743751526
bike,dune_bayes,543,mean,11.342652988433837,11.944106101989746,12.52273178100586
bike,dune_bayes,544,mean,11.323973655700684,11.826277732849121,12.272630167007446
bike,dune_bayes,545,mean,12.628423500061036,13.130358695983887,13.580621576309204
bike,dune_bayes,546,mean,12.344003582000733,12.823860168457031,13.251329278945922
bike,dune_bayes,547,mean,12.348052930831908,12.823752880096436,13.248953104019165
bike,dune_bayes,548,mean,12.401024007797242,12.866883277893066,13.31315484046936
bike,dune_bayes,549,mean,12.7480309009552,13.281403064727783,13.744128656387328
bike,dune_bayes,550,mean,11.979537677764892,12.473290920257568,12.984022188186644
bike,dune_bayes,551,mean,12.006524896621704,12.4998779296875,13.012251424789428
bike,dune_bayes,552,mean,10.24642071723938,10.730154037475586,11.250954627990723
bike,dune_bayes,553,mean,10.05325665473938,10.521137237548828,11.061503076553345
bike,dune_bayes,554,mean,10.191949844360352,10.66200304031372,11.178908681869506
bike,dune_bayes,555,mean,10.867968273162841,11.34465503692627,11.822823429107666
bike,dune_bayes,556,mean,10.531336116790772,11.008111000061035,11.518910598754882
bike,dune_bayes,557,mean,9.887308835983276,10.388959407806396,10.907168197631837
bike,dune_bayes,558,mean,9.491479206085206,9.9674973487854,10.522362184524535
bike,dune_bayes,559,mean,9.283985090255737,9.792371273040771,10.353778743743897
bike,dune_bayes,560,mean,10.000799083709717,10.492257595062256,11.001843643188476
bike,dune_bayes,561,mean,10.80420742034912,11.258124828338623,11.755863666534424
bike,dune_bayes,562,mean,10.55142617225647,11.023926734924316,11.495052051544189
bike,dune_bayes,563,mean,10.480404281616211,10.947086811065674,11.445950365066528
bike,dune_bayes,564,mean,10.402906942367554,10.916647911071777,11.387784051895142
bike,dune_bayes,565,mean,12.006132698059082,12.4761643409729,12.923260259628295
bike,dune_bayes,566,mean,11.647598314285279,12.133418560028076,12.59817852973938
bike,dune_bayes,567,mean,11.31397762298584,11.799608707427979,12.272708702087403
bike,dune_bayes,568,mean,12.138755369186402,12.77772045135498,13.372095251083374
bike,dune_bayes,569,mean,11.97027382850647,12.54606580734253,13.028314685821533
bike,dune_bayes,570,mean,10.875632762908936,11.362066268920898,11.83420181274414
bike,dune_bayes,571,mean,9.601870393753051,10.253838062286377,10.882223987579346
bike,dune_bayes,572,mean,9.02180619239807,9.59397029876709,10.17992844581604
bike,dune_bayes,573,mean,11.24781837463379,11.783732414245605,12.290079259872437
bike,dune_bayes,574,mean,10.971257591247559,11.431619644165039,11.912987327575683
bike,dune_bayes,575,mean,10.587252283096314,11.060014247894287,11.539832830429077
bike,dune_bayes,576,mean,10.499195623397828,10.963318347930908,11.46585202217102
bike,dune_bayes,577,mean,12.411559963226319,12.93976640701294,13.415455484390257
bike,dune_bayes,578,mean,12.603430223464965,13.191230297088623,13.685002136230468
bike,dune_bayes,579,mean,12.967249059677124,13.589138984680176,14.080923318862915
bike,dune_bayes,580,mean,12.481293773651123,12.970938682556152,13.424796962738037
bike,dune_bayes,581,mean,12.278003835678101,12.767025470733643,13.22219214439392
bike,dune_bayes,582,mean,9.661929082870483,10.117942333221436,10.671099662780762
bike,dune_bayes,583,mean,9.546346139907836,10.05045461654663,10.625699234008788
bike,dune_bayes,584,mean,10.462002182006836,10.92737102508545,11.408915758132935
bike,dune_bayes,585,mean,12.254343461990356,12.806585311889648,13.290304327011107
bike,dune_bayes,586,mean,12.7071768283844,13.277925968170166,13.761019802093506
bike,dune_bayes,587,mean,10.166195344924926,10.624574184417725,11.14751706123352
bike,dune_bayes,588,mean,10.770874166488648,11.25448751449585,11.740827560424805
bike,dune_bayes,589,mean,11.757234287261962,12.27501392364502,12.814566421508788
bike,dune_bayes,590,mean,11.911454677581787,12.408500671386719,12.894008684158326
bike,dune_bayes,591,mean,10.327449703216553,10.834888935089111,11.401511526107788
bike,dune_bayes,592,mean,10.098451614379883,10.564683437347412,11.10679612159729
bike,dune_bayes,593,mean,11.773354721069335,12.292454719543457,12.821227931976319
bike,dune_bayes,594,mean,11.812323570251465,12.322506427764893,12.842420816421509
bike,dune_bayes,595,mean,11.854430341720581,12.354644298553467,12.888445043563843
bike,dune_bayes,596,mean,10.248273515701294,10.70756196975708,11.226180505752563
bike,dune_bayes,597,mean,10.159598636627198,10.644690036773682,11.159175157546997
bike,dune_bayes,598,mean,9.108238935470581,9.624448299407959,10.229919576644898
bike,dune_bayes,599,mean,10.376644706726074,10.829197883605957,11.352238178253174
bike,dune_bayes,600,mean,10.83030595779419,11.301569938659668,11.76622896194458
bike,dune_bayes,601,mean,11.488253164291383,11.936578750610352,12.412590837478637
bike,dune_bayes,602,mean,12.688369274139404,13.175684452056885,13.619193887710571
bike,dune_bayes,603,mean,12.261375856399535,12.727462768554688,13.173864889144898
bike,dune_bayes,604,mean,11.291985321044923,11.762012004852295,12.233977222442627
bike,dune_bayes,605,mean,11.181416702270507,11.651346683502197,12.107194566726685
bike,dune_bayes,606,mean,12.32967677116394,12.886985301971436,13.392113208770752
bike,dune_bayes,607,mean,13.083641386032104,13.596790790557861,14.046505212783813
bike,dune_bayes,608,mean,11.65942668914795,12.179461002349854,12.68322229385376
bike,dune_bayes,609,mean,11.31569504737854,11.812270641326904,12.319420433044433
bike,dune_bayes,610,mean,11.535991764068603,12.034006595611572,12.497814273834228
bike,dune_bayes,611,mean,12.048088693618775,12.581101417541504,13.066545915603637
bike,dune_bayes,612,mean,12.549041795730592,13.083174705505371,13.545222234725951
bike,dune_bayes,613,mean,10.072756814956666,10.552821159362793,11.03737211227417
bike,dune_bayes,614,mean,9.821512603759766,10.302276611328125,10.832478809356688
bike,dune_bayes,615,mean,12.520389461517334,13.02148151397705,13.481754112243653
bike,dune_bayes,616,mean,12.32879867553711,12.813766479492188,13.258715915679932
bike,dune_bayes,617,mean,10.557998609542846,11.0469069480896,11.537857341766358
bike,dune_bayes,618,mean,10.557998609542846,11.0469069480896,11.537857341766358
bike,dune_bayes,619,mean,10.209192180633545,10.675837993621826,11.18543004989624
bike,dune_bayes,620,mean,10.209192180633545,10.675837993621826,11.18543004989624
bike,dune_bayes,621,mean,10.557998609542846,11.0469069480896,11.537857341766358
bike,dune_bayes,622,mean,10.607063961029052,11.083805084228516,11.567238044738769
bike,dune_bayes,623,mean,10.209192180633545,10.675837993621826,11.18543004989624
bike,dune_bayes,624,mean,9.912163496017456,10.394759178161621,10.908923435211182
bike,dune_bayes,625,mean,9.428826189041137,9.939282894134521,10.443451642990112
bike,dune_bayes,626,mean,9.47026743888855,9.977198600769043,10.469325971603393
bike,dune_bayes,627,mean,8.55724802017212,9.13343620300293,9.744785976409911
bike,dune_bayes,628,mean,10.615742540359497,11.115920543670654,11.632024717330932
bike,dune_bayes,629,mean,10.968319988250732,11.50340223312378,12.029740476608277
bike,dune_bayes,630,mean,11.003658819198609,11.480064392089844,11.988064241409301
bike,dune_bayes,631,mean,11.289041137695312,11.793456554412842,12.31451210975647
bike,dune_bayes,632,mean,10.025108242034912,10.516995906829834,11.030420875549316
bike,dune_bayes,633,mean,9.825461483001709,10.33711051940918,10.83124327659607
bike,dune_bayes,634,mean,9.898436737060546,10.387314319610596,10.90838189125061
bike,dune_bayes,635,mean,9.871745061874389,10.348196029663086,10.886068391799927
bike,dune_bayes,636,mean,10.295131969451905,10.778340339660645,11.286316013336181
bike,dune_bayes,637,mean,11.727350759506226,12.22464656829834,12.68056387901306
bike,dune_bayes,638,mean,12.196672868728637,12.733043670654297,13.221205472946165
bike,dune_bayes,639,mean,12.291827535629272,12.835953712463379,13.343439865112305
bike,dune_bayes,640,mean,11.256900596618653,11.752895832061768,12.193717861175537
bike,dune_bayes,641,mean,10.917012548446655,11.402087211608887,11.875389862060546
bike,dune_bayes,642,mean,10.375015354156494,10.912792682647705,11.451573419570924
bike,dune_bayes,643,mean,10.285839128494263,10.796855449676514,11.31897029876709
bike,dune_bayes,644,mean,10.062841367721557,10.545206069946289,11.037718439102173
bike,dune_bayes,645,mean,10.760936498641968,11.330310344696045,11.849012041091918
bike,dune_bayes,646,mean,11.891004419326782,12.468048572540283,12.977346754074096
bike,dune_bayes,647,mean,10.489859676361084,10.962812423706055,11.43676962852478
bike,dune_bayes,648,mean,10.494839668273926,10.979888916015625,11.457972288131714
bike,dune_bayes,649,mean,10.469248008728027,10.940598011016846,11.42284631729126
bike,dune_bayes,650,mean,10.069838953018188,10.565576553344727,11.082603597640992
bike,dune_bayes,651,mean,9.563860654830933,10.071625709533691,10.615849781036376
bike,dune_bayes,652,mean,10.577636289596558,11.072134017944336,11.546338319778442
bike,dune_bayes,653,mean,10.842305183410645,11.325262069702148,11.790252161026
bike,dune_bayes,654,mean,10.849287939071655,11.354947090148926,11.833935642242432
bike,dune_bayes,655,mean,9.769579696655274,10.293883323669434,10.825570011138916
bike,dune_bayes,656,mean,9.30956482887268,9.840206623077393,10.425118160247802
bike,dune_bayes,657,mean,11.875894021987914,12.353455066680908,12.836978960037232
bike,dune_bayes,658,mean,11.834901475906372,12.303040504455566,12.755092811584472
bike,dune_bayes,659,mean,11.09245023727417,11.571200847625732,12.023188638687133
bike,dune_bayes,660,mean,9.055973291397095,9.555115699768066,10.125294542312622
bike,dune_bayes,661,mean,9.85889549255371,10.349064826965332,10.870955324172973
bike,dune_bayes,662,mean,11.753426456451416,12.22280216217041,12.671297693252564
bike,dune_bayes,663,mean,12.284889507293702,12.787013530731201,13.25593671798706
bike,dune_bayes,664,mean,12.442334985733032,12.936606884002686,13.38596405982971
bike,dune_bayes,665,mean,12.30317850112915,12.791184902191162,13.22419867515564
bike,dune_bayes,666,mean,12.188143062591553,12.670787334442139,13.101324796676636
bike,dune_bayes,667,mean,10.753176259994508,11.267917156219482,11.783174467086791
bike,dune_bayes,668,mean,9.23820881843567,9.75175428390503,10.301231813430785
bike,dune_bayes,669,mean,10.555358791351319,11.010063171386719,11.52197060585022
bike,dune_bayes,670,mean,10.993584632873535,11.501235008239746,12.005014562606812
bike,dune_bayes,671,mean,11.801677656173705,12.278848648071289,12.774681186676025
bike,dune_bayes,672,mean,12.402045726776123,12.923719882965088,13.448858451843261
bike,dune_bayes,673,mean,11.361069488525391,11.819047927856445,12.349380636215209
bike,dune_bayes,674,mean,9.282440137863158,9.798646926879883,10.306575918197632
bike,dune_bayes,675,mean,9.663375043869019,10.160531997680664,10.678439092636108
bike,dune_bayes,676,mean,11.604254388809204,12.0678391456604,12.569027614593505
bike,dune_bayes,677,mean,10.94353427886963,11.417273044586182,11.922137928009032
bike,dune_bayes,678,mean,10.702353525161744,11.18907880783081,11.687177324295044
bike,dune_bayes,679,mean,11.757137870788574,12.25050973892212,12.706864166259765
bike,dune_bayes,680,mean,10.784617900848389,11.272694110870361,11.775147914886475
bike,dune_bayes,681,mean,10.439001941680909,10.93591022491455,11.43151888847351
bike,dune_bayes,682,mean,10.314577865600587,10.812077522277832,11.283921289443969
bike,dune_bayes,683,mean,12.634040594100952,13.216338157653809,13.749346113204956
bike,dune_bayes,684,mean,9.681164836883545,10.220529556274414,10.799805116653442
bike,dune_bayes,685,mean,10.285839128494263,10.796855449676514,11.31897029876709
bike,dune_bayes,686,mean,11.44332160949707,11.938510417938232,12.402074337005615
bike,dune_bayes,687,mean,12.625415277481078,13.130249500274658,13.587654161453248
bike,dune_bayes,688,mean,12.545465183258056,13.029796123504639,13.49904646873474
bike,dune_bayes,689,mean,11.910422468185425,12.410439491271973,12.879467678070068
bike,dune_bayes,690,mean,11.513978004455566,12.001979351043701,12.47065052986145
bike,dune_bayes,691,mean,10.171219062805175,10.71143388748169,11.2519935131073
bike,dune_bayes,692,mean,11.932326793670654,12.425106048583984,12.900981760025024
bike,dune_bayes,693,mean,12.468465614318848,12.967538833618164,13.419053030014037
bike,dune_bayes,694,mean,11.61201639175415,12.108614444732666,12.57962942123413
bike,dune_bayes,695,mean,11.67319393157959,12.185376644134521,12.63668155670166
bike,dune_bayes,696,mean,12.2193039894104,12.721727848052979,13.19654140472412
bike,dune_bayes,697,mean,12.766051387786865,13.285742282867432,13.754049825668334
bike,dune_bayes,698,mean,12.555027103424072,13.05492877960205,13.50568470954895
bike,dune_bayes,699,mean,13.02392635345459,13.53956127166748,14.016951179504394
bike,dune_bayes,700,mean,10.753894948959351,11.269766330718994,11.754635906219482
bike,dune_bayes,701,mean,10.35835576057434,10.88800048828125,11.410774755477906
bike,dune_bayes,702,mean,11.928441190719605,12.457507610321045,12.955292081832885
bike,dune_bayes,703,mean,12.140402841567994,12.684775352478027,13.215267848968505
bike,dune_bayes,704,mean,11.02787480354309,11.578883171081543,12.12719931602478
bike,dune_bayes,705,mean,9.967493391036987,10.483248710632324,11.004403972625733
bike,dune_bayes,706,mean,10.154187870025634,10.704370975494385,11.219782590866089
bike,dune_bayes,707,mean,9.822983980178833,10.37463665008545,10.885669612884522
bike,dune_bayes,708,mean,10.838767147064209,11.361248970031738,11.867537355422973
bike,dune_bayes,709,mean,10.09136266708374,10.623748779296875,11.12864441871643
bike,dune_bayes,710,mean,9.832378149032593,10.367780208587646,10.87001347541809
bike,dune_bayes,711,mean,9.620151472091674,10.168776988983154,10.68480167388916
bike,dune_bayes,712,mean,9.654143238067627,10.198196411132812,10.725607299804688
bike,dune_bayes,713,mean,11.858755016326905,12.419440746307373,12.984635829925537
bike,dune_bayes,714,mean,12.786275672912598,13.298070907592773,13.850038814544678
bike,dune_bayes,715,mean,11.269672107696532,11.781886577606201,12.284463262557983
bike,dune_bayes,716,mean,10.64510636329651,11.171472549438477,11.682245206832885
bike,dune_bayes,717,mean,11.214521503448486,11.729550838470459,12.231013965606689
bike,dune_bayes,718,mean,13.074186706542969,13.594007968902588,14.061320161819458
bike,dune_bayes,719,mean,13.359806776046753,13.901608943939209,14.389674949645995
bike,dune_bayes,720,mean,12.955775928497314,13.464667797088623,13.942102003097533
bike,dune_bayes,721,mean,12.924664783477784,13.424444675445557,13.89932622909546
bike,dune_bayes,722,mean,12.319619083404541,12.829813957214355,13.288116645812988
bike,dune_bayes,723,mean,10.582541894912719,11.11465311050415,11.621533918380738
bike,dune_bayes,724,mean,13.02827229499817,13.541138648986816,13.99956316947937
bike,dune_bayes,725,mean,13.293781518936157,13.824373722076416,14.309627199172974
bike,dune_bayes,726,mean,13.52644877433777,14.177870273590088,14.781564378738404
bike,dune_bayes,727,mean,13.146392345428467,13.679893970489502,14.14300241470337
bike,dune_bayes,728,mean,12.93433494567871,13.486326694488525,13.934485960006713
bike,dune_bayes,729,mean,12.667248058319093,13.145025730133057,13.587252998352051
bike,dune_bayes,730,mean,13.089640522003174,13.61005163192749,14.073013639450073
bike,dune_bayes,731,mean,13.450839757919312,14.012053489685059,14.509868478775024
bike,dune_bayes,732,mean,13.067899179458617,13.584953784942627,14.047652244567871
bike,dune_bayes,733,mean,12.391529035568237,12.909782886505127,13.406234884262084
bike,dune_bayes,734,mean,12.800574350357056,13.323437690734863,13.843077945709227
bike,dune_bayes,735,mean,12.0267963886261,12.549429416656494,13.075996112823486
bike,dune_bayes,736,mean,11.535584926605225,12.00193977355957,12.504101037979126
bike,dune_bayes,737,mean,11.289571380615234,11.754744052886963,12.256419324874878
bike,dune_bayes,738,mean,10.601554346084594,11.089237213134766,11.583222436904906
bike,dune_bayes,739,mean,11.723446798324584,12.199506282806396,12.742538547515869
bike,dune_bayes,740,mean,10.966847467422486,11.444148540496826,11.954667234420775
bike,dune_bayes,741,mean,10.750970029830933,11.260435581207275,11.78567476272583
bike,dune_bayes,742,mean,10.594519329071044,11.066506385803223,11.584075164794921
bike,dune_bayes,743,mean,10.400608205795288,10.917712211608887,11.421309852600098
bike,dune_bayes,744,mean,11.107446718215943,11.615073680877686,12.096948337554931
bike,dune_bayes,745,mean,13.599949073791503,14.130897521972656,14.618081998825073
bike,dune_bayes,746,mean,12.191046047210694,12.685787677764893,13.124293088912964
bike,dune_bayes,747,mean,11.792483568191528,12.294336318969727,12.755120229721069
bike,dune_bayes,748,mean,10.743505573272705,11.255174160003662,11.747190618515015
bike,dune_bayes,749,mean,11.806088542938232,12.291916847229004,12.746117353439331
bike,dune_bayes,750,mean,12.073853158950806,12.569408416748047,13.018332719802856
bike,dune_bayes,751,mean,10.920404434204102,11.476346015930176,11.989779376983643
bike,dune_bayes,752,mean,10.526486110687255,11.052237510681152,11.554701280593871
bike,dune_bayes,753,mean,11.45754451751709,11.95707082748413,12.442254447937012
bike,dune_bayes,754,mean,12.238382387161256,12.747874736785889,13.203457069396972
bike,dune_bayes,755,mean,11.08156909942627,11.591348648071289,12.098970890045166
bike,dune_bayes,756,mean,11.3209463596344,11.831475734710693,12.326295137405396
bike,dune_bayes,757,mean,10.69716796875,11.25854206085205,11.780737447738646
bike,dune_bayes,758,mean,12.579631471633911,13.153496265411377,13.666763925552369
bike,dune_bayes,759,mean,13.131183767318726,13.638870239257812,14.136096000671387
bike,dune_bayes,760,mean,13.57413740158081,14.122878551483154,14.614641380310058
bike,dune_bayes,761,mean,13.315127944946289,13.862973690032959,14.37502279281616
bike,dune_bayes,762,mean,13.564093017578125,14.094705581665039,14.59355149269104
bike,dune_bayes,763,mean,13.420453071594238,13.976267337799072,14.495969772338867
bike,dune_bayes,764,mean,12.508062076568603,13.012295722961426,13.472650289535522
bike,dune_bayes,765,mean,12.551442384719849,13.052639484405518,13.510817384719848
bike,dune_bayes,766,mean,11.877602052688598,12.371861457824707,12.83365330696106
bike,dune_bayes,767,mean,11.35385513305664,11.860715866088867,12.333682918548584
bike,dune_bayes,768,mean,11.35385513305664,11.860715866088867,12.333682918548584
bike,dune_bayes,769,mean,12.66127290725708,13.165320873260498,13.623565626144408
bike,dune_bayes,770,mean,12.60852870941162,13.09236478805542,13.551545906066893
bike,dune_bayes,771,mean,12.164881086349487,12.667236328125,13.123528480529785
bike,dune_bayes,772,mean,11.732926368713379,12.231041431427002,12.70285177230835
bike,dune_bayes,773,mean,10.670620250701905,11.17647409439087,11.70997061729431
bike,dune_bayes,774,mean,10.615603590011597,11.116846084594727,11.657510089874267
bike,dune_bayes,775,mean,11.668664073944091,12.129169940948486,12.67043628692627
bike,dune_bayes,776,mean,12.209715557098388,12.718194484710693,13.252642488479614
bike,dune_bayes,777,mean,12.200706291198731,12.685313701629639,13.202740955352782
bike,dune_bayes,778,mean,11.093803024291992,11.613056182861328,12.144842767715454
bike,dune_bayes,779,mean,11.03155584335327,11.528306484222412,12.06252670288086
bike,dune_bayes,780,mean,10.81296124458313,11.324579238891602,11.848914575576782
bike,dune_bayes,781,mean,10.81296124458313,11.324579238891602,11.848914575576782
bike,dune_bayes,782,mean,10.166426420211792,10.718883514404297,11.225324249267578
bike,dune_bayes,783,mean,9.967493391036987,10.483248710632324,11.004403972625733
bike,dune_bayes,784,mean,10.37175145149231,10.869649887084961,11.386236476898194
bike,dune_bayes,785,mean,11.612362909317017,12.189066410064697,12.683465480804443
bike,dune_bayes,786,mean,12.074983930587768,12.632905960083008,13.103783464431762
bike,dune_bayes,787,mean,12.302380990982055,12.936475276947021,13.455551052093506
bike,dune_bayes,788,mean,13.035072326660156,13.580573081970215,14.048485803604125
bike,dune_bayes,789,mean,12.692092561721802,13.187901496887207,13.636849927902222
bike,dune_bayes,790,mean,11.898772478103638,12.355562686920166,12.835954570770264
bike,dune_bayes,791,mean,12.014252042770385,12.544039249420166,13.011007976531982
bike,dune_bayes,792,mean,12.86720666885376,13.456727504730225,13.964096307754517
bike,dune_bayes,793,mean,12.648856258392334,13.145052909851074,13.589410257339477
bike,dune_bayes,794,mean,11.602402019500733,12.05677843093872,12.52910075187683
bike,dune_bayes,795,mean,11.593517112731934,12.057089805603027,12.522000551223755
bike,dune_bayes,796,mean,12.164908742904663,12.670836925506592,13.101299476623534
bike,dune_bayes,797,mean,12.660878658294678,13.219540119171143,13.727411222457885
bike,dune_bayes,798,mean,13.0310959815979,13.605177879333496,14.124944972991942
bike,dune_bayes,799,mean,13.105450868606567,13.679261684417725,14.201246070861815
bike,dune_bayes,800,mean,12.061026096343994,12.562760829925537,12.998791313171386
bike,dune_bayes,801,mean,12.339995574951171,12.850665092468262,13.33525047302246
bike,dune_bayes,802,mean,11.178978776931762,11.683011531829834,12.17180256843567
bike,dune_bayes,803,mean,11.077936887741089,11.586121559143066,12.035968828201295
bike,dune_bayes,804,mean,11.065552854537964,11.558318138122559,12.026911306381225
bike,dune_bayes,805,mean,12.466831636428832,12.956064701080322,13.411169052124023
bike,dune_bayes,806,mean,13.198152875900268,13.704525470733643,14.174805498123169
bike,dune_bayes,807,mean,13.008159065246582,13.537925720214844,13.986217069625853
bike,dune_bayes,808,mean,10.257145261764526,10.744239807128906,11.274357652664184
bike,dune_bayes,809,mean,10.257145261764526,10.744239807128906,11.274357652664184
bike,dune_bayes,810,mean,10.616162967681884,11.106396675109863,11.652054595947265
bike,dune_bayes,811,mean,11.44906406402588,11.919270515441895,12.490310525894165
bike,dune_bayes,812,mean,12.33682017326355,12.833111763000488,13.32033200263977
bike,dune_bayes,813,mean,10.70981469154358,11.199467182159424,11.722935771942138
bike,dune_bayes,814,mean,10.920021486282348,11.403773307800293,11.936714363098144
bike,dune_bayes,815,mean,10.760495615005492,11.248655319213867,11.767638540267944
bike,dune_bayes,816,mean,11.82356653213501,12.300068378448486,12.84141626358032
bike,dune_bayes,817,mean,11.78130373954773,12.262887954711914,12.82337965965271
bike,dune_bayes,818,mean,10.896449661254882,11.411730766296387,11.888982725143432
bike,dune_bayes,819,mean,11.256900596618653,11.752895832061768,12.193717861175537
bike,dune_bayes,820,mean,11.898347902297974,12.387998104095459,12.830392503738404
bike,dune_bayes,821,mean,11.638257026672363,12.124546527862549,12.583541297912598
bike,dune_bayes,822,mean,10.54764108657837,11.059113502502441,11.563222217559813
bike,dune_bayes,823,mean,11.672908115386964,12.176183700561523,12.64608416557312
bike,dune_bayes,824,mean,12.464984464645386,12.960399150848389,13.427302026748658
bike,dune_bayes,825,mean,12.646345615386963,13.15175485610962,13.620869874954224
bike,dune_bayes,826,mean,12.66127290725708,13.165320873260498,13.623565626144408
bike,dune_bayes,827,mean,12.323744583129884,12.820453643798828,13.276367998123169
bike,dune_bayes,828,mean,12.097196197509765,12.608939170837402,13.085001039505004
bike,dune_bayes,829,mean,11.56913423538208,12.073526859283447,12.574405479431153
bike,dune_bayes,830,mean,11.31168761253357,11.812359809875488,12.28744397163391
bike,dune_bayes,831,mean,10.962906122207642,11.531665802001953,12.059823131561279
bike,dune_bayes,832,mean,11.982826614379883,12.474984645843506,12.9505530834198
bike,dune_bayes,833,mean,12.705863428115844,13.236534595489502,13.739221382141112
bike,dune_bayes,834,mean,11.50710163116455,12.016800880432129,12.51161470413208
bike,dune_bayes,835,mean,11.732926368713379,12.231041431427002,12.70285177230835
bike,dune_bayes,836,mean,11.732926368713379,12.231041431427002,12.70285177230835
bike,dune_bayes,837,mean,11.732926368713379,12.231041431427002,12.70285177230835
bike,dune_bayes,838,mean,12.164881086349487,12.667236328125,13.123528480529785
bike,dune_bayes,839,mean,12.300306129455567,12.803685188293457,13.252622079849242
bike,dune_bayes,840,mean,13.314725255966186,13.842929363250732,14.345842599868774
bike,dune_bayes,841,mean,12.728512048721313,13.247837543487549,13.691272544860839
bike,dune_bayes,842,mean,12.349642276763916,12.894344806671143,13.392784690856933
bike,dune_bayes,843,mean,12.050751304626464,12.540696620941162,13.024249792098999
bike,dune_bayes,844,mean,12.450170469284057,12.997406959533691,13.529504919052123
bike,dune_bayes,845,mean,12.402045726776123,12.923719882965088,13.448858451843261
bike,dune_bayes,846,mean,12.224861860275269,12.723601341247559,13.221115493774414
bike,dune_bayes,847,mean,11.161866569519043,11.615764141082764,12.139297485351562
bike,dune_bayes,848,mean,11.121617889404297,11.58272123336792,12.123794317245483
bike,dune_bayes,849,mean,10.806781196594239,11.342334270477295,11.908510494232177
bike,dune_bayes,850,mean,11.00947117805481,11.545947551727295,12.113074398040771
bike,dune_bayes,851,mean,11.549059391021729,12.040622234344482,12.539950037002564
bike,dune_bayes,852,mean,12.545928478240967,13.055820941925049,13.553729104995726
bike,dune_bayes,853,mean,11.637534379959106,12.196562767028809,12.765172815322876
bike,dune_bayes,854,mean,11.660560750961304,12.17252492904663,12.620724582672118
bike,dune_bayes,855,mean,10.876121139526367,11.393983840942383,11.88629412651062
bike,dune_bayes,856,mean,11.43035798072815,11.9937105178833,12.492541646957397
bike,dune_bayes,857,mean,11.125603818893433,11.687967300415039,12.181742286682129
bike,dune_bayes,858,mean,11.07948055267334,11.599040031433105,12.08975715637207
bike,dune_bayes,859,mean,12.65559434890747,13.220479488372803,13.742096424102783
bike,dune_bayes,860,mean,13.162725639343261,13.676849842071533,14.151203632354736
bike,dune_bayes,861,mean,12.871979904174804,13.444155216217041,13.972957277297972
bike,dune_bayes,862,mean,12.452919387817383,13.070143222808838,13.652722120285034
bike,dune_bayes,863,mean,11.98405408859253,12.501208782196045,12.957134342193603
bike,dune_bayes,864,mean,11.175955486297607,11.66327953338623,12.132636547088623
bike,dune_bayes,865,mean,11.065969228744507,11.569419384002686,12.041735124588012
bike,dune_bayes,866,mean,11.920414876937866,12.436223983764648,12.898924684524536
bike,dune_bayes,867,mean,12.643490743637084,13.143158435821533,13.613224840164184
bike,dune_bayes,868,mean,12.87643985748291,13.393491268157959,13.864017152786255
bike,dune_bayes,869,mean,13.396379137039185,13.936789512634277,14.43049521446228
bike,dune_bayes,870,mean,13.578099966049194,14.11001205444336,14.571529626846313
bike,dune_bayes,871,mean,13.637226438522339,14.205615043640137,14.710973501205443
bike,dune_bayes,872,mean,13.023485660552979,13.532395839691162,13.977294111251831
bike,dune_bayes,873,mean,12.594582128524781,13.102053165435791,13.552785682678223
bike,dune_bayes,874,mean,12.164039468765258,12.655940532684326,13.09516282081604
bike,dune_bayes,875,mean,11.730827522277831,12.215531349182129,12.657624626159668
bike,dune_bayes,876,mean,11.944016313552856,12.429768562316895,12.909533166885376
bike,dune_bayes,877,mean,13.053933334350585,13.563145637512207,14.018938493728637
bike,dune_bayes,878,mean,13.698540019989014,14.256541728973389,14.759015560150146
bike,dune_bayes,879,mean,13.598330974578857,14.21228551864624,14.731830644607543
bike,dune_bayes,880,mean,12.98238925933838,13.492210388183594,13.933375787734985
bike,dune_bayes,881,mean,12.008461570739746,12.541089534759521,13.030997085571288
bike,dune_bayes,882,mean,11.80716233253479,12.290675163269043,12.732215023040771
bike,dune_bayes,883,mean,13.787031316757203,14.325450897216797,14.813276004791259
bike,dune_bayes,884,mean,13.871241569519043,14.430947303771973,14.937730312347412
bike,dune_bayes,885,mean,12.545313739776612,13.091418743133545,13.596365642547607
bike,dune_bayes,886,mean,12.007829856872558,12.532671928405762,13.05557165145874
bike,dune_bayes,887,mean,13.323103380203246,13.87051773071289,14.411224842071533
bike,dune_bayes,888,mean,12.330835914611816,12.820047378540039,13.330641269683838
bike,dune_bayes,889,mean,12.145721387863158,12.632331848144531,13.114879941940307
bike,dune_bayes,890,mean,10.383553457260131,10.899316787719727,11.395151853561401
bike,dune_bayes,891,mean,12.045558595657349,12.555206298828125,13.101176881790161
bike,dune_bayes,892,mean,10.069801759719848,10.598246574401855,11.184733915328978
bike,dune_bayes,893,mean,10.65615735054016,11.135787963867188,11.67182502746582
bike,dune_bayes,894,mean,10.616162967681884,11.106396675109863,11.652054595947265
bike,dune_bayes,895,mean,10.42495265007019,10.933961868286133,11.453742790222169
bike,dune_bayes,896,mean,10.97608404159546,11.461036205291748,12.006132459640503
bike,dune_bayes,897,mean,11.406991863250733,11.867088317871094,12.43393440246582
bike,dune_bayes,898,mean,11.879298639297485,12.454001426696777,13.01828317642212
bike,dune_bayes,899,mean,11.975696897506714,12.460937023162842,12.997724771499634
bike,dune_bayes,900,mean,11.42067642211914,11.924220561981201,12.420114040374756
bike,dune_bayes,901,mean,12.66085524559021,13.189547538757324,13.63595471382141
bike,dune_bayes,902,mean,12.95630111694336,13.474942207336426,13.930808067321777
bike,dune_bayes,903,mean,12.53901286125183,13.050349712371826,13.51195707321167
bike,dune_bayes,904,mean,12.164222812652588,12.663070678710938,13.128890228271484
bike,dune_bayes,905,mean,12.025304079055786,12.53286361694336,13.005890846252441
bike,dune_bayes,906,mean,11.880636072158813,12.37740707397461,12.855691862106323
bike,dune_bayes,907,mean,12.438135719299316,12.9254732131958,13.38789758682251
bike,dune_bayes,908,mean,12.048485040664673,12.54858112335205,13.013899898529052
bike,dune_bayes,909,mean,10.560033655166626,11.089895248413086,11.595730400085449
bike,dune_bayes,910,mean,11.453762578964234,11.964478015899658,12.43014817237854
bike,dune_bayes,911,mean,11.982826614379883,12.474984645843506,12.9505530834198
bike,dune_bayes,912,mean,12.841823625564576,13.415199279785156,13.942705821990966
bike,dune_bayes,913,mean,11.666853666305542,12.235790252685547,12.747369384765625
bike,dune_bayes,914,mean,11.672908115386964,12.176183700561523,12.64608416557312
bike,dune_bayes,915,mean,11.517612552642822,12.019129276275635,12.50025691986084
bike,dune_bayes,916,mean,12.115531015396119,12.626533508300781,13.10420069694519
bike,dune_bayes,917,mean,11.07948055267334,11.599040031433105,12.08975715637207
bike,dune_bayes,918,mean,11.395132875442505,11.897151947021484,12.346415472030639
bike,dune_bayes,919,mean,10.085068511962891,10.602474212646484,11.105870819091797
bike,dune_bayes,920,mean,10.49432864189148,11.00154733657837,11.505813312530517
bike,dune_bayes,921,mean,12.497702074050903,13.051148891448975,13.611547899246215
bike,dune_bayes,922,mean,12.789684772491455,13.319419860839844,13.8416757106781
bike,dune_bayes,923,mean,12.682906198501588,13.231136322021484,13.749554204940795
bike,dune_bayes,924,mean,11.910322999954223,12.396917819976807,12.907145309448241
bike,dune_bayes,925,mean,10.822420978546143,11.312283992767334,11.852257013320921
bike,dune_bayes,926,mean,11.109714269638062,11.554540157318115,12.101843404769896
bike,dune_bayes,927,mean,11.162773752212525,11.628635883331299,12.176424312591552
bike,dune_bayes,928,mean,11.083890342712403,11.629798889160156,12.194879341125489
bike,dune_bayes,929,mean,12.721044206619263,13.282658100128174,13.856828880310058
bike,dune_bayes,930,mean,12.901648378372192,13.427356243133545,13.967997074127197
bike,dune_bayes,931,mean,12.423761224746704,12.987689018249512,13.558112382888794
bike,dune_bayes,932,mean,11.580949735641479,12.104019165039062,12.632086610794067
bike,dune_bayes,933,mean,12.261147260665894,12.776490688323975,13.23993339538574
bike,dune_bayes,934,mean,13.01878604888916,13.52901554107666,14.012853384017944
bike,dune_bayes,935,mean,12.737051391601563,13.264883995056152,13.772586154937743
bike,dune_bayes,936,mean,11.269672107696532,11.781886577606201,12.284463262557983
bike,dune_bayes,937,mean,12.88988013267517,13.403831958770752,13.860493946075438
bike,dune_bayes,938,mean,13.188138628005982,13.70380449295044,14.182287883758544
bike,dune_bayes,939,mean,12.59585485458374,13.108205795288086,13.575368452072144
bike,dune_bayes,940,mean,12.555027103424072,13.05492877960205,13.50568470954895
bike,dune_bayes,941,mean,13.337842321395874,13.875592708587646,14.327148914337158
bike,dune_bayes,942,mean,13.044028377532959,13.56459093093872,14.033459186553955
bike,dune_bayes,943,mean,10.359142398834228,10.881133079528809,11.408251953125
bike,dune_bayes,944,mean,11.30275206565857,11.817223072052002,12.30446090698242
bike,dune_bayes,945,mean,11.184370994567871,11.694577693939209,12.16479778289795
bike,dune_bayes,946,mean,11.198034954071044,11.69773006439209,12.168627882003785
bike,dune_bayes,947,mean,12.372468900680541,12.89011287689209,13.36079683303833
bike,dune_bayes,948,mean,13.430916881561279,14.018455028533936,14.51287384033203
bike,dune_bayes,949,mean,13.174014854431153,13.698192119598389,14.142859983444213
bike,dune_bayes,950,mean,12.552551746368408,13.059910297393799,13.495488262176513
bike,dune_bayes,951,mean,12.123729944229126,12.638418674468994,13.080232620239258
bike,dune_bayes,952,mean,11.541416549682618,12.0291166305542,12.472440910339355
bike,dune_bayes,953,mean,11.153066396713257,11.658176898956299,12.13575439453125
bike,dune_bayes,954,mean,11.31397762298584,11.799608707427979,12.272708702087403
bike,dune_bayes,955,mean,12.03516092300415,12.525328636169434,13.007921934127808
bike,dune_bayes,956,mean,12.61349630355835,13.109339237213135,13.565303230285645
bike,dune_bayes,957,mean,12.714677381515504,13.223401546478271,13.674900197982788
bike,dune_bayes,958,mean,13.009814023971558,13.515748500823975,13.97492332458496
bike,dune_bayes,959,mean,11.310508298873902,11.7959623336792,12.29376220703125
bike,dune_bayes,960,mean,10.575541496276855,11.046828269958496,11.549148368835448
bike,dune_bayes,961,mean,11.43498797416687,11.889410018920898,12.407569932937623
bike,dune_bayes,962,mean,12.066915512084961,12.558191299438477,13.056662559509277
bike,dune_bayes,963,mean,12.450170469284057,12.997406959533691,13.529504919052123
bike,dune_bayes,964,mean,12.330835914611816,12.820047378540039,13.330641269683838
bike,dune_bayes,965,mean,12.193563508987427,12.703323364257812,13.211872959136963
bike,dune_bayes,966,mean,11.212608909606933,11.678814888000488,12.182661294937134
bike,dune_bayes,967,mean,11.932420873641968,12.429158210754395,12.939732456207274
bike,dune_bayes,968,mean,12.140402841567994,12.684775352478027,13.215267848968505
bike,dune_bayes,969,mean,12.405342197418213,12.97985553741455,13.563202524185181
bike,dune_bayes,970,mean,12.663544607162475,13.22209119796753,13.768821573257446
bike,dune_bayes,971,mean,11.033867645263673,11.519472599029541,12.051528596878052
bike,dune_bayes,972,mean,11.640844297409057,12.132041931152344,12.610500526428222
bike,dune_bayes,973,mean,11.178978776931762,11.683011531829834,12.17180256843567
bike,dune_bayes,974,mean,12.585453987121582,13.121303081512451,13.56930923461914
bike,dune_bayes,975,mean,12.991727018356324,13.499650478363037,13.982902812957763
bike,dune_bayes,976,mean,12.119061470031738,12.619713306427002,13.080102396011352
bike,dune_bayes,977,mean,11.889000272750854,12.387423515319824,12.849483585357666
bike,dune_bayes,978,mean,12.371759605407714,12.882956504821777,13.33334984779358
bike,dune_bayes,979,mean,12.170692253112794,12.739243030548096,13.266468906402588
bike,dune_bayes,980,mean,12.777591896057128,13.32692003250122,13.790755939483642
bike,dune_bayes,981,mean,13.270236110687256,13.801268100738525,14.281211948394775
bike,dune_bayes,982,mean,10.69716796875,11.25854206085205,11.780737447738646
bike,dune_bayes,983,mean,11.029877996444702,11.538949012756348,12.037791299819945
bike,dune_bayes,984,mean,11.030329370498658,11.539106369018555,12.036740589141846
bike,dune_bayes,985,mean,11.3271888256073,11.830217838287354,12.31314206123352
bike,dune_bayes,986,mean,11.475828695297242,11.974320411682129,12.45327296257019
bike,dune_bayes,987,mean,11.08156909942627,11.591348648071289,12.098970890045166
bike,dune_bayes,988,mean,11.560208559036255,12.061163425445557,12.555835437774657
bike,dune_bayes,989,mean,12.150100898742675,12.65785551071167,13.11651930809021
bike,dune_bayes,990,mean,12.420824098587037,12.936918258666992,13.437595558166503
bike,dune_bayes,991,mean,12.089680528640747,12.588521957397461,13.067461109161377
bike,dune_bayes,992,mean,11.697960805892944,12.20474624633789,12.698515892028809
bike,dune_bayes,993,mean,12.490458488464355,12.99103832244873,13.457878017425537
bike,dune_bayes,994,mean,13.054669761657715,13.594469547271729,14.0746994972229
bike,dune_bayes,995,mean,13.47121639251709,14.0137939453125,14.475389242172241
bike,dune_bayes,996,mean,12.46752758026123,13.00147008895874,13.457459354400635
bike,dune_bayes,997,mean,12.187415361404419,12.69535493850708,13.225564002990723
bike,dune_bayes,998,mean,11.515091800689698,11.996374607086182,12.554382562637327
bike,dune_bayes,999,mean,11.75907392501831,12.225176811218262,12.791894102096558
bike,dune_bayes,1000,mean,12.078122758865357,12.591304779052734,13.139931201934814
bike,dune_bayes,1001,mean,12.026023149490356,12.521506309509277,13.05215744972229
bike,dune_bayes,1002,mean,11.671916723251343,12.179825782775879,12.747490978240966
bike,dune_bayes,1003,mean,12.361501836776734,12.890223979949951,13.439296054840087
bike,dune_bayes,1004,mean,12.608404922485352,13.106069087982178,13.653577089309692
bike,dune_bayes,1005,mean,12.170692253112794,12.739243030548096,13.266468906402588
bike,dune_bayes,1006,mean,12.702799606323243,13.192336559295654,13.67085576057434
bike,dune_bayes,1007,mean,11.68595118522644,12.187267303466797,12.661856365203857
bike,dune_bayes,1008,mean,10.582541894912719,11.11465311050415,11.621533918380738
bike,dune_bayes,1009,mean,12.468465614318848,12.967538833618164,13.419053030014037
bike,dune_bayes,1010,mean,12.921395444869995,13.428085327148438,13.906782150268555
bike,dune_bayes,1011,mean,13.63954954147339,14.201848030090332,14.711871814727782
bike,dune_bayes,1012,mean,13.505361413955688,14.049370288848877,14.52582540512085
bike,dune_bayes,1013,mean,12.6262610912323,13.13898754119873,13.59122724533081
bike,dune_bayes,1014,mean,12.291827535629272,12.835953712463379,13.343439865112305
bike,dune_bayes,1015,mean,12.179615354537964,12.726538181304932,13.233790969848632
bike,dune_bayes,1016,mean,12.60852870941162,13.09236478805542,13.551545906066893
bike,dune_bayes,1017,mean,12.850565099716187,13.351661205291748,13.816777038574218
bike,dune_bayes,1018,mean,11.047799348831177,11.640429019927979,12.162152433395386
bike,dune_bayes,1019,mean,10.739744997024536,11.307854175567627,11.837423992156982
bike,dune_bayes,1020,mean,11.200035762786865,11.786502361297607,12.313442182540893
bike,dune_bayes,1021,mean,13.787142038345337,14.342791557312012,14.850144052505494
bike,dune_bayes,1022,mean,13.077341556549072,13.616268157958984,14.07309365272522
bike,dune_bayes,1023,mean,13.035128831863403,13.539662837982178,14.016197776794433
bike,dune_bayes,1024,mean,12.119349241256714,12.606251239776611,13.119107103347778
bike,dune_bayes,1025,mean,12.880218505859375,13.402966022491455,13.93170690536499
bike,dune_bayes,1026,mean,12.800574350357056,13.323437690734863,13.843077945709227
bike,dune_bayes,1027,mean,11.930016708374023,12.423189640045166,12.977355766296386
bike,dune_bayes,1028,mean,10.951698970794677,11.49124813079834,12.063313961029053
bike,dune_bayes,1029,mean,11.887583112716674,12.358657360076904,12.90251865386963
bike,dune_bayes,1030,mean,12.838744068145752,13.365112781524658,13.883770132064818
bike,dune_bayes,1031,mean,12.206911039352416,12.764988422393799,13.329324293136597
bike,dune_bayes,1032,mean,11.56913423538208,12.073526859283447,12.574405479431153
bike,dune_bayes,1033,mean,12.812723016738891,13.3862624168396,13.909676551818848
bike,dune_bayes,1034,mean,13.464014196395874,13.993404388427734,14.447964143753051
bike,dune_bayes,1035,mean,13.301697826385498,13.90477180480957,14.464748620986938
bike,dune_bayes,1036,mean,11.971479988098144,12.4745454788208,12.935417795181275
bike,dune_bayes,1037,mean,11.45754451751709,11.95707082748413,12.442254447937012
bike,dune_bayes,1038,mean,11.526821327209472,12.01954984664917,12.490283060073851
bike,dune_bayes,1039,mean,13.117089319229127,13.644771099090576,14.12829213142395
bike,dune_bayes,1040,mean,13.893254899978638,14.458876132965088,14.976677513122558
bike,dune_bayes,1041,mean,13.545390796661376,14.080763816833496,14.571292829513549
bike,dune_bayes,1042,mean,12.820177268981933,13.330389499664307,13.780378866195678
bike,dune_bayes,1043,mean,12.515410375595092,13.03635835647583,13.499151706695557
bike,dune_bayes,1044,mean,12.515410375595092,13.03635835647583,13.499151706695557
bike,dune_bayes,1045,mean,12.848773956298828,13.351941108703613,13.81973762512207
bike,dune_bayes,1046,mean,12.671962356567382,13.170372009277344,13.630457878112793
bike,dune_bayes,1047,mean,12.613635635375976,13.14215087890625,13.584900856018066
bike,dune_bayes,1048,mean,11.376241731643677,11.873202323913574,12.358263540267943
bike,dune_bayes,1049,mean,10.762794256210327,11.276992797851562,11.788732862472534
bike,dune_bayes,1050,mean,10.302772998809814,10.843244552612305,11.369639158248901
bike,dune_bayes,1051,mean,11.981937026977539,12.500783920288086,12.965176057815551
bike,dune_bayes,1052,mean,12.106718063354492,12.667881965637207,13.176821088790893
bike,dune_bayes,1053,mean,12.849430227279663,13.347093105316162,13.816746425628661
bike,dune_bayes,1054,mean,12.472197198867798,13.00159215927124,13.491583347320557
bike,dune_bayes,1055,mean,11.45754451751709,11.95707082748413,12.442254447937012
bike,dune_bayes,1056,mean,11.374377965927124,11.931492328643799,12.431017065048216
bike,dune_bayes,1057,mean,11.31168761253357,11.812359809875488,12.28744397163391
bike,dune_bayes,1058,mean,12.198768758773804,12.681960105895996,13.138788270950318
bike,dune_bayes,1059,mean,12.769976043701172,13.268337726593018,13.74286642074585
bike,dune_bayes,1060,mean,12.878227281570435,13.379226684570312,13.867251539230347
bike,dune_bayes,1061,mean,11.956595706939698,12.443212985992432,12.889934730529784
bike,dune_bayes,1062,mean,10.772151279449464,11.296673774719238,11.792768239974976
bike,dune_bayes,1063,mean,10.760495615005492,11.248655319213867,11.767638540267944
bike,dune_bayes,1064,mean,9.967858982086181,10.49400806427002,11.027832078933715
bike,dune_bayes,1065,mean,10.521668243408204,11.051645755767822,11.566894435882569
bike,dune_bayes,1066,mean,10.521668243408204,11.051645755767822,11.566894435882569
bike,dune_bayes,1067,mean,11.424696159362792,11.935450553894043,12.480773067474365
bike,dune_bayes,1068,mean,12.209715557098388,12.718194484710693,13.252642488479614
bike,dune_bayes,1069,mean,12.038472127914428,12.597517490386963,13.175095605850219
bike,dune_bayes,1070,mean,12.361501836776734,12.890223979949951,13.439296054840087
bike,dune_bayes,1071,mean,10.474549865722656,11.00020456314087,11.534455823898316
bike,dune_bayes,1072,mean,10.258124303817748,10.781169891357422,11.297004127502442
bike,dune_bayes,1073,mean,10.882519626617432,11.415042400360107,11.91692976951599
bike,dune_bayes,1074,mean,11.634366750717163,12.128454685211182,12.68015284538269
bike,dune_bayes,1075,mean,12.808255100250244,13.365889549255371,13.931892919540404
bike,dune_bayes,1076,mean,11.185709953308105,11.746081352233887,12.291377639770507
bike,dune_bayes,1077,mean,11.30275206565857,11.817223072052002,12.30446090698242
bike,dune_bayes,1078,mean,10.306432723999023,10.86752986907959,11.397460842132569
bike,dune_bayes,1079,mean,11.269672107696532,11.781886577606201,12.284463262557983
bike,dune_bayes,1080,mean,12.396685791015624,12.9136381149292,13.379947662353516
bike,dune_bayes,1081,mean,12.698803901672363,13.284478187561035,13.793794775009154
bike,dune_bayes,1082,mean,12.884697151184081,13.46599531173706,13.992547082901
bike,dune_bayes,1083,mean,13.298877620697022,13.817957878112793,14.311985731124878
bike,dune_bayes,1084,mean,13.292506170272826,13.816267490386963,14.314545679092406
bike,dune_bayes,1085,mean,13.230426692962647,13.765958786010742,14.229017639160155
bike,dune_bayes,1086,mean,13.066894483566283,13.601794242858887,14.089125394821167
bike,dune_bayes,1087,mean,11.666853666305542,12.235790252685547,12.747369384765625
bike,dune_bayes,1088,mean,11.236766242980957,11.804059982299805,12.318463659286499
bike,dune_bayes,1089,mean,11.970252656936646,12.482557773590088,12.93846616744995
bike,dune_bayes,1090,mean,11.707497596740723,12.284833431243896,12.790127611160278
bike,dune_bayes,1091,mean,12.380418586730958,12.886497497558594,13.351133775711059
bike,dune_bayes,1092,mean,12.787879991531373,13.28169870376587,13.752844142913817
bike,dune_bayes,1093,mean,12.745059156417847,13.254138946533203,13.713487339019775
bike,dune_bayes,1094,mean,12.793468809127807,13.288906574249268,13.758380651473999
bike,dune_bayes,1095,mean,12.843549299240113,13.373681545257568,13.841166162490845
bike,dune_bayes,1096,mean,13.117089319229127,13.644771099090576,14.12829213142395
bike,dune_bayes,1097,mean,12.51491937637329,13.025620460510254,13.472372579574586
bike,dune_bayes,1098,mean,13.254770135879516,13.836758136749268,14.361514806747437
bike,dune_bayes,1099,mean,13.686285161972046,14.270844459533691,14.809431314468384
bike,dune_bayes,1100,mean,13.768409156799317,14.35386323928833,14.877793741226196
bike,dune_bayes,1101,mean,13.264291906356812,13.801126956939697,14.265408420562744
bike,dune_bayes,1102,mean,12.755610847473145,13.29053020477295,13.748297929763794
bike,dune_bayes,1103,mean,12.284801197052001,12.77383041381836,13.211754131317138
bike,dune_bayes,1104,mean,12.404991149902344,12.905786037445068,13.349187898635863
bike,dune_bayes,1105,mean,13.49246096611023,14.032076835632324,14.516932153701783
bike,dune_bayes,1106,mean,13.651873874664307,14.185495376586914,14.670956993103028
bike,dune_bayes,1107,mean,13.3846435546875,13.921850681304932,14.390774297714232
bike,dune_bayes,1108,mean,12.426772165298463,12.930665969848633,13.357112741470337
bike,dune_bayes,1109,mean,13.599949073791503,14.130897521972656,14.618081998825073
bike,dune_bayes,1110,mean,13.152251625061036,13.658217906951904,14.117922496795654
bike,dune_bayes,1111,mean,11.648103857040406,12.150472640991211,12.698482656478882
bike,dune_bayes,1112,mean,11.359220504760742,11.91256046295166,12.478796911239623
bike,dune_bayes,1113,mean,10.811155223846436,11.297682762145996,11.840149784088133
bike,dune_bayes,1114,mean,11.201336526870728,11.710798740386963,12.271453380584717
bike,dune_bayes,1115,mean,10.61056113243103,11.128425121307373,11.63991937637329
bike,dune_bayes,1116,mean,10.593490839004517,11.16062593460083,11.745687103271484
bike,dune_bayes,1117,mean,9.794816589355468,10.332651615142822,10.838900184631347
bike,dune_bayes,1118,mean,10.225002193450928,10.801536560058594,11.32470769882202
bike,dune_bayes,1119,mean,10.838767147064209,11.361248970031738,11.867537355422973
bike,dune_bayes,1120,mean,9.909598064422607,10.551440715789795,11.186707305908202
bike,dune_bayes,1121,mean,9.860910749435424,10.396530628204346,10.955780792236327
bike,dune_bayes,1122,mean,10.43212432861328,10.96313762664795,11.460951900482177
bike,dune_bayes,1123,mean,10.54764108657837,11.059113502502441,11.563222217559813
bike,dune_bayes,1124,mean,12.382683944702148,12.891386032104492,13.359146881103516
bike,dune_bayes,1125,mean,12.728194618225098,13.243995189666748,13.72115912437439
bike,dune_bayes,1126,mean,11.526821327209472,12.01954984664917,12.490283060073851
bike,dune_bayes,1127,mean,11.840073585510254,12.324056625366211,12.769260454177855
bike,dune_bayes,1128,mean,11.862801265716552,12.36923599243164,12.842436218261719
bike,dune_bayes,1129,mean,12.374615573883057,12.986738204956055,13.549668979644775
bike,dune_bayes,1130,mean,13.011975717544555,13.61790657043457,14.158839464187622
bike,dune_bayes,1131,mean,12.179615354537964,12.726538181304932,13.233790969848632
bike,dune_bayes,1132,mean,11.844812488555908,12.40849781036377,12.917691087722778
bike,dune_bayes,1133,mean,11.96289095878601,12.45216703414917,12.899220514297484
bike,dune_bayes,1134,mean,11.855113172531128,12.363884449005127,12.82122483253479
bike,dune_bayes,1135,mean,12.720930480957032,13.254916667938232,13.719926023483277
bike,dune_bayes,1136,mean,12.020510244369508,12.510196685791016,12.959770822525025
bike,dune_bayes,1137,mean,12.25238857269287,12.759604930877686,13.218565654754638
bike,dune_bayes,1138,mean,10.9657968044281,11.480922222137451,11.970815134048461
bike,dune_bayes,1139,mean,11.56913423538208,12.073526859283447,12.574405479431153
bike,dune_bayes,1140,mean,10.24646611213684,10.804725170135498,11.332677507400513
bike,dune_bayes,1141,mean,10.588807582855225,11.138697147369385,11.65142035484314
bike,dune_bayes,1142,mean,10.588807582855225,11.138697147369385,11.65142035484314
bike,dune_bayes,1143,mean,10.922864103317261,11.442556381225586,11.940790271759033
bike,dune_bayes,1144,mean,12.073853158950806,12.569408416748047,13.018332719802856
bike,dune_bayes,1145,mean,12.755146884918213,13.253460884094238,13.723519706726075
bike,dune_bayes,1146,mean,12.843549299240113,13.373681545257568,13.841166162490845
bike,dune_bayes,1147,mean,12.412956285476685,13.060495376586914,13.694761753082275
bike,dune_bayes,1148,mean,12.412956285476685,13.060495376586914,13.694761753082275
bike,dune_bayes,1149,mean,10.251068878173829,10.73426866531372,11.248468589782714
bike,dune_bayes,1150,mean,11.033867645263673,11.519472599029541,12.051528596878052
bike,dune_bayes,1151,mean,11.107206106185913,11.61132287979126,12.120489740371704
bike,dune_bayes,1152,mean,10.219641876220702,10.809765815734863,11.327702140808105
bike,dune_bayes,1153,mean,11.86876196861267,12.422633171081543,12.972307443618774
bike,dune_bayes,1154,mean,10.85322904586792,11.37018632888794,11.889636373519897
bike,dune_bayes,1155,mean,12.109403133392334,12.594944953918457,13.04781913757324
bike,dune_bayes,1156,mean,12.07875943183899,12.625731468200684,13.10408992767334
bike,dune_bayes,1157,mean,13.291517210006713,13.907118320465088,14.432289028167725
bike,dune_bayes,1158,mean,12.85104866027832,13.365618228912354,13.82874674797058
bike,dune_bayes,1159,mean,11.946538257598878,12.422897338867188,12.863831949234008
bike,dune_bayes,1160,mean,12.687792444229126,13.243014335632324,13.752214908599854
bike,dune_bayes,1161,mean,13.249630498886109,13.796509265899658,14.251881313323974
bike,dune_bayes,1162,mean,12.67060546875,13.17666244506836,13.63230710029602
bike,dune_bayes,1163,mean,12.778481054306031,13.37089204788208,13.921141624450684
bike,dune_bayes,1164,mean,12.55642228126526,13.08359956741333,13.555468368530274
bike,dune_bayes,1165,mean,11.204019546508789,11.724272727966309,12.203135919570922
bike,dune_bayes,1166,mean,12.033012866973877,12.546714305877686,13.011707258224487
bike,dune_bayes,1167,mean,11.14670114517212,11.655738353729248,12.14833378791809
bike,dune_bayes,1168,mean,11.47195224761963,11.994510173797607,12.467102003097533
bike,dune_bayes,1169,mean,10.233818531036377,10.788275241851807,11.32070369720459
bike,dune_bayes,1170,mean,12.110588884353637,12.613278865814209,13.069607877731324
bike,dune_bayes,1171,mean,11.851239776611328,12.36567497253418,12.840319347381591
bike,dune_bayes,1172,mean,11.731751823425293,12.235225677490234,12.70891876220703
bike,dune_bayes,1173,mean,11.3209463596344,11.831475734710693,12.326295137405396
bike,dune_bayes,1174,mean,10.424072647094727,10.942768573760986,11.479089641571044
bike,dune_bayes,1175,mean,10.60524525642395,11.187278747558594,11.71690354347229
bike,dune_bayes,1176,mean,10.356796026229858,10.962279319763184,11.536803150177002
bike,dune_bayes,1177,mean,11.38327670097351,12.089884281158447,12.834436178207396
bike,dune_bayes,1178,mean,12.19967336654663,12.77821969985962,13.367880868911742
bike,dune_bayes,1179,mean,12.54426965713501,13.05039644241333,13.58561749458313
bike,dune_bayes,1180,mean,12.216216039657592,12.73590898513794,13.246434783935547
bike,dune_bayes,1181,mean,12.545313739776612,13.091418743133545,13.596365642547607
bike,dune_bayes,1182,mean,13.015739822387696,13.542361736297607,13.98494749069214
bike,dune_bayes,1183,mean,11.389449882507325,11.885744094848633,12.34556827545166
bike,dune_bayes,1184,mean,11.470526266098023,11.950353622436523,12.409201431274415
bike,dune_bayes,1185,mean,12.67060546875,13.17666244506836,13.63230710029602
bike,dune_bayes,1186,mean,12.176785373687744,12.714454174041748,13.197978210449218
bike,dune_bayes,1187,mean,11.61557035446167,12.158895015716553,12.640949249267578
bike,dune_bayes,1188,mean,11.190463209152222,11.722452163696289,12.223460054397583
bike,dune_bayes,1189,mean,10.842402744293214,11.36100721359253,11.876381874084473
bike,dune_bayes,1190,mean,10.54305167198181,11.058218479156494,11.5832679271698
bike,dune_bayes,1191,mean,11.2571044921875,11.794334888458252,12.293355989456176
bike,dune_bayes,1192,mean,12.750995922088624,13.256280899047852,13.724345874786376
bike,dune_bayes,1193,mean,12.292893075942994,12.79065465927124,13.223032999038695
bike,dune_bayes,1194,mean,11.033270263671875,11.540709495544434,12.017208671569824
bike,dune_bayes,1195,mean,11.033270263671875,11.540709495544434,12.017208671569824
bike,dune_bayes,1196,mean,10.55337986946106,11.071208477020264,11.575147676467896
bike,dune_bayes,1197,mean,12.249173879623413,12.740621566772461,13.212517261505127
bike,dune_bayes,1198,mean,12.006132698059082,12.4761643409729,12.923260259628295
bike,dune_bayes,1199,mean,10.714931011199951,11.23042106628418,11.725306940078735
bike,dune_bayes,1200,mean,12.109403133392334,12.594944953918457,13.04781913757324
bike,dune_bayes,1201,mean,11.231889677047729,11.708325386047363,12.241726398468018
bike,dune_bayes,1202,mean,11.318845796585084,11.814722061157227,12.353047418594361
bike,dune_bayes,1203,mean,10.43235878944397,10.935065746307373,11.46723551750183
bike,dune_bayes,1204,mean,10.322526979446412,10.830152988433838,11.343882083892822
bike,dune_bayes,1205,mean,10.439582443237304,10.949862957000732,11.451445484161376
bike,dune_bayes,1206,mean,10.760495615005492,11.248655319213867,11.767638540267944
bike,dune_bayes,1207,mean,11.71051745414734,12.259501457214355,12.852539825439452
bike,dune_bayes,1208,mean,12.045558595657349,12.555206298828125,13.101176881790161
bike,dune_bayes,1209,mean,11.191311645507813,11.73447036743164,12.276909160614013
bike,dune_bayes,1210,mean,10.750353813171387,11.256213665008545,11.7743896484375
bike,dune_bayes,1211,mean,11.085209465026855,11.641687870025635,12.170222616195678
bike,dune_bayes,1212,mean,11.327332782745362,11.876520156860352,12.401096391677855
bike,dune_bayes,1213,mean,10.96744418144226,11.45576286315918,11.974732589721679
bike,dune_bayes,1214,mean,11.369694471359253,11.865400791168213,12.397020435333252
bike,dune_bayes,1215,mean,9.741383838653565,10.293362140655518,10.82109203338623
bike,dune_bayes,1216,mean,10.151108360290527,10.637043952941895,11.12007670402527
bike,dune_bayes,1217,mean,10.453436040878296,10.988260269165039,11.49541015625
bike,dune_bayes,1218,mean,10.706124687194825,11.251704216003418,11.758194875717162
bike,dune_bayes,1219,mean,10.494839668273926,10.979888916015625,11.457972288131714
bike,dune_bayes,1220,mean,10.101610279083252,10.657154560089111,11.17982473373413
bike,dune_bayes,1221,mean,10.425260400772094,10.974810123443604,11.483946418762207
bike,dune_bayes,1222,mean,10.39091682434082,10.960787773132324,11.502820158004761
bike,dune_bayes,1223,mean,10.151108360290527,10.637043952941895,11.12007670402527
bike,dune_bayes,1224,mean,10.206640911102294,10.743700981140137,11.264285039901733
bike,dune_bayes,1225,mean,10.24646611213684,10.804725170135498,11.332677507400513
bike,dune_bayes,1226,mean,10.16691427230835,10.709319114685059,11.232232713699341
bike,dune_bayes,1227,mean,10.505088329315186,11.010796546936035,11.504608011245727
bike,dune_bayes,1228,mean,10.538712310791016,11.053208827972412,11.558757495880126
bike,dune_bayes,1229,mean,10.279077243804931,10.81318998336792,11.339990901947022
bike,dune_bayes,1230,mean,10.133178615570069,10.654971599578857,11.152883195877076
bike,dune_bayes,1231,mean,10.467947149276734,10.966688632965088,11.45030860900879
bike,dune_bayes,1232,mean,10.289049768447876,10.810624599456787,11.333273077011109
bike,dune_bayes,1233,mean,10.349880123138428,10.868842601776123,11.394981956481933
bike,dune_bayes,1234,mean,9.965155792236327,10.526511192321777,11.087479496002198
bike,dune_bayes,1235,mean,11.707497596740723,12.284833431243896,12.790127611160278
bike,dune_bayes,1236,mean,12.119061470031738,12.619713306427002,13.080102396011352
bike,dune_bayes,1237,mean,10.73800163269043,11.272082328796387,11.791115093231202
bike,dune_bayes,1238,mean,10.233754873275757,10.779753684997559,11.303373765945434
bike,dune_bayes,1239,mean,10.306432723999023,10.86752986907959,11.397460842132569
bike,dune_bayes,1240,mean,9.911563158035278,10.455131530761719,11.029170799255372
bike,dune_bayes,1241,mean,9.296237325668335,9.87998104095459,10.447686052322387
bike,dune_bayes,1242,mean,9.211892938613891,9.74533224105835,10.258498287200927
bike,dune_bayes,1243,mean,10.277244663238525,10.801744937896729,11.368593740463256
bike,dune_bayes,1244,mean,9.624588298797608,10.196323871612549,10.767416763305663
bike,dune_bayes,1245,mean,9.624588298797608,10.196323871612549,10.767416763305663
bike,dune_bayes,1246,mean,10.496596956253052,10.977476596832275,11.510839509963988
bike,dune_bayes,1247,mean,10.251068878173829,10.73426866531372,11.248468589782714
bike,dune_bayes,1248,mean,10.277244663238525,10.801744937896729,11.368593740463256
bike,dune_bayes,1249,mean,11.080663108825684,11.626169681549072,12.189785861968994
bike,dune_bayes,1250,mean,11.070144081115723,11.524333477020264,12.079027271270752
bike,dune_bayes,1251,mean,10.012163400650024,10.552520751953125,11.09580111503601
bike,dune_bayes,1252,mean,10.29224066734314,10.828197479248047,11.372402334213257
bike,dune_bayes,1253,mean,10.29224066734314,10.828197479248047,11.372402334213257
bike,dune_bayes,1254,mean,10.375015354156494,10.912792682647705,11.451573419570924
bike,dune_bayes,1255,mean,10.995979022979736,11.50614881515503,11.99800443649292
bike,dune_bayes,1256,mean,12.720930480957032,13.254916667938232,13.719926023483277
bike,dune_bayes,1257,mean,12.707072305679322,13.233139038085938,13.687423133850098
bike,dune_bayes,1258,mean,10.866202259063721,11.378034114837646,11.860933065414429
bike,dune_bayes,1259,mean,12.545465183258056,13.029796123504639,13.49904646873474
bike,dune_bayes,1260,mean,12.870431995391845,13.39324140548706,13.857878494262696
bike,dune_bayes,1261,mean,11.877602052688598,12.371861457824707,12.83365330696106
bike,dune_bayes,1262,mean,12.592752838134766,13.081080913543701,13.544533872604369
bike,dune_bayes,1263,mean,12.769976043701172,13.268337726593018,13.74286642074585
bike,dune_bayes,1264,mean,12.87996940612793,13.395227432250977,13.862756395339964
bike,dune_bayes,1265,mean,12.091332483291627,12.574541091918945,13.025177669525146
bike,dune_bayes,1266,mean,11.96289095878601,12.45216703414917,12.899220514297484
bike,dune_bayes,1267,mean,11.649491596221925,12.141687393188477,12.602094078063965
bike,dune_bayes,1268,mean,11.336844158172607,11.842354774475098,12.323454904556273
bike,dune_bayes,1269,mean,11.513978004455566,12.001979351043701,12.47065052986145
bike,dune_bayes,1270,mean,11.634833574295044,12.179813861846924,12.669985008239745
bike,dune_bayes,1271,mean,10.650608015060424,11.13337755203247,11.611705112457274
bike,dune_bayes,1272,mean,10.230315446853638,10.686471462249756,11.198335933685302
bike,dune_bayes,1273,mean,10.511875343322753,10.974464416503906,11.46224365234375
bike,dune_bayes,1274,mean,11.030955600738526,11.518072128295898,11.998613977432251
bike,dune_bayes,1275,mean,10.191949844360352,10.66200304031372,11.178908681869506
bike,dune_bayes,1276,mean,10.80444507598877,11.280008792877197,11.781988716125488
bike,dune_bayes,1277,mean,10.905526542663575,11.39396047592163,11.904812812805176
bike,dune_bayes,1278,mean,9.71341323852539,10.192524433135986,10.709508037567138
bike,dune_bayes,1279,mean,10.041166543960571,10.525261402130127,11.031822729110717
bike,dune_bayes,1280,mean,11.220030593872071,11.687858581542969,12.1904878616333
bike,dune_bayes,1281,mean,10.688488912582397,11.159230709075928,11.67911982536316
bike,dune_bayes,1282,mean,11.091170310974121,11.573645114898682,12.040938186645507
bike,dune_bayes,1283,mean,10.738094091415405,11.213223934173584,11.703860521316528
bike,dune_bayes,1284,mean,11.781392478942871,12.291499614715576,12.750543785095214
bike,dune_bayes,1285,mean,10.431638526916505,10.914914608001709,11.409715604782104
bike,dune_bayes,1286,mean,10.130445098876953,10.612629890441895,11.114457750320435
bike,dune_bayes,1287,mean,11.107446718215943,11.615073680877686,12.096948337554931
bike,dune_bayes,1288,mean,10.876121139526367,11.393983840942383,11.88629412651062
bike,dune_bayes,1289,mean,9.64652132987976,10.168415069580078,10.704224920272827
bike,dune_bayes,1290,mean,9.700653266906738,10.219524383544922,10.765268278121948
bike,dune_bayes,1291,mean,9.762405681610108,10.265965461730957,10.797089004516602
bike,dune_bayes,1292,mean,9.61898913383484,10.152297496795654,10.706597661972046
bike,dune_bayes,1293,mean,11.600544357299805,12.107238292694092,12.547751092910767
bike,dune_bayes,1294,mean,11.45754451751709,11.95707082748413,12.442254447937012
bike,dune_bayes,1295,mean,11.570784425735473,12.060654640197754,12.531946039199829
bike,dune_bayes,1296,mean,9.911563158035278,10.455131530761719,11.029170799255372
bike,dune_bayes,1297,mean,10.101921081542969,10.63452959060669,11.157878494262695
bike,dune_bayes,1298,mean,10.3991849899292,10.909906387329102,11.418563222885131
bike,dune_bayes,1299,mean,10.734702730178833,11.247734546661377,11.744254016876221
bike,dune_bayes,1300,mean,10.896661710739135,11.415260791778564,11.901423025131225
bike,dune_bayes,1301,mean,9.80591959953308,10.355493545532227,10.892680931091308
bike,dune_bayes,1302,mean,9.507394170761108,10.064366817474365,10.6744460105896
bike,dune_bayes,1303,mean,9.763148546218872,10.313928604125977,10.865293979644775
bike,dune_bayes,1304,mean,9.841352844238282,10.380807876586914,10.961741065979004
bike,dune_bayes,1305,mean,10.215242338180541,10.71142864227295,11.245570039749145
bike,dune_bayes,1306,mean,10.557246875762939,11.037028312683105,11.591244029998778
bike,dune_bayes,1307,mean,9.895796155929565,10.409055709838867,10.926821041107178
bike,dune_bayes,1308,mean,9.624588298797608,10.196323871612549,10.767416763305663
bike,dune_bayes,1309,mean,10.600917339324951,11.13265609741211,11.710576820373534
bike,dune_bayes,1310,mean,10.600917339324951,11.13265609741211,11.710576820373534
bike,dune_bayes,1311,mean,10.734702730178833,11.247734546661377,11.744254016876221
bike,dune_bayes,1312,mean,11.444034147262574,11.935176849365234,12.401961612701415
bike,dune_bayes,1313,mean,10.63705129623413,11.155710697174072,11.661264801025391
bike,dune_bayes,1314,mean,10.289049768447876,10.810624599456787,11.333273077011109
bike,dune_bayes,1315,mean,10.289049768447876,10.810624599456787,11.333273077011109
bike,dune_bayes,1316,mean,11.247470951080322,11.76216173171997,12.250575304031372
bike,dune_bayes,1317,mean,10.987862348556519,11.507878303527832,12.010535383224488
bike,dune_bayes,1318,mean,10.784617900848389,11.272694110870361,11.775147914886475
bike,dune_bayes,1319,mean,10.63705129623413,11.155710697174072,11.661264801025391
bike,dune_bayes,1320,mean,9.841352844238282,10.380807876586914,10.961741065979004
bike,dune_bayes,1321,mean,10.275563049316407,10.792860984802246,11.31429944038391
bike,dune_bayes,1322,mean,10.439001941680909,10.93591022491455,11.43151888847351
bike,dune_bayes,1323,mean,10.9657968044281,11.480922222137451,11.970815134048461
bike,dune_bayes,1324,mean,11.83974585533142,12.334856986999512,12.792938184738158
bike,dune_bayes,1325,mean,10.726674318313599,11.21424913406372,11.693267250061036
bike,dune_bayes,1326,mean,10.321940422058105,10.83670949935913,11.34882411956787
bike,dune_bayes,1327,mean,12.191003704071045,12.670398235321045,13.12136287689209
bike,dune_bayes,1328,mean,10.645055675506592,11.117357730865479,11.576405239105224
bike,dune_bayes,1329,mean,10.645055675506592,11.117357730865479,11.576405239105224
bike,dune_bayes,1330,mean,11.315411186218261,11.796046257019043,12.260148620605468
bike,dune_bayes,1331,mean,12.123729944229126,12.638418674468994,13.080232620239258
bike,dune_bayes,1332,mean,12.622682666778564,13.151379108428955,13.618482828140259
bike,dune_bayes,1333,mean,10.365431070327759,10.827694416046143,11.320891284942627
bike,dune_bayes,1334,mean,9.753136396408081,10.280596733093262,10.816190338134765
bike,dune_bayes,1335,mean,9.409920692443848,9.962260246276855,10.496948051452636
bike,dune_bayes,1336,mean,8.728483104705811,9.2211275100708,9.79549822807312
bike,dune_bayes,1337,mean,8.822710514068604,9.3085618019104,9.83555850982666
bike,dune_bayes,1338,mean,9.383135652542114,9.840577125549316,10.363913774490356
bike,dune_bayes,1339,mean,9.383135652542114,9.840577125549316,10.363913774490356
bike,dune_bayes,1340,mean,10.427319669723511,10.87956714630127,11.370065927505493
bike,dune_bayes,1341,mean,9.032667922973634,9.508291721343994,10.081323957443237
bike,dune_bayes,1342,mean,9.233933305740356,9.701852798461914,10.279241275787353
bike,dune_bayes,1343,mean,10.871843385696412,11.32227897644043,11.802907228469849
bike,dune_bayes,1344,mean,9.882119274139404,10.370605945587158,10.935313701629637
bike,dune_bayes,1345,mean,9.873806715011597,10.330507278442383,10.884317016601562
bike,dune_bayes,1346,mean,9.93899326324463,10.393184185028076,10.930040121078491
bike,dune_bayes,1347,mean,11.198063182830811,11.64862585067749,12.112062406539916
bike,dune_bayes,1348,mean,12.1299063205719,12.629537582397461,13.111058521270753
bike,dune_bayes,1349,mean,11.430706310272218,11.885015487670898,12.336337137222289
bike,dune_bayes,1350,mean,10.335147619247437,10.791201114654541,11.29247612953186
bike,dune_bayes,1351,mean,12.758333921432495,13.328200340270996,13.816828298568725
bike,dune_bayes,1352,mean,12.9012686252594,13.45350980758667,13.916514873504639
bike,dune_bayes,1353,mean,12.713514566421509,13.264739036560059,13.748950433731078
bike,dune_bayes,1354,mean,10.728581428527832,11.221784114837646,11.739534425735474
bike,dune_bayes,1355,mean,11.08870358467102,11.56350040435791,12.018944835662841
bike,dune_bayes,1356,mean,11.12796335220337,11.595006465911865,12.058850860595703
bike,dune_bayes,1357,mean,12.423632287979126,12.908334732055664,13.342379093170166
bike,dune_bayes,1358,mean,11.453615522384643,11.947288036346436,12.40945143699646
bike,dune_bayes,1359,mean,10.267849397659301,10.766954898834229,11.323131704330445
bike,dune_bayes,1360,mean,11.18300371170044,11.671453952789307,12.146002864837646
bike,dune_bayes,1361,mean,11.31185245513916,11.831178188323975,12.325940227508545
bike,dune_bayes,1362,mean,12.309754514694214,12.848893165588379,13.337681579589844
bike,dune_bayes,1363,mean,10.818650197982787,11.318324565887451,11.838393831253052
bike,dune_bayes,1364,mean,9.283985090255737,9.792371273040771,10.353778743743897
bike,dune_bayes,1365,mean,9.017667198181153,9.524904251098633,10.076313734054565
bike,dune_bayes,1366,mean,9.765287113189697,10.273075580596924,10.839275026321411
bike,dune_bayes,1367,mean,11.061833667755128,11.588751316070557,12.163964080810546
bike,dune_bayes,1368,mean,11.879884195327758,12.46573257446289,13.038875722885132
bike,dune_bayes,1369,mean,11.983475399017333,12.507967948913574,13.034723901748658
bike,dune_bayes,1370,mean,9.869818353652954,10.372422218322754,10.943847417831421
bike,dune_bayes,1371,mean,8.944539833068848,9.46254825592041,10.038556623458863
bike,dune_bayes,1372,mean,8.834664583206177,9.35384225845337,9.926521396636963
bike,dune_bayes,1373,mean,11.361069488525391,11.819047927856445,12.349380636215209
bike,dune_bayes,1374,mean,11.823817920684814,12.33604383468628,12.851448965072631
bike,dune_bayes,1375,mean,8.801621150970458,9.348837852478027,9.950431299209594
bike,dune_bayes,1376,mean,9.045547676086425,9.573501586914062,10.149918937683106
bike,dune_bayes,1377,mean,8.944539833068848,9.46254825592041,10.038556623458863
bike,dune_bayes,1378,mean,8.47014946937561,9.03273630142212,9.628645467758178
bike,dune_bayes,1379,mean,8.944539833068848,9.46254825592041,10.038556623458863
bike,dune_bayes,1380,mean,10.97777681350708,11.42533016204834,11.967421054840088
bike,dune_bayes,1381,mean,12.0267963886261,12.549429416656494,13.075996112823486
bike,dune_bayes,1382,mean,9.663375043869019,10.160531997680664,10.678439092636108
bike,dune_bayes,1383,mean,9.769579696655274,10.293883323669434,10.825570011138916
bike,dune_bayes,1384,mean,10.230473804473878,10.718955039978027,11.226730918884277
bike,dune_bayes,1385,mean,11.12048921585083,11.613412380218506,12.098943281173707
bike,dune_bayes,1386,mean,10.77595238685608,11.26546335220337,11.75278353691101
bike,dune_bayes,1387,mean,10.159980535507202,10.657968044281006,11.179532957077026
bike,dune_bayes,1388,mean,10.489859676361084,10.962812423706055,11.43676962852478
bike,dune_bayes,1389,mean,9.860654497146607,10.390675067901611,10.925330877304077
bike,dune_bayes,1390,mean,9.542367315292358,10.064263343811035,10.611635208129883
bike,dune_bayes,1391,mean,9.654953336715698,10.188885688781738,10.73547821044922
bike,dune_bayes,1392,mean,10.944080305099487,11.467886924743652,11.964237642288207
bike,dune_bayes,1393,mean,10.119396114349366,10.629413604736328,11.149341392517089
bike,dune_bayes,1394,mean,10.058636474609376,10.575310707092285,11.093872833251954
bike,dune_bayes,1395,mean,10.174831533432007,10.67189359664917,11.189293909072877
bike,dune_bayes,1396,mean,11.344853353500366,11.873994827270508,12.351149797439575
bike,dune_bayes,1397,mean,11.431614685058594,11.908166885375977,12.35083236694336
bike,dune_bayes,1398,mean,10.86636824607849,11.352675914764404,11.863770055770875
bike,dune_bayes,1399,mean,10.205911016464233,10.67780065536499,11.192847681045532
bike,dune_bayes,1400,mean,9.548724222183228,10.007778644561768,10.582713413238526
bike,dune_bayes,1401,mean,11.371149492263793,11.873212337493896,12.368059778213501
bike,dune_bayes,1402,mean,10.733521890640258,11.229639530181885,11.713962745666503
bike,dune_bayes,1403,mean,10.318714380264282,10.789221286773682,11.289654302597045
bike,dune_bayes,1404,mean,12.371702575683594,12.962533950805664,13.546693992614745
bike,dune_bayes,1405,mean,11.925023794174194,12.540740489959717,13.122218942642212
bike,dune_bayes,1406,mean,11.525336313247681,12.085994720458984,12.661193990707398
bike,dune_bayes,1407,mean,12.014252042770385,12.544039249420166,13.011007976531982
bike,dune_bayes,1408,mean,11.584512710571289,12.051173686981201,12.521099948883055
bike,dune_bayes,1409,mean,12.206317806243897,12.688485145568848,13.171617937088012
bike,dune_bayes,1410,mean,11.30336880683899,11.79550552368164,12.270038175582886
bike,dune_bayes,1411,mean,10.724941492080688,11.214431762695312,11.71309518814087
bike,dune_bayes,1412,mean,11.086840391159058,11.598530769348145,12.108813095092772
bike,dune_bayes,1413,mean,12.30933780670166,12.8259916305542,13.260972213745116
bike,dune_bayes,1414,mean,12.975765991210938,13.475376605987549,13.924544095993042
bike,dune_bayes,1415,mean,12.771744012832642,13.27197551727295,13.716802597045898
bike,dune_bayes,1416,mean,11.978231143951415,12.464984893798828,12.901195192337036
bike,dune_bayes,1417,mean,11.38840456008911,11.860938549041748,12.315109968185423
bike,dune_bayes,1418,mean,10.670773124694824,11.145634651184082,11.61123013496399
bike,dune_bayes,1419,mean,10.291604471206664,10.837555885314941,11.353939008712768
bike,dune_bayes,1420,mean,10.291604471206664,10.837555885314941,11.353939008712768
bike,dune_bayes,1421,mean,10.245218276977539,10.746869564056396,11.271728420257569
bike,dune_bayes,1422,mean,10.47862548828125,11.018946647644043,11.504166793823241
bike,dune_bayes,1423,mean,11.78403115272522,12.40318250656128,12.949364614486694
bike,dune_bayes,1424,mean,11.814278554916381,12.328038692474365,12.82420768737793
bike,dune_bayes,1425,mean,11.687945032119751,12.223721027374268,12.719825077056885
bike,dune_bayes,1426,mean,10.279945802688598,10.71943187713623,11.247122049331665
bike,dune_bayes,1427,mean,10.333323097229004,10.77522611618042,11.294224739074707
bike,dune_bayes,1428,mean,11.012841749191285,11.475180625915527,11.947245550155639
bike,dune_bayes,1429,mean,12.218042087554931,12.748557567596436,13.229148340225219
bike,dune_bayes,1430,mean,12.404710817337037,12.947363376617432,13.428811836242676
bike,dune_bayes,1431,mean,12.226138019561768,12.742486476898193,13.234378290176391
bike,dune_bayes,1432,mean,11.82309889793396,12.313518047332764,12.785933446884155
bike,dune_bayes,1433,mean,11.613187456130982,12.087167263031006,12.556442356109619
bike,dune_bayes,1434,mean,11.53431396484375,12.104437351226807,12.618383836746215
bike,dune_bayes,1435,mean,10.427319669723511,10.87956714630127,11.370065927505493
bike,dune_bayes,1436,mean,10.427319669723511,10.87956714630127,11.370065927505493
bike,dune_bayes,1437,mean,10.098333311080932,10.575621128082275,11.110359907150267
bike,dune_bayes,1438,mean,11.064322471618652,11.615301132202148,12.204321813583373
bike,dune_bayes,1439,mean,11.31388053894043,11.789901733398438,12.267534255981445
bike,dune_bayes,1440,mean,8.565957260131835,9.062910079956055,9.656562852859498
bike,dune_bayes,1441,mean,8.286375856399536,8.810806274414062,9.406762933731079
bike,dune_bayes,1442,mean,9.27412486076355,9.757732391357422,10.330826044082642
bike,dune_bayes,1443,mean,10.245880460739135,10.7197847366333,11.223924207687377
bike,dune_bayes,1444,mean,9.556184339523316,10.06182336807251,10.625927305221557
bike,dune_bayes,1445,mean,9.654393339157105,10.119694232940674,10.653845930099488
bike,dune_bayes,1446,mean,9.755083370208741,10.230278015136719,10.749662017822265
bike,dune_bayes,1447,mean,10.41983642578125,10.89027452468872,11.355965662002562
bike,dune_bayes,1448,mean,11.054620265960693,11.521354675292969,11.988450765609741
bike,dune_bayes,1449,mean,10.436658430099488,10.89183759689331,11.4081627368927
bike,dune_bayes,1450,mean,9.538725662231446,10.006091117858887,10.560053539276122
bike,dune_bayes,1451,mean,9.755329704284668,10.216396808624268,10.776428365707398
bike,dune_bayes,1452,mean,10.312697839736938,10.799201965332031,11.364879608154297
bike,dune_bayes,1453,mean,11.788188028335572,12.244606018066406,12.70445737838745
bike,dune_bayes,1454,mean,12.04456377029419,12.51798677444458,13.0063392162323
bike,dune_bayes,1455,mean,12.547849988937378,13.04511022567749,13.498353719711304
bike,dune_bayes,1456,mean,10.968923616409302,11.434597492218018,11.929168128967286
bike,dune_bayes,1457,mean,10.695275020599365,11.141424179077148,11.649723148345947
bike,dune_bayes,1458,mean,11.052894926071167,11.513203620910645,11.980733966827392
bike,dune_bayes,1459,mean,10.669937038421631,11.12928056716919,11.627622318267822
bike,dune_bayes,1460,mean,11.462872457504272,11.9105806350708,12.382229948043824
bike,dune_bayes,1461,mean,11.807916641235352,12.324321746826172,12.805843782424926
bike,dune_bayes,1462,mean,12.304858875274657,12.786400318145752,13.23219199180603
bike,dune_bayes,1463,mean,10.454351663589478,10.96459436416626,11.502860641479492
bike,dune_bayes,1464,mean,10.875632762908936,11.362066268920898,11.83420181274414
bike,dune_bayes,1465,mean,10.078298807144165,10.599842548370361,11.146231460571288
bike,dune_bayes,1466,mean,9.755452823638915,10.274198055267334,10.831713342666626
bike,dune_bayes,1467,mean,9.923307180404663,10.423871040344238,10.937784242630004
bike,dune_bayes,1468,mean,9.488510656356812,9.983158588409424,10.535842752456665
bike,dune_bayes,1469,mean,10.154180240631103,10.627608299255371,11.118662357330322
bike,dune_bayes,1470,mean,10.804188346862793,11.46547269821167,12.044744873046875
bike,dune_bayes,1471,mean,10.59683861732483,11.215947151184082,11.75555510520935
bike,dune_bayes,1472,mean,10.300672721862792,10.80363941192627,11.294677066802977
bike,dune_bayes,1473,mean,10.132555627822876,10.58133840560913,11.09701781272888
bike,dune_bayes,1474,mean,9.829336643218994,10.31074333190918,10.84017210006714
bike,dune_bayes,1475,mean,7.911887812614441,8.49878215789795,9.082930183410644
bike,dune_bayes,1476,mean,7.72173798084259,8.268277645111084,8.831364488601684
bike,dune_bayes,1477,mean,7.72173798084259,8.268277645111084,8.831364488601684
bike,dune_bayes,1478,mean,8.164947557449342,8.71668529510498,9.279174900054931
bike,dune_bayes,1479,mean,8.023185110092163,8.515909194946289,9.081626796722412
bike,dune_bayes,1480,mean,8.052966594696045,8.541563034057617,9.10429220199585
bike,dune_bayes,1481,mean,8.835668230056763,9.353642463684082,9.886067819595336
bike,dune_bayes,1482,mean,9.201605987548827,9.66815710067749,10.212265729904175
bike,dune_bayes,1483,mean,11.400138854980469,11.915447235107422,12.405077028274535
bike,dune_bayes,1484,mean,11.177704668045044,11.674885272979736,12.207401895523072
bike,dune_bayes,1485,mean,8.697109651565551,9.196397304534912,9.797746276855468
bike,dune_bayes,1486,mean,8.60041069984436,9.083141326904297,9.667096281051634
bike,dune_bayes,1487,mean,10.936753606796264,11.40998363494873,11.880812311172486
bike,dune_bayes,1488,mean,11.38427004814148,11.856996536254883,12.31384015083313
bike,dune_bayes,1489,mean,11.781340074539184,12.245701313018799,12.694229793548583
bike,dune_bayes,1490,mean,10.65016303062439,11.096587657928467,11.624658632278441
bike,dune_bayes,1491,mean,9.604913187026977,10.05551815032959,10.611912727355957
bike,dune_bayes,1492,mean,11.152127408981324,11.613287925720215,12.075942325592042
bike,dune_bayes,1493,mean,11.878451442718506,12.381874561309814,12.82320098876953
bike,dune_bayes,1494,mean,12.09983205795288,12.577906608581543,13.00851879119873
bike,dune_bayes,1495,mean,10.131753921508789,10.626531600952148,11.177375316619873
bike,dune_bayes,1496,mean,9.318733406066894,9.81756067276001,10.404415750503539
bike,dune_bayes,1497,mean,8.645270824432373,9.176331043243408,9.794666194915772
bike,dune_bayes,1498,mean,8.77141170501709,9.295197010040283,9.896682357788086
bike,dune_bayes,1499,mean,11.731087350845337,12.210797309875488,12.651413440704346
bike,dune_bayes,1500,mean,10.669937038421631,11.12928056716919,11.627622318267822
bike,dune_bayes,1501,mean,10.395475482940673,10.840203762054443,11.363823986053466
bike,dune_bayes,1502,mean,10.279945802688598,10.71943187713623,11.247122049331665
bike,dune_bayes,1503,mean,9.640447759628296,10.09062385559082,10.634245586395263
bike,dune_bayes,1504,mean,9.41110668182373,9.867263793945312,10.439783143997191
bike,dune_bayes,1505,mean,12.009798002243041,12.468239784240723,12.912360143661498
bike,dune_bayes,1506,mean,12.233638143539428,12.725400447845459,13.202013158798218
bike,dune_bayes,1507,mean,12.014393997192382,12.48903751373291,12.924341535568237
bike,dune_bayes,1508,mean,12.208332681655884,12.672032833099365,13.1194899559021
bike,dune_bayes,1509,mean,9.546346139907836,10.05045461654663,10.625699234008788
bike,dune_bayes,1510,mean,9.546346139907836,10.05045461654663,10.625699234008788
bike,dune_bayes,1511,mean,9.882119274139404,10.370605945587158,10.935313701629637
bike,dune_bayes,1512,mean,10.606085729598998,11.215013980865479,11.75900740623474
bike,dune_bayes,1513,mean,10.920696783065797,11.532986640930176,12.066801452636717
bike,dune_bayes,1514,mean,11.571506118774414,12.227903366088867,12.803669214248657
bike,dune_bayes,1515,mean,11.82730941772461,12.366314888000488,12.841410589218139
bike,dune_bayes,1516,mean,12.218472480773926,12.814527034759521,13.337897825241088
bike,dune_bayes,1517,mean,11.966199827194213,12.548679828643799,13.069670009613036
bike,dune_bayes,1518,mean,11.23352870941162,11.805407524108887,12.31086597442627
bike,dune_bayes,1519,mean,10.558708238601685,11.121756076812744,11.69985909461975
bike,dune_bayes,1520,mean,10.600865125656128,11.118253707885742,11.649520683288575
bike,dune_bayes,1521,mean,10.712358140945435,11.209410667419434,11.695786428451537
bike,dune_bayes,1522,mean,11.123604679107666,11.620570659637451,12.14675498008728
bike,dune_bayes,1523,mean,11.222415399551391,11.72197675704956,12.213751888275146
bike,dune_bayes,1524,mean,8.840692949295043,9.321030616760254,9.929628610610962
bike,dune_bayes,1525,mean,8.104526281356812,8.63916826248169,9.269977378845214
bike,dune_bayes,1526,mean,7.651604795455933,8.193851947784424,8.832855844497681
bike,dune_bayes,1527,mean,8.976867485046387,9.453071594238281,10.02520203590393
bike,dune_bayes,1528,mean,8.406758451461792,8.93142557144165,9.519831562042237
bike,dune_bayes,1529,mean,10.131753921508789,10.626531600952148,11.177375316619873
bike,dune_bayes,1530,mean,9.661929082870483,10.117942333221436,10.671099662780762
bike,dune_bayes,1531,mean,9.318533086776734,9.791609764099121,10.361019659042357
bike,dune_bayes,1532,mean,8.938285779953002,9.416999340057373,10.010926342010498
bike,dune_bayes,1533,mean,8.976955080032349,9.456071376800537,10.026651239395141
bike,dune_bayes,1534,mean,11.956512641906738,12.437989711761475,12.873618268966675
bike,dune_bayes,1535,mean,12.25334038734436,12.76508378982544,13.20175223350525
bike,dune_bayes,1536,mean,12.32429118156433,12.793920993804932,13.2230854511261
bike,dune_bayes,1537,mean,11.645452547073365,12.124558925628662,12.569542121887206
bike,dune_bayes,1538,mean,9.882119274139404,10.370605945587158,10.935313701629637
bike,dune_bayes,1539,mean,12.31957550048828,12.7958345413208,13.254624176025391
bike,dune_bayes,1540,mean,9.56510591506958,10.054031372070312,10.553342247009278
bike,dune_bayes,1541,mean,11.149720764160156,11.671917915344238,12.15463662147522
bike,dune_bayes,1542,mean,10.445413541793823,10.935859203338623,11.438953590393066
bike,dune_bayes,1543,mean,10.337176609039307,10.872732639312744,11.422678709030151
bike,dune_bayes,1544,mean,11.153066301345826,11.714133262634277,12.26153621673584
bike,dune_bayes,1545,mean,10.716166830062866,11.239359855651855,11.741317081451415
bike,dune_bayes,1546,mean,9.81963291168213,10.263179779052734,10.806156063079834
bike,dune_bayes,1547,mean,11.336431217193603,11.850105285644531,12.355994844436644
bike,dune_bayes,1548,mean,11.783785676956176,12.313735008239746,12.847628784179687
bike,dune_bayes,1549,mean,11.033850860595702,11.519024848937988,12.031025695800782
bike,dune_bayes,1550,mean,11.12921438217163,11.62385892868042,12.135798692703247
bike,dune_bayes,1551,mean,10.541757678985595,11.01089859008789,11.494505977630615
bike,dune_bayes,1552,mean,10.590416049957275,11.049623966217041,11.535184001922607
bike,dune_bayes,1553,mean,10.208517408370971,10.694141864776611,11.222201490402222
bike,dune_bayes,1554,mean,10.065536308288575,10.517895221710205,11.041717004776
bike,dune_bayes,1555,mean,9.909705305099488,10.364380836486816,10.87479453086853
bike,dune_bayes,1556,mean,11.316529273986816,11.85649824142456,12.400605058670044
bike,dune_bayes,1557,mean,12.054711961746216,12.624738693237305,13.186281633377074
bike,dune_bayes,1558,mean,11.532780408859253,12.01652193069458,12.481348133087158
bike,dune_bayes,1559,mean,11.074619960784911,11.536091804504395,12.000217056274414
bike,dune_bayes,1560,mean,12.55638566017151,13.188499927520752,13.714428091049195
bike,dune_bayes,1561,mean,12.133566236495971,12.620162010192871,13.091942262649535
bike,dune_bayes,1562,mean,12.339135980606079,12.916476249694824,13.385856294631958
bike,dune_bayes,1563,mean,12.339135980606079,12.916476249694824,13.385856294631958
bike,dune_bayes,1564,mean,11.805578565597534,12.269472122192383,12.75568470954895
bike,dune_bayes,1565,mean,11.796624660491943,12.289374351501465,12.77610592842102
bike,dune_bayes,1566,mean,11.535991764068603,12.034006595611572,12.497814273834228
bike,dune_bayes,1567,mean,11.146610546112061,11.63364553451538,12.100441741943358
bike,dune_bayes,1568,mean,11.110346937179566,11.645674705505371,12.133986759185792
bike,dune_bayes,1569,mean,9.210229301452637,9.733139991760254,10.32271966934204
bike,dune_bayes,1570,mean,9.60488781929016,10.086418628692627,10.62345380783081
bike,dune_bayes,1571,mean,10.014749574661256,10.5829758644104,11.09802885055542
bike,dune_bayes,1572,mean,10.435337734222411,10.951383113861084,11.431452655792237
bike,dune_bayes,1573,mean,10.703598594665527,11.240776062011719,11.728368520736694
bike,dune_bayes,1574,mean,11.02657437324524,11.550018787384033,12.035807561874389
bike,dune_bayes,1575,mean,11.11280951499939,11.670493602752686,12.15670404434204
bike,dune_bayes,1576,mean,10.763543939590454,11.346782684326172,11.852663040161133
bike,dune_bayes,1577,mean,10.41384449005127,10.947716236114502,11.48579273223877
bike,dune_bayes,1578,mean,10.99367389678955,11.569090366363525,12.136304903030396
bike,dune_bayes,1579,mean,11.646658563613892,12.149813652038574,12.658075284957885
bike,dune_bayes,1580,mean,11.460181760787965,11.966731548309326,12.476201105117799
bike,dune_bayes,1581,mean,10.113268756866455,10.61396837234497,11.1376371383667
bike,dune_bayes,1582,mean,9.633831596374511,10.097071170806885,10.647952270507812
bike,dune_bayes,1583,mean,11.56632685661316,12.114584922790527,12.65235710144043
bike,dune_bayes,1584,mean,11.282514905929565,11.77000093460083,12.239838361740112
bike,dune_bayes,1585,mean,11.400047874450683,11.931416988372803,12.469034433364868
bike,dune_bayes,1586,mean,10.795031547546387,11.280760765075684,11.78588376045227
bike,dune_bayes,1587,mean,10.459901189804077,10.951777935028076,11.45345335006714
bike,dune_bayes,1588,mean,10.35348334312439,10.809056758880615,11.295022821426391
bike,dune_bayes,1589,mean,11.029064035415649,11.524975776672363,12.018777990341187
bike,dune_bayes,1590,mean,9.942890119552612,10.413727283477783,10.93639154434204
bike,dune_bayes,1591,mean,9.626422643661499,10.114243030548096,10.62418475151062
bike,dune_bayes,1592,mean,9.397516870498658,9.89491891860962,10.420867109298706
bike,dune_bayes,1593,mean,9.919665765762328,10.401480197906494,10.919026088714599
bike,dune_bayes,1594,mean,9.866886806488036,10.351744174957275,10.829193449020384
bike,dune_bayes,1595,mean,9.931144523620606,10.475781917572021,11.003599834442138
bike,dune_bayes,1596,mean,11.060779237747193,11.620561599731445,12.130905723571777
bike,dune_bayes,1597,mean,11.675315332412719,12.277836322784424,12.79124321937561
bike,dune_bayes,1598,mean,10.720401430130005,11.301746368408203,11.827295637130737
bike,dune_bayes,1599,mean,10.675610971450805,11.2366361618042,11.732070159912109
bike,dune_bayes,1600,mean,10.165248250961303,10.633476734161377,11.138582324981689
bike,dune_bayes,1601,mean,9.692843198776245,10.1576247215271,10.687772941589355
bike,dune_bayes,1602,mean,8.765089893341065,9.239376068115234,9.810678291320801
bike,dune_bayes,1603,mean,11.674626731872559,12.182848930358887,12.70601658821106
bike,dune_bayes,1604,mean,9.707504606246948,10.177393436431885,10.711590337753297
bike,dune_bayes,1605,mean,9.18640923500061,9.649990558624268,10.217371320724487
bike,dune_bayes,1606,mean,9.186795854568482,9.694217681884766,10.291776561737061
bike,dune_bayes,1607,mean,8.727127647399902,9.241252899169922,9.88302526473999
bike,dune_bayes,1608,mean,10.333323097229004,10.77522611618042,11.294224739074707
bike,dune_bayes,1609,mean,10.676716470718384,11.133261680603027,11.65253233909607
bike,dune_bayes,1610,mean,11.616962432861328,12.102447986602783,12.554386043548584
bike,dune_bayes,1611,mean,12.234880495071412,12.700193405151367,13.153463745117188
bike,dune_bayes,1612,mean,10.984000205993652,11.453139781951904,11.942169475555419
bike,dune_bayes,1613,mean,9.212342643737793,9.688775539398193,10.262603330612182
bike,dune_bayes,1614,mean,9.04215579032898,9.528481006622314,10.100555610656738
bike,dune_bayes,1615,mean,8.976867485046387,9.453071594238281,10.02520203590393
bike,dune_bayes,1616,mean,11.211198902130127,11.697212219238281,12.190322256088256
bike,dune_bayes,1617,mean,10.48520107269287,10.955920219421387,11.45701789855957
bike,dune_bayes,1618,mean,10.224350357055664,10.715455055236816,11.283702754974366
bike,dune_bayes,1619,mean,8.733226823806763,9.253363132476807,9.834995412826538
bike,dune_bayes,1620,mean,8.733226823806763,9.253363132476807,9.834995412826538
bike,dune_bayes,1621,mean,8.286375856399536,8.810806274414062,9.406762933731079
bike,dune_bayes,1622,mean,8.888640689849854,9.38105821609497,9.903871488571166
bike,dune_bayes,1623,mean,9.260484743118287,9.731114864349365,10.259396648406982
bike,dune_bayes,1624,mean,10.316485977172851,10.831282615661621,11.318373680114746
bike,dune_bayes,1625,mean,9.258471488952637,9.782386302947998,10.360575008392333
bike,dune_bayes,1626,mean,9.94958062171936,10.416140079498291,10.960856723785401
bike,dune_bayes,1627,mean,9.961065483093261,10.439594745635986,10.937555408477783
bike,dune_bayes,1628,mean,10.638390111923218,11.110185623168945,11.60833625793457
bike,dune_bayes,1629,mean,11.744682598114014,12.247735023498535,12.692307949066162
bike,dune_bayes,1630,mean,11.918856620788574,12.388984203338623,12.83279161453247
bike,dune_bayes,1631,mean,11.269271802902221,11.733069896697998,12.18559136390686
bike,dune_bayes,1632,mean,11.285221481323243,11.765264987945557,12.216591072082519
bike,dune_bayes,1633,mean,11.055196762084961,11.533114433288574,11.97891149520874
bike,dune_bayes,1634,mean,9.755452823638915,10.274198055267334,10.831713342666626
bike,dune_bayes,1635,mean,9.755452823638915,10.274198055267334,10.831713342666626
bike,dune_bayes,1636,mean,11.09245023727417,11.571200847625732,12.023188638687133
bike,dune_bayes,1637,mean,10.31718988418579,10.785272598266602,11.283137798309326
bike,dune_bayes,1638,mean,10.085004377365113,10.659791946411133,11.191827630996704
bike,dune_bayes,1639,mean,10.455444765090942,10.944102764129639,11.427927589416504
bike,dune_bayes,1640,mean,10.054233837127686,10.571465969085693,11.054002141952514
bike,dune_bayes,1641,mean,9.681665134429931,10.155865669250488,10.666187381744384
bike,dune_bayes,1642,mean,9.681665134429931,10.155865669250488,10.666187381744384
bike,dune_bayes,1643,mean,10.673487186431885,11.293397426605225,11.838947248458862
bike,dune_bayes,1644,mean,10.132555627822876,10.58133840560913,11.09701781272888
bike,dune_bayes,1645,mean,11.56914963722229,12.155475616455078,12.667035150527955
bike,dune_bayes,1646,mean,11.387150764465332,11.927545547485352,12.400699567794799
bike,dune_bayes,1647,mean,10.827010774612427,11.424687385559082,11.926269674301146
bike,dune_bayes,1648,mean,10.668978548049926,11.21908950805664,11.721906089782715
bike,dune_bayes,1649,mean,10.415709829330444,10.936112403869629,11.445370244979859
bike,dune_bayes,1650,mean,9.868480491638184,10.44115686416626,10.98510422706604
bike,dune_bayes,1651,mean,10.799330472946167,11.345655918121338,11.837892770767212
bike,dune_bayes,1652,mean,8.26276707649231,8.80502700805664,9.44967975616455
bike,dune_bayes,1653,mean,10.888678121566773,11.352685451507568,11.829987096786498
bike,dune_bayes,1654,mean,11.473827457427978,11.96605396270752,12.43110704421997
bike,dune_bayes,1655,mean,11.120105075836182,11.623775005340576,12.098349142074584
bike,dune_bayes,1656,mean,10.8551775932312,11.35686445236206,11.839826107025146
bike,dune_bayes,1657,mean,10.08987193107605,10.572941303253174,11.083089590072632
bike,dune_bayes,1658,mean,8.608551073074342,9.062206745147705,9.638817024230956
bike,dune_bayes,1659,mean,9.03210220336914,9.488869667053223,10.050381803512574
bike,dune_bayes,1660,mean,9.867437028884888,10.339969158172607,10.879363965988158
bike,dune_bayes,1661,mean,10.16071343421936,10.659875392913818,11.246919727325439
bike,dune_bayes,1662,mean,10.435443687438966,10.928590297698975,11.449579620361328
bike,dune_bayes,1663,mean,10.311013078689575,10.78588581085205,11.285306882858276
bike,dune_bayes,1664,mean,7.77095856666565,8.315752983093262,8.949739503860474
bike,dune_bayes,1665,mean,8.104526281356812,8.63916826248169,9.269977378845214
bike,dune_bayes,1666,mean,8.35636215209961,8.885778903961182,9.493856382369994
bike,dune_bayes,1667,mean,9.19311876296997,9.659483432769775,10.194420623779296
bike,dune_bayes,1668,mean,10.290460348129272,10.73463249206543,11.23225531578064
bike,dune_bayes,1669,mean,10.427852630615234,10.9060640335083,11.403399085998535
bike,dune_bayes,1670,mean,10.53377890586853,10.992514610290527,11.493715524673462
bike,dune_bayes,1671,mean,9.529206609725952,9.99409818649292,10.552752304077147
bike,dune_bayes,1672,mean,9.422443628311157,9.881843566894531,10.465890836715698
bike,dune_bayes,1673,mean,9.412335205078126,9.87494945526123,10.443369960784912
bike,dune_bayes,1674,mean,8.604688930511475,9.099146366119385,9.67694616317749
bike,dune_bayes,1675,mean,9.318533086776734,9.791609764099121,10.361019659042357
bike,dune_bayes,1676,mean,10.69674048423767,11.160551071166992,11.668503761291504
bike,dune_bayes,1677,mean,11.307415437698364,11.800405025482178,12.267936563491821
bike,dune_bayes,1678,mean,10.102206373214722,10.585332870483398,11.076173210144043
bike,dune_bayes,1679,mean,9.650095319747924,10.138445377349854,10.646055555343628
bike,dune_bayes,1680,mean,9.758997392654418,10.239349365234375,10.72669448852539
bike,dune_bayes,1681,mean,9.508225250244141,10.00357723236084,10.517479801177977
bike,dune_bayes,1682,mean,9.57775845527649,10.078039169311523,10.611322021484375
bike,dune_bayes,1683,mean,9.397516870498658,9.89491891860962,10.420867109298706
bike,dune_bayes,1684,mean,9.25634822845459,9.749505996704102,10.291427040100098
bike,dune_bayes,1685,mean,9.397516870498658,9.89491891860962,10.420867109298706
bike,dune_bayes,1686,mean,9.334606409072876,9.825747966766357,10.378960943222046
bike,dune_bayes,1687,mean,11.145438051223755,11.689845561981201,12.180526494979858
bike,dune_bayes,1688,mean,10.216958236694335,10.712788581848145,11.217969846725463
bike,dune_bayes,1689,mean,11.511183595657348,12.047125339508057,12.516105031967163
bike,dune_bayes,1690,mean,10.210521984100343,10.721067905426025,11.260836601257322
bike,dune_bayes,1691,mean,8.50999183654785,9.049017906188965,9.686387538909912
bike,dune_bayes,1692,mean,9.269784498214722,9.735793590545654,10.287921953201295
bike,dune_bayes,1693,mean,9.141095542907715,9.604223251342773,10.176995897293091
bike,dune_bayes,1694,mean,9.312680339813232,9.754886150360107,10.308378839492798
bike,dune_bayes,1695,mean,10.604237174987793,11.164844036102295,11.720985603332519
bike,dune_bayes,1696,mean,9.976779794692993,10.483048439025879,11.02920389175415
bike,dune_bayes,1697,mean,9.089918184280396,9.57861852645874,10.141720533370972
bike,dune_bayes,1698,mean,9.026962375640869,9.505476951599121,10.082065725326538
bike,dune_bayes,1699,mean,8.366932392120361,8.89350414276123,9.535046052932739
bike,dune_bayes,1700,mean,8.177474403381348,8.709002494812012,9.355702447891234
bike,dune_bayes,1701,mean,8.130131196975707,8.61408519744873,9.232879829406738
bike,dune_bayes,1702,mean,8.88791618347168,9.388776302337646,9.966541290283203
bike,dune_bayes,1703,mean,10.433066463470459,10.925662994384766,11.42369532585144
bike,dune_bayes,1704,mean,10.1077965259552,10.597234725952148,11.111767578125
bike,dune_bayes,1705,mean,9.31670937538147,9.825511932373047,10.40387601852417
bike,dune_bayes,1706,mean,8.940826559066773,9.4508638381958,10.065311861038207
bike,dune_bayes,1707,mean,8.295506858825684,8.825645923614502,9.468179035186767
bike,dune_bayes,1708,mean,9.31068787574768,9.783826351165771,10.34599871635437
bike,dune_bayes,1709,mean,11.901554489135743,12.468348026275635,12.979863929748536
bike,dune_bayes,1710,mean,10.959707546234132,11.45498514175415,11.942837905883788
bike,dune_bayes,1711,mean,9.665122270584106,10.181623935699463,10.743301010131836
bike,dune_bayes,1712,mean,10.813766765594483,11.290400505065918,11.77586750984192
bike,dune_bayes,1713,mean,10.434188938140869,10.89254379272461,11.395464515686035
bike,dune_bayes,1714,mean,10.077057552337646,10.520578384399414,11.046719694137574
bike,dune_bayes,1715,mean,10.499195623397828,10.963318347930908,11.46585202217102
bike,dune_bayes,1716,mean,11.98898024559021,12.446250438690186,12.905541324615479
bike,dune_bayes,1717,mean,11.807916641235352,12.324321746826172,12.805843782424926
bike,dune_bayes,1718,mean,11.584512710571289,12.051173686981201,12.521099948883055
bike,dune_bayes,1719,mean,11.650755739212036,12.159700870513916,12.632245016098022
bike,dune_bayes,1720,mean,11.128999090194702,11.64121675491333,12.113279676437378
bike,dune_bayes,1721,mean,12.24836745262146,12.815065383911133,13.315927600860595
bike,dune_bayes,1722,mean,11.379143953323364,11.93857479095459,12.431172418594361
bike,dune_bayes,1723,mean,10.338252735137939,10.8517165184021,11.36458191871643
bike,dune_bayes,1724,mean,9.650271224975587,10.10666036605835,10.644188070297242
bike,dune_bayes,1725,mean,9.83015079498291,10.346590042114258,10.866728210449219
bike,dune_bayes,1726,mean,9.825265407562256,10.299728393554688,10.822096872329713
bike,dune_bayes,1727,mean,9.828675699234008,10.327122688293457,10.840067720413208
bike,dune_bayes,1728,mean,9.975404024124146,10.491398811340332,11.026564741134644
bike,dune_bayes,1729,mean,10.337176609039307,10.872732639312744,11.422678709030151
bike,dune_bayes,1730,mean,10.102312517166137,10.594714641571045,11.123943948745728
bike,dune_bayes,1731,mean,8.714334869384766,9.172211170196533,9.761617994308471
bike,dune_bayes,1732,mean,9.165496253967286,9.630239486694336,10.202870321273803
bike,dune_bayes,1733,mean,10.20809268951416,10.710117816925049,11.242580986022949
bike,dune_bayes,1734,mean,10.290269804000854,10.790557861328125,11.313211441040039
bike,dune_bayes,1735,mean,8.410650968551636,8.87544059753418,9.465311050415039
bike,dune_bayes,1736,mean,8.589416551589967,9.075471878051758,9.665467309951783
bike,dune_bayes,1737,mean,7.670885634422302,8.170809745788574,8.767342901229858
bike,dune_bayes,1738,mean,9.614902925491332,10.081562519073486,10.63581976890564
bike,dune_bayes,1739,mean,11.147863531112671,11.701109409332275,12.186119985580444
bike,dune_bayes,1740,mean,10.210521984100343,10.721067905426025,11.260836601257322
bike,dune_bayes,1741,mean,10.495741033554078,11.00617504119873,11.557120037078857
bike,dune_bayes,1742,mean,11.260738182067872,11.72267484664917,12.192020511627197
bike,dune_bayes,1743,mean,10.248810768127441,10.743820667266846,11.286322402954102
bike,dune_bayes,1744,mean,10.014749574661256,10.5829758644104,11.09802885055542
bike,dune_bayes,1745,mean,10.16954197883606,10.693481922149658,11.199877595901489
bike,dune_bayes,1746,mean,10.306188201904297,10.786466121673584,11.26101574897766
bike,dune_bayes,1747,mean,10.245939159393311,10.727831363677979,11.225328826904297
bike,dune_bayes,1748,mean,9.418419122695923,9.930083751678467,10.511607456207276
bike,dune_bayes,1749,mean,8.581018018722535,9.085984230041504,9.70485429763794
bike,dune_bayes,1750,mean,10.061310720443725,10.546141624450684,11.12355308532715
bike,dune_bayes,1751,mean,11.10966935157776,11.612888813018799,12.130225992202758
bike,dune_bayes,1752,mean,10.979011631011963,11.437362670898438,11.916536712646485
bike,dune_bayes,1753,mean,9.147713136672973,9.624369621276855,10.200638484954833
bike,dune_bayes,1754,mean,11.118209791183471,11.789882183074951,12.375942611694335
bike,dune_bayes,1755,mean,11.248662662506103,11.763766765594482,12.245410490036011
bike,dune_bayes,1756,mean,10.987612676620483,11.48048448562622,11.962335205078125
bike,dune_bayes,1757,mean,9.529600858688354,9.97880220413208,10.515338897705078
bike,dune_bayes,1758,mean,9.410707569122314,9.974524021148682,10.514647626876831
bike,dune_bayes,1759,mean,10.365531778335571,10.971415519714355,11.572300052642822
bike,dune_bayes,1760,mean,10.739373111724854,11.31579065322876,11.879271459579467
bike,dune_bayes,1761,mean,9.98953137397766,10.477301597595215,11.012918710708618
bike,dune_bayes,1762,mean,8.904929494857788,9.361720561981201,9.927183389663696
bike,dune_bayes,1763,mean,9.990615558624267,10.466409683227539,10.99034562110901
bike,dune_bayes,1764,mean,10.026218795776368,10.507725715637207,11.021430683135986
bike,dune_bayes,1765,mean,9.932766151428222,10.386989116668701,10.909326887130737
bike,dune_bayes,1766,mean,10.746869325637817,11.331438064575195,11.922590351104736
bike,dune_bayes,1767,mean,10.595097970962524,11.115792751312256,11.632255172729492
bike,dune_bayes,1768,mean,11.1156436920166,11.645787715911865,12.170014667510987
bike,dune_bayes,1769,mean,11.111712408065795,11.627164840698242,12.129007530212402
bike,dune_bayes,1770,mean,10.670498991012574,11.174618244171143,11.655291318893433
bike,dune_bayes,1771,mean,10.219335794448853,10.719029903411865,11.24615797996521
bike,dune_bayes,1772,mean,10.346581935882568,10.847690105438232,11.340873622894286
bike,dune_bayes,1773,mean,9.276963663101196,9.74278211593628,10.314929866790772
bike,dune_bayes,1774,mean,9.350522708892822,9.816816329956055,10.353719186782836
bike,dune_bayes,1775,mean,9.06841220855713,9.54426097869873,10.120065641403198
bike,dune_bayes,1776,mean,10.60931077003479,11.092864990234375,11.563237142562866
bike,dune_bayes,1777,mean,10.758455181121827,11.255675315856934,11.732954311370849
bike,dune_bayes,1778,mean,10.699929237365723,11.277480602264404,11.783550453186034
bike,dune_bayes,1779,mean,10.976017951965332,11.678915023803711,12.28163571357727
bike,dune_bayes,1780,mean,11.284031057357788,11.901418209075928,12.445346307754516
bike,dune_bayes,1781,mean,10.010610389709473,10.53036880493164,11.056543827056885
bike,dune_bayes,1782,mean,9.873300552368164,10.385521411895752,10.915435218811036
bike,dune_bayes,1783,mean,9.423818445205688,9.959089756011963,10.537135314941406
bike,dune_bayes,1784,mean,10.577050113677979,11.08103895187378,11.575051403045654
bike,dune_bayes,1785,mean,10.72497844696045,11.225146770477295,11.715534830093384
bike,dune_bayes,1786,mean,9.977799463272095,10.449979782104492,10.977760457992554
bike,dune_bayes,1787,mean,9.821175813674927,10.274847984313965,10.810536003112793
bike,dune_bayes,1788,mean,9.505182218551635,9.97909688949585,10.52204041481018
bike,dune_bayes,1789,mean,9.05516881942749,9.569115161895752,10.176431703567506
bike,dune_bayes,1790,mean,11.182422828674316,11.645798683166504,12.111812734603882
bike,dune_bayes,1791,mean,11.519608163833619,12.164180755615234,12.797450065612793
bike,dune_bayes,1792,mean,10.201509714126587,10.668684482574463,11.174923944473267
bike,dune_bayes,1793,mean,7.845401310920716,8.342793941497803,8.92860288619995
bike,dune_bayes,1794,mean,7.899509525299072,8.39356279373169,8.94313826560974
bike,dune_bayes,1795,mean,8.683686590194702,9.173001289367676,9.75479507446289
bike,dune_bayes,1796,mean,10.737761306762696,11.236071109771729,11.74639539718628
bike,dune_bayes,1797,mean,11.222348499298096,11.722996234893799,12.242441558837891
bike,dune_bayes,1798,mean,11.07740273475647,11.708379745483398,12.31351704597473
bike,dune_bayes,1799,mean,10.390334367752075,10.923850059509277,11.459681463241576
bike,dune_bayes,1800,mean,10.285998630523682,10.980298519134521,11.649464082717895
bike,dune_bayes,1801,mean,10.205658674240112,10.748762130737305,11.260674858093262
bike,dune_bayes,1802,mean,9.8151939868927,10.370556831359863,10.91403636932373
bike,dune_bayes,1803,mean,9.697936534881592,10.23107099533081,10.776710367202758
bike,dune_bayes,1804,mean,9.697363805770873,10.32457160949707,10.904230499267577
bike,dune_bayes,1805,mean,9.30120792388916,9.874623775482178,10.441724729537963
bike,dune_bayes,1806,mean,9.369701814651489,9.937142372131348,10.498935985565186
bike,dune_bayes,1807,mean,9.981826877593994,10.505424499511719,11.023870706558228
bike,dune_bayes,1808,mean,9.108339881896972,9.632297992706299,10.226920938491821
bike,dune_bayes,1809,mean,10.88658881187439,11.427979946136475,11.933563899993896
bike,dune_bayes,1810,mean,8.81344256401062,9.329296588897705,9.949667072296142
bike,dune_bayes,1811,mean,10.583836555480957,11.074965476989746,11.574181365966798
bike,dune_bayes,1812,mean,8.860838603973388,9.329631805419922,9.906782245635986
bike,dune_bayes,1813,mean,9.720849561691285,10.219122886657715,10.809878921508789
bike,dune_bayes,1814,mean,10.180025720596314,10.661086559295654,11.174319458007812
bike,dune_bayes,1815,mean,11.326878643035888,11.850211143493652,12.362421417236328
bike,dune_bayes,1816,mean,9.828675699234008,10.327122688293457,10.840067720413208
bike,dune_bayes,1817,mean,9.656300497055053,10.139406204223633,10.677706146240235
bike,dune_bayes,1818,mean,9.814118242263794,10.309173583984375,10.841139030456542
bike,dune_bayes,1819,mean,9.966671991348267,10.476898670196533,10.989745235443115
bike,dune_bayes,1820,mean,8.47135500907898,8.963994979858398,9.556874322891234
bike,dune_bayes,1821,mean,11.966199827194213,12.548679828643799,13.069670009613036
bike,dune_bayes,1822,mean,8.816734790802002,9.27880859375,9.87536187171936
bike,dune_bayes,1823,mean,9.390719413757324,9.88389253616333,10.46812834739685
bike,dune_bayes,1824,mean,9.09045696258545,9.555980205535889,10.124626302719117
bike,dune_bayes,1825,mean,9.452741575241088,9.898424625396729,10.458622217178345
bike,dune_bayes,1826,mean,9.577987480163575,10.024577617645264,10.586712503433228
bike,dune_bayes,1827,mean,9.577987480163575,10.024577617645264,10.586712503433228
bike,dune_bayes,1828,mean,9.577987480163575,10.024577617645264,10.586712503433228
bike,dune_bayes,1829,mean,11.12796335220337,11.595006465911865,12.058850860595703
bike,dune_bayes,1830,mean,10.375311470031738,10.887638568878174,11.375861358642577
bike,dune_bayes,1831,mean,10.650608015060424,11.13337755203247,11.611705112457274
bike,dune_bayes,1832,mean,9.557612895965576,10.037930488586426,10.550467014312744
bike,dune_bayes,1833,mean,9.565011119842529,10.027617454528809,10.583067941665648
bike,dune_bayes,1834,mean,10.763543939590454,11.346782684326172,11.852663040161133
bike,dune_bayes,1835,mean,10.080555295944214,10.604966163635254,11.152286291122437
bike,dune_bayes,1836,mean,10.223061323165894,10.750452995300293,11.298591566085815
bike,dune_bayes,1837,mean,10.304569673538207,10.851248264312744,11.397083473205566
bike,dune_bayes,1838,mean,10.282602643966674,10.80131721496582,11.346605443954468
bike,dune_bayes,1839,mean,9.863245820999145,10.386396408081055,10.933888578414917
bike,dune_bayes,1840,mean,9.52560739517212,10.024972438812256,10.585521936416626
bike,dune_bayes,1841,mean,9.45228714942932,10.031667232513428,10.632572650909424
bike,dune_bayes,1842,mean,10.199655485153198,10.780892372131348,11.384132575988769
bike,dune_bayes,1843,mean,10.422162580490113,10.98593807220459,11.554824686050415
bike,dune_bayes,1844,mean,10.52007999420166,11.080095767974854,11.626247072219847
bike,dune_bayes,1845,mean,8.73285665512085,9.222660064697266,9.85202431678772
bike,dune_bayes,1846,mean,8.723713636398315,9.21583080291748,9.812303447723389
bike,dune_bayes,1847,mean,10.114302253723144,10.724253177642822,11.337323331832886
bike,dune_bayes,1848,mean,10.227518892288208,10.779500007629395,11.345053720474242
bike,dune_bayes,1849,mean,9.672041749954223,10.180012226104736,10.690179586410522
bike,dune_bayes,1850,mean,9.193106269836425,9.726669788360596,10.251757097244262
bike,dune_bayes,1851,mean,9.497206974029542,9.9629807472229,10.530747747421264
bike,dune_bayes,1852,mean,11.074166345596314,11.724063396453857,12.285460376739502
bike,dune_bayes,1853,mean,11.208511590957642,11.826251029968262,12.360885381698608
bike,dune_bayes,1854,mean,11.312988996505737,11.853291988372803,12.336122274398802
bike,dune_bayes,1855,mean,11.00639762878418,11.63465404510498,12.17571563720703
bike,dune_bayes,1856,mean,10.671467828750611,11.182867527008057,11.645343923568726
bike,dune_bayes,1857,mean,11.499516773223878,12.16096019744873,12.739626264572143
bike,dune_bayes,1858,mean,11.01615242958069,11.707476139068604,12.301522636413573
bike,dune_bayes,1859,mean,10.956946802139282,11.635587692260742,12.21781611442566
bike,dune_bayes,1860,mean,11.06658353805542,11.686364650726318,12.236169815063477
bike,dune_bayes,1861,mean,10.956946802139282,11.635587692260742,12.21781611442566
bike,dune_bayes,1862,mean,11.090898752212524,11.825541019439697,12.448920774459838
bike,dune_bayes,1863,mean,11.004391527175903,11.67307710647583,12.258172845840454
bike,dune_bayes,1864,mean,10.218534660339355,10.773886680603027,11.293957757949828
bike,dune_bayes,1865,mean,9.744028186798095,10.263148307800293,10.793069219589233
bike,dune_bayes,1866,mean,10.67613205909729,11.235856533050537,11.744954681396484
bike,dune_bayes,1867,mean,10.772362852096558,11.379154682159424,11.91037163734436
bike,dune_bayes,1868,mean,10.384643983840942,11.022203922271729,11.592234706878662
bike,dune_bayes,1869,mean,10.550726747512817,11.123332500457764,11.629378843307494
bike,dune_bayes,1870,mean,10.705879354476929,11.328822612762451,11.849835205078124
bike,dune_bayes,1871,mean,10.894346284866334,11.49748182296753,12.022205448150634
bike,dune_bayes,1872,mean,10.776976203918457,11.333532333374023,11.856634616851807
bike,dune_bayes,1873,mean,10.685394382476806,11.233770847320557,11.789834213256835
bike,dune_bayes,1874,mean,7.599842500686646,8.107654571533203,8.675593757629395
bike,dune_bayes,1875,mean,8.320582342147826,8.82807445526123,9.373180246353149
bike,dune_bayes,1876,mean,8.522195672988891,9.047251224517822,9.596309947967528
bike,dune_bayes,1877,mean,8.075607347488404,8.615214824676514,9.275218820571899
bike,dune_bayes,1878,mean,8.075607347488404,8.615214824676514,9.275218820571899
bike,dune_bayes,1879,mean,7.682385516166687,8.226064205169678,8.898248481750487
bike,dune_bayes,1880,mean,7.987789535522461,8.4813232421875,9.094185829162598
bike,dune_bayes,1881,mean,8.402783393859863,8.86395263671875,9.437358713150022
bike,dune_bayes,1882,mean,8.525859260559082,8.98061990737915,9.566305208206176
bike,dune_bayes,1883,mean,8.437110137939452,8.980023860931396,9.57159972190857
bike,dune_bayes,1884,mean,8.839081716537475,9.308506965637207,9.874404859542846
bike,dune_bayes,1885,mean,8.839081716537475,9.308506965637207,9.874404859542846
bike,dune_bayes,1886,mean,9.06841220855713,9.54426097869873,10.120065641403198
bike,dune_bayes,1887,mean,9.350522708892822,9.816816329956055,10.353719186782836
bike,dune_bayes,1888,mean,10.714024448394776,11.169612884521484,11.692143392562866
bike,dune_bayes,1889,mean,9.112681198120118,9.627123355865479,10.218690490722656
bike,dune_bayes,1890,mean,10.257929944992066,10.712568759918213,11.229829883575439
bike,dune_bayes,1891,mean,9.79544472694397,10.301655292510986,10.856091260910032
bike,dune_bayes,1892,mean,8.990788125991822,9.501468658447266,10.103612518310547
bike,dune_bayes,1893,mean,9.392891025543213,9.840824604034424,10.405376148223876
bike,dune_bayes,1894,mean,8.976955080032349,9.456071376800537,10.026651239395141
bike,dune_bayes,1895,mean,10.252151584625244,10.738181114196777,11.290019845962524
bike,dune_bayes,1896,mean,9.755329704284668,10.216396808624268,10.776428365707398
bike,dune_bayes,1897,mean,9.546346139907836,10.05045461654663,10.625699234008788
bike,dune_bayes,1898,mean,10.070049333572388,10.545953273773193,11.047511863708497
bike,dune_bayes,1899,mean,10.306188201904297,10.786466121673584,11.26101574897766
bike,dune_bayes,1900,mean,9.597702503204346,10.05836534500122,10.61022753715515
bike,dune_bayes,1901,mean,8.098242616653442,8.586826801300049,9.191406631469727
bike,dune_bayes,1902,mean,10.311842203140259,10.783570289611816,11.285491609573365
bike,dune_bayes,1903,mean,10.993050575256348,11.527556896209717,12.082691335678101
bike,dune_bayes,1904,mean,9.9539870262146,10.478698253631592,11.019740056991576
bike,dune_bayes,1905,mean,9.740956258773803,10.26496410369873,10.817200708389283
bike,dune_bayes,1906,mean,10.260849523544312,10.77690076828003,11.30936665534973
bike,dune_bayes,1907,mean,10.624738359451294,11.140571117401123,11.659816074371339
bike,dune_bayes,1908,mean,11.60612998008728,12.262102603912354,12.828279876708985
bike,dune_bayes,1909,mean,10.50458288192749,11.118731021881104,11.636788845062254
bike,dune_bayes,1910,mean,10.550726747512817,11.123332500457764,11.629378843307494
bike,dune_bayes,1911,mean,11.829565954208373,12.364572048187256,12.834363079071045
bike,dune_bayes,1912,mean,11.850850200653076,12.368768215179443,12.864513826370239
bike,dune_bayes,1913,mean,11.038875579833984,11.567909240722656,12.065675926208495
bike,dune_bayes,1914,mean,10.217631244659424,10.704838752746582,11.207547569274901
bike,dune_bayes,1915,mean,10.67179365158081,11.193358898162842,11.704206085205078
bike,dune_bayes,1916,mean,10.858187007904053,11.374099731445312,11.86748251914978
bike,dune_bayes,1917,mean,12.278391885757447,12.785439491271973,13.24524188041687
bike,dune_bayes,1918,mean,12.65816397666931,13.247530460357666,13.733911323547364
bike,dune_bayes,1919,mean,11.438668155670166,11.915205955505371,12.367976665496826
bike,dune_bayes,1920,mean,13.071667766571045,13.588051795959473,14.044284677505493
bike,dune_bayes,1921,mean,12.948814630508423,13.506946086883545,13.960331106185913
bike,dune_bayes,1922,mean,11.384454774856568,11.853060245513916,12.305847883224487
bike,dune_bayes,1923,mean,10.81714448928833,11.266207695007324,11.761080503463745
bike,dune_bayes,1924,mean,9.546346139907836,10.05045461654663,10.625699234008788
bike,dune_bayes,1925,mean,8.851451778411866,9.375284194946289,9.970208120346069
bike,dune_bayes,1926,mean,8.68479390144348,9.208017826080322,9.816788148880004
bike,dune_bayes,1927,mean,11.359526968002319,12.050745487213135,12.634952926635743
bike,dune_bayes,1928,mean,10.913164615631104,11.5555739402771,12.098708438873292
bike,dune_bayes,1929,mean,10.827010774612427,11.424687385559082,11.926269674301146
bike,dune_bayes,1930,mean,10.539392518997193,11.06601858139038,11.570088338851928
bike,dune_bayes,1931,mean,10.900754594802857,11.42759656906128,11.91330099105835
bike,dune_bayes,1932,mean,10.88649091720581,11.400408267974854,11.955402040481568
bike,dune_bayes,1933,mean,11.723210620880128,12.221587657928467,12.686836624145508
bike,dune_bayes,1934,mean,11.67232904434204,12.190560340881348,12.663832426071167
bike,dune_bayes,1935,mean,10.957952690124511,11.466504096984863,11.951808023452758
bike,dune_bayes,1936,mean,9.632903146743775,10.098952293395996,10.638441038131713
bike,dune_bayes,1937,mean,8.069404697418213,8.552733421325684,9.120506763458252
bike,dune_bayes,1938,mean,8.96509518623352,9.446152687072754,10.042121887207031
bike,dune_bayes,1939,mean,7.814376378059388,8.309051036834717,8.849390363693237
bike,dune_bayes,1940,mean,7.719226813316345,8.220510959625244,8.806090879440308
bike,dune_bayes,1941,mean,7.94638454914093,8.449987888336182,9.04703164100647
bike,dune_bayes,1942,mean,7.647548222541809,8.163492679595947,8.772399282455444
bike,dune_bayes,1943,mean,8.784186792373657,9.237095355987549,9.780924224853516
bike,dune_bayes,1944,mean,10.08987193107605,10.572941303253174,11.083089590072632
bike,dune_bayes,1945,mean,10.234388160705567,10.721001625061035,11.234561777114868
bike,dune_bayes,1946,mean,10.212567567825317,10.696057796478271,11.203393363952637
bike,dune_bayes,1947,mean,9.471402883529663,9.95851182937622,10.494013786315918
bike,dune_bayes,1948,mean,8.248891401290894,8.72680139541626,9.343285751342773
bike,dune_bayes,1949,mean,11.184444856643676,11.687692165374756,12.151779747009277
bike,dune_bayes,1950,mean,11.155189752578735,11.719482421875,12.217459201812744
bike,dune_bayes,1951,mean,11.184444856643676,11.687692165374756,12.151779747009277
bike,dune_bayes,1952,mean,11.34729528427124,11.848947525024414,12.320394277572632
bike,dune_bayes,1953,mean,12.18284363746643,12.671827793121338,13.137993001937867
bike,dune_bayes,1954,mean,10.617450857162476,11.107814311981201,11.601201248168945
bike,dune_bayes,1955,mean,10.643201780319213,11.146615982055664,11.626975345611573
bike,dune_bayes,1956,mean,10.26477746963501,10.745848178863525,11.25836248397827
bike,dune_bayes,1957,mean,9.535606718063354,10.057743072509766,10.630332422256469
bike,dune_bayes,1958,mean,9.684428405761718,10.15661907196045,10.69410705566406
bike,dune_bayes,1959,mean,9.059283876419068,9.530720233917236,10.095762395858763
bike,dune_bayes,1960,mean,9.498771715164185,9.99052619934082,10.549860525131226
bike,dune_bayes,1961,mean,11.643729972839356,12.152997493743896,12.635070276260375
bike,dune_bayes,1962,mean,10.14756965637207,10.686509132385254,11.23067364692688
bike,dune_bayes,1963,mean,10.184857368469238,10.683553695678711,11.185093116760253
bike,dune_bayes,1964,mean,10.55569953918457,11.060815811157227,11.579138088226317
bike,dune_bayes,1965,mean,10.995857906341552,11.51360559463501,12.009304332733155
bike,dune_bayes,1966,mean,11.023858261108398,11.543285846710205,12.029403972625731
bike,dune_bayes,1967,mean,9.84182949066162,10.307277202606201,10.841231346130371
bike,dune_bayes,1968,mean,8.835030794143677,9.483526706695557,10.072895288467405
bike,dune_bayes,1969,mean,8.33043794631958,8.884655475616455,9.501603889465331
bike,dune_bayes,1970,mean,8.480959844589233,9.17988634109497,9.908512163162232
bike,dune_bayes,1971,mean,8.680724668502808,9.478146076202393,10.273262882232666
bike,dune_bayes,1972,mean,9.438205575942993,10.165855884552002,10.884158515930176
bike,dune_bayes,1973,mean,10.002467632293701,10.668645858764648,11.33555793762207
bike,dune_bayes,1974,mean,9.58214750289917,10.118180274963379,10.710270833969116
bike,dune_bayes,1975,mean,9.745678567886353,10.305901527404785,10.857978010177613
bike,dune_bayes,1976,mean,9.440236806869507,9.96427059173584,10.52242579460144
bike,dune_bayes,1977,mean,9.39220085144043,9.9207124710083,10.456998395919799
bike,dune_bayes,1978,mean,9.719781541824341,10.273122787475586,10.811264991760254
bike,dune_bayes,1979,mean,11.354579734802247,11.98897933959961,12.512341737747192
bike,dune_bayes,1980,mean,11.780408096313476,12.346788883209229,12.840012788772583
bike,dune_bayes,1981,mean,10.216958236694335,10.712788581848145,11.217969846725463
bike,dune_bayes,1982,mean,10.516297769546508,11.077665328979492,11.65946831703186
bike,dune_bayes,1983,mean,9.902377319335937,10.435781955718994,10.983505249023436
bike,dune_bayes,1984,mean,10.113268756866455,10.61396837234497,11.1376371383667
bike,dune_bayes,1985,mean,11.02840805053711,11.51853609085083,12.013082265853882
bike,dune_bayes,1986,mean,10.238475036621093,10.767268180847168,11.307412862777708
bike,dune_bayes,1987,mean,9.961598968505859,10.480985641479492,11.017915678024291
bike,dune_bayes,1988,mean,9.761430168151856,10.217976570129395,10.753049612045288
bike,dune_bayes,1989,mean,9.761430168151856,10.217976570129395,10.753049612045288
bike,dune_bayes,1990,mean,10.880594730377197,11.3961501121521,11.88493571281433
bike,dune_bayes,1991,mean,11.549799299240112,12.030501365661621,12.491367530822753
bike,dune_bayes,1992,mean,10.951078271865844,11.439654350280762,11.915817975997925
bike,dune_bayes,1993,mean,10.957952690124511,11.466504096984863,11.951808023452758
bike,dune_bayes,1994,mean,9.949965524673463,10.398812294006348,10.92753291130066
bike,dune_bayes,1995,mean,9.556109285354614,10.066988945007324,10.64864730834961
bike,dune_bayes,1996,mean,9.84182949066162,10.307277202606201,10.841231346130371
bike,dune_bayes,1997,mean,9.961598968505859,10.480985641479492,11.017915678024291
bike,dune_bayes,1998,mean,9.84182949066162,10.307277202606201,10.841231346130371
bike,dune_bayes,1999,mean,9.949965524673463,10.398812294006348,10.92753291130066
bike,dune_bayes,2000,mean,10.012722778320313,10.461540222167969,10.987420129776002
bike,dune_bayes,2001,mean,9.67945580482483,10.127564430236816,10.687347316741944
bike,dune_bayes,2002,mean,10.285446119308471,10.749926567077637,11.262562322616578
bike,dune_bayes,2003,mean,9.294988489151,9.765841484069824,10.30919795036316
bike,dune_bayes,2004,mean,9.173960447311401,9.638603687286377,10.197076988220214
bike,dune_bayes,2005,mean,9.112681198120118,9.627123355865479,10.218690490722656
bike,dune_bayes,2006,mean,10.710227918624877,11.220741748809814,11.707955837249756
bike,dune_bayes,2007,mean,9.886845874786378,10.365811347961426,10.872606039047241
bike,dune_bayes,2008,mean,8.573199701309203,9.085607528686523,9.706049966812134
bike,dune_bayes,2009,mean,10.856388998031616,11.353245258331299,11.851157331466675
bike,dune_bayes,2010,mean,11.568390703201294,12.134934425354004,12.710142898559571
bike,dune_bayes,2011,mean,11.316529273986816,11.85649824142456,12.400605058670044
bike,dune_bayes,2012,mean,11.625020456314086,12.151636123657227,12.694405794143677
bike,dune_bayes,2013,mean,9.830160999298096,10.350701332092285,10.891456031799315
bike,dune_bayes,2014,mean,10.237653779983521,10.740570545196533,11.255923461914062
bike,dune_bayes,2015,mean,8.480720043182373,8.96180772781372,9.499368333816527
bike,dune_bayes,2016,mean,10.570262050628662,11.093031406402588,11.611500644683838
bike,dune_bayes,2017,mean,11.466129302978516,12.008484363555908,12.520266246795654
bike,dune_bayes,2018,mean,10.991510820388793,11.515556335449219,11.999955558776856
bike,dune_bayes,2019,mean,9.535606718063354,10.057743072509766,10.630332422256469
bike,dune_bayes,2020,mean,8.979406118392944,9.511323928833008,10.098772716522216
bike,dune_bayes,2021,mean,9.255436658859253,9.760953426361084,10.308994436264038
bike,dune_bayes,2022,mean,9.671069526672364,10.127030849456787,10.67041482925415
bike,dune_bayes,2023,mean,9.818040609359741,10.316103458404541,10.841793155670166
bike,dune_bayes,2024,mean,11.374926614761353,11.92997121810913,12.415357494354248
bike,dune_bayes,2025,mean,10.247460126876831,10.69728946685791,11.202607154846191
bike,dune_bayes,2026,mean,11.45064444541931,11.94698429107666,12.417899084091186
bike,dune_bayes,2027,mean,10.375613164901733,10.8453688621521,11.33523302078247
bike,dune_bayes,2028,mean,9.889296674728394,10.365290641784668,10.873561239242553
bike,dune_bayes,2029,mean,12.649295473098755,13.139262676239014,13.58446044921875
bike,dune_bayes,2030,mean,12.18903603553772,12.676187515258789,13.135441493988036
bike,dune_bayes,2031,mean,10.053908205032348,10.515467643737793,11.043125438690186
bike,dune_bayes,2032,mean,9.652196168899536,10.126026153564453,10.676546955108643
bike,dune_bayes,2033,mean,10.252790641784667,10.766743183135986,11.270053625106812
bike,dune_bayes,2034,mean,9.819650030136108,10.264591693878174,10.798329496383667
bike,dune_bayes,2035,mean,9.763604259490966,10.225179195404053,10.747965717315672
bike,dune_bayes,2036,mean,9.3122230052948,9.801676273345947,10.3544837474823
bike,dune_bayes,2037,mean,11.418198156356812,12.241880893707275,13.04921712875366
bike,dune_bayes,2038,mean,10.770513486862182,11.340836524963379,11.901726341247558
bike,dune_bayes,2039,mean,8.702326822280884,9.240194320678711,9.768640375137329
bike,dune_bayes,2040,mean,10.777091598510742,11.461248874664307,12.116694402694701
bike,dune_bayes,2041,mean,10.37869758605957,10.935254573822021,11.504674434661865
bike,dune_bayes,2042,mean,10.162853717803955,10.68419075012207,11.214456224441529
bike,dune_bayes,2043,mean,10.250840282440185,10.75622034072876,11.287226152420043
bike,dune_bayes,2044,mean,10.751835870742799,11.325284957885742,11.940555906295776
bike,dune_bayes,2045,mean,10.991994333267211,11.53093671798706,12.0443274974823
bike,dune_bayes,2046,mean,9.815931558609009,10.327935218811035,10.843432950973511
bike,dune_bayes,2047,mean,10.111846876144408,10.61058521270752,11.115963888168334
bike,dune_bayes,2048,mean,10.217631244659424,10.704838752746582,11.207547569274901
bike,dune_bayes,2049,mean,12.813653898239135,13.460293769836426,14.027924442291258
bike,dune_bayes,2050,mean,12.417164707183838,13.02877140045166,13.514749383926391
bike,dune_bayes,2051,mean,11.949835729598998,12.447837352752686,12.911469793319702
bike,dune_bayes,2052,mean,11.552496290206909,12.028489589691162,12.47998604774475
bike,dune_bayes,2053,mean,11.23010048866272,11.811793327331543,12.336344385147095
bike,dune_bayes,2054,mean,10.679996824264526,11.230010032653809,11.747392845153808
bike,dune_bayes,2055,mean,10.692667245864868,11.199421405792236,11.689984655380249
bike,dune_bayes,2056,mean,9.258471488952637,9.782386302947998,10.360575008392333
bike,dune_bayes,2057,mean,8.998986339569091,9.509798049926758,10.11905903816223
bike,dune_bayes,2058,mean,9.741206502914428,10.228679656982422,10.729598999023438
bike,dune_bayes,2059,mean,9.492703819274903,9.977243900299072,10.53000988960266
bike,dune_bayes,2060,mean,12.719988870620728,13.235467433929443,13.685745906829833
bike,dune_bayes,2061,mean,12.965800523757935,13.483631610870361,13.938856172561644
bike,dune_bayes,2062,mean,11.559588479995728,12.209084510803223,12.76968879699707
bike,dune_bayes,2063,mean,11.243259286880493,11.739809036254883,12.217940425872802
bike,dune_bayes,2064,mean,10.951078271865844,11.439654350280762,11.915817975997925
bike,dune_bayes,2065,mean,9.556109285354614,10.066988945007324,10.64864730834961
bike,dune_bayes,2066,mean,11.474195003509521,11.969201564788818,12.437177515029907
bike,dune_bayes,2067,mean,8.513723802566528,9.006672382354736,9.562350273132324
bike,dune_bayes,2068,mean,8.33245153427124,8.861587524414062,9.447275304794312
bike,dune_bayes,2069,mean,8.443086004257202,8.962405681610107,9.516575384140014
bike,dune_bayes,2070,mean,8.059111261367798,8.611806392669678,9.215729331970214
bike,dune_bayes,2071,mean,11.113214635849,11.611178874969482,12.124379014968872
bike,dune_bayes,2072,mean,11.978607416152954,12.524559497833252,13.063771486282349
bike,dune_bayes,2073,mean,11.814067935943603,12.350964546203613,12.88672947883606
bike,dune_bayes,2074,mean,10.776073217391968,11.255255699157715,11.76415753364563
bike,dune_bayes,2075,mean,10.770513486862182,11.340836524963379,11.901726341247558
bike,dune_bayes,2076,mean,11.09415774345398,11.765129089355469,12.419308710098267
bike,dune_bayes,2077,mean,10.524478912353516,11.275434494018555,12.018604612350464
bike,dune_bayes,2078,mean,10.503235721588135,11.200945377349854,11.854690885543823
bike,dune_bayes,2079,mean,10.330508661270141,10.848577499389648,11.38654580116272
bike,dune_bayes,2080,mean,10.420574188232422,10.93671178817749,11.460499477386474
bike,dune_bayes,2081,mean,10.420574188232422,10.93671178817749,11.460499477386474
bike,dune_bayes,2082,mean,9.843644714355468,10.358360290527344,10.880937814712524
bike,dune_bayes,2083,mean,10.72793107032776,11.230253219604492,11.716895914077758
bike,dune_bayes,2084,mean,10.505777740478516,11.011475563049316,11.513827562332153
bike,dune_bayes,2085,mean,10.456744813919068,11.20320749282837,11.855327081680297
bike,dune_bayes,2086,mean,9.966798400878906,10.516397953033447,11.083900260925292
bike,dune_bayes,2087,mean,10.182398176193237,10.731031894683838,11.31675410270691
bike,dune_bayes,2088,mean,11.397897863388062,11.954720497131348,12.43971619606018
bike,dune_bayes,2089,mean,11.55139708518982,12.129366397857666,12.63747205734253
bike,dune_bayes,2090,mean,11.736631774902344,12.302162170410156,12.804585027694701
bike,dune_bayes,2091,mean,11.251465463638306,11.804584980010986,12.300395917892455
bike,dune_bayes,2092,mean,10.989037561416627,11.497771263122559,11.983190727233886
bike,dune_bayes,2093,mean,10.608327150344849,11.190561294555664,11.686793088912964
bike,dune_bayes,2094,mean,10.539392518997193,11.06601858139038,11.570088338851928
bike,dune_bayes,2095,mean,12.44578776359558,13.068600177764893,13.618628215789794
bike,dune_bayes,2096,mean,12.648192214965821,13.256092071533203,13.783588409423828
bike,dune_bayes,2097,mean,11.264089965820313,11.778748512268066,12.269983053207397
bike,dune_bayes,2098,mean,11.33448166847229,11.847631931304932,12.335466241836547
bike,dune_bayes,2099,mean,10.4176344871521,10.949999809265137,11.436941528320313
bike,dune_bayes,2100,mean,12.424371099472046,13.166733264923096,13.870978260040284
bike,dune_bayes,2101,mean,11.722627592086791,12.304820537567139,12.838869380950928
bike,dune_bayes,2102,mean,10.330508661270141,10.848577499389648,11.38654580116272
bike,dune_bayes,2103,mean,9.988061571121216,10.527695178985596,11.071714544296265
bike,dune_bayes,2104,mean,9.979414701461792,10.507869243621826,11.05052056312561
bike,dune_bayes,2105,mean,9.997932624816894,10.531583309173584,11.087580633163451
bike,dune_bayes,2106,mean,10.81284031867981,11.37546443939209,11.920307493209839
bike,dune_bayes,2107,mean,10.733478355407716,11.31873607635498,11.929405260086059
bike,dune_bayes,2108,mean,9.43051815032959,9.893990516662598,10.43898901939392
bike,dune_bayes,2109,mean,8.904929494857788,9.361720561981201,9.927183389663696
bike,dune_bayes,2110,mean,8.904929494857788,9.361720561981201,9.927183389663696
bike,dune_bayes,2111,mean,12.001492977142334,12.566465854644775,13.134937000274657
bike,dune_bayes,2112,mean,12.03294816017151,12.560183048248291,13.096314287185669
bike,dune_bayes,2113,mean,10.828170251846313,11.308639526367188,11.792258739471436
bike,dune_bayes,2114,mean,11.042079067230224,11.528351783752441,12.007013177871704
bike,dune_bayes,2115,mean,12.309086132049561,12.794137001037598,13.248407030105591
bike,dune_bayes,2116,mean,12.901125860214233,13.53014850616455,14.086384296417236
bike,dune_bayes,2117,mean,12.116375875473022,12.583630561828613,13.042451667785643
bike,dune_bayes,2118,mean,10.535906791687012,11.011404514312744,11.477722263336181
bike,dune_bayes,2119,mean,12.04971628189087,12.629375457763672,13.1182541847229
bike,dune_bayes,2120,mean,12.999454069137574,13.537617206573486,13.989111280441284
bike,dune_bayes,2121,mean,11.70736746788025,12.207688808441162,12.663101148605346
bike,dune_bayes,2122,mean,11.295221662521362,11.759113788604736,12.221711921691895
bike,dune_bayes,2123,mean,11.030955600738526,11.518072128295898,11.998613977432251
bike,dune_bayes,2124,mean,10.060119676589967,10.532914638519287,11.063239860534669
bike,dune_bayes,2125,mean,10.09543948173523,10.566198825836182,11.092020606994629
bike,dune_bayes,2126,mean,9.785565900802613,10.279461860656738,10.840918636322021
bike,dune_bayes,2127,mean,13.532965087890625,14.078334331512451,14.541493558883667
bike,dune_bayes,2128,mean,13.214429092407226,13.763276100158691,14.22302017211914
bike,dune_bayes,2129,mean,12.84615068435669,13.342238903045654,13.789764356613158
bike,dune_bayes,2130,mean,11.84120864868164,12.321220874786377,12.766147899627686
bike,dune_bayes,2131,mean,11.516162824630737,12.010770797729492,12.453659772872925
bike,dune_bayes,2132,mean,11.21442141532898,11.715943336486816,12.227624702453614
bike,dune_bayes,2133,mean,10.374187803268432,10.831547260284424,11.354848289489746
bike,dune_bayes,2134,mean,10.53853669166565,11.018641948699951,11.520134353637696
bike,dune_bayes,2135,mean,11.543884468078613,12.017398834228516,12.485164785385132
bike,dune_bayes,2136,mean,11.291833972930908,11.769481658935547,12.224835062026978
bike,dune_bayes,2137,mean,10.992129850387574,11.459394454956055,11.921772670745849
bike,dune_bayes,2138,mean,9.712757444381714,10.182341575622559,10.714931201934814
bike,dune_bayes,2139,mean,9.554535102844238,10.02419900894165,10.58897843360901
bike,dune_bayes,2140,mean,9.095511770248413,9.608630180358887,10.14753713607788
bike,dune_bayes,2141,mean,10.05235538482666,10.51330852508545,11.036246585845946
bike,dune_bayes,2142,mean,11.314690971374512,11.790870189666748,12.313257312774658
bike,dune_bayes,2143,mean,11.801677656173705,12.278848648071289,12.774681186676025
bike,dune_bayes,2144,mean,10.188504648208617,10.661965370178223,11.175054454803465
bike,dune_bayes,2145,mean,8.81364140510559,9.316287517547607,9.838952207565308
bike,dune_bayes,2146,mean,9.153227710723877,9.633213520050049,10.164259576797484
bike,dune_bayes,2147,mean,9.216718769073486,9.69862174987793,10.24296522140503
bike,dune_bayes,2148,mean,9.71341323852539,10.192524433135986,10.709508037567138
bike,dune_bayes,2149,mean,10.688488912582397,11.159230709075928,11.67911982536316
bike,dune_bayes,2150,mean,10.457172203063966,10.917503356933594,11.434998369216919
bike,dune_bayes,2151,mean,10.423293542861938,10.87398099899292,11.399021482467651
bike,dune_bayes,2152,mean,9.85889549255371,10.349064826965332,10.870955324172973
bike,dune_bayes,2153,mean,9.946251106262206,10.411025524139404,10.932268047332762
bike,dune_bayes,2154,mean,10.058236598968506,10.521164417266846,11.018276643753051
bike,dune_bayes,2155,mean,11.944016313552856,12.429768562316895,12.909533166885376
bike,dune_bayes,2156,mean,12.67060546875,13.17666244506836,13.63230710029602
bike,dune_bayes,2157,mean,12.503451299667358,13.007749557495117,13.45607213973999
bike,dune_bayes,2158,mean,9.495681428909302,10.04366683959961,10.617460441589355
bike,dune_bayes,2159,mean,10.431638526916505,10.914914608001709,11.409715604782104
bike,dune_bayes,2160,mean,11.296169710159301,11.787170886993408,12.252919387817382
bike,dune_bayes,2161,mean,10.54305167198181,11.058218479156494,11.5832679271698
bike,dune_bayes,2162,mean,10.134855222702026,10.621041297912598,11.12862000465393
bike,dune_bayes,2163,mean,9.84936466217041,10.332538604736328,10.832300901412964
bike,dune_bayes,2164,mean,9.255869293212891,9.767271995544434,10.330579710006713
bike,dune_bayes,2165,mean,9.255869293212891,9.767271995544434,10.330579710006713
bike,dune_bayes,2166,mean,9.673918056488038,10.196697235107422,10.732436752319336
bike,dune_bayes,2167,mean,9.404576921463013,9.943899631500244,10.524104452133178
bike,dune_bayes,2168,mean,9.755452823638915,10.274198055267334,10.831713342666626
bike,dune_bayes,2169,mean,12.903984117507935,13.442520141601562,13.887158870697021
bike,dune_bayes,2170,mean,12.657100009918214,13.165682792663574,13.607559442520142
bike,dune_bayes,2171,mean,12.239839601516724,12.758074760437012,13.198868131637573
bike,dune_bayes,2172,mean,11.950593185424804,12.443496704101562,12.933269929885864
bike,dune_bayes,2173,mean,9.958178806304932,10.441390037536621,10.943546199798584
bike,dune_bayes,2174,mean,8.981898593902589,9.485375881195068,10.020834350585936
bike,dune_bayes,2175,mean,9.012671089172363,9.535155296325684,10.05923318862915
bike,dune_bayes,2176,mean,8.9002601146698,9.424407958984375,9.956147384643554
bike,dune_bayes,2177,mean,8.756398344039917,9.306585311889648,9.851477527618409
bike,dune_bayes,2178,mean,9.14637279510498,9.690020084381104,10.237139749526976
bike,dune_bayes,2179,mean,10.137703084945679,10.631696224212646,11.143627405166626
bike,dune_bayes,2180,mean,11.9503999710083,12.469541549682617,12.946111536026
bike,dune_bayes,2181,mean,12.203840589523315,12.918463706970215,13.59698896408081
bike,dune_bayes,2182,mean,12.295263147354126,12.964819431304932,13.540022563934325
bike,dune_bayes,2183,mean,12.334239768981934,12.942851066589355,13.462655019760131
bike,dune_bayes,2184,mean,10.718672752380371,11.273859977722168,11.795580768585205
bike,dune_bayes,2185,mean,11.504184770584107,12.02455186843872,12.51085319519043
bike,dune_bayes,2186,mean,12.014693927764892,12.597269535064697,13.118625736236572
bike,dune_bayes,2187,mean,11.597133541107178,12.104430198669434,12.570577478408813
bike,dune_bayes,2188,mean,11.36484923362732,11.931847095489502,12.42098479270935
bike,dune_bayes,2189,mean,12.248056030273437,12.841011047363281,13.35936279296875
bike,dune_bayes,2190,mean,12.098690700531005,12.580028057098389,13.035916852951049
bike,dune_bayes,2191,mean,11.38840456008911,11.860938549041748,12.315109968185423
bike,dune_bayes,2192,mean,12.310285234451294,12.840426921844482,13.317311477661132
bike,dune_bayes,2193,mean,12.217586374282837,12.771883964538574,13.267980480194092
bike,dune_bayes,2194,mean,10.617450857162476,11.107814311981201,11.601201248168945
bike,dune_bayes,2195,mean,10.653736925125122,11.162918090820312,11.710839891433716
bike,dune_bayes,2196,mean,10.99184250831604,11.50867509841919,12.034467887878417
bike,dune_bayes,2197,mean,10.971257591247559,11.431619644165039,11.912987327575683
bike,dune_bayes,2198,mean,9.455044174194336,9.938211441040039,10.477509212493896
bike,dune_bayes,2199,mean,9.442960262298584,9.917018413543701,10.43473081588745
bike,dune_bayes,2200,mean,9.53075122833252,10.03514289855957,10.561730861663818
bike,dune_bayes,2201,mean,9.53382043838501,10.023079872131348,10.527467489242554
bike,dune_bayes,2202,mean,9.454067850112915,9.919852256774902,10.470631980895996
bike,dune_bayes,2203,mean,9.016606950759888,9.487576484680176,10.050676774978637
bike,dune_bayes,2204,mean,10.637059116363526,11.107610702514648,11.606077814102173
bike,dune_bayes,2205,mean,10.09543948173523,10.566198825836182,11.092020606994629
bike,dune_bayes,2206,mean,12.687955951690673,13.243443489074707,13.711762857437133
bike,dune_bayes,2207,mean,12.742736434936523,13.284526348114014,13.732293605804443
bike,dune_bayes,2208,mean,12.742736434936523,13.284526348114014,13.732293605804443
bike,dune_bayes,2209,mean,10.15708680152893,10.617134094238281,11.135209274291991
bike,dune_bayes,2210,mean,10.369601488113403,10.882227897644043,11.433408784866334
bike,dune_bayes,2211,mean,11.732365989685059,12.287567615509033,12.7870304107666
bike,dune_bayes,2212,mean,13.18826403617859,13.753042221069336,14.223183631896973
bike,dune_bayes,2213,mean,13.13711371421814,13.681922912597656,14.133469581604004
bike,dune_bayes,2214,mean,11.49492859840393,12.025129318237305,12.5304594039917
bike,dune_bayes,2215,mean,11.294668197631836,11.813430309295654,12.32431468963623
bike,dune_bayes,2216,mean,10.765535306930541,11.269075870513916,11.798345851898194
bike,dune_bayes,2217,mean,10.63902153968811,11.077602863311768,11.600362539291382
bike,dune_bayes,2218,mean,12.292013835906982,12.766746520996094,13.193961191177367
bike,dune_bayes,2219,mean,12.82145938873291,13.473928451538086,14.022185277938842
bike,dune_bayes,2220,mean,11.602093648910522,12.147356033325195,12.631541109085083
bike,dune_bayes,2221,mean,11.999796390533447,12.494864463806152,12.9663170337677
bike,dune_bayes,2222,mean,11.897999620437622,12.450945377349854,12.954542922973634
bike,dune_bayes,2223,mean,12.45219111442566,12.94789981842041,13.40500168800354
bike,dune_bayes,2224,mean,10.673544692993165,11.138325214385986,11.635933589935302
bike,dune_bayes,2225,mean,11.154863548278808,11.676008701324463,12.16187081336975
bike,dune_bayes,2226,mean,10.828765678405762,11.449958324432373,11.95642409324646
bike,dune_bayes,2227,mean,12.599924802780151,13.16836404800415,13.647055196762084
bike,dune_bayes,2228,mean,12.33707399368286,12.832850933074951,13.295689487457276
bike,dune_bayes,2229,mean,12.440703201293946,13.063127517700195,13.63545126914978
bike,dune_bayes,2230,mean,12.414658212661744,13.056939125061035,13.649939823150634
bike,dune_bayes,2231,mean,12.552913808822632,13.145050525665283,13.691647911071778
bike,dune_bayes,2232,mean,12.25430383682251,12.79967737197876,13.282149314880371
bike,dune_bayes,2233,mean,11.87985782623291,12.408515453338623,12.90028018951416
bike,dune_bayes,2234,mean,11.587863349914551,12.10926342010498,12.640204095840454
bike,dune_bayes,2235,mean,11.39727554321289,11.908909320831299,12.408063602447509
bike,dune_bayes,2236,mean,12.653240871429443,13.317383766174316,13.926113653182982
bike,dune_bayes,2237,mean,11.884148740768433,12.381401538848877,12.885783147811889
bike,dune_bayes,2238,mean,12.704411792755128,13.318651676177979,13.850929975509644
bike,dune_bayes,2239,mean,12.958568954467774,13.57051944732666,14.075310659408569
bike,dune_bayes,2240,mean,12.24836745262146,12.815065383911133,13.315927600860595
bike,dune_bayes,2241,mean,11.785721778869629,12.37154769897461,12.887048053741456
bike,dune_bayes,2242,mean,10.858801889419556,11.400426387786865,11.896572065353393
bike,dune_bayes,2243,mean,10.880594730377197,11.3961501121521,11.88493571281433
bike,dune_bayes,2244,mean,10.60931077003479,11.092864990234375,11.563237142562866
bike,dune_bayes,2245,mean,11.706793832778931,12.253896713256836,12.737392282485962
bike,dune_bayes,2246,mean,12.00258436203003,12.632443904876709,13.185648345947266
bike,dune_bayes,2247,mean,12.533531188964844,13.083778858184814,13.563168287277222
bike,dune_bayes,2248,mean,11.970395231246949,12.461594581604004,12.92136058807373
bike,dune_bayes,2249,mean,10.638695240020752,11.117289543151855,11.614233684539794
bike,dune_bayes,2250,mean,12.916537761688232,13.426870346069336,13.928301477432251
bike,dune_bayes,2251,mean,11.963693761825562,12.50864553451538,13.0167067527771
bike,dune_bayes,2252,mean,11.092601585388184,11.557146072387695,12.036615324020385
bike,dune_bayes,2253,mean,9.664979505538941,10.123716831207275,10.664820337295533
bike,dune_bayes,2254,mean,10.733521890640258,11.229639530181885,11.713962745666503
bike,dune_bayes,2255,mean,11.493087863922119,11.970029354095459,12.4454354763031
bike,dune_bayes,2256,mean,11.216627407073975,11.709546566009521,12.224154090881347
bike,dune_bayes,2257,mean,12.48727469444275,13.083642482757568,13.670128536224365
bike,dune_bayes,2258,mean,12.571487951278687,13.148544311523438,13.716162014007567
bike,dune_bayes,2259,mean,11.99891242980957,12.600551128387451,13.191686677932738
bike,dune_bayes,2260,mean,11.514600944519042,12.059880256652832,12.604665327072144
bike,dune_bayes,2261,mean,12.738677978515625,13.35261583328247,13.949285173416138
bike,dune_bayes,2262,mean,12.355208921432496,12.896306037902832,13.425725984573363
bike,dune_bayes,2263,mean,10.600516080856323,11.108012199401855,11.597903633117676
bike,dune_bayes,2264,mean,10.55337986946106,11.071208477020264,11.575147676467896
bike,dune_bayes,2265,mean,12.665913009643555,13.33905553817749,13.925341033935547
bike,dune_bayes,2266,mean,12.772167110443116,13.384475231170654,13.909222507476807
bike,dune_bayes,2267,mean,12.319617414474488,12.845261573791504,13.321315002441406
bike,dune_bayes,2268,mean,12.411559963226319,12.93976640701294,13.415455484390257
bike,dune_bayes,2269,mean,10.416499042510987,10.876911640167236,11.367429733276367
bike,dune_bayes,2270,mean,9.941721343994141,10.433156967163086,11.00242862701416
bike,dune_bayes,2271,mean,9.941721343994141,10.433156967163086,11.00242862701416
bike,dune_bayes,2272,mean,9.873806715011597,10.330507278442383,10.884317016601562
bike,dune_bayes,2273,mean,10.415029525756836,10.915359497070312,11.469211912155151
bike,dune_bayes,2274,mean,12.4722186088562,12.989137649536133,13.44630651473999
bike,dune_bayes,2275,mean,12.4722186088562,12.989137649536133,13.44630651473999
bike,dune_bayes,2276,mean,10.370300102233887,10.834029197692871,11.321262836456299
bike,dune_bayes,2277,mean,8.998986339569091,9.509798049926758,10.11905903816223
bike,dune_bayes,2278,mean,9.821138048171997,10.314655780792236,10.842004108428956
bike,dune_bayes,2279,mean,10.823424243927002,11.304524898529053,11.774812173843383
bike,dune_bayes,2280,mean,11.44016399383545,11.910516738891602,12.362484788894653
bike,dune_bayes,2281,mean,12.760721683502197,13.251392364501953,13.692682600021362
bike,dune_bayes,2282,mean,12.817160654067994,13.32408332824707,13.77422375679016
bike,dune_bayes,2283,mean,9.983571338653565,10.492228507995605,11.005186843872071
bike,dune_bayes,2284,mean,10.385355615615845,10.846737384796143,11.361556482315063
bike,dune_bayes,2285,mean,11.521558046340942,12.060455322265625,12.587505149841308
bike,dune_bayes,2286,mean,11.732220315933228,12.236591815948486,12.723546361923217
bike,dune_bayes,2287,mean,12.0399160861969,12.701437950134277,13.350080299377442
bike,dune_bayes,2288,mean,9.882679843902588,10.417087078094482,10.928801822662352
bike,dune_bayes,2289,mean,9.7376220703125,10.219998836517334,10.73432273864746
bike,dune_bayes,2290,mean,10.195893049240112,10.72667932510376,11.223194122314453
bike,dune_bayes,2291,mean,9.455044174194336,9.938211441040039,10.477509212493896
bike,dune_bayes,2292,mean,9.045055770874024,9.573387145996094,10.126301622390747
bike,dune_bayes,2293,mean,8.663090324401855,9.349080562591553,9.99550175666809
bike,dune_bayes,2294,mean,9.7761860370636,10.359180450439453,10.911392831802369
bike,dune_bayes,2295,mean,9.64198350906372,10.12909984588623,10.64363465309143
bike,dune_bayes,2296,mean,9.525060844421386,9.998243808746338,10.538733625411988
bike,dune_bayes,2297,mean,10.015583896636963,10.478452682495117,11.001121616363525
bike,dune_bayes,2298,mean,10.059657192230224,10.52786922454834,11.057185459136964
bike,dune_bayes,2299,mean,12.805098056793213,13.314734935760498,13.777912521362303
bike,dune_bayes,2300,mean,12.447109270095826,12.932709693908691,13.397722673416137
bike,dune_bayes,2301,mean,12.030736827850342,12.517468929290771,12.964589643478392
bike,dune_bayes,2302,mean,11.775312852859496,12.275522232055664,12.739952611923217
bike,dune_bayes,2303,mean,9.972767353057861,10.432670593261719,10.972076368331908
bike,dune_bayes,2304,mean,9.998345756530762,10.505998611450195,11.060228967666626
bike,dune_bayes,2305,mean,10.951061916351318,11.475441932678223,12.007676506042479
bike,dune_bayes,2306,mean,13.078492212295533,13.704155445098877,14.195829105377197
bike,dune_bayes,2307,mean,11.388853883743286,11.869676113128662,12.328042221069335
bike,dune_bayes,2308,mean,11.488253164291383,11.936578750610352,12.412590837478637
bike,dune_bayes,2309,mean,10.370300102233887,10.834029197692871,11.321262836456299
bike,dune_bayes,2310,mean,9.996789026260377,10.469643592834473,10.996525621414184
bike,dune_bayes,2311,mean,10.506577634811402,10.98557424545288,11.478314208984374
bike,dune_bayes,2312,mean,11.003236722946166,11.498384952545166,11.969861888885498
bike,dune_bayes,2313,mean,10.662742471694946,11.168397426605225,11.655325365066528
bike,dune_bayes,2314,mean,10.963946056365966,11.460758209228516,11.92971248626709
bike,dune_bayes,2315,mean,10.209192180633545,10.675837993621826,11.18543004989624
bike,dune_bayes,2316,mean,11.523896026611329,12.112163543701172,12.637817001342773
bike,dune_bayes,2317,mean,11.83338713645935,12.328893661499023,12.800268363952636
bike,dune_bayes,2318,mean,12.017888259887695,12.63366413116455,13.176975536346434
bike,dune_bayes,2319,mean,12.084344959259033,12.668141841888428,13.163485145568847
bike,dune_bayes,2320,mean,12.922671222686768,13.552143573760986,14.072965669631959
bike,dune_bayes,2321,mean,11.035802316665649,11.521086692810059,12.007135772705078
bike,dune_bayes,2322,mean,10.505795335769653,11.021966457366943,11.600486087799071
bike,dune_bayes,2323,mean,10.473097944259644,11.00398302078247,11.589359951019286
bike,dune_bayes,2324,mean,9.432690525054932,9.902103900909424,10.446699953079223
bike,dune_bayes,2325,mean,8.675244045257568,9.166441917419434,9.725073957443238
bike,dune_bayes,2326,mean,11.576100397109986,12.16584062576294,12.743915271759032
bike,dune_bayes,2327,mean,12.593247127532958,13.133443355560303,13.660517311096191
bike,dune_bayes,2328,mean,10.625820446014405,11.074963569641113,11.58876280784607
bike,dune_bayes,2329,mean,10.315048265457154,10.763715267181396,11.28420510292053
bike,dune_bayes,2330,mean,10.92215609550476,11.409788608551025,11.894440698623658
bike,dune_bayes,2331,mean,11.74564471244812,12.225952625274658,12.66911506652832
bike,dune_bayes,2332,mean,11.76952896118164,12.268699169158936,12.702013492584229
bike,dune_bayes,2333,mean,11.420368337631226,11.891098499298096,12.351449251174927
bike,dune_bayes,2334,mean,10.887335205078125,11.375391483306885,11.867357063293456
bike,dune_bayes,2335,mean,10.431638526916505,10.914914608001709,11.409715604782104
bike,dune_bayes,2336,mean,12.108449506759644,12.607701301574707,13.08429307937622
bike,dune_bayes,2337,mean,12.49351625442505,12.983112812042236,13.448701763153077
bike,dune_bayes,2338,mean,12.80025544166565,13.30356502532959,13.778288793563842
bike,dune_bayes,2339,mean,13.055586338043213,13.560873031616211,14.027227592468261
bike,dune_bayes,2340,mean,12.51491937637329,13.025620460510254,13.472372579574586
bike,dune_bayes,2341,mean,12.191003704071045,12.670398235321045,13.12136287689209
bike,dune_bayes,2342,mean,10.680748558044433,11.190475940704346,11.681766748428345
bike,dune_bayes,2343,mean,11.516379642486573,12.009246826171875,12.457175397872923
bike,dune_bayes,2344,mean,10.092532634735107,10.568748474121094,11.050117778778075
bike,dune_bayes,2345,mean,12.413899755477905,12.918924808502197,13.36549973487854
bike,dune_bayes,2346,mean,10.555477142333984,11.03140640258789,11.518790483474731
bike,dune_bayes,2347,mean,10.510912990570068,11.00062608718872,11.494464778900147
bike,dune_bayes,2348,mean,10.012163400650024,10.552520751953125,11.09580111503601
bike,dune_bayes,2349,mean,9.860910749435424,10.396530628204346,10.955780792236327
bike,dune_bayes,2350,mean,9.706102132797241,10.214123249053955,10.733512735366821
bike,dune_bayes,2351,mean,10.629332399368286,11.147746086120605,11.667831087112427
bike,dune_bayes,2352,mean,10.108446168899537,10.665631771087646,11.169049835205076
bike,dune_bayes,2353,mean,9.958178806304932,10.441390037536621,10.943546199798584
bike,dune_bayes,2354,mean,9.999804830551147,10.516385078430176,11.020720195770263
bike,dune_bayes,2355,mean,9.533155345916748,10.024264335632324,10.547188520431519
bike,dune_bayes,2356,mean,9.958178806304932,10.441390037536621,10.943546199798584
bike,dune_bayes,2357,mean,11.161866569519043,11.615764141082764,12.139297485351562
bike,dune_bayes,2358,mean,11.00947117805481,11.545947551727295,12.113074398040771
bike,dune_bayes,2359,mean,11.246224355697631,11.724668025970459,12.21953134536743
bike,dune_bayes,2360,mean,11.29487648010254,11.771036148071289,12.272933673858642
bike,dune_bayes,2361,mean,10.722456073760986,11.182988166809082,11.682137584686279
bike,dune_bayes,2362,mean,12.415299034118652,12.916203498840332,13.3842041015625
bike,dune_bayes,2363,mean,12.10619215965271,12.576776027679443,13.067191457748413
bike,dune_bayes,2364,mean,11.286557960510255,11.78305959701538,12.241049098968505
bike,dune_bayes,2365,mean,10.399609041213989,10.899284839630127,11.406081771850586
bike,dune_bayes,2366,mean,10.452335453033447,10.991517543792725,11.517370653152465
bike,dune_bayes,2367,mean,12.520389461517334,13.02148151397705,13.481754112243653
bike,dune_bayes,2368,mean,12.64636402130127,13.14842700958252,13.602191925048828
bike,dune_bayes,2369,mean,10.4713285446167,10.94113826751709,11.421028852462769
bike,dune_bayes,2370,mean,10.931214952468872,11.427919864654541,11.890478420257567
bike,dune_bayes,2371,mean,10.821225881576538,11.322611331939697,11.782819366455078
bike,dune_bayes,2372,mean,11.131277084350586,11.671175003051758,12.162552499771119
bike,dune_bayes,2373,mean,12.861443662643433,13.50395917892456,14.08884139060974
bike,dune_bayes,2374,mean,11.82973861694336,12.313444137573242,12.75893030166626
bike,dune_bayes,2375,mean,11.686644220352173,12.167177200317383,12.611138534545898
bike,dune_bayes,2376,mean,12.560672998428345,13.138229370117188,13.613008642196656
bike,dune_bayes,2377,mean,12.811371517181396,13.317606449127197,13.774840593338013
bike,dune_bayes,2378,mean,13.25952410697937,13.854643821716309,14.333700466156007
bike,dune_bayes,2379,mean,13.391244077682495,13.950453758239746,14.421054363250732
bike,dune_bayes,2380,mean,13.162217712402343,13.681239128112793,14.150204277038574
bike,dune_bayes,2381,mean,12.96378812789917,13.467517852783203,13.924869298934937
bike,dune_bayes,2382,mean,11.72986421585083,12.214536666870117,12.718491315841675
bike,dune_bayes,2383,mean,10.487081289291382,11.000516891479492,11.583061027526856
bike,dune_bayes,2384,mean,10.205911016464233,10.67780065536499,11.192847681045532
bike,dune_bayes,2385,mean,10.011254596710206,10.48664665222168,11.015428256988525
bike,dune_bayes,2386,mean,11.083495235443115,11.613256454467773,12.199738168716431
bike,dune_bayes,2387,mean,12.007555532455445,12.527428150177002,13.05554928779602
bike,dune_bayes,2388,mean,12.384686756134034,12.891528129577637,13.399250078201293
bike,dune_bayes,2389,mean,11.087436056137085,11.573384761810303,12.059737634658813
bike,dune_bayes,2390,mean,10.956595087051392,11.428434371948242,11.936104154586792
bike,dune_bayes,2391,mean,11.545261096954345,12.018821239471436,12.514091205596923
bike,dune_bayes,2392,mean,11.66845383644104,12.191878318786621,12.691680812835694
bike,dune_bayes,2393,mean,12.144310998916627,12.642687320709229,13.139014387130738
bike,dune_bayes,2394,mean,11.882385349273681,12.365853786468506,12.855333042144775
bike,dune_bayes,2395,mean,12.127062845230103,12.622028827667236,13.092283010482788
bike,dune_bayes,2396,mean,12.121234464645386,12.621616840362549,13.102856016159057
bike,dune_bayes,2397,mean,11.682937908172608,12.212246894836426,12.675653743743895
bike,dune_bayes,2398,mean,10.017632722854614,10.49649715423584,11.015256214141846
bike,dune_bayes,2399,mean,11.574427890777589,12.052683353424072,12.510425329208372
bike,dune_bayes,2400,mean,10.359660625457764,10.881324768066406,11.39015464782715
bike,dune_bayes,2401,mean,12.061516761779785,12.5612473487854,13.01883487701416
bike,dune_bayes,2402,mean,11.950825357437134,12.457273006439209,12.91767635345459
bike,dune_bayes,2403,mean,10.321680355072022,10.833990573883057,11.34015679359436
bike,dune_bayes,2404,mean,9.9035409450531,10.420617580413818,10.950271272659302
bike,dune_bayes,2405,mean,11.101035404205323,11.605756282806396,12.079205322265626
bike,dune_bayes,2406,mean,11.740458011627197,12.29302167892456,12.789981031417847
bike,dune_bayes,2407,mean,12.59118356704712,13.146453380584717,13.64753589630127
bike,dune_bayes,2408,mean,12.80025544166565,13.30356502532959,13.778288793563842
bike,dune_bayes,2409,mean,11.107446718215943,11.615073680877686,12.096948337554931
bike,dune_bayes,2410,mean,11.101035404205323,11.605756282806396,12.079205322265626
bike,dune_bayes,2411,mean,11.595645189285278,12.127349853515625,12.586570787429809
bike,dune_bayes,2412,mean,11.832557010650635,12.4509916305542,12.990075778961181
bike,dune_bayes,2413,mean,12.45461983680725,12.931159973144531,13.375801229476929
bike,dune_bayes,2414,mean,13.229534673690797,13.74812364578247,14.195658683776855
bike,dune_bayes,2415,mean,11.904405736923218,12.40784740447998,12.840527677536011
bike,dune_bayes,2416,mean,12.8233491897583,13.313624858856201,13.759971380233765
bike,dune_bayes,2417,mean,13.176212882995605,13.71134614944458,14.178777885437011
bike,dune_bayes,2418,mean,11.393053245544433,11.877793312072754,12.35188570022583
bike,dune_bayes,2419,mean,12.095887994766235,12.62086534500122,13.147621345520019
bike,dune_bayes,2420,mean,12.41566343307495,12.937734127044678,13.447324562072753
bike,dune_bayes,2421,mean,11.496671628952026,12.041332721710205,12.615153360366822
bike,dune_bayes,2422,mean,11.585349559783936,12.146934509277344,12.720762348175048
bike,dune_bayes,2423,mean,10.349402523040771,10.809845447540283,11.331200981140137
bike,dune_bayes,2424,mean,11.428539085388184,11.908148288726807,12.385855102539063
bike,dune_bayes,2425,mean,12.58450698852539,13.127120971679688,13.64933819770813
bike,dune_bayes,2426,mean,12.529415798187255,13.070381164550781,13.623102140426635
bike,dune_bayes,2427,mean,11.199300289154053,11.756202220916748,12.312785148620605
bike,dune_bayes,2428,mean,10.574339056015015,11.072513103485107,11.557016229629516
bike,dune_bayes,2429,mean,10.876121139526367,11.393983840942383,11.88629412651062
bike,dune_bayes,2430,mean,10.994016647338867,11.490577697753906,11.95566463470459
bike,dune_bayes,2431,mean,11.650915050506592,12.147499084472656,12.618893194198609
bike,dune_bayes,2432,mean,10.680748558044433,11.190475940704346,11.681766748428345
bike,dune_bayes,2433,mean,12.121744966506958,12.628467082977295,13.07236452102661
bike,dune_bayes,2434,mean,11.38515887260437,11.87282657623291,12.34531021118164
bike,dune_bayes,2435,mean,10.574302911758423,11.050276756286621,11.528155374526978
bike,dune_bayes,2436,mean,10.375015354156494,10.912792682647705,11.451573419570924
bike,dune_bayes,2437,mean,11.071748828887939,11.581414699554443,12.078550577163696
bike,dune_bayes,2438,mean,11.117278718948365,11.671392917633057,12.156915760040283
bike,dune_bayes,2439,mean,11.570784425735473,12.060654640197754,12.531946039199829
bike,dune_bayes,2440,mean,10.782237148284912,11.31155014038086,11.803337860107423
bike,dune_bayes,2441,mean,10.753894948959351,11.269766330718994,11.754635906219482
bike,dune_bayes,2442,mean,12.691491031646729,13.251015186309814,13.7464599609375
bike,dune_bayes,2443,mean,12.724943780899048,13.243289470672607,13.705815029144286
bike,dune_bayes,2444,mean,11.923476266860963,12.423240661621094,12.890948963165282
bike,dune_bayes,2445,mean,11.241427612304687,11.74913215637207,12.218933486938477
bike,dune_bayes,2446,mean,10.506324911117554,11.039512634277344,11.535182762145995
bike,dune_bayes,2447,mean,10.54281439781189,11.076693058013916,11.575189542770385
bike,dune_bayes,2448,mean,10.560033655166626,11.089895248413086,11.595730400085449
bike,dune_bayes,2449,mean,11.358481121063232,11.869230270385742,12.347417974472046
bike,dune_bayes,2450,mean,12.113933038711547,12.617746353149414,13.076171064376831
bike,dune_bayes,2451,mean,10.033526277542114,10.554749965667725,11.067472219467163
bike,dune_bayes,2452,mean,10.027156972885132,10.538575172424316,11.050064516067504
bike,dune_bayes,2453,mean,10.429486799240113,10.96293830871582,11.486054849624633
bike,dune_bayes,2454,mean,10.966847467422486,11.444148540496826,11.954667234420775
bike,dune_bayes,2455,mean,10.551280117034912,11.062360763549805,11.572864580154418
bike,dune_bayes,2456,mean,11.993562412261962,12.484416007995605,13.00594620704651
bike,dune_bayes,2457,mean,12.020185422897338,12.551771640777588,13.054530858993528
bike,dune_bayes,2458,mean,12.295955276489257,12.84221076965332,13.36112961769104
bike,dune_bayes,2459,mean,12.38941216468811,12.94809865951538,13.496066904067993
bike,dune_bayes,2460,mean,11.993562412261962,12.484416007995605,13.00594620704651
bike,dune_bayes,2461,mean,12.052392864227295,12.532000541687012,13.030288171768188
bike,dune_bayes,2462,mean,10.526631212234497,10.998064517974854,11.512427520751952
bike,dune_bayes,2463,mean,12.211286115646363,12.753661155700684,13.312535619735717
bike,dune_bayes,2464,mean,11.453762578964234,11.964478015899658,12.43014817237854
bike,dune_bayes,2465,mean,11.430471658706665,11.928770065307617,12.39135012626648
bike,dune_bayes,2466,mean,12.019757556915284,12.521589279174805,12.990574502944947
bike,dune_bayes,2467,mean,13.03587236404419,13.599808692932129,14.144652605056763
bike,dune_bayes,2468,mean,12.162773513793946,12.797894477844238,13.432726573944091
bike,dune_bayes,2469,mean,9.911563158035278,10.455131530761719,11.029170799255372
bike,dune_bayes,2470,mean,10.16691427230835,10.709319114685059,11.232232713699341
bike,dune_bayes,2471,mean,12.707072305679322,13.233139038085938,13.687423133850098
bike,dune_bayes,2472,mean,11.886766147613525,12.395803451538086,12.850178623199461
bike,dune_bayes,2473,mean,11.714199638366699,12.199861526489258,12.664554166793824
bike,dune_bayes,2474,mean,11.792483568191528,12.294336318969727,12.755120229721069
bike,dune_bayes,2475,mean,11.950593185424804,12.443496704101562,12.933269929885864
bike,dune_bayes,2476,mean,13.082109880447387,13.686373710632324,14.206533098220826
bike,dune_bayes,2477,mean,13.456074047088624,13.987818717956543,14.458390188217162
bike,dune_bayes,2478,mean,13.257814979553222,13.787163734436035,14.246644353866577
bike,dune_bayes,2479,mean,12.86573839187622,13.371713638305664,13.811134099960327
bike,dune_bayes,2480,mean,11.336844158172607,11.842354774475098,12.323454904556273
bike,dune_bayes,2481,mean,11.463352680206299,11.984894275665283,12.42893581390381
bike,dune_bayes,2482,mean,11.776089239120484,12.29457426071167,12.759917259216309
bike,dune_bayes,2483,mean,12.225591325759888,12.729917526245117,13.196415519714355
bike,dune_bayes,2484,mean,10.025108242034912,10.516995906829834,11.030420875549316
bike,dune_bayes,2485,mean,10.752770280838012,11.236676692962646,11.754791831970214
bike,dune_bayes,2486,mean,11.327102184295654,11.840950965881348,12.325381851196289
bike,dune_bayes,2487,mean,12.008780527114869,12.516849994659424,13.041589403152466
bike,dune_bayes,2488,mean,11.80472173690796,12.298542499542236,12.798289823532105
bike,dune_bayes,2489,mean,9.609892654418946,10.08212423324585,10.619779157638549
bike,dune_bayes,2490,mean,11.026612997055054,11.514223575592041,12.035731840133668
bike,dune_bayes,2491,mean,12.686946439743043,13.245033264160156,13.776708745956421
bike,dune_bayes,2492,mean,12.399449968338013,12.895623207092285,13.406733560562134
bike,dune_bayes,2493,mean,11.873669958114624,12.347256183624268,12.786815643310547
bike,dune_bayes,2494,mean,10.91070065498352,11.41750717163086,11.932582712173462
bike,dune_bayes,2495,mean,12.803785276412963,13.48294734954834,14.05675458908081
bike,dune_bayes,2496,mean,13.016650247573853,13.581809997558594,14.061798715591431
bike,dune_bayes,2497,mean,12.87832612991333,13.513286590576172,14.056038045883179
bike,dune_bayes,2498,mean,12.939986562728881,13.538106918334961,14.055971670150758
bike,dune_bayes,2499,mean,12.278021049499511,12.776803970336914,13.24982042312622
bike,dune_bayes,2500,mean,10.7789466381073,11.2809476852417,11.748731231689453
bike,dune_bayes,2501,mean,12.080125951766968,12.555469989776611,12.997249412536622
bike,dune_bayes,2502,mean,12.190648984909057,12.732676029205322,13.232784318923951
bike,dune_bayes,2503,mean,12.374717617034912,12.849477767944336,13.296339797973634
bike,dune_bayes,2504,mean,12.059298229217529,12.557445049285889,12.983934831619262
bike,dune_bayes,2505,mean,10.91070065498352,11.41750717163086,11.932582712173462
bike,dune_bayes,2506,mean,11.70736746788025,12.207688808441162,12.663101148605346
bike,dune_bayes,2507,mean,12.603069067001343,13.127399921417236,13.580573987960815
bike,dune_bayes,2508,mean,11.694859266281128,12.197104454040527,12.65446662902832
bike,dune_bayes,2509,mean,13.189851427078247,13.7523512840271,14.237419319152831
bike,dune_bayes,2510,mean,13.275670623779297,13.842000007629395,14.33088264465332
bike,dune_bayes,2511,mean,13.10962953567505,13.674929141998291,14.154446649551392
bike,dune_bayes,2512,mean,11.013303089141846,11.51059103012085,12.001449728012085
bike,dune_bayes,2513,mean,11.781392478942871,12.291499614715576,12.750543785095214
bike,dune_bayes,2514,mean,12.37173752784729,12.861865997314453,13.293005657196044
bike,dune_bayes,2515,mean,12.800074195861816,13.30361557006836,13.774459266662598
bike,dune_bayes,2516,mean,13.169168996810914,13.749478816986084,14.235895919799804
bike,dune_bayes,2517,mean,13.5269344329834,14.059385299682617,14.539702892303467
bike,dune_bayes,2518,mean,13.478424024581908,14.017370700836182,14.493106460571289
bike,dune_bayes,2519,mean,13.279797744750976,13.795666217803955,14.247822141647339
bike,dune_bayes,2520,mean,12.84108943939209,13.359711170196533,13.800679063796997
bike,dune_bayes,2521,mean,12.262872838974,12.853147029876709,13.443699836730957
bike,dune_bayes,2522,mean,13.332343244552613,13.912805080413818,14.45451111793518
bike,dune_bayes,2523,mean,11.659866046905517,12.127455234527588,12.63770170211792
bike,dune_bayes,2524,mean,11.138327264785767,11.589437007904053,12.141751527786255
bike,dune_bayes,2525,mean,10.97777681350708,11.42533016204834,11.967421054840088
bike,dune_bayes,2526,mean,10.811155223846436,11.297682762145996,11.840149784088133
bike,dune_bayes,2527,mean,13.111771583557129,13.666767120361328,14.202924823760986
bike,dune_bayes,2528,mean,11.775445365905762,12.253022193908691,12.794363355636596
bike,dune_bayes,2529,mean,11.241427612304687,11.74913215637207,12.218933486938477
bike,dune_bayes,2530,mean,13.283418941497803,13.848927021026611,14.350777912139892
bike,dune_bayes,2531,mean,12.061516761779785,12.5612473487854,13.01883487701416
bike,dune_bayes,2532,mean,10.817658233642579,11.324687957763672,11.814360189437867
bike,dune_bayes,2533,mean,11.184370994567871,11.694577693939209,12.16479778289795
bike,dune_bayes,2534,mean,11.005801582336426,11.516759872436523,11.963777256011962
bike,dune_bayes,2535,mean,12.840945863723755,13.463596820831299,13.981839561462403
bike,dune_bayes,2536,mean,13.157817268371582,13.789693355560303,14.336594676971435
bike,dune_bayes,2537,mean,12.549041795730592,13.083174705505371,13.545222234725951
bike,dune_bayes,2538,mean,12.561941289901734,13.080135345458984,13.557946491241454
bike,dune_bayes,2539,mean,12.262980699539185,12.746719360351562,13.193176889419556
bike,dune_bayes,2540,mean,12.122178649902343,12.609567165374756,13.069127416610717
bike,dune_bayes,2541,mean,12.430505228042602,12.929830551147461,13.39503779411316
bike,dune_bayes,2542,mean,12.972710800170898,13.4955735206604,13.9664822101593
bike,dune_bayes,2543,mean,10.727949237823486,11.226737022399902,11.712682533264159
bike,dune_bayes,2544,mean,10.727949237823486,11.226737022399902,11.712682533264159
bike,dune_bayes,2545,mean,12.284801197052001,12.77383041381836,13.211754131317138
bike,dune_bayes,2546,mean,12.64636402130127,13.14842700958252,13.602191925048828
bike,dune_bayes,2547,mean,12.880178451538086,13.392629146575928,13.834374856948852
bike,dune_bayes,2548,mean,13.217372417449951,13.738388538360596,14.186712551116944
bike,dune_bayes,2549,mean,12.089334630966187,12.575669288635254,13.073118877410888
bike,dune_bayes,2550,mean,12.65557827949524,13.182885646820068,13.713274335861206
bike,dune_bayes,2551,mean,12.423529624938965,12.921295166015625,13.433794450759887
bike,dune_bayes,2552,mean,11.783819818496704,12.296292781829834,12.820449733734131
bike,dune_bayes,2553,mean,10.900693702697755,11.368699073791504,11.897208070755005
bike,dune_bayes,2554,mean,12.074787521362305,12.571035861968994,13.05556960105896
bike,dune_bayes,2555,mean,11.882385349273681,12.365853786468506,12.855333042144775
bike,dune_bayes,2556,mean,11.222116136550904,11.694077014923096,12.189770936965942
bike,dune_bayes,2557,mean,10.230473804473878,10.718955039978027,11.226730918884277
bike,dune_bayes,2558,mean,10.6937659740448,11.176838874816895,11.666138648986816
bike,dune_bayes,2559,mean,10.731028318405151,11.20922040939331,11.674164295196533
bike,dune_bayes,2560,mean,11.653525876998902,12.120911121368408,12.581136512756348
bike,dune_bayes,2561,mean,11.680328607559204,12.151952743530273,12.60984525680542
bike,dune_bayes,2562,mean,11.470774936676026,11.954182147979736,12.411145210266113
bike,dune_bayes,2563,mean,11.699970769882203,12.180453300476074,12.643175220489502
bike,dune_bayes,2564,mean,11.489560270309449,11.98405408859253,12.441852045059203
bike,dune_bayes,2565,mean,11.033270263671875,11.540709495544434,12.017208671569824
bike,dune_bayes,2566,mean,11.409736347198486,11.910645484924316,12.395291900634765
bike,dune_bayes,2567,mean,11.78133716583252,12.265336036682129,12.725821304321288
bike,dune_bayes,2568,mean,12.436212635040283,12.956665992736816,13.404760932922363
bike,dune_bayes,2569,mean,12.820630550384521,13.320897102355957,13.788546800613403
bike,dune_bayes,2570,mean,10.922864103317261,11.442556381225586,11.940790271759033
bike,dune_bayes,2571,mean,10.526486110687255,11.052237510681152,11.554701280593871
bike,dune_bayes,2572,mean,13.03477897644043,13.619760513305664,14.163820219039916
bike,dune_bayes,2573,mean,12.977827310562134,13.505017757415771,13.997425222396851
bike,dune_bayes,2574,mean,12.436315107345582,12.95683765411377,13.407726526260376
bike,dune_bayes,2575,mean,11.53165545463562,12.09993028640747,12.615233278274536
bike,dune_bayes,2576,mean,12.907239389419555,13.437328815460205,13.913910484313964
bike,dune_bayes,2577,mean,12.93112392425537,13.431207656860352,13.90373182296753
bike,dune_bayes,2578,mean,12.634371328353883,13.122385501861572,13.584938859939573
bike,dune_bayes,2579,mean,12.793468809127807,13.288906574249268,13.758380651473999
bike,dune_bayes,2580,mean,12.170024347305297,12.66803503036499,13.144803476333617
bike,dune_bayes,2581,mean,11.834588289260864,12.327786922454834,12.783688116073607
bike,dune_bayes,2582,mean,10.417722129821778,10.924991607666016,11.425232028961181
bike,dune_bayes,2583,mean,10.277825021743775,10.777735710144043,11.309497451782226
bike,dune_bayes,2584,mean,13.071014404296875,13.645686626434326,14.214080142974852
bike,dune_bayes,2585,mean,13.183265972137452,13.758613109588623,14.301623153686522
bike,dune_bayes,2586,mean,13.16007866859436,13.701677799224854,14.239660406112671
bike,dune_bayes,2587,mean,10.968970394134521,11.506733894348145,12.074309539794921
bike,dune_bayes,2588,mean,11.37090311050415,11.825594425201416,12.33353362083435
bike,dune_bayes,2589,mean,12.929916715621948,13.448569774627686,13.983394527435303
bike,dune_bayes,2590,mean,12.198768758773804,12.681960105895996,13.138788270950318
bike,dune_bayes,2591,mean,11.570784425735473,12.060654640197754,12.531946039199829
bike,dune_bayes,2592,mean,13.239760971069336,13.784964084625244,14.29116506576538
bike,dune_bayes,2593,mean,13.209206867218018,13.725208282470703,14.208573532104491
bike,dune_bayes,2594,mean,13.52540364265442,14.134852886199951,14.658997392654419
bike,dune_bayes,2595,mean,13.06130256652832,13.636556148529053,14.123055505752562
bike,dune_bayes,2596,mean,12.419156217575074,12.939717292785645,13.41366138458252
bike,dune_bayes,2597,mean,12.408009576797486,12.940731525421143,13.417937469482421
bike,dune_bayes,2598,mean,12.447029542922973,13.060601234436035,13.571174430847167
bike,dune_bayes,2599,mean,13.359697246551514,14.00403356552124,14.615250730514527
bike,dune_bayes,2600,mean,13.394591426849365,14.043729782104492,14.599183845520018
bike,dune_bayes,2601,mean,12.8233491897583,13.313624858856201,13.759971380233765
bike,dune_bayes,2602,mean,12.54957218170166,13.0753173828125,13.552722501754761
bike,dune_bayes,2603,mean,12.66888461112976,13.25745153427124,13.759701013565063
bike,dune_bayes,2604,mean,12.758333921432495,13.328200340270996,13.816828298568725
bike,dune_bayes,2605,mean,13.206856822967529,13.731756687164307,14.212947177886964
bike,dune_bayes,2606,mean,13.546438264846802,14.12870454788208,14.628312683105468
bike,dune_bayes,2607,mean,13.682200574874878,14.326357364654541,14.9259925365448
bike,dune_bayes,2608,mean,13.75084981918335,14.359957695007324,14.907136726379395
bike,dune_bayes,2609,mean,13.670671463012695,14.260030269622803,14.777804470062256
bike,dune_bayes,2610,mean,13.584698820114136,14.172301769256592,14.674530220031738
bike,dune_bayes,2611,mean,12.435864114761353,12.967892169952393,13.410164737701416
bike,dune_bayes,2612,mean,11.941086530685425,12.434074401855469,12.886657333374023
bike,dune_bayes,2613,mean,13.773205614089965,14.347135066986084,14.862585258483886
bike,dune_bayes,2614,mean,13.812174129486085,14.40741491317749,14.946778202056885
bike,dune_bayes,2615,mean,13.891167736053466,14.438292026519775,14.931320524215698
bike,dune_bayes,2616,mean,12.714144420623779,13.216076850891113,13.679257154464722
bike,dune_bayes,2617,mean,12.77643256187439,13.286869525909424,13.747257137298584
bike,dune_bayes,2618,mean,12.75803475379944,13.27903699874878,13.742501640319825
bike,dune_bayes,2619,mean,12.511852312088013,13.006031513214111,13.464571332931518
bike,dune_bayes,2620,mean,12.113933038711547,12.617746353149414,13.076171064376831
bike,dune_bayes,2621,mean,12.29183096885681,12.788112163543701,13.240725898742676
bike,dune_bayes,2622,mean,13.491827392578125,14.02553415298462,14.522676753997803
bike,dune_bayes,2623,mean,13.50930314064026,14.058176517486572,14.548756408691405
bike,dune_bayes,2624,mean,13.202719831466675,13.729621410369873,14.212240839004517
bike,dune_bayes,2625,mean,10.085068511962891,10.602474212646484,11.105870819091797
bike,dune_bayes,2626,mean,12.938015413284301,13.491868495941162,14.029825401306152
bike,dune_bayes,2627,mean,12.3127112865448,12.798604488372803,13.296686124801635
bike,dune_bayes,2628,mean,10.984164714813232,11.484307765960693,12.03122806549072
bike,dune_bayes,2629,mean,11.700561666488648,12.268000602722168,12.826253032684326
bike,dune_bayes,2630,mean,12.700056219100953,13.24842357635498,13.806899833679198
bike,dune_bayes,2631,mean,12.876237726211547,13.389764308929443,13.939294290542602
bike,dune_bayes,2632,mean,12.976790475845338,13.513433933258057,14.073247957229615
bike,dune_bayes,2633,mean,12.699443578720093,13.227689743041992,13.750501251220703
bike,dune_bayes,2634,mean,12.600536727905274,13.092474460601807,13.54829111099243
bike,dune_bayes,2635,mean,13.492236852645874,14.032687664031982,14.510085582733154
bike,dune_bayes,2636,mean,13.070247507095337,13.601356983184814,14.048220539093018
bike,dune_bayes,2637,mean,12.959382152557373,13.49594497680664,13.936300277709961
bike,dune_bayes,2638,mean,12.02143578529358,12.578466415405273,13.082754182815552
bike,dune_bayes,2639,mean,12.194801521301269,12.710633277893066,13.164796352386475
bike,dune_bayes,2640,mean,13.545390796661376,14.080763816833496,14.571292829513549
bike,dune_bayes,2641,mean,13.749382209777831,14.300485134124756,14.800794792175292
bike,dune_bayes,2642,mean,13.84827995300293,14.411014080047607,14.907431983947754
bike,dune_bayes,2643,mean,13.627865552902222,14.164620399475098,14.647863912582398
bike,dune_bayes,2644,mean,10.600917339324951,11.13265609741211,11.710576820373534
bike,dune_bayes,2645,mean,10.42495265007019,10.933961868286133,11.453742790222169
bike,dune_bayes,2646,mean,12.017081832885742,12.592272758483887,13.147911071777344
bike,dune_bayes,2647,mean,12.786275672912598,13.298070907592773,13.850038814544678
bike,dune_bayes,2648,mean,12.666618156433106,13.162096500396729,13.616329860687255
bike,dune_bayes,2649,mean,12.229749488830567,12.783634185791016,13.289119100570678
bike,dune_bayes,2650,mean,13.614446687698365,14.171770572662354,14.711648321151733
bike,dune_bayes,2651,mean,13.699020338058471,14.237630844116211,14.744139289855957
bike,dune_bayes,2652,mean,13.513268756866456,14.057243824005127,14.589371538162231
bike,dune_bayes,2653,mean,13.372985982894898,13.896508693695068,14.385449934005736
bike,dune_bayes,2654,mean,12.57244963645935,13.085441589355469,13.553808355331421
bike,dune_bayes,2655,mean,12.380418586730958,12.886497497558594,13.351133775711059
bike,dune_bayes,2656,mean,12.019336795806884,12.514028072357178,12.96899709701538
bike,dune_bayes,2657,mean,12.245719957351685,12.735808372497559,13.18527307510376
bike,dune_bayes,2658,mean,12.218476819992066,12.704533576965332,13.156566190719603
bike,dune_bayes,2659,mean,13.214895248413086,13.742125034332275,14.196229362487793
bike,dune_bayes,2660,mean,12.833214473724365,13.365692615509033,13.809575462341309
bike,dune_bayes,2661,mean,11.412969923019409,11.911277770996094,12.436776256561279
bike,dune_bayes,2662,mean,11.878789234161378,12.383872032165527,12.930318927764892
bike,dune_bayes,2663,mean,12.882824039459228,13.415351390838623,13.937963771820069
bike,dune_bayes,2664,mean,12.170709466934204,12.675975322723389,13.18698124885559
bike,dune_bayes,2665,mean,12.82996039390564,13.389578819274902,13.957630014419555
bike,dune_bayes,2666,mean,12.84578309059143,13.382835388183594,13.946378135681151
bike,dune_bayes,2667,mean,10.393284034729003,10.907471179962158,11.449358558654785
bike,dune_bayes,2668,mean,10.75083155632019,11.264143943786621,11.77814507484436
bike,dune_bayes,2669,mean,10.899428224563598,11.430728912353516,11.923060750961303
bike,dune_bayes,2670,mean,10.826955699920655,11.384940147399902,11.934184885025024
bike,dune_bayes,2671,mean,11.125870037078858,11.636589527130127,12.102089023590088
bike,dune_bayes,2672,mean,13.097957801818847,13.598641395568848,14.070768642425536
bike,dune_bayes,2673,mean,13.30157561302185,13.84033489227295,14.331682157516479
bike,dune_bayes,2674,mean,12.476336812973022,12.9913969039917,13.451375579833984
bike,dune_bayes,2675,mean,12.345380687713623,12.86318063735962,13.313691091537475
bike,dune_bayes,2676,mean,11.640844297409057,12.132041931152344,12.610500526428222
bike,dune_bayes,2677,mean,11.322938776016235,11.817285060882568,12.300523710250854
bike,dune_bayes,2678,mean,12.438135719299316,12.9254732131958,13.38789758682251
bike,dune_bayes,2679,mean,11.757137870788574,12.25050973892212,12.706864166259765
bike,dune_bayes,2680,mean,11.111933612823487,11.599034786224365,12.076570224761962
bike,dune_bayes,2681,mean,10.24646611213684,10.804725170135498,11.332677507400513
bike,dune_bayes,2682,mean,10.24646611213684,10.804725170135498,11.332677507400513
bike,dune_bayes,2683,mean,10.63705129623413,11.155710697174072,11.661264801025391
bike,dune_bayes,2684,mean,10.63705129623413,11.155710697174072,11.661264801025391
bike,dune_bayes,2685,mean,13.179259443283081,13.709678649902344,14.164308071136475
bike,dune_bayes,2686,mean,13.356737184524537,13.87166690826416,14.330630016326904
bike,dune_bayes,2687,mean,13.56989312171936,14.108126163482666,14.59795389175415
bike,dune_bayes,2688,mean,11.740458011627197,12.29302167892456,12.789981031417847
bike,dune_bayes,2689,mean,11.409736347198486,11.910645484924316,12.395291900634765
bike,dune_bayes,2690,mean,12.020510244369508,12.510196685791016,12.959770822525025
bike,dune_bayes,2691,mean,13.312117719650269,13.841602325439453,14.299073076248169
bike,dune_bayes,2692,mean,12.952812194824219,13.461992740631104,13.929047679901123
bike,dune_bayes,2693,mean,12.447317504882813,12.993617534637451,13.492446470260619
bike,dune_bayes,2694,mean,10.557246875762939,11.037028312683105,11.591244029998778
bike,dune_bayes,2695,mean,11.663428831100465,12.148461818695068,12.713048648834228
bike,dune_bayes,2696,mean,12.165071725845337,12.650169849395752,13.157337379455566
bike,dune_bayes,2697,mean,10.919065189361572,11.490710735321045,12.077006149291991
bike,dune_bayes,2698,mean,10.813713788986206,11.316715240478516,11.84524779319763
bike,dune_bayes,2699,mean,10.393284034729003,10.907471179962158,11.449358558654785
bike,dune_bayes,2700,mean,10.20621166229248,10.725874900817871,11.236261510848998
bike,dune_bayes,2701,mean,11.872299861907958,12.5298490524292,13.197747707366943
bike,dune_bayes,2702,mean,10.813713788986206,11.316715240478516,11.84524779319763
bike,dune_bayes,2703,mean,11.56913423538208,12.073526859283447,12.574405479431153
bike,dune_bayes,2704,mean,11.784096002578735,12.296531677246094,12.776908874511719
bike,dune_bayes,2705,mean,12.070826387405395,12.566374778747559,13.03367075920105
bike,dune_bayes,2706,mean,11.633860206604004,12.136032104492188,12.624850034713743
bike,dune_bayes,2707,mean,11.53165545463562,12.09993028640747,12.615233278274536
bike,dune_bayes,2708,mean,13.064739084243774,13.573789119720459,14.050392627716064
bike,dune_bayes,2709,mean,13.715262413024902,14.260469436645508,14.760145807266236
bike,dune_bayes,2710,mean,11.889000272750854,12.387423515319824,12.849483585357666
bike,dune_bayes,2711,mean,12.886665487289429,13.457767963409424,13.996335411071776
bike,dune_bayes,2712,mean,12.25238857269287,12.759604930877686,13.218565654754638
bike,dune_bayes,2713,mean,12.065715408325195,12.568341255187988,13.04410810470581
bike,dune_bayes,2714,mean,11.932193374633789,12.503252029418945,13.019408178329467
bike,dune_bayes,2715,mean,12.400979709625243,12.918766975402832,13.380894422531128
bike,dune_bayes,2716,mean,12.025304079055786,12.53286361694336,13.005890846252441
bike,dune_bayes,2717,mean,12.073396253585816,12.575320720672607,13.03292899131775
bike,dune_bayes,2718,mean,12.931812429428101,13.4693922996521,13.958826828002929
bike,dune_bayes,2719,mean,12.871979904174804,13.444155216217041,13.972957277297972
bike,dune_bayes,2720,mean,13.336565971374512,13.871392250061035,14.344025373458862
bike,dune_bayes,2721,mean,10.704813385009766,11.2162504196167,11.728910684585571
bike,dune_bayes,2722,mean,10.73800163269043,11.272082328796387,11.791115093231202
bike,dune_bayes,2723,mean,11.376241731643677,11.873202323913574,12.358263540267943
bike,dune_bayes,2724,mean,11.251704454421997,11.775012493133545,12.261462020874024
bike,dune_bayes,2725,mean,10.41276183128357,10.997905731201172,11.507491064071655
bike,dune_bayes,2726,mean,10.007074737548828,10.545762062072754,11.044833517074585
bike,dune_bayes,2727,mean,10.343775606155395,10.852084159851074,11.361802053451537
bike,dune_bayes,2728,mean,10.083768558502197,10.627286434173584,11.132287979125977
bike,dune_bayes,2729,mean,10.048554992675781,10.553177833557129,11.056334114074707
bike,dune_bayes,2730,mean,10.003695487976074,10.513289451599121,11.000895977020264
bike,dune_bayes,2731,mean,10.003695487976074,10.513289451599121,11.000895977020264
bike,dune_bayes,2732,mean,9.557390308380127,10.123879432678223,10.699968576431274
bike,dune_bayes,2733,mean,10.78096137046814,11.320130825042725,11.885799741744995
bike,dune_bayes,2734,mean,11.405675554275513,11.861721515655518,12.418728685379028
bike,dune_bayes,2735,mean,11.08173327445984,11.56787395477295,12.108332872390747
bike,dune_bayes,2736,mean,11.107206106185913,11.61132287979126,12.120489740371704
bike,dune_bayes,2737,mean,10.582541894912719,11.11465311050415,11.621533918380738
bike,dune_bayes,2738,mean,10.417324542999268,10.941836833953857,11.471088409423828
bike,dune_bayes,2739,mean,10.417324542999268,10.941836833953857,11.471088409423828
bike,dune_bayes,2740,mean,11.099771404266358,11.610579490661621,12.092430353164673
bike,dune_bayes,2741,mean,12.859664154052734,13.366342067718506,13.824561738967896
bike,dune_bayes,2742,mean,12.559167718887329,13.054718494415283,13.513973903656005
bike,dune_bayes,2743,mean,12.977827310562134,13.505017757415771,13.997425222396851
bike,dune_bayes,2744,mean,12.385332155227662,12.883540630340576,13.347306156158448
bike,dune_bayes,2745,mean,11.07948055267334,11.599040031433105,12.08975715637207
bike,dune_bayes,2746,mean,10.922864103317261,11.442556381225586,11.940790271759033
bike,dune_bayes,2747,mean,12.164222812652588,12.663070678710938,13.128890228271484
bike,dune_bayes,2748,mean,12.55642228126526,13.08359956741333,13.555468368530274
bike,dune_bayes,2749,mean,12.466831636428832,12.956064701080322,13.411169052124023
bike,dune_bayes,2750,mean,12.312780046463013,12.800564765930176,13.269512605667114
bike,dune_bayes,2751,mean,11.963901567459107,12.435318946838379,12.889921951293944
bike,dune_bayes,2752,mean,12.006132698059082,12.4761643409729,12.923260259628295
bike,dune_bayes,2753,mean,12.935635805130005,13.51560926437378,14.02846040725708
bike,dune_bayes,2754,mean,12.935635805130005,13.51560926437378,14.02846040725708
bike,dune_bayes,2755,mean,13.3283136844635,13.860054016113281,14.315763521194459
bike,dune_bayes,2756,mean,13.121806097030639,13.654107570648193,14.104538869857787
bike,dune_bayes,2757,mean,12.091332483291627,12.574541091918945,13.025177669525146
bike,dune_bayes,2758,mean,11.910422468185425,12.410439491271973,12.879467678070068
bike,dune_bayes,2759,mean,10.962906122207642,11.531665802001953,12.059823131561279
bike,dune_bayes,2760,mean,13.197160339355468,13.717098712921143,14.222991895675658
bike,dune_bayes,2761,mean,13.19465274810791,13.713623523712158,14.196004676818847
bike,dune_bayes,2762,mean,11.718196201324464,12.18252182006836,12.741079378128052
bike,dune_bayes,2763,mean,10.908333349227906,11.443755149841309,12.01583194732666
bike,dune_bayes,2764,mean,11.294835710525513,11.762998580932617,12.317892026901244
bike,dune_bayes,2765,mean,13.09165816307068,13.636800765991211,14.182242584228515
bike,dune_bayes,2766,mean,12.85008397102356,13.362373352050781,13.90641222000122
bike,dune_bayes,2767,mean,10.1204252243042,10.662231922149658,11.2498468875885
bike,dune_bayes,2768,mean,10.616162967681884,11.106396675109863,11.652054595947265
bike,dune_bayes,2769,mean,11.286618328094482,11.770601272583008,12.295591592788696
bike,dune_bayes,2770,mean,12.140333795547486,12.683889865875244,13.245138311386107
bike,dune_bayes,2771,mean,12.510342741012574,13.035865783691406,13.546621751785278
bike,dune_bayes,2772,mean,11.484304761886596,11.951687335968018,12.509951400756835
bike,dune_bayes,2773,mean,12.245719957351685,12.735808372497559,13.18527307510376
bike,dune_bayes,2774,mean,12.436212635040283,12.956665992736816,13.404760932922363
bike,dune_bayes,2775,mean,12.88988013267517,13.403831958770752,13.860493946075438
bike,dune_bayes,2776,mean,11.715865325927734,12.22169017791748,12.666359758377075
bike,dune_bayes,2777,mean,11.71370244026184,12.22134780883789,12.692801332473755
bike,dune_bayes,2778,mean,10.896661710739135,11.415260791778564,11.901423025131225
bike,dune_bayes,2779,mean,11.241427612304687,11.74913215637207,12.218933486938477
bike,dune_bayes,2780,mean,11.395132875442505,11.897151947021484,12.346415472030639
bike,dune_bayes,2781,mean,11.477624893188477,11.98423147201538,12.48783802986145
bike,dune_bayes,2782,mean,11.236766242980957,11.804059982299805,12.318463659286499
bike,dune_bayes,2783,mean,10.649871969223023,11.203476905822754,11.714593315124512
bike,dune_bayes,2784,mean,10.962906122207642,11.531665802001953,12.059823131561279
bike,dune_bayes,2785,mean,11.620856475830077,12.124595642089844,12.629417371749877
bike,dune_bayes,2786,mean,12.303800010681153,12.861895561218262,13.363871383666991
bike,dune_bayes,2787,mean,12.760522747039795,13.305202007293701,13.755984544754028
bike,dune_bayes,2788,mean,13.257517433166504,13.792335033416748,14.262022638320921
bike,dune_bayes,2789,mean,12.384739637374878,12.981821537017822,13.574342584609985
bike,dune_bayes,2790,mean,11.971854543685913,12.469946384429932,12.91081428527832
bike,dune_bayes,2791,mean,11.07948055267334,11.599040031433105,12.08975715637207
bike,dune_bayes,2792,mean,11.889000272750854,12.387423515319824,12.849483585357666
bike,dune_bayes,2793,mean,12.900542259216309,13.401655197143555,13.8693039894104
bike,dune_bayes,2794,mean,13.130476236343384,13.646608352661133,14.135449600219726
bike,dune_bayes,2795,mean,13.38828730583191,13.913663864135742,14.40397171974182
bike,dune_bayes,2796,mean,12.323744583129884,12.820453643798828,13.276367998123169
bike,dune_bayes,2797,mean,10.52581434249878,11.054628372192383,11.588347101211548
bike,dune_bayes,2798,mean,10.52581434249878,11.054628372192383,11.588347101211548
bike,dune_bayes,2799,mean,12.14249291419983,12.639417171478271,13.160484313964844
bike,dune_bayes,2800,mean,11.436227560043335,11.981110095977783,12.53560390472412
bike,dune_bayes,2801,mean,11.669790458679199,12.219041347503662,12.799885845184326
bike,dune_bayes,2802,mean,12.57307014465332,13.214672088623047,13.86632022857666
bike,dune_bayes,2803,mean,12.711774682998657,13.407098293304443,14.112531042098999
bike,dune_bayes,2804,mean,12.589957237243652,13.097675800323486,13.648651027679444
bike,dune_bayes,2805,mean,10.752482986450195,11.259889602661133,11.797342205047608
bike,dune_bayes,2806,mean,11.005151605606079,11.58626651763916,12.115240669250488
bike,dune_bayes,2807,mean,11.425815773010253,11.92627763748169,12.408226346969604
bike,dune_bayes,2808,mean,11.453762578964234,11.964478015899658,12.43014817237854
bike,dune_bayes,2809,mean,11.501631927490234,11.997200965881348,12.471863889694214
bike,dune_bayes,2810,mean,11.415150117874145,11.920295715332031,12.400656175613403
bike,dune_bayes,2811,mean,11.835065841674805,12.344234943389893,12.822603559494018
bike,dune_bayes,2812,mean,11.769062566757203,12.270788192749023,12.730244302749634
bike,dune_bayes,2813,mean,11.099771404266358,11.610579490661621,12.092430353164673
bike,dune_bayes,2814,mean,11.88376817703247,12.376523971557617,12.845078420639037
bike,dune_bayes,2815,mean,11.934406757354736,12.432615280151367,12.8940682888031
bike,dune_bayes,2816,mean,11.751395273208619,12.327799320220947,12.835072755813599
bike,dune_bayes,2817,mean,12.948751592636109,13.447972297668457,13.945624780654907
bike,dune_bayes,2818,mean,11.889000272750854,12.387423515319824,12.849483585357666
bike,dune_bayes,2819,mean,11.376241731643677,11.873202323913574,12.358263540267943
bike,dune_bayes,2820,mean,13.190374422073365,13.72731351852417,14.22396469116211
bike,dune_bayes,2821,mean,13.646426057815551,14.196817398071289,14.690500259399414
bike,dune_bayes,2822,mean,12.793468809127807,13.288906574249268,13.758380651473999
bike,dune_bayes,2823,mean,11.125603818893433,11.687967300415039,12.181742286682129
bike,dune_bayes,2824,mean,11.25389609336853,11.774488925933838,12.25032639503479
bike,dune_bayes,2825,mean,10.816816902160644,11.332919597625732,11.818213939666748
bike,dune_bayes,2826,mean,10.617516660690308,11.150253295898438,11.662285232543944
bike,dune_bayes,2827,mean,11.322938776016235,11.817285060882568,12.300523710250854
bike,dune_bayes,2828,mean,12.610788011550904,13.172611713409424,13.671456432342529
bike,dune_bayes,2829,mean,12.487070751190185,13.000720024108887,13.476303148269652
bike,dune_bayes,2830,mean,12.26973581314087,12.784892559051514,13.248513460159302
bike,dune_bayes,2831,mean,12.25238857269287,12.759604930877686,13.218565654754638
bike,dune_bayes,2832,mean,10.721719217300414,11.231416702270508,11.724422740936278
bike,dune_bayes,2833,mean,10.257145261764526,10.744239807128906,11.274357652664184
bike,dune_bayes,2834,mean,10.760495615005492,11.248655319213867,11.767638540267944
bike,dune_bayes,2835,mean,12.620301246643066,13.134602546691895,13.649068880081176
bike,dune_bayes,2836,mean,12.523149871826172,13.048560619354248,13.560402917861937
bike,dune_bayes,2837,mean,12.652011251449585,13.185124397277832,13.71272611618042
bike,dune_bayes,2838,mean,11.649491596221925,12.141687393188477,12.602094078063965
bike,dune_bayes,2839,mean,12.87996940612793,13.395227432250977,13.862756395339964
bike,dune_bayes,2840,mean,12.161068534851074,12.656835079193115,13.119257593154906
bike,dune_bayes,2841,mean,11.184370994567871,11.694577693939209,12.16479778289795
bike,dune_bayes,2842,mean,12.294416904449463,12.798367500305176,13.271650886535644
bike,dune_bayes,2843,mean,11.84182004928589,12.350634574890137,12.817851877212524
bike,dune_bayes,2844,mean,12.421678495407104,12.915786743164062,13.385402393341064
bike,dune_bayes,2845,mean,11.86754674911499,12.351370334625244,12.804250717163086
bike,dune_bayes,2846,mean,12.340236139297485,12.83595323562622,13.297149658203125
bike,dune_bayes,2847,mean,12.29183096885681,12.788112163543701,13.240725898742676
bike,dune_bayes,2848,mean,11.840073585510254,12.324056625366211,12.769260454177855
bike,dune_bayes,2849,mean,13.529839468002319,14.072196960449219,14.571773481369018
bike,dune_bayes,2850,mean,13.498204040527344,14.022894859313965,14.503353691101074
bike,dune_bayes,2851,mean,12.449126434326171,12.969808578491211,13.414703893661498
bike,dune_bayes,2852,mean,12.302277278900146,12.811583042144775,13.250626420974731
bike,dune_bayes,2853,mean,12.545465183258056,13.029796123504639,13.49904646873474
bike,dune_bayes,2854,mean,10.49432864189148,11.00154733657837,11.505813312530517
bike,dune_bayes,2855,mean,10.343775606155395,10.852084159851074,11.361802053451537
bike,dune_bayes,2856,mean,11.460282897949218,12.00240421295166,12.521867084503173
bike,dune_bayes,2857,mean,12.745091342926026,13.271822929382324,13.808999824523926
bike,dune_bayes,2858,mean,12.293719291687012,12.795565128326416,13.28796877861023
bike,dune_bayes,2859,mean,10.99723391532898,11.456714630126953,12.003121376037598
bike,dune_bayes,2860,mean,10.841530227661133,11.377884864807129,11.955852890014649
bike,dune_bayes,2861,mean,10.968970394134521,11.506733894348145,12.074309539794921
bike,dune_bayes,2862,mean,10.591001415252686,11.070646286010742,11.604903936386108
bike,dune_bayes,2863,mean,10.908430147171021,11.391008853912354,11.923486185073852
bike,dune_bayes,2864,mean,10.473923492431641,10.990256309509277,11.5639564037323
bike,dune_bayes,2865,mean,12.706354665756226,13.211409568786621,13.690667533874512
bike,dune_bayes,2866,mean,11.269041538238525,11.763475894927979,12.22878131866455
bike,dune_bayes,2867,mean,11.077936887741089,11.586121559143066,12.035968828201295
bike,dune_bayes,2868,mean,10.820399856567382,11.33673095703125,11.822277212142945
bike,dune_bayes,2869,mean,10.55337986946106,11.071208477020264,11.575147676467896
bike,dune_bayes,2870,mean,11.101035404205323,11.605756282806396,12.079205322265626
bike,dune_bayes,2871,mean,12.70169801712036,13.25838327407837,13.774015760421753
bike,dune_bayes,2872,mean,12.870511198043824,13.391044616699219,13.856683874130248
bike,dune_bayes,2873,mean,10.52313404083252,11.065622329711914,11.582081985473632
bike,dune_bayes,2874,mean,10.680748558044433,11.190475940704346,11.681766748428345
bike,dune_bayes,2875,mean,11.409736347198486,11.910645484924316,12.395291900634765
bike,dune_bayes,2876,mean,11.117278718948365,11.671392917633057,12.156915760040283
bike,dune_bayes,2877,mean,10.85475401878357,11.41605806350708,11.919916534423828
bike,dune_bayes,2878,mean,10.52313404083252,11.065622329711914,11.582081985473632
bike,dune_bayes,2879,mean,10.52313404083252,11.065622329711914,11.582081985473632
bike,dune_bayes,2880,mean,10.52313404083252,11.065622329711914,11.582081985473632
bike,dune_bayes,2881,mean,12.766683101654053,13.30238962173462,13.767450189590454
bike,dune_bayes,2882,mean,13.097957801818847,13.598641395568848,14.070768642425536
bike,dune_bayes,2883,mean,12.246362209320068,12.742432594299316,13.185353708267211
bike,dune_bayes,2884,mean,11.374377965927124,11.931492328643799,12.431017065048216
bike,dune_bayes,2885,mean,11.374377965927124,11.931492328643799,12.431017065048216
bike,dune_bayes,2886,mean,12.796170520782471,13.33452033996582,13.795899772644043
bike,dune_bayes,2887,mean,12.340236139297485,12.83595323562622,13.297149658203125
bike,dune_bayes,2888,mean,11.728667640686036,12.237135410308838,12.713388872146606
bike,dune_bayes,2889,mean,11.249015140533448,11.799624919891357,12.357064294815062
bike,dune_bayes,2890,mean,12.045364427566529,12.623646259307861,13.215869760513305
bike,dune_bayes,2891,mean,10.124449682235717,10.63822603225708,11.1361608505249
bike,dune_bayes,2892,mean,10.831920337677001,11.366393089294434,11.888270616531372
bike,dune_bayes,2893,mean,10.163830709457397,10.74327039718628,11.256240415573119
bike,dune_bayes,2894,mean,10.37175145149231,10.869649887084961,11.386236476898194
bike,dune_bayes,2895,mean,11.68595118522644,12.187267303466797,12.661856365203857
bike,dune_bayes,2896,mean,11.932193374633789,12.503252029418945,13.019408178329467
bike,dune_bayes,2897,mean,12.592601537704468,13.097302436828613,13.55514087677002
bike,dune_bayes,2898,mean,12.806799840927123,13.343685150146484,13.807095432281494
bike,dune_bayes,2899,mean,12.048485040664673,12.54858112335205,13.013899898529052
bike,dune_bayes,2900,mean,10.85540280342102,11.36885118484497,11.866470766067504
bike,dune_bayes,2901,mean,12.42820897102356,12.938699722290039,13.40873417854309
bike,dune_bayes,2902,mean,12.671475696563721,13.203188419342041,13.66580228805542
bike,dune_bayes,2903,mean,12.132632207870483,12.675291538238525,13.172443294525145
bike,dune_bayes,2904,mean,11.961465692520141,12.5126371383667,13.021383285522461
bike,dune_bayes,2905,mean,11.714199638366699,12.199861526489258,12.664554166793824
bike,dune_bayes,2906,mean,11.44332160949707,11.938510417938232,12.402074337005615
bike,dune_bayes,2907,mean,11.470774936676026,11.954182147979736,12.411145210266113
bike,dune_bayes,2908,mean,12.714677381515504,13.223401546478271,13.674900197982788
bike,dune_bayes,2909,mean,12.50128755569458,13.04838228225708,13.547218227386475
bike,dune_bayes,2910,mean,12.63858675956726,13.198004722595215,13.703728008270263
bike,dune_bayes,2911,mean,13.212355041503907,13.744425296783447,14.188548278808593
bike,dune_bayes,2912,mean,13.063941431045532,13.59004545211792,14.039325714111328
bike,dune_bayes,2913,mean,12.61349630355835,13.109339237213135,13.565303230285645
bike,dune_bayes,2914,mean,12.339199924468994,12.851946353912354,13.288514614105225
bike,dune_bayes,2915,mean,11.506304740905762,12.055842399597168,12.543756484985352
bike,dune_bayes,2916,mean,11.056636953353882,11.602774620056152,12.100789642333984
bike,dune_bayes,2917,mean,11.056636953353882,11.602774620056152,12.100789642333984
bike,dune_bayes,2918,mean,10.876121139526367,11.393983840942383,11.88629412651062
bike,dune_bayes,2919,mean,11.972471046447755,12.527888774871826,13.040716361999511
bike,dune_bayes,2920,mean,12.796170520782471,13.33452033996582,13.795899772644043
bike,dune_bayes,2921,mean,13.52526273727417,14.04957103729248,14.533879947662353
bike,dune_bayes,2922,mean,12.508062076568603,13.012295722961426,13.472650289535522
bike,dune_bayes,2923,mean,10.526486110687255,11.052237510681152,11.554701280593871
bike,dune_bayes,2924,mean,11.236766242980957,11.804059982299805,12.318463659286499
bike,dune_bayes,2925,mean,13.809419107437133,14.35921049118042,14.861048078536987
bike,dune_bayes,2926,mean,12.910940027236938,13.437662601470947,13.89031720161438
bike,dune_bayes,2927,mean,11.276075458526611,11.765772819519043,12.30037064552307
bike,dune_bayes,2928,mean,10.352226638793946,10.8739595413208,11.44912209510803
bike,dune_bayes,2929,mean,12.209715557098388,12.718194484710693,13.252642488479614
bike,dune_bayes,2930,mean,11.625445795059203,12.145242691040039,12.67969298362732
bike,dune_bayes,2931,mean,9.638011503219605,10.212957859039307,10.77649393081665
bike,dune_bayes,2932,mean,10.001775884628296,10.52729845046997,11.06622862815857
bike,dune_bayes,2933,mean,10.001775884628296,10.52729845046997,11.06622862815857
bike,dune_bayes,2934,mean,9.696630954742432,10.27391767501831,10.84931993484497
bike,dune_bayes,2935,mean,9.696630954742432,10.27391767501831,10.84931993484497
bike,dune_bayes,2936,mean,10.9578782081604,11.496837615966797,12.05890531539917
bike,dune_bayes,2937,mean,10.513550233840942,11.05633544921875,11.572598600387574
bike,dune_bayes,2938,mean,10.001775884628296,10.52729845046997,11.06622862815857
bike,dune_bayes,2939,mean,9.996935939788818,10.553365230560303,11.141264343261719
bike,dune_bayes,2940,mean,11.436227560043335,11.981110095977783,12.53560390472412
bike,dune_bayes,2941,mean,11.338407039642334,11.811365127563477,12.362855291366577
bike,dune_bayes,2942,mean,12.539398050308227,13.1430344581604,13.746333265304564
bike,dune_bayes,2943,mean,11.843673801422119,12.346747875213623,12.813454008102417
bike,dune_bayes,2944,mean,11.825001096725464,12.354002952575684,12.82683892250061
bike,dune_bayes,2945,mean,11.516727209091187,12.041454315185547,12.50761981010437
bike,dune_bayes,2946,mean,11.769062566757203,12.270788192749023,12.730244302749634
bike,dune_bayes,2947,mean,12.432834815979003,12.93139934539795,13.391730117797852
bike,dune_bayes,2948,mean,12.106825685501098,12.602789878845215,13.061050128936767
bike,dune_bayes,2949,mean,11.982826614379883,12.474984645843506,12.9505530834198
bike,dune_bayes,2950,mean,10.987022876739502,11.508952617645264,12.012395334243774
bike,dune_bayes,2951,mean,10.962906122207642,11.531665802001953,12.059823131561279
bike,dune_bayes,2952,mean,10.417324542999268,10.941836833953857,11.471088409423828
bike,dune_bayes,2953,mean,12.048485040664673,12.54858112335205,13.013899898529052
bike,dune_bayes,2954,mean,12.019757556915284,12.521589279174805,12.990574502944947
bike,dune_bayes,2955,mean,11.71370244026184,12.22134780883789,12.692801332473755
bike,dune_bayes,2956,mean,10.63705129623413,11.155710697174072,11.661264801025391
bike,dune_bayes,2957,mean,10.54281439781189,11.076693058013916,11.575189542770385
bike,dune_bayes,2958,mean,12.559167718887329,13.054718494415283,13.513973903656005
bike,dune_bayes,2959,mean,12.676761102676391,13.189117431640625,13.657347869873046
bike,dune_bayes,2960,mean,12.854141569137573,13.360710144042969,13.826403188705445
bike,dune_bayes,2961,mean,12.198249816894531,12.686714172363281,13.140440845489502
bike,dune_bayes,2962,mean,11.735591793060303,12.353620052337646,12.98751220703125
bike,dune_bayes,2963,mean,12.12550253868103,12.800725936889648,13.501244497299194
bike,dune_bayes,2964,mean,10.1719331741333,10.661056995391846,11.16655707359314
bike,dune_bayes,2965,mean,10.769713401794434,11.22331190109253,11.730417728424072
bike,dune_bayes,2966,mean,10.741498613357544,11.208179950714111,11.722691774368286
bike,dune_bayes,2967,mean,11.49989619255066,12.025914669036865,12.531310367584227
bike,dune_bayes,2968,mean,12.519852781295777,13.045178890228271,13.552198886871338
bike,dune_bayes,2969,mean,12.250715398788453,12.77361536026001,13.295531177520752
bike,dune_bayes,2970,mean,11.6675199508667,12.168470859527588,12.680343770980835
bike,dune_bayes,2971,mean,11.833679962158204,12.379345893859863,12.858869266510009
bike,dune_bayes,2972,mean,11.448699903488158,11.925524234771729,12.385746622085572
bike,dune_bayes,2973,mean,13.02048625946045,13.575382709503174,14.042667341232299
bike,dune_bayes,2974,mean,12.931743049621582,13.488090991973877,13.957134866714478
bike,dune_bayes,2975,mean,12.292636823654174,12.773108005523682,13.198018789291382
bike,dune_bayes,2976,mean,11.80716233253479,12.290675163269043,12.732215023040771
bike,dune_bayes,2977,mean,12.007689428329467,12.499823093414307,12.930014514923094
bike,dune_bayes,2978,mean,11.978231143951415,12.464984893798828,12.901195192337036
bike,dune_bayes,2979,mean,11.389449882507325,11.885744094848633,12.34556827545166
bike,dune_bayes,2980,mean,10.115386962890625,10.646242141723633,11.190103149414062
bike,dune_bayes,2981,mean,11.90136547088623,12.384643077850342,12.833058309555053
bike,dune_bayes,2982,mean,11.766034650802613,12.256980419158936,12.715979957580567
bike,dune_bayes,2983,mean,12.61349630355835,13.109339237213135,13.565303230285645
bike,dune_bayes,2984,mean,12.291827535629272,12.835953712463379,13.343439865112305
bike,dune_bayes,2985,mean,13.009814023971558,13.515748500823975,13.97492332458496
bike,dune_bayes,2986,mean,11.071748828887939,11.581414699554443,12.078550577163696
bike,dune_bayes,2987,mean,12.544130802154541,13.045560836791992,13.561425399780273
bike,dune_bayes,2988,mean,12.637922000885009,13.184227466583252,13.694988870620728
bike,dune_bayes,2989,mean,10.734017753601075,11.253747463226318,11.836052751541137
bike,dune_bayes,2990,mean,10.019947814941407,10.529794692993164,11.086304140090942
bike,dune_bayes,2991,mean,12.044554138183594,12.54399824142456,13.03415150642395
bike,dune_bayes,2992,mean,12.302864408493042,12.817083358764648,13.317162418365479
bike,dune_bayes,2993,mean,11.823022985458374,12.405503749847412,12.989319229125977
bike,dune_bayes,2994,mean,11.830827379226685,12.322049140930176,12.820637369155884
bike,dune_bayes,2995,mean,11.470821475982666,11.958562850952148,12.474375438690185
bike,dune_bayes,2996,mean,10.728581428527832,11.221784114837646,11.739534425735474
bike,dune_bayes,2997,mean,10.258580636978149,10.745923519134521,11.2519522190094
bike,dune_bayes,2998,mean,11.547847986221313,12.034093856811523,12.489901447296143
bike,dune_bayes,2999,mean,11.780871391296387,12.252426147460938,12.712541580200195
bike,dune_bayes,3000,mean,11.746629905700683,12.226369380950928,12.668800687789917
bike,dune_bayes,3001,mean,12.03516092300415,12.525328636169434,13.007921934127808
bike,dune_bayes,3002,mean,11.848152351379394,12.343657493591309,12.803922748565673
bike,dune_bayes,3003,mean,10.873741912841798,11.559439182281494,12.201428747177124
bike,dune_bayes,3004,mean,11.061109113693238,11.752208232879639,12.469963932037354
bike,dune_bayes,3005,mean,10.733869218826294,11.241209030151367,11.731111669540406
bike,dune_bayes,3006,mean,11.624037170410157,12.105670928955078,12.582814168930053
bike,dune_bayes,3007,mean,11.698839092254639,12.209310054779053,12.680766820907593
bike,dune_bayes,3008,mean,11.898772478103638,12.355562686920166,12.835954570770264
bike,dune_bayes,3009,mean,12.716019868850708,13.234114170074463,13.689237260818482
bike,dune_bayes,3010,mean,10.061310720443725,10.546141624450684,11.12355308532715
bike,dune_bayes,3011,mean,10.374187803268432,10.831547260284424,11.354848289489746
bike,dune_bayes,3012,mean,11.084858274459839,11.57570505142212,12.051056671142579
bike,dune_bayes,3013,mean,12.692535066604615,13.190020084381104,13.629941511154174
bike,dune_bayes,3014,mean,12.61114149093628,13.11542272567749,13.566831302642822
bike,dune_bayes,3015,mean,11.753426456451416,12.22280216217041,12.671297693252564
bike,dune_bayes,3016,mean,10.633722352981568,11.116389274597168,11.616892385482789
bike,dune_bayes,3017,mean,10.078298807144165,10.599842548370361,11.146231460571288
bike,dune_bayes,3018,mean,11.12750964164734,11.611159324645996,12.084021091461182
bike,dune_bayes,3019,mean,11.516315269470216,12.051165580749512,12.497796010971069
bike,dune_bayes,3020,mean,10.198867893218994,10.753539085388184,11.24987564086914
bike,dune_bayes,3021,mean,10.54785885810852,11.070608615875244,11.591748666763305
bike,dune_bayes,3022,mean,10.897798538208008,11.430144309997559,11.945581579208373
bike,dune_bayes,3023,mean,12.080321311950684,12.624757766723633,13.140128803253173
bike,dune_bayes,3024,mean,12.331673383712769,12.848863124847412,13.34949903488159
bike,dune_bayes,3025,mean,10.69769377708435,11.164484977722168,11.664287614822387
bike,dune_bayes,3026,mean,12.18152208328247,12.688401222229004,13.184080410003661
bike,dune_bayes,3027,mean,11.411161756515503,11.904350280761719,12.4290030002594
bike,dune_bayes,3028,mean,11.312700605392456,11.781328201293945,12.232976627349853
bike,dune_bayes,3029,mean,12.693901920318604,13.19859266281128,13.64977216720581
bike,dune_bayes,3030,mean,12.736857175827026,13.244022846221924,13.696313667297362
bike,dune_bayes,3031,mean,12.999225330352782,13.584897994995117,14.080000352859496
bike,dune_bayes,3032,mean,13.016650247573853,13.581809997558594,14.061798715591431
bike,dune_bayes,3033,mean,13.035072326660156,13.580573081970215,14.048485803604125
bike,dune_bayes,3034,mean,12.284889507293702,12.787013530731201,13.25593671798706
bike,dune_bayes,3035,mean,10.9077938079834,11.40596628189087,11.881872177124023
bike,dune_bayes,3036,mean,11.911260223388672,12.380239486694336,12.82535753250122
bike,dune_bayes,3037,mean,12.20866675376892,12.705191135406494,13.17947506904602
bike,dune_bayes,3038,mean,12.977354764938354,13.490840911865234,13.973278379440307
bike,dune_bayes,3039,mean,12.972710800170898,13.4955735206604,13.9664822101593
bike,dune_bayes,3040,mean,12.561486339569091,13.06802225112915,13.515345287322997
bike,dune_bayes,3041,mean,11.86754674911499,12.351370334625244,12.804250717163086
bike,dune_bayes,3042,mean,11.256900596618653,11.752895832061768,12.193717861175537
bike,dune_bayes,3043,mean,10.375015354156494,10.912792682647705,11.451573419570924
bike,dune_bayes,3044,mean,11.564545059204102,12.119868278503418,12.61713457107544
bike,dune_bayes,3045,mean,12.447317504882813,12.993617534637451,13.492446470260619
bike,dune_bayes,3046,mean,11.96289095878601,12.45216703414917,12.899220514297484
bike,dune_bayes,3047,mean,12.758873653411865,13.274858951568604,13.75447211265564
bike,dune_bayes,3048,mean,12.611145734786987,13.127511024475098,13.59457802772522
bike,dune_bayes,3049,mean,12.61114149093628,13.11542272567749,13.566831302642822
bike,dune_bayes,3050,mean,12.30317850112915,12.791184902191162,13.22419867515564
bike,dune_bayes,3051,mean,11.6675199508667,12.168470859527588,12.680343770980835
bike,dune_bayes,3052,mean,12.246865844726562,12.777378559112549,13.311676454544067
bike,dune_bayes,3053,mean,10.873549461364746,11.358577251434326,11.881195449829102
bike,dune_bayes,3054,mean,10.591712951660156,11.102912902832031,11.689226245880127
bike,dune_bayes,3055,mean,10.32264952659607,10.80469799041748,11.34555687904358
bike,dune_bayes,3056,mean,10.845860862731934,11.3216552734375,11.839628648757934
bike,dune_bayes,3057,mean,12.244633960723878,12.75492238998413,13.26437554359436
bike,dune_bayes,3058,mean,12.457115364074706,12.97889757156372,13.4804696559906
bike,dune_bayes,3059,mean,10.4048171043396,10.868638038635254,11.367953300476074
bike,dune_bayes,3060,mean,9.921753644943237,10.426265716552734,10.982144117355347
bike,dune_bayes,3061,mean,10.212378597259521,10.673487663269043,11.203420925140382
bike,dune_bayes,3062,mean,9.989394569396973,10.451390266418457,10.988614892959594
bike,dune_bayes,3063,mean,10.061310720443725,10.546141624450684,11.12355308532715
bike,dune_bayes,3064,mean,10.475541639328004,10.945147514343262,11.454258012771607
bike,dune_bayes,3065,mean,11.146710348129272,11.644763946533203,12.162755298614503
bike,dune_bayes,3066,mean,12.637862062454223,13.129152774810791,13.574188804626464
bike,dune_bayes,3067,mean,11.575027561187744,12.070115566253662,12.524513626098631
bike,dune_bayes,3068,mean,10.470889282226562,10.97769832611084,11.485241699218749
bike,dune_bayes,3069,mean,10.54764108657837,11.059113502502441,11.563222217559813
bike,dune_bayes,3070,mean,9.911563158035278,10.455131530761719,11.029170799255372
bike,dune_bayes,3071,mean,9.507394170761108,10.064366817474365,10.6744460105896
bike,dune_bayes,3072,mean,10.210307359695435,10.738713264465332,11.257475233078003
bike,dune_bayes,3073,mean,11.125603818893433,11.687967300415039,12.181742286682129
bike,dune_bayes,3074,mean,10.233818531036377,10.788275241851807,11.32070369720459
bike,dune_bayes,3075,mean,10.560033655166626,11.089895248413086,11.595730400085449
bike,dune_bayes,3076,mean,12.376387119293213,12.884658336639404,13.355669498443604
bike,dune_bayes,3077,mean,12.227010011672974,12.735506057739258,13.174734210968017
bike,dune_bayes,3078,mean,12.227010011672974,12.735506057739258,13.174734210968017
bike,dune_bayes,3079,mean,10.54305167198181,11.058218479156494,11.5832679271698
bike,dune_bayes,3080,mean,13.015739822387696,13.542361736297607,13.98494749069214
bike,dune_bayes,3081,mean,12.733686208724976,13.297173023223877,13.808691167831421
bike,dune_bayes,3082,mean,11.489560270309449,11.98405408859253,12.441852045059203
bike,dune_bayes,3083,mean,11.101035404205323,11.605756282806396,12.079205322265626
bike,dune_bayes,3084,mean,10.20372805595398,10.722309589385986,11.24097409248352
bike,dune_bayes,3085,mean,10.111762857437133,10.635180950164795,11.146756362915038
bike,dune_bayes,3086,mean,11.153675889968872,11.688637256622314,12.205876398086549
bike,dune_bayes,3087,mean,11.526671886444092,12.121556758880615,12.706156873703003
bike,dune_bayes,3088,mean,10.58955488204956,11.070213317871094,11.56801528930664
bike,dune_bayes,3089,mean,10.542849016189574,11.0155029296875,11.513012170791626
bike,dune_bayes,3090,mean,9.898186206817627,10.37514591217041,10.902143669128417
bike,dune_bayes,3091,mean,9.954161977767944,10.423627853393555,10.965803623199463
bike,dune_bayes,3092,mean,9.980553579330444,10.452783107757568,10.997599506378172
bike,dune_bayes,3093,mean,9.382125234603881,9.854803562164307,10.37508029937744
bike,dune_bayes,3094,mean,9.41635537147522,9.891276836395264,10.40949592590332
bike,dune_bayes,3095,mean,9.655734825134278,10.159793853759766,10.679957103729247
bike,dune_bayes,3096,mean,8.547152853012085,9.044514179229736,9.610149574279784
bike,dune_bayes,3097,mean,10.086667490005492,10.540675640106201,11.06085271835327
bike,dune_bayes,3098,mean,10.53377890586853,10.992514610290527,11.493715524673462
bike,dune_bayes,3099,mean,10.69880633354187,11.16438913345337,11.649862480163574
bike,dune_bayes,3100,mean,10.409013891220093,10.87519359588623,11.367593240737914
bike,dune_bayes,3101,mean,9.933249568939209,10.411039352416992,10.923333120346069
bike,dune_bayes,3102,mean,9.538786888122559,10.01335859298706,10.550089502334595
bike,dune_bayes,3103,mean,9.56510591506958,10.054031372070312,10.553342247009278
bike,dune_bayes,3104,mean,10.651931715011596,11.129709243774414,11.59781231880188
bike,dune_bayes,3105,mean,11.135030364990234,11.603036403656006,12.066718673706054
bike,dune_bayes,3106,mean,11.054620265960693,11.521354675292969,11.988450765609741
bike,dune_bayes,3107,mean,10.638390111923218,11.110185623168945,11.60833625793457
bike,dune_bayes,3108,mean,9.559860277175904,10.060511589050293,10.63075680732727
bike,dune_bayes,3109,mean,9.85889549255371,10.349064826965332,10.870955324172973
bike,dune_bayes,3110,mean,12.735519933700562,13.225842952728271,13.672479915618897
bike,dune_bayes,3111,mean,11.822745227813721,12.291096687316895,12.729923629760743
bike,dune_bayes,3112,mean,11.762524366378784,12.304300308227539,12.810419082641602
bike,dune_bayes,3113,mean,12.45219111442566,12.94789981842041,13.40500168800354
bike,dune_bayes,3114,mean,9.541206550598144,9.991597652435303,10.55285301208496
bike,dune_bayes,3115,mean,9.661929082870483,10.117942333221436,10.671099662780762
bike,dune_bayes,3116,mean,9.780583667755128,10.241873741149902,10.749411106109617
bike,dune_bayes,3117,mean,9.81963291168213,10.263179779052734,10.806156063079834
bike,dune_bayes,3118,mean,10.435443687438966,10.928590297698975,11.449579620361328
bike,dune_bayes,3119,mean,11.65232319831848,12.149295806884766,12.636219835281372
bike,dune_bayes,3120,mean,11.9835768699646,12.498388290405273,12.977320051193237
bike,dune_bayes,3121,mean,10.523640489578247,11.011845111846924,11.536192655563354
bike,dune_bayes,3122,mean,10.590416049957275,11.049623966217041,11.535184001922607
bike,dune_bayes,3123,mean,9.940807056427001,10.424135684967041,11.00422019958496
bike,dune_bayes,3124,mean,10.731404972076415,11.238932609558105,11.745688438415527
bike,dune_bayes,3125,mean,9.41635537147522,9.891276836395264,10.40949592590332
bike,dune_bayes,3126,mean,12.314826822280883,12.84502363204956,13.377864408493041
bike,dune_bayes,3127,mean,11.405506896972657,11.924013137817383,12.422567605972288
bike,dune_bayes,3128,mean,10.993584632873535,11.501235008239746,12.005014562606812
bike,dune_bayes,3129,mean,11.831710386276246,12.390400409698486,12.855535554885863
bike,dune_bayes,3130,mean,11.682937908172608,12.212246894836426,12.675653743743895
bike,dune_bayes,3131,mean,11.669680070877074,12.21861219406128,12.70904083251953
bike,dune_bayes,3132,mean,11.265547800064088,11.788132667541504,12.25045599937439
bike,dune_bayes,3133,mean,11.805578565597534,12.269472122192383,12.75568470954895
bike,dune_bayes,3134,mean,11.288535165786744,11.842469215393066,12.357091188430786
bike,dune_bayes,3135,mean,12.599830436706544,13.135465621948242,13.598673677444458
bike,dune_bayes,3136,mean,11.147544622421265,11.664061069488525,12.181930208206175
bike,dune_bayes,3137,mean,9.763195276260376,10.254322528839111,10.830117893218993
bike,dune_bayes,3138,mean,9.025106525421142,9.542316436767578,10.129743289947509
bike,dune_bayes,3139,mean,9.661929082870483,10.117942333221436,10.671099662780762
bike,dune_bayes,3140,mean,9.941721343994141,10.433156967163086,11.00242862701416
bike,dune_bayes,3141,mean,11.08870358467102,11.56350040435791,12.018944835662841
bike,dune_bayes,3142,mean,10.072756814956666,10.552821159362793,11.03737211227417
bike,dune_bayes,3143,mean,9.961065483093261,10.439594745635986,10.937555408477783
bike,dune_bayes,3144,mean,10.290429639816285,10.75771713256836,11.23477931022644
bike,dune_bayes,3145,mean,9.979427337646484,10.460097312927246,10.938301372528075
bike,dune_bayes,3146,mean,12.116375875473022,12.583630561828613,13.042451667785643
bike,dune_bayes,3147,mean,12.549041795730592,13.083174705505371,13.545222234725951
bike,dune_bayes,3148,mean,9.930150461196899,10.466528415679932,11.01383924484253
bike,dune_bayes,3149,mean,10.29224066734314,10.828197479248047,11.372402334213257
bike,dune_bayes,3150,mean,10.039263057708741,10.539126873016357,11.065998554229736
bike,dune_bayes,3151,mean,9.9035409450531,10.420617580413818,10.950271272659302
bike,dune_bayes,3152,mean,12.047256374359131,12.555187225341797,13.032328271865845
bike,dune_bayes,3153,mean,10.191949844360352,10.66200304031372,11.178908681869506
bike,dune_bayes,3154,mean,9.706505870819091,10.181498527526855,10.729380083084106
bike,dune_bayes,3155,mean,11.42181463241577,11.971630573272705,12.546192646026611
bike,dune_bayes,3156,mean,9.842564058303832,10.322775840759277,10.891828203201294
bike,dune_bayes,3157,mean,11.724055242538451,12.273881435394287,12.81013355255127
bike,dune_bayes,3158,mean,11.980952215194701,12.52173376083374,13.071998500823973
bike,dune_bayes,3159,mean,11.510581445693969,11.99784231185913,12.475391006469726
bike,dune_bayes,3160,mean,10.808136081695556,11.280099868774414,11.751000165939331
bike,dune_bayes,3161,mean,10.476325750350952,10.986395835876465,11.55804738998413
bike,dune_bayes,3162,mean,10.131753921508789,10.626531600952148,11.177375316619873
bike,dune_bayes,3163,mean,11.112991380691529,11.590625762939453,12.07204475402832
bike,dune_bayes,3164,mean,12.670031213760376,13.155745506286621,13.605220985412597
bike,dune_bayes,3165,mean,10.281157827377319,10.734341621398926,11.256807231903077
bike,dune_bayes,3166,mean,10.19415545463562,10.678486824035645,11.191324615478516
bike,dune_bayes,3167,mean,9.996789026260377,10.469643592834473,10.996525621414184
bike,dune_bayes,3168,mean,10.268180751800537,10.714509963989258,11.247331953048706
bike,dune_bayes,3169,mean,11.730827522277831,12.215531349182129,12.657624626159668
bike,dune_bayes,3170,mean,11.00966281890869,11.520724773406982,12.002418422698975
bike,dune_bayes,3171,mean,11.006021690368652,11.508803367614746,12.029025363922118
bike,dune_bayes,3172,mean,10.633722352981568,11.116389274597168,11.616892385482789
bike,dune_bayes,3173,mean,10.425972270965577,10.926648139953613,11.43225326538086
bike,dune_bayes,3174,mean,11.897094440460204,12.399415016174316,12.84871883392334
bike,dune_bayes,3175,mean,12.373697900772095,12.915178298950195,13.401244974136352
bike,dune_bayes,3176,mean,11.941086530685425,12.434074401855469,12.886657333374023
bike,dune_bayes,3177,mean,10.54305167198181,11.058218479156494,11.5832679271698
bike,dune_bayes,3178,mean,10.295131969451905,10.778340339660645,11.286316013336181
bike,dune_bayes,3179,mean,10.557998609542846,11.0469069480896,11.537857341766358
bike,dune_bayes,3180,mean,10.607063961029052,11.083805084228516,11.567238044738769
bike,dune_bayes,3181,mean,11.37319016456604,11.867156028747559,12.327928447723389
bike,dune_bayes,3182,mean,10.587168073654174,11.079388618469238,11.573281812667846
bike,dune_bayes,3183,mean,11.3953200340271,11.874847412109375,12.347930002212525
bike,dune_bayes,3184,mean,11.346724939346313,11.834441661834717,12.300138378143311
bike,dune_bayes,3185,mean,9.78708748817444,10.270638942718506,10.780065536499023
bike,dune_bayes,3186,mean,11.177876186370849,11.68236255645752,12.173777532577514
bike,dune_bayes,3187,mean,12.013238954544068,12.516841888427734,13.044754600524902
bike,dune_bayes,3188,mean,11.340088987350464,11.853924751281738,12.349711418151855
bike,dune_bayes,3189,mean,10.595159339904786,11.085837364196777,11.595860624313355
bike,dune_bayes,3190,mean,10.61434063911438,11.111072063446045,11.623412656784057
bike,dune_bayes,3191,mean,10.89641637802124,11.460892677307129,11.984714365005493
bike,dune_bayes,3192,mean,11.103110694885254,11.630333423614502,12.142959785461425
bike,dune_bayes,3193,mean,11.118280124664306,11.62674617767334,12.119691038131714
bike,dune_bayes,3194,mean,11.18498511314392,11.767560958862305,12.341631031036377
bike,dune_bayes,3195,mean,9.17766981124878,9.670109748840332,10.219629335403441
bike,dune_bayes,3196,mean,9.17766981124878,9.670109748840332,10.219629335403441
bike,dune_bayes,3197,mean,9.051726722717286,9.511367797851562,10.08562798500061
bike,dune_bayes,3198,mean,8.976955080032349,9.456071376800537,10.026651239395141
bike,dune_bayes,3199,mean,9.392891025543213,9.840824604034424,10.405376148223876
bike,dune_bayes,3200,mean,9.317114305496215,9.774375915527344,10.338665580749511
bike,dune_bayes,3201,mean,9.392891025543213,9.840824604034424,10.405376148223876
bike,dune_bayes,3202,mean,10.257929944992066,10.712568759918213,11.229829883575439
bike,dune_bayes,3203,mean,10.638695240020752,11.117289543151855,11.614233684539794
bike,dune_bayes,3204,mean,11.49958357810974,11.97760009765625,12.446186017990112
bike,dune_bayes,3205,mean,11.438668155670166,11.915205955505371,12.367976665496826
bike,dune_bayes,3206,mean,11.438668155670166,11.915205955505371,12.367976665496826
bike,dune_bayes,3207,mean,10.319927501678468,10.768581867218018,11.280422353744507
bike,dune_bayes,3208,mean,11.498175477981567,12.053197860717773,12.525709390640259
bike,dune_bayes,3209,mean,11.357665729522704,11.92859935760498,12.44066925048828
bike,dune_bayes,3210,mean,11.386187410354614,11.907448768615723,12.378707456588744
bike,dune_bayes,3211,mean,10.585803413391114,11.082478046417236,11.587278699874878
bike,dune_bayes,3212,mean,10.459494256973267,10.958861351013184,11.468523216247558
bike,dune_bayes,3213,mean,10.660965299606323,11.18447494506836,11.740675020217894
bike,dune_bayes,3214,mean,9.95425271987915,10.454349040985107,10.969947290420532
bike,dune_bayes,3215,mean,9.269784498214722,9.735793590545654,10.287921953201295
bike,dune_bayes,3216,mean,10.916940355300904,11.414182186126709,11.897194671630858
bike,dune_bayes,3217,mean,11.222415399551391,11.72197675704956,12.213751888275146
bike,dune_bayes,3218,mean,10.885034561157227,11.389655590057373,11.885441064834595
bike,dune_bayes,3219,mean,10.229943084716798,10.742846965789795,11.279477643966676
bike,dune_bayes,3220,mean,10.899125576019287,11.445562362670898,11.941796970367431
bike,dune_bayes,3221,mean,10.805022430419921,11.3385648727417,11.835991764068604
bike,dune_bayes,3222,mean,11.638730239868163,12.134396076202393,12.586936616897583
bike,dune_bayes,3223,mean,10.045703792572022,10.54257583618164,11.057816505432129
bike,dune_bayes,3224,mean,9.698996973037719,10.180813312530518,10.714776277542114
bike,dune_bayes,3225,mean,9.802178764343262,10.279929637908936,10.816652965545654
bike,dune_bayes,3226,mean,11.374119329452515,11.893856048583984,12.373819494247437
bike,dune_bayes,3227,mean,11.184444856643676,11.687692165374756,12.151779747009277
bike,dune_bayes,3228,mean,10.875609636306763,11.381869792938232,11.873585557937622
bike,dune_bayes,3229,mean,10.666044187545776,11.166690826416016,11.665272569656372
bike,dune_bayes,3230,mean,10.643201780319213,11.146615982055664,11.626975345611573
bike,dune_bayes,3231,mean,10.344407558441162,10.840907096862793,11.339420461654662
bike,dune_bayes,3232,mean,10.405564785003662,10.94510555267334,11.444446706771851
bike,dune_bayes,3233,mean,10.251789665222168,10.77405595779419,11.287837171554566
bike,dune_bayes,3234,mean,10.539392518997193,11.06601858139038,11.570088338851928
bike,dune_bayes,3235,mean,10.937545728683471,11.505002498626709,11.997531700134276
bike,dune_bayes,3236,mean,10.903556156158448,11.428258895874023,11.909981298446656
bike,dune_bayes,3237,mean,10.864732217788696,11.431849479675293,11.920527076721191
bike,dune_bayes,3238,mean,10.864732217788696,11.431849479675293,11.920527076721191
bike,dune_bayes,3239,mean,10.665643882751464,11.190782070159912,11.692288589477538
bike,dune_bayes,3240,mean,10.888486576080322,11.405409812927246,11.909251880645751
bike,dune_bayes,3241,mean,11.379126167297363,11.963403701782227,12.451708316802979
bike,dune_bayes,3242,mean,12.515246152877808,13.18119192123413,13.751352357864379
bike,dune_bayes,3243,mean,12.349325799942017,12.932681560516357,13.417622756958005
bike,dune_bayes,3244,mean,12.036084079742432,12.629169940948486,13.144352388381957
bike,dune_bayes,3245,mean,10.503674364089965,10.958146095275879,11.47108726501465
bike,dune_bayes,3246,mean,9.610763502120971,10.061884880065918,10.610053539276123
bike,dune_bayes,3247,mean,8.476187133789063,8.976157665252686,9.553245973587035
bike,dune_bayes,3248,mean,8.312471151351929,8.815404415130615,9.409885787963868
bike,dune_bayes,3249,mean,8.476187133789063,8.976157665252686,9.553245973587035
bike,dune_bayes,3250,mean,8.854416942596435,9.340023040771484,9.915728521347045
bike,dune_bayes,3251,mean,11.477570247650146,11.96899700164795,12.480257701873779
bike,dune_bayes,3252,mean,10.35674319267273,10.858742237091064,11.379512548446655
bike,dune_bayes,3253,mean,9.511365127563476,10.06669282913208,10.587828779220581
bike,dune_bayes,3254,mean,9.463285493850709,10.08966064453125,10.68397297859192
bike,dune_bayes,3255,mean,11.015595293045044,11.530589580535889,12.019984579086303
bike,dune_bayes,3256,mean,10.87268123626709,11.45519208908081,11.961652660369873
bike,dune_bayes,3257,mean,9.91008472442627,10.388916015625,10.92747220993042
bike,dune_bayes,3258,mean,9.882662677764893,10.359917640686035,10.882715606689453
bike,dune_bayes,3259,mean,10.539392518997193,11.06601858139038,11.570088338851928
bike,dune_bayes,3260,mean,11.474085664749145,12.008866786956787,12.485979795455933
bike,dune_bayes,3261,mean,11.068948745727539,11.571545124053955,12.058962392807006
bike,dune_bayes,3262,mean,10.577050113677979,11.08103895187378,11.575051403045654
bike,dune_bayes,3263,mean,9.837806510925294,10.358697414398193,10.904941987991332
bike,dune_bayes,3264,mean,9.750517463684082,10.21013069152832,10.7461181640625
bike,dune_bayes,3265,mean,9.586642837524414,10.06664228439331,10.60996356010437
bike,dune_bayes,3266,mean,10.45453758239746,10.944171905517578,11.431311225891113
bike,dune_bayes,3267,mean,11.042079067230224,11.528351783752441,12.007013177871704
bike,dune_bayes,3268,mean,10.51543664932251,10.990084648132324,11.49750566482544
bike,dune_bayes,3269,mean,10.189233303070068,10.651537418365479,11.162195444107056
bike,dune_bayes,3270,mean,10.171212434768677,10.640027046203613,11.153114175796508
bike,dune_bayes,3271,mean,10.232151651382447,10.718678951263428,11.233043146133422
bike,dune_bayes,3272,mean,10.617450857162476,11.107814311981201,11.601201248168945
bike,dune_bayes,3273,mean,11.730628299713135,12.267200469970703,12.748555231094361
bike,dune_bayes,3274,mean,11.34729528427124,11.848947525024414,12.320394277572632
bike,dune_bayes,3275,mean,10.887825059890748,11.402434349060059,11.906010484695434
bike,dune_bayes,3276,mean,9.06035132408142,9.520716667175293,10.063491821289062
bike,dune_bayes,3277,mean,9.453070402145386,9.911284923553467,10.447921705245971
bike,dune_bayes,3278,mean,11.411830377578735,11.922491073608398,12.427442407608032
bike,dune_bayes,3279,mean,11.222415399551391,11.72197675704956,12.213751888275146
bike,dune_bayes,3280,mean,10.470907926559448,10.959040641784668,11.468012475967408
bike,dune_bayes,3281,mean,10.210567903518676,10.689914226531982,11.210981845855713
bike,dune_bayes,3282,mean,9.689808225631714,10.147936344146729,10.69789023399353
bike,dune_bayes,3283,mean,8.740252256393433,9.197976112365723,9.749942064285278
bike,dune_bayes,3284,mean,10.8923095703125,11.394216537475586,11.91275954246521
bike,dune_bayes,3285,mean,10.429640245437621,10.962401390075684,11.469980669021606
bike,dune_bayes,3286,mean,11.212849235534668,11.701430320739746,12.15438332557678
bike,dune_bayes,3287,mean,10.92215609550476,11.409788608551025,11.894440698623658
bike,dune_bayes,3288,mean,10.305665540695191,10.774694442749023,11.28454623222351
bike,dune_bayes,3289,mean,10.08993091583252,10.53736686706543,11.065735578536987
bike,dune_bayes,3290,mean,9.67945580482483,10.127564430236816,10.687347316741944
bike,dune_bayes,3291,mean,10.15652413368225,10.596616268157959,11.128265619277954
bike,dune_bayes,3292,mean,10.559281921386718,11.014885425567627,11.516925191879272
bike,dune_bayes,3293,mean,9.452741575241088,9.898424625396729,10.458622217178345
bike,dune_bayes,3294,mean,9.452741575241088,9.898424625396729,10.458622217178345
bike,dune_bayes,3295,mean,11.47897801399231,11.954130172729492,12.41413369178772
bike,dune_bayes,3296,mean,9.564139223098755,10.020095348358154,10.574821186065673
bike,dune_bayes,3297,mean,9.361509084701538,9.82352876663208,10.37287015914917
bike,dune_bayes,3298,mean,8.642208003997803,9.11249589920044,9.68408522605896
bike,dune_bayes,3299,mean,9.03210220336914,9.488869667053223,10.050381803512574
bike,dune_bayes,3300,mean,11.08326826095581,11.569530487060547,12.115213871002197
bike,dune_bayes,3301,mean,11.078557014465332,11.61897087097168,12.239703130722045
bike,dune_bayes,3302,mean,9.02666940689087,9.523067951202393,10.097910594940185
bike,dune_bayes,3303,mean,9.161647605895997,9.63845157623291,10.230155897140502
bike,dune_bayes,3304,mean,9.14797477722168,9.620473384857178,10.194327116012573
bike,dune_bayes,3305,mean,8.605610179901124,9.12318754196167,9.762134647369384
bike,dune_bayes,3306,mean,8.605610179901124,9.12318754196167,9.762134647369384
bike,dune_bayes,3307,mean,12.122479772567749,12.637605667114258,13.115223503112793
bike,dune_bayes,3308,mean,12.091707372665406,12.575056552886963,13.03248176574707
bike,dune_bayes,3309,mean,10.590241622924804,11.255163669586182,11.895129251480101
bike,dune_bayes,3310,mean,10.114229106903077,10.646903991699219,11.187810754776
bike,dune_bayes,3311,mean,10.195291233062743,10.833574295043945,11.460615396499634
bike,dune_bayes,3312,mean,10.780157852172852,11.436406135559082,12.072776746749877
bike,dune_bayes,3313,mean,10.564556550979614,11.228814125061035,11.861337661743164
bike,dune_bayes,3314,mean,10.278885221481323,10.859976768493652,11.450509548187256
bike,dune_bayes,3315,mean,10.3708580493927,10.953706741333008,11.557105159759521
bike,dune_bayes,3316,mean,10.330508661270141,10.848577499389648,11.38654580116272
bike,dune_bayes,3317,mean,10.114229106903077,10.646903991699219,11.187810754776
bike,dune_bayes,3318,mean,9.970569562911987,10.529520988464355,11.105112075805664
bike,dune_bayes,3319,mean,10.250840282440185,10.75622034072876,11.287226152420043
bike,dune_bayes,3320,mean,10.152537202835083,10.653578281402588,11.19278974533081
bike,dune_bayes,3321,mean,8.979406118392944,9.511323928833008,10.098772716522216
bike,dune_bayes,3322,mean,9.497206974029542,9.9629807472229,10.530747747421264
bike,dune_bayes,3323,mean,9.392891025543213,9.840824604034424,10.405376148223876
bike,dune_bayes,3324,mean,9.060418224334716,9.517355918884277,10.093512105941771
bike,dune_bayes,3325,mean,9.263487339019775,9.740552425384521,10.303644227981566
bike,dune_bayes,3326,mean,9.806976699829102,10.278936386108398,10.810521745681761
bike,dune_bayes,3327,mean,11.505302381515502,12.09368896484375,12.579678630828857
bike,dune_bayes,3328,mean,9.321864748001099,9.862658023834229,10.444661092758178
bike,dune_bayes,3329,mean,8.966893911361694,9.454533100128174,10.040393447875976
bike,dune_bayes,3330,mean,11.544265985488892,12.077611446380615,12.550272607803345
bike,dune_bayes,3331,mean,8.41573805809021,8.941833019256592,9.590249300003052
bike,dune_bayes,3332,mean,11.82556710243225,12.31131887435913,12.761948490142823
bike,dune_bayes,3333,mean,11.213839912414551,11.713904857635498,12.19087610244751
bike,dune_bayes,3334,mean,9.878493499755859,10.379515171051025,10.935071325302124
bike,dune_bayes,3335,mean,8.41641731262207,8.893237113952637,9.479901599884032
bike,dune_bayes,3336,mean,8.069404697418213,8.552733421325684,9.120506763458252
bike,dune_bayes,3337,mean,9.940807056427001,10.424135684967041,11.00422019958496
bike,dune_bayes,3338,mean,8.491031265258789,9.01135540008545,9.59705958366394
bike,dune_bayes,3339,mean,8.312471151351929,8.815404415130615,9.409885787963868
bike,dune_bayes,3340,mean,7.434127640724182,8.000042915344238,8.638748216629027
bike,dune_bayes,3341,mean,7.719226813316345,8.220510959625244,8.806090879440308
bike,dune_bayes,3342,mean,10.24642071723938,10.730154037475586,11.250954627990723
bike,dune_bayes,3343,mean,9.721086597442627,10.206774711608887,10.721000385284423
bike,dune_bayes,3344,mean,9.52872347831726,10.005457401275635,10.521848392486572
bike,dune_bayes,3345,mean,9.93052363395691,10.412512302398682,10.917284870147704
bike,dune_bayes,3346,mean,8.68479390144348,9.208017826080322,9.816788148880004
bike,dune_bayes,3347,mean,9.554535102844238,10.02419900894165,10.58897843360901
bike,dune_bayes,3348,mean,9.643025255203247,10.121069431304932,10.67181816101074
bike,dune_bayes,3349,mean,11.621175813674927,12.096363067626953,12.539455032348632
bike,dune_bayes,3350,mean,12.193741846084595,12.669644832611084,13.120553731918335
bike,dune_bayes,3351,mean,12.455633068084717,12.97042989730835,13.44855432510376
bike,dune_bayes,3352,mean,11.828507947921754,12.285220623016357,12.75706615447998
bike,dune_bayes,3353,mean,11.279659461975097,11.729913711547852,12.191743659973143
bike,dune_bayes,3354,mean,11.413522243499756,12.026658058166504,12.559346914291382
bike,dune_bayes,3355,mean,11.711776304244996,12.280536651611328,12.788604307174682
bike,dune_bayes,3356,mean,11.940740919113159,12.465549945831299,12.940845441818237
bike,dune_bayes,3357,mean,12.207591819763184,12.753502368927002,13.251375484466552
bike,dune_bayes,3358,mean,11.15102186203003,11.785031795501709,12.322708511352538
bike,dune_bayes,3359,mean,10.321628952026368,10.88534927368164,11.401536512374877
bike,dune_bayes,3360,mean,10.596086835861206,11.115138530731201,11.628094244003295
bike,dune_bayes,3361,mean,10.905223178863526,11.420102596282959,11.93224172592163
bike,dune_bayes,3362,mean,9.382103681564331,9.847646236419678,10.400947952270506
bike,dune_bayes,3363,mean,9.392891025543213,9.840824604034424,10.405376148223876
bike,dune_bayes,3364,mean,9.875184726715087,10.324525833129883,10.850325393676757
bike,dune_bayes,3365,mean,10.33315920829773,10.777387619018555,11.315483236312867
bike,dune_bayes,3366,mean,8.366286087036134,8.89054250717163,9.48811993598938
bike,dune_bayes,3367,mean,8.059111261367798,8.611806392669678,9.215729331970214
bike,dune_bayes,3368,mean,7.958645558357238,8.496810913085938,9.072663259506225
bike,dune_bayes,3369,mean,8.12054009437561,8.677847862243652,9.279246711730957
bike,dune_bayes,3370,mean,8.965714454650879,9.463565349578857,10.023574876785277
bike,dune_bayes,3371,mean,9.16446566581726,9.640660285949707,10.16392741203308
bike,dune_bayes,3372,mean,9.499075555801392,9.965261936187744,10.487633752822875
bike,dune_bayes,3373,mean,7.658087253570557,8.243467807769775,8.862090349197388
bike,dune_bayes,3374,mean,8.965714454650879,9.463565349578857,10.023574876785277
bike,dune_bayes,3375,mean,9.013237953186035,9.503576755523682,10.020764541625976
bike,dune_bayes,3376,mean,8.00092978477478,8.52763843536377,9.104496669769286
bike,dune_bayes,3377,mean,8.593683290481568,9.0890474319458,9.680437564849854
bike,dune_bayes,3378,mean,9.069214916229248,9.559659004211426,10.145388174057006
bike,dune_bayes,3379,mean,9.069214916229248,9.559659004211426,10.145388174057006
bike,dune_bayes,3380,mean,9.174619245529176,9.674054145812988,10.201754760742187
bike,dune_bayes,3381,mean,9.741206502914428,10.228679656982422,10.729598999023438
bike,dune_bayes,3382,mean,9.28482232093811,9.784815311431885,10.311035299301148
bike,dune_bayes,3383,mean,10.062908840179443,10.557870388031006,11.0745858669281
bike,dune_bayes,3384,mean,10.164267206192017,10.635765075683594,11.136908102035523
bike,dune_bayes,3385,mean,11.376423645019532,11.859766483306885,12.333925247192383
bike,dune_bayes,3386,mean,10.72497844696045,11.225146770477295,11.715534830093384
bike,dune_bayes,3387,mean,10.454980850219727,10.952278137207031,11.448475694656372
bike,dune_bayes,3388,mean,9.969383096694946,10.441831588745117,10.97113938331604
bike,dune_bayes,3389,mean,10.212261199951172,10.696154594421387,11.205202341079712
bike,dune_bayes,3390,mean,10.878529024124145,11.415873527526855,11.976920557022094
bike,dune_bayes,3391,mean,10.762186861038208,11.28126335144043,11.845150041580201
bike,dune_bayes,3392,mean,10.875609636306763,11.381869792938232,11.873585557937622
bike,dune_bayes,3393,mean,10.643201780319213,11.146615982055664,11.626975345611573
bike,dune_bayes,3394,mean,10.78254246711731,11.298030853271484,11.796615266799927
bike,dune_bayes,3395,mean,10.674934911727906,11.214772701263428,11.721161603927612
bike,dune_bayes,3396,mean,10.67179365158081,11.193358898162842,11.704206085205078
bike,dune_bayes,3397,mean,10.948549890518189,11.466771602630615,11.961133813858032
bike,dune_bayes,3398,mean,9.31068787574768,9.783826351165771,10.34599871635437
bike,dune_bayes,3399,mean,9.330178833007812,9.788003921508789,10.348271799087524
bike,dune_bayes,3400,mean,11.213839912414551,11.713904857635498,12.19087610244751
bike,dune_bayes,3401,mean,11.213545513153075,11.682664394378662,12.15104374885559
bike,dune_bayes,3402,mean,10.458356142044067,10.935108661651611,11.444653701782226
bike,dune_bayes,3403,mean,9.942149925231934,10.392394542694092,10.923882055282593
bike,dune_bayes,3404,mean,10.666708326339721,11.14563512802124,11.642456102371217
bike,dune_bayes,3405,mean,10.07687087059021,10.548089981079102,11.063118934631348
bike,dune_bayes,3406,mean,8.763896131515503,9.257658004760742,9.789290380477905
bike,dune_bayes,3407,mean,8.791381216049194,9.286894798278809,9.841317749023437
bike,dune_bayes,3408,mean,9.529206609725952,9.99409818649292,10.552752304077147
bike,dune_bayes,3409,mean,9.132302570343018,9.616255760192871,10.176679563522338
bike,dune_bayes,3410,mean,8.059111261367798,8.611806392669678,9.215729331970214
bike,dune_bayes,3411,mean,8.30345368385315,8.835304260253906,9.46908836364746
bike,dune_bayes,3412,mean,9.09045696258545,9.555980205535889,10.124626302719117
bike,dune_bayes,3413,mean,9.437973833084106,9.910865783691406,10.4826265335083
bike,dune_bayes,3414,mean,9.258471488952637,9.782386302947998,10.360575008392333
bike,dune_bayes,3415,mean,9.383789587020875,9.865711688995361,10.431904172897339
bike,dune_bayes,3416,mean,10.12051305770874,10.56617546081543,11.087332820892334
bike,dune_bayes,3417,mean,9.437973833084106,9.910865783691406,10.4826265335083
bike,dune_bayes,3418,mean,9.554535102844238,10.02419900894165,10.58897843360901
bike,dune_bayes,3419,mean,11.462872457504272,11.9105806350708,12.382229948043824
bike,dune_bayes,3420,mean,11.801855897903442,12.440279483795166,12.984720802307129
bike,dune_bayes,3421,mean,9.961598968505859,10.480985641479492,11.017915678024291
bike,dune_bayes,3422,mean,9.330178833007812,9.788003921508789,10.348271799087524
bike,dune_bayes,3423,mean,9.346909332275391,9.810559272766113,10.371605443954467
bike,dune_bayes,3424,mean,9.84182949066162,10.307277202606201,10.841231346130371
bike,dune_bayes,3425,mean,9.556109285354614,10.066988945007324,10.64864730834961
bike,dune_bayes,3426,mean,9.878493499755859,10.379515171051025,10.935071325302124
bike,dune_bayes,3427,mean,10.247460126876831,10.69728946685791,11.202607154846191
bike,dune_bayes,3428,mean,9.687989759445191,10.246728897094727,10.792426109313965
bike,dune_bayes,3429,mean,10.197677993774414,10.834152698516846,11.410199928283692
bike,dune_bayes,3430,mean,10.89822759628296,11.474114418029785,11.9644211769104
bike,dune_bayes,3431,mean,10.788758277893066,11.453813076019287,12.026733636856079
bike,dune_bayes,3432,mean,10.797756958007813,11.380382061004639,11.871910953521729
bike,dune_bayes,3433,mean,10.011634016036988,10.618242740631104,11.22934169769287
bike,dune_bayes,3434,mean,10.143539810180664,10.746074199676514,11.35120792388916
bike,dune_bayes,3435,mean,10.695560216903687,11.350294589996338,11.986572313308715
bike,dune_bayes,3436,mean,10.582189989089965,11.306356430053711,12.032661390304565
bike,dune_bayes,3437,mean,10.476815986633301,11.005337238311768,11.53551287651062
bike,dune_bayes,3438,mean,9.961836528778075,10.52162790298462,11.093758964538575
bike,dune_bayes,3439,mean,9.642198657989502,10.146199703216553,10.692438125610352
bike,dune_bayes,3440,mean,11.117625427246093,11.681038856506348,12.200431966781617
bike,dune_bayes,3441,mean,10.991510820388793,11.515556335449219,11.999955558776856
bike,dune_bayes,3442,mean,10.371395254135132,10.869608402252197,11.387825870513916
bike,dune_bayes,3443,mean,9.108339881896972,9.632297992706299,10.226920938491821
bike,dune_bayes,3444,mean,8.692451620101929,9.15986680984497,9.762395811080932
bike,dune_bayes,3445,mean,8.689235544204712,9.21120548248291,9.833023691177369
bike,dune_bayes,3446,mean,9.535606718063354,10.057743072509766,10.630332422256469
bike,dune_bayes,3447,mean,10.167446947097778,10.6624174118042,11.175477838516235
bike,dune_bayes,3448,mean,8.402783393859863,8.86395263671875,9.437358713150022
bike,dune_bayes,3449,mean,8.232976818084717,8.719597816467285,9.316179418563841
bike,dune_bayes,3450,mean,7.920704174041748,8.472930908203125,9.13519206047058
bike,dune_bayes,3451,mean,7.920704174041748,8.472930908203125,9.13519206047058
bike,dune_bayes,3452,mean,8.23969521522522,8.721321105957031,9.284189891815185
bike,dune_bayes,3453,mean,7.594015955924988,8.097140312194824,8.678261947631835
bike,dune_bayes,3454,mean,7.651604795455933,8.193851947784424,8.832855844497681
bike,dune_bayes,3455,mean,9.780583667755128,10.241873741149902,10.749411106109617
bike,dune_bayes,3456,mean,8.898386716842651,9.442774772644043,9.997698402404785
bike,dune_bayes,3457,mean,8.55861463546753,9.115576267242432,9.676309633255004
bike,dune_bayes,3458,mean,8.961127090454102,9.463804721832275,10.006778287887572
bike,dune_bayes,3459,mean,8.782947158813476,9.272948265075684,9.861173629760742
bike,dune_bayes,3460,mean,9.464926147460938,10.134439468383789,10.743477582931519
bike,dune_bayes,3461,mean,10.732457637786865,11.404879570007324,11.991879320144653
bike,dune_bayes,3462,mean,10.045703792572022,10.54257583618164,11.057816505432129
bike,dune_bayes,3463,mean,10.764729738235474,11.282633781433105,11.780947351455689
bike,dune_bayes,3464,mean,9.03210220336914,9.488869667053223,10.050381803512574
bike,dune_bayes,3465,mean,9.015158653259277,9.487508296966553,10.064864110946655
bike,dune_bayes,3466,mean,9.153629589080811,9.662364959716797,10.266939210891724
bike,dune_bayes,3467,mean,9.597702503204346,10.05836534500122,10.61022753715515
bike,dune_bayes,3468,mean,9.57146954536438,10.051145553588867,10.608445882797241
bike,dune_bayes,3469,mean,9.452305555343628,9.94056224822998,10.487366676330566
bike,dune_bayes,3470,mean,8.951847028732299,9.442191123962402,9.987445497512816
bike,dune_bayes,3471,mean,9.371413278579713,9.845506191253662,10.406312704086304
bike,dune_bayes,3472,mean,9.966057634353637,10.455364227294922,10.967188215255737
bike,dune_bayes,3473,mean,10.244869899749755,10.739773273468018,11.232888603210448
bike,dune_bayes,3474,mean,10.640740394592285,11.155219554901123,11.677455711364745
bike,dune_bayes,3475,mean,10.55569953918457,11.060815811157227,11.579138088226317
bike,dune_bayes,0,dispersion,7.743459987640381,8.241576671600342,8.690543174743652
bike,dune_bayes,1,dispersion,7.521121025085449,8.017875671386719,8.482412767410278
bike,dune_bayes,2,dispersion,7.157255244255066,7.657109498977661,8.141816186904906
bike,dune_bayes,3,dispersion,8.289969539642334,8.826359272003174,9.34126648902893
bike,dune_bayes,4,dispersion,8.07937936782837,8.52991771697998,9.002988386154176
bike,dune_bayes,5,dispersion,7.734854006767273,8.167450428009033,8.630406045913697
bike,dune_bayes,6,dispersion,8.68019437789917,9.152920722961426,9.613388109207152
bike,dune_bayes,7,dispersion,8.792583513259888,9.249017238616943,9.70592279434204
bike,dune_bayes,8,dispersion,8.442848491668702,8.900024890899658,9.381591081619263
bike,dune_bayes,9,dispersion,7.596966218948364,8.081910133361816,8.5736412525177
bike,dune_bayes,10,dispersion,7.33606104850769,7.7664525508880615,8.230683851242066
bike,dune_bayes,11,dispersion,7.396369194984436,7.880544900894165,8.314698266983031
bike,dune_bayes,12,dispersion,6.659155249595642,7.140949487686157,7.606829786300659
bike,dune_bayes,13,dispersion,8.421073579788208,8.871835231781006,9.313904571533202
bike,dune_bayes,14,dispersion,8.99009051322937,9.465358257293701,9.921348667144775
bike,dune_bayes,15,dispersion,8.99009051322937,9.465358257293701,9.921348667144775
bike,dune_bayes,16,dispersion,8.32776780128479,8.78776216506958,9.256422996520996
bike,dune_bayes,17,dispersion,7.6649733781814575,8.091158390045166,8.548052501678466
bike,dune_bayes,18,dispersion,7.1042277097702025,7.546130895614624,8.016649150848389
bike,dune_bayes,19,dispersion,7.080719947814941,7.517178535461426,7.9785562515258786
bike,dune_bayes,20,dispersion,7.384340691566467,7.861995220184326,8.357774639129639
bike,dune_bayes,21,dispersion,8.014281845092773,8.4450101852417,8.893425273895264
bike,dune_bayes,22,dispersion,8.337709617614745,8.783397674560547,9.221703910827635
bike,dune_bayes,23,dispersion,7.792022299766541,8.245925903320312,8.683132362365722
bike,dune_bayes,24,dispersion,7.489211130142212,7.946620464324951,8.371492528915406
bike,dune_bayes,25,dispersion,8.667055940628051,9.141449451446533,9.602207136154174
bike,dune_bayes,26,dispersion,8.346236515045167,8.812110900878906,9.265557718276977
bike,dune_bayes,27,dispersion,7.815654253959655,8.301692008972168,8.813876390457153
bike,dune_bayes,28,dispersion,8.001638746261596,8.466718196868896,8.938126945495606
bike,dune_bayes,29,dispersion,7.8621978759765625,8.29081678390503,8.74353094100952
bike,dune_bayes,30,dispersion,7.01233069896698,7.4712066650390625,7.945659351348877
bike,dune_bayes,31,dispersion,6.041005158424378,6.519458055496216,7.015345335006714
bike,dune_bayes,32,dispersion,4.933864307403565,5.440441846847534,5.978926038742065
bike,dune_bayes,33,dispersion,5.861534070968628,6.352822303771973,6.84894335269928
bike,dune_bayes,34,dispersion,7.13117024898529,7.644120693206787,8.15009937286377
bike,dune_bayes,35,dispersion,6.471073007583618,6.94509220123291,7.465035796165466
bike,dune_bayes,36,dispersion,6.471073007583618,6.94509220123291,7.465035796165466
bike,dune_bayes,37,dispersion,7.833189821243286,8.399890422821045,8.951166629791258
bike,dune_bayes,38,dispersion,7.846192646026611,8.36084508895874,8.880219841003418
bike,dune_bayes,39,dispersion,7.698497676849366,8.250627040863037,8.816889905929566
bike,dune_bayes,40,dispersion,7.678966736793518,8.126102924346924,8.592454624176025
bike,dune_bayes,41,dispersion,8.452948665618896,8.91875410079956,9.380795764923096
bike,dune_bayes,42,dispersion,8.346236515045167,8.812110900878906,9.265557718276977
bike,dune_bayes,43,dispersion,7.153499293327331,7.632045745849609,8.13856291770935
bike,dune_bayes,44,dispersion,7.9827250957489015,8.407320499420166,8.857544136047363
bike,dune_bayes,45,dispersion,7.995205235481262,8.42865800857544,8.88184084892273
bike,dune_bayes,46,dispersion,6.3752117395401005,6.865893840789795,7.347934198379517
bike,dune_bayes,47,dispersion,6.135154175758362,6.617760181427002,7.097959804534912
bike,dune_bayes,48,dispersion,6.91143307685852,7.369997501373291,7.830351448059082
bike,dune_bayes,49,dispersion,7.7713539600372314,8.24004602432251,8.705381441116334
bike,dune_bayes,50,dispersion,7.862333345413208,8.325017929077148,8.767901229858397
bike,dune_bayes,51,dispersion,8.353086566925048,8.808579921722412,9.277839088439942
bike,dune_bayes,52,dispersion,8.536989402770995,9.000908851623535,9.456885242462159
bike,dune_bayes,53,dispersion,8.226394510269165,8.76374626159668,9.296730947494506
bike,dune_bayes,54,dispersion,7.875071716308594,8.369915008544922,8.852676010131836
bike,dune_bayes,55,dispersion,7.652813196182251,8.14120626449585,8.623043107986451
bike,dune_bayes,56,dispersion,7.734854006767273,8.167450428009033,8.630406045913697
bike,dune_bayes,57,dispersion,8.389177608489991,8.883996486663818,9.39915509223938
bike,dune_bayes,58,dispersion,8.568488788604736,9.069058895111084,9.581661939620972
bike,dune_bayes,59,dispersion,8.601314592361451,9.092656135559082,9.560427474975587
bike,dune_bayes,60,dispersion,8.782610559463501,9.26467227935791,9.731082391738891
bike,dune_bayes,61,dispersion,8.029670429229736,8.483710289001465,8.943168020248413
bike,dune_bayes,62,dispersion,7.817687511444092,8.25513744354248,8.694452238082885
bike,dune_bayes,63,dispersion,8.673628282546996,9.170586109161377,9.648631477355957
bike,dune_bayes,64,dispersion,7.289214301109314,7.727615833282471,8.196900653839112
bike,dune_bayes,65,dispersion,6.206266069412232,6.672719717025757,7.1762231349945065
bike,dune_bayes,66,dispersion,8.240232229232788,8.7201828956604,9.201188278198241
bike,dune_bayes,67,dispersion,8.33085331916809,8.799039840698242,9.272407627105713
bike,dune_bayes,68,dispersion,8.28383731842041,8.745652675628662,9.218830633163453
bike,dune_bayes,69,dispersion,7.801108074188233,8.242268562316895,8.711452293395995
bike,dune_bayes,70,dispersion,7.243550562858582,7.6769232749938965,8.171054553985595
bike,dune_bayes,71,dispersion,6.849960064888,7.3047776222229,7.782138180732727
bike,dune_bayes,72,dispersion,6.8560380935668945,7.313437223434448,7.79743344783783
bike,dune_bayes,73,dispersion,7.041056370735168,7.492759943008423,7.974689912796021
bike,dune_bayes,74,dispersion,7.056020307540893,7.494560480117798,7.99184181690216
bike,dune_bayes,75,dispersion,6.839331650733948,7.301530361175537,7.774704146385193
bike,dune_bayes,76,dispersion,6.962217688560486,7.422770977020264,7.876313829421997
bike,dune_bayes,77,dispersion,6.6807928562164305,7.164118051528931,7.600753307342529
bike,dune_bayes,78,dispersion,6.219593167304993,6.713693141937256,7.1651253461837765
bike,dune_bayes,79,dispersion,6.2999046564102175,6.794317007064819,7.253073835372924
bike,dune_bayes,80,dispersion,9.095333051681518,9.534734725952148,9.941570043563843
bike,dune_bayes,81,dispersion,8.789891052246094,9.230895042419434,9.61801519393921
bike,dune_bayes,82,dispersion,8.495156192779541,8.946327209472656,9.398321104049682
bike,dune_bayes,83,dispersion,8.603813552856446,9.05416488647461,9.484640455245971
bike,dune_bayes,84,dispersion,8.359551477432252,8.81161880493164,9.281118917465209
bike,dune_bayes,85,dispersion,8.559674882888794,8.993672847747803,9.416410827636719
bike,dune_bayes,86,dispersion,6.3958707571029665,6.8758955001831055,7.352463507652283
bike,dune_bayes,87,dispersion,8.215621900558471,8.660723209381104,9.120439052581787
bike,dune_bayes,88,dispersion,8.302849340438843,8.802918910980225,9.322102260589599
bike,dune_bayes,89,dispersion,8.558970975875855,9.059119701385498,9.584054327011108
bike,dune_bayes,90,dispersion,7.710112118721009,8.210319995880127,8.735426807403565
bike,dune_bayes,91,dispersion,7.772843694686889,8.25147819519043,8.78057599067688
bike,dune_bayes,92,dispersion,6.599005842208863,7.07804274559021,7.58891041278839
bike,dune_bayes,93,dispersion,6.752207469940186,7.282345533370972,7.841153168678283
bike,dune_bayes,94,dispersion,6.720386481285095,7.215472459793091,7.73769178390503
bike,dune_bayes,95,dispersion,6.49205904006958,6.975409984588623,7.505662512779236
bike,dune_bayes,96,dispersion,6.569489169120788,7.055625677108765,7.580604386329651
bike,dune_bayes,97,dispersion,6.34338948726654,6.8504798412323,7.3969406366348265
bike,dune_bayes,98,dispersion,6.667684721946716,7.1881208419799805,7.734601640701294
bike,dune_bayes,99,dispersion,6.505325984954834,6.971227645874023,7.499501204490661
bike,dune_bayes,100,dispersion,6.371783661842346,6.847598075866699,7.380843997001648
bike,dune_bayes,101,dispersion,5.92929847240448,6.382105112075806,6.88806517124176
bike,dune_bayes,102,dispersion,6.257605481147766,6.71202540397644,7.2183133363723755
bike,dune_bayes,103,dispersion,7.401462483406067,7.965273857116699,8.542266464233398
bike,dune_bayes,104,dispersion,7.599195456504821,8.129133701324463,8.686268711090088
bike,dune_bayes,105,dispersion,7.831693696975708,8.297955513000488,8.764901494979858
bike,dune_bayes,106,dispersion,7.449668145179748,7.899041175842285,8.351142024993896
bike,dune_bayes,107,dispersion,7.240492510795593,7.712925434112549,8.150762128829957
bike,dune_bayes,108,dispersion,6.711466765403747,7.184818983078003,7.64125645160675
bike,dune_bayes,109,dispersion,7.025851035118103,7.496738433837891,7.937451243400573
bike,dune_bayes,110,dispersion,7.845249962806702,8.291917324066162,8.722091102600098
bike,dune_bayes,111,dispersion,8.285859394073487,8.7433762550354,9.212636756896972
bike,dune_bayes,112,dispersion,8.483224439620972,8.939317226409912,9.40172700881958
bike,dune_bayes,113,dispersion,7.52388551235199,7.994798421859741,8.41474118232727
bike,dune_bayes,114,dispersion,6.840192151069641,7.363819360733032,7.8261789083480835
bike,dune_bayes,115,dispersion,6.528215098381042,7.109679937362671,7.589604139328002
bike,dune_bayes,116,dispersion,6.525074124336243,7.089932918548584,7.559219646453856
bike,dune_bayes,117,dispersion,8.05622410774231,8.489437580108643,8.91814260482788
bike,dune_bayes,118,dispersion,7.117848324775696,7.584424257278442,8.042445945739747
bike,dune_bayes,119,dispersion,6.7783733129501345,7.251750230789185,7.7193001985549925
bike,dune_bayes,120,dispersion,6.986062335968017,7.45624041557312,7.91003303527832
bike,dune_bayes,121,dispersion,5.882303762435913,6.3912060260772705,6.862717008590698
bike,dune_bayes,122,dispersion,6.063115644454956,6.575573444366455,7.0771105766296385
bike,dune_bayes,123,dispersion,7.234529805183411,7.694050312042236,8.139008569717408
bike,dune_bayes,124,dispersion,8.06682186126709,8.521490097045898,8.94610948562622
bike,dune_bayes,125,dispersion,6.628483867645263,7.08253026008606,7.568368220329285
bike,dune_bayes,126,dispersion,6.42971396446228,6.880021095275879,7.3604762792587275
bike,dune_bayes,127,dispersion,7.147085189819336,7.587428092956543,8.041762495040894
bike,dune_bayes,128,dispersion,6.647375845909119,7.113011598587036,7.599442386627198
bike,dune_bayes,129,dispersion,5.561811733245849,6.041254043579102,6.541994190216064
bike,dune_bayes,130,dispersion,5.308935284614563,5.811715126037598,6.315427541732787
bike,dune_bayes,131,dispersion,4.872157716751099,5.405901193618774,5.931780242919921
bike,dune_bayes,132,dispersion,7.721344661712647,8.188035488128662,8.60577335357666
bike,dune_bayes,133,dispersion,7.561236906051636,8.026616096496582,8.455522823333741
bike,dune_bayes,134,dispersion,7.421854019165039,7.850208520889282,8.303702783584594
bike,dune_bayes,135,dispersion,7.289214301109314,7.727615833282471,8.196900653839112
bike,dune_bayes,136,dispersion,5.477667307853698,6.009945631027222,6.509664797782898
bike,dune_bayes,137,dispersion,5.94011423587799,6.459409713745117,6.965797281265258
bike,dune_bayes,138,dispersion,6.519055318832398,7.004327058792114,7.459222793579102
bike,dune_bayes,139,dispersion,6.3958707571029665,6.8758955001831055,7.352463507652283
bike,dune_bayes,140,dispersion,6.12711112499237,6.626890182495117,7.092437052726745
bike,dune_bayes,141,dispersion,6.219593167304993,6.713693141937256,7.1651253461837765
bike,dune_bayes,142,dispersion,6.430952620506287,6.945495128631592,7.396510076522827
bike,dune_bayes,143,dispersion,6.430952620506287,6.945495128631592,7.396510076522827
bike,dune_bayes,144,dispersion,7.070031023025512,7.552138090133667,7.979429626464843
bike,dune_bayes,145,dispersion,8.126938772201537,8.668304443359375,9.093360710144044
bike,dune_bayes,146,dispersion,9.087267875671387,9.605637550354004,10.105560398101806
bike,dune_bayes,147,dispersion,9.165633153915405,9.707307815551758,10.281585121154786
bike,dune_bayes,148,dispersion,8.401531744003297,8.949501991271973,9.507294988632202
bike,dune_bayes,149,dispersion,8.295346975326538,8.833331108093262,9.387160301208496
bike,dune_bayes,150,dispersion,8.01809606552124,8.470408916473389,8.956939268112182
bike,dune_bayes,151,dispersion,8.21874361038208,8.674638271331787,9.132111072540283
bike,dune_bayes,152,dispersion,7.080719947814941,7.517178535461426,7.9785562515258786
bike,dune_bayes,153,dispersion,6.683769011497498,7.161654472351074,7.632546162605285
bike,dune_bayes,154,dispersion,6.508547687530518,6.992612600326538,7.4717569828033445
bike,dune_bayes,155,dispersion,8.603813552856446,9.05416488647461,9.484640455245971
bike,dune_bayes,156,dispersion,8.945111513137817,9.386937141418457,9.822477531433105
bike,dune_bayes,157,dispersion,7.732135081291199,8.194745063781738,8.62059531211853
bike,dune_bayes,158,dispersion,6.463138747215271,6.942600965499878,7.430666756629944
bike,dune_bayes,159,dispersion,4.769363164901733,5.285611867904663,5.838233470916748
bike,dune_bayes,160,dispersion,5.0723607540130615,5.615767478942871,6.1559324026107785
bike,dune_bayes,161,dispersion,5.4340122699737545,5.984609365463257,6.509905099868774
bike,dune_bayes,162,dispersion,5.993882560729981,6.61928915977478,7.139800429344177
bike,dune_bayes,163,dispersion,5.421091508865357,5.9315571784973145,6.449693393707276
bike,dune_bayes,164,dispersion,7.3449313879013065,7.801864147186279,8.271626091003418
bike,dune_bayes,165,dispersion,7.916950988769531,8.364439487457275,8.823606729507446
bike,dune_bayes,166,dispersion,7.678709411621094,8.14039134979248,8.628796768188476
bike,dune_bayes,167,dispersion,7.6082687139511105,8.045655727386475,8.502086114883422
bike,dune_bayes,168,dispersion,7.155757713317871,7.590652942657471,8.050999689102174
bike,dune_bayes,169,dispersion,6.480039000511169,6.933430194854736,7.43302321434021
bike,dune_bayes,170,dispersion,5.13288688659668,5.668365001678467,6.192748570442199
bike,dune_bayes,171,dispersion,7.1479624032974245,7.616399765014648,8.059323167800903
bike,dune_bayes,172,dispersion,8.802204608917236,9.250962734222412,9.664960956573486
bike,dune_bayes,173,dispersion,7.600392460823059,8.067309856414795,8.503373384475708
bike,dune_bayes,174,dispersion,7.600392460823059,8.067309856414795,8.503373384475708
bike,dune_bayes,175,dispersion,6.516135954856873,7.01849627494812,7.505281615257263
bike,dune_bayes,176,dispersion,8.426542043685913,8.921926975250244,9.435247707366944
bike,dune_bayes,177,dispersion,8.70764422416687,9.206713199615479,9.694715356826782
bike,dune_bayes,178,dispersion,8.220553159713745,8.728579044342041,9.269450235366822
bike,dune_bayes,179,dispersion,6.68366506099701,7.148409366607666,7.616844797134399
bike,dune_bayes,180,dispersion,7.679384803771972,8.121143817901611,8.603060245513916
bike,dune_bayes,181,dispersion,8.66991662979126,9.1546049118042,9.631267309188843
bike,dune_bayes,182,dispersion,8.405820655822755,8.886256217956543,9.377927255630492
bike,dune_bayes,183,dispersion,7.116018009185791,7.560191631317139,8.041849756240845
bike,dune_bayes,184,dispersion,6.373521423339843,6.861474514007568,7.364602708816528
bike,dune_bayes,185,dispersion,6.051045274734497,6.5512731075286865,7.061478877067566
bike,dune_bayes,186,dispersion,8.653898286819459,9.147124767303467,9.647363185882568
bike,dune_bayes,187,dispersion,7.6471262216568,8.08200216293335,8.525078582763673
bike,dune_bayes,188,dispersion,5.19700403213501,5.703078985214233,6.208884334564208
bike,dune_bayes,189,dispersion,5.08447105884552,5.593427896499634,6.104786419868468
bike,dune_bayes,190,dispersion,5.61844482421875,6.0952467918396,6.587919235229492
bike,dune_bayes,191,dispersion,5.369273233413696,5.862331867218018,6.361541032791137
bike,dune_bayes,192,dispersion,8.207479619979859,8.756384372711182,9.266175127029419
bike,dune_bayes,193,dispersion,8.166621208190918,8.654199600219727,9.145594024658203
bike,dune_bayes,194,dispersion,7.175177955627442,7.6201441287994385,8.076077222824097
bike,dune_bayes,195,dispersion,6.5478750467300415,6.99578332901001,7.479013156890869
bike,dune_bayes,196,dispersion,6.496988821029663,6.9690845012664795,7.43764247894287
bike,dune_bayes,197,dispersion,8.155720710754395,8.625532150268555,9.108068990707396
bike,dune_bayes,198,dispersion,9.039892387390136,9.548755168914795,10.023089933395385
bike,dune_bayes,199,dispersion,9.007872152328492,9.51465368270874,9.997918939590454
bike,dune_bayes,200,dispersion,8.948637104034423,9.443696975708008,9.903939342498779
bike,dune_bayes,201,dispersion,9.243674373626709,9.68394422531128,10.0888521194458
bike,dune_bayes,202,dispersion,10.67704110145569,11.173828125,11.5874267578125
bike,dune_bayes,203,dispersion,10.685369348526,11.174278736114502,11.697875452041625
bike,dune_bayes,204,dispersion,9.496444654464721,10.082663536071777,10.67587628364563
bike,dune_bayes,205,dispersion,8.90858826637268,9.522222518920898,10.130910491943359
bike,dune_bayes,206,dispersion,8.53378849029541,9.22244644165039,9.940538024902343
bike,dune_bayes,207,dispersion,8.709217977523803,9.237381935119629,9.762909555435181
bike,dune_bayes,208,dispersion,9.02642617225647,9.501066207885742,9.9739284992218
bike,dune_bayes,209,dispersion,9.157635593414307,9.638996601104736,10.103150796890258
bike,dune_bayes,210,dispersion,9.60196647644043,10.092146396636963,10.553077125549317
bike,dune_bayes,211,dispersion,8.880214500427247,9.327581405639648,9.79471664428711
bike,dune_bayes,212,dispersion,8.136210393905639,8.585488319396973,9.044644975662232
bike,dune_bayes,213,dispersion,10.340854740142822,10.8277006149292,11.31152467727661
bike,dune_bayes,214,dispersion,9.638765859603883,10.080938339233398,10.4843759059906
bike,dune_bayes,215,dispersion,9.170820617675782,9.616111278533936,10.035765409469604
bike,dune_bayes,216,dispersion,8.86347737312317,9.301965713500977,9.71260471343994
bike,dune_bayes,217,dispersion,8.86994309425354,9.315443515777588,9.705826950073241
bike,dune_bayes,218,dispersion,10.122333478927612,10.56379747390747,10.962961339950562
bike,dune_bayes,219,dispersion,10.591981601715087,11.04417085647583,11.442069339752196
bike,dune_bayes,220,dispersion,10.795159006118775,11.2454833984375,11.668790292739867
bike,dune_bayes,221,dispersion,9.775378656387328,10.211211204528809,10.633500480651856
bike,dune_bayes,222,dispersion,10.678574466705323,11.112246990203857,11.503269863128661
bike,dune_bayes,223,dispersion,10.881382036209107,11.382107734680176,11.865277338027953
bike,dune_bayes,224,dispersion,9.584357976913452,10.17195463180542,10.731266784667968
bike,dune_bayes,225,dispersion,8.885192108154296,9.524342060089111,10.218110752105712
bike,dune_bayes,226,dispersion,9.3063232421875,9.975045204162598,10.692907714843749
bike,dune_bayes,227,dispersion,8.597815036773682,9.072645664215088,9.5654869556427
bike,dune_bayes,228,dispersion,8.352941274642944,8.846675395965576,9.317883634567261
bike,dune_bayes,229,dispersion,7.839175796508789,8.282964706420898,8.727138471603393
bike,dune_bayes,230,dispersion,8.47025694847107,8.947309970855713,9.427140712738037
bike,dune_bayes,231,dispersion,7.861226677894592,8.351282119750977,8.862406969070435
bike,dune_bayes,232,dispersion,9.213403558731079,9.739670276641846,10.214704370498657
bike,dune_bayes,233,dispersion,6.812520933151245,7.324004411697388,7.806756711006164
bike,dune_bayes,234,dispersion,6.952458143234253,7.504688501358032,8.004755735397339
bike,dune_bayes,235,dispersion,6.967256879806518,7.5073583126068115,7.9825845718383786
bike,dune_bayes,236,dispersion,6.535671424865723,7.124051094055176,7.641372084617615
bike,dune_bayes,237,dispersion,8.22614016532898,8.675238609313965,9.121990966796876
bike,dune_bayes,238,dispersion,8.299737930297852,8.762457847595215,9.214312124252318
bike,dune_bayes,239,dispersion,8.12266435623169,8.57824993133545,9.03892960548401
bike,dune_bayes,240,dispersion,7.37294487953186,7.81205677986145,8.295581579208374
bike,dune_bayes,241,dispersion,8.282867097854615,8.72934865951538,9.185861110687256
bike,dune_bayes,242,dispersion,7.756204771995544,8.202137470245361,8.652541828155517
bike,dune_bayes,243,dispersion,7.611718773841858,8.039463520050049,8.485789060592651
bike,dune_bayes,244,dispersion,7.33931336402893,7.782475233078003,8.234841299057006
bike,dune_bayes,245,dispersion,9.004460954666138,9.457210540771484,9.84271206855774
bike,dune_bayes,246,dispersion,7.286278653144836,7.822223424911499,8.26940107345581
bike,dune_bayes,247,dispersion,7.3059467554092405,7.864339351654053,8.319371128082276
bike,dune_bayes,248,dispersion,7.570394206047058,8.104284286499023,8.532251262664795
bike,dune_bayes,249,dispersion,6.763010430335998,7.251385450363159,7.705400609970092
bike,dune_bayes,250,dispersion,7.1079424858093265,7.590786695480347,8.036773538589477
bike,dune_bayes,251,dispersion,8.826569366455079,9.300117015838623,9.759302663803101
bike,dune_bayes,252,dispersion,8.646660137176514,9.227084159851074,9.80859975814819
bike,dune_bayes,253,dispersion,8.664422273635864,9.150315284729004,9.636380624771117
bike,dune_bayes,254,dispersion,7.5881506443023685,8.049708366394043,8.530755949020385
bike,dune_bayes,255,dispersion,6.7646469354629515,7.22104549407959,7.686806869506836
bike,dune_bayes,256,dispersion,7.35181143283844,7.799569606781006,8.25972776412964
bike,dune_bayes,257,dispersion,7.448849391937256,7.903875350952148,8.394144582748414
bike,dune_bayes,258,dispersion,5.790605688095093,6.283197402954102,6.795969748497009
bike,dune_bayes,259,dispersion,5.917786264419556,6.404528617858887,6.910306215286255
bike,dune_bayes,260,dispersion,9.03107500076294,9.496951580047607,9.94645218849182
bike,dune_bayes,261,dispersion,8.527882480621338,8.94337797164917,9.367173433303833
bike,dune_bayes,262,dispersion,10.01704249382019,10.469461441040039,10.868800354003906
bike,dune_bayes,263,dispersion,8.017453861236572,8.472563743591309,8.907243347167968
bike,dune_bayes,264,dispersion,8.798284196853638,9.260858058929443,9.675676488876343
bike,dune_bayes,265,dispersion,8.78322892189026,9.226840019226074,9.672681760787963
bike,dune_bayes,266,dispersion,8.981901121139526,9.415651798248291,9.859837293624878
bike,dune_bayes,267,dispersion,7.7240289688110355,8.197044849395752,8.671444702148436
bike,dune_bayes,268,dispersion,7.887849259376526,8.346555709838867,8.751546716690063
bike,dune_bayes,269,dispersion,7.608232259750366,8.065124988555908,8.491510677337647
bike,dune_bayes,270,dispersion,8.006460285186767,8.46117353439331,8.861464357376098
bike,dune_bayes,271,dispersion,9.901652812957764,10.389476299285889,10.863938474655152
bike,dune_bayes,272,dispersion,10.742200422286988,11.231017589569092,11.647933721542358
bike,dune_bayes,273,dispersion,10.920927476882934,11.418793678283691,11.865539741516113
bike,dune_bayes,274,dispersion,9.702168273925782,10.174225330352783,10.685074138641356
bike,dune_bayes,275,dispersion,9.53302173614502,10.031909465789795,10.551817989349365
bike,dune_bayes,276,dispersion,8.148500967025758,8.611065864562988,9.10794095993042
bike,dune_bayes,277,dispersion,8.284473991394043,8.7489333152771,9.225614261627197
bike,dune_bayes,278,dispersion,8.271581506729126,8.774927139282227,9.292787027359008
bike,dune_bayes,279,dispersion,8.402523517608643,8.905564308166504,9.409500455856323
bike,dune_bayes,280,dispersion,8.830640697479248,9.301433563232422,9.76274356842041
bike,dune_bayes,281,dispersion,7.4845170974731445,7.956127405166626,8.382328081130982
bike,dune_bayes,282,dispersion,7.726964473724365,8.170884132385254,8.607751607894897
bike,dune_bayes,283,dispersion,8.145136642456055,8.583219528198242,8.994306135177613
bike,dune_bayes,284,dispersion,9.473497152328491,9.927875518798828,10.343206357955932
bike,dune_bayes,285,dispersion,9.211229228973389,9.64523983001709,10.049818563461303
bike,dune_bayes,286,dispersion,8.049959278106689,8.521878719329834,8.923587560653687
bike,dune_bayes,287,dispersion,6.290093302726746,6.772228479385376,7.267054653167724
bike,dune_bayes,288,dispersion,8.87406268119812,9.352628231048584,9.779835605621338
bike,dune_bayes,289,dispersion,8.461575794219971,8.97324800491333,9.404449129104615
bike,dune_bayes,290,dispersion,7.372906112670899,7.869512557983398,8.334303283691405
bike,dune_bayes,291,dispersion,7.217141103744507,7.764675855636597,8.247766399383545
bike,dune_bayes,292,dispersion,6.899256920814514,7.480102062225342,7.952547311782837
bike,dune_bayes,293,dispersion,6.4660426616668705,7.020733118057251,7.519507026672363
bike,dune_bayes,294,dispersion,6.598447656631469,7.147515296936035,7.641439199447631
bike,dune_bayes,295,dispersion,6.070200490951538,6.632782697677612,7.139458584785461
bike,dune_bayes,296,dispersion,5.954057455062866,6.548254728317261,7.05152199268341
bike,dune_bayes,297,dispersion,5.740072846412659,6.387381553649902,6.9159986019134525
bike,dune_bayes,298,dispersion,5.67534761428833,6.294726371765137,6.799218225479125
bike,dune_bayes,299,dispersion,6.890725922584534,7.503895998001099,8.040482997894287
bike,dune_bayes,300,dispersion,7.333277034759521,7.864525318145752,8.310661125183104
bike,dune_bayes,301,dispersion,9.546770477294922,10.020987510681152,10.484311628341674
bike,dune_bayes,302,dispersion,7.218337988853454,7.681612491607666,8.159488916397095
bike,dune_bayes,303,dispersion,7.179273891448974,7.625207185745239,8.081889724731445
bike,dune_bayes,304,dispersion,8.05622410774231,8.489437580108643,8.91814260482788
bike,dune_bayes,305,dispersion,9.414736223220824,9.850222110748291,10.303033494949341
bike,dune_bayes,306,dispersion,8.702379751205445,9.156812191009521,9.572292518615722
bike,dune_bayes,307,dispersion,7.324067878723144,7.783345937728882,8.220696449279785
bike,dune_bayes,308,dispersion,6.951623487472534,7.415959358215332,7.860613131523132
bike,dune_bayes,309,dispersion,6.641506767272949,7.120536804199219,7.574575018882752
bike,dune_bayes,310,dispersion,8.518274545669556,8.99390983581543,9.39624638557434
bike,dune_bayes,311,dispersion,7.311029219627381,7.796172142028809,8.203130054473878
bike,dune_bayes,312,dispersion,10.508910608291625,11.025317668914795,11.564987468719481
bike,dune_bayes,313,dispersion,9.387794685363769,9.869555473327637,10.394682502746582
bike,dune_bayes,314,dispersion,6.484890079498291,7.001757860183716,7.473419833183288
bike,dune_bayes,315,dispersion,6.541135263442993,7.0408031940460205,7.5080017089843745
bike,dune_bayes,316,dispersion,7.734462928771973,8.19314956665039,8.613252592086791
bike,dune_bayes,317,dispersion,7.994126272201538,8.459619998931885,8.855353355407715
bike,dune_bayes,318,dispersion,9.132818460464478,9.560053825378418,9.955503225326538
bike,dune_bayes,319,dispersion,9.303509330749511,9.752515316009521,10.169327211380004
bike,dune_bayes,320,dispersion,8.55822811126709,9.00015926361084,9.408976173400879
bike,dune_bayes,321,dispersion,7.0901448965072635,7.550015449523926,8.040416193008422
bike,dune_bayes,322,dispersion,6.76979444026947,7.2377238273620605,7.7100017070770255
bike,dune_bayes,323,dispersion,9.188930177688599,9.747727394104004,10.244454669952393
bike,dune_bayes,324,dispersion,8.456628847122193,8.863297462463379,9.32145447731018
bike,dune_bayes,325,dispersion,8.02330460548401,8.446282386779785,8.93035249710083
bike,dune_bayes,326,dispersion,7.481435680389405,7.930147886276245,8.397607946395873
bike,dune_bayes,327,dispersion,7.4990674495697025,7.954775333404541,8.409373378753662
bike,dune_bayes,328,dispersion,7.70561192035675,8.14788293838501,8.612774658203124
bike,dune_bayes,329,dispersion,7.056249189376831,7.5175395011901855,7.994989705085755
bike,dune_bayes,330,dispersion,8.820539045333863,9.252131938934326,9.70185489654541
bike,dune_bayes,331,dispersion,9.235097932815552,9.749651432037354,10.227928638458252
bike,dune_bayes,332,dispersion,7.712856411933899,8.15119218826294,8.581232690811158
bike,dune_bayes,333,dispersion,7.771445155143738,8.228148460388184,8.662088918685914
bike,dune_bayes,334,dispersion,9.442742538452148,9.878994464874268,10.299069452285766
bike,dune_bayes,335,dispersion,8.879730176925658,9.331571102142334,9.750550031661987
bike,dune_bayes,336,dispersion,9.503336811065674,9.942058563232422,10.344676494598389
bike,dune_bayes,337,dispersion,8.379130601882935,8.845807552337646,9.244737100601196
bike,dune_bayes,338,dispersion,6.669714546203613,7.22666335105896,7.689618444442749
bike,dune_bayes,339,dispersion,6.450394773483277,6.970703363418579,7.425413584709167
bike,dune_bayes,340,dispersion,6.631068086624145,7.119988441467285,7.584025597572326
bike,dune_bayes,341,dispersion,8.480727767944336,8.956699848175049,9.361026906967163
bike,dune_bayes,342,dispersion,9.548789453506469,9.985249996185303,10.369849300384521
bike,dune_bayes,343,dispersion,7.698000025749207,8.158355236053467,8.563414287567138
bike,dune_bayes,344,dispersion,10.147569513320922,10.590383052825928,10.980840921401978
bike,dune_bayes,345,dispersion,10.184093904495239,10.605445861816406,11.015402364730834
bike,dune_bayes,346,dispersion,9.087002038955688,9.541138172149658,9.915232276916504
bike,dune_bayes,347,dispersion,8.96812391281128,9.407601833343506,9.77739405632019
bike,dune_bayes,348,dispersion,8.800767469406129,9.260734558105469,9.633171606063843
bike,dune_bayes,349,dispersion,11.283026790618896,11.78677749633789,12.225427293777466
bike,dune_bayes,350,dispersion,9.15923342704773,9.689321041107178,10.194670057296753
bike,dune_bayes,351,dispersion,9.289736461639404,9.84935998916626,10.363683080673217
bike,dune_bayes,352,dispersion,9.566296243667603,10.152486801147461,10.690515851974487
bike,dune_bayes,353,dispersion,7.6420050144195555,8.082649230957031,8.539801692962646
bike,dune_bayes,354,dispersion,7.574961185455322,8.032690048217773,8.515146303176879
bike,dune_bayes,355,dispersion,8.21989803314209,8.66875171661377,9.130229520797728
bike,dune_bayes,356,dispersion,8.756380605697633,9.262874603271484,9.747621870040893
bike,dune_bayes,357,dispersion,7.770577073097229,8.281111717224121,8.705813121795654
bike,dune_bayes,358,dispersion,7.962009835243225,8.447723865509033,8.855577850341797
bike,dune_bayes,359,dispersion,8.901646757125855,9.371000289916992,9.770229482650757
bike,dune_bayes,360,dispersion,8.684588623046874,9.167865753173828,9.560657072067261
bike,dune_bayes,361,dispersion,7.45094530582428,7.929660797119141,8.398020887374878
bike,dune_bayes,362,dispersion,7.674527859687805,8.146931171417236,8.56594762802124
bike,dune_bayes,363,dispersion,9.779354524612426,10.210431575775146,10.629103136062621
bike,dune_bayes,364,dispersion,9.614700984954833,10.034612655639648,10.428246259689331
bike,dune_bayes,365,dispersion,9.704762697219849,10.13989543914795,10.563152980804443
bike,dune_bayes,366,dispersion,7.311029219627381,7.796172142028809,8.203130054473878
bike,dune_bayes,367,dispersion,6.942042207717895,7.418452978134155,7.853082466125488
bike,dune_bayes,368,dispersion,6.615327382087708,7.16417384147644,7.611512446403504
bike,dune_bayes,369,dispersion,6.805551624298095,7.314627408981323,7.745820140838623
bike,dune_bayes,370,dispersion,8.205124187469483,8.67742109298706,9.09765043258667
bike,dune_bayes,371,dispersion,8.049959278106689,8.521878719329834,8.923587560653687
bike,dune_bayes,372,dispersion,7.489211130142212,7.946620464324951,8.371492528915406
bike,dune_bayes,373,dispersion,7.179273891448974,7.625207185745239,8.081889724731445
bike,dune_bayes,374,dispersion,9.326245260238647,9.799952507019043,10.259217500686646
bike,dune_bayes,375,dispersion,9.06706657409668,9.511722564697266,9.942786026000975
bike,dune_bayes,376,dispersion,8.871960878372192,9.321736335754395,9.769847106933593
bike,dune_bayes,377,dispersion,8.516850900650024,8.996932983398438,9.519367790222168
bike,dune_bayes,378,dispersion,7.952676725387573,8.410896301269531,8.889845752716065
bike,dune_bayes,379,dispersion,7.952676725387573,8.410896301269531,8.889845752716065
bike,dune_bayes,380,dispersion,7.754544448852539,8.180275917053223,8.674513864517213
bike,dune_bayes,381,dispersion,7.426777386665345,7.8707275390625,8.33194808959961
bike,dune_bayes,382,dispersion,8.155127668380738,8.62101125717163,9.09829502105713
bike,dune_bayes,383,dispersion,7.89603443145752,8.389399528503418,8.896881341934204
bike,dune_bayes,384,dispersion,7.752496957778931,8.191548824310303,8.67262635231018
bike,dune_bayes,385,dispersion,8.114245843887328,8.565603256225586,9.028312301635742
bike,dune_bayes,386,dispersion,9.621433210372924,10.09956979751587,10.561569976806641
bike,dune_bayes,387,dispersion,9.270256090164185,9.734516620635986,10.200071668624878
bike,dune_bayes,388,dispersion,8.374368381500243,8.816761016845703,9.221089363098145
bike,dune_bayes,389,dispersion,8.082367134094238,8.544736385345459,8.997095203399658
bike,dune_bayes,390,dispersion,8.545945167541504,9.00370454788208,9.472017669677735
bike,dune_bayes,391,dispersion,8.559674882888794,8.993672847747803,9.416410827636719
bike,dune_bayes,392,dispersion,8.705308866500854,9.13515043258667,9.574491596221923
bike,dune_bayes,393,dispersion,8.7694091796875,9.210840702056885,9.623008537292481
bike,dune_bayes,394,dispersion,6.603044509887695,7.118777513504028,7.574332880973816
bike,dune_bayes,395,dispersion,6.488996624946594,6.989436626434326,7.432703256607056
bike,dune_bayes,396,dispersion,6.244965314865112,6.785317897796631,7.255065989494324
bike,dune_bayes,397,dispersion,6.725453162193299,7.242511987686157,7.691222810745239
bike,dune_bayes,398,dispersion,6.753852701187133,7.242442846298218,7.670772624015808
bike,dune_bayes,399,dispersion,7.028652334213257,7.500069618225098,7.936751270294189
bike,dune_bayes,400,dispersion,6.66934916973114,7.157598257064819,7.601928091049194
bike,dune_bayes,401,dispersion,6.848013877868652,7.369398593902588,7.816130304336548
bike,dune_bayes,402,dispersion,6.623420643806457,7.113757371902466,7.552246403694153
bike,dune_bayes,403,dispersion,6.555286765098572,7.065472602844238,7.508781790733337
bike,dune_bayes,404,dispersion,7.040173029899597,7.546442985534668,7.981264781951904
bike,dune_bayes,405,dispersion,9.303509330749511,9.752515316009521,10.169327211380004
bike,dune_bayes,406,dispersion,9.262807941436767,9.72776174545288,10.182687664031983
bike,dune_bayes,407,dispersion,8.730075788497924,9.176631927490234,9.580821895599366
bike,dune_bayes,408,dispersion,8.573924732208251,9.01802396774292,9.422014284133912
bike,dune_bayes,409,dispersion,6.690380096435547,7.162914991378784,7.646877026557922
bike,dune_bayes,410,dispersion,6.690380096435547,7.162914991378784,7.646877026557922
bike,dune_bayes,411,dispersion,8.158222579956055,8.64995002746582,9.095211744308472
bike,dune_bayes,412,dispersion,8.408090734481812,8.91416597366333,9.381820726394654
bike,dune_bayes,413,dispersion,6.732640814781189,7.21005392074585,7.683705139160156
bike,dune_bayes,414,dispersion,9.158376026153565,9.628642559051514,10.091726112365723
bike,dune_bayes,415,dispersion,8.640987062454224,9.119286060333252,9.519293212890625
bike,dune_bayes,416,dispersion,9.614700984954833,10.034612655639648,10.428246259689331
bike,dune_bayes,417,dispersion,10.91421422958374,11.398274421691895,11.854618310928345
bike,dune_bayes,418,dispersion,11.491231918334961,12.01140308380127,12.558509016036988
bike,dune_bayes,419,dispersion,10.58076868057251,11.049293041229248,11.513269186019897
bike,dune_bayes,420,dispersion,9.554195785522461,10.03145456314087,10.428026723861695
bike,dune_bayes,421,dispersion,8.437451505661011,8.97488784790039,9.401234102249145
bike,dune_bayes,422,dispersion,7.657313346862793,8.289863586425781,8.791761207580565
bike,dune_bayes,423,dispersion,9.52882685661316,9.985537052154541,10.425360584259034
bike,dune_bayes,424,dispersion,9.56508173942566,10.073047161102295,10.561553621292115
bike,dune_bayes,425,dispersion,9.218453216552735,9.662662506103516,10.072027778625488
bike,dune_bayes,426,dispersion,8.475020790100098,8.90701675415039,9.338209772109986
bike,dune_bayes,427,dispersion,7.967570400238037,8.415141582489014,8.837370347976684
bike,dune_bayes,428,dispersion,7.649753403663635,8.107468128204346,8.542161178588866
bike,dune_bayes,429,dispersion,9.839086961746215,10.298137664794922,10.753164672851563
bike,dune_bayes,430,dispersion,9.93051037788391,10.372325897216797,10.762852334976197
bike,dune_bayes,431,dispersion,10.106318235397339,10.624506950378418,11.121455430984497
bike,dune_bayes,432,dispersion,10.518999433517456,10.986180305480957,11.394023418426514
bike,dune_bayes,433,dispersion,10.09493579864502,10.54249620437622,10.937226963043212
bike,dune_bayes,434,dispersion,10.09493579864502,10.54249620437622,10.937226963043212
bike,dune_bayes,435,dispersion,8.547691345214844,8.997116088867188,9.380196666717529
bike,dune_bayes,436,dispersion,7.710314178466797,8.21855878829956,8.62673077583313
bike,dune_bayes,437,dispersion,9.139264631271363,9.581362247467041,9.961841773986816
bike,dune_bayes,438,dispersion,8.105064296722412,8.579787731170654,8.969190168380738
bike,dune_bayes,439,dispersion,7.098431158065796,7.6355133056640625,8.058896017074584
bike,dune_bayes,440,dispersion,7.028847718238831,7.608595609664917,8.075471258163452
bike,dune_bayes,441,dispersion,6.971983480453491,7.496927499771118,7.934557271003723
bike,dune_bayes,442,dispersion,6.931849956512451,7.4425742626190186,7.8667183160781855
bike,dune_bayes,443,dispersion,6.5158363580703735,7.004065036773682,7.489775013923644
bike,dune_bayes,444,dispersion,5.782808947563171,6.312011480331421,6.824823617935181
bike,dune_bayes,445,dispersion,6.441418862342834,6.913872480392456,7.3960504770278925
bike,dune_bayes,446,dispersion,6.4920999765396115,6.977399587631226,7.466615390777588
bike,dune_bayes,447,dispersion,6.829393076896667,7.290846824645996,7.7766773939132685
bike,dune_bayes,448,dispersion,6.874538946151733,7.332963228225708,7.818312764167786
bike,dune_bayes,449,dispersion,6.956752800941468,7.414273023605347,7.888120865821838
bike,dune_bayes,450,dispersion,6.56969633102417,7.041866064071655,7.533702063560486
bike,dune_bayes,451,dispersion,6.698036122322082,7.170097827911377,7.651110744476318
bike,dune_bayes,452,dispersion,8.452600145339966,8.896727561950684,9.347453165054322
bike,dune_bayes,453,dispersion,7.472545218467713,7.916219472885132,8.394281101226806
bike,dune_bayes,454,dispersion,7.183003377914429,7.6552674770355225,8.15154299736023
bike,dune_bayes,455,dispersion,7.840422868728638,8.352875232696533,8.751687574386597
bike,dune_bayes,456,dispersion,9.132978391647338,9.6318998336792,10.039040040969848
bike,dune_bayes,457,dispersion,11.2090913772583,11.7303466796875,12.291894817352295
bike,dune_bayes,458,dispersion,9.438357400894166,9.857615947723389,10.249969673156738
bike,dune_bayes,459,dispersion,8.841620492935181,9.346856117248535,9.745381021499634
bike,dune_bayes,460,dispersion,7.564569211006164,8.096128940582275,8.523808479309082
bike,dune_bayes,461,dispersion,7.639644718170166,8.18002700805664,8.615976858139039
bike,dune_bayes,462,dispersion,6.967085266113282,7.486369848251343,7.9272764921188354
bike,dune_bayes,463,dispersion,7.821111798286438,8.31647777557373,8.72582483291626
bike,dune_bayes,464,dispersion,9.329994583129883,9.786035537719727,10.178630495071411
bike,dune_bayes,465,dispersion,8.89323525428772,9.34896993637085,9.721119070053101
bike,dune_bayes,466,dispersion,8.427997255325318,8.89118242263794,9.270724153518676
bike,dune_bayes,467,dispersion,8.296821451187133,8.77867603302002,9.169703149795533
bike,dune_bayes,468,dispersion,10.651796865463258,11.096240520477295,11.49396891593933
bike,dune_bayes,469,dispersion,10.602340745925904,11.052474975585938,11.49515585899353
bike,dune_bayes,470,dispersion,10.385534811019898,10.885219097137451,11.351987361907957
bike,dune_bayes,471,dispersion,9.431998348236084,9.888720035552979,10.283781814575196
bike,dune_bayes,472,dispersion,7.842710494995117,8.30879545211792,8.780020093917846
bike,dune_bayes,473,dispersion,6.829393076896667,7.290846824645996,7.7766773939132685
bike,dune_bayes,474,dispersion,8.517875671386719,9.001700401306152,9.437919998168946
bike,dune_bayes,475,dispersion,8.979710674285888,9.408557891845703,9.842943620681762
bike,dune_bayes,476,dispersion,7.706100416183472,8.197122573852539,8.649354934692383
bike,dune_bayes,477,dispersion,7.629630851745605,8.248595714569092,8.740414428710936
bike,dune_bayes,478,dispersion,7.808847093582154,8.25555944442749,8.715543794631957
bike,dune_bayes,479,dispersion,7.82698540687561,8.382890224456787,8.860717964172363
bike,dune_bayes,480,dispersion,9.717967176437378,10.255757808685303,10.735690641403199
bike,dune_bayes,481,dispersion,9.90520510673523,10.433438777923584,10.9045485496521
bike,dune_bayes,482,dispersion,9.957673168182373,10.528543949127197,11.057652044296265
bike,dune_bayes,483,dispersion,9.286537599563598,9.742098331451416,10.17224841117859
bike,dune_bayes,484,dispersion,9.686099815368653,10.127885341644287,10.515937948226929
bike,dune_bayes,485,dispersion,10.764173364639282,11.207549571990967,11.610370779037476
bike,dune_bayes,486,dispersion,10.532664251327514,10.949888706207275,11.353740167617797
bike,dune_bayes,487,dispersion,9.496430683135987,9.939891338348389,10.309626817703247
bike,dune_bayes,488,dispersion,9.371010971069335,9.858364582061768,10.281803607940674
bike,dune_bayes,489,dispersion,10.431143617630005,10.84604024887085,11.263094472885133
bike,dune_bayes,490,dispersion,7.870631623268127,8.35085153579712,8.795164680480957
bike,dune_bayes,491,dispersion,7.057195520401001,7.57897424697876,8.070953989028931
bike,dune_bayes,492,dispersion,7.185278820991516,7.706151247024536,8.198810625076295
bike,dune_bayes,493,dispersion,10.611015844345093,11.039493083953857,11.457479429244994
bike,dune_bayes,494,dispersion,9.675392627716064,10.106780529022217,10.518140363693238
bike,dune_bayes,495,dispersion,11.18406548500061,11.655420303344727,12.127047252655029
bike,dune_bayes,496,dispersion,11.530635786056518,12.0393648147583,12.577215099334717
bike,dune_bayes,497,dispersion,11.659402799606323,12.170609474182129,12.653009176254272
bike,dune_bayes,498,dispersion,10.995079946517944,11.44354772567749,11.86973876953125
bike,dune_bayes,499,dispersion,10.918836402893067,11.38191556930542,11.799871635437011
bike,dune_bayes,500,dispersion,10.651375246047973,11.125367641448975,11.578046178817749
bike,dune_bayes,501,dispersion,9.09377317428589,9.662140846252441,10.173886013031005
bike,dune_bayes,502,dispersion,9.46383295059204,9.966640949249268,10.447471475601196
bike,dune_bayes,503,dispersion,9.716569185256958,10.151790618896484,10.546571731567383
bike,dune_bayes,504,dispersion,9.85442419052124,10.294527530670166,10.720691823959351
bike,dune_bayes,505,dispersion,9.542621040344239,9.97956371307373,10.385341215133666
bike,dune_bayes,506,dispersion,9.196504688262939,9.625117778778076,10.027518463134765
bike,dune_bayes,507,dispersion,9.047199201583862,9.477808475494385,9.878529930114746
bike,dune_bayes,508,dispersion,8.936440706253052,9.37223768234253,9.769213914871216
bike,dune_bayes,509,dispersion,7.556504607200623,8.0522141456604,8.462296676635741
bike,dune_bayes,510,dispersion,7.2813204526901245,7.757145166397095,8.189374828338623
bike,dune_bayes,511,dispersion,5.812860441207886,6.312646865844727,6.806625032424926
bike,dune_bayes,512,dispersion,5.648741674423218,6.151837587356567,6.6837543725967405
bike,dune_bayes,513,dispersion,5.8638725757598875,6.362072467803955,6.874337673187256
bike,dune_bayes,514,dispersion,5.8638725757598875,6.362072467803955,6.874337673187256
bike,dune_bayes,515,dispersion,6.161692333221436,6.698987245559692,7.214165568351746
bike,dune_bayes,516,dispersion,8.083122730255127,8.629525661468506,9.097562217712403
bike,dune_bayes,517,dispersion,8.970400190353393,9.521750926971436,9.976728773117065
bike,dune_bayes,518,dispersion,7.714379286766052,8.171276569366455,8.680730104446411
bike,dune_bayes,519,dispersion,6.951724910736084,7.437394857406616,7.969480657577514
bike,dune_bayes,520,dispersion,6.951724910736084,7.437394857406616,7.969480657577514
bike,dune_bayes,521,dispersion,6.951724910736084,7.437394857406616,7.969480657577514
bike,dune_bayes,522,dispersion,7.413882446289063,7.908085346221924,8.40836501121521
bike,dune_bayes,523,dispersion,9.624920177459718,10.095844268798828,10.55814323425293
bike,dune_bayes,524,dispersion,9.978426790237426,10.462309837341309,10.93551082611084
bike,dune_bayes,525,dispersion,10.104186248779296,10.626038074493408,11.102363681793213
bike,dune_bayes,526,dispersion,9.679809522628783,10.158804416656494,10.626148891448974
bike,dune_bayes,527,dispersion,9.590963411331177,10.075044631958008,10.5417049407959
bike,dune_bayes,528,dispersion,7.723920369148255,8.231834888458252,8.716538429260254
bike,dune_bayes,529,dispersion,7.723920369148255,8.231834888458252,8.716538429260254
bike,dune_bayes,530,dispersion,7.352511906623841,7.884767293930054,8.401278591156006
bike,dune_bayes,531,dispersion,8.491791534423829,8.96373987197876,9.422863817214965
bike,dune_bayes,532,dispersion,9.940977096557617,10.367157459259033,10.774272966384887
bike,dune_bayes,533,dispersion,10.983599424362183,11.400574207305908,11.812303590774535
bike,dune_bayes,534,dispersion,10.105223560333252,10.555315494537354,10.971847915649414
bike,dune_bayes,535,dispersion,10.776406908035279,11.2674560546875,11.732294702529908
bike,dune_bayes,536,dispersion,10.979700994491576,11.421103954315186,11.886313915252686
bike,dune_bayes,537,dispersion,10.898417377471924,11.370782375335693,11.842722082138062
bike,dune_bayes,538,dispersion,10.052977752685546,10.54093885421753,10.963668251037598
bike,dune_bayes,539,dispersion,8.975889301300048,9.489475727081299,9.923057174682617
bike,dune_bayes,540,dispersion,9.774434423446655,10.256245136260986,10.671055555343628
bike,dune_bayes,541,dispersion,10.54705080986023,11.090263843536377,11.556110000610351
bike,dune_bayes,542,dispersion,9.641724443435669,10.175589561462402,10.61085205078125
bike,dune_bayes,543,dispersion,9.85777440071106,10.404455661773682,10.837678527832031
bike,dune_bayes,544,dispersion,9.643573236465453,10.114140510559082,10.523572492599488
bike,dune_bayes,545,dispersion,10.64734148979187,11.076659679412842,11.477534818649293
bike,dune_bayes,546,dispersion,10.239601278305054,10.68172550201416,11.068916988372802
bike,dune_bayes,547,dispersion,10.229009199142457,10.682820320129395,11.069519472122192
bike,dune_bayes,548,dispersion,10.26211404800415,10.714324474334717,11.093897104263306
bike,dune_bayes,549,dispersion,10.75104217529297,11.188846588134766,11.598092794418333
bike,dune_bayes,550,dispersion,9.629938697814941,10.10407018661499,10.523459434509277
bike,dune_bayes,551,dispersion,9.521497631072998,10.021323680877686,10.471352052688598
bike,dune_bayes,552,dispersion,7.935354876518249,8.384828090667725,8.847904634475707
bike,dune_bayes,553,dispersion,7.7310676097869875,8.178223133087158,8.643979215621949
bike,dune_bayes,554,dispersion,7.944320583343506,8.38164234161377,8.849505853652953
bike,dune_bayes,555,dispersion,8.630517721176147,9.06197738647461,9.517753791809081
bike,dune_bayes,556,dispersion,8.265535163879395,8.707160949707031,9.190931606292724
bike,dune_bayes,557,dispersion,7.846949458122253,8.325259685516357,8.79149284362793
bike,dune_bayes,558,dispersion,7.287325763702393,7.736109733581543,8.220756769180298
bike,dune_bayes,559,dispersion,7.086744904518127,7.569004535675049,8.062281608581543
bike,dune_bayes,560,dispersion,7.857483649253846,8.316500186920166,8.775415849685668
bike,dune_bayes,561,dispersion,8.782453441619873,9.22640085220337,9.607183456420898
bike,dune_bayes,562,dispersion,8.640653991699219,9.11039924621582,9.49963927268982
bike,dune_bayes,563,dispersion,8.516488218307495,8.967347621917725,9.360491132736206
bike,dune_bayes,564,dispersion,8.634813737869262,9.145819664001465,9.55606813430786
bike,dune_bayes,565,dispersion,10.23071517944336,10.639309406280518,11.026636695861816
bike,dune_bayes,566,dispersion,9.803295707702636,10.222190856933594,10.624381732940673
bike,dune_bayes,567,dispersion,9.451843118667602,9.8802809715271,10.294105672836304
bike,dune_bayes,568,dispersion,10.616889572143554,11.154741287231445,11.630529737472534
bike,dune_bayes,569,dispersion,10.30618896484375,10.768545150756836,11.197196054458619
bike,dune_bayes,570,dispersion,8.999011611938476,9.443067073822021,9.84706745147705
bike,dune_bayes,571,dispersion,7.959960341453552,8.554214000701904,9.026844072341918
bike,dune_bayes,572,dispersion,7.298942017555237,7.865093231201172,8.325505542755128
bike,dune_bayes,573,dispersion,9.436130571365357,9.886687278747559,10.295210218429565
bike,dune_bayes,574,dispersion,8.876023197174073,9.329365253448486,9.708492279052734
bike,dune_bayes,575,dispersion,8.547691345214844,8.997116088867188,9.380196666717529
bike,dune_bayes,576,dispersion,8.488757038116455,8.944305419921875,9.324749612808228
bike,dune_bayes,577,dispersion,10.375473499298096,10.822259426116943,11.215117502212523
bike,dune_bayes,578,dispersion,10.614748477935791,11.088764667510986,11.524104976654051
bike,dune_bayes,579,dispersion,10.948952531814575,11.441941261291504,11.931583499908447
bike,dune_bayes,580,dispersion,10.230519104003907,10.67409896850586,11.072116470336914
bike,dune_bayes,581,dispersion,10.084435224533081,10.536865711212158,10.929638242721557
bike,dune_bayes,582,dispersion,7.582124638557434,8.054947853088379,8.483409214019774
bike,dune_bayes,583,dispersion,7.545232796669007,8.03877592086792,8.488829231262207
bike,dune_bayes,584,dispersion,8.557680082321166,9.037959098815918,9.441079711914062
bike,dune_bayes,585,dispersion,10.417876482009888,10.851974964141846,11.270286130905152
bike,dune_bayes,586,dispersion,10.818230247497558,11.283764839172363,11.699516248703002
bike,dune_bayes,587,dispersion,8.169417524337769,8.641729354858398,9.06172604560852
bike,dune_bayes,588,dispersion,8.442348527908326,8.876942157745361,9.347021532058715
bike,dune_bayes,589,dispersion,9.617998790740966,10.103600025177002,10.532859420776367
bike,dune_bayes,590,dispersion,9.583513259887695,10.050851821899414,10.488633871078491
bike,dune_bayes,591,dispersion,8.052348136901855,8.519158840179443,8.998857402801514
bike,dune_bayes,592,dispersion,7.809273362159729,8.260388851165771,8.72908821105957
bike,dune_bayes,593,dispersion,9.424301671981812,9.910362720489502,10.37209792137146
bike,dune_bayes,594,dispersion,9.464940357208253,9.946860790252686,10.417647981643677
bike,dune_bayes,595,dispersion,9.705888986587524,10.191622257232666,10.619238710403442
bike,dune_bayes,596,dispersion,8.076772737503052,8.515302181243896,8.978945112228393
bike,dune_bayes,597,dispersion,8.171434545516968,8.638709545135498,9.072718143463135
bike,dune_bayes,598,dispersion,7.185278820991516,7.706151247024536,8.198810625076295
bike,dune_bayes,599,dispersion,8.380077886581422,8.840805053710938,9.232599639892578
bike,dune_bayes,600,dispersion,8.925256872177124,9.388506412506104,9.778579425811767
bike,dune_bayes,601,dispersion,9.545717430114745,9.999006748199463,10.387570238113403
bike,dune_bayes,602,dispersion,10.678574466705323,11.112246990203857,11.503269863128661
bike,dune_bayes,603,dispersion,10.217488193511963,10.655170917510986,11.038782882690429
bike,dune_bayes,604,dispersion,9.137816667556763,9.600552082061768,9.9938383102417
bike,dune_bayes,605,dispersion,9.221441650390625,9.663869857788086,10.05098819732666
bike,dune_bayes,606,dispersion,10.209320116043092,10.717574119567871,11.159166812896729
bike,dune_bayes,607,dispersion,10.931496000289917,11.370538234710693,11.803857564926147
bike,dune_bayes,608,dispersion,9.580811834335327,10.058969020843506,10.493504095077514
bike,dune_bayes,609,dispersion,9.247956705093383,9.734153747558594,10.153472518920898
bike,dune_bayes,610,dispersion,9.567967557907105,10.008418083190918,10.401466560363769
bike,dune_bayes,611,dispersion,10.041674089431762,10.527571678161621,10.957588529586792
bike,dune_bayes,612,dispersion,10.77630968093872,11.206797122955322,11.623525476455688
bike,dune_bayes,613,dispersion,8.207102727890014,8.71756649017334,9.122625970840454
bike,dune_bayes,614,dispersion,7.8814699172973635,8.36064624786377,8.780240201950074
bike,dune_bayes,615,dispersion,10.736448764801025,11.154313564300537,11.571708917617798
bike,dune_bayes,616,dispersion,10.498602867126465,10.920752048492432,11.326333856582641
bike,dune_bayes,617,dispersion,8.697486114501952,9.155858039855957,9.57750391960144
bike,dune_bayes,618,dispersion,8.697486114501952,9.155858039855957,9.57750391960144
bike,dune_bayes,619,dispersion,8.322637796401978,8.807599067687988,9.243292951583863
bike,dune_bayes,620,dispersion,8.322637796401978,8.807599067687988,9.243292951583863
bike,dune_bayes,621,dispersion,8.697486114501952,9.155858039855957,9.57750391960144
bike,dune_bayes,622,dispersion,8.773124313354492,9.239750862121582,9.650943946838378
bike,dune_bayes,623,dispersion,8.322637796401978,8.807599067687988,9.243292951583863
bike,dune_bayes,624,dispersion,7.793981742858887,8.239431858062744,8.725080823898315
bike,dune_bayes,625,dispersion,7.409432911872864,7.875097990036011,8.393111324310302
bike,dune_bayes,626,dispersion,7.485554623603821,7.948573350906372,8.46751103401184
bike,dune_bayes,627,dispersion,6.519715404510498,7.033720016479492,7.5816903591155995
bike,dune_bayes,628,dispersion,8.650075197219849,9.117946147918701,9.579683399200439
bike,dune_bayes,629,dispersion,9.077748727798461,9.571002960205078,10.02336540222168
bike,dune_bayes,630,dispersion,9.011162424087525,9.470569133758545,9.932113075256348
bike,dune_bayes,631,dispersion,9.384711694717407,9.85590410232544,10.320733022689819
bike,dune_bayes,632,dispersion,7.898172640800476,8.369372367858887,8.857395029067993
bike,dune_bayes,633,dispersion,7.840712261199951,8.318339347839355,8.811607837677002
bike,dune_bayes,634,dispersion,8.051748561859132,8.544426918029785,8.984910297393798
bike,dune_bayes,635,dispersion,8.009346675872802,8.517369747161865,8.934097719192504
bike,dune_bayes,636,dispersion,8.433681297302247,8.920169353485107,9.360199451446533
bike,dune_bayes,637,dispersion,9.826784563064574,10.274735450744629,10.668862295150756
bike,dune_bayes,638,dispersion,10.26869854927063,10.763692855834961,11.212379312515258
bike,dune_bayes,639,dispersion,10.420378160476684,10.919023513793945,11.367303371429443
bike,dune_bayes,640,dispersion,9.545442962646485,10.01975154876709,10.423547649383545
bike,dune_bayes,641,dispersion,9.202686595916749,9.686716556549072,10.101536083221436
bike,dune_bayes,642,dispersion,8.555045318603515,9.030494689941406,9.505158996582031
bike,dune_bayes,643,dispersion,8.451303911209106,8.921984672546387,9.382806110382079
bike,dune_bayes,644,dispersion,8.289573764801025,8.83315372467041,9.273618459701538
bike,dune_bayes,645,dispersion,9.149869918823242,9.692642211914062,10.111569452285767
bike,dune_bayes,646,dispersion,10.29039444923401,10.781953811645508,11.22271409034729
bike,dune_bayes,647,dispersion,8.722488355636596,9.232877731323242,9.6660906791687
bike,dune_bayes,648,dispersion,8.76077995300293,9.284564018249512,9.711653852462769
bike,dune_bayes,649,dispersion,8.671579837799072,9.174832820892334,9.60866928100586
bike,dune_bayes,650,dispersion,8.34463028907776,8.891866683959961,9.33760232925415
bike,dune_bayes,651,dispersion,7.736595988273621,8.256651878356934,8.714883422851562
bike,dune_bayes,652,dispersion,8.872678327560426,9.387927055358887,9.821299839019776
bike,dune_bayes,653,dispersion,9.091336393356324,9.583512783050537,9.99424147605896
bike,dune_bayes,654,dispersion,9.155053186416627,9.677375793457031,10.085363388061523
bike,dune_bayes,655,dispersion,7.9214694738388065,8.415501594543457,8.878924655914306
bike,dune_bayes,656,dispersion,7.421642875671386,7.940036058425903,8.43656849861145
bike,dune_bayes,657,dispersion,10.081079721450806,10.510578155517578,10.908697748184204
bike,dune_bayes,658,dispersion,9.966446495056152,10.384747505187988,10.772220802307128
bike,dune_bayes,659,dispersion,9.322632646560669,9.803807735443115,10.202599668502808
bike,dune_bayes,660,dispersion,7.1430107116699215,7.641903400421143,8.117772340774536
bike,dune_bayes,661,dispersion,7.911087059974671,8.397436618804932,8.829689741134644
bike,dune_bayes,662,dispersion,9.86063117980957,10.281319618225098,10.664321947097779
bike,dune_bayes,663,dispersion,10.501343154907227,10.91767168045044,11.337364101409912
bike,dune_bayes,664,dispersion,10.591702222824097,11.019402503967285,11.41586413383484
bike,dune_bayes,665,dispersion,10.350244855880737,10.78250503540039,11.172146129608155
bike,dune_bayes,666,dispersion,10.265916204452514,10.690898418426514,11.078139209747315
bike,dune_bayes,667,dispersion,8.836715745925904,9.290884971618652,9.725521659851074
bike,dune_bayes,668,dispersion,7.073789811134338,7.531965255737305,8.032435178756714
bike,dune_bayes,669,dispersion,8.353716802597045,8.809624195098877,9.275010204315185
bike,dune_bayes,670,dispersion,8.980731010437012,9.46151351928711,9.906575775146484
bike,dune_bayes,671,dispersion,9.568230438232423,10.041720867156982,10.49180097579956
bike,dune_bayes,672,dispersion,10.360811567306518,10.863353252410889,11.327279376983642
bike,dune_bayes,673,dispersion,9.158178567886353,9.610514640808105,10.073961067199706
bike,dune_bayes,674,dispersion,7.209406232833862,7.677649736404419,8.202270364761352
bike,dune_bayes,675,dispersion,7.538229823112488,8.005888938903809,8.51370005607605
bike,dune_bayes,676,dispersion,9.491690587997436,9.96550703048706,10.419552373886107
bike,dune_bayes,677,dispersion,8.91389765739441,9.37833023071289,9.84015064239502
bike,dune_bayes,678,dispersion,8.99781355857849,9.48544454574585,9.927979040145875
bike,dune_bayes,679,dispersion,10.142092370986939,10.58119821548462,10.987055778503418
bike,dune_bayes,680,dispersion,9.140514755249024,9.622680187225342,10.075102090835571
bike,dune_bayes,681,dispersion,8.780871438980103,9.285260677337646,9.742331266403198
bike,dune_bayes,682,dispersion,8.632845640182495,9.150979995727539,9.615592098236084
bike,dune_bayes,683,dispersion,11.135768795013428,11.606048107147217,12.104687213897705
bike,dune_bayes,684,dispersion,7.872633171081543,8.39696216583252,8.908361387252807
bike,dune_bayes,685,dispersion,8.451303911209106,8.921984672546387,9.382806110382079
bike,dune_bayes,686,dispersion,9.639110994338989,10.053226947784424,10.474552917480468
bike,dune_bayes,687,dispersion,10.870221281051636,11.309298515319824,11.733864498138427
bike,dune_bayes,688,dispersion,10.859318161010743,11.27421760559082,11.695140361785889
bike,dune_bayes,689,dispersion,10.246862602233886,10.688008308410645,11.098331212997437
bike,dune_bayes,690,dispersion,9.7318829536438,10.143696784973145,10.567542362213135
bike,dune_bayes,691,dispersion,8.385992002487182,8.891772270202637,9.395071029663086
bike,dune_bayes,692,dispersion,10.257402086257935,10.687418460845947,11.10221209526062
bike,dune_bayes,693,dispersion,10.717134380340577,11.136831760406494,11.55719223022461
bike,dune_bayes,694,dispersion,9.764186191558839,10.200883865356445,10.61612253189087
bike,dune_bayes,695,dispersion,10.063774871826173,10.520655632019043,10.925108051300048
bike,dune_bayes,696,dispersion,10.606828689575195,11.053831100463867,11.482611465454102
bike,dune_bayes,697,dispersion,11.176896333694458,11.620103359222412,12.078302764892577
bike,dune_bayes,698,dispersion,10.865570783615112,11.287232398986816,11.71003828048706
bike,dune_bayes,699,dispersion,11.403462648391724,11.83979845046997,12.290345573425293
bike,dune_bayes,700,dispersion,8.950347805023194,9.414005279541016,9.862119722366334
bike,dune_bayes,701,dispersion,8.45425624847412,8.943365097045898,9.418921518325806
bike,dune_bayes,702,dispersion,10.017100381851197,10.489692687988281,10.97928466796875
bike,dune_bayes,703,dispersion,10.272959566116333,10.775859832763672,11.251653814315796
bike,dune_bayes,704,dispersion,9.213846015930176,9.704683780670166,10.16720142364502
bike,dune_bayes,705,dispersion,7.946352243423462,8.42249870300293,8.929739522933959
bike,dune_bayes,706,dispersion,8.293797063827515,8.793653011322021,9.283144617080689
bike,dune_bayes,707,dispersion,7.967375111579895,8.49210786819458,8.993407440185546
bike,dune_bayes,708,dispersion,8.983039808273315,9.444560527801514,9.919337368011474
bike,dune_bayes,709,dispersion,8.164056873321533,8.64016056060791,9.143471097946167
bike,dune_bayes,710,dispersion,7.962855172157288,8.455880641937256,8.961700201034546
bike,dune_bayes,711,dispersion,7.626265621185302,8.123145580291748,8.65803689956665
bike,dune_bayes,712,dispersion,7.6800778865814205,8.177995681762695,8.702209663391113
bike,dune_bayes,713,dispersion,9.867268466949463,10.379947662353516,10.924697685241698
bike,dune_bayes,714,dispersion,10.82083339691162,11.344168663024902,11.820302963256836
bike,dune_bayes,715,dispersion,9.53298053741455,9.999165058135986,10.45585422515869
bike,dune_bayes,716,dispersion,8.941131925582885,9.439125537872314,9.90701675415039
bike,dune_bayes,717,dispersion,9.456728744506837,9.918466091156006,10.37122621536255
bike,dune_bayes,718,dispersion,11.347194623947143,11.810154438018799,12.280723285675048
bike,dune_bayes,719,dispersion,11.623402166366578,12.102179527282715,12.562258386611939
bike,dune_bayes,720,dispersion,11.3769362449646,11.810673236846924,12.262656593322754
bike,dune_bayes,721,dispersion,11.309990549087525,11.74875545501709,12.190745496749878
bike,dune_bayes,722,dispersion,10.613683128356934,11.043620586395264,11.484040451049804
bike,dune_bayes,723,dispersion,8.858494234085082,9.356388568878174,9.821363592147828
bike,dune_bayes,724,dispersion,11.10017533302307,11.533860683441162,11.953751802444458
bike,dune_bayes,725,dispersion,11.39382290840149,11.854800701141357,12.280551481246949
bike,dune_bayes,726,dispersion,11.750387954711915,12.285165309906006,12.878351831436158
bike,dune_bayes,727,dispersion,11.168330240249634,11.619069576263428,12.043972396850586
bike,dune_bayes,728,dispersion,11.023425817489624,11.471450805664062,11.888326168060303
bike,dune_bayes,729,dispersion,10.553602981567384,10.999570369720459,11.400500345230103
bike,dune_bayes,730,dispersion,11.079323148727417,11.526843547821045,11.94308352470398
bike,dune_bayes,731,dispersion,11.518404006958008,11.998005867004395,12.444199371337891
bike,dune_bayes,732,dispersion,10.869339942932129,11.308477878570557,11.755513954162598
bike,dune_bayes,733,dispersion,10.021693658828735,10.539182662963867,10.987875413894653
bike,dune_bayes,734,dispersion,10.607383966445923,11.127365589141846,11.609892463684082
bike,dune_bayes,735,dispersion,9.812877464294434,10.308643341064453,10.768322706222534
bike,dune_bayes,736,dispersion,9.401228857040405,9.874095916748047,10.331548881530761
bike,dune_bayes,737,dispersion,9.175962972640992,9.633302688598633,10.10310320854187
bike,dune_bayes,738,dispersion,8.591540908813476,9.04668378829956,9.520684194564819
bike,dune_bayes,739,dispersion,9.593261671066283,10.057289123535156,10.537920475006104
bike,dune_bayes,740,dispersion,8.936460494995117,9.394674301147461,9.87329387664795
bike,dune_bayes,741,dispersion,8.848341131210328,9.312807083129883,9.77778000831604
bike,dune_bayes,742,dispersion,8.531954431533814,8.994008541107178,9.45216426849365
bike,dune_bayes,743,dispersion,8.595623636245728,9.067914962768555,9.526726150512696
bike,dune_bayes,744,dispersion,9.30086178779602,9.745264053344727,10.170505666732788
bike,dune_bayes,745,dispersion,11.697282981872558,12.160303592681885,12.630031251907349
bike,dune_bayes,746,dispersion,10.379101371765136,10.801087856292725,11.205554246902466
bike,dune_bayes,747,dispersion,9.921155977249146,10.365497589111328,10.768243503570556
bike,dune_bayes,748,dispersion,8.93154673576355,9.400734901428223,9.830779075622559
bike,dune_bayes,749,dispersion,10.063506078720092,10.476264476776123,10.869819259643554
bike,dune_bayes,750,dispersion,10.299972105026246,10.728420734405518,11.14138069152832
bike,dune_bayes,751,dispersion,9.176611948013306,9.653568267822266,10.12607545852661
bike,dune_bayes,752,dispersion,8.790961170196534,9.26801347732544,9.728824090957641
bike,dune_bayes,753,dispersion,9.671413564682007,10.106645107269287,10.543324756622313
bike,dune_bayes,754,dispersion,10.598441314697265,11.04018783569336,11.475281763076783
bike,dune_bayes,755,dispersion,9.412601041793824,9.876555442810059,10.349144887924194
bike,dune_bayes,756,dispersion,9.60475778579712,10.074301719665527,10.534907579421997
bike,dune_bayes,757,dispersion,9.032014989852906,9.539876937866211,10.033293771743775
bike,dune_bayes,758,dispersion,10.835977792739868,11.368999004364014,11.831122350692748
bike,dune_bayes,759,dispersion,11.597128534317017,12.046449661254883,12.518363428115844
bike,dune_bayes,760,dispersion,11.904927825927734,12.368837356567383,12.84127926826477
bike,dune_bayes,761,dispersion,11.509647035598755,12.020585536956787,12.485857486724854
bike,dune_bayes,762,dispersion,11.922218465805054,12.414050102233887,12.869849014282227
bike,dune_bayes,763,dispersion,11.804582977294922,12.301270008087158,12.775605630874633
bike,dune_bayes,764,dispersion,10.785545206069946,11.2121901512146,11.63793225288391
bike,dune_bayes,765,dispersion,10.816930866241455,11.243538856506348,11.672184562683105
bike,dune_bayes,766,dispersion,10.154763889312743,10.574982166290283,10.966823530197143
bike,dune_bayes,767,dispersion,9.650292253494262,10.098360061645508,10.5085768699646
bike,dune_bayes,768,dispersion,9.650292253494262,10.098360061645508,10.5085768699646
bike,dune_bayes,769,dispersion,11.078166580200195,11.509990215301514,11.94992561340332
bike,dune_bayes,770,dispersion,10.960392189025878,11.390409469604492,11.811038732528687
bike,dune_bayes,771,dispersion,10.473312044143677,10.908203125,11.3353937625885
bike,dune_bayes,772,dispersion,10.082243204116821,10.520440101623535,10.943990135192871
bike,dune_bayes,773,dispersion,8.683350992202758,9.16264820098877,9.656641244888306
bike,dune_bayes,774,dispersion,8.609605598449708,9.085489749908447,9.576155328750609
bike,dune_bayes,775,dispersion,9.580575084686279,10.04843282699585,10.513599538803101
bike,dune_bayes,776,dispersion,10.311213970184326,10.811109066009521,11.307086563110351
bike,dune_bayes,777,dispersion,10.259935092926025,10.74560260772705,11.238684511184692
bike,dune_bayes,778,dispersion,9.251179695129395,9.725111484527588,10.19946575164795
bike,dune_bayes,779,dispersion,9.128575658798217,9.584276676177979,10.048934841156006
bike,dune_bayes,780,dispersion,8.939649868011475,9.402088165283203,9.867942953109742
bike,dune_bayes,781,dispersion,8.939649868011475,9.402088165283203,9.867942953109742
bike,dune_bayes,782,dispersion,8.333602905273438,8.836678981781006,9.324033975601196
bike,dune_bayes,783,dispersion,7.946352243423462,8.42249870300293,8.929739522933959
bike,dune_bayes,784,dispersion,8.382305431365968,8.847688674926758,9.324562788009644
bike,dune_bayes,785,dispersion,9.928022003173828,10.411287784576416,10.820668935775757
bike,dune_bayes,786,dispersion,10.335639572143554,10.782306671142578,11.21000723838806
bike,dune_bayes,787,dispersion,10.582740688323975,11.067862510681152,11.548118495941162
bike,dune_bayes,788,dispersion,11.171742153167724,11.634885787963867,12.050418138504028
bike,dune_bayes,789,dispersion,10.773775482177735,11.206319808959961,11.60328950881958
bike,dune_bayes,790,dispersion,10.010484647750854,10.442056655883789,10.835329723358154
bike,dune_bayes,791,dispersion,10.223485040664674,10.652390480041504,11.077729558944702
bike,dune_bayes,792,dispersion,11.085366249084473,11.563701152801514,11.994209718704223
bike,dune_bayes,793,dispersion,10.679434442520142,11.13780403137207,11.52912549972534
bike,dune_bayes,794,dispersion,9.75549020767212,10.19424819946289,10.582895660400391
bike,dune_bayes,795,dispersion,9.695566082000733,10.156919479370117,10.552917861938477
bike,dune_bayes,796,dispersion,10.158947372436524,10.606620788574219,10.983359336853027
bike,dune_bayes,797,dispersion,10.603661012649535,11.112871646881104,11.572905588150023
bike,dune_bayes,798,dispersion,10.955024814605713,11.479268550872803,11.939755773544311
bike,dune_bayes,799,dispersion,11.029225254058838,11.563565731048584,12.024772453308104
bike,dune_bayes,800,dispersion,10.079133319854737,10.53254222869873,10.929447460174561
bike,dune_bayes,801,dispersion,10.712505197525024,11.136337757110596,11.568506860733033
bike,dune_bayes,802,dispersion,9.387807130813599,9.837745189666748,10.26779384613037
bike,dune_bayes,803,dispersion,9.436346197128296,9.931297779083252,10.348348760604859
bike,dune_bayes,804,dispersion,9.395718574523926,9.881407260894775,10.299306488037109
bike,dune_bayes,805,dispersion,10.7173415184021,11.137449741363525,11.548242712020874
bike,dune_bayes,806,dispersion,11.460948848724366,11.890909671783447,12.330117130279541
bike,dune_bayes,807,dispersion,11.209714078903199,11.646023750305176,12.075883388519287
bike,dune_bayes,808,dispersion,8.194554471969605,8.67040205001831,9.18108549118042
bike,dune_bayes,809,dispersion,8.194554471969605,8.67040205001831,9.18108549118042
bike,dune_bayes,810,dispersion,8.577465772628784,9.04723596572876,9.544124794006347
bike,dune_bayes,811,dispersion,9.412078952789306,9.888256072998047,10.379070138931274
bike,dune_bayes,812,dispersion,10.243842506408692,10.732821941375732,11.212043952941894
bike,dune_bayes,813,dispersion,8.715766716003419,9.172751426696777,9.652866744995118
bike,dune_bayes,814,dispersion,8.89173755645752,9.363317966461182,9.84000563621521
bike,dune_bayes,815,dispersion,8.797068643569947,9.246548652648926,9.725606632232665
bike,dune_bayes,816,dispersion,9.742256307601929,10.208468914031982,10.684008979797364
bike,dune_bayes,817,dispersion,9.68454327583313,10.171113014221191,10.648225593566893
bike,dune_bayes,818,dispersion,9.133376169204713,9.599239349365234,10.024778985977173
bike,dune_bayes,819,dispersion,9.545442962646485,10.01975154876709,10.423547649383545
bike,dune_bayes,820,dispersion,10.207361221313477,10.6327543258667,11.034986448287963
bike,dune_bayes,821,dispersion,9.940977096557617,10.367157459259033,10.774272966384887
bike,dune_bayes,822,dispersion,8.773371362686158,9.254926681518555,9.698790311813354
bike,dune_bayes,823,dispersion,10.005045843124389,10.446643829345703,10.854828405380248
bike,dune_bayes,824,dispersion,10.857759618759156,11.279608249664307,11.706434488296509
bike,dune_bayes,825,dispersion,11.063032817840575,11.502512454986572,11.934511375427245
bike,dune_bayes,826,dispersion,11.078166580200195,11.509990215301514,11.94992561340332
bike,dune_bayes,827,dispersion,10.7680428981781,11.196876525878906,11.623074197769165
bike,dune_bayes,828,dispersion,10.578168821334838,11.029069900512695,11.452077293395996
bike,dune_bayes,829,dispersion,9.826052618026733,10.269494533538818,10.71416449546814
bike,dune_bayes,830,dispersion,9.575702905654907,10.011077404022217,10.431862831115723
bike,dune_bayes,831,dispersion,9.29371657371521,9.770780563354492,10.269324827194215
bike,dune_bayes,832,dispersion,10.329403018951416,10.761029720306396,11.177984619140625
bike,dune_bayes,833,dispersion,11.258661365509033,11.714770793914795,12.200171756744385
bike,dune_bayes,834,dispersion,9.915982341766357,10.364289283752441,10.791210079193116
bike,dune_bayes,835,dispersion,10.082243204116821,10.520440101623535,10.943990135192871
bike,dune_bayes,836,dispersion,10.082243204116821,10.520440101623535,10.943990135192871
bike,dune_bayes,837,dispersion,10.082243204116821,10.520440101623535,10.943990135192871
bike,dune_bayes,838,dispersion,10.473312044143677,10.908203125,11.3353937625885
bike,dune_bayes,839,dispersion,10.563919639587402,10.989398002624512,11.412401914596558
bike,dune_bayes,840,dispersion,11.621857261657714,12.105861186981201,12.56234951019287
bike,dune_bayes,841,dispersion,10.831943035125732,11.279569149017334,11.68277621269226
bike,dune_bayes,842,dispersion,10.415082359313965,10.926709175109863,11.372868156433105
bike,dune_bayes,843,dispersion,9.88481650352478,10.375570297241211,10.827439355850219
bike,dune_bayes,844,dispersion,10.481981992721558,10.995731353759766,11.462268304824828
bike,dune_bayes,845,dispersion,10.360811567306518,10.863353252410889,11.327279376983642
bike,dune_bayes,846,dispersion,10.099566078186035,10.59139347076416,11.051461124420166
bike,dune_bayes,847,dispersion,8.963899040222168,9.409255504608154,9.864306640625
bike,dune_bayes,848,dispersion,8.91770043373108,9.369996547698975,9.83395357131958
bike,dune_bayes,849,dispersion,8.65531063079834,9.138124465942383,9.626255893707276
bike,dune_bayes,850,dispersion,8.857757472991944,9.347624778747559,9.846104192733765
bike,dune_bayes,851,dispersion,9.478236150741576,9.950143337249756,10.397316455841064
bike,dune_bayes,852,dispersion,10.362736463546753,10.858839988708496,11.323195791244506
bike,dune_bayes,853,dispersion,9.506138515472411,9.995880126953125,10.523530340194702
bike,dune_bayes,854,dispersion,10.026375150680542,10.476692199707031,10.886050939559937
bike,dune_bayes,855,dispersion,9.121396255493163,9.58817720413208,10.005005168914794
bike,dune_bayes,856,dispersion,9.673988199234008,10.152888298034668,10.594038248062134
bike,dune_bayes,857,dispersion,9.374713850021362,9.843210697174072,10.29222264289856
bike,dune_bayes,858,dispersion,9.398943614959716,9.857983589172363,10.28606071472168
bike,dune_bayes,859,dispersion,10.846940183639527,11.39078950881958,11.852132606506347
bike,dune_bayes,860,dispersion,11.537882614135743,11.975777626037598,12.433111953735352
bike,dune_bayes,861,dispersion,11.055808401107788,11.611237525939941,12.09023175239563
bike,dune_bayes,862,dispersion,10.971354675292968,11.492087841033936,11.984792184829711
bike,dune_bayes,863,dispersion,10.426086282730102,10.87544298171997,11.301280784606934
bike,dune_bayes,864,dispersion,9.531423854827882,9.998716831207275,10.431114625930785
bike,dune_bayes,865,dispersion,9.38017258644104,9.846099376678467,10.272890329360962
bike,dune_bayes,866,dispersion,10.301407194137573,10.755724906921387,11.168260192871093
bike,dune_bayes,867,dispersion,10.906192255020141,11.3269944190979,11.735305547714233
bike,dune_bayes,868,dispersion,11.146731853485107,11.586209297180176,12.01243782043457
bike,dune_bayes,869,dispersion,11.583771085739135,12.061604499816895,12.486638402938842
bike,dune_bayes,870,dispersion,11.669422388076782,12.128925800323486,12.596459484100341
bike,dune_bayes,871,dispersion,11.840463447570801,12.341443061828613,12.803288459777832
bike,dune_bayes,872,dispersion,11.13884596824646,11.570690631866455,11.987133264541626
bike,dune_bayes,873,dispersion,10.70709295272827,11.14200210571289,11.542716026306152
bike,dune_bayes,874,dispersion,10.243315172195434,10.677498817443848,11.07590560913086
bike,dune_bayes,875,dispersion,9.808310270309448,10.229115962982178,10.610928964614867
bike,dune_bayes,876,dispersion,10.178365802764892,10.61182689666748,11.011848545074463
bike,dune_bayes,877,dispersion,11.20592017173767,11.632742404937744,12.059165525436402
bike,dune_bayes,878,dispersion,11.811574697494507,12.280615329742432,12.741236877441406
bike,dune_bayes,879,dispersion,11.836297035217285,12.35373067855835,12.845674514770508
bike,dune_bayes,880,dispersion,11.063680934906007,11.4981689453125,11.916523551940918
bike,dune_bayes,881,dispersion,10.055252313613892,10.531297206878662,10.976450157165527
bike,dune_bayes,882,dispersion,9.909577798843383,10.332881450653076,10.712296772003173
bike,dune_bayes,883,dispersion,11.834012746810913,12.313488483428955,12.780473852157593
bike,dune_bayes,884,dispersion,11.976464080810548,12.462096691131592,12.926802110671996
bike,dune_bayes,885,dispersion,10.57125883102417,11.067237854003906,11.517178964614867
bike,dune_bayes,886,dispersion,9.752882719039917,10.253154277801514,10.714071226119994
bike,dune_bayes,887,dispersion,11.181492471694947,11.7251615524292,12.242817497253418
bike,dune_bayes,888,dispersion,10.250563478469848,10.742657661437988,11.215179491043092
bike,dune_bayes,889,dispersion,10.034992694854736,10.515358924865723,10.978975296020508
bike,dune_bayes,890,dispersion,8.453460359573365,8.909098625183105,9.384636735916137
bike,dune_bayes,891,dispersion,10.185058307647704,10.686112403869629,11.18341097831726
bike,dune_bayes,892,dispersion,8.074812078475953,8.57886266708374,9.100525093078613
bike,dune_bayes,893,dispersion,8.621188640594482,9.095282077789307,9.585352182388306
bike,dune_bayes,894,dispersion,8.577465772628784,9.04723596572876,9.544124794006347
bike,dune_bayes,895,dispersion,8.472659587860107,8.935251235961914,9.419965362548828
bike,dune_bayes,896,dispersion,8.967358112335205,9.443058967590332,9.933057403564453
bike,dune_bayes,897,dispersion,9.338026523590088,9.813641548156738,10.310111093521119
bike,dune_bayes,898,dispersion,9.832834720611572,10.347808361053467,10.858184671401977
bike,dune_bayes,899,dispersion,9.89133687019348,10.37474012374878,10.854346084594725
bike,dune_bayes,900,dispersion,9.620407772064208,10.068236827850342,10.50708498954773
bike,dune_bayes,901,dispersion,10.838704252243042,11.299648761749268,11.758569288253785
bike,dune_bayes,902,dispersion,11.225738477706908,11.672112941741943,12.111593294143677
bike,dune_bayes,903,dispersion,10.852762794494629,11.296725273132324,11.723746919631958
bike,dune_bayes,904,dispersion,10.490285396575928,10.921703815460205,11.344205570220947
bike,dune_bayes,905,dispersion,10.282913112640381,10.721635341644287,11.145508670806885
bike,dune_bayes,906,dispersion,10.157742500305176,10.59794282913208,11.022514200210571
bike,dune_bayes,907,dispersion,10.790349340438842,11.214739322662354,11.642175149917602
bike,dune_bayes,908,dispersion,10.46659803390503,10.898900032043457,11.318009662628173
bike,dune_bayes,909,dispersion,8.828130292892457,9.311188697814941,9.759823608398438
bike,dune_bayes,910,dispersion,9.843395042419434,10.284797668457031,10.708071041107177
bike,dune_bayes,911,dispersion,10.329403018951416,10.761029720306396,11.177984619140625
bike,dune_bayes,912,dispersion,11.012809562683106,11.560770034790039,12.030593681335448
bike,dune_bayes,913,dispersion,9.950451612472534,10.431315898895264,10.87411208152771
bike,dune_bayes,914,dispersion,10.005045843124389,10.446643829345703,10.854828405380248
bike,dune_bayes,915,dispersion,9.947525358200073,10.413903713226318,10.832969188690186
bike,dune_bayes,916,dispersion,10.613094472885132,11.074628829956055,11.510051822662353
bike,dune_bayes,917,dispersion,9.398943614959716,9.857983589172363,10.28606071472168
bike,dune_bayes,918,dispersion,9.728300380706788,10.166104316711426,10.579429292678833
bike,dune_bayes,919,dispersion,8.162791728973389,8.625622272491455,9.122173500061034
bike,dune_bayes,920,dispersion,8.611309957504272,9.072400093078613,9.552017259597777
bike,dune_bayes,921,dispersion,10.606048011779786,11.10698938369751,11.58393063545227
bike,dune_bayes,922,dispersion,10.630920219421387,11.173694133758545,11.654010677337647
bike,dune_bayes,923,dispersion,10.46832766532898,11.03044843673706,11.511364412307739
bike,dune_bayes,924,dispersion,9.901381349563598,10.385034084320068,10.85301022529602
bike,dune_bayes,925,dispersion,8.764461040496826,9.236979007720947,9.728751468658446
bike,dune_bayes,926,dispersion,8.988062572479247,9.450910091400146,9.936531162261963
bike,dune_bayes,927,dispersion,9.09825520515442,9.576387882232666,10.05629630088806
bike,dune_bayes,928,dispersion,9.104258394241333,9.585535526275635,10.093050336837768
bike,dune_bayes,929,dispersion,10.820244121551514,11.367395877838135,11.850309181213378
bike,dune_bayes,930,dispersion,10.86097149848938,11.392844200134277,11.878453493118286
bike,dune_bayes,931,dispersion,10.580140733718872,11.117127895355225,11.60052456855774
bike,dune_bayes,932,dispersion,9.729383754730225,10.216388702392578,10.678913974761963
bike,dune_bayes,933,dispersion,10.709037637710571,11.168871879577637,11.600214862823487
bike,dune_bayes,934,dispersion,11.503858137130738,11.96145486831665,12.425627040863036
bike,dune_bayes,935,dispersion,11.30929126739502,11.773324489593506,12.26013741493225
bike,dune_bayes,936,dispersion,9.53298053741455,9.999165058135986,10.45585422515869
bike,dune_bayes,937,dispersion,11.194668054580688,11.65312147140503,12.088986158370972
bike,dune_bayes,938,dispersion,11.58968482017517,12.033360481262207,12.488644075393676
bike,dune_bayes,939,dispersion,10.968613576889037,11.398774147033691,11.818355894088745
bike,dune_bayes,940,dispersion,10.865570783615112,11.287232398986816,11.71003828048706
bike,dune_bayes,941,dispersion,11.570050477981567,12.020896911621094,12.48245553970337
bike,dune_bayes,942,dispersion,11.267166185379029,11.730562686920166,12.185661172866821
bike,dune_bayes,943,dispersion,8.658453369140625,9.148158073425293,9.599079370498657
bike,dune_bayes,944,dispersion,9.581053304672242,10.038344860076904,10.490115880966187
bike,dune_bayes,945,dispersion,9.554328060150146,10.01667594909668,10.457236623764038
bike,dune_bayes,946,dispersion,9.581810665130615,10.057824611663818,10.484457778930665
bike,dune_bayes,947,dispersion,10.67767162322998,11.09398078918457,11.521290349960326
bike,dune_bayes,948,dispersion,11.66988115310669,12.174882888793945,12.63474907875061
bike,dune_bayes,949,dispersion,11.238141679763794,11.671865463256836,12.095463943481445
bike,dune_bayes,950,dispersion,10.620378065109254,11.06754207611084,11.463223028182984
bike,dune_bayes,951,dispersion,10.193353700637818,10.6427903175354,11.048990869522095
bike,dune_bayes,952,dispersion,9.783281898498535,10.210948467254639,10.615668392181396
bike,dune_bayes,953,dispersion,9.377949714660645,9.818658828735352,10.231257820129395
bike,dune_bayes,954,dispersion,9.451843118667602,9.8802809715271,10.294105672836304
bike,dune_bayes,955,dispersion,10.334312248229981,10.758048057556152,11.158273124694825
bike,dune_bayes,956,dispersion,10.8432532787323,11.264163494110107,11.680239391326904
bike,dune_bayes,957,dispersion,10.932181072235107,11.345778942108154,11.758292770385742
bike,dune_bayes,958,dispersion,11.215628290176392,11.636985778808594,12.069177961349487
bike,dune_bayes,959,dispersion,9.260085964202881,9.709651947021484,10.170543432235718
bike,dune_bayes,960,dispersion,8.518822860717773,8.976961135864258,9.427126550674437
bike,dune_bayes,961,dispersion,9.350980615615844,9.816222667694092,10.279672479629516
bike,dune_bayes,962,dispersion,10.02545223236084,10.50377893447876,10.984457111358642
bike,dune_bayes,963,dispersion,10.481981992721558,10.995731353759766,11.462268304824828
bike,dune_bayes,964,dispersion,10.250563478469848,10.742657661437988,11.215179491043092
bike,dune_bayes,965,dispersion,10.164904022216797,10.661687850952148,11.125203227996826
bike,dune_bayes,966,dispersion,9.177977705001831,9.643136978149414,10.102921724319458
bike,dune_bayes,967,dispersion,9.968103218078614,10.44986867904663,10.921794509887695
bike,dune_bayes,968,dispersion,10.272959566116333,10.775859832763672,11.251653814315796
bike,dune_bayes,969,dispersion,10.566271829605103,11.130817413330078,11.618365240097045
bike,dune_bayes,970,dispersion,10.778963994979858,11.299829959869385,11.775952291488647
bike,dune_bayes,971,dispersion,9.029854583740235,9.527273654937744,10.007746839523316
bike,dune_bayes,972,dispersion,9.92209234237671,10.35664987564087,10.780146360397339
bike,dune_bayes,973,dispersion,9.387807130813599,9.837745189666748,10.26779384613037
bike,dune_bayes,974,dispersion,10.830011987686158,11.296177387237549,11.745469284057616
bike,dune_bayes,975,dispersion,11.460237121582031,11.906804084777832,12.374997901916503
bike,dune_bayes,976,dispersion,10.403706312179565,10.840293407440186,11.26398253440857
bike,dune_bayes,977,dispersion,10.166874027252197,10.603862762451172,11.02030234336853
bike,dune_bayes,978,dispersion,10.712657499313355,11.151538848876953,11.58226466178894
bike,dune_bayes,979,dispersion,10.508972120285033,11.008374214172363,11.468311405181884
bike,dune_bayes,980,dispersion,11.096166324615478,11.566527843475342,12.031575965881348
bike,dune_bayes,981,dispersion,11.641306972503662,12.087616920471191,12.542916584014893
bike,dune_bayes,982,dispersion,9.032014989852906,9.539876937866211,10.033293771743775
bike,dune_bayes,983,dispersion,9.32699146270752,9.801108360290527,10.26832628250122
bike,dune_bayes,984,dispersion,9.298815488815308,9.771276950836182,10.228141403198242
bike,dune_bayes,985,dispersion,9.79181547164917,10.265837669372559,10.711457824707031
bike,dune_bayes,986,dispersion,9.827530860900879,10.275217056274414,10.721705007553101
bike,dune_bayes,987,dispersion,9.412601041793824,9.876555442810059,10.349144887924194
bike,dune_bayes,988,dispersion,9.981443166732788,10.431200981140137,10.86242709159851
bike,dune_bayes,989,dispersion,10.672032260894776,11.111864566802979,11.548414373397828
bike,dune_bayes,990,dispersion,11.028501319885255,11.486907482147217,11.946003770828247
bike,dune_bayes,991,dispersion,10.539068508148194,10.976081848144531,11.406132745742799
bike,dune_bayes,992,dispersion,10.05488486289978,10.496905326843262,10.96942925453186
bike,dune_bayes,993,dispersion,10.89679570198059,11.347344875335693,11.7882164478302
bike,dune_bayes,994,dispersion,11.524784040451049,11.976037979125977,12.442645645141601
bike,dune_bayes,995,dispersion,11.756276845932007,12.21517038345337,12.68021845817566
bike,dune_bayes,996,dispersion,10.77890477180481,11.228730201721191,11.677350282669067
bike,dune_bayes,997,dispersion,10.15400743484497,10.651982307434082,11.154480981826783
bike,dune_bayes,998,dispersion,9.523325538635254,10.002386569976807,10.488009071350097
bike,dune_bayes,999,dispersion,9.758639240264893,10.223504543304443,10.716230344772338
bike,dune_bayes,1000,dispersion,10.243202114105225,10.74433946609497,11.242696619033813
bike,dune_bayes,1001,dispersion,10.130556583404541,10.615040302276611,11.104127311706543
bike,dune_bayes,1002,dispersion,9.723229885101318,10.193243026733398,10.687189722061156
bike,dune_bayes,1003,dispersion,10.528488111495971,11.0411958694458,11.52873067855835
bike,dune_bayes,1004,dispersion,10.693330669403077,11.20259141921997,11.677067947387695
bike,dune_bayes,1005,dispersion,10.508972120285033,11.008374214172363,11.468311405181884
bike,dune_bayes,1006,dispersion,11.120376014709473,11.566385269165039,12.00750002861023
bike,dune_bayes,1007,dispersion,9.996746158599853,10.429115772247314,10.856293773651123
bike,dune_bayes,1008,dispersion,8.858494234085082,9.356388568878174,9.821363592147828
bike,dune_bayes,1009,dispersion,10.717134380340577,11.136831760406494,11.55719223022461
bike,dune_bayes,1010,dispersion,11.193713474273682,11.619277477264404,12.042717218399048
bike,dune_bayes,1011,dispersion,11.87403326034546,12.369880676269531,12.82288737297058
bike,dune_bayes,1012,dispersion,11.53328080177307,12.005686283111572,12.468141078948975
bike,dune_bayes,1013,dispersion,10.753898906707764,11.195751667022705,11.608123636245727
bike,dune_bayes,1014,dispersion,10.420378160476684,10.919023513793945,11.367303371429443
bike,dune_bayes,1015,dispersion,10.342072343826294,10.83621072769165,11.292205429077148
bike,dune_bayes,1016,dispersion,10.960392189025878,11.390409469604492,11.811038732528687
bike,dune_bayes,1017,dispersion,11.287833881378173,11.726019859313965,12.173786878585815
bike,dune_bayes,1018,dispersion,9.44180932044983,9.920818328857422,10.414118337631225
bike,dune_bayes,1019,dispersion,9.107161569595338,9.612605571746826,10.109498453140258
bike,dune_bayes,1020,dispersion,9.601221561431885,10.090174674987793,10.570899820327758
bike,dune_bayes,1021,dispersion,12.128117990493774,12.609427452087402,13.09049711227417
bike,dune_bayes,1022,dispersion,11.354792022705078,11.807518482208252,12.261666822433472
bike,dune_bayes,1023,dispersion,11.37686710357666,11.805614948272705,12.255432987213135
bike,dune_bayes,1024,dispersion,10.13461775779724,10.617074489593506,11.099849319458007
bike,dune_bayes,1025,dispersion,10.79418749809265,11.325404644012451,11.804084587097167
bike,dune_bayes,1026,dispersion,10.607383966445923,11.127365589141846,11.609892463684082
bike,dune_bayes,1027,dispersion,9.852755451202393,10.332813262939453,10.818562602996826
bike,dune_bayes,1028,dispersion,8.969714164733887,9.459301948547363,9.977197360992431
bike,dune_bayes,1029,dispersion,9.819538259506226,10.29696273803711,10.772415256500244
bike,dune_bayes,1030,dispersion,10.715530395507812,11.249406814575195,11.72826042175293
bike,dune_bayes,1031,dispersion,10.410479211807251,10.943973064422607,11.428542280197144
bike,dune_bayes,1032,dispersion,9.826052618026733,10.269494533538818,10.71416449546814
bike,dune_bayes,1033,dispersion,10.957336235046387,11.502226829528809,11.969000816345215
bike,dune_bayes,1034,dispersion,11.684354448318482,12.135618209838867,12.594506311416625
bike,dune_bayes,1035,dispersion,11.38713788986206,11.960991859436035,12.470151090621949
bike,dune_bayes,1036,dispersion,10.365530920028686,10.808474063873291,11.22235860824585
bike,dune_bayes,1037,dispersion,9.671413564682007,10.106645107269287,10.543324756622313
bike,dune_bayes,1038,dispersion,9.768943786621094,10.191308498382568,10.607862424850463
bike,dune_bayes,1039,dispersion,11.479777574539185,11.93669319152832,12.396202278137206
bike,dune_bayes,1040,dispersion,12.153440618515015,12.655292987823486,13.131274747848511
bike,dune_bayes,1041,dispersion,11.789685392379761,12.240245342254639,12.705184173583984
bike,dune_bayes,1042,dispersion,11.087336492538451,11.532065868377686,11.959554147720336
bike,dune_bayes,1043,dispersion,10.705753469467163,11.164769172668457,11.62225203514099
bike,dune_bayes,1044,dispersion,10.705753469467163,11.164769172668457,11.62225203514099
bike,dune_bayes,1045,dispersion,11.143547439575196,11.555949211120605,11.975740766525268
bike,dune_bayes,1046,dispersion,10.956992626190186,11.385811805725098,11.802337646484375
bike,dune_bayes,1047,dispersion,10.843339109420777,11.294492244720459,11.732676649093628
bike,dune_bayes,1048,dispersion,9.685017442703247,10.127215385437012,10.564368629455567
bike,dune_bayes,1049,dispersion,9.082691478729249,9.571255683898926,10.013328742980956
bike,dune_bayes,1050,dispersion,8.605156135559081,9.112868785858154,9.578405857086182
bike,dune_bayes,1051,dispersion,10.446888113021851,10.909200191497803,11.338339185714721
bike,dune_bayes,1052,dispersion,10.36501955986023,10.849191665649414,11.30778751373291
bike,dune_bayes,1053,dispersion,11.258478021621704,11.69351053237915,12.135047674179077
bike,dune_bayes,1054,dispersion,10.977476263046265,11.432690620422363,11.875607681274413
bike,dune_bayes,1055,dispersion,9.671413564682007,10.106645107269287,10.543324756622313
bike,dune_bayes,1056,dispersion,9.595559215545654,10.066572189331055,10.507806730270385
bike,dune_bayes,1057,dispersion,9.575702905654907,10.011077404022217,10.431862831115723
bike,dune_bayes,1058,dispersion,10.537066650390624,10.9580659866333,11.363957786560059
bike,dune_bayes,1059,dispersion,11.133038997650146,11.568070411682129,11.99831838607788
bike,dune_bayes,1060,dispersion,11.22147307395935,11.64637804031372,12.089482021331786
bike,dune_bayes,1061,dispersion,10.287668895721435,10.715322017669678,11.122296571731567
bike,dune_bayes,1062,dispersion,8.877928924560546,9.328359603881836,9.794403982162475
bike,dune_bayes,1063,dispersion,8.797068643569947,9.246548652648926,9.725606632232665
bike,dune_bayes,1064,dispersion,7.981600403785706,8.46858263015747,8.971192121505737
bike,dune_bayes,1065,dispersion,8.642493867874146,9.09693956375122,9.575054931640624
bike,dune_bayes,1066,dispersion,8.642493867874146,9.09693956375122,9.575054931640624
bike,dune_bayes,1067,dispersion,9.600467491149903,10.069557189941406,10.533312702178954
bike,dune_bayes,1068,dispersion,10.311213970184326,10.811109066009521,11.307086563110351
bike,dune_bayes,1069,dispersion,10.282840871810913,10.820888996124268,11.311509370803833
bike,dune_bayes,1070,dispersion,10.528488111495971,11.0411958694458,11.52873067855835
bike,dune_bayes,1071,dispersion,8.584275770187379,9.045230865478516,9.539507675170897
bike,dune_bayes,1072,dispersion,8.414073657989501,8.879656314849854,9.386249017715453
bike,dune_bayes,1073,dispersion,9.0545485496521,9.520358085632324,9.995230293273925
bike,dune_bayes,1074,dispersion,9.725023460388183,10.199735641479492,10.701819896697998
bike,dune_bayes,1075,dispersion,10.992253732681274,11.531260967254639,12.027920818328857
bike,dune_bayes,1076,dispersion,9.44162368774414,9.951597690582275,10.423640537261964
bike,dune_bayes,1077,dispersion,9.581053304672242,10.038344860076904,10.490115880966187
bike,dune_bayes,1078,dispersion,8.609148597717285,9.117452144622803,9.62893362045288
bike,dune_bayes,1079,dispersion,9.53298053741455,9.999165058135986,10.45585422515869
bike,dune_bayes,1080,dispersion,10.817832946777344,11.258039474487305,11.69903450012207
bike,dune_bayes,1081,dispersion,11.218540811538697,11.674305438995361,12.17235631942749
bike,dune_bayes,1082,dispersion,11.42899684906006,11.893120288848877,12.393905544281006
bike,dune_bayes,1083,dispersion,11.681787919998168,12.168826580047607,12.646755456924438
bike,dune_bayes,1084,dispersion,11.64914846420288,12.133957386016846,12.609160232543946
bike,dune_bayes,1085,dispersion,11.444797134399414,11.904951572418213,12.363558149337768
bike,dune_bayes,1086,dispersion,11.247222757339477,11.716722011566162,12.179189872741699
bike,dune_bayes,1087,dispersion,9.950451612472534,10.431315898895264,10.87411208152771
bike,dune_bayes,1088,dispersion,9.537061977386475,10.010497093200684,10.471327304840088
bike,dune_bayes,1089,dispersion,10.17684645652771,10.613910675048828,11.028439569473266
bike,dune_bayes,1090,dispersion,10.015440130233765,10.499900341033936,10.953091192245484
bike,dune_bayes,1091,dispersion,10.68753514289856,11.123611450195312,11.553481483459473
bike,dune_bayes,1092,dispersion,11.172142267227173,11.608679294586182,12.037153148651123
bike,dune_bayes,1093,dispersion,11.06802544593811,11.508787155151367,11.94101161956787
bike,dune_bayes,1094,dispersion,11.143636751174927,11.58188772201538,12.002310276031494
bike,dune_bayes,1095,dispersion,11.042110681533813,11.508612632751465,11.976398229598999
bike,dune_bayes,1096,dispersion,11.479777574539185,11.93669319152832,12.396202278137206
bike,dune_bayes,1097,dispersion,10.668645334243774,11.107693672180176,11.515404796600341
bike,dune_bayes,1098,dispersion,11.669501304626465,12.162484645843506,12.681367826461791
bike,dune_bayes,1099,dispersion,12.005019664764404,12.525691509246826,12.98296365737915
bike,dune_bayes,1100,dispersion,11.99105544090271,12.502142906188965,12.971520614624023
bike,dune_bayes,1101,dispersion,11.269433069229127,11.735246181488037,12.170632886886596
bike,dune_bayes,1102,dispersion,10.803476905822754,11.275606632232666,11.690227222442626
bike,dune_bayes,1103,dispersion,10.415986347198487,10.848077297210693,11.242425775527954
bike,dune_bayes,1104,dispersion,10.5113374710083,10.948610782623291,11.349894523620605
bike,dune_bayes,1105,dispersion,11.615199422836303,12.070223808288574,12.514411783218383
bike,dune_bayes,1106,dispersion,11.723197889328002,12.192349910736084,12.661138772964478
bike,dune_bayes,1107,dispersion,11.348531246185303,11.825143337249756,12.281010389328003
bike,dune_bayes,1108,dispersion,10.436511993408203,10.886157512664795,11.276598739624022
bike,dune_bayes,1109,dispersion,11.697282981872558,12.160303592681885,12.630031251907349
bike,dune_bayes,1110,dispersion,11.349960470199585,11.780721664428711,12.21068615913391
bike,dune_bayes,1111,dispersion,9.496977853775025,9.969066619873047,10.44188723564148
bike,dune_bayes,1112,dispersion,9.25855312347412,9.74289083480835,10.245791625976562
bike,dune_bayes,1113,dispersion,8.725443983078003,9.19549036026001,9.680095720291138
bike,dune_bayes,1114,dispersion,9.392797040939332,9.879598140716553,10.366783475875854
bike,dune_bayes,1115,dispersion,8.775025844573975,9.245315074920654,9.724970293045043
bike,dune_bayes,1116,dispersion,8.843146657943725,9.424493312835693,9.924285459518433
bike,dune_bayes,1117,dispersion,7.89693386554718,8.374592781066895,8.903210258483886
bike,dune_bayes,1118,dispersion,8.433768939971923,8.968928337097168,9.456132078170775
bike,dune_bayes,1119,dispersion,8.983039808273315,9.444560527801514,9.919337368011474
bike,dune_bayes,1120,dispersion,8.111979293823243,8.774549961090088,9.310605335235596
bike,dune_bayes,1121,dispersion,7.803158974647522,8.297979831695557,8.805652141571045
bike,dune_bayes,1122,dispersion,8.648746252059937,9.125903606414795,9.590905618667602
bike,dune_bayes,1123,dispersion,8.773371362686158,9.254926681518555,9.698790311813354
bike,dune_bayes,1124,dispersion,10.762404108047486,11.195207595825195,11.623827028274535
bike,dune_bayes,1125,dispersion,11.109418535232544,11.552325248718262,12.003291797637939
bike,dune_bayes,1126,dispersion,9.768943786621094,10.191308498382568,10.607862424850463
bike,dune_bayes,1127,dispersion,10.119611454010009,10.54184865951538,10.946642923355101
bike,dune_bayes,1128,dispersion,10.214114046096801,10.667723655700684,11.071838283538817
bike,dune_bayes,1129,dispersion,10.853874492645264,11.35708475112915,11.835410261154175
bike,dune_bayes,1130,dispersion,11.443932723999023,11.933713912963867,12.448441791534423
bike,dune_bayes,1131,dispersion,10.342072343826294,10.83621072769165,11.292205429077148
bike,dune_bayes,1132,dispersion,10.049617052078247,10.528460025787354,10.985543203353881
bike,dune_bayes,1133,dispersion,10.152558660507202,10.570013046264648,10.966697835922242
bike,dune_bayes,1134,dispersion,10.0115562915802,10.449582576751709,10.862237548828125
bike,dune_bayes,1135,dispersion,10.830901432037354,11.302388668060303,11.745255756378173
bike,dune_bayes,1136,dispersion,10.22890076637268,10.653696537017822,11.056153154373169
bike,dune_bayes,1137,dispersion,10.679475402832031,11.120534420013428,11.540791177749634
bike,dune_bayes,1138,dispersion,9.221932458877564,9.686885356903076,10.13569016456604
bike,dune_bayes,1139,dispersion,9.826052618026733,10.269494533538818,10.71416449546814
bike,dune_bayes,1140,dispersion,8.522027492523193,9.025791645050049,9.543428802490235
bike,dune_bayes,1141,dispersion,8.833823585510254,9.31782865524292,9.821797418594361
bike,dune_bayes,1142,dispersion,8.833823585510254,9.31782865524292,9.821797418594361
bike,dune_bayes,1143,dispersion,9.183833456039428,9.646621704101562,10.095795679092406
bike,dune_bayes,1144,dispersion,10.299972105026246,10.728420734405518,11.14138069152832
bike,dune_bayes,1145,dispersion,11.089127159118652,11.518548965454102,11.938885498046874
bike,dune_bayes,1146,dispersion,11.042110681533813,11.508612632751465,11.976398229598999
bike,dune_bayes,1147,dispersion,10.965192842483521,11.519700527191162,12.047110080718994
bike,dune_bayes,1148,dispersion,10.965192842483521,11.519700527191162,12.047110080718994
bike,dune_bayes,1149,dispersion,8.196154451370239,8.653189659118652,9.133694458007811
bike,dune_bayes,1150,dispersion,9.029854583740235,9.527273654937744,10.007746839523316
bike,dune_bayes,1151,dispersion,9.21742386817932,9.675140380859375,10.15436224937439
bike,dune_bayes,1152,dispersion,8.446323490142822,8.989219188690186,9.477141380310059
bike,dune_bayes,1153,dispersion,10.129183197021485,10.634978294372559,11.129349708557129
bike,dune_bayes,1154,dispersion,8.977369546890259,9.441078662872314,9.919128561019898
bike,dune_bayes,1155,dispersion,10.39484977722168,10.809276103973389,11.204256439208985
bike,dune_bayes,1156,dispersion,10.500612258911133,10.96292781829834,11.393506622314453
bike,dune_bayes,1157,dispersion,11.578021669387818,12.085473537445068,12.58128957748413
bike,dune_bayes,1158,dispersion,10.930637788772582,11.367773532867432,11.774611139297486
bike,dune_bayes,1159,dispersion,9.948171997070313,10.380252838134766,10.765707349777221
bike,dune_bayes,1160,dispersion,10.67136640548706,11.178178787231445,11.637544345855712
bike,dune_bayes,1161,dispersion,11.191681623458862,11.636001110076904,12.076352977752686
bike,dune_bayes,1162,dispersion,10.855248928070068,11.276403427124023,11.687455177307129
bike,dune_bayes,1163,dispersion,11.290645122528076,11.759241104125977,12.27256851196289
bike,dune_bayes,1164,dispersion,10.958429050445556,11.38749074935913,11.843096351623535
bike,dune_bayes,1165,dispersion,9.64364185333252,10.154377460479736,10.575164937973023
bike,dune_bayes,1166,dispersion,10.486324882507324,10.954185485839844,11.379691934585571
bike,dune_bayes,1167,dispersion,9.493755865097047,9.963818073272705,10.409379291534423
bike,dune_bayes,1168,dispersion,9.892473268508912,10.387580394744873,10.808393239974976
bike,dune_bayes,1169,dispersion,8.482584714889526,8.98440933227539,9.501069927215577
bike,dune_bayes,1170,dispersion,10.385638284683228,10.832717418670654,11.251576566696167
bike,dune_bayes,1171,dispersion,10.335315036773682,10.786493301391602,11.209175729751587
bike,dune_bayes,1172,dispersion,10.0648832321167,10.50581407546997,10.936400985717773
bike,dune_bayes,1173,dispersion,9.60475778579712,10.074301719665527,10.534907579421997
bike,dune_bayes,1174,dispersion,8.480338668823242,8.963224411010742,9.470125579833983
bike,dune_bayes,1175,dispersion,8.87767472267151,9.410095691680908,9.883801364898682
bike,dune_bayes,1176,dispersion,8.55892105102539,9.153561115264893,9.650150299072266
bike,dune_bayes,1177,dispersion,9.583856773376464,10.286483764648438,10.864498376846313
bike,dune_bayes,1178,dispersion,10.316806840896607,10.889581680297852,11.386403703689574
bike,dune_bayes,1179,dispersion,10.445446348190307,10.954854965209961,11.412585592269897
bike,dune_bayes,1180,dispersion,9.995877981185913,10.501968383789062,10.969420766830444
bike,dune_bayes,1181,dispersion,10.57125883102417,11.067237854003906,11.517178964614867
bike,dune_bayes,1182,dispersion,11.139579629898071,11.572872638702393,11.99744634628296
bike,dune_bayes,1183,dispersion,9.453828191757202,9.888303756713867,10.282128143310546
bike,dune_bayes,1184,dispersion,9.549202108383179,9.966352939605713,10.351799726486206
bike,dune_bayes,1185,dispersion,10.855248928070068,11.276403427124023,11.687455177307129
bike,dune_bayes,1186,dispersion,10.213975095748902,10.70948600769043,11.144186401367188
bike,dune_bayes,1187,dispersion,9.724442100524902,10.190043926239014,10.607984399795532
bike,dune_bayes,1188,dispersion,9.328737926483154,9.78583288192749,10.222897481918334
bike,dune_bayes,1189,dispersion,8.947473669052124,9.402168273925781,9.833982372283936
bike,dune_bayes,1190,dispersion,8.645397853851318,9.106150150299072,9.55145058631897
bike,dune_bayes,1191,dispersion,9.425837135314941,9.880222797393799,10.317248582839966
bike,dune_bayes,1192,dispersion,10.99485511779785,11.407113075256348,11.833113288879394
bike,dune_bayes,1193,dispersion,10.42586522102356,10.856043815612793,11.253628921508788
bike,dune_bayes,1194,dispersion,9.212042379379273,9.649347305297852,10.074203252792358
bike,dune_bayes,1195,dispersion,9.212042379379273,9.649347305297852,10.074203252792358
bike,dune_bayes,1196,dispersion,8.709089326858521,9.164810180664062,9.621790266036987
bike,dune_bayes,1197,dispersion,10.51523470878601,10.935333251953125,11.334445571899414
bike,dune_bayes,1198,dispersion,10.23071517944336,10.639309406280518,11.026636695861816
bike,dune_bayes,1199,dispersion,8.909024477005005,9.36783218383789,9.820671129226684
bike,dune_bayes,1200,dispersion,10.39484977722168,10.809276103973389,11.204256439208985
bike,dune_bayes,1201,dispersion,9.248596620559692,9.712337017059326,10.166233396530151
bike,dune_bayes,1202,dispersion,9.378779649734497,9.856180667877197,10.319825983047485
bike,dune_bayes,1203,dispersion,8.455349683761597,8.935579776763916,9.43225507736206
bike,dune_bayes,1204,dispersion,8.37737684249878,8.837772846221924,9.325297975540161
bike,dune_bayes,1205,dispersion,8.558434247970581,9.023693084716797,9.504932451248168
bike,dune_bayes,1206,dispersion,8.797068643569947,9.246548652648926,9.725606632232665
bike,dune_bayes,1207,dispersion,9.9851505279541,10.508485317230225,11.008328294754028
bike,dune_bayes,1208,dispersion,10.185058307647704,10.686112403869629,11.18341097831726
bike,dune_bayes,1209,dispersion,9.431226873397828,9.930022239685059,10.401690101623535
bike,dune_bayes,1210,dispersion,8.833487796783448,9.2864351272583,9.758368301391602
bike,dune_bayes,1211,dispersion,9.298454761505127,9.790376663208008,10.252317142486572
bike,dune_bayes,1212,dispersion,9.493921613693237,9.976805686950684,10.457157278060913
bike,dune_bayes,1213,dispersion,8.979983472824097,9.435281753540039,9.912708377838134
bike,dune_bayes,1214,dispersion,9.447103500366211,9.92563772201538,10.397912406921387
bike,dune_bayes,1215,dispersion,7.806049156188965,8.300390243530273,8.844664478302002
bike,dune_bayes,1216,dispersion,8.402442169189452,8.942882537841797,9.392771291732789
bike,dune_bayes,1217,dispersion,8.789152050018311,9.335844039916992,9.771495723724366
bike,dune_bayes,1218,dispersion,9.04881911277771,9.58790922164917,10.005386018753052
bike,dune_bayes,1219,dispersion,8.76077995300293,9.284564018249512,9.711653852462769
bike,dune_bayes,1220,dispersion,8.471724367141723,9.045056819915771,9.496772527694702
bike,dune_bayes,1221,dispersion,8.799049758911133,9.342687606811523,9.775416707992553
bike,dune_bayes,1222,dispersion,8.773137426376342,9.339489936828613,9.777507209777832
bike,dune_bayes,1223,dispersion,8.402442169189452,8.942882537841797,9.392771291732789
bike,dune_bayes,1224,dispersion,8.480778217315674,8.974315166473389,9.434860277175904
bike,dune_bayes,1225,dispersion,8.522027492523193,9.025791645050049,9.543428802490235
bike,dune_bayes,1226,dispersion,8.432379055023194,8.933953762054443,9.400547218322753
bike,dune_bayes,1227,dispersion,8.870624589920045,9.376805305480957,9.8389235496521
bike,dune_bayes,1228,dispersion,8.939975547790528,9.482692241668701,9.94823532104492
bike,dune_bayes,1229,dispersion,8.569706583023072,9.067150115966797,9.522013616561889
bike,dune_bayes,1230,dispersion,8.522175455093384,9.052148342132568,9.52960262298584
bike,dune_bayes,1231,dispersion,8.827556657791138,9.344878196716309,9.80166220664978
bike,dune_bayes,1232,dispersion,8.563563203811645,9.055449962615967,9.504060506820679
bike,dune_bayes,1233,dispersion,8.645955085754395,9.134029388427734,9.581657409667969
bike,dune_bayes,1234,dispersion,8.259079885482787,8.78172254562378,9.31629204750061
bike,dune_bayes,1235,dispersion,10.015440130233765,10.499900341033936,10.953091192245484
bike,dune_bayes,1236,dispersion,10.403706312179565,10.840293407440186,11.26398253440857
bike,dune_bayes,1237,dispersion,9.091661071777343,9.562749862670898,9.99810676574707
bike,dune_bayes,1238,dispersion,8.519336605072022,9.026227474212646,9.491035842895508
bike,dune_bayes,1239,dispersion,8.609148597717285,9.117452144622803,9.62893362045288
bike,dune_bayes,1240,dispersion,8.16887640953064,8.691355228424072,9.226447486877442
bike,dune_bayes,1241,dispersion,7.331653356552124,7.863919019699097,8.396947526931761
bike,dune_bayes,1242,dispersion,7.216088128089905,7.715545892715454,8.261094236373902
bike,dune_bayes,1243,dispersion,8.237027311325074,8.728229522705078,9.221441602706909
bike,dune_bayes,1244,dispersion,7.643959426879883,8.155467510223389,8.679890632629395
bike,dune_bayes,1245,dispersion,7.643959426879883,8.155467510223389,8.679890632629395
bike,dune_bayes,1246,dispersion,8.399335050582886,8.869938373565674,9.347964811325072
bike,dune_bayes,1247,dispersion,8.196154451370239,8.653189659118652,9.133694458007811
bike,dune_bayes,1248,dispersion,8.237027311325074,8.728229522705078,9.221441602706909
bike,dune_bayes,1249,dispersion,9.061872911453246,9.545750141143799,10.044479608535767
bike,dune_bayes,1250,dispersion,8.94598159790039,9.407731533050537,9.883522987365723
bike,dune_bayes,1251,dispersion,8.1817195892334,8.681775093078613,9.173980140686036
bike,dune_bayes,1252,dispersion,8.447586345672608,8.926747798919678,9.391103267669678
bike,dune_bayes,1253,dispersion,8.447586345672608,8.926747798919678,9.391103267669678
bike,dune_bayes,1254,dispersion,8.555045318603515,9.030494689941406,9.505158996582031
bike,dune_bayes,1255,dispersion,9.165569591522218,9.610035419464111,10.036502408981322
bike,dune_bayes,1256,dispersion,10.830901432037354,11.302388668060303,11.745255756378173
bike,dune_bayes,1257,dispersion,10.91290225982666,11.349225521087646,11.767435598373414
bike,dune_bayes,1258,dispersion,9.053256225585937,9.508821964263916,9.94899959564209
bike,dune_bayes,1259,dispersion,10.859318161010743,11.27421760559082,11.695140361785889
bike,dune_bayes,1260,dispersion,11.230706787109375,11.667313575744629,12.116388082504272
bike,dune_bayes,1261,dispersion,10.154763889312743,10.574982166290283,10.966823530197143
bike,dune_bayes,1262,dispersion,10.928303384780884,11.347180366516113,11.769164037704467
bike,dune_bayes,1263,dispersion,11.133038997650146,11.568070411682129,11.99831838607788
bike,dune_bayes,1264,dispersion,11.256820058822631,11.688926219940186,12.145370054244994
bike,dune_bayes,1265,dispersion,10.370311069488526,10.79392385482788,11.190055465698242
bike,dune_bayes,1266,dispersion,10.152558660507202,10.570013046264648,10.966697835922242
bike,dune_bayes,1267,dispersion,9.802153921127319,10.241524696350098,10.652005481719971
bike,dune_bayes,1268,dispersion,9.49082841873169,9.936183452606201,10.356690645217896
bike,dune_bayes,1269,dispersion,9.7318829536438,10.143696784973145,10.567542362213135
bike,dune_bayes,1270,dispersion,10.052977752685546,10.54093885421753,10.963668251037598
bike,dune_bayes,1271,dispersion,8.754002618789674,9.227304458618164,9.61924376487732
bike,dune_bayes,1272,dispersion,8.23583164215088,8.713147163391113,9.09673285484314
bike,dune_bayes,1273,dispersion,8.527309703826905,8.99679946899414,9.38239402770996
bike,dune_bayes,1274,dispersion,8.988199090957641,9.430176734924316,9.811138534545899
bike,dune_bayes,1275,dispersion,7.944320583343506,8.38164234161377,8.849505853652953
bike,dune_bayes,1276,dispersion,8.675378704071045,9.135661602020264,9.580583858489991
bike,dune_bayes,1277,dispersion,8.83814778327942,9.306691646575928,9.751641893386841
bike,dune_bayes,1278,dispersion,7.5541510581970215,7.996791362762451,8.460088682174682
bike,dune_bayes,1279,dispersion,7.92551965713501,8.383505821228027,8.825201082229615
bike,dune_bayes,1280,dispersion,8.984052085876465,9.424543380737305,9.893340063095092
bike,dune_bayes,1281,dispersion,8.447464275360108,8.900554180145264,9.355572986602782
bike,dune_bayes,1282,dispersion,9.149326419830322,9.575695037841797,9.979435586929322
bike,dune_bayes,1283,dispersion,8.809856176376343,9.236366271972656,9.650566005706787
bike,dune_bayes,1284,dispersion,9.804679727554321,10.249557971954346,10.646988868713379
bike,dune_bayes,1285,dispersion,8.62270221710205,9.10940408706665,9.53727321624756
bike,dune_bayes,1286,dispersion,8.3562096118927,8.887691020965576,9.326964139938354
bike,dune_bayes,1287,dispersion,9.30086178779602,9.745264053344727,10.170505666732788
bike,dune_bayes,1288,dispersion,9.121396255493163,9.58817720413208,10.005005168914794
bike,dune_bayes,1289,dispersion,7.8489593982696535,8.361185550689697,8.82817530632019
bike,dune_bayes,1290,dispersion,7.934350442886353,8.449414730072021,8.91540493965149
bike,dune_bayes,1291,dispersion,8.005909729003907,8.52503252029419,8.985090112686157
bike,dune_bayes,1292,dispersion,7.833582258224487,8.33692455291748,8.823031806945801
bike,dune_bayes,1293,dispersion,9.921235466003418,10.345494270324707,10.755124139785767
bike,dune_bayes,1294,dispersion,9.671413564682007,10.106645107269287,10.543324756622313
bike,dune_bayes,1295,dispersion,9.844651746749879,10.27856731414795,10.680715703964234
bike,dune_bayes,1296,dispersion,8.16887640953064,8.691355228424072,9.226447486877442
bike,dune_bayes,1297,dispersion,8.341648626327515,8.83653450012207,9.29966368675232
bike,dune_bayes,1298,dispersion,8.719685697555542,9.216961860656738,9.652200365066527
bike,dune_bayes,1299,dispersion,9.075828456878662,9.558967590332031,9.98885178565979
bike,dune_bayes,1300,dispersion,9.134065341949462,9.59810209274292,10.039990139007568
bike,dune_bayes,1301,dispersion,8.072098779678345,8.58571720123291,9.068817281723023
bike,dune_bayes,1302,dispersion,7.764311981201172,8.316521644592285,8.835886716842651
bike,dune_bayes,1303,dispersion,8.04173493385315,8.544256687164307,9.036757707595825
bike,dune_bayes,1304,dispersion,8.076667308807373,8.596749782562256,9.124878406524658
bike,dune_bayes,1305,dispersion,8.148143005371093,8.63168716430664,9.143309450149536
bike,dune_bayes,1306,dispersion,8.48686728477478,8.961031913757324,9.460464668273925
bike,dune_bayes,1307,dispersion,7.850588607788086,8.322460174560547,8.836872673034668
bike,dune_bayes,1308,dispersion,7.643959426879883,8.155467510223389,8.679890632629395
bike,dune_bayes,1309,dispersion,8.591859054565429,9.08568811416626,9.591277742385865
bike,dune_bayes,1310,dispersion,8.591859054565429,9.08568811416626,9.591277742385865
bike,dune_bayes,1311,dispersion,9.075828456878662,9.558967590332031,9.98885178565979
bike,dune_bayes,1312,dispersion,9.817916917800904,10.27404499053955,10.683330631256103
bike,dune_bayes,1313,dispersion,8.914427185058594,9.396122455596924,9.831362438201904
bike,dune_bayes,1314,dispersion,8.563563203811645,9.055449962615967,9.504060506820679
bike,dune_bayes,1315,dispersion,8.563563203811645,9.055449962615967,9.504060506820679
bike,dune_bayes,1316,dispersion,9.496276617050171,9.958388805389404,10.409827327728271
bike,dune_bayes,1317,dispersion,9.25912446975708,9.728917598724365,10.189496326446534
bike,dune_bayes,1318,dispersion,9.140514755249024,9.622680187225342,10.075102090835571
bike,dune_bayes,1319,dispersion,8.914427185058594,9.396122455596924,9.831362438201904
bike,dune_bayes,1320,dispersion,8.076667308807373,8.596749782562256,9.124878406524658
bike,dune_bayes,1321,dispersion,8.551038789749146,9.037286281585693,9.492388057708741
bike,dune_bayes,1322,dispersion,8.780871438980103,9.285260677337646,9.742331266403198
bike,dune_bayes,1323,dispersion,9.221932458877564,9.686885356903076,10.13569016456604
bike,dune_bayes,1324,dispersion,10.09600372314453,10.52971076965332,10.94676718711853
bike,dune_bayes,1325,dispersion,9.03889422416687,9.544842720031738,9.986429452896118
bike,dune_bayes,1326,dispersion,8.619878673553467,9.121413707733154,9.56204857826233
bike,dune_bayes,1327,dispersion,10.383259391784668,10.794992446899414,11.192390727996827
bike,dune_bayes,1328,dispersion,8.836259937286377,9.311914443969727,9.712143898010254
bike,dune_bayes,1329,dispersion,8.836259937286377,9.311914443969727,9.712143898010254
bike,dune_bayes,1330,dispersion,9.494905376434327,9.917686939239502,10.310734510421753
bike,dune_bayes,1331,dispersion,10.193353700637818,10.6427903175354,11.048990869522095
bike,dune_bayes,1332,dispersion,10.856605625152588,11.281683444976807,11.706310272216797
bike,dune_bayes,1333,dispersion,8.161010122299194,8.629371166229248,9.047755479812622
bike,dune_bayes,1334,dispersion,7.706100416183472,8.197122573852539,8.649354934692383
bike,dune_bayes,1335,dispersion,7.434497737884522,7.931344747543335,8.406917524337768
bike,dune_bayes,1336,dispersion,6.479770708084106,6.958077669143677,7.4335737943649285
bike,dune_bayes,1337,dispersion,6.685020875930786,7.189796447753906,7.675364398956299
bike,dune_bayes,1338,dispersion,7.129439496994019,7.595995664596558,8.056267786026002
bike,dune_bayes,1339,dispersion,7.129439496994019,7.595995664596558,8.056267786026002
bike,dune_bayes,1340,dispersion,8.117663192749024,8.556257724761963,8.995821142196656
bike,dune_bayes,1341,dispersion,6.746304249763488,7.206458330154419,7.682413697242736
bike,dune_bayes,1342,dispersion,7.195153093338012,7.677229642868042,8.10894980430603
bike,dune_bayes,1343,dispersion,8.819456243515015,9.26735782623291,9.637641763687133
bike,dune_bayes,1344,dispersion,7.846567821502686,8.322825908660889,8.762577295303345
bike,dune_bayes,1345,dispersion,7.844751191139221,8.303631782531738,8.72735047340393
bike,dune_bayes,1346,dispersion,7.916601705551147,8.39066219329834,8.804720163345337
bike,dune_bayes,1347,dispersion,9.273812198638916,9.728782653808594,10.098883914947509
bike,dune_bayes,1348,dispersion,10.314158821105957,10.729912281036377,11.141933059692382
bike,dune_bayes,1349,dispersion,9.528012752532959,9.976653575897217,10.357932186126709
bike,dune_bayes,1350,dispersion,8.382683038711548,8.857165813446045,9.268992376327514
bike,dune_bayes,1351,dispersion,10.961338520050049,11.414957046508789,11.816555643081665
bike,dune_bayes,1352,dispersion,11.058899068832398,11.506157398223877,11.909882831573485
bike,dune_bayes,1353,dispersion,10.959988117218018,11.410907745361328,11.823494863510131
bike,dune_bayes,1354,dispersion,8.767199325561524,9.223501682281494,9.65757613182068
bike,dune_bayes,1355,dispersion,9.197142553329467,9.625372886657715,10.01285171508789
bike,dune_bayes,1356,dispersion,9.16588535308838,9.601303577423096,9.96700210571289
bike,dune_bayes,1357,dispersion,10.350109958648682,10.785248279571533,11.185194206237792
bike,dune_bayes,1358,dispersion,9.461417150497436,9.89789342880249,10.286573266983032
bike,dune_bayes,1359,dispersion,8.299620580673217,8.768435955047607,9.210358428955079
bike,dune_bayes,1360,dispersion,9.185950660705567,9.626444339752197,10.013819122314453
bike,dune_bayes,1361,dispersion,9.346129608154296,9.812838077545166,10.23713231086731
bike,dune_bayes,1362,dispersion,10.273940753936767,10.772838115692139,11.20554084777832
bike,dune_bayes,1363,dispersion,8.811367607116699,9.28342866897583,9.713285207748413
bike,dune_bayes,1364,dispersion,7.086744904518127,7.569004535675049,8.062281608581543
bike,dune_bayes,1365,dispersion,6.821021485328674,7.286197662353516,7.776694726943969
bike,dune_bayes,1366,dispersion,7.567637252807617,8.04686975479126,8.496013450622558
bike,dune_bayes,1367,dispersion,8.831791400909424,9.309409618377686,9.78781237602234
bike,dune_bayes,1368,dispersion,9.479137325286866,10.0250883102417,10.489392900466918
bike,dune_bayes,1369,dispersion,9.643289566040039,10.149173259735107,10.608191633224488
bike,dune_bayes,1370,dispersion,7.685885953903198,8.16603136062622,8.614913988113402
bike,dune_bayes,1371,dispersion,6.777989983558655,7.272797107696533,7.781873679161071
bike,dune_bayes,1372,dispersion,6.654515409469605,7.149352312088013,7.658782362937927
bike,dune_bayes,1373,dispersion,9.158178567886353,9.610514640808105,10.073961067199706
bike,dune_bayes,1374,dispersion,9.55855360031128,10.039473533630371,10.494908332824707
bike,dune_bayes,1375,dispersion,6.69979157447815,7.21531081199646,7.73694393634796
bike,dune_bayes,1376,dispersion,6.892154622077942,7.392934799194336,7.905225777626037
bike,dune_bayes,1377,dispersion,6.777989983558655,7.272797107696533,7.781873679161071
bike,dune_bayes,1378,dispersion,6.332726955413818,6.852398157119751,7.404038310050964
bike,dune_bayes,1379,dispersion,6.777989983558655,7.272797107696533,7.781873679161071
bike,dune_bayes,1380,dispersion,8.814542198181153,9.276333808898926,9.748701477050782
bike,dune_bayes,1381,dispersion,9.812877464294434,10.308643341064453,10.768322706222534
bike,dune_bayes,1382,dispersion,7.538229823112488,8.005888938903809,8.51370005607605
bike,dune_bayes,1383,dispersion,7.9214694738388065,8.415501594543457,8.878924655914306
bike,dune_bayes,1384,dispersion,8.354781198501588,8.834318161010742,9.275270175933837
bike,dune_bayes,1385,dispersion,9.34763503074646,9.797777652740479,10.200349569320679
bike,dune_bayes,1386,dispersion,8.991485738754273,9.464044094085693,9.87230486869812
bike,dune_bayes,1387,dispersion,8.454593229293824,9.006883144378662,9.452720117568969
bike,dune_bayes,1388,dispersion,8.722488355636596,9.232877731323242,9.6660906791687
bike,dune_bayes,1389,dispersion,8.03173108100891,8.522934436798096,8.996295833587647
bike,dune_bayes,1390,dispersion,7.723920369148255,8.231834888458252,8.716538429260254
bike,dune_bayes,1391,dispersion,7.876091241836548,8.377889156341553,8.85765995979309
bike,dune_bayes,1392,dispersion,9.220350456237792,9.682086944580078,10.1015389919281
bike,dune_bayes,1393,dispersion,8.346990394592286,8.846590518951416,9.301853561401368
bike,dune_bayes,1394,dispersion,8.265210676193238,8.757785320281982,9.206846618652342
bike,dune_bayes,1395,dispersion,8.410345792770386,8.924386501312256,9.363679361343383
bike,dune_bayes,1396,dispersion,9.6651282787323,10.1559739112854,10.558814525604248
bike,dune_bayes,1397,dispersion,9.36742377281189,9.808740139007568,10.18344621658325
bike,dune_bayes,1398,dispersion,8.49061279296875,8.913379669189453,9.390295267105103
bike,dune_bayes,1399,dispersion,7.899808621406555,8.344022750854492,8.802143001556397
bike,dune_bayes,1400,dispersion,7.228985166549682,7.71051287651062,8.163107681274415
bike,dune_bayes,1401,dispersion,8.97940731048584,9.43260383605957,9.908099889755249
bike,dune_bayes,1402,dispersion,8.350853300094604,8.779594898223877,9.255683374404907
bike,dune_bayes,1403,dispersion,7.966456055641174,8.400465488433838,8.87860107421875
bike,dune_bayes,1404,dispersion,10.218889474868774,10.758633136749268,11.229059934616089
bike,dune_bayes,1405,dispersion,9.886405849456787,10.428261756896973,10.887920331954955
bike,dune_bayes,1406,dispersion,9.42626338005066,9.960416316986084,10.41183476448059
bike,dune_bayes,1407,dispersion,10.223485040664674,10.652390480041504,11.077729558944702
bike,dune_bayes,1408,dispersion,9.712929010391235,10.170250415802002,10.570547819137573
bike,dune_bayes,1409,dispersion,10.361787176132202,10.780242919921875,11.175037384033203
bike,dune_bayes,1410,dispersion,9.34674391746521,9.778754234313965,10.173927307128906
bike,dune_bayes,1411,dispersion,8.784983682632447,9.227932453155518,9.650413608551025
bike,dune_bayes,1412,dispersion,9.157742547988892,9.617221355438232,10.054014968872071
bike,dune_bayes,1413,dispersion,10.282827615737915,10.736376285552979,11.11489987373352
bike,dune_bayes,1414,dispersion,10.958839416503906,11.404087543487549,11.807046031951904
bike,dune_bayes,1415,dispersion,10.73671259880066,11.178208351135254,11.580092000961304
bike,dune_bayes,1416,dispersion,10.051420593261719,10.480909824371338,10.873460721969604
bike,dune_bayes,1417,dispersion,9.438357400894166,9.857615947723389,10.249969673156738
bike,dune_bayes,1418,dispersion,8.876936197280884,9.368737697601318,9.768722438812256
bike,dune_bayes,1419,dispersion,8.683491802215576,9.263104438781738,9.712573862075805
bike,dune_bayes,1420,dispersion,8.683491802215576,9.263104438781738,9.712573862075805
bike,dune_bayes,1421,dispersion,8.561066484451294,9.112891674041748,9.56388726234436
bike,dune_bayes,1422,dispersion,8.7640775680542,9.288032531738281,9.68951187133789
bike,dune_bayes,1423,dispersion,9.993387413024902,10.469377517700195,10.92055344581604
bike,dune_bayes,1424,dispersion,9.895528030395507,10.306621074676514,10.71302351951599
bike,dune_bayes,1425,dispersion,9.779354524612426,10.210431575775146,10.629103136062621
bike,dune_bayes,1426,dispersion,8.172609806060791,8.631079196929932,9.025773668289185
bike,dune_bayes,1427,dispersion,8.257639503479004,8.7170991897583,9.110894584655762
bike,dune_bayes,1428,dispersion,8.96812391281128,9.407601833343506,9.77739405632019
bike,dune_bayes,1429,dispersion,10.253033065795899,10.703059196472168,11.111751937866211
bike,dune_bayes,1430,dispersion,10.4403395652771,10.88905143737793,11.291565179824829
bike,dune_bayes,1431,dispersion,10.245174455642701,10.680890083312988,11.096707725524903
bike,dune_bayes,1432,dispersion,9.825591945648194,10.24474048614502,10.639968729019165
bike,dune_bayes,1433,dispersion,9.614700984954833,10.034612655639648,10.428246259689331
bike,dune_bayes,1434,dispersion,9.70401406288147,10.152495861053467,10.57619743347168
bike,dune_bayes,1435,dispersion,8.117663192749024,8.556257724761963,8.995821142196656
bike,dune_bayes,1436,dispersion,8.117663192749024,8.556257724761963,8.995821142196656
bike,dune_bayes,1437,dispersion,7.769928526878357,8.223549365997314,8.687433910369872
bike,dune_bayes,1438,dispersion,8.67285852432251,9.160491943359375,9.642138719558716
bike,dune_bayes,1439,dispersion,9.040889739990234,9.472422122955322,9.895107650756835
bike,dune_bayes,1440,dispersion,6.304920983314514,6.787394046783447,7.269715809822082
bike,dune_bayes,1441,dispersion,6.053504085540771,6.558624267578125,7.064393305778503
bike,dune_bayes,1442,dispersion,7.001369380950928,7.4740309715271,7.939912867546082
bike,dune_bayes,1443,dispersion,8.018780040740968,8.46521282196045,8.917069053649902
bike,dune_bayes,1444,dispersion,7.32316632270813,7.815923690795898,8.26228380203247
bike,dune_bayes,1445,dispersion,7.38669786453247,7.8258748054504395,8.292691421508788
bike,dune_bayes,1446,dispersion,7.535833764076233,7.987725019454956,8.447599792480469
bike,dune_bayes,1447,dispersion,8.577926111221313,9.062046527862549,9.453557348251342
bike,dune_bayes,1448,dispersion,9.130074548721314,9.545642852783203,9.942011642456055
bike,dune_bayes,1449,dispersion,8.422234439849854,8.87605905532837,9.287016439437865
bike,dune_bayes,1450,dispersion,7.53712043762207,8.01682186126709,8.438371467590331
bike,dune_bayes,1451,dispersion,7.705578112602234,8.179462909698486,8.597619771957397
bike,dune_bayes,1452,dispersion,8.277818489074708,8.754437923431396,9.172950029373169
bike,dune_bayes,1453,dispersion,9.772268915176392,10.200797080993652,10.589465713500976
bike,dune_bayes,1454,dispersion,10.053154611587525,10.484438419342041,10.879626607894897
bike,dune_bayes,1455,dispersion,10.339593029022216,10.786975383758545,11.205766820907593
bike,dune_bayes,1456,dispersion,8.912906408309937,9.34787654876709,9.730940055847167
bike,dune_bayes,1457,dispersion,8.652443599700927,9.102162837982178,9.482574892044067
bike,dune_bayes,1458,dispersion,9.092382907867432,9.544787883758545,9.913534498214721
bike,dune_bayes,1459,dispersion,8.66298213005066,9.10887098312378,9.486588954925537
bike,dune_bayes,1460,dispersion,9.496430683135987,9.939891338348389,10.309626817703247
bike,dune_bayes,1461,dispersion,10.009485101699829,10.444450855255127,10.862876224517821
bike,dune_bayes,1462,dispersion,10.393632793426514,10.81749439239502,11.208689641952514
bike,dune_bayes,1463,dispersion,8.53023533821106,8.99629020690918,9.4295503616333
bike,dune_bayes,1464,dispersion,8.999011611938476,9.443067073822021,9.84706745147705
bike,dune_bayes,1465,dispersion,8.174842929840088,8.644295692443848,9.099844264984132
bike,dune_bayes,1466,dispersion,7.847860789299011,8.348034381866455,8.824955463409424
bike,dune_bayes,1467,dispersion,7.995324754714966,8.47352123260498,8.91915512084961
bike,dune_bayes,1468,dispersion,7.57251079082489,8.057437419891357,8.521920156478881
bike,dune_bayes,1469,dispersion,8.279950761795044,8.766229629516602,9.178906917572021
bike,dune_bayes,1470,dispersion,9.045409202575684,9.59157657623291,10.050500202178956
bike,dune_bayes,1471,dispersion,8.819179439544678,9.289533138275146,9.709115123748779
bike,dune_bayes,1472,dispersion,8.388438606262207,8.834675788879395,9.228518104553222
bike,dune_bayes,1473,dispersion,8.045002126693726,8.498780727386475,8.899785327911378
bike,dune_bayes,1474,dispersion,7.934863567352295,8.412577152252197,8.825306701660155
bike,dune_bayes,1475,dispersion,5.899686312675476,6.513364553451538,7.028794169425964
bike,dune_bayes,1476,dispersion,5.684476161003113,6.236676454544067,6.770440316200256
bike,dune_bayes,1477,dispersion,5.684476161003113,6.236676454544067,6.770440316200256
bike,dune_bayes,1478,dispersion,6.134786748886109,6.677263259887695,7.182433032989502
bike,dune_bayes,1479,dispersion,5.815029978752136,6.324369192123413,6.812291765213012
bike,dune_bayes,1480,dispersion,5.885123157501221,6.38328218460083,6.895665717124939
bike,dune_bayes,1481,dispersion,6.703282022476197,7.20192813873291,7.699830031394958
bike,dune_bayes,1482,dispersion,6.944264578819275,7.428809881210327,7.898280811309814
bike,dune_bayes,1483,dispersion,8.846816682815552,9.318140983581543,9.769213485717774
bike,dune_bayes,1484,dispersion,8.569367408752441,9.025730609893799,9.487709188461304
bike,dune_bayes,1485,dispersion,6.398464012145996,6.886174201965332,7.366263365745544
bike,dune_bayes,1486,dispersion,6.564117503166199,7.037834644317627,7.50540223121643
bike,dune_bayes,1487,dispersion,8.79225468635559,9.241061687469482,9.624803161621093
bike,dune_bayes,1488,dispersion,9.169518089294433,9.616734027862549,10.019103384017944
bike,dune_bayes,1489,dispersion,9.589349222183227,10.030160427093506,10.42508020401001
bike,dune_bayes,1490,dispersion,8.50920000076294,8.971409320831299,9.378056573867799
bike,dune_bayes,1491,dispersion,7.6147625207901,8.084401607513428,8.491782808303833
bike,dune_bayes,1492,dispersion,9.049913263320922,9.502166271209717,9.880327606201172
bike,dune_bayes,1493,dispersion,9.720556497573853,10.163856506347656,10.558656406402587
bike,dune_bayes,1494,dispersion,9.919702243804931,10.368739128112793,10.746979522705077
bike,dune_bayes,1495,dispersion,8.068511772155762,8.5451979637146,8.964777612686158
bike,dune_bayes,1496,dispersion,7.241668367385865,7.72236442565918,8.174851655960083
bike,dune_bayes,1497,dispersion,6.6464083909988405,7.145657539367676,7.64100375175476
bike,dune_bayes,1498,dispersion,6.778643655776977,7.278509616851807,7.756883430480956
bike,dune_bayes,1499,dispersion,9.561579513549805,10.00950574874878,10.410600185394287
bike,dune_bayes,1500,dispersion,8.66298213005066,9.10887098312378,9.486588954925537
bike,dune_bayes,1501,dispersion,8.298801946640015,8.762375831604004,9.154878044128418
bike,dune_bayes,1502,dispersion,8.172609806060791,8.631079196929932,9.025773668289185
bike,dune_bayes,1503,dispersion,7.581282758712769,8.054797649383545,8.45938000679016
bike,dune_bayes,1504,dispersion,7.321136951446533,7.798022270202637,8.219173526763916
bike,dune_bayes,1505,dispersion,9.935515689849854,10.376207828521729,10.75950608253479
bike,dune_bayes,1506,dispersion,10.250129175186157,10.676903247833252,11.082043504714965
bike,dune_bayes,1507,dispersion,9.952911329269408,10.39585256576538,10.772500324249268
bike,dune_bayes,1508,dispersion,10.125116920471191,10.572522163391113,10.951836967468262
bike,dune_bayes,1509,dispersion,7.545232796669007,8.03877592086792,8.488829231262207
bike,dune_bayes,1510,dispersion,7.545232796669007,8.03877592086792,8.488829231262207
bike,dune_bayes,1511,dispersion,7.846567821502686,8.322825908660889,8.762577295303345
bike,dune_bayes,1512,dispersion,8.896909141540528,9.407670974731445,9.815492105484008
bike,dune_bayes,1513,dispersion,9.210289716720581,9.70871877670288,10.107307624816894
bike,dune_bayes,1514,dispersion,9.821685886383056,10.333149909973145,10.782229661941528
bike,dune_bayes,1515,dispersion,9.854516553878785,10.29157304763794,10.699150228500367
bike,dune_bayes,1516,dispersion,10.233017110824585,10.69657278060913,11.147916984558105
bike,dune_bayes,1517,dispersion,9.952469635009766,10.397307395935059,10.83540768623352
bike,dune_bayes,1518,dispersion,9.264374780654908,9.7108154296875,10.118428659439086
bike,dune_bayes,1519,dispersion,8.287122964859009,8.763187408447266,9.252331209182739
bike,dune_bayes,1520,dispersion,8.271923446655274,8.72675895690918,9.194613456726074
bike,dune_bayes,1521,dispersion,8.267777156829833,8.701267719268799,9.147119283676146
bike,dune_bayes,1522,dispersion,8.53153462409973,8.989051342010498,9.447369909286499
bike,dune_bayes,1523,dispersion,8.77664294242859,9.234903812408447,9.701764774322509
bike,dune_bayes,1524,dispersion,6.510542702674866,6.975869417190552,7.4683019638061525
bike,dune_bayes,1525,dispersion,5.868737578392029,6.343184471130371,6.84923574924469
bike,dune_bayes,1526,dispersion,5.4184773683547975,5.93686318397522,6.45320692062378
bike,dune_bayes,1527,dispersion,6.6479727268219,7.102997541427612,7.594490790367127
bike,dune_bayes,1528,dispersion,6.18515989780426,6.6932432651519775,7.186803722381591
bike,dune_bayes,1529,dispersion,8.068511772155762,8.5451979637146,8.964777612686158
bike,dune_bayes,1530,dispersion,7.582124638557434,8.054947853088379,8.483409214019774
bike,dune_bayes,1531,dispersion,7.275962972640992,7.763599395751953,8.199843978881836
bike,dune_bayes,1532,dispersion,6.894636845588684,7.3706488609313965,7.819958019256592
bike,dune_bayes,1533,dispersion,6.940627074241638,7.412867546081543,7.854402327537536
bike,dune_bayes,1534,dispersion,9.864654684066773,10.308802604675293,10.68890118598938
bike,dune_bayes,1535,dispersion,10.155487012863158,10.604288578033447,10.99357852935791
bike,dune_bayes,1536,dispersion,10.166841554641724,10.614013671875,10.99476532936096
bike,dune_bayes,1537,dispersion,9.532533073425293,9.981134414672852,10.365932750701905
bike,dune_bayes,1538,dispersion,7.846567821502686,8.322825908660889,8.762577295303345
bike,dune_bayes,1539,dispersion,10.26746916770935,10.704814434051514,11.099366569519043
bike,dune_bayes,1540,dispersion,7.6997079133987425,8.230510711669922,8.656146001815795
bike,dune_bayes,1541,dispersion,9.182069301605225,9.60599660873413,10.005244398117066
bike,dune_bayes,1542,dispersion,8.14869179725647,8.587692737579346,9.040610218048096
bike,dune_bayes,1543,dispersion,8.026826810836791,8.504936218261719,8.988638973236084
bike,dune_bayes,1544,dispersion,8.739290857315064,9.240896224975586,9.716045951843261
bike,dune_bayes,1545,dispersion,8.220666980743408,8.671828746795654,9.156745052337646
bike,dune_bayes,1546,dispersion,7.436038970947266,7.8832831382751465,8.33752236366272
bike,dune_bayes,1547,dispersion,9.042362356185913,9.495680332183838,9.948659133911132
bike,dune_bayes,1548,dispersion,9.434761381149292,9.917965412139893,10.355547714233397
bike,dune_bayes,1549,dispersion,8.748824119567871,9.18213176727295,9.617841434478759
bike,dune_bayes,1550,dispersion,8.820539045333863,9.252131938934326,9.70185489654541
bike,dune_bayes,1551,dispersion,8.187761163711547,8.610989093780518,9.07337441444397
bike,dune_bayes,1552,dispersion,8.268231010437011,8.689579963684082,9.126127815246582
bike,dune_bayes,1553,dispersion,7.798333311080933,8.22894287109375,8.70325288772583
bike,dune_bayes,1554,dispersion,7.686002945899963,8.143004417419434,8.59274845123291
bike,dune_bayes,1555,dispersion,7.6416422605514525,8.087581157684326,8.537957143783569
bike,dune_bayes,1556,dispersion,9.039003944396972,9.545379638671875,10.000431156158447
bike,dune_bayes,1557,dispersion,9.68292293548584,10.215086936950684,10.699209117889405
bike,dune_bayes,1558,dispersion,9.610641717910767,10.05148458480835,10.456852149963378
bike,dune_bayes,1559,dispersion,9.14590539932251,9.603578567504883,9.988798332214355
bike,dune_bayes,1560,dispersion,10.852005624771119,11.3472261428833,11.820889091491699
bike,dune_bayes,1561,dispersion,10.29661865234375,10.71247673034668,11.12555513381958
bike,dune_bayes,1562,dispersion,10.630821800231933,11.07279109954834,11.502352857589722
bike,dune_bayes,1563,dispersion,10.630821800231933,11.07279109954834,11.502352857589722
bike,dune_bayes,1564,dispersion,9.979441356658935,10.409019947052002,10.801500034332275
bike,dune_bayes,1565,dispersion,10.01704249382019,10.469461441040039,10.868800354003906
bike,dune_bayes,1566,dispersion,9.567967557907105,10.008418083190918,10.401466560363769
bike,dune_bayes,1567,dispersion,9.33650484085083,9.800567626953125,10.180516719818115
bike,dune_bayes,1568,dispersion,9.380992889404297,9.865502834320068,10.255346870422363
bike,dune_bayes,1569,dispersion,7.307563972473145,7.8216211795806885,8.315439796447754
bike,dune_bayes,1570,dispersion,7.693209624290466,8.191540718078613,8.62210693359375
bike,dune_bayes,1571,dispersion,8.33162260055542,8.871500968933105,9.299126243591308
bike,dune_bayes,1572,dispersion,8.635937118530274,9.137646675109863,9.534369897842407
bike,dune_bayes,1573,dispersion,8.826301527023315,9.281957149505615,9.675893640518188
bike,dune_bayes,1574,dispersion,9.061139869689942,9.49512004852295,9.899821090698243
bike,dune_bayes,1575,dispersion,9.001371717453003,9.448147773742676,9.874656200408936
bike,dune_bayes,1576,dispersion,8.68228759765625,9.139389991760254,9.582784461975098
bike,dune_bayes,1577,dispersion,8.17976655960083,8.621792793273926,9.07060465812683
bike,dune_bayes,1578,dispersion,8.650001001358032,9.1205472946167,9.605550146102905
bike,dune_bayes,1579,dispersion,9.23542423248291,9.664105892181396,10.104053449630737
bike,dune_bayes,1580,dispersion,9.07643756866455,9.502909183502197,9.957811307907104
bike,dune_bayes,1581,dispersion,7.967570400238037,8.415141582489014,8.837370347976684
bike,dune_bayes,1582,dispersion,7.237267398834229,7.679300308227539,8.137753772735596
bike,dune_bayes,1583,dispersion,9.136781167984008,9.644502639770508,10.116017866134642
bike,dune_bayes,1584,dispersion,8.815622282028198,9.277904033660889,9.72987141609192
bike,dune_bayes,1585,dispersion,9.040643882751464,9.523969650268555,9.97869143486023
bike,dune_bayes,1586,dispersion,8.305830192565917,8.750757694244385,9.193898963928222
bike,dune_bayes,1587,dispersion,8.261140394210816,8.731800079345703,9.16889042854309
bike,dune_bayes,1588,dispersion,8.116379833221435,8.569823741912842,8.990968561172485
bike,dune_bayes,1589,dispersion,8.876433610916138,9.333215236663818,9.783397912979124
bike,dune_bayes,1590,dispersion,7.709346890449524,8.156504154205322,8.622822761535645
bike,dune_bayes,1591,dispersion,7.766682529449463,8.294654369354248,8.707282543182373
bike,dune_bayes,1592,dispersion,7.602657198905945,8.141767978668213,8.561950731277465
bike,dune_bayes,1593,dispersion,8.075947093963624,8.58897066116333,9.007035732269287
bike,dune_bayes,1594,dispersion,8.05861792564392,8.593085765838623,9.028383493423462
bike,dune_bayes,1595,dispersion,8.257715272903443,8.814725399017334,9.248206186294556
bike,dune_bayes,1596,dispersion,9.371534490585328,9.866143226623535,10.261198091506959
bike,dune_bayes,1597,dispersion,9.901585292816161,10.365580558776855,10.78242506980896
bike,dune_bayes,1598,dispersion,8.927841329574585,9.388770580291748,9.800560331344604
bike,dune_bayes,1599,dispersion,8.839787673950195,9.297245979309082,9.698823404312133
bike,dune_bayes,1600,dispersion,7.839175796508789,8.282964706420898,8.727138471603393
bike,dune_bayes,1601,dispersion,7.276472401618958,7.721439361572266,8.182427787780762
bike,dune_bayes,1602,dispersion,6.434220170974731,6.89263129234314,7.389177942276
bike,dune_bayes,1603,dispersion,9.07418122291565,9.561376571655273,10.018050050735473
bike,dune_bayes,1604,dispersion,7.427344036102295,7.881475448608398,8.321807384490967
bike,dune_bayes,1605,dispersion,7.116415739059448,7.58121657371521,8.017393112182617
bike,dune_bayes,1606,dispersion,7.118105173110962,7.595534086227417,8.060578680038452
bike,dune_bayes,1607,dispersion,6.689055871963501,7.182794094085693,7.674803829193115
bike,dune_bayes,1608,dispersion,8.257639503479004,8.7170991897583,9.110894584655762
bike,dune_bayes,1609,dispersion,8.556313133239746,9.00958251953125,9.400405883789062
bike,dune_bayes,1610,dispersion,9.43139843940735,9.886589050292969,10.291084432601929
bike,dune_bayes,1611,dispersion,10.147569513320922,10.590383052825928,10.980840921401978
bike,dune_bayes,1612,dispersion,8.805179643630982,9.254684925079346,9.659786987304688
bike,dune_bayes,1613,dispersion,6.899168920516968,7.356293678283691,7.830767941474915
bike,dune_bayes,1614,dispersion,6.729387164115906,7.184393882751465,7.662024283409118
bike,dune_bayes,1615,dispersion,6.6479727268219,7.102997541427612,7.594490790367127
bike,dune_bayes,1616,dispersion,8.773485040664672,9.220072746276855,9.69318504333496
bike,dune_bayes,1617,dispersion,8.174549579620361,8.610114097595215,9.067336225509644
bike,dune_bayes,1618,dispersion,7.857364964485169,8.312447547912598,8.796475219726561
bike,dune_bayes,1619,dispersion,6.4920999765396115,6.977399587631226,7.466615390777588
bike,dune_bayes,1620,dispersion,6.4920999765396115,6.977399587631226,7.466615390777588
bike,dune_bayes,1621,dispersion,6.053504085540771,6.558624267578125,7.064393305778503
bike,dune_bayes,1622,dispersion,6.710667109489441,7.195725917816162,7.687820410728454
bike,dune_bayes,1623,dispersion,7.025670289993286,7.493359088897705,7.95200011730194
bike,dune_bayes,1624,dispersion,8.220234298706055,8.719058990478516,9.156806898117065
bike,dune_bayes,1625,dispersion,7.293184447288513,7.790993928909302,8.247266101837155
bike,dune_bayes,1626,dispersion,7.913021993637085,8.389809131622314,8.817125988006591
bike,dune_bayes,1627,dispersion,8.084069871902466,8.589290142059326,8.991967487335206
bike,dune_bayes,1628,dispersion,8.682356119155884,9.120989322662354,9.532255029678344
bike,dune_bayes,1629,dispersion,9.743305587768555,10.189642906188965,10.578010177612304
bike,dune_bayes,1630,dispersion,10.01356840133667,10.431982040405273,10.814570331573487
bike,dune_bayes,1631,dispersion,9.430202007293701,9.881206512451172,10.265337371826172
bike,dune_bayes,1632,dispersion,9.474940252304076,9.933975219726562,10.329305171966553
bike,dune_bayes,1633,dispersion,9.23698878288269,9.703402996063232,10.090223407745361
bike,dune_bayes,1634,dispersion,7.847860789299011,8.348034381866455,8.824955463409424
bike,dune_bayes,1635,dispersion,7.847860789299011,8.348034381866455,8.824955463409424
bike,dune_bayes,1636,dispersion,9.322632646560669,9.803807735443115,10.202599668502808
bike,dune_bayes,1637,dispersion,8.54044680595398,9.071744918823242,9.495917892456054
bike,dune_bayes,1638,dispersion,8.377122974395752,8.915102005004883,9.340085411071778
bike,dune_bayes,1639,dispersion,8.601381397247314,9.09156322479248,9.490718555450439
bike,dune_bayes,1640,dispersion,8.253886890411376,8.768203258514404,9.1884334564209
bike,dune_bayes,1641,dispersion,7.793563771247864,8.30486249923706,8.720128393173217
bike,dune_bayes,1642,dispersion,7.793563771247864,8.30486249923706,8.720128393173217
bike,dune_bayes,1643,dispersion,8.906236362457275,9.386274337768555,9.7947368144989
bike,dune_bayes,1644,dispersion,8.045002126693726,8.498780727386475,8.899785327911378
bike,dune_bayes,1645,dispersion,9.60031337738037,10.048815250396729,10.47218337059021
bike,dune_bayes,1646,dispersion,9.348543930053712,9.796142101287842,10.196246814727782
bike,dune_bayes,1647,dispersion,8.965540504455566,9.414752006530762,9.842265129089355
bike,dune_bayes,1648,dispersion,8.73373041152954,9.168973922729492,9.594070386886596
bike,dune_bayes,1649,dispersion,8.452824449539184,8.887000560760498,9.296390056610107
bike,dune_bayes,1650,dispersion,8.054999589920044,8.525922775268555,8.941541910171509
bike,dune_bayes,1651,dispersion,8.853847074508668,9.296451568603516,9.712711429595947
bike,dune_bayes,1652,dispersion,6.2595481157302855,6.768475770950317,7.264364504814147
bike,dune_bayes,1653,dispersion,8.701857471466065,9.15605115890503,9.541498899459839
bike,dune_bayes,1654,dispersion,9.256737899780273,9.692388534545898,10.100851106643677
bike,dune_bayes,1655,dispersion,8.96144504547119,9.41828727722168,9.825384330749511
bike,dune_bayes,1656,dispersion,8.730075788497924,9.176631927490234,9.580821895599366
bike,dune_bayes,1657,dispersion,7.79055438041687,8.240903377532959,8.69990611076355
bike,dune_bayes,1658,dispersion,6.272615718841553,6.746426343917847,7.224483633041381
bike,dune_bayes,1659,dispersion,6.6517096042633055,7.116034507751465,7.5976122379302975
bike,dune_bayes,1660,dispersion,7.490649294853211,7.930413722991943,8.39170308113098
bike,dune_bayes,1661,dispersion,7.712329530715943,8.160662174224854,8.64624056816101
bike,dune_bayes,1662,dispersion,7.961223673820496,8.391683578491211,8.858398199081421
bike,dune_bayes,1663,dispersion,7.882478976249695,8.305942058563232,8.751473999023437
bike,dune_bayes,1664,dispersion,5.541826295852661,6.057827949523926,6.563915061950683
bike,dune_bayes,1665,dispersion,5.868737578392029,6.343184471130371,6.84923574924469
bike,dune_bayes,1666,dispersion,6.110476040840149,6.594701051712036,7.083391070365906
bike,dune_bayes,1667,dispersion,6.950130438804626,7.4105730056762695,7.87815978527069
bike,dune_bayes,1668,dispersion,8.026817178726196,8.478712558746338,8.90141429901123
bike,dune_bayes,1669,dispersion,8.093793773651123,8.523809909820557,9.004335832595824
bike,dune_bayes,1670,dispersion,8.249116611480712,8.68552303314209,9.122616720199584
bike,dune_bayes,1671,dispersion,7.2478940963745115,7.694526195526123,8.168402767181396
bike,dune_bayes,1672,dispersion,7.099646663665771,7.5808892250061035,8.031315612792968
bike,dune_bayes,1673,dispersion,7.118572139739991,7.567917823791504,8.042625617980956
bike,dune_bayes,1674,dispersion,6.346902179718017,6.832677364349365,7.312473249435425
bike,dune_bayes,1675,dispersion,7.275962972640992,7.763599395751953,8.199843978881836
bike,dune_bayes,1676,dispersion,8.659190797805786,9.097841739654541,9.487735509872437
bike,dune_bayes,1677,dispersion,9.263598155975341,9.711368083953857,10.096848535537719
bike,dune_bayes,1678,dispersion,8.294241523742675,8.825573921203613,9.244847631454467
bike,dune_bayes,1679,dispersion,7.851275897026062,8.38915491104126,8.835616731643677
bike,dune_bayes,1680,dispersion,7.937966156005859,8.475420951843262,8.907373857498168
bike,dune_bayes,1681,dispersion,7.724916887283325,8.259283542633057,8.687631940841674
bike,dune_bayes,1682,dispersion,7.787124967575073,8.299741268157959,8.732065629959106
bike,dune_bayes,1683,dispersion,7.602657198905945,8.141767978668213,8.561950731277465
bike,dune_bayes,1684,dispersion,7.425559163093567,7.944454908370972,8.355692529678343
bike,dune_bayes,1685,dispersion,7.602657198905945,8.141767978668213,8.561950731277465
bike,dune_bayes,1686,dispersion,7.475638365745544,7.988386392593384,8.419958400726317
bike,dune_bayes,1687,dispersion,9.06811170578003,9.511534690856934,9.936885213851928
bike,dune_bayes,1688,dispersion,8.019771385192872,8.460736274719238,8.889807081222534
bike,dune_bayes,1689,dispersion,9.482900142669678,9.922393321990967,10.323278045654297
bike,dune_bayes,1690,dispersion,8.079226064682008,8.548037052154541,8.983247566223143
bike,dune_bayes,1691,dispersion,6.516135954856873,7.01849627494812,7.505281615257263
bike,dune_bayes,1692,dispersion,6.866523003578186,7.318516969680786,7.789827632904053
bike,dune_bayes,1693,dispersion,6.750510883331299,7.194523096084595,7.669056797027587
bike,dune_bayes,1694,dispersion,6.976381468772888,7.433845520019531,7.904129290580749
bike,dune_bayes,1695,dispersion,8.19889063835144,8.697774410247803,9.185362720489502
bike,dune_bayes,1696,dispersion,7.556339430809021,8.013438701629639,8.508494234085083
bike,dune_bayes,1697,dispersion,6.790586590766907,7.251505374908447,7.739197635650634
bike,dune_bayes,1698,dispersion,6.664127254486084,7.109679222106934,7.587044906616211
bike,dune_bayes,1699,dispersion,6.066062998771668,6.529521703720093,7.034917569160461
bike,dune_bayes,1700,dispersion,6.138616156578064,6.639553785324097,7.125893783569335
bike,dune_bayes,1701,dispersion,6.108448958396911,6.596252679824829,7.0658674955368035
bike,dune_bayes,1702,dispersion,6.7783733129501345,7.251750230789185,7.7193001985549925
bike,dune_bayes,1703,dispersion,8.231023502349853,8.673149108886719,9.097281360626221
bike,dune_bayes,1704,dispersion,7.946217155456543,8.386495590209961,8.803915643692017
bike,dune_bayes,1705,dispersion,7.216675710678101,7.688975811004639,8.15085210800171
bike,dune_bayes,1706,dispersion,6.870528793334961,7.340072393417358,7.820883631706238
bike,dune_bayes,1707,dispersion,6.2560381412506105,6.752930164337158,7.234068465232848
bike,dune_bayes,1708,dispersion,7.179273891448974,7.625207185745239,8.081889724731445
bike,dune_bayes,1709,dispersion,9.843189764022828,10.281412601470947,10.712385082244873
bike,dune_bayes,1710,dispersion,8.7694091796875,9.210840702056885,9.623008537292481
bike,dune_bayes,1711,dispersion,7.542258715629577,8.015423774719238,8.477778244018554
bike,dune_bayes,1712,dispersion,8.619611358642578,9.073700904846191,9.474689292907714
bike,dune_bayes,1713,dispersion,8.342591524124146,8.793798923492432,9.1864727973938
bike,dune_bayes,1714,dispersion,7.964548659324646,8.41391897201538,8.81367540359497
bike,dune_bayes,1715,dispersion,8.488757038116455,8.944305419921875,9.324749612808228
bike,dune_bayes,1716,dispersion,10.005858087539673,10.436942100524902,10.82395510673523
bike,dune_bayes,1717,dispersion,10.009485101699829,10.444450855255127,10.862876224517821
bike,dune_bayes,1718,dispersion,9.712929010391235,10.170250415802002,10.570547819137573
bike,dune_bayes,1719,dispersion,9.864942502975463,10.310521602630615,10.709150743484496
bike,dune_bayes,1720,dispersion,9.370382976531982,9.838379859924316,10.240928745269775
bike,dune_bayes,1721,dispersion,10.132868385314941,10.592631816864014,11.009157609939574
bike,dune_bayes,1722,dispersion,9.319257307052613,9.77052354812622,10.186934614181519
bike,dune_bayes,1723,dispersion,8.035724639892578,8.484556198120117,8.94893193244934
bike,dune_bayes,1724,dispersion,7.281658482551575,7.739314079284668,8.209425258636474
bike,dune_bayes,1725,dispersion,7.577964329719544,8.028501033782959,8.513348054885864
bike,dune_bayes,1726,dispersion,7.492192625999451,7.934526205062866,8.401268911361694
bike,dune_bayes,1727,dispersion,7.54213445186615,7.989033222198486,8.4625807762146
bike,dune_bayes,1728,dispersion,7.702053022384644,8.152457237243652,8.626208448410035
bike,dune_bayes,1729,dispersion,8.026826810836791,8.504936218261719,8.988638973236084
bike,dune_bayes,1730,dispersion,7.712416863441467,8.164872169494629,8.642847108840943
bike,dune_bayes,1731,dispersion,6.341941595077515,6.803435325622559,7.290604996681213
bike,dune_bayes,1732,dispersion,6.721349000930786,7.178112506866455,7.647399234771728
bike,dune_bayes,1733,dispersion,7.754016852378845,8.19486951828003,8.655512046813964
bike,dune_bayes,1734,dispersion,7.841629385948181,8.28900957107544,8.763785457611084
bike,dune_bayes,1735,dispersion,6.074607038497925,6.539476156234741,7.033172082901
bike,dune_bayes,1736,dispersion,6.489325928688049,6.980916738510132,7.453938150405883
bike,dune_bayes,1737,dispersion,5.66282172203064,6.168062925338745,6.651821422576904
bike,dune_bayes,1738,dispersion,7.608232259750366,8.065124988555908,8.491510677337647
bike,dune_bayes,1739,dispersion,9.193047046661377,9.63845682144165,10.041469478607178
bike,dune_bayes,1740,dispersion,8.079226064682008,8.548037052154541,8.983247566223143
bike,dune_bayes,1741,dispersion,8.340069198608399,8.808096408843994,9.24802632331848
bike,dune_bayes,1742,dispersion,9.097996187210082,9.549527168273926,9.935271883010865
bike,dune_bayes,1743,dispersion,8.141085386276245,8.625124454498291,9.046741533279418
bike,dune_bayes,1744,dispersion,8.33162260055542,8.871500968933105,9.299126243591308
bike,dune_bayes,1745,dispersion,8.448161125183105,8.985171794891357,9.408526134490966
bike,dune_bayes,1746,dispersion,8.524457597732544,9.054760932922363,9.484817409515381
bike,dune_bayes,1747,dispersion,8.397424364089966,8.883169651031494,9.296459865570068
bike,dune_bayes,1748,dispersion,7.418131017684937,7.907235860824585,8.364830636978148
bike,dune_bayes,1749,dispersion,6.605987644195556,7.110319137573242,7.58627381324768
bike,dune_bayes,1750,dispersion,8.044950437545776,8.526691436767578,8.967375040054321
bike,dune_bayes,1751,dispersion,9.021355247497558,9.507040023803711,9.930371284484863
bike,dune_bayes,1752,dispersion,8.953308010101319,9.391154289245605,9.765701293945312
bike,dune_bayes,1753,dispersion,7.181734228134156,7.671421051025391,8.107389402389526
bike,dune_bayes,1754,dispersion,9.31061544418335,9.839457035064697,10.314002275466919
bike,dune_bayes,1755,dispersion,9.211229228973389,9.64523983001709,10.049818563461303
bike,dune_bayes,1756,dispersion,8.86347737312317,9.301965713500977,9.71260471343994
bike,dune_bayes,1757,dispersion,7.210674858093261,7.669463872909546,8.111358690261842
bike,dune_bayes,1758,dispersion,7.336505722999573,7.842933654785156,8.312967586517335
bike,dune_bayes,1759,dispersion,8.119534158706665,8.640718460083008,9.150619459152221
bike,dune_bayes,1760,dispersion,8.408282041549683,8.896322250366211,9.385218143463135
bike,dune_bayes,1761,dispersion,7.513582229614258,7.950552225112915,8.41318359375
bike,dune_bayes,1762,dispersion,6.542386889457703,7.011312484741211,7.490263795852661
bike,dune_bayes,1763,dispersion,7.6166280746459964,8.05507755279541,8.523449611663818
bike,dune_bayes,1764,dispersion,7.625215077400208,8.064489841461182,8.521033477783202
bike,dune_bayes,1765,dispersion,7.561980414390564,7.998765707015991,8.445343971252441
bike,dune_bayes,1766,dispersion,8.46727213859558,8.965021133422852,9.46974287033081
bike,dune_bayes,1767,dispersion,8.257302236557006,8.706583976745605,9.176345825195312
bike,dune_bayes,1768,dispersion,8.748932647705079,9.226649761199951,9.691129684448242
bike,dune_bayes,1769,dispersion,8.695296239852905,9.160635948181152,9.635697603225708
bike,dune_bayes,1770,dispersion,8.26631178855896,8.719165325164795,9.176919174194335
bike,dune_bayes,1771,dispersion,7.731986927986145,8.158782958984375,8.62274136543274
bike,dune_bayes,1772,dispersion,8.430906200408936,8.871533870697021,9.265830945968627
bike,dune_bayes,1773,dispersion,7.19290509223938,7.667471885681152,8.102363348007202
bike,dune_bayes,1774,dispersion,7.362849020957947,7.841116428375244,8.264469814300536
bike,dune_bayes,1775,dispersion,7.020089650154114,7.503753662109375,7.941777968406678
bike,dune_bayes,1776,dispersion,8.616516065597533,9.052169799804688,9.445093965530395
bike,dune_bayes,1777,dispersion,8.743255519866944,9.185824394226074,9.580413246154786
bike,dune_bayes,1778,dispersion,8.846519041061402,9.291090965270996,9.709139823913574
bike,dune_bayes,1779,dispersion,9.082098531723023,9.621680736541748,10.176046323776244
bike,dune_bayes,1780,dispersion,9.273742246627808,9.75223684310913,10.226052856445312
bike,dune_bayes,1781,dispersion,7.816022205352783,8.246147155761719,8.694273948669434
bike,dune_bayes,1782,dispersion,7.689132952690125,8.121419906616211,8.577952194213868
bike,dune_bayes,1783,dispersion,7.264919018745422,7.742192983627319,8.234502601623536
bike,dune_bayes,1784,dispersion,8.341686534881593,8.787617683410645,9.22656478881836
bike,dune_bayes,1785,dispersion,8.55822811126709,9.00015926361084,9.408976173400879
bike,dune_bayes,1786,dispersion,7.836158227920532,8.276371955871582,8.693580532073975
bike,dune_bayes,1787,dispersion,7.706307339668274,8.157426834106445,8.57780704498291
bike,dune_bayes,1788,dispersion,7.375841283798218,7.820610523223877,8.262241554260253
bike,dune_bayes,1789,dispersion,6.993562340736389,7.466219186782837,7.933052849769592
bike,dune_bayes,1790,dispersion,9.015741348266602,9.462512493133545,9.857427549362182
bike,dune_bayes,1791,dispersion,9.345472192764282,9.95044469833374,10.455307006835938
bike,dune_bayes,1792,dispersion,7.834705281257629,8.27277135848999,8.746355247497558
bike,dune_bayes,1793,dispersion,5.615949058532715,6.105953216552734,6.633128023147583
bike,dune_bayes,1794,dispersion,5.692432618141174,6.185860872268677,6.707860374450684
bike,dune_bayes,1795,dispersion,6.395502376556396,6.863275766372681,7.352047562599182
bike,dune_bayes,1796,dispersion,8.537931442260742,8.988393306732178,9.425936317443847
bike,dune_bayes,1797,dispersion,8.990119981765748,9.468061447143555,9.906969738006591
bike,dune_bayes,1798,dispersion,8.82836036682129,9.382419109344482,9.892217397689818
bike,dune_bayes,1799,dispersion,7.890765857696533,8.381146430969238,8.880942773818969
bike,dune_bayes,1800,dispersion,7.993992471694947,8.572488784790039,9.108177280426025
bike,dune_bayes,1801,dispersion,8.155774307250976,8.61180305480957,9.067311000823974
bike,dune_bayes,1802,dispersion,7.86780698299408,8.313197135925293,8.792155981063843
bike,dune_bayes,1803,dispersion,7.613168811798095,8.055023670196533,8.511855745315552
bike,dune_bayes,1804,dispersion,7.645923352241516,8.126968383789062,8.652198314666748
bike,dune_bayes,1805,dispersion,7.09623351097107,7.551272630691528,8.054553174972535
bike,dune_bayes,1806,dispersion,7.171976065635681,7.621734142303467,8.117031049728393
bike,dune_bayes,1807,dispersion,7.7669415950775145,8.205259799957275,8.656584119796753
bike,dune_bayes,1808,dispersion,7.017007279396057,7.488553524017334,7.960252547264099
bike,dune_bayes,1809,dispersion,8.827865552902221,9.285351753234863,9.704821681976318
bike,dune_bayes,1810,dispersion,6.747802782058716,7.221086502075195,7.705893731117248
bike,dune_bayes,1811,dispersion,8.427850246429443,8.886077404022217,9.281056785583496
bike,dune_bayes,1812,dispersion,6.522434568405151,6.976269960403442,7.470536088943481
bike,dune_bayes,1813,dispersion,7.2691596984863285,7.724463939666748,8.212510871887208
bike,dune_bayes,1814,dispersion,7.746894812583923,8.183551788330078,8.639439868927003
bike,dune_bayes,1815,dispersion,8.919440984725952,9.40152883529663,9.862434720993042
bike,dune_bayes,1816,dispersion,7.54213445186615,7.989033222198486,8.4625807762146
bike,dune_bayes,1817,dispersion,7.512548804283142,7.943150997161865,8.38677134513855
bike,dune_bayes,1818,dispersion,7.6579759359359745,8.081027507781982,8.527744770050049
bike,dune_bayes,1819,dispersion,7.756204771995544,8.202137470245361,8.652541828155517
bike,dune_bayes,1820,dispersion,6.44036386013031,6.9189817905426025,7.379192829132079
bike,dune_bayes,1821,dispersion,9.952469635009766,10.397307395935059,10.83540768623352
bike,dune_bayes,1822,dispersion,6.745149064064026,7.218863487243652,7.687843823432922
bike,dune_bayes,1823,dispersion,7.315513825416565,7.803410053253174,8.264312124252319
bike,dune_bayes,1824,dispersion,7.1079424858093265,7.590786695480347,8.036773538589477
bike,dune_bayes,1825,dispersion,7.371398997306824,7.839038610458374,8.26240291595459
bike,dune_bayes,1826,dispersion,7.501952004432678,7.9705095291137695,8.382193231582642
bike,dune_bayes,1827,dispersion,7.501952004432678,7.9705095291137695,8.382193231582642
bike,dune_bayes,1828,dispersion,7.501952004432678,7.9705095291137695,8.382193231582642
bike,dune_bayes,1829,dispersion,9.16588535308838,9.601303577423096,9.96700210571289
bike,dune_bayes,1830,dispersion,8.559830474853516,9.055359363555908,9.456762456893921
bike,dune_bayes,1831,dispersion,8.754002618789674,9.227304458618164,9.61924376487732
bike,dune_bayes,1832,dispersion,7.676102972030639,8.176765441894531,8.596456289291382
bike,dune_bayes,1833,dispersion,7.564873003959656,8.056817531585693,8.472481775283812
bike,dune_bayes,1834,dispersion,8.68228759765625,9.139389991760254,9.582784461975098
bike,dune_bayes,1835,dispersion,7.656565546989441,8.141850471496582,8.631010437011719
bike,dune_bayes,1836,dispersion,7.837568211555481,8.324077129364014,8.82438497543335
bike,dune_bayes,1837,dispersion,7.895011401176452,8.382826805114746,8.884272003173828
bike,dune_bayes,1838,dispersion,7.780500864982605,8.267386436462402,8.769453048706055
bike,dune_bayes,1839,dispersion,7.478720593452453,7.956867456436157,8.442913913726807
bike,dune_bayes,1840,dispersion,7.128265762329102,7.60152268409729,8.103580474853516
bike,dune_bayes,1841,dispersion,7.2179011583328245,7.746974945068359,8.28210654258728
bike,dune_bayes,1842,dispersion,7.7721164464950565,8.29630708694458,8.826627397537232
bike,dune_bayes,1843,dispersion,7.91089608669281,8.42600679397583,8.939690494537354
bike,dune_bayes,1844,dispersion,7.918095898628235,8.421672344207764,8.95054006576538
bike,dune_bayes,1845,dispersion,6.286796593666077,6.738054513931274,7.214912271499633
bike,dune_bayes,1846,dispersion,6.368636608123779,6.8152759075164795,7.3122628927230835
bike,dune_bayes,1847,dispersion,7.835622620582581,8.368889808654785,8.891530323028563
bike,dune_bayes,1848,dispersion,7.930267858505249,8.419519901275635,8.916088438034057
bike,dune_bayes,1849,dispersion,7.436680722236633,7.901613473892212,8.39174747467041
bike,dune_bayes,1850,dispersion,7.040160202980042,7.537639379501343,8.022634696960449
bike,dune_bayes,1851,dispersion,7.535032916069031,8.034884452819824,8.437731647491455
bike,dune_bayes,1852,dispersion,9.345348215103149,9.864781856536865,10.292299175262452
bike,dune_bayes,1853,dispersion,9.4886399269104,9.98152780532837,10.389999628067017
bike,dune_bayes,1854,dispersion,9.521032428741455,9.97429084777832,10.37516713142395
bike,dune_bayes,1855,dispersion,9.319360589981079,9.820577144622803,10.22904896736145
bike,dune_bayes,1856,dispersion,8.886447715759278,9.382078170776367,9.778035068511963
bike,dune_bayes,1857,dispersion,9.690324354171754,10.197394847869873,10.661140394210815
bike,dune_bayes,1858,dispersion,9.13611125946045,9.649561882019043,10.17239761352539
bike,dune_bayes,1859,dispersion,9.042113161087036,9.531839847564697,10.020839595794678
bike,dune_bayes,1860,dispersion,9.093084955215454,9.56576919555664,10.026084518432617
bike,dune_bayes,1861,dispersion,9.042113161087036,9.531839847564697,10.020839595794678
bike,dune_bayes,1862,dispersion,9.0346049785614,9.585026264190674,10.163278722763062
bike,dune_bayes,1863,dispersion,8.949239492416382,9.471532344818115,9.992159557342529
bike,dune_bayes,1864,dispersion,8.147399091720581,8.59691047668457,9.055543422698975
bike,dune_bayes,1865,dispersion,7.634528923034668,8.060008525848389,8.50968313217163
bike,dune_bayes,1866,dispersion,8.667085742950439,9.126570701599121,9.5566086769104
bike,dune_bayes,1867,dispersion,8.79450340270996,9.256099224090576,9.71365737915039
bike,dune_bayes,1868,dispersion,8.47846851348877,8.950849533081055,9.426224756240845
bike,dune_bayes,1869,dispersion,8.49122371673584,8.954720973968506,9.393500661849975
bike,dune_bayes,1870,dispersion,8.595535516738892,9.081071853637695,9.5453875541687
bike,dune_bayes,1871,dispersion,8.734299421310425,9.207547664642334,9.678594923019409
bike,dune_bayes,1872,dispersion,8.49986252784729,8.967267990112305,9.429081869125366
bike,dune_bayes,1873,dispersion,8.27005867958069,8.740031242370605,9.220668268203735
bike,dune_bayes,1874,dispersion,5.39857337474823,5.910736083984375,6.417433190345764
bike,dune_bayes,1875,dispersion,6.162679886817932,6.6650474071502686,7.163280725479126
bike,dune_bayes,1876,dispersion,6.379183626174926,6.928952693939209,7.423558640480041
bike,dune_bayes,1877,dispersion,6.063115644454956,6.575573444366455,7.0771105766296385
bike,dune_bayes,1878,dispersion,6.063115644454956,6.575573444366455,7.0771105766296385
bike,dune_bayes,1879,dispersion,5.710654830932617,6.229080438613892,6.747874617576599
bike,dune_bayes,1880,dispersion,5.956975507736206,6.4695940017700195,6.944067597389221
bike,dune_bayes,1881,dispersion,6.422328519821167,6.911778688430786,7.360604095458984
bike,dune_bayes,1882,dispersion,6.543486142158509,7.031838893890381,7.481187343597412
bike,dune_bayes,1883,dispersion,6.650797438621521,7.208109617233276,7.667558026313782
bike,dune_bayes,1884,dispersion,6.852004623413086,7.326133489608765,7.784440422058105
bike,dune_bayes,1885,dispersion,6.852004623413086,7.326133489608765,7.784440422058105
bike,dune_bayes,1886,dispersion,7.020089650154114,7.503753662109375,7.941777968406678
bike,dune_bayes,1887,dispersion,7.362849020957947,7.841116428375244,8.264469814300536
bike,dune_bayes,1888,dispersion,8.605878639221192,9.055656909942627,9.44980263710022
bike,dune_bayes,1889,dispersion,7.079683446884156,7.566821575164795,8.04384570121765
bike,dune_bayes,1890,dispersion,8.117342042922974,8.574673175811768,8.979171895980835
bike,dune_bayes,1891,dispersion,7.678758525848389,8.137837886810303,8.59168357849121
bike,dune_bayes,1892,dispersion,6.943212413787842,7.437460660934448,7.915490579605102
bike,dune_bayes,1893,dispersion,7.325654911994934,7.794566869735718,8.217324781417846
bike,dune_bayes,1894,dispersion,6.940627074241638,7.412867546081543,7.854402327537536
bike,dune_bayes,1895,dispersion,8.192871522903442,8.67194128036499,9.093325281143189
bike,dune_bayes,1896,dispersion,7.705578112602234,8.179462909698486,8.597619771957397
bike,dune_bayes,1897,dispersion,7.545232796669007,8.03877592086792,8.488829231262207
bike,dune_bayes,1898,dispersion,8.187111186981202,8.683417797088623,9.089468574523925
bike,dune_bayes,1899,dispersion,8.524457597732544,9.054760932922363,9.484817409515381
bike,dune_bayes,1900,dispersion,7.225525045394898,7.660314559936523,8.136008548736571
bike,dune_bayes,1901,dispersion,5.782832241058349,6.268252611160278,6.771794080734253
bike,dune_bayes,1902,dispersion,8.024161529541015,8.464687824249268,8.91443362236023
bike,dune_bayes,1903,dispersion,8.730082654953003,9.216497898101807,9.67861270904541
bike,dune_bayes,1904,dispersion,7.369397687911987,7.812820911407471,8.340770196914672
bike,dune_bayes,1905,dispersion,7.201184272766113,7.640503168106079,8.165173196792603
bike,dune_bayes,1906,dispersion,7.660391736030578,8.087056159973145,8.595859575271605
bike,dune_bayes,1907,dispersion,8.155127668380738,8.62101125717163,9.09829502105713
bike,dune_bayes,1908,dispersion,9.465413808822632,9.968923568725586,10.47351722717285
bike,dune_bayes,1909,dispersion,8.588611173629761,9.037404537200928,9.48860855102539
bike,dune_bayes,1910,dispersion,8.49122371673584,8.954720973968506,9.393500661849975
bike,dune_bayes,1911,dispersion,9.447073602676392,9.882862091064453,10.338265228271485
bike,dune_bayes,1912,dispersion,9.392355155944824,9.833983421325684,10.294100904464722
bike,dune_bayes,1913,dispersion,8.792246532440185,9.253190040588379,9.68188943862915
bike,dune_bayes,1914,dispersion,8.114400911331177,8.574584007263184,8.985136461257934
bike,dune_bayes,1915,dispersion,8.633980846405029,9.07675838470459,9.500314664840698
bike,dune_bayes,1916,dispersion,8.702379751205445,9.156812191009521,9.572292518615722
bike,dune_bayes,1917,dispersion,10.096940994262695,10.541356086730957,10.940533924102784
bike,dune_bayes,1918,dispersion,10.578374004364013,11.046764373779297,11.462665367126466
bike,dune_bayes,1919,dispersion,9.256480741500855,9.70227575302124,10.101103353500365
bike,dune_bayes,1920,dispersion,11.022794151306153,11.473956108093262,11.901581525802612
bike,dune_bayes,1921,dispersion,10.986122274398804,11.433003425598145,11.852275323867797
bike,dune_bayes,1922,dispersion,9.278662490844727,9.72663402557373,10.11099977493286
bike,dune_bayes,1923,dispersion,8.731659698486329,9.184717178344727,9.56114764213562
bike,dune_bayes,1924,dispersion,7.545232796669007,8.03877592086792,8.488829231262207
bike,dune_bayes,1925,dispersion,6.882291483879089,7.384581089019775,7.873326325416565
bike,dune_bayes,1926,dispersion,6.730357766151428,7.237948417663574,7.720988821983337
bike,dune_bayes,1927,dispersion,9.45643048286438,9.974995613098145,10.508122491836549
bike,dune_bayes,1928,dispersion,9.058240032196045,9.518900871276855,9.97321310043335
bike,dune_bayes,1929,dispersion,8.965540504455566,9.414752006530762,9.842265129089355
bike,dune_bayes,1930,dispersion,8.599526262283325,9.029041290283203,9.442567777633666
bike,dune_bayes,1931,dispersion,8.93478283882141,9.369192123413086,9.774430465698241
bike,dune_bayes,1932,dispersion,8.636686944961548,9.101876735687256,9.564877557754517
bike,dune_bayes,1933,dispersion,9.389741134643554,9.83240270614624,10.26278338432312
bike,dune_bayes,1934,dispersion,9.34728536605835,9.788644313812256,10.226437711715699
bike,dune_bayes,1935,dispersion,8.728310298919677,9.168875217437744,9.590388011932372
bike,dune_bayes,1936,dispersion,7.50396077632904,7.945895671844482,8.375019884109497
bike,dune_bayes,1937,dispersion,5.790605688095093,6.283197402954102,6.795969748497009
bike,dune_bayes,1938,dispersion,6.629684615135193,7.10535192489624,7.583752298355102
bike,dune_bayes,1939,dispersion,5.634895658493042,6.1455793380737305,6.664220857620239
bike,dune_bayes,1940,dispersion,5.493491387367248,5.989494562149048,6.512725472450256
bike,dune_bayes,1941,dispersion,5.671249794960022,6.1605682373046875,6.673589038848877
bike,dune_bayes,1942,dispersion,5.405499577522278,5.900648832321167,6.439284324645996
bike,dune_bayes,1943,dispersion,6.463138747215271,6.942600965499878,7.430666756629944
bike,dune_bayes,1944,dispersion,7.79055438041687,8.240903377532959,8.69990611076355
bike,dune_bayes,1945,dispersion,7.916950988769531,8.364439487457275,8.823606729507446
bike,dune_bayes,1946,dispersion,7.865897917747498,8.303506851196289,8.76125717163086
bike,dune_bayes,1947,dispersion,7.058897876739502,7.503054857254028,7.967662644386292
bike,dune_bayes,1948,dispersion,6.218149399757385,6.713282585144043,7.178062605857849
bike,dune_bayes,1949,dispersion,8.974484872817992,9.412406921386719,9.836064910888672
bike,dune_bayes,1950,dispersion,9.129436111450195,9.57430124282837,9.989812994003296
bike,dune_bayes,1951,dispersion,8.974484872817992,9.412406921386719,9.836064910888672
bike,dune_bayes,1952,dispersion,9.170820617675782,9.616111278533936,10.035765409469604
bike,dune_bayes,1953,dispersion,9.936522483825684,10.36415147781372,10.770287275314331
bike,dune_bayes,1954,dispersion,8.442283391952515,8.897159099578857,9.299642324447632
bike,dune_bayes,1955,dispersion,8.588062047958374,9.031814575195312,9.433981323242188
bike,dune_bayes,1956,dispersion,8.126445960998534,8.59081220626831,8.99750566482544
bike,dune_bayes,1957,dispersion,7.418233489990234,7.888502597808838,8.360222578048706
bike,dune_bayes,1958,dispersion,7.6938560962677,8.146963596343994,8.562083625793457
bike,dune_bayes,1959,dispersion,6.985076761245727,7.45501708984375,7.894595003128051
bike,dune_bayes,1960,dispersion,7.556225824356079,8.013737201690674,8.43102741241455
bike,dune_bayes,1961,dispersion,9.289680290222169,9.716474056243896,10.151614236831664
bike,dune_bayes,1962,dispersion,7.986320877075196,8.450430870056152,8.910350656509399
bike,dune_bayes,1963,dispersion,7.9745192527771,8.418883323669434,8.858232879638672
bike,dune_bayes,1964,dispersion,8.333321475982666,8.772854328155518,9.199632167816162
bike,dune_bayes,1965,dispersion,8.722412633895875,9.164896965026855,9.599898433685302
bike,dune_bayes,1966,dispersion,8.77739634513855,9.224555969238281,9.65010495185852
bike,dune_bayes,1967,dispersion,7.711421847343445,8.154799938201904,8.568796348571777
bike,dune_bayes,1968,dispersion,6.793022537231446,7.382911682128906,7.912550640106201
bike,dune_bayes,1969,dispersion,6.209994983673096,6.768739938735962,7.297204685211181
bike,dune_bayes,1970,dispersion,6.3530254602432255,7.014917373657227,7.615008139610289
bike,dune_bayes,1971,dispersion,6.47706971168518,7.189661264419556,7.895738315582275
bike,dune_bayes,1972,dispersion,7.2221108198165895,7.837559938430786,8.435512304306028
bike,dune_bayes,1973,dispersion,7.688192009925842,8.246291160583496,8.814597225189209
bike,dune_bayes,1974,dispersion,7.242151212692261,7.754746198654175,8.266490936279297
bike,dune_bayes,1975,dispersion,7.678966736793518,8.126102924346924,8.592454624176025
bike,dune_bayes,1976,dispersion,7.271723890304566,7.702867746353149,8.179506587982178
bike,dune_bayes,1977,dispersion,7.249708461761474,7.679977893829346,8.15114164352417
bike,dune_bayes,1978,dispersion,7.624381065368652,8.062063217163086,8.524498510360717
bike,dune_bayes,1979,dispersion,9.189215469360352,9.67231798171997,10.133096408843993
bike,dune_bayes,1980,dispersion,9.396873474121094,9.861253261566162,10.324918127059936
bike,dune_bayes,1981,dispersion,8.019771385192872,8.460736274719238,8.889807081222534
bike,dune_bayes,1982,dispersion,8.249465084075927,8.705933094024658,9.186620712280273
bike,dune_bayes,1983,dispersion,7.7240289688110355,8.197044849395752,8.671444702148436
bike,dune_bayes,1984,dispersion,7.967570400238037,8.415141582489014,8.837370347976684
bike,dune_bayes,1985,dispersion,8.788261651992798,9.231700897216797,9.651759243011474
bike,dune_bayes,1986,dispersion,8.082367134094238,8.544736385345459,8.997095203399658
bike,dune_bayes,1987,dispersion,7.813193702697754,8.290490627288818,8.741907644271851
bike,dune_bayes,1988,dispersion,7.628463721275329,8.073063373565674,8.491622400283813
bike,dune_bayes,1989,dispersion,7.628463721275329,8.073063373565674,8.491622400283813
bike,dune_bayes,1990,dispersion,8.948979043960572,9.381391525268555,9.776133060455322
bike,dune_bayes,1991,dispersion,9.29827265739441,9.743638038635254,10.158957290649413
bike,dune_bayes,1992,dispersion,8.784976387023926,9.229020118713379,9.629828405380248
bike,dune_bayes,1993,dispersion,8.728310298919677,9.168875217437744,9.590388011932372
bike,dune_bayes,1994,dispersion,7.831735825538635,8.286647319793701,8.691097688674926
bike,dune_bayes,1995,dispersion,7.473512673377991,7.936802387237549,8.388649368286133
bike,dune_bayes,1996,dispersion,7.711421847343445,8.154799938201904,8.568796348571777
bike,dune_bayes,1997,dispersion,7.813193702697754,8.290490627288818,8.741907644271851
bike,dune_bayes,1998,dispersion,7.711421847343445,8.154799938201904,8.568796348571777
bike,dune_bayes,1999,dispersion,7.831735825538635,8.286647319793701,8.691097688674926
bike,dune_bayes,2000,dispersion,7.882868480682373,8.331525802612305,8.73070936203003
bike,dune_bayes,2001,dispersion,7.567401790618897,8.029563426971436,8.447668075561523
bike,dune_bayes,2002,dispersion,8.32815661430359,8.800827026367188,9.185550212860107
bike,dune_bayes,2003,dispersion,7.2813204526901245,7.757145166397095,8.189374828338623
bike,dune_bayes,2004,dispersion,7.156400465965271,7.630393743515015,8.060645246505738
bike,dune_bayes,2005,dispersion,7.079683446884156,7.566821575164795,8.04384570121765
bike,dune_bayes,2006,dispersion,8.211745405197144,8.659826278686523,9.129402303695677
bike,dune_bayes,2007,dispersion,7.610422658920288,8.071968078613281,8.538923501968384
bike,dune_bayes,2008,dispersion,6.261274027824402,6.726741313934326,7.231652951240539
bike,dune_bayes,2009,dispersion,8.398129415512084,8.846107959747314,9.307347440719605
bike,dune_bayes,2010,dispersion,9.215537691116333,9.747454643249512,10.219204521179199
bike,dune_bayes,2011,dispersion,9.039003944396972,9.545379638671875,10.000431156158447
bike,dune_bayes,2012,dispersion,9.301168298721313,9.777916431427002,10.225584602355957
bike,dune_bayes,2013,dispersion,7.598415637016297,8.083605289459229,8.564496707916259
bike,dune_bayes,2014,dispersion,7.956462430953979,8.399842739105225,8.869541025161743
bike,dune_bayes,2015,dispersion,6.249424743652344,6.730975866317749,7.2218745470047
bike,dune_bayes,2016,dispersion,8.183406162261964,8.652639389038086,9.124790859222411
bike,dune_bayes,2017,dispersion,8.918763065338135,9.405040264129639,9.886600303649901
bike,dune_bayes,2018,dispersion,8.43816556930542,8.898435115814209,9.389774799346924
bike,dune_bayes,2019,dispersion,7.418233489990234,7.888502597808838,8.360222578048706
bike,dune_bayes,2020,dispersion,6.900095796585083,7.372186660766602,7.85043363571167
bike,dune_bayes,2021,dispersion,7.117848324775696,7.584424257278442,8.042445945739747
bike,dune_bayes,2022,dispersion,7.606274676322937,8.068055152893066,8.5012047290802
bike,dune_bayes,2023,dispersion,7.9050366401672365,8.375496864318848,8.791498517990112
bike,dune_bayes,2024,dispersion,9.378607273101807,9.815432071685791,10.212125730514526
bike,dune_bayes,2025,dispersion,8.20751428604126,8.665544033050537,9.061077690124511
bike,dune_bayes,2026,dispersion,9.525352811813354,9.955603122711182,10.363269805908203
bike,dune_bayes,2027,dispersion,8.435968971252441,8.907516479492188,9.296328258514404
bike,dune_bayes,2028,dispersion,7.978824305534363,8.474591732025146,8.879995203018188
bike,dune_bayes,2029,dispersion,10.378157806396484,10.835306644439697,11.23778257369995
bike,dune_bayes,2030,dispersion,9.91831545829773,10.369267463684082,10.781839609146118
bike,dune_bayes,2031,dispersion,8.047368383407592,8.515787601470947,8.93569974899292
bike,dune_bayes,2032,dispersion,7.674527859687805,8.146931171417236,8.56594762802124
bike,dune_bayes,2033,dispersion,8.435023021697997,8.925590515136719,9.332498455047608
bike,dune_bayes,2034,dispersion,7.80049421787262,8.262011051177979,8.669445896148682
bike,dune_bayes,2035,dispersion,7.821111798286438,8.31647777557373,8.72582483291626
bike,dune_bayes,2036,dispersion,7.365461421012879,7.850437164306641,8.294533014297485
bike,dune_bayes,2037,dispersion,9.420966243743896,10.095090866088867,10.835714292526244
bike,dune_bayes,2038,dispersion,8.478029155731202,8.95171594619751,9.447768497467042
bike,dune_bayes,2039,dispersion,6.584135127067566,7.115925312042236,7.600236463546753
bike,dune_bayes,2040,dispersion,8.444415807723999,9.01340627670288,9.568213510513306
bike,dune_bayes,2041,dispersion,7.970279860496521,8.466052532196045,8.972629928588868
bike,dune_bayes,2042,dispersion,7.674194192886352,8.134944915771484,8.631912183761596
bike,dune_bayes,2043,dispersion,7.754544448852539,8.180275917053223,8.674513864517213
bike,dune_bayes,2044,dispersion,8.105170917510986,8.615016460418701,9.108032083511352
bike,dune_bayes,2045,dispersion,8.544464921951294,9.03162956237793,9.509159374237061
bike,dune_bayes,2046,dispersion,7.921937203407287,8.398912906646729,8.814734649658202
bike,dune_bayes,2047,dispersion,8.06682186126709,8.521490097045898,8.94610948562622
bike,dune_bayes,2048,dispersion,8.114400911331177,8.574584007263184,8.985136461257934
bike,dune_bayes,2049,dispersion,10.815954113006592,11.314097881317139,11.821717166900633
bike,dune_bayes,2050,dispersion,10.402395725250244,10.87125539779663,11.311812591552734
bike,dune_bayes,2051,dispersion,9.868647146224976,10.299894332885742,10.694587802886963
bike,dune_bayes,2052,dispersion,9.384490346908569,9.830050945281982,10.219806957244872
bike,dune_bayes,2053,dispersion,9.208428955078125,9.68217658996582,10.120387840270997
bike,dune_bayes,2054,dispersion,8.651336097717286,9.108904838562012,9.5381329536438
bike,dune_bayes,2055,dispersion,8.49183292388916,8.933430194854736,9.34757685661316
bike,dune_bayes,2056,dispersion,7.293184447288513,7.790993928909302,8.247266101837155
bike,dune_bayes,2057,dispersion,7.057195520401001,7.57897424697876,8.070953989028931
bike,dune_bayes,2058,dispersion,7.890615487098694,8.416093826293945,8.834589099884033
bike,dune_bayes,2059,dispersion,7.566389441490173,8.058983325958252,8.50037670135498
bike,dune_bayes,2060,dispersion,10.651796865463258,11.096240520477295,11.49396891593933
bike,dune_bayes,2061,dispersion,10.900926494598389,11.348371982574463,11.760505294799804
bike,dune_bayes,2062,dispersion,9.702535104751586,10.193182468414307,10.665012979507447
bike,dune_bayes,2063,dispersion,9.143365669250489,9.585556030273438,9.989867639541625
bike,dune_bayes,2064,dispersion,8.784976387023926,9.229020118713379,9.629828405380248
bike,dune_bayes,2065,dispersion,7.473512673377991,7.936802387237549,8.388649368286133
bike,dune_bayes,2066,dispersion,9.305237627029419,9.748351097106934,10.160011625289917
bike,dune_bayes,2067,dispersion,6.3375773429870605,6.829764127731323,7.321327638626098
bike,dune_bayes,2068,dispersion,6.12057888507843,6.614712238311768,7.13991003036499
bike,dune_bayes,2069,dispersion,6.265973973274231,6.739301443099976,7.239908957481384
bike,dune_bayes,2070,dispersion,5.870840954780578,6.3963868618011475,6.90602741241455
bike,dune_bayes,2071,dispersion,8.863814640045167,9.326570510864258,9.75448751449585
bike,dune_bayes,2072,dispersion,9.552124166488648,10.066446781158447,10.529093647003174
bike,dune_bayes,2073,dispersion,9.107555770874024,9.588385105133057,10.054471254348755
bike,dune_bayes,2074,dispersion,8.244683456420898,8.689146518707275,9.142866945266723
bike,dune_bayes,2075,dispersion,8.478029155731202,8.95171594619751,9.447768497467042
bike,dune_bayes,2076,dispersion,8.732730531692505,9.30927324295044,9.867593479156493
bike,dune_bayes,2077,dispersion,8.230233669281006,8.879746913909912,9.510004663467406
bike,dune_bayes,2078,dispersion,8.231017303466796,8.805315017700195,9.336545419692992
bike,dune_bayes,2079,dispersion,7.905592632293701,8.378475189208984,8.872026777267456
bike,dune_bayes,2080,dispersion,8.211009502410889,8.650649070739746,9.080028533935547
bike,dune_bayes,2081,dispersion,8.211009502410889,8.650649070739746,9.080028533935547
bike,dune_bayes,2082,dispersion,7.643351459503174,8.081993103027344,8.540128183364867
bike,dune_bayes,2083,dispersion,8.603867530822754,9.047725677490234,9.449545669555665
bike,dune_bayes,2084,dispersion,8.402712678909301,8.863789081573486,9.286376953125
bike,dune_bayes,2085,dispersion,8.46351399421692,9.03083086013794,9.629568481445311
bike,dune_bayes,2086,dispersion,7.719696807861328,8.200192928314209,8.694787168502808
bike,dune_bayes,2087,dispersion,7.923887991905213,8.3895263671875,8.88177456855774
bike,dune_bayes,2088,dispersion,9.18298864364624,9.639910221099854,10.076599168777467
bike,dune_bayes,2089,dispersion,9.43038306236267,9.894710540771484,10.325054788589478
bike,dune_bayes,2090,dispersion,9.584722137451172,10.034709453582764,10.471458387374877
bike,dune_bayes,2091,dispersion,9.243674373626709,9.68394422531128,10.0888521194458
bike,dune_bayes,2092,dispersion,8.829258728027344,9.285737991333008,9.700916385650634
bike,dune_bayes,2093,dispersion,8.754008960723876,9.200747966766357,9.623518943786621
bike,dune_bayes,2094,dispersion,8.599526262283325,9.029041290283203,9.442567777633666
bike,dune_bayes,2095,dispersion,10.487954664230347,10.969532489776611,11.449541854858397
bike,dune_bayes,2096,dispersion,10.767104053497315,11.248262405395508,11.732322645187377
bike,dune_bayes,2097,dispersion,9.42680401802063,9.872227191925049,10.273528337478638
bike,dune_bayes,2098,dispersion,9.515887975692749,9.956616401672363,10.357039546966552
bike,dune_bayes,2099,dispersion,8.642696523666382,9.151652812957764,9.559707832336425
bike,dune_bayes,2100,dispersion,10.703752422332764,11.28604507446289,11.894432020187377
bike,dune_bayes,2101,dispersion,9.639067363739013,10.097569942474365,10.554842281341553
bike,dune_bayes,2102,dispersion,7.905592632293701,8.378475189208984,8.872026777267456
bike,dune_bayes,2103,dispersion,7.638955211639404,8.12256669998169,8.611811113357543
bike,dune_bayes,2104,dispersion,7.605191063880921,8.076745510101318,8.563652515411377
bike,dune_bayes,2105,dispersion,7.652439570426941,8.139799118041992,8.637191867828369
bike,dune_bayes,2106,dispersion,8.368917083740234,8.878636837005615,9.365480136871337
bike,dune_bayes,2107,dispersion,8.031972742080688,8.543423652648926,9.044204235076904
bike,dune_bayes,2108,dispersion,7.024625182151794,7.461878776550293,7.938224649429321
bike,dune_bayes,2109,dispersion,6.542386889457703,7.011312484741211,7.490263795852661
bike,dune_bayes,2110,dispersion,6.542386889457703,7.011312484741211,7.490263795852661
bike,dune_bayes,2111,dispersion,9.651063346862793,10.186009883880615,10.664947652816773
bike,dune_bayes,2112,dispersion,9.624580335617065,10.13429880142212,10.579100370407104
bike,dune_bayes,2113,dispersion,8.425520133972167,8.84967851638794,9.290171241760254
bike,dune_bayes,2114,dispersion,8.85030689239502,9.291211605072021,9.696620798110962
bike,dune_bayes,2115,dispersion,10.161915588378907,10.609074115753174,10.998893880844117
bike,dune_bayes,2116,dispersion,11.079743432998658,11.5753173828125,12.093754720687866
bike,dune_bayes,2117,dispersion,10.214084243774414,10.624939441680908,11.01692819595337
bike,dune_bayes,2118,dispersion,8.728754043579102,9.225821495056152,9.630189085006714
bike,dune_bayes,2119,dispersion,10.41016607284546,10.867761611938477,11.303878021240234
bike,dune_bayes,2120,dispersion,10.990766525268555,11.44410753250122,11.865251684188843
bike,dune_bayes,2121,dispersion,9.695502185821534,10.144022941589355,10.533971643447876
bike,dune_bayes,2122,dispersion,9.368212699890137,9.803507804870605,10.166745710372926
bike,dune_bayes,2123,dispersion,8.988199090957641,9.430176734924316,9.811138534545899
bike,dune_bayes,2124,dispersion,8.042473030090331,8.511109828948975,8.950688695907592
bike,dune_bayes,2125,dispersion,8.094068431854248,8.555669784545898,8.986820650100707
bike,dune_bayes,2126,dispersion,7.788844609260559,8.288562297821045,8.744747972488403
bike,dune_bayes,2127,dispersion,11.486256170272828,11.952662944793701,12.41747088432312
bike,dune_bayes,2128,dispersion,11.080182695388794,11.538565158843994,11.984165859222411
bike,dune_bayes,2129,dispersion,10.678852987289428,11.126051902770996,11.54292688369751
bike,dune_bayes,2130,dispersion,9.771105098724366,10.218297958374023,10.59713201522827
bike,dune_bayes,2131,dispersion,9.436905431747437,9.885764598846436,10.267381477355958
bike,dune_bayes,2132,dispersion,9.13612666130066,9.627947330474854,10.052478742599487
bike,dune_bayes,2133,dispersion,8.344103717803955,8.786771774291992,9.216033458709717
bike,dune_bayes,2134,dispersion,8.55003228187561,8.994559288024902,9.411004161834716
bike,dune_bayes,2135,dispersion,9.748349857330322,10.192129611968994,10.587097406387329
bike,dune_bayes,2136,dispersion,9.32834234237671,9.747735500335693,10.133259391784668
bike,dune_bayes,2137,dispersion,9.078563594818116,9.509367942810059,9.889665126800537
bike,dune_bayes,2138,dispersion,7.7610286474227905,8.238897323608398,8.64921178817749
bike,dune_bayes,2139,dispersion,7.536329507827759,8.02159309387207,8.458625507354736
bike,dune_bayes,2140,dispersion,6.903247141838074,7.373056173324585,7.872837257385254
bike,dune_bayes,2141,dispersion,7.825458931922912,8.273221969604492,8.736735773086547
bike,dune_bayes,2142,dispersion,9.101853179931641,9.54493522644043,10.012447357177734
bike,dune_bayes,2143,dispersion,9.568230438232423,10.041720867156982,10.49180097579956
bike,dune_bayes,2144,dispersion,8.036096668243408,8.479677200317383,8.951746606826783
bike,dune_bayes,2145,dispersion,6.688824725151062,7.157411098480225,7.654445385932922
bike,dune_bayes,2146,dispersion,6.979122972488403,7.451291561126709,7.947358560562134
bike,dune_bayes,2147,dispersion,7.031780886650085,7.4882001876831055,7.985148262977599
bike,dune_bayes,2148,dispersion,7.5541510581970215,7.996791362762451,8.460088682174682
bike,dune_bayes,2149,dispersion,8.447464275360108,8.900554180145264,9.355572986602782
bike,dune_bayes,2150,dispersion,8.236531114578247,8.683006286621094,9.142280435562133
bike,dune_bayes,2151,dispersion,8.170399856567382,8.61176061630249,9.074967670440673
bike,dune_bayes,2152,dispersion,7.911087059974671,8.397436618804932,8.829689741134644
bike,dune_bayes,2153,dispersion,7.999931192398071,8.484060287475586,8.905028533935546
bike,dune_bayes,2154,dispersion,8.156438779830932,8.645904541015625,9.059414148330688
bike,dune_bayes,2155,dispersion,10.178365802764892,10.61182689666748,11.011848545074463
bike,dune_bayes,2156,dispersion,10.855248928070068,11.276403427124023,11.687455177307129
bike,dune_bayes,2157,dispersion,10.67695689201355,11.112902641296387,11.510389804840088
bike,dune_bayes,2158,dispersion,7.6530944347381595,8.174664974212646,8.667881059646607
bike,dune_bayes,2159,dispersion,8.62270221710205,9.10940408706665,9.53727321624756
bike,dune_bayes,2160,dispersion,9.437190580368043,9.858705520629883,10.27037525177002
bike,dune_bayes,2161,dispersion,8.645397853851318,9.106150150299072,9.55145058631897
bike,dune_bayes,2162,dispersion,8.243091106414795,8.721244812011719,9.155580425262452
bike,dune_bayes,2163,dispersion,8.014394044876099,8.539198398590088,8.96030158996582
bike,dune_bayes,2164,dispersion,7.38282196521759,7.891546726226807,8.373705577850341
bike,dune_bayes,2165,dispersion,7.38282196521759,7.891546726226807,8.373705577850341
bike,dune_bayes,2166,dispersion,7.809098029136658,8.299388408660889,8.763155508041383
bike,dune_bayes,2167,dispersion,7.538721656799316,8.058505058288574,8.553259706497192
bike,dune_bayes,2168,dispersion,7.847860789299011,8.348034381866455,8.824955463409424
bike,dune_bayes,2169,dispersion,10.952053308486938,11.417582035064697,11.841764593124388
bike,dune_bayes,2170,dispersion,10.696842384338378,11.145909786224365,11.539564514160157
bike,dune_bayes,2171,dispersion,10.267560911178588,10.715651512145996,11.120041275024414
bike,dune_bayes,2172,dispersion,10.227082109451294,10.652100563049316,11.059125185012817
bike,dune_bayes,2173,dispersion,7.848665833473206,8.307044982910156,8.807983684539796
bike,dune_bayes,2174,dispersion,6.855831813812256,7.320691347122192,7.830246376991271
bike,dune_bayes,2175,dispersion,6.997347164154053,7.5417468547821045,8.044742441177368
bike,dune_bayes,2176,dispersion,6.883535933494568,7.440995693206787,7.935094380378723
bike,dune_bayes,2177,dispersion,6.764023947715759,7.3326520919799805,7.82162582874298
bike,dune_bayes,2178,dispersion,7.149622893333435,7.672583103179932,8.16147847175598
bike,dune_bayes,2179,dispersion,8.04638605117798,8.506789684295654,8.946034717559813
bike,dune_bayes,2180,dispersion,9.966688442230225,10.397847175598145,10.793760395050048
bike,dune_bayes,2181,dispersion,10.219437885284425,10.789821147918701,11.350527572631837
bike,dune_bayes,2182,dispersion,10.230725145339965,10.72420358657837,11.22555775642395
bike,dune_bayes,2183,dispersion,10.151833009719848,10.645781993865967,11.103400993347167
bike,dune_bayes,2184,dispersion,8.45461401939392,8.926455974578857,9.385294723510741
bike,dune_bayes,2185,dispersion,9.156700468063354,9.588371276855469,10.027883529663086
bike,dune_bayes,2186,dispersion,9.506910037994384,10.011877059936523,10.492080450057983
bike,dune_bayes,2187,dispersion,9.315191984176636,9.736214637756348,10.16520562171936
bike,dune_bayes,2188,dispersion,9.392981481552123,9.843742847442627,10.24271650314331
bike,dune_bayes,2189,dispersion,10.348316192626953,10.814405918121338,11.265912055969238
bike,dune_bayes,2190,dispersion,10.27670431137085,10.696341514587402,11.089718437194824
bike,dune_bayes,2191,dispersion,9.438357400894166,9.857615947723389,10.249969673156738
bike,dune_bayes,2192,dispersion,10.25115966796875,10.705270767211914,11.098129892349244
bike,dune_bayes,2193,dispersion,10.170021247863769,10.625505924224854,11.024322509765625
bike,dune_bayes,2194,dispersion,8.442283391952515,8.897159099578857,9.299642324447632
bike,dune_bayes,2195,dispersion,8.455674076080323,8.924448013305664,9.374537658691406
bike,dune_bayes,2196,dispersion,8.799278497695923,9.26754379272461,9.704648494720459
bike,dune_bayes,2197,dispersion,8.876023197174073,9.329365253448486,9.708492279052734
bike,dune_bayes,2198,dispersion,7.336297917366028,7.823833465576172,8.297155237197876
bike,dune_bayes,2199,dispersion,7.28379909992218,7.768344163894653,8.227502346038818
bike,dune_bayes,2200,dispersion,7.399593853950501,7.895894527435303,8.345807790756226
bike,dune_bayes,2201,dispersion,7.3607337236404415,7.85412335395813,8.308659839630126
bike,dune_bayes,2202,dispersion,7.207614850997925,7.653948783874512,8.114599561691284
bike,dune_bayes,2203,dispersion,6.739719796180725,7.202489614486694,7.676628851890563
bike,dune_bayes,2204,dispersion,8.372658824920654,8.81087064743042,9.248631525039672
bike,dune_bayes,2205,dispersion,8.094068431854248,8.555669784545898,8.986820650100707
bike,dune_bayes,2206,dispersion,10.53096432685852,11.006834983825684,11.406089401245117
bike,dune_bayes,2207,dispersion,10.530436992645264,10.995782375335693,11.404945993423462
bike,dune_bayes,2208,dispersion,10.530436992645264,10.995782375335693,11.404945993423462
bike,dune_bayes,2209,dispersion,8.005326414108277,8.456089496612549,8.85521068572998
bike,dune_bayes,2210,dispersion,8.212832069396972,8.674585342407227,9.11826295852661
bike,dune_bayes,2211,dispersion,9.4208420753479,9.8917236328125,10.355816316604614
bike,dune_bayes,2212,dispersion,10.9544517993927,11.445342063903809,11.87526249885559
bike,dune_bayes,2213,dispersion,10.882484102249146,11.360708713531494,11.785568809509277
bike,dune_bayes,2214,dispersion,9.383821487426758,9.856928825378418,10.288386487960816
bike,dune_bayes,2215,dispersion,9.14557695388794,9.621221542358398,10.04870319366455
bike,dune_bayes,2216,dispersion,8.685144472122193,9.158867835998535,9.583598613739014
bike,dune_bayes,2217,dispersion,8.576646089553833,9.01656723022461,9.404684734344482
bike,dune_bayes,2218,dispersion,10.151906204223632,10.598164558410645,10.981806802749633
bike,dune_bayes,2219,dispersion,10.760319995880128,11.24979019165039,11.753054237365722
bike,dune_bayes,2220,dispersion,9.551490306854248,9.989517211914062,10.3936607837677
bike,dune_bayes,2221,dispersion,9.804950666427612,10.252866268157959,10.64816927909851
bike,dune_bayes,2222,dispersion,9.584786796569825,10.053099632263184,10.509013795852661
bike,dune_bayes,2223,dispersion,10.086684370040894,10.55569314956665,10.968932914733886
bike,dune_bayes,2224,dispersion,8.520995473861694,8.98842191696167,9.381196308135987
bike,dune_bayes,2225,dispersion,9.102877998352051,9.54612684249878,9.955054473876952
bike,dune_bayes,2226,dispersion,8.937384223937988,9.398972511291504,9.838747262954712
bike,dune_bayes,2227,dispersion,10.371351861953736,10.84467363357544,11.267295026779175
bike,dune_bayes,2228,dispersion,9.920488977432251,10.360212802886963,10.78780689239502
bike,dune_bayes,2229,dispersion,10.029265356063842,10.58846664428711,11.120887756347656
bike,dune_bayes,2230,dispersion,10.021280908584595,10.581308841705322,11.128345203399657
bike,dune_bayes,2231,dispersion,10.055447959899903,10.60957956314087,11.104246997833252
bike,dune_bayes,2232,dispersion,9.61717209815979,10.12479543685913,10.589803314208984
bike,dune_bayes,2233,dispersion,9.267376852035522,9.77441692352295,10.261671686172486
bike,dune_bayes,2234,dispersion,8.91390962600708,9.400375843048096,9.85789885520935
bike,dune_bayes,2235,dispersion,8.726112651824952,9.204318046569824,9.684757184982299
bike,dune_bayes,2236,dispersion,10.313837480545043,10.896063327789307,11.451621150970459
bike,dune_bayes,2237,dispersion,9.458722591400146,9.934911251068115,10.362991333007812
bike,dune_bayes,2238,dispersion,10.752249908447265,11.227697372436523,11.715715265274047
bike,dune_bayes,2239,dispersion,10.81108603477478,11.312042713165283,11.760581016540527
bike,dune_bayes,2240,dispersion,10.132868385314941,10.592631816864014,11.009157609939574
bike,dune_bayes,2241,dispersion,9.792687463760377,10.22951078414917,10.670050954818725
bike,dune_bayes,2242,dispersion,8.95901117324829,9.409642219543457,9.81115779876709
bike,dune_bayes,2243,dispersion,8.948979043960572,9.381391525268555,9.776133060455322
bike,dune_bayes,2244,dispersion,8.616516065597533,9.052169799804688,9.445093965530395
bike,dune_bayes,2245,dispersion,9.732560539245606,10.169914245605469,10.578323793411254
bike,dune_bayes,2246,dispersion,10.093439769744872,10.583424091339111,11.05378394126892
bike,dune_bayes,2247,dispersion,10.392020463943481,10.855123519897461,11.259902906417846
bike,dune_bayes,2248,dispersion,9.651095867156982,10.078442573547363,10.503210258483886
bike,dune_bayes,2249,dispersion,8.51607403755188,8.9791898727417,9.367932462692261
bike,dune_bayes,2250,dispersion,10.608501672744751,11.055486679077148,11.471633911132812
bike,dune_bayes,2251,dispersion,9.729176902770996,10.212179183959961,10.655094289779663
bike,dune_bayes,2252,dispersion,8.972925472259522,9.411202430725098,9.802092456817627
bike,dune_bayes,2253,dispersion,7.351650881767273,7.790026903152466,8.26463475227356
bike,dune_bayes,2254,dispersion,8.350853300094604,8.779594898223877,9.255683374404907
bike,dune_bayes,2255,dispersion,9.19522671699524,9.64045000076294,10.096321773529052
bike,dune_bayes,2256,dispersion,8.915472364425659,9.35225772857666,9.828706836700439
bike,dune_bayes,2257,dispersion,10.454616212844849,11.019889831542969,11.514777517318725
bike,dune_bayes,2258,dispersion,10.548442125320435,11.08935022354126,11.581990909576415
bike,dune_bayes,2259,dispersion,10.046517276763916,10.600639343261719,11.07558307647705
bike,dune_bayes,2260,dispersion,9.567239952087402,10.08080005645752,10.536843585968018
bike,dune_bayes,2261,dispersion,10.737542104721069,11.316758155822754,11.824569797515869
bike,dune_bayes,2262,dispersion,10.341063070297242,10.844361782073975,11.305714559555053
bike,dune_bayes,2263,dispersion,8.748668003082276,9.20866870880127,9.662638616561889
bike,dune_bayes,2264,dispersion,8.709089326858521,9.164810180664062,9.621790266036987
bike,dune_bayes,2265,dispersion,10.872939300537109,11.386935710906982,11.93068199157715
bike,dune_bayes,2266,dispersion,10.94580955505371,11.434726238250732,11.924028587341308
bike,dune_bayes,2267,dispersion,10.318149709701538,10.751609802246094,11.15932011604309
bike,dune_bayes,2268,dispersion,10.375473499298096,10.822259426116943,11.215117502212523
bike,dune_bayes,2269,dispersion,8.459369373321532,8.917476654052734,9.310626125335693
bike,dune_bayes,2270,dispersion,7.916113686561585,8.400919437408447,8.843417882919312
bike,dune_bayes,2271,dispersion,7.916113686561585,8.400919437408447,8.843417882919312
bike,dune_bayes,2272,dispersion,7.844751191139221,8.303631782531738,8.72735047340393
bike,dune_bayes,2273,dispersion,8.403563833236694,8.876172542572021,9.294702577590941
bike,dune_bayes,2274,dispersion,10.369212770462036,10.83293867111206,11.230813646316529
bike,dune_bayes,2275,dispersion,10.369212770462036,10.83293867111206,11.230813646316529
bike,dune_bayes,2276,dispersion,8.459892654418946,8.934422492980957,9.33563027381897
bike,dune_bayes,2277,dispersion,7.057195520401001,7.57897424697876,8.070953989028931
bike,dune_bayes,2278,dispersion,7.870631623268127,8.35085153579712,8.795164680480957
bike,dune_bayes,2279,dispersion,8.963727712631226,9.404586791992188,9.795432662963867
bike,dune_bayes,2280,dispersion,9.528337478637695,9.937417030334473,10.32873249053955
bike,dune_bayes,2281,dispersion,10.769700813293458,11.209499835968018,11.600870513916016
bike,dune_bayes,2282,dispersion,10.90441598892212,11.340275764465332,11.746639490127563
bike,dune_bayes,2283,dispersion,7.95594208240509,8.444650173187256,8.907567644119263
bike,dune_bayes,2284,dispersion,8.255515098571777,8.705167293548584,9.1705904006958
bike,dune_bayes,2285,dispersion,9.564750862121581,10.066409587860107,10.519132518768311
bike,dune_bayes,2286,dispersion,9.6783287525177,10.152660846710205,10.602425813674927
bike,dune_bayes,2287,dispersion,10.106369733810425,10.732829093933105,11.256372785568237
bike,dune_bayes,2288,dispersion,7.895811057090759,8.392972946166992,8.846673822402954
bike,dune_bayes,2289,dispersion,7.615539193153381,8.075539112091064,8.558323526382447
bike,dune_bayes,2290,dispersion,8.134263801574708,8.635111331939697,9.078227043151855
bike,dune_bayes,2291,dispersion,7.336297917366028,7.823833465576172,8.297155237197876
bike,dune_bayes,2292,dispersion,7.015921473503113,7.5440802574157715,8.027294301986693
bike,dune_bayes,2293,dispersion,6.728521037101745,7.375883340835571,7.91370050907135
bike,dune_bayes,2294,dispersion,8.035213899612426,8.576821327209473,9.013493728637695
bike,dune_bayes,2295,dispersion,7.753313684463501,8.266754150390625,8.68605318069458
bike,dune_bayes,2296,dispersion,7.621499180793762,8.137515544891357,8.558485078811646
bike,dune_bayes,2297,dispersion,8.03680591583252,8.522218704223633,8.9194580078125
bike,dune_bayes,2298,dispersion,8.049959278106689,8.521878719329834,8.923587560653687
bike,dune_bayes,2299,dispersion,10.46176233291626,10.924348831176758,11.34805703163147
bike,dune_bayes,2300,dispersion,10.09697413444519,10.531067848205566,10.958234071731567
bike,dune_bayes,2301,dispersion,9.682118844985961,10.115275859832764,10.541500043869018
bike,dune_bayes,2302,dispersion,9.460996770858765,9.891913414001465,10.327909898757934
bike,dune_bayes,2303,dispersion,7.845665144920349,8.282981872558594,8.695662593841552
bike,dune_bayes,2304,dispersion,7.889884424209595,8.355592727661133,8.783063316345213
bike,dune_bayes,2305,dispersion,8.818763208389282,9.2910475730896,9.728714275360108
bike,dune_bayes,2306,dispersion,11.002140998840332,11.497149467468262,11.970845937728882
bike,dune_bayes,2307,dispersion,9.268960189819335,9.721858978271484,10.113942909240723
bike,dune_bayes,2308,dispersion,9.545717430114745,9.999006748199463,10.387570238113403
bike,dune_bayes,2309,dispersion,8.459892654418946,8.934422492980957,9.33563027381897
bike,dune_bayes,2310,dispersion,8.071606779098511,8.566646099090576,8.989995670318603
bike,dune_bayes,2311,dispersion,8.60767321586609,9.073574542999268,9.498661231994628
bike,dune_bayes,2312,dispersion,9.18601360321045,9.63136911392212,10.025724935531615
bike,dune_bayes,2313,dispersion,8.934967374801635,9.45444917678833,9.867655658721924
bike,dune_bayes,2314,dispersion,9.120885801315307,9.553579807281494,9.958619689941406
bike,dune_bayes,2315,dispersion,8.322637796401978,8.807599067687988,9.243292951583863
bike,dune_bayes,2316,dispersion,9.76295108795166,10.24653673171997,10.657084512710572
bike,dune_bayes,2317,dispersion,9.743887138366699,10.175896167755127,10.57393250465393
bike,dune_bayes,2318,dispersion,10.064681148529052,10.5349760055542,10.993909549713134
bike,dune_bayes,2319,dispersion,10.078696823120117,10.522066593170166,10.941389513015746
bike,dune_bayes,2320,dispersion,10.866753768920898,11.363222599029541,11.844466924667358
bike,dune_bayes,2321,dispersion,8.506940031051636,8.963225841522217,9.41678876876831
bike,dune_bayes,2322,dispersion,7.981974649429321,8.466963768005371,8.946965599060059
bike,dune_bayes,2323,dispersion,8.024103116989135,8.495072364807129,8.980474805831909
bike,dune_bayes,2324,dispersion,7.117181658744812,7.567996263504028,8.047549629211426
bike,dune_bayes,2325,dispersion,6.441418862342834,6.913872480392456,7.3960504770278925
bike,dune_bayes,2326,dispersion,9.087469816207886,9.626985549926758,10.08781509399414
bike,dune_bayes,2327,dispersion,10.219142818450928,10.749614238739014,11.184143304824829
bike,dune_bayes,2328,dispersion,8.560578536987304,9.022253036499023,9.403799772262573
bike,dune_bayes,2329,dispersion,8.294304943084716,8.759440422058105,9.150113582611084
bike,dune_bayes,2330,dispersion,8.95899019241333,9.410735130310059,9.786772394180298
bike,dune_bayes,2331,dispersion,9.654790019989013,10.10100793838501,10.48359785079956
bike,dune_bayes,2332,dispersion,9.686099815368653,10.127885341644287,10.515937948226929
bike,dune_bayes,2333,dispersion,9.398700141906739,9.823227882385254,10.2072359085083
bike,dune_bayes,2334,dispersion,8.905950021743774,9.342782020568848,9.73807725906372
bike,dune_bayes,2335,dispersion,8.62270221710205,9.10940408706665,9.53727321624756
bike,dune_bayes,2336,dispersion,10.451940202713013,10.89429521560669,11.311485290527344
bike,dune_bayes,2337,dispersion,10.7841046333313,11.199586868286133,11.616066503524781
bike,dune_bayes,2338,dispersion,11.072339725494384,11.481765747070312,11.905245113372802
bike,dune_bayes,2339,dispersion,11.29052243232727,11.709850788116455,12.144441413879393
bike,dune_bayes,2340,dispersion,10.668645334243774,11.107693672180176,11.515404796600341
bike,dune_bayes,2341,dispersion,10.383259391784668,10.794992446899414,11.192390727996827
bike,dune_bayes,2342,dispersion,8.852124404907226,9.312721252441406,9.768661546707154
bike,dune_bayes,2343,dispersion,9.797984504699707,10.240613460540771,10.642809581756591
bike,dune_bayes,2344,dispersion,8.255281686782837,8.770271301269531,9.185365629196166
bike,dune_bayes,2345,dispersion,10.621022367477417,11.054773807525635,11.48341088294983
bike,dune_bayes,2346,dispersion,8.785600328445435,9.284137725830078,9.72063684463501
bike,dune_bayes,2347,dispersion,8.730049085617065,9.214557647705078,9.630986356735228
bike,dune_bayes,2348,dispersion,8.1817195892334,8.681775093078613,9.173980140686036
bike,dune_bayes,2349,dispersion,7.803158974647522,8.297979831695557,8.805652141571045
bike,dune_bayes,2350,dispersion,7.59578583240509,8.077522277832031,8.588301181793213
bike,dune_bayes,2351,dispersion,8.702861547470093,9.178426265716553,9.636735010147094
bike,dune_bayes,2352,dispersion,8.175966930389404,8.667898178100586,9.132341957092285
bike,dune_bayes,2353,dispersion,7.848665833473206,8.307044982910156,8.807983684539796
bike,dune_bayes,2354,dispersion,7.98885555267334,8.453213214874268,8.924966669082641
bike,dune_bayes,2355,dispersion,7.4001585960388185,7.856425046920776,8.372121810913086
bike,dune_bayes,2356,dispersion,7.848665833473206,8.307044982910156,8.807983684539796
bike,dune_bayes,2357,dispersion,8.963899040222168,9.409255504608154,9.864306640625
bike,dune_bayes,2358,dispersion,8.857757472991944,9.347624778747559,9.846104192733765
bike,dune_bayes,2359,dispersion,9.121308755874633,9.571575164794922,10.036897659301758
bike,dune_bayes,2360,dispersion,9.208206081390381,9.6511812210083,10.107769632339478
bike,dune_bayes,2361,dispersion,8.62070279121399,9.072509765625,9.527703952789306
bike,dune_bayes,2362,dispersion,10.437306022644043,10.866112232208252,11.274342250823974
bike,dune_bayes,2363,dispersion,10.147100114822388,10.572357654571533,10.976531076431273
bike,dune_bayes,2364,dispersion,9.531977224349976,10.002487182617188,10.398909759521484
bike,dune_bayes,2365,dispersion,8.569402360916138,9.052687644958496,9.49510016441345
bike,dune_bayes,2366,dispersion,8.654799032211304,9.134501457214355,9.616447830200194
bike,dune_bayes,2367,dispersion,10.736448764801025,11.154313564300537,11.571708917617798
bike,dune_bayes,2368,dispersion,10.790105247497559,11.21138620376587,11.618764781951905
bike,dune_bayes,2369,dispersion,8.587482738494874,9.058496475219727,9.46081805229187
bike,dune_bayes,2370,dispersion,9.107933759689331,9.577646255493164,9.967318916320801
bike,dune_bayes,2371,dispersion,8.983062553405762,9.454158306121826,9.847487354278565
bike,dune_bayes,2372,dispersion,9.37339653968811,9.825253963470459,10.219458961486817
bike,dune_bayes,2373,dispersion,10.962144708633422,11.461293697357178,11.983138799667358
bike,dune_bayes,2374,dispersion,9.63350076675415,10.085447788238525,10.482886505126952
bike,dune_bayes,2375,dispersion,9.521923732757568,9.974883079528809,10.353934097290038
bike,dune_bayes,2376,dispersion,10.571953630447387,11.040673732757568,11.441800880432128
bike,dune_bayes,2377,dispersion,10.741577911376954,11.18612003326416,11.595351362228394
bike,dune_bayes,2378,dispersion,11.248904848098755,11.73944902420044,12.183197355270385
bike,dune_bayes,2379,dispersion,11.302446794509887,11.780251026153564,12.235152673721313
bike,dune_bayes,2380,dispersion,10.917356777191163,11.368313789367676,11.805397510528564
bike,dune_bayes,2381,dispersion,10.699678039550781,11.139724254608154,11.58059902191162
bike,dune_bayes,2382,dispersion,9.300859117507935,9.779178142547607,10.226005172729492
bike,dune_bayes,2383,dispersion,8.18906888961792,8.66003704071045,9.137394428253174
bike,dune_bayes,2384,dispersion,7.899808621406555,8.344022750854492,8.802143001556397
bike,dune_bayes,2385,dispersion,7.729010438919067,8.175302028656006,8.636405992507934
bike,dune_bayes,2386,dispersion,8.717190980911255,9.208874225616455,9.698265409469604
bike,dune_bayes,2387,dispersion,9.620233917236328,10.12504768371582,10.572971677780151
bike,dune_bayes,2388,dispersion,10.013719081878662,10.521960735321045,10.971965265274047
bike,dune_bayes,2389,dispersion,8.918952226638794,9.363700866699219,9.829704189300537
bike,dune_bayes,2390,dispersion,8.737939834594727,9.169836521148682,9.638874053955078
bike,dune_bayes,2391,dispersion,9.308984994888306,9.76709794998169,10.222822141647338
bike,dune_bayes,2392,dispersion,9.63925724029541,10.109352111816406,10.5579598903656
bike,dune_bayes,2393,dispersion,9.952716779708862,10.430130004882812,10.891355037689209
bike,dune_bayes,2394,dispersion,9.730822563171387,10.204700946807861,10.65761466026306
bike,dune_bayes,2395,dispersion,10.372028255462647,10.798244953155518,11.203988838195801
bike,dune_bayes,2396,dispersion,10.38279414176941,10.812861442565918,11.23115849494934
bike,dune_bayes,2397,dispersion,9.996569538116455,10.446637630462646,10.852294111251831
bike,dune_bayes,2398,dispersion,8.191071701049804,8.704998970031738,9.13776707649231
bike,dune_bayes,2399,dispersion,9.851201486587524,10.27621078491211,10.685548257827758
bike,dune_bayes,2400,dispersion,8.552386569976807,9.023632049560547,9.488733291625977
bike,dune_bayes,2401,dispersion,10.321558904647826,10.734939575195312,11.127819061279297
bike,dune_bayes,2402,dispersion,10.13507957458496,10.575585842132568,10.98219609260559
bike,dune_bayes,2403,dispersion,8.491791534423829,8.96373987197876,9.422863817214965
bike,dune_bayes,2404,dispersion,8.08213963508606,8.566486358642578,9.034174251556397
bike,dune_bayes,2405,dispersion,9.296891689300537,9.737732887268066,10.15584168434143
bike,dune_bayes,2406,dispersion,9.897236680984497,10.368175983428955,10.802616548538207
bike,dune_bayes,2407,dispersion,10.641284799575805,11.143470287322998,11.603400421142577
bike,dune_bayes,2408,dispersion,11.072339725494384,11.481765747070312,11.905245113372802
bike,dune_bayes,2409,dispersion,9.30086178779602,9.745264053344727,10.170505666732788
bike,dune_bayes,2410,dispersion,9.296891689300537,9.737732887268066,10.15584168434143
bike,dune_bayes,2411,dispersion,9.88347668647766,10.34572172164917,10.743555879592895
bike,dune_bayes,2412,dispersion,10.107637310028077,10.587207317352295,11.035144710540772
bike,dune_bayes,2413,dispersion,10.495491027832031,10.925607204437256,11.326069355010986
bike,dune_bayes,2414,dispersion,11.167127513885498,11.62007761001587,12.046953916549683
bike,dune_bayes,2415,dispersion,9.876682901382447,10.321322917938232,10.714280223846435
bike,dune_bayes,2416,dispersion,10.813923168182374,11.250675201416016,11.648854446411132
bike,dune_bayes,2417,dispersion,11.22976131439209,11.689171314239502,12.108353328704833
bike,dune_bayes,2418,dispersion,9.091898345947266,9.527978897094727,9.989110517501832
bike,dune_bayes,2419,dispersion,9.677265548706055,10.187304496765137,10.631426095962524
bike,dune_bayes,2420,dispersion,10.133528566360473,10.643011093139648,11.09119234085083
bike,dune_bayes,2421,dispersion,9.266764974594116,9.776578426361084,10.275319004058836
bike,dune_bayes,2422,dispersion,9.339590549468994,9.856073379516602,10.346469259262085
bike,dune_bayes,2423,dispersion,8.097672510147095,8.539228916168213,9.007569074630737
bike,dune_bayes,2424,dispersion,9.184581565856934,9.637573719024658,10.09177894592285
bike,dune_bayes,2425,dispersion,10.397345638275146,10.906955242156982,11.357752704620362
bike,dune_bayes,2426,dispersion,10.38442645072937,10.896852970123291,11.370328521728515
bike,dune_bayes,2427,dispersion,9.330746173858643,9.880048274993896,10.337160301208495
bike,dune_bayes,2428,dispersion,8.881330680847167,9.411774158477783,9.834546518325805
bike,dune_bayes,2429,dispersion,9.121396255493163,9.58817720413208,10.005005168914794
bike,dune_bayes,2430,dispersion,9.298742294311523,9.786604404449463,10.200817918777465
bike,dune_bayes,2431,dispersion,9.983423519134522,10.426072120666504,10.833560800552368
bike,dune_bayes,2432,dispersion,8.852124404907226,9.312721252441406,9.768661546707154
bike,dune_bayes,2433,dispersion,10.289292764663696,10.720510959625244,11.143405771255493
bike,dune_bayes,2434,dispersion,9.547027730941773,9.973945617675781,10.394129848480224
bike,dune_bayes,2435,dispersion,8.831393194198608,9.343703746795654,9.777296543121338
bike,dune_bayes,2436,dispersion,8.555045318603515,9.030494689941406,9.505158996582031
bike,dune_bayes,2437,dispersion,9.260546112060547,9.708115577697754,10.13262710571289
bike,dune_bayes,2438,dispersion,9.33558201789856,9.800081253051758,10.242829751968383
bike,dune_bayes,2439,dispersion,9.844651746749879,10.27856731414795,10.680715703964234
bike,dune_bayes,2440,dispersion,9.005294036865234,9.462056159973145,9.91002368927002
bike,dune_bayes,2441,dispersion,8.950347805023194,9.414005279541016,9.862119722366334
bike,dune_bayes,2442,dispersion,11.145944213867187,11.594306468963623,12.073978424072266
bike,dune_bayes,2443,dispersion,11.097580528259277,11.539312839508057,11.968382596969603
bike,dune_bayes,2444,dispersion,10.28714985847473,10.737672328948975,11.14811635017395
bike,dune_bayes,2445,dispersion,9.487007474899292,9.923650741577148,10.339196157455444
bike,dune_bayes,2446,dispersion,8.750229787826537,9.22472333908081,9.687822341918945
bike,dune_bayes,2447,dispersion,8.784056138992309,9.266968727111816,9.719181632995605
bike,dune_bayes,2448,dispersion,8.828130292892457,9.311188697814941,9.759823608398438
bike,dune_bayes,2449,dispersion,9.684731006622314,10.13559865951538,10.55352520942688
bike,dune_bayes,2450,dispersion,10.400684833526611,10.81804370880127,11.213681507110595
bike,dune_bayes,2451,dispersion,8.08274416923523,8.546394348144531,9.051673650741577
bike,dune_bayes,2452,dispersion,8.040654516220092,8.503747463226318,8.994019699096679
bike,dune_bayes,2453,dispersion,8.548522996902467,9.039796352386475,9.515121507644654
bike,dune_bayes,2454,dispersion,8.936460494995117,9.394674301147461,9.87329387664795
bike,dune_bayes,2455,dispersion,8.695595216751098,9.15965986251831,9.642115926742553
bike,dune_bayes,2456,dispersion,10.03943452835083,10.523833274841309,11.002745151519775
bike,dune_bayes,2457,dispersion,10.146869134902953,10.637659072875977,11.134696960449219
bike,dune_bayes,2458,dispersion,10.421192455291749,10.930301666259766,11.403251028060913
bike,dune_bayes,2459,dispersion,10.5190833568573,11.026265621185303,11.504588890075684
bike,dune_bayes,2460,dispersion,10.03943452835083,10.523833274841309,11.002745151519775
bike,dune_bayes,2461,dispersion,9.98408784866333,10.473011016845703,10.94076681137085
bike,dune_bayes,2462,dispersion,8.434769105911254,8.900611877441406,9.362999486923217
bike,dune_bayes,2463,dispersion,10.42969183921814,10.949892044067383,11.437798929214477
bike,dune_bayes,2464,dispersion,9.843395042419434,10.284797668457031,10.708071041107177
bike,dune_bayes,2465,dispersion,9.77995719909668,10.236108779907227,10.641894483566285
bike,dune_bayes,2466,dispersion,10.43540153503418,10.88624382019043,11.30620288848877
bike,dune_bayes,2467,dispersion,11.565118932724,12.031339645385742,12.546147394180297
bike,dune_bayes,2468,dispersion,10.65284514427185,11.209844589233398,11.71325387954712
bike,dune_bayes,2469,dispersion,8.16887640953064,8.691355228424072,9.226447486877442
bike,dune_bayes,2470,dispersion,8.432379055023194,8.933953762054443,9.400547218322753
bike,dune_bayes,2471,dispersion,10.91290225982666,11.349225521087646,11.767435598373414
bike,dune_bayes,2472,dispersion,10.057791566848755,10.492805004119873,10.897081518173218
bike,dune_bayes,2473,dispersion,9.897062206268311,10.315280437469482,10.720449495315552
bike,dune_bayes,2474,dispersion,9.921155977249146,10.365497589111328,10.768243503570556
bike,dune_bayes,2475,dispersion,10.227082109451294,10.652100563049316,11.059125185012817
bike,dune_bayes,2476,dispersion,11.358073663711547,11.862134456634521,12.339763736724853
bike,dune_bayes,2477,dispersion,11.489584493637086,11.949204444885254,12.406774187088013
bike,dune_bayes,2478,dispersion,11.282688903808594,11.73115062713623,12.158033514022826
bike,dune_bayes,2479,dispersion,10.941728210449218,11.373912811279297,11.78175597190857
bike,dune_bayes,2480,dispersion,9.49082841873169,9.936183452606201,10.356690645217896
bike,dune_bayes,2481,dispersion,9.861359882354737,10.34446668624878,10.75441255569458
bike,dune_bayes,2482,dispersion,10.226451873779297,10.690651893615723,11.094174766540528
bike,dune_bayes,2483,dispersion,10.639718723297118,11.095449447631836,11.525705718994141
bike,dune_bayes,2484,dispersion,7.898172640800476,8.369372367858887,8.857395029067993
bike,dune_bayes,2485,dispersion,8.740616703033448,9.203031063079834,9.643783044815063
bike,dune_bayes,2486,dispersion,9.249545669555664,9.707377910614014,10.158269786834717
bike,dune_bayes,2487,dispersion,9.583436012268066,10.086693286895752,10.54037528038025
bike,dune_bayes,2488,dispersion,9.455293989181518,9.927257061004639,10.396056509017944
bike,dune_bayes,2489,dispersion,7.386842536926269,7.837686777114868,8.315639352798462
bike,dune_bayes,2490,dispersion,8.75552773475647,9.182035446166992,9.658196544647216
bike,dune_bayes,2491,dispersion,10.557162952423095,11.073610782623291,11.539332008361816
bike,dune_bayes,2492,dispersion,10.122528028488158,10.634323120117188,11.0793785572052
bike,dune_bayes,2493,dispersion,9.930476188659668,10.353271484375,10.73857593536377
bike,dune_bayes,2494,dispersion,8.924021148681641,9.397044658660889,9.829298782348632
bike,dune_bayes,2495,dispersion,11.057152938842773,11.577577114105225,12.121372079849243
bike,dune_bayes,2496,dispersion,11.184199857711793,11.654923915863037,12.06980333328247
bike,dune_bayes,2497,dispersion,11.1123206615448,11.605961799621582,12.122326135635376
bike,dune_bayes,2498,dispersion,11.137759685516357,11.625468254089355,12.081248998641968
bike,dune_bayes,2499,dispersion,10.421687412261964,10.822601318359375,11.249457311630248
bike,dune_bayes,2500,dispersion,8.989890861511231,9.480931758880615,9.867945957183839
bike,dune_bayes,2501,dispersion,10.143040370941161,10.56367301940918,10.946861553192138
bike,dune_bayes,2502,dispersion,10.102600049972533,10.609796524047852,11.040249681472778
bike,dune_bayes,2503,dispersion,10.39064073562622,10.820405960083008,11.21702537536621
bike,dune_bayes,2504,dispersion,10.002739572525025,10.442212104797363,10.832021045684815
bike,dune_bayes,2505,dispersion,8.924021148681641,9.397044658660889,9.829298782348632
bike,dune_bayes,2506,dispersion,9.695502185821534,10.144022941589355,10.533971643447876
bike,dune_bayes,2507,dispersion,10.504437923431396,10.967356204986572,11.38085880279541
bike,dune_bayes,2508,dispersion,9.774595928192138,10.21375560760498,10.614575481414795
bike,dune_bayes,2509,dispersion,11.364247560501099,11.839057445526123,12.27024312019348
bike,dune_bayes,2510,dispersion,11.417934608459472,11.897522449493408,12.325895643234253
bike,dune_bayes,2511,dispersion,11.239903020858765,11.71334457397461,12.135045766830444
bike,dune_bayes,2512,dispersion,9.066088008880616,9.49865198135376,9.901894283294677
bike,dune_bayes,2513,dispersion,9.804679727554321,10.249557971954346,10.646988868713379
bike,dune_bayes,2514,dispersion,10.441516828536987,10.877612590789795,11.269410467147827
bike,dune_bayes,2515,dispersion,10.974410200119019,11.40621566772461,11.823700857162475
bike,dune_bayes,2516,dispersion,11.426821184158324,11.919174194335938,12.358555459976197
bike,dune_bayes,2517,dispersion,11.572608423233032,12.034468650817871,12.496343994140625
bike,dune_bayes,2518,dispersion,11.562003326416015,12.015954494476318,12.463127613067627
bike,dune_bayes,2519,dispersion,11.244074487686158,11.684744358062744,12.12720193862915
bike,dune_bayes,2520,dispersion,10.820640373229981,11.281455039978027,11.693920564651489
bike,dune_bayes,2521,dispersion,10.043127155303955,10.590962886810303,11.080343866348267
bike,dune_bayes,2522,dispersion,11.192316436767578,11.758280277252197,12.272870779037476
bike,dune_bayes,2523,dispersion,9.57064938545227,10.050594806671143,10.5085928440094
bike,dune_bayes,2524,dispersion,9.032385635375977,9.49730110168457,9.973446607589722
bike,dune_bayes,2525,dispersion,8.814542198181153,9.276333808898926,9.748701477050782
bike,dune_bayes,2526,dispersion,8.725443983078003,9.19549036026001,9.680095720291138
bike,dune_bayes,2527,dispersion,11.024319124221801,11.575868606567383,12.061172437667846
bike,dune_bayes,2528,dispersion,9.675557804107665,10.135173320770264,10.613899993896483
bike,dune_bayes,2529,dispersion,9.487007474899292,9.923650741577148,10.339196157455444
bike,dune_bayes,2530,dispersion,11.668761777877808,12.162609100341797,12.65127363204956
bike,dune_bayes,2531,dispersion,10.321558904647826,10.734939575195312,11.127819061279297
bike,dune_bayes,2532,dispersion,9.194496440887452,9.726848125457764,10.17130618095398
bike,dune_bayes,2533,dispersion,9.554328060150146,10.01667594909668,10.457236623764038
bike,dune_bayes,2534,dispersion,9.349658727645874,9.855784893035889,10.265025949478149
bike,dune_bayes,2535,dispersion,11.175273513793945,11.661548137664795,12.133002805709838
bike,dune_bayes,2536,dispersion,11.455597257614135,11.966991901397705,12.489087629318238
bike,dune_bayes,2537,dispersion,10.77630968093872,11.206797122955322,11.623525476455688
bike,dune_bayes,2538,dispersion,10.766367864608764,11.18651008605957,11.599994945526122
bike,dune_bayes,2539,dispersion,10.414467334747314,10.824771404266357,11.225294494628907
bike,dune_bayes,2540,dispersion,10.329342269897461,10.753853797912598,11.15190281867981
bike,dune_bayes,2541,dispersion,10.70313229560852,11.121996402740479,11.52723150253296
bike,dune_bayes,2542,dispersion,11.301156568527222,11.751817226409912,12.194034719467162
bike,dune_bayes,2543,dispersion,8.909946489334107,9.37856149673462,9.800495147705078
bike,dune_bayes,2544,dispersion,8.909946489334107,9.37856149673462,9.800495147705078
bike,dune_bayes,2545,dispersion,10.415986347198487,10.848077297210693,11.242425775527954
bike,dune_bayes,2546,dispersion,10.790105247497559,11.21138620376587,11.618764781951905
bike,dune_bayes,2547,dispersion,10.992742776870728,11.430903911590576,11.84204797744751
bike,dune_bayes,2548,dispersion,11.315648317337036,11.751011848449707,12.185451221466064
bike,dune_bayes,2549,dispersion,9.868617153167724,10.362725734710693,10.812897205352783
bike,dune_bayes,2550,dispersion,10.523021984100343,11.0399489402771,11.498244428634644
bike,dune_bayes,2551,dispersion,10.235483741760254,10.730211734771729,11.192634010314942
bike,dune_bayes,2552,dispersion,9.704445743560791,10.203127384185791,10.640659284591674
bike,dune_bayes,2553,dispersion,8.654205942153931,9.091501235961914,9.556202030181884
bike,dune_bayes,2554,dispersion,9.953308582305908,10.43794298171997,10.894212055206298
bike,dune_bayes,2555,dispersion,9.730822563171387,10.204700946807861,10.65761466026306
bike,dune_bayes,2556,dispersion,9.10148253440857,9.5492582321167,10.006170892715454
bike,dune_bayes,2557,dispersion,8.354781198501588,8.834318161010742,9.275270175933837
bike,dune_bayes,2558,dispersion,8.884174299240112,9.354122638702393,9.761203002929687
bike,dune_bayes,2559,dispersion,8.94721007347107,9.423823833465576,9.827739334106445
bike,dune_bayes,2560,dispersion,9.80481505393982,10.226284503936768,10.616823291778564
bike,dune_bayes,2561,dispersion,9.855751752853394,10.284946918487549,10.67913885116577
bike,dune_bayes,2562,dispersion,9.691565084457398,10.11867618560791,10.515542221069335
bike,dune_bayes,2563,dispersion,9.884517192840576,10.310588359832764,10.69471025466919
bike,dune_bayes,2564,dispersion,9.708385753631593,10.140059471130371,10.537258100509643
bike,dune_bayes,2565,dispersion,9.212042379379273,9.649347305297852,10.074203252792358
bike,dune_bayes,2566,dispersion,9.580941200256348,10.022971630096436,10.45348982810974
bike,dune_bayes,2567,dispersion,9.983125114440918,10.406011581420898,10.812215805053711
bike,dune_bayes,2568,dispersion,10.668788051605224,11.118960857391357,11.559915399551391
bike,dune_bayes,2569,dispersion,11.209445428848266,11.641361713409424,12.076204442977906
bike,dune_bayes,2570,dispersion,9.183833456039428,9.646621704101562,10.095795679092406
bike,dune_bayes,2571,dispersion,8.790961170196534,9.26801347732544,9.728824090957641
bike,dune_bayes,2572,dispersion,11.229572677612305,11.787498950958252,12.278110599517822
bike,dune_bayes,2573,dispersion,11.171977329254151,11.642293453216553,12.102795171737672
bike,dune_bayes,2574,dispersion,10.707622528076172,11.146842956542969,11.590811824798584
bike,dune_bayes,2575,dispersion,9.852511644363403,10.33806037902832,10.804950332641601
bike,dune_bayes,2576,dispersion,11.151023721694946,11.617461681365967,12.08934850692749
bike,dune_bayes,2577,dispersion,11.286709833145142,11.722132205963135,12.161383199691773
bike,dune_bayes,2578,dispersion,10.994139432907104,11.415410041809082,11.845086097717285
bike,dune_bayes,2579,dispersion,11.143636751174927,11.58188772201538,12.002310276031494
bike,dune_bayes,2580,dispersion,10.534219884872437,10.97772216796875,11.399978685379029
bike,dune_bayes,2581,dispersion,10.06460862159729,10.493669033050537,10.899821519851685
bike,dune_bayes,2582,dispersion,8.469136333465576,8.925716400146484,9.407305240631104
bike,dune_bayes,2583,dispersion,8.238940477371216,8.719773769378662,9.231159496307372
bike,dune_bayes,2584,dispersion,11.079205799102784,11.632849216461182,12.138430309295654
bike,dune_bayes,2585,dispersion,11.123386573791503,11.67402696609497,12.152514362335204
bike,dune_bayes,2586,dispersion,11.016720819473267,11.55873441696167,12.068985557556152
bike,dune_bayes,2587,dispersion,8.888876676559448,9.38144826889038,9.871161890029907
bike,dune_bayes,2588,dispersion,9.264690828323364,9.726488590240479,10.191511678695678
bike,dune_bayes,2589,dispersion,10.79551568031311,11.330613613128662,11.82791714668274
bike,dune_bayes,2590,dispersion,10.537066650390624,10.9580659866333,11.363957786560059
bike,dune_bayes,2591,dispersion,9.844651746749879,10.27856731414795,10.680715703964234
bike,dune_bayes,2592,dispersion,11.61628828048706,12.10225534439087,12.574272727966308
bike,dune_bayes,2593,dispersion,11.493966865539551,11.951388835906982,12.402200078964233
bike,dune_bayes,2594,dispersion,11.83964581489563,12.355613231658936,12.865914154052735
bike,dune_bayes,2595,dispersion,11.132140254974365,11.610392570495605,12.043007278442381
bike,dune_bayes,2596,dispersion,10.476137781143189,10.914963722229004,11.316427564620971
bike,dune_bayes,2597,dispersion,10.489290618896485,10.932602882385254,11.333146286010741
bike,dune_bayes,2598,dispersion,10.677268171310425,11.149928569793701,11.607567834854125
bike,dune_bayes,2599,dispersion,11.584392881393432,12.108736991882324,12.67128939628601
bike,dune_bayes,2600,dispersion,11.62022819519043,12.121104717254639,12.668214082717896
bike,dune_bayes,2601,dispersion,10.813923168182374,11.250675201416016,11.648854446411132
bike,dune_bayes,2602,dispersion,10.663855695724488,11.103834629058838,11.512176513671875
bike,dune_bayes,2603,dispersion,10.863604879379272,11.328001022338867,11.758506679534912
bike,dune_bayes,2604,dispersion,10.961338520050049,11.414957046508789,11.816555643081665
bike,dune_bayes,2605,dispersion,11.339024972915649,11.7976975440979,12.221709537506104
bike,dune_bayes,2606,dispersion,11.722667741775513,12.212208271026611,12.668011283874511
bike,dune_bayes,2607,dispersion,11.948879814147949,12.495398998260498,13.092166757583618
bike,dune_bayes,2608,dispersion,11.991525650024414,12.518299579620361,13.049580001831053
bike,dune_bayes,2609,dispersion,11.883477449417114,12.40138864517212,12.87257785797119
bike,dune_bayes,2610,dispersion,11.802529621124268,12.306904792785645,12.761284828186035
bike,dune_bayes,2611,dispersion,10.475191974639893,10.937466144561768,11.346363592147826
bike,dune_bayes,2612,dispersion,10.026069641113281,10.460596561431885,10.862003135681153
bike,dune_bayes,2613,dispersion,11.986130332946777,12.485599517822266,12.951674938201904
bike,dune_bayes,2614,dispersion,12.079356002807618,12.599173069000244,13.08329825401306
bike,dune_bayes,2615,dispersion,12.001905536651611,12.486793041229248,12.970266580581665
bike,dune_bayes,2616,dispersion,11.021812057495117,11.452744483947754,11.87247667312622
bike,dune_bayes,2617,dispersion,11.02108817100525,11.465683937072754,11.890762042999267
bike,dune_bayes,2618,dispersion,10.981391191482544,11.423265933990479,11.845507431030272
bike,dune_bayes,2619,dispersion,10.79426031112671,11.213201522827148,11.629176044464112
bike,dune_bayes,2620,dispersion,10.400684833526611,10.81804370880127,11.213681507110595
bike,dune_bayes,2621,dispersion,10.543471240997315,10.959731578826904,11.367774391174317
bike,dune_bayes,2622,dispersion,11.914063501358033,12.396267414093018,12.85677785873413
bike,dune_bayes,2623,dispersion,11.888603830337525,12.35138988494873,12.82243800163269
bike,dune_bayes,2624,dispersion,11.606425380706787,12.067560195922852,12.516873693466186
bike,dune_bayes,2625,dispersion,8.162791728973389,8.625622272491455,9.122173500061034
bike,dune_bayes,2626,dispersion,10.797610092163087,11.344813823699951,11.845065021514891
bike,dune_bayes,2627,dispersion,10.333617210388184,10.81449842453003,11.305742788314818
bike,dune_bayes,2628,dispersion,8.99473237991333,9.477409839630127,9.972671747207642
bike,dune_bayes,2629,dispersion,9.76321029663086,10.257013320922852,10.791914796829223
bike,dune_bayes,2630,dispersion,10.863723993301392,11.385319709777832,11.875992107391358
bike,dune_bayes,2631,dispersion,10.911753368377685,11.440771102905273,11.918994188308716
bike,dune_bayes,2632,dispersion,11.09086046218872,11.621172428131104,12.122046661376952
bike,dune_bayes,2633,dispersion,10.566051387786866,11.115166187286377,11.602506256103515
bike,dune_bayes,2634,dispersion,10.931159687042236,11.357316970825195,11.7795889377594
bike,dune_bayes,2635,dispersion,11.611935806274413,12.07441520690918,12.529526138305664
bike,dune_bayes,2636,dispersion,11.227029514312743,11.679375648498535,12.121563625335693
bike,dune_bayes,2637,dispersion,11.115733432769776,11.570742130279541,12.004584550857544
bike,dune_bayes,2638,dispersion,10.231501960754395,10.707610130310059,11.173807621002197
bike,dune_bayes,2639,dispersion,10.432144021987915,10.872995853424072,11.308970308303833
bike,dune_bayes,2640,dispersion,11.789685392379761,12.240245342254639,12.705184173583984
bike,dune_bayes,2641,dispersion,11.854031801223755,12.33849573135376,12.82366304397583
bike,dune_bayes,2642,dispersion,12.03272500038147,12.50659704208374,12.98908772468567
bike,dune_bayes,2643,dispersion,11.77381067276001,12.238507270812988,12.710882186889648
bike,dune_bayes,2644,dispersion,8.591859054565429,9.08568811416626,9.591277742385865
bike,dune_bayes,2645,dispersion,8.472659587860107,8.935251235961914,9.419965362548828
bike,dune_bayes,2646,dispersion,9.980593252182008,10.484041690826416,10.973112869262694
bike,dune_bayes,2647,dispersion,10.82083339691162,11.344168663024902,11.820302963256836
bike,dune_bayes,2648,dispersion,10.924152898788453,11.3409743309021,11.753397130966187
bike,dune_bayes,2649,dispersion,10.445283555984497,10.948474884033203,11.418627786636353
bike,dune_bayes,2650,dispersion,12.036184406280517,12.549464702606201,13.039447164535522
bike,dune_bayes,2651,dispersion,12.041542482376098,12.533720016479492,12.992031717300415
bike,dune_bayes,2652,dispersion,11.9418194770813,12.455760478973389,12.929373168945311
bike,dune_bayes,2653,dispersion,11.718523311614991,12.166742324829102,12.630754852294922
bike,dune_bayes,2654,dispersion,10.911199188232422,11.351770401000977,11.78572382926941
bike,dune_bayes,2655,dispersion,10.68753514289856,11.123611450195312,11.553481483459473
bike,dune_bayes,2656,dispersion,10.402471017837524,10.838701725006104,11.248623037338257
bike,dune_bayes,2657,dispersion,10.639969205856323,11.065887928009033,11.48284649848938
bike,dune_bayes,2658,dispersion,10.571369743347168,10.996824264526367,11.413191795349121
bike,dune_bayes,2659,dispersion,11.429813289642334,11.863107681274414,12.31137728691101
bike,dune_bayes,2660,dispersion,11.118360042572021,11.568995952606201,12.019256544113158
bike,dune_bayes,2661,dispersion,9.520206212997437,9.99262285232544,10.472443866729735
bike,dune_bayes,2662,dispersion,10.048046827316284,10.532504081726074,11.028878784179687
bike,dune_bayes,2663,dispersion,10.84286608695984,11.376181602478027,11.892559289932251
bike,dune_bayes,2664,dispersion,10.25215449333191,10.75114917755127,11.256372594833374
bike,dune_bayes,2665,dispersion,11.030828332901,11.576432704925537,12.071488857269287
bike,dune_bayes,2666,dispersion,11.030617237091064,11.562668800354004,12.062873029708863
bike,dune_bayes,2667,dispersion,8.407657718658447,8.894180297851562,9.400119590759276
bike,dune_bayes,2668,dispersion,9.071933889389038,9.56078815460205,10.02519278526306
bike,dune_bayes,2669,dispersion,9.330995416641235,9.80522632598877,10.259689998626708
bike,dune_bayes,2670,dispersion,9.320140743255616,9.886421203613281,10.33566575050354
bike,dune_bayes,2671,dispersion,9.468062543869019,9.93743085861206,10.367579889297485
bike,dune_bayes,2672,dispersion,11.358995151519775,11.778561115264893,12.213491058349609
bike,dune_bayes,2673,dispersion,11.577195739746093,12.0657320022583,12.510401535034179
bike,dune_bayes,2674,dispersion,10.638528156280518,11.097262859344482,11.555851411819457
bike,dune_bayes,2675,dispersion,10.528227186203003,10.978853225708008,11.402819156646729
bike,dune_bayes,2676,dispersion,9.92209234237671,10.35664987564087,10.780146360397339
bike,dune_bayes,2677,dispersion,9.605381298065186,10.046114444732666,10.480324697494506
bike,dune_bayes,2678,dispersion,10.790349340438842,11.214739322662354,11.642175149917602
bike,dune_bayes,2679,dispersion,10.142092370986939,10.58119821548462,10.987055778503418
bike,dune_bayes,2680,dispersion,9.444552850723266,9.913074493408203,10.340273141860962
bike,dune_bayes,2681,dispersion,8.522027492523193,9.025791645050049,9.543428802490235
bike,dune_bayes,2682,dispersion,8.522027492523193,9.025791645050049,9.543428802490235
bike,dune_bayes,2683,dispersion,8.914427185058594,9.396122455596924,9.831362438201904
bike,dune_bayes,2684,dispersion,8.914427185058594,9.396122455596924,9.831362438201904
bike,dune_bayes,2685,dispersion,11.404904508590699,11.839953899383545,12.290697526931762
bike,dune_bayes,2686,dispersion,11.554553413391114,11.99546766281128,12.451032972335815
bike,dune_bayes,2687,dispersion,11.731877040863036,12.195997714996338,12.648661851882935
bike,dune_bayes,2688,dispersion,9.897236680984497,10.368175983428955,10.802616548538207
bike,dune_bayes,2689,dispersion,9.580941200256348,10.022971630096436,10.45348982810974
bike,dune_bayes,2690,dispersion,10.22890076637268,10.653696537017822,11.056153154373169
bike,dune_bayes,2691,dispersion,11.3917706489563,11.842309951782227,12.283279705047606
bike,dune_bayes,2692,dispersion,11.219021797180176,11.633579730987549,12.066500520706176
bike,dune_bayes,2693,dispersion,10.558216190338134,11.074563980102539,11.525435256958007
bike,dune_bayes,2694,dispersion,8.48686728477478,8.961031913757324,9.460464668273925
bike,dune_bayes,2695,dispersion,9.631557893753051,10.10611343383789,10.587543773651122
bike,dune_bayes,2696,dispersion,10.177202177047729,10.669394969940186,11.164106464385986
bike,dune_bayes,2697,dispersion,9.209305810928345,9.762208461761475,10.253617572784423
bike,dune_bayes,2698,dispersion,8.891866970062257,9.36576223373413,9.842168617248534
bike,dune_bayes,2699,dispersion,8.407657718658447,8.894180297851562,9.400119590759276
bike,dune_bayes,2700,dispersion,8.33234624862671,8.801589965820312,9.303277301788329
bike,dune_bayes,2701,dispersion,10.171430587768555,10.816345691680908,11.356192111968994
bike,dune_bayes,2702,dispersion,8.891866970062257,9.36576223373413,9.842168617248534
bike,dune_bayes,2703,dispersion,9.826052618026733,10.269494533538818,10.71416449546814
bike,dune_bayes,2704,dispersion,10.034847164154053,10.483630180358887,10.915857362747193
bike,dune_bayes,2705,dispersion,10.32518973350525,10.76407241821289,11.18228096961975
bike,dune_bayes,2706,dispersion,9.918831062316894,10.37061882019043,10.828886270523071
bike,dune_bayes,2707,dispersion,9.852511644363403,10.33806037902832,10.804950332641601
bike,dune_bayes,2708,dispersion,11.428316593170166,11.864803314208984,12.322639417648315
bike,dune_bayes,2709,dispersion,11.928251457214355,12.398087978363037,12.88906807899475
bike,dune_bayes,2710,dispersion,10.166874027252197,10.603862762451172,11.02030234336853
bike,dune_bayes,2711,dispersion,11.127396059036254,11.687621593475342,12.169003915786742
bike,dune_bayes,2712,dispersion,10.679475402832031,11.120534420013428,11.540791177749634
bike,dune_bayes,2713,dispersion,10.510206317901611,10.959282875061035,11.380346822738648
bike,dune_bayes,2714,dispersion,10.229083681106568,10.713429927825928,11.165884590148925
bike,dune_bayes,2715,dispersion,10.625856733322143,11.07673978805542,11.525405502319336
bike,dune_bayes,2716,dispersion,10.282913112640381,10.721635341644287,11.145508670806885
bike,dune_bayes,2717,dispersion,10.335044002532959,10.766093254089355,11.185620832443236
bike,dune_bayes,2718,dispersion,11.148904466629029,11.634057998657227,12.096914958953857
bike,dune_bayes,2719,dispersion,11.055808401107788,11.611237525939941,12.09023175239563
bike,dune_bayes,2720,dispersion,11.660703229904176,12.103361129760742,12.561759185791015
bike,dune_bayes,2721,dispersion,9.002729034423828,9.485793113708496,9.916989469528199
bike,dune_bayes,2722,dispersion,9.091661071777343,9.562749862670898,9.99810676574707
bike,dune_bayes,2723,dispersion,9.685017442703247,10.127215385437012,10.564368629455567
bike,dune_bayes,2724,dispersion,9.740833854675293,10.24664306640625,10.671469593048096
bike,dune_bayes,2725,dispersion,8.59403100013733,9.087163925170898,9.554526424407959
bike,dune_bayes,2726,dispersion,8.104265022277833,8.594824314117432,9.086561059951782
bike,dune_bayes,2727,dispersion,8.413583898544312,8.882382869720459,9.357302713394164
bike,dune_bayes,2728,dispersion,8.202135753631591,8.695191383361816,9.190352869033813
bike,dune_bayes,2729,dispersion,8.102811717987061,8.56886100769043,9.065191221237182
bike,dune_bayes,2730,dispersion,8.027459621429443,8.491021156311035,8.994890117645264
bike,dune_bayes,2731,dispersion,8.027459621429443,8.491021156311035,8.994890117645264
bike,dune_bayes,2732,dispersion,7.5417417049407955,8.05759572982788,8.577457809448243
bike,dune_bayes,2733,dispersion,8.724750471115112,9.218371391296387,9.707399463653564
bike,dune_bayes,2734,dispersion,9.300858306884766,9.774322032928467,10.274106407165528
bike,dune_bayes,2735,dispersion,9.132581567764282,9.602086544036865,10.073681449890136
bike,dune_bayes,2736,dispersion,9.21742386817932,9.675140380859375,10.15436224937439
bike,dune_bayes,2737,dispersion,8.858494234085082,9.356388568878174,9.821363592147828
bike,dune_bayes,2738,dispersion,8.742596673965455,9.238166809082031,9.688655996322632
bike,dune_bayes,2739,dispersion,8.742596673965455,9.238166809082031,9.688655996322632
bike,dune_bayes,2740,dispersion,9.41144232749939,9.891603946685791,10.33912706375122
bike,dune_bayes,2741,dispersion,11.141090440750123,11.59511137008667,12.026985454559325
bike,dune_bayes,2742,dispersion,10.87667956352234,11.318325996398926,11.74974513053894
bike,dune_bayes,2743,dispersion,11.171977329254151,11.642293453216553,12.102795171737672
bike,dune_bayes,2744,dispersion,10.727804040908813,11.145318031311035,11.568383407592773
bike,dune_bayes,2745,dispersion,9.398943614959716,9.857983589172363,10.28606071472168
bike,dune_bayes,2746,dispersion,9.183833456039428,9.646621704101562,10.095795679092406
bike,dune_bayes,2747,dispersion,10.490285396575928,10.921703815460205,11.344205570220947
bike,dune_bayes,2748,dispersion,10.958429050445556,11.38749074935913,11.843096351623535
bike,dune_bayes,2749,dispersion,10.7173415184021,11.137449741363525,11.548242712020874
bike,dune_bayes,2750,dispersion,10.602136993408203,11.021896839141846,11.41938166618347
bike,dune_bayes,2751,dispersion,10.14491400718689,10.560920715332031,10.946702146530152
bike,dune_bayes,2752,dispersion,10.23071517944336,10.639309406280518,11.026636695861816
bike,dune_bayes,2753,dispersion,10.936885976791382,11.469579219818115,11.927545976638793
bike,dune_bayes,2754,dispersion,10.936885976791382,11.469579219818115,11.927545976638793
bike,dune_bayes,2755,dispersion,11.367212581634522,11.81429386138916,12.262048864364624
bike,dune_bayes,2756,dispersion,11.255600214004517,11.690338611602783,12.117791414260864
bike,dune_bayes,2757,dispersion,10.370311069488526,10.79392385482788,11.190055465698242
bike,dune_bayes,2758,dispersion,10.246862602233886,10.688008308410645,11.098331212997437
bike,dune_bayes,2759,dispersion,9.29371657371521,9.770780563354492,10.269324827194215
bike,dune_bayes,2760,dispersion,11.637384748458862,12.114484310150146,12.616824388504028
bike,dune_bayes,2761,dispersion,11.614276123046874,12.074315547943115,12.545018529891967
bike,dune_bayes,2762,dispersion,9.689785575866699,10.154435634613037,10.64071249961853
bike,dune_bayes,2763,dispersion,8.926511573791505,9.41744327545166,9.936783027648925
bike,dune_bayes,2764,dispersion,9.297651529312134,9.77352523803711,10.259964561462402
bike,dune_bayes,2765,dispersion,11.13104600906372,11.671447277069092,12.154422283172607
bike,dune_bayes,2766,dispersion,10.862217044830322,11.387990474700928,11.861809968948364
bike,dune_bayes,2767,dispersion,8.161653232574462,8.662798881530762,9.189585161209106
bike,dune_bayes,2768,dispersion,8.577465772628784,9.04723596572876,9.544124794006347
bike,dune_bayes,2769,dispersion,9.336305475234985,9.79906415939331,10.259911489486694
bike,dune_bayes,2770,dispersion,10.290148258209229,10.817084789276123,11.290816497802734
bike,dune_bayes,2771,dispersion,10.379944276809692,10.904972553253174,11.391473817825316
bike,dune_bayes,2772,dispersion,9.45731258392334,9.928052425384521,10.41398844718933
bike,dune_bayes,2773,dispersion,10.639969205856323,11.065887928009033,11.48284649848938
bike,dune_bayes,2774,dispersion,10.668788051605224,11.118960857391357,11.559915399551391
bike,dune_bayes,2775,dispersion,11.194668054580688,11.65312147140503,12.088986158370972
bike,dune_bayes,2776,dispersion,10.08186936378479,10.51862096786499,10.931541061401367
bike,dune_bayes,2777,dispersion,10.10506205558777,10.558035373687744,10.970056533813477
bike,dune_bayes,2778,dispersion,9.134065341949462,9.59810209274292,10.039990139007568
bike,dune_bayes,2779,dispersion,9.487007474899292,9.923650741577148,10.339196157455444
bike,dune_bayes,2780,dispersion,9.728300380706788,10.166104316711426,10.579429292678833
bike,dune_bayes,2781,dispersion,9.701750707626342,10.15036392211914,10.601667881011963
bike,dune_bayes,2782,dispersion,9.537061977386475,10.010497093200684,10.471327304840088
bike,dune_bayes,2783,dispersion,8.920614337921142,9.411953926086426,9.909056043624878
bike,dune_bayes,2784,dispersion,9.29371657371521,9.770780563354492,10.269324827194215
bike,dune_bayes,2785,dispersion,9.895722818374633,10.341302394866943,10.793937635421752
bike,dune_bayes,2786,dispersion,10.558429956436157,11.077508449554443,11.53673686981201
bike,dune_bayes,2787,dispersion,11.016483402252197,11.481629848480225,11.953972434997558
bike,dune_bayes,2788,dispersion,11.490637826919556,11.96085786819458,12.420183849334716
bike,dune_bayes,2789,dispersion,10.96301851272583,11.501530170440674,11.984428644180298
bike,dune_bayes,2790,dispersion,10.33724112510681,10.766327857971191,11.173345375061036
bike,dune_bayes,2791,dispersion,9.398943614959716,9.857983589172363,10.28606071472168
bike,dune_bayes,2792,dispersion,10.166874027252197,10.603862762451172,11.02030234336853
bike,dune_bayes,2793,dispersion,11.235981559753418,11.665944576263428,12.096834897994995
bike,dune_bayes,2794,dispersion,11.572778749465943,12.022256851196289,12.488928413391113
bike,dune_bayes,2795,dispersion,11.787930059432984,12.25703763961792,12.71765604019165
bike,dune_bayes,2796,dispersion,10.7680428981781,11.196876525878906,11.623074197769165
bike,dune_bayes,2797,dispersion,8.646532154083252,9.12124252319336,9.61229510307312
bike,dune_bayes,2798,dispersion,8.646532154083252,9.12124252319336,9.61229510307312
bike,dune_bayes,2799,dispersion,10.253232431411742,10.744935512542725,11.238634252548218
bike,dune_bayes,2800,dispersion,9.685082864761352,10.192294120788574,10.669408082962036
bike,dune_bayes,2801,dispersion,9.925079679489135,10.441069602966309,10.93558645248413
bike,dune_bayes,2802,dispersion,10.832249927520753,11.467289447784424,12.014678192138671
bike,dune_bayes,2803,dispersion,10.938900232315063,11.610716342926025,12.21672372817993
bike,dune_bayes,2804,dispersion,10.665662860870361,11.168308734893799,11.639140081405639
bike,dune_bayes,2805,dispersion,8.794504165649414,9.280189037322998,9.773676586151122
bike,dune_bayes,2806,dispersion,9.371726274490356,9.851728439331055,10.344207286834717
bike,dune_bayes,2807,dispersion,9.761486148834228,10.205535888671875,10.64468331336975
bike,dune_bayes,2808,dispersion,9.843395042419434,10.284797668457031,10.708071041107177
bike,dune_bayes,2809,dispersion,9.898597383499146,10.356183528900146,10.764325618743896
bike,dune_bayes,2810,dispersion,9.768480110168458,10.21786880493164,10.638347816467284
bike,dune_bayes,2811,dispersion,10.104491996765137,10.55454397201538,10.988650035858154
bike,dune_bayes,2812,dispersion,10.151817798614502,10.595719814300537,11.00896921157837
bike,dune_bayes,2813,dispersion,9.41144232749939,9.891603946685791,10.33912706375122
bike,dune_bayes,2814,dispersion,10.185228872299195,10.612406253814697,11.022283697128296
bike,dune_bayes,2815,dispersion,10.239159202575683,10.676423072814941,11.097331523895264
bike,dune_bayes,2816,dispersion,10.07965931892395,10.567859649658203,11.022325038909912
bike,dune_bayes,2817,dispersion,11.346053075790405,11.775696277618408,12.230308723449706
bike,dune_bayes,2818,dispersion,10.166874027252197,10.603862762451172,11.02030234336853
bike,dune_bayes,2819,dispersion,9.685017442703247,10.127215385437012,10.564368629455567
bike,dune_bayes,2820,dispersion,11.400092315673827,11.869343757629395,12.34320502281189
bike,dune_bayes,2821,dispersion,11.927815771102905,12.40270709991455,12.852491617202757
bike,dune_bayes,2822,dispersion,11.143636751174927,11.58188772201538,12.002310276031494
bike,dune_bayes,2823,dispersion,9.374713850021362,9.843210697174072,10.29222264289856
bike,dune_bayes,2824,dispersion,9.731197404861451,10.227042198181152,10.655180072784423
bike,dune_bayes,2825,dispersion,9.217407131195069,9.747397899627686,10.192671632766723
bike,dune_bayes,2826,dispersion,8.910265588760376,9.399672985076904,9.852040672302246
bike,dune_bayes,2827,dispersion,9.605381298065186,10.046114444732666,10.480324697494506
bike,dune_bayes,2828,dispersion,11.111867666244507,11.577943801879883,12.044527339935302
bike,dune_bayes,2829,dispersion,10.94773497581482,11.39521312713623,11.846335124969482
bike,dune_bayes,2830,dispersion,10.723204231262207,11.18602466583252,11.61180567741394
bike,dune_bayes,2831,dispersion,10.679475402832031,11.120534420013428,11.540791177749634
bike,dune_bayes,2832,dispersion,8.788295221328735,9.240842819213867,9.706442260742188
bike,dune_bayes,2833,dispersion,8.194554471969605,8.67040205001831,9.18108549118042
bike,dune_bayes,2834,dispersion,8.797068643569947,9.246548652648926,9.725606632232665
bike,dune_bayes,2835,dispersion,10.487879753112793,11.002405166625977,11.462878704071045
bike,dune_bayes,2836,dispersion,10.330916357040405,10.84608793258667,11.314523839950562
bike,dune_bayes,2837,dispersion,10.37712116241455,10.930294036865234,11.401969814300537
bike,dune_bayes,2838,dispersion,9.802153921127319,10.241524696350098,10.652005481719971
bike,dune_bayes,2839,dispersion,11.256820058822631,11.688926219940186,12.145370054244994
bike,dune_bayes,2840,dispersion,10.502424192428588,10.924985885620117,11.335141324996949
bike,dune_bayes,2841,dispersion,9.554328060150146,10.01667594909668,10.457236623764038
bike,dune_bayes,2842,dispersion,10.745427989959717,11.188591957092285,11.613105058670044
bike,dune_bayes,2843,dispersion,10.290416574478149,10.729207515716553,11.14671220779419
bike,dune_bayes,2844,dispersion,10.79226450920105,11.212305545806885,11.632185077667236
bike,dune_bayes,2845,dispersion,10.152312898635865,10.561572551727295,10.957542753219604
bike,dune_bayes,2846,dispersion,10.65574746131897,11.073374271392822,11.493036937713622
bike,dune_bayes,2847,dispersion,10.543471240997315,10.959731578826904,11.367774391174317
bike,dune_bayes,2848,dispersion,10.119611454010009,10.54184865951538,10.946642923355101
bike,dune_bayes,2849,dispersion,11.741241264343262,12.22540807723999,12.66569380760193
bike,dune_bayes,2850,dispersion,11.684964418411255,12.135545253753662,12.594178056716919
bike,dune_bayes,2851,dispersion,10.565467405319215,11.025383949279785,11.453200817108154
bike,dune_bayes,2852,dispersion,10.45781855583191,10.899706363677979,11.32318935394287
bike,dune_bayes,2853,dispersion,10.859318161010743,11.27421760559082,11.695140361785889
bike,dune_bayes,2854,dispersion,8.611309957504272,9.072400093078613,9.552017259597777
bike,dune_bayes,2855,dispersion,8.413583898544312,8.882382869720459,9.357302713394164
bike,dune_bayes,2856,dispersion,9.574889039993286,10.06345510482788,10.521738481521606
bike,dune_bayes,2857,dispersion,10.663479852676392,11.184391975402832,11.64476170539856
bike,dune_bayes,2858,dispersion,10.098909425735474,10.589560985565186,11.040649366378783
bike,dune_bayes,2859,dispersion,8.858353519439698,9.316926002502441,9.791416645050049
bike,dune_bayes,2860,dispersion,8.80966682434082,9.300201892852783,9.800614166259765
bike,dune_bayes,2861,dispersion,8.888876676559448,9.38144826889038,9.871161890029907
bike,dune_bayes,2862,dispersion,8.537084293365478,9.00222396850586,9.488138914108276
bike,dune_bayes,2863,dispersion,8.84674916267395,9.319082260131836,9.7945641040802
bike,dune_bayes,2864,dispersion,8.3792724609375,8.870520114898682,9.34681577682495
bike,dune_bayes,2865,dispersion,11.03204550743103,11.45433759689331,11.870378446578979
bike,dune_bayes,2866,dispersion,9.546093082427978,9.9895920753479,10.407526636123658
bike,dune_bayes,2867,dispersion,9.436346197128296,9.931297779083252,10.348348760604859
bike,dune_bayes,2868,dispersion,9.03342022895813,9.503055572509766,9.930386924743653
bike,dune_bayes,2869,dispersion,8.709089326858521,9.164810180664062,9.621790266036987
bike,dune_bayes,2870,dispersion,9.296891689300537,9.737732887268066,10.15584168434143
bike,dune_bayes,2871,dispersion,10.745495939254761,11.261219024658203,11.726545763015746
bike,dune_bayes,2872,dispersion,11.219280433654784,11.646832466125488,12.094402074813843
bike,dune_bayes,2873,dispersion,8.749984788894654,9.231065273284912,9.723075723648071
bike,dune_bayes,2874,dispersion,8.852124404907226,9.312721252441406,9.768661546707154
bike,dune_bayes,2875,dispersion,9.580941200256348,10.022971630096436,10.45348982810974
bike,dune_bayes,2876,dispersion,9.33558201789856,9.800081253051758,10.242829751968383
bike,dune_bayes,2877,dispersion,9.089038515090943,9.558624267578125,10.036912393569946
bike,dune_bayes,2878,dispersion,8.749984788894654,9.231065273284912,9.723075723648071
bike,dune_bayes,2879,dispersion,8.749984788894654,9.231065273284912,9.723075723648071
bike,dune_bayes,2880,dispersion,8.749984788894654,9.231065273284912,9.723075723648071
bike,dune_bayes,2881,dispersion,10.89809455871582,11.371068954467773,11.823323726654053
bike,dune_bayes,2882,dispersion,11.358995151519775,11.778561115264893,12.213491058349609
bike,dune_bayes,2883,dispersion,10.457290506362915,10.879770755767822,11.294828701019288
bike,dune_bayes,2884,dispersion,9.595559215545654,10.066572189331055,10.507806730270385
bike,dune_bayes,2885,dispersion,9.595559215545654,10.066572189331055,10.507806730270385
bike,dune_bayes,2886,dispersion,10.944347143173218,11.41162109375,11.848985385894775
bike,dune_bayes,2887,dispersion,10.65574746131897,11.073374271392822,11.493036937713622
bike,dune_bayes,2888,dispersion,9.926051235198974,10.36845350265503,10.795811700820924
bike,dune_bayes,2889,dispersion,9.208250951766967,9.693519115447998,10.19933648109436
bike,dune_bayes,2890,dispersion,10.163002014160156,10.729931354522705,11.236681461334229
bike,dune_bayes,2891,dispersion,8.235099363327027,8.703423976898193,9.214152812957764
bike,dune_bayes,2892,dispersion,9.025049257278443,9.498648166656494,9.97037763595581
bike,dune_bayes,2893,dispersion,8.349609613418579,8.876991748809814,9.372167587280273
bike,dune_bayes,2894,dispersion,8.382305431365968,8.847688674926758,9.324562788009644
bike,dune_bayes,2895,dispersion,9.996746158599853,10.429115772247314,10.856293773651123
bike,dune_bayes,2896,dispersion,10.229083681106568,10.713429927825928,11.165884590148925
bike,dune_bayes,2897,dispersion,10.883636379241944,11.318493843078613,11.745665407180786
bike,dune_bayes,2898,dispersion,10.994094514846802,11.47285795211792,11.933863878250122
bike,dune_bayes,2899,dispersion,10.46659803390503,10.898900032043457,11.318009662628173
bike,dune_bayes,2900,dispersion,9.118253993988038,9.59279727935791,10.039447164535522
bike,dune_bayes,2901,dispersion,10.831638288497924,11.267987728118896,11.703398370742798
bike,dune_bayes,2902,dispersion,10.760820627212524,11.224603652954102,11.662994861602783
bike,dune_bayes,2903,dispersion,10.273363018035889,10.757516860961914,11.21818494796753
bike,dune_bayes,2904,dispersion,10.107204961776734,10.584409713745117,11.032569408416748
bike,dune_bayes,2905,dispersion,9.897062206268311,10.315280437469482,10.720449495315552
bike,dune_bayes,2906,dispersion,9.639110994338989,10.053226947784424,10.474552917480468
bike,dune_bayes,2907,dispersion,9.691565084457398,10.11867618560791,10.515542221069335
bike,dune_bayes,2908,dispersion,10.932181072235107,11.345778942108154,11.758292770385742
bike,dune_bayes,2909,dispersion,10.570545101165772,11.076686382293701,11.53850245475769
bike,dune_bayes,2910,dispersion,10.70502405166626,11.217347145080566,11.68669409751892
bike,dune_bayes,2911,dispersion,11.305158567428588,11.742253303527832,12.170415163040161
bike,dune_bayes,2912,dispersion,11.211559867858886,11.645408153533936,12.073702764511108
bike,dune_bayes,2913,dispersion,10.8432532787323,11.264163494110107,11.680239391326904
bike,dune_bayes,2914,dispersion,10.415153121948242,10.864981651306152,11.271513557434082
bike,dune_bayes,2915,dispersion,9.673690700531006,10.141475677490234,10.569158840179444
bike,dune_bayes,2916,dispersion,9.249876308441163,9.705057621002197,10.140639400482177
bike,dune_bayes,2917,dispersion,9.249876308441163,9.705057621002197,10.140639400482177
bike,dune_bayes,2918,dispersion,9.121396255493163,9.58817720413208,10.005005168914794
bike,dune_bayes,2919,dispersion,10.150522756576539,10.628867149353027,11.079464626312255
bike,dune_bayes,2920,dispersion,10.944347143173218,11.41162109375,11.848985385894775
bike,dune_bayes,2921,dispersion,11.736022663116454,12.208115100860596,12.661811351776123
bike,dune_bayes,2922,dispersion,10.785545206069946,11.2121901512146,11.63793225288391
bike,dune_bayes,2923,dispersion,8.790961170196534,9.26801347732544,9.728824090957641
bike,dune_bayes,2924,dispersion,9.537061977386475,10.010497093200684,10.471327304840088
bike,dune_bayes,2925,dispersion,12.010742902755737,12.496673107147217,12.95627908706665
bike,dune_bayes,2926,dispersion,11.13438959121704,11.591382026672363,12.039797592163087
bike,dune_bayes,2927,dispersion,9.303939533233642,9.779022216796875,10.24038324356079
bike,dune_bayes,2928,dispersion,8.359511852264404,8.853190898895264,9.356728029251098
bike,dune_bayes,2929,dispersion,10.311213970184326,10.811109066009521,11.307086563110351
bike,dune_bayes,2930,dispersion,9.82990312576294,10.320898532867432,10.791260147094727
bike,dune_bayes,2931,dispersion,7.691648268699646,8.198631286621094,8.73656849861145
bike,dune_bayes,2932,dispersion,8.023577690124512,8.517470836639404,9.036536598205565
bike,dune_bayes,2933,dispersion,8.023577690124512,8.517470836639404,9.036536598205565
bike,dune_bayes,2934,dispersion,7.7774899959564205,8.287190437316895,8.834946727752685
bike,dune_bayes,2935,dispersion,7.7774899959564205,8.287190437316895,8.834946727752685
bike,dune_bayes,2936,dispersion,9.004098749160766,9.49111795425415,10.015089559555053
bike,dune_bayes,2937,dispersion,8.671049213409423,9.127990245819092,9.619841814041138
bike,dune_bayes,2938,dispersion,8.023577690124512,8.517470836639404,9.036536598205565
bike,dune_bayes,2939,dispersion,8.06217555999756,8.563674449920654,9.109411573410034
bike,dune_bayes,2940,dispersion,9.685082864761352,10.192294120788574,10.669408082962036
bike,dune_bayes,2941,dispersion,9.365390300750732,9.844733715057373,10.33259196281433
bike,dune_bayes,2942,dispersion,11.136444807052612,11.65967607498169,12.150554609298705
bike,dune_bayes,2943,dispersion,10.306440830230713,10.752289772033691,11.178550291061402
bike,dune_bayes,2944,dispersion,10.31447238922119,10.781671047210693,11.201227712631226
bike,dune_bayes,2945,dispersion,9.979230499267578,10.464157104492188,10.881633377075195
bike,dune_bayes,2946,dispersion,10.151817798614502,10.595719814300537,11.00896921157837
bike,dune_bayes,2947,dispersion,10.767435884475708,11.20794153213501,11.637942790985107
bike,dune_bayes,2948,dispersion,10.53934555053711,10.979697227478027,11.387341260910034
bike,dune_bayes,2949,dispersion,10.329403018951416,10.761029720306396,11.177984619140625
bike,dune_bayes,2950,dispersion,9.282158803939819,9.761306762695312,10.229755449295045
bike,dune_bayes,2951,dispersion,9.29371657371521,9.770780563354492,10.269324827194215
bike,dune_bayes,2952,dispersion,8.742596673965455,9.238166809082031,9.688655996322632
bike,dune_bayes,2953,dispersion,10.46659803390503,10.898900032043457,11.318009662628173
bike,dune_bayes,2954,dispersion,10.43540153503418,10.88624382019043,11.30620288848877
bike,dune_bayes,2955,dispersion,10.10506205558777,10.558035373687744,10.970056533813477
bike,dune_bayes,2956,dispersion,8.914427185058594,9.396122455596924,9.831362438201904
bike,dune_bayes,2957,dispersion,8.784056138992309,9.266968727111816,9.719181632995605
bike,dune_bayes,2958,dispersion,10.87667956352234,11.318325996398926,11.74974513053894
bike,dune_bayes,2959,dispersion,11.123042917251587,11.563848972320557,12.002793073654175
bike,dune_bayes,2960,dispersion,11.290356111526489,11.732850551605225,12.195084428787231
bike,dune_bayes,2961,dispersion,10.570482349395752,10.994273662567139,11.403590202331543
bike,dune_bayes,2962,dispersion,10.003655576705933,10.616584777832031,11.1208589553833
bike,dune_bayes,2963,dispersion,10.40017876625061,11.060391426086426,11.62083134651184
bike,dune_bayes,2964,dispersion,8.103591966629029,8.554365158081055,9.033234739303587
bike,dune_bayes,2965,dispersion,8.649811172485352,9.104285717010498,9.57850399017334
bike,dune_bayes,2966,dispersion,8.678256464004516,9.14274263381958,9.598938989639283
bike,dune_bayes,2967,dispersion,9.503022289276123,9.983747482299805,10.43121542930603
bike,dune_bayes,2968,dispersion,10.299498891830444,10.810910701751709,11.259688234329223
bike,dune_bayes,2969,dispersion,10.071991395950317,10.569467067718506,11.012567234039306
bike,dune_bayes,2970,dispersion,9.518535614013672,10.000891208648682,10.441839504241944
bike,dune_bayes,2971,dispersion,10.10143871307373,10.54401445388794,10.953339052200317
bike,dune_bayes,2972,dispersion,9.638313961029052,10.080421447753906,10.467847394943238
bike,dune_bayes,2973,dispersion,11.092083644866943,11.546361923217773,11.966394424438477
bike,dune_bayes,2974,dispersion,11.038551139831544,11.4877610206604,11.906284618377684
bike,dune_bayes,2975,dispersion,10.254347372055054,10.697415828704834,11.073052787780762
bike,dune_bayes,2976,dispersion,9.909577798843383,10.332881450653076,10.712296772003173
bike,dune_bayes,2977,dispersion,10.116868686676025,10.54279375076294,10.931047677993774
bike,dune_bayes,2978,dispersion,10.051420593261719,10.480909824371338,10.873460721969604
bike,dune_bayes,2979,dispersion,9.453828191757202,9.888303756713867,10.282128143310546
bike,dune_bayes,2980,dispersion,8.235747241973877,8.707099914550781,9.161866521835327
bike,dune_bayes,2981,dispersion,10.06381597518921,10.481024265289307,10.877068996429443
bike,dune_bayes,2982,dispersion,9.872806119918824,10.310580730438232,10.708883142471313
bike,dune_bayes,2983,dispersion,10.8432532787323,11.264163494110107,11.680239391326904
bike,dune_bayes,2984,dispersion,10.420378160476684,10.919023513793945,11.367303371429443
bike,dune_bayes,2985,dispersion,11.215628290176392,11.636985778808594,12.069177961349487
bike,dune_bayes,2986,dispersion,9.260546112060547,9.708115577697754,10.13262710571289
bike,dune_bayes,2987,dispersion,10.267282056808472,10.77314567565918,11.231166315078735
bike,dune_bayes,2988,dispersion,10.462563037872314,10.97508430480957,11.436199426651001
bike,dune_bayes,2989,dispersion,8.496757411956787,8.96780776977539,9.44815239906311
bike,dune_bayes,2990,dispersion,7.798523163795471,8.278777599334717,8.723491716384887
bike,dune_bayes,2991,dispersion,9.787423992156983,10.276447772979736,10.729214525222778
bike,dune_bayes,2992,dispersion,9.962378883361817,10.473873138427734,10.924953985214234
bike,dune_bayes,2993,dispersion,9.55011830329895,10.084906578063965,10.568308544158935
bike,dune_bayes,2994,dispersion,9.552801179885865,10.025526523590088,10.489619159698487
bike,dune_bayes,2995,dispersion,9.222173595428467,9.670302867889404,10.128508853912352
bike,dune_bayes,2996,dispersion,8.767199325561524,9.223501682281494,9.65757613182068
bike,dune_bayes,2997,dispersion,8.300070333480836,8.762679100036621,9.196901416778564
bike,dune_bayes,2998,dispersion,9.650541639328003,10.068978786468506,10.457322692871093
bike,dune_bayes,2999,dispersion,10.024326610565186,10.451401233673096,10.854267263412476
bike,dune_bayes,3000,dispersion,9.96208963394165,10.387800693511963,10.776317071914672
bike,dune_bayes,3001,dispersion,10.334312248229981,10.758048057556152,11.158273124694825
bike,dune_bayes,3002,dispersion,10.15659565925598,10.599103927612305,11.00437660217285
bike,dune_bayes,3003,dispersion,9.44281268119812,10.054036140441895,10.5396089553833
bike,dune_bayes,3004,dispersion,9.638152933120727,10.27286958694458,10.800661134719848
bike,dune_bayes,3005,dispersion,9.087160921096801,9.607408046722412,10.043567800521851
bike,dune_bayes,3006,dispersion,9.853371095657348,10.298982620239258,10.689709043502807
bike,dune_bayes,3007,dispersion,9.942031240463256,10.387561321258545,10.78586287498474
bike,dune_bayes,3008,dispersion,10.010484647750854,10.442056655883789,10.835329723358154
bike,dune_bayes,3009,dispersion,10.788015508651734,11.226490497589111,11.628831624984741
bike,dune_bayes,3010,dispersion,8.044950437545776,8.526691436767578,8.967375040054321
bike,dune_bayes,3011,dispersion,8.344103717803955,8.786771774291992,9.216033458709717
bike,dune_bayes,3012,dispersion,9.072149324417115,9.510133266448975,9.892752361297607
bike,dune_bayes,3013,dispersion,10.76908187866211,11.205851554870605,11.606355810165406
bike,dune_bayes,3014,dispersion,10.759647941589355,11.190568923950195,11.598400497436524
bike,dune_bayes,3015,dispersion,9.86063117980957,10.281319618225098,10.664321947097779
bike,dune_bayes,3016,dispersion,8.666548538208009,9.114126682281494,9.532487201690675
bike,dune_bayes,3017,dispersion,8.174842929840088,8.644295692443848,9.099844264984132
bike,dune_bayes,3018,dispersion,9.22777018547058,9.647300720214844,10.060401821136475
bike,dune_bayes,3019,dispersion,9.866825294494628,10.343783855438232,10.74890022277832
bike,dune_bayes,3020,dispersion,8.290015935897827,8.775787830352783,9.247031211853027
bike,dune_bayes,3021,dispersion,8.598612022399902,9.074375629425049,9.541439390182495
bike,dune_bayes,3022,dispersion,8.983547830581665,9.470398426055908,9.927965927124022
bike,dune_bayes,3023,dispersion,10.176004362106323,10.66764497756958,11.125012969970703
bike,dune_bayes,3024,dispersion,10.088007926940918,10.591302871704102,11.037074851989747
bike,dune_bayes,3025,dispersion,8.491582536697388,8.93707799911499,9.363476562499999
bike,dune_bayes,3026,dispersion,9.785497617721557,10.292094230651855,10.73193621635437
bike,dune_bayes,3027,dispersion,9.001678657531738,9.46227216720581,9.942502689361572
bike,dune_bayes,3028,dispersion,9.319486808776855,9.743721961975098,10.111690092086791
bike,dune_bayes,3029,dispersion,10.5846932888031,11.030795574188232,11.428186321258545
bike,dune_bayes,3030,dispersion,10.885047578811646,11.316533088684082,11.731673049926757
bike,dune_bayes,3031,dispersion,11.203920078277587,11.677113056182861,12.104905366897583
bike,dune_bayes,3032,dispersion,11.184199857711793,11.654923915863037,12.06980333328247
bike,dune_bayes,3033,dispersion,11.171742153167724,11.634885787963867,12.050418138504028
bike,dune_bayes,3034,dispersion,10.501343154907227,10.91767168045044,11.337364101409912
bike,dune_bayes,3035,dispersion,9.036228466033936,9.467440128326416,9.88894600868225
bike,dune_bayes,3036,dispersion,10.069318532943726,10.488581657409668,10.87709903717041
bike,dune_bayes,3037,dispersion,10.486245965957641,10.90187120437622,11.308494901657104
bike,dune_bayes,3038,dispersion,11.292578029632569,11.7355375289917,12.170240116119384
bike,dune_bayes,3039,dispersion,11.301156568527222,11.751817226409912,12.194034719467162
bike,dune_bayes,3040,dispersion,10.766661453247071,11.18584156036377,11.600147342681884
bike,dune_bayes,3041,dispersion,10.152312898635865,10.561572551727295,10.957542753219604
bike,dune_bayes,3042,dispersion,9.545442962646485,10.01975154876709,10.423547649383545
bike,dune_bayes,3043,dispersion,8.555045318603515,9.030494689941406,9.505158996582031
bike,dune_bayes,3044,dispersion,9.756293201446534,10.229928493499756,10.66608829498291
bike,dune_bayes,3045,dispersion,10.558216190338134,11.074563980102539,11.525435256958007
bike,dune_bayes,3046,dispersion,10.152558660507202,10.570013046264648,10.966697835922242
bike,dune_bayes,3047,dispersion,11.035597562789917,11.460761070251465,11.871679258346557
bike,dune_bayes,3048,dispersion,10.91201286315918,11.337878704071045,11.757613563537598
bike,dune_bayes,3049,dispersion,10.759647941589355,11.190568923950195,11.598400497436524
bike,dune_bayes,3050,dispersion,10.350244855880737,10.78250503540039,11.172146129608155
bike,dune_bayes,3051,dispersion,9.518535614013672,10.000891208648682,10.441839504241944
bike,dune_bayes,3052,dispersion,10.084992599487304,10.585418224334717,11.030314064025879
bike,dune_bayes,3053,dispersion,8.563874292373658,8.984151363372803,9.470655584335328
bike,dune_bayes,3054,dispersion,8.306508636474609,8.775904655456543,9.255859756469727
bike,dune_bayes,3055,dispersion,8.01769986152649,8.469844818115234,8.938976144790649
bike,dune_bayes,3056,dispersion,8.580241489410401,9.014191150665283,9.48550968170166
bike,dune_bayes,3057,dispersion,10.0240948677063,10.525669574737549,10.967945575714111
bike,dune_bayes,3058,dispersion,10.209376668930053,10.722755432128906,11.170742607116699
bike,dune_bayes,3059,dispersion,8.184789514541626,8.61918020248413,9.09495177268982
bike,dune_bayes,3060,dispersion,7.677252984046936,8.16504192352295,8.605702304840088
bike,dune_bayes,3061,dispersion,7.927712941169739,8.382648944854736,8.849639940261842
bike,dune_bayes,3062,dispersion,7.965281844139099,8.429889678955078,8.854196119308472
bike,dune_bayes,3063,dispersion,8.044950437545776,8.526691436767578,8.967375040054321
bike,dune_bayes,3064,dispersion,8.471204042434692,8.91220760345459,9.332436847686768
bike,dune_bayes,3065,dispersion,9.128633785247803,9.598742961883545,10.021169900894165
bike,dune_bayes,3066,dispersion,10.597785663604736,11.039896011352539,11.429936504364013
bike,dune_bayes,3067,dispersion,9.611250066757203,10.046174049377441,10.4373553276062
bike,dune_bayes,3068,dispersion,8.674652910232544,9.153457641601562,9.599133539199828
bike,dune_bayes,3069,dispersion,8.773371362686158,9.254926681518555,9.698790311813354
bike,dune_bayes,3070,dispersion,8.16887640953064,8.691355228424072,9.226447486877442
bike,dune_bayes,3071,dispersion,7.764311981201172,8.316521644592285,8.835886716842651
bike,dune_bayes,3072,dispersion,8.469756412506104,8.962876796722412,9.408662605285643
bike,dune_bayes,3073,dispersion,9.374713850021362,9.843210697174072,10.29222264289856
bike,dune_bayes,3074,dispersion,8.482584714889526,8.98440933227539,9.501069927215577
bike,dune_bayes,3075,dispersion,8.828130292892457,9.311188697814941,9.759823608398438
bike,dune_bayes,3076,dispersion,10.72581057548523,11.153998851776123,11.578169202804565
bike,dune_bayes,3077,dispersion,10.331825160980225,10.773877143859863,11.179376602172852
bike,dune_bayes,3078,dispersion,10.331825160980225,10.773877143859863,11.179376602172852
bike,dune_bayes,3079,dispersion,8.645397853851318,9.106150150299072,9.55145058631897
bike,dune_bayes,3080,dispersion,11.139579629898071,11.572872638702393,11.99744634628296
bike,dune_bayes,3081,dispersion,10.74133529663086,11.254185199737549,11.72058401107788
bike,dune_bayes,3082,dispersion,9.708385753631593,10.140059471130371,10.537258100509643
bike,dune_bayes,3083,dispersion,9.296891689300537,9.737732887268066,10.15584168434143
bike,dune_bayes,3084,dispersion,8.248678493499757,8.735155582427979,9.2107497215271
bike,dune_bayes,3085,dispersion,8.138669967651367,8.625195026397705,9.100494337081908
bike,dune_bayes,3086,dispersion,9.23739414215088,9.717767238616943,10.186042261123657
bike,dune_bayes,3087,dispersion,9.402370405197143,9.954403400421143,10.436162900924682
bike,dune_bayes,3088,dispersion,8.298457956314087,8.734924793243408,9.188577222824096
bike,dune_bayes,3089,dispersion,8.215981245040894,8.651912212371826,9.124682712554932
bike,dune_bayes,3090,dispersion,7.602951693534851,8.050037860870361,8.524088144302368
bike,dune_bayes,3091,dispersion,7.650538492202759,8.090157985687256,8.557184028625489
bike,dune_bayes,3092,dispersion,7.686608457565308,8.130767345428467,8.605611276626586
bike,dune_bayes,3093,dispersion,7.164037704467773,7.622268438339233,8.08830771446228
bike,dune_bayes,3094,dispersion,7.227739644050598,7.701068878173828,8.163178396224975
bike,dune_bayes,3095,dispersion,7.528889012336731,8.023985385894775,8.476323318481445
bike,dune_bayes,3096,dispersion,6.308016967773438,6.78648042678833,7.26920964717865
bike,dune_bayes,3097,dispersion,7.763909530639649,8.207799911499023,8.6603994846344
bike,dune_bayes,3098,dispersion,8.249116611480712,8.68552303314209,9.122616720199584
bike,dune_bayes,3099,dispersion,8.3965558052063,8.819729804992676,9.256404590606689
bike,dune_bayes,3100,dispersion,8.20321078300476,8.663103580474854,9.084679222106933
bike,dune_bayes,3101,dispersion,8.005624580383301,8.491496086120605,8.890536022186279
bike,dune_bayes,3102,dispersion,7.630500388145447,8.11940860748291,8.530606889724732
bike,dune_bayes,3103,dispersion,7.6997079133987425,8.230510711669922,8.656146001815795
bike,dune_bayes,3104,dispersion,8.73119559288025,9.20072317123413,9.588508605957031
bike,dune_bayes,3105,dispersion,9.213864707946778,9.641147136688232,10.011982727050782
bike,dune_bayes,3106,dispersion,9.130074548721314,9.545642852783203,9.942011642456055
bike,dune_bayes,3107,dispersion,8.682356119155884,9.120989322662354,9.532255029678344
bike,dune_bayes,3108,dispersion,7.611549973487854,8.108964920043945,8.601902866363526
bike,dune_bayes,3109,dispersion,7.911087059974671,8.397436618804932,8.829689741134644
bike,dune_bayes,3110,dispersion,10.657173299789429,11.100822925567627,11.504047966003418
bike,dune_bayes,3111,dispersion,9.67200813293457,10.107678890228271,10.510181283950805
bike,dune_bayes,3112,dispersion,9.494660568237304,9.968044757843018,10.41990065574646
bike,dune_bayes,3113,dispersion,10.086684370040894,10.55569314956665,10.968932914733886
bike,dune_bayes,3114,dispersion,7.456384563446045,7.925585031509399,8.349428606033324
bike,dune_bayes,3115,dispersion,7.582124638557434,8.054947853088379,8.483409214019774
bike,dune_bayes,3116,dispersion,7.50214273929596,7.960517883300781,8.418474388122558
bike,dune_bayes,3117,dispersion,7.436038970947266,7.8832831382751465,8.33752236366272
bike,dune_bayes,3118,dispersion,7.961223673820496,8.391683578491211,8.858398199081421
bike,dune_bayes,3119,dispersion,9.151935386657716,9.629547119140625,10.070095634460449
bike,dune_bayes,3120,dispersion,9.477223205566407,9.95877981185913,10.398528337478638
bike,dune_bayes,3121,dispersion,8.09957938194275,8.528751373291016,9.001042079925536
bike,dune_bayes,3122,dispersion,8.268231010437011,8.689579963684082,9.126127815246582
bike,dune_bayes,3123,dispersion,7.602615404129028,8.061553955078125,8.528724765777588
bike,dune_bayes,3124,dispersion,8.552631139755249,9.00832748413086,9.443371677398682
bike,dune_bayes,3125,dispersion,7.227739644050598,7.701068878173828,8.163178396224975
bike,dune_bayes,3126,dispersion,10.177484273910522,10.678865432739258,11.125597095489502
bike,dune_bayes,3127,dispersion,9.350350666046143,9.811327934265137,10.258478593826293
bike,dune_bayes,3128,dispersion,8.980731010437012,9.46151351928711,9.906575775146484
bike,dune_bayes,3129,dispersion,10.161839818954467,10.62056303024292,11.040417194366455
bike,dune_bayes,3130,dispersion,9.996569538116455,10.446637630462646,10.852294111251831
bike,dune_bayes,3131,dispersion,10.043674325942993,10.529349327087402,10.955173826217651
bike,dune_bayes,3132,dispersion,9.615273332595825,10.11283540725708,10.512666320800781
bike,dune_bayes,3133,dispersion,9.979441356658935,10.409019947052002,10.801500034332275
bike,dune_bayes,3134,dispersion,9.52221245765686,9.983635425567627,10.373016262054444
bike,dune_bayes,3135,dispersion,10.601448011398315,11.043913841247559,11.441730356216429
bike,dune_bayes,3136,dispersion,9.046064519882203,9.507491111755371,9.937664890289307
bike,dune_bayes,3137,dispersion,7.7149855375289915,8.193186283111572,8.63536295890808
bike,dune_bayes,3138,dispersion,7.039033770561218,7.538884162902832,8.018783855438231
bike,dune_bayes,3139,dispersion,7.582124638557434,8.054947853088379,8.483409214019774
bike,dune_bayes,3140,dispersion,7.916113686561585,8.400919437408447,8.843417882919312
bike,dune_bayes,3141,dispersion,9.197142553329467,9.625372886657715,10.01285171508789
bike,dune_bayes,3142,dispersion,8.207102727890014,8.71756649017334,9.122625970840454
bike,dune_bayes,3143,dispersion,8.084069871902466,8.589290142059326,8.991967487335206
bike,dune_bayes,3144,dispersion,8.396223831176759,8.883222103118896,9.281206035614014
bike,dune_bayes,3145,dispersion,8.122082328796386,8.645856380462646,9.059962272644043
bike,dune_bayes,3146,dispersion,10.214084243774414,10.624939441680908,11.01692819595337
bike,dune_bayes,3147,dispersion,10.77630968093872,11.206797122955322,11.623525476455688
bike,dune_bayes,3148,dispersion,8.073754358291627,8.570572853088379,9.056830739974975
bike,dune_bayes,3149,dispersion,8.447586345672608,8.926747798919678,9.391103267669678
bike,dune_bayes,3150,dispersion,8.239558029174805,8.740540504455566,9.195684814453125
bike,dune_bayes,3151,dispersion,8.08213963508606,8.566486358642578,9.034174251556397
bike,dune_bayes,3152,dispersion,10.38537130355835,10.823592185974121,11.2362154006958
bike,dune_bayes,3153,dispersion,7.944320583343506,8.38164234161377,8.849505853652953
bike,dune_bayes,3154,dispersion,7.454311966896057,7.91058349609375,8.366800928115845
bike,dune_bayes,3155,dispersion,9.037818717956544,9.552066802978516,10.028226375579834
bike,dune_bayes,3156,dispersion,7.537969660758972,7.996726989746094,8.451919174194336
bike,dune_bayes,3157,dispersion,9.533531141281127,10.037865161895752,10.478318977355958
bike,dune_bayes,3158,dispersion,9.730360269546509,10.25483226776123,10.696299839019776
bike,dune_bayes,3159,dispersion,9.12650990486145,9.580068111419678,10.016907930374146
bike,dune_bayes,3160,dispersion,8.456628847122193,8.863297462463379,9.32145447731018
bike,dune_bayes,3161,dispersion,8.100724744796754,8.564964294433594,9.04816918373108
bike,dune_bayes,3162,dispersion,8.068511772155762,8.5451979637146,8.964777612686158
bike,dune_bayes,3163,dispersion,9.007923030853272,9.46122121810913,9.855498266220092
bike,dune_bayes,3164,dispersion,10.511626529693604,10.953094005584717,11.357578659057618
bike,dune_bayes,3165,dispersion,8.303439092636108,8.768397331237793,9.1930006980896
bike,dune_bayes,3166,dispersion,8.216764211654663,8.682246208190918,9.109248065948487
bike,dune_bayes,3167,dispersion,8.071606779098511,8.566646099090576,8.989995670318603
bike,dune_bayes,3168,dispersion,8.212827825546265,8.661347389221191,9.084849023818968
bike,dune_bayes,3169,dispersion,9.808310270309448,10.229115962982178,10.610928964614867
bike,dune_bayes,3170,dispersion,9.08494005203247,9.519668102264404,9.947024393081666
bike,dune_bayes,3171,dispersion,9.045270252227784,9.507932662963867,9.94105224609375
bike,dune_bayes,3172,dispersion,8.666548538208009,9.114126682281494,9.532487201690675
bike,dune_bayes,3173,dispersion,8.530578470230102,8.987194061279297,9.41896810531616
bike,dune_bayes,3174,dispersion,9.974220561981202,10.420436382293701,10.819805479049682
bike,dune_bayes,3175,dispersion,10.356096267700195,10.86242389678955,11.302642393112183
bike,dune_bayes,3176,dispersion,10.026069641113281,10.460596561431885,10.862003135681153
bike,dune_bayes,3177,dispersion,8.645397853851318,9.106150150299072,9.55145058631897
bike,dune_bayes,3178,dispersion,8.433681297302247,8.920169353485107,9.360199451446533
bike,dune_bayes,3179,dispersion,8.697486114501952,9.155858039855957,9.57750391960144
bike,dune_bayes,3180,dispersion,8.773124313354492,9.239750862121582,9.650943946838378
bike,dune_bayes,3181,dispersion,9.538475942611694,9.959112644195557,10.374609231948853
bike,dune_bayes,3182,dispersion,8.718866395950318,9.188629150390625,9.614490556716918
bike,dune_bayes,3183,dispersion,9.594276857376098,10.017963886260986,10.41399793624878
bike,dune_bayes,3184,dispersion,9.51296067237854,9.943696022033691,10.344223022460938
bike,dune_bayes,3185,dispersion,7.6865668296813965,8.14821481704712,8.626722955703736
bike,dune_bayes,3186,dispersion,9.129665422439576,9.61406135559082,10.059982538223267
bike,dune_bayes,3187,dispersion,9.832958221435547,10.31709623336792,10.75977087020874
bike,dune_bayes,3188,dispersion,9.286439323425293,9.753780841827393,10.201709985733032
bike,dune_bayes,3189,dispersion,8.50644826889038,8.968603610992432,9.406553268432617
bike,dune_bayes,3190,dispersion,8.561044025421143,9.028990268707275,9.463547134399414
bike,dune_bayes,3191,dispersion,8.867045211791993,9.376200675964355,9.801978969573975
bike,dune_bayes,3192,dispersion,8.99171757698059,9.500934600830078,9.936087465286255
bike,dune_bayes,3193,dispersion,8.993695545196534,9.470627784729004,9.898565006256103
bike,dune_bayes,3194,dispersion,9.09830412864685,9.644982814788818,10.1014657497406
bike,dune_bayes,3195,dispersion,7.299114179611206,7.797094106674194,8.217031717300415
bike,dune_bayes,3196,dispersion,7.299114179611206,7.797094106674194,8.217031717300415
bike,dune_bayes,3197,dispersion,7.028652334213257,7.500069618225098,7.936751270294189
bike,dune_bayes,3198,dispersion,6.940627074241638,7.412867546081543,7.854402327537536
bike,dune_bayes,3199,dispersion,7.325654911994934,7.794566869735718,8.217324781417846
bike,dune_bayes,3200,dispersion,7.243204045295715,7.708301544189453,8.139158535003661
bike,dune_bayes,3201,dispersion,7.325654911994934,7.794566869735718,8.217324781417846
bike,dune_bayes,3202,dispersion,8.117342042922974,8.574673175811768,8.979171895980835
bike,dune_bayes,3203,dispersion,8.51607403755188,8.9791898727417,9.367932462692261
bike,dune_bayes,3204,dispersion,9.404579257965088,9.844569683074951,10.237758159637451
bike,dune_bayes,3205,dispersion,9.256480741500855,9.70227575302124,10.101103353500365
bike,dune_bayes,3206,dispersion,9.256480741500855,9.70227575302124,10.101103353500365
bike,dune_bayes,3207,dispersion,8.208654117584228,8.662836074829102,9.058917045593262
bike,dune_bayes,3208,dispersion,9.503336811065674,9.942058563232422,10.344676494598389
bike,dune_bayes,3209,dispersion,9.390476417541503,9.854569911956787,10.274924325942994
bike,dune_bayes,3210,dispersion,9.311016941070557,9.748918056488037,10.162040567398071
bike,dune_bayes,3211,dispersion,8.252010345458984,8.691697597503662,9.153907108306885
bike,dune_bayes,3212,dispersion,8.119589710235596,8.565574169158936,9.022716999053955
bike,dune_bayes,3213,dispersion,8.407825994491578,8.883340835571289,9.351916790008545
bike,dune_bayes,3214,dispersion,7.536259770393372,7.976882219314575,8.439393186569214
bike,dune_bayes,3215,dispersion,6.866523003578186,7.318516969680786,7.789827632904053
bike,dune_bayes,3216,dispersion,8.527693605422973,8.969271659851074,9.420448970794677
bike,dune_bayes,3217,dispersion,8.77664294242859,9.234903812408447,9.701764774322509
bike,dune_bayes,3218,dispersion,8.455940389633179,8.914753437042236,9.381459426879882
bike,dune_bayes,3219,dispersion,7.969779777526855,8.418870449066162,8.889582109451293
bike,dune_bayes,3220,dispersion,8.888896131515503,9.327164649963379,9.750280952453613
bike,dune_bayes,3221,dispersion,8.813747692108155,9.249455451965332,9.664433431625366
bike,dune_bayes,3222,dispersion,9.370865821838379,9.807374954223633,10.229259061813355
bike,dune_bayes,3223,dispersion,7.914929342269898,8.377038955688477,8.794812393188476
bike,dune_bayes,3224,dispersion,7.5413408279418945,7.983650207519531,8.421225929260254
bike,dune_bayes,3225,dispersion,7.721344661712647,8.188035488128662,8.60577335357666
bike,dune_bayes,3226,dispersion,9.067922973632813,9.50492238998413,9.947851991653442
bike,dune_bayes,3227,dispersion,8.974484872817992,9.412406921386719,9.836064910888672
bike,dune_bayes,3228,dispersion,8.796615695953369,9.24420166015625,9.642231798171997
bike,dune_bayes,3229,dispersion,8.656872749328613,9.091459274291992,9.477567529678344
bike,dune_bayes,3230,dispersion,8.588062047958374,9.031814575195312,9.433981323242188
bike,dune_bayes,3231,dispersion,8.364743995666505,8.799416542053223,9.202657318115234
bike,dune_bayes,3232,dispersion,8.4678316116333,8.90543508529663,9.324056720733642
bike,dune_bayes,3233,dispersion,8.31950478553772,8.753355026245117,9.157279348373413
bike,dune_bayes,3234,dispersion,8.599526262283325,9.029041290283203,9.442567777633666
bike,dune_bayes,3235,dispersion,9.015775203704834,9.462625980377197,9.885471057891845
bike,dune_bayes,3236,dispersion,8.912087059020996,9.347078323364258,9.758489751815796
bike,dune_bayes,3237,dispersion,8.965288209915162,9.406535148620605,9.828354644775391
bike,dune_bayes,3238,dispersion,8.965288209915162,9.406535148620605,9.828354644775391
bike,dune_bayes,3239,dispersion,8.727956008911132,9.153096199035645,9.561775207519531
bike,dune_bayes,3240,dispersion,8.77086672782898,9.226807117462158,9.635302734375
bike,dune_bayes,3241,dispersion,9.208598089218139,9.668052196502686,10.11502318382263
bike,dune_bayes,3242,dispersion,10.337710666656495,10.844969272613525,11.358530855178833
bike,dune_bayes,3243,dispersion,10.042216444015503,10.529036521911621,10.99082989692688
bike,dune_bayes,3244,dispersion,9.85993595123291,10.343481540679932,10.808463621139525
bike,dune_bayes,3245,dispersion,8.38105354309082,8.837501525878906,9.22380747795105
bike,dune_bayes,3246,dispersion,7.268098044395447,7.712921142578125,8.175192642211913
bike,dune_bayes,3247,dispersion,6.216910767555237,6.704406261444092,7.176857018470764
bike,dune_bayes,3248,dispersion,6.040910601615906,6.531755685806274,7.01912772655487
bike,dune_bayes,3249,dispersion,6.216910767555237,6.704406261444092,7.176857018470764
bike,dune_bayes,3250,dispersion,6.615473437309265,7.082952499389648,7.57536723613739
bike,dune_bayes,3251,dispersion,9.394958400726319,9.86290168762207,10.311836862564087
bike,dune_bayes,3252,dispersion,8.327454042434692,8.797592163085938,9.25351710319519
bike,dune_bayes,3253,dispersion,7.733500504493714,8.277699947357178,8.714730739593506
bike,dune_bayes,3254,dispersion,7.728289079666138,8.307302474975586,8.758348083496093
bike,dune_bayes,3255,dispersion,8.996933317184448,9.432151317596436,9.83254828453064
bike,dune_bayes,3256,dispersion,8.932301807403565,9.392398357391357,9.813457775115968
bike,dune_bayes,3257,dispersion,7.887849259376526,8.346555709838867,8.751546716690063
bike,dune_bayes,3258,dispersion,7.8069299221038815,8.27251672744751,8.678694105148315
bike,dune_bayes,3259,dispersion,8.599526262283325,9.029041290283203,9.442567777633666
bike,dune_bayes,3260,dispersion,9.37821536064148,9.816502094268799,10.23260464668274
bike,dune_bayes,3261,dispersion,8.798808717727661,9.242457389831543,9.673632097244262
bike,dune_bayes,3262,dispersion,8.341686534881593,8.787617683410645,9.22656478881836
bike,dune_bayes,3263,dispersion,7.6897717952728275,8.164186477661133,8.619587516784668
bike,dune_bayes,3264,dispersion,7.656435871124268,8.119474411010742,8.542734575271606
bike,dune_bayes,3265,dispersion,7.450239300727844,7.9069859981536865,8.333473825454712
bike,dune_bayes,3266,dispersion,8.425942134857177,8.864397525787354,9.260330724716185
bike,dune_bayes,3267,dispersion,8.85030689239502,9.291211605072021,9.696620798110962
bike,dune_bayes,3268,dispersion,8.38326096534729,8.845611572265625,9.24245810508728
bike,dune_bayes,3269,dispersion,8.045849752426147,8.500509262084961,8.889493799209594
bike,dune_bayes,3270,dispersion,8.024102783203125,8.485970497131348,8.898245763778686
bike,dune_bayes,3271,dispersion,8.071574068069458,8.511377334594727,8.919700384140015
bike,dune_bayes,3272,dispersion,8.442283391952515,8.897159099578857,9.299642324447632
bike,dune_bayes,3273,dispersion,9.679570388793945,10.119422435760498,10.522118520736694
bike,dune_bayes,3274,dispersion,9.170820617675782,9.616111278533936,10.035765409469604
bike,dune_bayes,3275,dispersion,8.871987295150756,9.307562351226807,9.7083083152771
bike,dune_bayes,3276,dispersion,6.76979444026947,7.2377238273620605,7.7100017070770255
bike,dune_bayes,3277,dispersion,7.157631230354309,7.617467164993286,8.093684864044189
bike,dune_bayes,3278,dispersion,8.984760189056397,9.455980777740479,9.920671367645264
bike,dune_bayes,3279,dispersion,8.77664294242859,9.234903812408447,9.701764774322509
bike,dune_bayes,3280,dispersion,7.996962237358093,8.43006420135498,8.900744915008545
bike,dune_bayes,3281,dispersion,7.752314877510071,8.181539535522461,8.646529006958007
bike,dune_bayes,3282,dispersion,7.303389382362366,7.757975339889526,8.2177659034729
bike,dune_bayes,3283,dispersion,6.498441457748413,6.979909420013428,7.466405081748962
bike,dune_bayes,3284,dispersion,8.651286792755126,9.112831115722656,9.546472835540772
bike,dune_bayes,3285,dispersion,8.286700630187989,8.77897596359253,9.217896938323975
bike,dune_bayes,3286,dispersion,9.23115258216858,9.668406963348389,10.050644826889037
bike,dune_bayes,3287,dispersion,8.95899019241333,9.410735130310059,9.786772394180298
bike,dune_bayes,3288,dispersion,8.172750997543336,8.627589702606201,9.018318319320679
bike,dune_bayes,3289,dispersion,7.9739867687225345,8.416526794433594,8.819738578796386
bike,dune_bayes,3290,dispersion,7.567401790618897,8.029563426971436,8.447668075561523
bike,dune_bayes,3291,dispersion,8.05402045249939,8.498091220855713,8.901864433288575
bike,dune_bayes,3292,dispersion,8.530376434326172,8.981882095336914,9.353750801086425
bike,dune_bayes,3293,dispersion,7.371398997306824,7.839038610458374,8.26240291595459
bike,dune_bayes,3294,dispersion,7.371398997306824,7.839038610458374,8.26240291595459
bike,dune_bayes,3295,dispersion,9.336801052093506,9.771647930145264,10.182762002944946
bike,dune_bayes,3296,dispersion,7.1732629299163815,7.625816583633423,8.09294958114624
bike,dune_bayes,3297,dispersion,6.959553980827332,7.4013917446136475,7.871395111083984
bike,dune_bayes,3298,dispersion,6.308485794067383,6.77428674697876,7.27306637763977
bike,dune_bayes,3299,dispersion,6.6517096042633055,7.116034507751465,7.5976122379302975
bike,dune_bayes,3300,dispersion,8.523975515365601,8.987700462341309,9.44556436538696
bike,dune_bayes,3301,dispersion,8.489952850341798,9.016017436981201,9.497610187530517
bike,dune_bayes,3302,dispersion,6.737820768356324,7.223052978515625,7.684193897247314
bike,dune_bayes,3303,dispersion,6.837268972396851,7.320239782333374,7.787971997261047
bike,dune_bayes,3304,dispersion,7.067769336700439,7.540322542190552,7.981735014915466
bike,dune_bayes,3305,dispersion,6.573574113845825,7.055551528930664,7.552014851570129
bike,dune_bayes,3306,dispersion,6.573574113845825,7.055551528930664,7.552014851570129
bike,dune_bayes,3307,dispersion,9.98914737701416,10.439643383026123,10.83250813484192
bike,dune_bayes,3308,dispersion,9.79870400428772,10.248870372772217,10.670275783538818
bike,dune_bayes,3309,dispersion,8.354664993286132,8.935192108154297,9.451190757751464
bike,dune_bayes,3310,dispersion,7.761953806877136,8.24074411392212,8.72137517929077
bike,dune_bayes,3311,dispersion,7.926712107658386,8.477469444274902,8.992194557189942
bike,dune_bayes,3312,dispersion,8.44124526977539,8.996246814727783,9.523744535446166
bike,dune_bayes,3313,dispersion,8.261297464370728,8.81475305557251,9.337431573867798
bike,dune_bayes,3314,dispersion,7.960833883285522,8.488972187042236,9.0181303024292
bike,dune_bayes,3315,dispersion,8.017233562469482,8.54215145111084,9.074641275405883
bike,dune_bayes,3316,dispersion,7.905592632293701,8.378475189208984,8.872026777267456
bike,dune_bayes,3317,dispersion,7.761953806877136,8.24074411392212,8.72137517929077
bike,dune_bayes,3318,dispersion,7.67710280418396,8.169519901275635,8.683293771743774
bike,dune_bayes,3319,dispersion,7.754544448852539,8.180275917053223,8.674513864517213
bike,dune_bayes,3320,dispersion,7.690249562263489,8.116113662719727,8.594014263153076
bike,dune_bayes,3321,dispersion,6.900095796585083,7.372186660766602,7.85043363571167
bike,dune_bayes,3322,dispersion,7.535032916069031,8.034884452819824,8.437731647491455
bike,dune_bayes,3323,dispersion,7.325654911994934,7.794566869735718,8.217324781417846
bike,dune_bayes,3324,dispersion,7.035525059700012,7.5007853507995605,7.946383976936341
bike,dune_bayes,3325,dispersion,7.341666865348816,7.827312231063843,8.268786525726318
bike,dune_bayes,3326,dispersion,7.810093712806702,8.272044658660889,8.683294773101807
bike,dune_bayes,3327,dispersion,9.33896713256836,9.801135063171387,10.234241008758545
bike,dune_bayes,3328,dispersion,7.218337988853454,7.681612491607666,8.159488916397095
bike,dune_bayes,3329,dispersion,6.855881643295288,7.326205253601074,7.786677122116089
bike,dune_bayes,3330,dispersion,9.368386125564575,9.8168044090271,10.241842699050903
bike,dune_bayes,3331,dispersion,6.377658581733703,6.862584590911865,7.360179424285889
bike,dune_bayes,3332,dispersion,9.496002912521362,9.934342384338379,10.367706966400146
bike,dune_bayes,3333,dispersion,9.07007293701172,9.5174880027771,9.921286344528198
bike,dune_bayes,3334,dispersion,7.7648272037506105,8.228752136230469,8.66605086326599
bike,dune_bayes,3335,dispersion,6.093807125091553,6.573374032974243,7.07325644493103
bike,dune_bayes,3336,dispersion,5.790605688095093,6.283197402954102,6.795969748497009
bike,dune_bayes,3337,dispersion,7.602615404129028,8.061553955078125,8.528724765777588
bike,dune_bayes,3338,dispersion,6.235498452186585,6.724863529205322,7.209320902824402
bike,dune_bayes,3339,dispersion,6.040910601615906,6.531755685806274,7.01912772655487
bike,dune_bayes,3340,dispersion,5.216124749183654,5.763490438461304,6.301925420761108
bike,dune_bayes,3341,dispersion,5.493491387367248,5.989494562149048,6.512725472450256
bike,dune_bayes,3342,dispersion,7.935354876518249,8.384828090667725,8.847904634475707
bike,dune_bayes,3343,dispersion,7.524030542373657,7.984539985656738,8.429826927185058
bike,dune_bayes,3344,dispersion,7.364316701889038,7.827398300170898,8.29069743156433
bike,dune_bayes,3345,dispersion,7.800086188316345,8.254215717315674,8.699484825134277
bike,dune_bayes,3346,dispersion,6.730357766151428,7.237948417663574,7.720988821983337
bike,dune_bayes,3347,dispersion,7.536329507827759,8.02159309387207,8.458625507354736
bike,dune_bayes,3348,dispersion,7.658535122871399,8.141903400421143,8.573798036575317
bike,dune_bayes,3349,dispersion,9.679810905456543,10.092978477478027,10.47672266960144
bike,dune_bayes,3350,dispersion,10.313336610794067,10.727924823760986,11.12308111190796
bike,dune_bayes,3351,dispersion,10.596431875228882,11.01789665222168,11.43538098335266
bike,dune_bayes,3352,dispersion,9.886461782455445,10.306991577148438,10.691465902328492
bike,dune_bayes,3353,dispersion,9.342926979064941,9.794398307800293,10.162915515899659
bike,dune_bayes,3354,dispersion,9.72272310256958,10.219529151916504,10.62662386894226
bike,dune_bayes,3355,dispersion,9.913847589492798,10.367657661437988,10.789369821548462
bike,dune_bayes,3356,dispersion,9.90731339454651,10.346359252929688,10.750133371353149
bike,dune_bayes,3357,dispersion,10.082643699645995,10.539251327514648,10.949891805648804
bike,dune_bayes,3358,dispersion,9.262807941436767,9.72776174545288,10.182687664031983
bike,dune_bayes,3359,dispersion,8.35465874671936,8.80320930480957,9.24836082458496
bike,dune_bayes,3360,dispersion,8.42547345161438,8.856984615325928,9.275617551803588
bike,dune_bayes,3361,dispersion,8.596028709411621,9.030125141143799,9.490744638442994
bike,dune_bayes,3362,dispersion,7.278449440002442,7.739877939224243,8.171932268142701
bike,dune_bayes,3363,dispersion,7.325654911994934,7.794566869735718,8.217324781417846
bike,dune_bayes,3364,dispersion,7.848021721839904,8.319830417633057,8.725172233581542
bike,dune_bayes,3365,dispersion,8.236772871017456,8.68094539642334,9.076873111724852
bike,dune_bayes,3366,dispersion,6.169341373443603,6.657506465911865,7.177670121192932
bike,dune_bayes,3367,dispersion,5.870840954780578,6.3963868618011475,6.90602741241455
bike,dune_bayes,3368,dispersion,5.7676210641860965,6.286129951477051,6.816388535499573
bike,dune_bayes,3369,dispersion,5.950343108177185,6.4732043743133545,6.984842038154601
bike,dune_bayes,3370,dispersion,6.745184445381165,7.208378791809082,7.702564597129822
bike,dune_bayes,3371,dispersion,7.03364679813385,7.520659446716309,8.00606303215027
bike,dune_bayes,3372,dispersion,7.29890205860138,7.751110315322876,8.219856119155883
bike,dune_bayes,3373,dispersion,5.521337366104126,6.0529093742370605,6.601122617721557
bike,dune_bayes,3374,dispersion,6.745184445381165,7.208378791809082,7.702564597129822
bike,dune_bayes,3375,dispersion,6.841951942443847,7.32416844367981,7.812241387367248
bike,dune_bayes,3376,dispersion,5.817691802978516,6.327911376953125,6.866902112960815
bike,dune_bayes,3377,dispersion,6.619539403915406,7.129124641418457,7.6070746898651125
bike,dune_bayes,3378,dispersion,7.107967686653137,7.583693504333496,8.021305084228516
bike,dune_bayes,3379,dispersion,7.107967686653137,7.583693504333496,8.021305084228516
bike,dune_bayes,3380,dispersion,7.363603854179383,7.885884046554565,8.30186538696289
bike,dune_bayes,3381,dispersion,7.890615487098694,8.416093826293945,8.834589099884033
bike,dune_bayes,3382,dispersion,7.483998870849609,8.013036727905273,8.433350229263304
bike,dune_bayes,3383,dispersion,8.164602994918823,8.632429599761963,9.077689170837402
bike,dune_bayes,3384,dispersion,8.260973358154297,8.751747608184814,9.15402455329895
bike,dune_bayes,3385,dispersion,9.27771954536438,9.714715957641602,10.11412091255188
bike,dune_bayes,3386,dispersion,8.55822811126709,9.00015926361084,9.408976173400879
bike,dune_bayes,3387,dispersion,8.309192132949828,8.759840488433838,9.165410280227661
bike,dune_bayes,3388,dispersion,7.8544411897659305,8.315606594085693,8.737404060363769
bike,dune_bayes,3389,dispersion,8.04833173751831,8.503706455230713,8.924984312057495
bike,dune_bayes,3390,dispersion,8.612191247940064,9.064045429229736,9.529844951629638
bike,dune_bayes,3391,dispersion,8.509321451187134,8.979154586791992,9.438442993164063
bike,dune_bayes,3392,dispersion,8.796615695953369,9.24420166015625,9.642231798171997
bike,dune_bayes,3393,dispersion,8.588062047958374,9.031814575195312,9.433981323242188
bike,dune_bayes,3394,dispersion,8.68946032524109,9.14499807357788,9.550886249542236
bike,dune_bayes,3395,dispersion,8.69465675354004,9.123285293579102,9.546552419662476
bike,dune_bayes,3396,dispersion,8.633980846405029,9.07675838470459,9.500314664840698
bike,dune_bayes,3397,dispersion,8.732213115692138,9.181272983551025,9.605901288986205
bike,dune_bayes,3398,dispersion,7.179273891448974,7.625207185745239,8.081889724731445
bike,dune_bayes,3399,dispersion,7.234529805183411,7.694050312042236,8.139008569717408
bike,dune_bayes,3400,dispersion,9.07007293701172,9.5174880027771,9.921286344528198
bike,dune_bayes,3401,dispersion,9.09019331932068,9.530940055847168,9.933274173736573
bike,dune_bayes,3402,dispersion,8.3069242477417,8.764374256134033,9.163684320449828
bike,dune_bayes,3403,dispersion,7.558827352523804,8.010420322418213,8.463047695159911
bike,dune_bayes,3404,dispersion,8.376120567321777,8.811140537261963,9.257187700271606
bike,dune_bayes,3405,dispersion,7.70561192035675,8.14788293838501,8.612774658203124
bike,dune_bayes,3406,dispersion,6.576636838912964,7.0647618770599365,7.5666077613830565
bike,dune_bayes,3407,dispersion,6.566876459121704,7.042772054672241,7.51810519695282
bike,dune_bayes,3408,dispersion,7.2478940963745115,7.694526195526123,8.168402767181396
bike,dune_bayes,3409,dispersion,6.874538946151733,7.332963228225708,7.818312764167786
bike,dune_bayes,3410,dispersion,5.870840954780578,6.3963868618011475,6.90602741241455
bike,dune_bayes,3411,dispersion,6.379565501213074,6.9037556648254395,7.396558904647826
bike,dune_bayes,3412,dispersion,7.1079424858093265,7.590786695480347,8.036773538589477
bike,dune_bayes,3413,dispersion,7.405929589271546,7.8928382396698,8.328245830535888
bike,dune_bayes,3414,dispersion,7.293184447288513,7.790993928909302,8.247266101837155
bike,dune_bayes,3415,dispersion,7.439485192298889,7.933803081512451,8.376595067977904
bike,dune_bayes,3416,dispersion,8.13260235786438,8.6047043800354,9.016344594955443
bike,dune_bayes,3417,dispersion,7.405929589271546,7.8928382396698,8.328245830535888
bike,dune_bayes,3418,dispersion,7.536329507827759,8.02159309387207,8.458625507354736
bike,dune_bayes,3419,dispersion,9.496430683135987,9.939891338348389,10.309626817703247
bike,dune_bayes,3420,dispersion,9.963037967681885,10.447367668151855,10.908034658432006
bike,dune_bayes,3421,dispersion,7.813193702697754,8.290490627288818,8.741907644271851
bike,dune_bayes,3422,dispersion,7.234529805183411,7.694050312042236,8.139008569717408
bike,dune_bayes,3423,dispersion,7.235182905197144,7.687812089920044,8.131307744979859
bike,dune_bayes,3424,dispersion,7.711421847343445,8.154799938201904,8.568796348571777
bike,dune_bayes,3425,dispersion,7.473512673377991,7.936802387237549,8.388649368286133
bike,dune_bayes,3426,dispersion,7.7648272037506105,8.228752136230469,8.66605086326599
bike,dune_bayes,3427,dispersion,8.20751428604126,8.665544033050537,9.061077690124511
bike,dune_bayes,3428,dispersion,8.014661645889282,8.568811893463135,9.017573881149293
bike,dune_bayes,3429,dispersion,8.458797836303711,9.007570266723633,9.434370803833007
bike,dune_bayes,3430,dispersion,8.865743446350098,9.326628684997559,9.752654027938842
bike,dune_bayes,3431,dispersion,8.834553003311157,9.332221508026123,9.82111415863037
bike,dune_bayes,3432,dispersion,8.756556940078735,9.221963882446289,9.655536460876464
bike,dune_bayes,3433,dispersion,7.786283922195435,8.319177150726318,8.843461275100708
bike,dune_bayes,3434,dispersion,7.889727282524109,8.415486812591553,8.933789682388305
bike,dune_bayes,3435,dispersion,8.384843015670777,8.940964221954346,9.460847282409668
bike,dune_bayes,3436,dispersion,8.277565240859985,8.90453577041626,9.510483121871948
bike,dune_bayes,3437,dispersion,8.09520926475525,8.570300579071045,9.0497220993042
bike,dune_bayes,3438,dispersion,7.704852628707886,8.205234050750732,8.70444107055664
bike,dune_bayes,3439,dispersion,7.161200499534607,7.608449459075928,8.084325218200684
bike,dune_bayes,3440,dispersion,8.644476795196534,9.141429424285889,9.631549596786499
bike,dune_bayes,3441,dispersion,8.43816556930542,8.898435115814209,9.389774799346924
bike,dune_bayes,3442,dispersion,7.899402070045471,8.345915794372559,8.807776927947998
bike,dune_bayes,3443,dispersion,7.017007279396057,7.488553524017334,7.960252547264099
bike,dune_bayes,3444,dispersion,6.62098114490509,7.106615304946899,7.582978630065918
bike,dune_bayes,3445,dispersion,6.628162384033203,7.099497556686401,7.580932140350342
bike,dune_bayes,3446,dispersion,7.418233489990234,7.888502597808838,8.360222578048706
bike,dune_bayes,3447,dispersion,8.03890528678894,8.500826358795166,8.915358543395996
bike,dune_bayes,3448,dispersion,6.422328519821167,6.911778688430786,7.360604095458984
bike,dune_bayes,3449,dispersion,6.201702690124511,6.707029819488525,7.165601754188536
bike,dune_bayes,3450,dispersion,5.963576769828796,6.472193002700806,6.985637307167053
bike,dune_bayes,3451,dispersion,5.963576769828796,6.472193002700806,6.985637307167053
bike,dune_bayes,3452,dispersion,5.988443922996521,6.482537031173706,6.990945363044738
bike,dune_bayes,3453,dispersion,5.370409321784973,5.871413707733154,6.4021745204925535
bike,dune_bayes,3454,dispersion,5.4184773683547975,5.93686318397522,6.45320692062378
bike,dune_bayes,3455,dispersion,7.50214273929596,7.960517883300781,8.418474388122558
bike,dune_bayes,3456,dispersion,7.095686721801758,7.650611639022827,8.10818486213684
bike,dune_bayes,3457,dispersion,6.775246357917785,7.35177206993103,7.824534964561462
bike,dune_bayes,3458,dispersion,7.098431158065796,7.6355133056640625,8.058896017074584
bike,dune_bayes,3459,dispersion,6.86838173866272,7.3594324588775635,7.798115634918213
bike,dune_bayes,3460,dispersion,7.7308838129043576,8.280996799468994,8.743285989761352
bike,dune_bayes,3461,dispersion,8.891456985473633,9.373937129974365,9.85094814300537
bike,dune_bayes,3462,dispersion,7.914929342269898,8.377038955688477,8.794812393188476
bike,dune_bayes,3463,dispersion,8.559674882888794,8.993672847747803,9.416410827636719
bike,dune_bayes,3464,dispersion,6.6517096042633055,7.116034507751465,7.5976122379302975
bike,dune_bayes,3465,dispersion,6.686907696723938,7.145362377166748,7.631718754768372
bike,dune_bayes,3466,dispersion,6.779885601997376,7.234010219573975,7.722064733505249
bike,dune_bayes,3467,dispersion,7.225525045394898,7.660314559936523,8.136008548736571
bike,dune_bayes,3468,dispersion,7.131497240066528,7.587154865264893,8.048169183731078
bike,dune_bayes,3469,dispersion,7.096193766593933,7.542676687240601,8.01301875114441
bike,dune_bayes,3470,dispersion,6.8219154357910154,7.283009767532349,7.754194068908691
bike,dune_bayes,3471,dispersion,7.25769875049591,7.71506404876709,8.167395544052123
bike,dune_bayes,3472,dispersion,7.863939476013184,8.331999778747559,8.751566839218139
bike,dune_bayes,3473,dispersion,8.144326162338256,8.581632137298584,9.014211559295655
bike,dune_bayes,3474,dispersion,8.473788166046143,8.933296203613281,9.359231853485108
bike,dune_bayes,3475,dispersion,8.333321475982666,8.772854328155518,9.199632167816162
