dataset,model,observation,aleatoric,epistemic,total
bike,dune_bayes,0,892.8685302734375,0.09682376682758331,892.96533203125
bike,dune_bayes,1,826.2219848632812,0.10150910913944244,826.323486328125
bike,dune_bayes,2,737.3513793945312,0.09992245584726334,737.4512939453125
bike,dune_bayes,3,1114.70654296875,0.1391603946685791,1114.845703125
bike,dune_bayes,4,984.8603515625,0.11089928448200226,984.9712524414062
bike,dune_bayes,5,895.1763916015625,0.10460551828145981,895.281005859375
bike,dune_bayes,6,1205.55029296875,0.11286909878253937,1205.6632080078125
bike,dune_bayes,7,1265.339599609375,0.10552705079317093,1265.445068359375
bike,dune_bayes,8,1170.8345947265625,0.10660780221223831,1170.941162109375
bike,dune_bayes,9,889.4353637695312,0.12063082307577133,889.5559692382812
bike,dune_bayes,10,791.8777465820312,0.1039775088429451,791.9817504882812
bike,dune_bayes,11,764.6947021484375,0.11481044441461563,764.8095092773438
bike,dune_bayes,12,627.7478637695312,0.10727459192276001,627.8551635742188
bike,dune_bayes,13,1102.0474853515625,0.09646770358085632,1102.1439208984375
bike,dune_bayes,14,1312.395751953125,0.11489935219287872,1312.5106201171875
bike,dune_bayes,15,1312.395751953125,0.11489935219287872,1312.5106201171875
bike,dune_bayes,16,1120.83544921875,0.10344165563583374,1120.9388427734375
bike,dune_bayes,17,879.5732421875,0.10024073719978333,879.6734619140625
bike,dune_bayes,18,732.8232421875,0.10541363060474396,732.9286499023438
bike,dune_bayes,19,724.4589233398438,0.10568810999393463,724.5646362304688
bike,dune_bayes,20,823.6477661132812,0.12124168872833252,823.7689819335938
bike,dune_bayes,21,986.021240234375,0.09737109392881393,986.1185913085938
bike,dune_bayes,22,1052.9659423828125,0.10321017354726791,1053.069091796875
bike,dune_bayes,23,903.3257446289062,0.09627912938594818,903.4219970703125
bike,dune_bayes,24,802.68017578125,0.09787096828222275,802.778076171875
bike,dune_bayes,25,1192.2275390625,0.11678831279277802,1192.3443603515625
bike,dune_bayes,26,1099.7142333984375,0.10419310629367828,1099.8184814453125
bike,dune_bayes,27,969.8760986328125,0.12518221139907837,970.0012817382812
bike,dune_bayes,28,1017.2514038085938,0.1081550121307373,1017.3595581054688
bike,dune_bayes,29,935.0803833007812,0.10016628354787827,935.1805419921875
bike,dune_bayes,30,749.7225952148438,0.10471473634243011,749.8273315429688
bike,dune_bayes,31,518.6625366210938,0.10528797656297684,518.767822265625
bike,dune_bayes,32,332.0464782714844,0.11933223903179169,332.1658020019531
bike,dune_bayes,33,483.60296630859375,0.10590565204620361,483.7088623046875
bike,dune_bayes,34,755.1875,0.12092350423336029,755.3084106445312
bike,dune_bayes,35,619.2256469726562,0.11313237249851227,619.3388061523438
bike,dune_bayes,36,619.2256469726562,0.11313237249851227,619.3388061523438
bike,dune_bayes,37,1001.1380004882812,0.1574106216430664,1001.29541015625
bike,dune_bayes,38,990.1468505859375,0.1289871484041214,990.2758178710938
bike,dune_bayes,39,954.1533813476562,0.15387336909770966,954.3072509765625
bike,dune_bayes,40,877.2029418945312,0.10788103193044662,877.3108520507812
bike,dune_bayes,41,1119.2933349609375,0.11011192202568054,1119.4034423828125
bike,dune_bayes,42,1099.7142333984375,0.10419310629367828,1099.8184814453125
bike,dune_bayes,43,759.390625,0.12217232584953308,759.5128173828125
bike,dune_bayes,44,969.050048828125,0.09814492613077164,969.148193359375
bike,dune_bayes,45,988.1463623046875,0.10086569935083389,988.2472534179688
bike,dune_bayes,46,564.0633544921875,0.10985362529754639,564.1732177734375
bike,dune_bayes,47,509.54278564453125,0.11169163137674332,509.65447998046875
bike,dune_bayes,48,679.1917724609375,0.10372752696275711,679.2954711914062
bike,dune_bayes,49,874.3365478515625,0.11448347568511963,874.4510498046875
bike,dune_bayes,50,924.2843627929688,0.10022483766078949,924.3845825195312
bike,dune_bayes,51,1061.9613037109375,0.11390132457017899,1062.0751953125
bike,dune_bayes,52,1128.3433837890625,0.11319316923618317,1128.45654296875
bike,dune_bayes,53,1036.8271484375,0.16381682455539703,1036.990966796875
bike,dune_bayes,54,908.21044921875,0.1432342529296875,908.3536987304688
bike,dune_bayes,55,841.48095703125,0.1365053802728653,841.6174926757812
bike,dune_bayes,56,895.1763916015625,0.10460551828145981,895.281005859375
bike,dune_bayes,57,1082.2542724609375,0.14325222373008728,1082.3975830078125
bike,dune_bayes,58,1148.09375,0.1426418274641037,1148.2364501953125
bike,dune_bayes,59,1156.4217529296875,0.12725159525871277,1156.5489501953125
bike,dune_bayes,60,1225.740234375,0.12005792558193207,1225.8603515625
bike,dune_bayes,61,977.223388671875,0.1073920726776123,977.330810546875
bike,dune_bayes,62,911.6441040039062,0.09900612384080887,911.7431030273438
bike,dune_bayes,63,1192.39697265625,0.12939779460430145,1192.5263671875
bike,dune_bayes,64,782.5700073242188,0.10566408187150955,782.6756591796875
bike,dune_bayes,65,567.895263671875,0.12541331350803375,568.0206909179688
bike,dune_bayes,66,1101.855712890625,0.10709745436906815,1101.9627685546875
bike,dune_bayes,67,1133.8583984375,0.1021968349814415,1133.9605712890625
bike,dune_bayes,68,1122.349853515625,0.09983770549297333,1122.44970703125
bike,dune_bayes,69,986.579833984375,0.10222781449556351,986.6820678710938
bike,dune_bayes,70,830.0745239257812,0.11141406744718552,830.1859130859375
bike,dune_bayes,71,714.437255859375,0.10811828076839447,714.5453491210938
bike,dune_bayes,72,702.0972290039062,0.10522431135177612,702.2024536132812
bike,dune_bayes,73,765.6438598632812,0.10752152651548386,765.7514038085938
bike,dune_bayes,74,777.9754638671875,0.11175567656755447,778.0872192382812
bike,dune_bayes,75,694.6383666992188,0.10258828848600388,694.740966796875
bike,dune_bayes,76,676.6792602539062,0.09880019724369049,676.778076171875
bike,dune_bayes,77,607.3146362304688,0.10312066227197647,607.4177856445312
bike,dune_bayes,78,519.5274658203125,0.10879231989383698,519.63623046875
bike,dune_bayes,79,540.058349609375,0.10869145393371582,540.1670532226562
bike,dune_bayes,80,1277.8902587890625,0.09607898443937302,1277.986328125
bike,dune_bayes,81,1175.503173828125,0.09028143435716629,1175.593505859375
bike,dune_bayes,82,1082.27880859375,0.11740966886281967,1082.396240234375
bike,dune_bayes,83,1180.3272705078125,0.09260796755552292,1180.419921875
bike,dune_bayes,84,1116.5050048828125,0.1129879280924797,1116.6180419921875
bike,dune_bayes,85,1160.61279296875,0.09042004495859146,1160.7032470703125
bike,dune_bayes,86,561.2528076171875,0.10848761349916458,561.3612670898438
bike,dune_bayes,87,1016.4482421875,0.10523486137390137,1016.553466796875
bike,dune_bayes,88,1051.333251953125,0.14603443443775177,1051.479248046875
bike,dune_bayes,89,1144.9927978515625,0.14682744443416595,1145.1396484375
bike,dune_bayes,90,888.046142578125,0.14416846632957458,888.1903076171875
bike,dune_bayes,91,910.5639038085938,0.1330609768629074,910.6969604492188
bike,dune_bayes,92,648.7708129882812,0.12390261143445969,648.8947143554688
bike,dune_bayes,93,686.3267211914062,0.149719700217247,686.4764404296875
bike,dune_bayes,94,680.8455810546875,0.12953178584575653,680.97509765625
bike,dune_bayes,95,615.6085205078125,0.13010424375534058,615.7386474609375
bike,dune_bayes,96,639.8009033203125,0.12987454235553741,639.9307861328125
bike,dune_bayes,97,633.144775390625,0.14217162132263184,633.2869262695312
bike,dune_bayes,98,720.8724365234375,0.1421278864145279,721.0145874023438
bike,dune_bayes,99,640.5442504882812,0.1183149665594101,640.6625366210938
bike,dune_bayes,100,628.5232543945312,0.12558621168136597,628.6488647460938
bike,dune_bayes,101,511.4519958496094,0.11935008317232132,511.57135009765625
bike,dune_bayes,102,570.059326171875,0.11175691336393356,570.1710815429688
bike,dune_bayes,103,864.7039794921875,0.16029217839241028,864.8642578125
bike,dune_bayes,104,936.6893920898438,0.1386600136756897,936.8280639648438
bike,dune_bayes,105,917.6013793945312,0.1082359179854393,917.7095947265625
bike,dune_bayes,106,810.33251953125,0.10226279497146606,810.4347534179688
bike,dune_bayes,107,744.1867065429688,0.10177109390497208,744.2884521484375
bike,dune_bayes,108,635.7821044921875,0.10558293014764786,635.8876953125
bike,dune_bayes,109,687.7429809570312,0.10312313586473465,687.8461303710938
bike,dune_bayes,110,927.80322265625,0.09352197498083115,927.896728515625
bike,dune_bayes,111,1088.8388671875,0.11172010749578476,1088.9505615234375
bike,dune_bayes,112,1157.3399658203125,0.11122533679008484,1157.451171875
bike,dune_bayes,113,822.1129760742188,0.09472452104091644,822.2077026367188
bike,dune_bayes,114,632.3704833984375,0.11244820803403854,632.48291015625
bike,dune_bayes,115,568.770263671875,0.12785053253173828,568.8981323242188
bike,dune_bayes,116,567.9395141601562,0.1219530999660492,568.0614624023438
bike,dune_bayes,117,979.8467407226562,0.0950101912021637,979.9417724609375
bike,dune_bayes,118,736.1223754882812,0.10206393152475357,736.2244262695312
bike,dune_bayes,119,653.3026123046875,0.10535087436437607,653.407958984375
bike,dune_bayes,120,693.129150390625,0.09963511675596237,693.228759765625
bike,dune_bayes,121,462.7800598144531,0.11491358280181885,462.89495849609375
bike,dune_bayes,122,501.4014587402344,0.12559564411640167,501.5270690917969
bike,dune_bayes,123,751.0213623046875,0.09587054699659348,751.1172485351562
bike,dune_bayes,124,974.0488891601562,0.09346792101860046,974.142333984375
bike,dune_bayes,125,648.96240234375,0.10173583030700684,649.0641479492188
bike,dune_bayes,126,608.0138549804688,0.10591856390237808,608.1197509765625
bike,dune_bayes,127,774.963623046875,0.10000903904438019,775.0636596679688
bike,dune_bayes,128,661.9929809570312,0.11847939342260361,662.1114501953125
bike,dune_bayes,129,433.2299499511719,0.11296350508928299,433.3429260253906
bike,dune_bayes,130,393.5966491699219,0.12869513034820557,393.725341796875
bike,dune_bayes,131,329.1888427734375,0.13360312581062317,329.32244873046875
bike,dune_bayes,132,880.9114990234375,0.0941142663359642,881.005615234375
bike,dune_bayes,133,815.0609741210938,0.10710042715072632,815.1680908203125
bike,dune_bayes,134,809.5778198242188,0.101505346596241,809.6793212890625
bike,dune_bayes,135,782.5700073242188,0.10566408187150955,782.6756591796875
bike,dune_bayes,136,396.5191345214844,0.13443340361118317,396.653564453125
bike,dune_bayes,137,479.6068115234375,0.12745657563209534,479.7342529296875
bike,dune_bayes,138,582.9002075195312,0.10432438552379608,583.0045166015625
bike,dune_bayes,139,561.2528076171875,0.10848761349916458,561.3612670898438
bike,dune_bayes,140,506.38525390625,0.11127045005559921,506.49652099609375
bike,dune_bayes,141,519.5274658203125,0.10879231989383698,519.63623046875
bike,dune_bayes,142,551.1123657226562,0.10883405804634094,551.22119140625
bike,dune_bayes,143,551.1123657226562,0.10883405804634094,551.22119140625
bike,dune_bayes,144,690.9724731445312,0.0976719856262207,691.0701293945312
bike,dune_bayes,145,953.8397216796875,0.11336948722600937,953.9530639648438
bike,dune_bayes,146,1299.0174560546875,0.14562742412090302,1299.1630859375
bike,dune_bayes,147,1367.3394775390625,0.16100464761257172,1367.50048828125
bike,dune_bayes,148,1093.534912109375,0.1683458685874939,1093.7032470703125
bike,dune_bayes,149,1064.509033203125,0.16525055468082428,1064.67431640625
bike,dune_bayes,150,959.97900390625,0.11182113736867905,960.0908203125
bike,dune_bayes,151,1068.66015625,0.10290011018514633,1068.7630615234375
bike,dune_bayes,152,724.4589233398438,0.10568810999393463,724.5646362304688
bike,dune_bayes,153,626.1270141601562,0.10503291338682175,626.2320556640625
bike,dune_bayes,154,585.79541015625,0.10569147765636444,585.901123046875
bike,dune_bayes,155,1180.3272705078125,0.09260796755552292,1180.419921875
bike,dune_bayes,156,1286.8370361328125,0.09335294365882874,1286.930419921875
bike,dune_bayes,157,887.9195556640625,0.09226091206073761,888.0118408203125
bike,dune_bayes,158,605.0321044921875,0.09906850010156631,605.1311645507812
bike,dune_bayes,159,309.12091064453125,0.12357895076274872,309.2444763183594
bike,dune_bayes,160,350.14349365234375,0.11662669479846954,350.2601318359375
bike,dune_bayes,161,393.90887451171875,0.12228259444236755,394.0311584472656
bike,dune_bayes,162,499.2706604003906,0.14893722534179688,499.4195861816406
bike,dune_bayes,163,396.3336181640625,0.11375781148672104,396.4473876953125
bike,dune_bayes,164,815.55029296875,0.09697660058736801,815.6472778320312
bike,dune_bayes,165,974.5635986328125,0.09806405752897263,974.6616821289062
bike,dune_bayes,166,945.2496337890625,0.11496594548225403,945.3646240234375
bike,dune_bayes,167,896.41845703125,0.09352753311395645,896.511962890625
bike,dune_bayes,168,778.1820678710938,0.09796875715255737,778.280029296875
bike,dune_bayes,169,616.737060546875,0.11831286549568176,616.8553466796875
bike,dune_bayes,170,341.3605651855469,0.14029328525066376,341.5008544921875
bike,dune_bayes,171,734.2086791992188,0.09834626317024231,734.3070068359375
bike,dune_bayes,172,1237.7021484375,0.08683270215988159,1237.7889404296875
bike,dune_bayes,173,852.07666015625,0.10732639580965042,852.1839599609375
bike,dune_bayes,174,852.07666015625,0.10732639580965042,852.1839599609375
bike,dune_bayes,175,587.9327392578125,0.11913218349218369,588.0518798828125
bike,dune_bayes,176,1088.6566162109375,0.14390462636947632,1088.800537109375
bike,dune_bayes,177,1209.872802734375,0.1305178701877594,1210.0032958984375
bike,dune_bayes,178,1042.201416015625,0.15385349094867706,1042.355224609375
bike,dune_bayes,179,610.3103637695312,0.10448677092790604,610.4148559570312
bike,dune_bayes,180,857.4808349609375,0.11245454847812653,857.59326171875
bike,dune_bayes,181,1227.187744140625,0.11740519851446152,1227.30517578125
bike,dune_bayes,182,1159.5137939453125,0.11278809607028961,1159.6265869140625
bike,dune_bayes,183,745.5813598632812,0.11269000172615051,745.6940307617188
bike,dune_bayes,184,566.81787109375,0.12751232087612152,566.9453735351562
bike,dune_bayes,185,500.5821228027344,0.13053931295871735,500.7126770019531
bike,dune_bayes,186,1266.2889404296875,0.12206483632326126,1266.4110107421875
bike,dune_bayes,187,871.468994140625,0.09752723574638367,871.5665283203125
bike,dune_bayes,188,375.7818298339844,0.13037283718585968,375.9122009277344
bike,dune_bayes,189,358.91143798828125,0.13206616044044495,359.04351806640625
bike,dune_bayes,190,446.7569274902344,0.11412803083658218,446.8710632324219
bike,dune_bayes,191,402.1528625488281,0.1146526113152504,402.26751708984375
bike,dune_bayes,192,1098.0694580078125,0.146441251039505,1098.2159423828125
bike,dune_bayes,193,1077.7022705078125,0.11628400534391403,1077.818603515625
bike,dune_bayes,194,793.72412109375,0.10247042030096054,793.8265991210938
bike,dune_bayes,195,633.6016235351562,0.10421507805585861,633.705810546875
bike,dune_bayes,196,614.5050048828125,0.1008220836520195,614.6058349609375
bike,dune_bayes,197,1055.471435546875,0.11129435896873474,1055.582763671875
bike,dune_bayes,198,1399.3922119140625,0.10801639407873154,1399.500244140625
bike,dune_bayes,199,1381.4859619140625,0.1069377139210701,1381.5928955078125
bike,dune_bayes,200,1350.473876953125,0.10325082391500473,1350.5771484375
bike,dune_bayes,201,1360.300537109375,0.09599977731704712,1360.396484375
bike,dune_bayes,202,2035.8233642578125,0.09336045384407043,2035.916748046875
bike,dune_bayes,203,1999.2823486328125,0.13276110589504242,1999.4151611328125
bike,dune_bayes,204,1506.3760986328125,0.17591924965381622,1506.552001953125
bike,dune_bayes,205,1286.071533203125,0.19252853095531464,1286.2640380859375
bike,dune_bayes,206,1196.076416015625,0.23838630318641663,1196.3148193359375
bike,dune_bayes,207,1223.512451171875,0.151906818151474,1223.664306640625
bike,dune_bayes,208,1363.0107421875,0.10879500955343246,1363.1195068359375
bike,dune_bayes,209,1417.3564453125,0.10738257318735123,1417.4638671875
bike,dune_bayes,210,1606.1617431640625,0.10472602397203445,1606.2664794921875
bike,dune_bayes,211,1328.8746337890625,0.10358155518770218,1328.978271484375
bike,dune_bayes,212,1022.7957763671875,0.09966707974672318,1022.8954467773438
bike,dune_bayes,213,1850.4615478515625,0.12205588817596436,1850.5836181640625
bike,dune_bayes,214,1541.4862060546875,0.08655496686697006,1541.57275390625
bike,dune_bayes,215,1364.018798828125,0.0853896290063858,1364.104248046875
bike,dune_bayes,216,1239.6998291015625,0.08455885946750641,1239.784423828125
bike,dune_bayes,217,1233.8697509765625,0.08222714066505432,1233.9520263671875
bike,dune_bayes,218,1722.6455078125,0.08259954303503036,1722.7281494140625
bike,dune_bayes,219,1945.597900390625,0.08509636670351028,1945.6829833984375
bike,dune_bayes,220,2011.47900390625,0.09244313836097717,2011.5714111328125
bike,dune_bayes,221,1514.7843017578125,0.08988411724567413,1514.8741455078125
bike,dune_bayes,222,1939.626708984375,0.08029915392398834,1939.70703125
bike,dune_bayes,223,2188.1396484375,0.10504460334777832,2188.24462890625
bike,dune_bayes,224,1674.9105224609375,0.13986286520957947,1675.0504150390625
bike,dune_bayes,225,1410.6627197265625,0.1904521882534027,1410.8531494140625
bike,dune_bayes,226,1580.8853759765625,0.2124830037355423,1581.097900390625
bike,dune_bayes,227,1273.4649658203125,0.10239666700363159,1273.5673828125
bike,dune_bayes,228,1199.813720703125,0.10648670792579651,1199.920166015625
bike,dune_bayes,229,949.7106323242188,0.09310899674892426,949.8037109375
bike,dune_bayes,230,1163.57373046875,0.10992934554815292,1163.6837158203125
bike,dune_bayes,231,1027.615234375,0.11939658969640732,1027.734619140625
bike,dune_bayes,232,1480.42724609375,0.10944210737943649,1480.5367431640625
bike,dune_bayes,233,660.4051513671875,0.11152487993240356,660.5166625976562
bike,dune_bayes,234,699.7079467773438,0.13014917075634003,699.8380737304688
bike,dune_bayes,235,701.9993896484375,0.12277420610189438,702.1221923828125
bike,dune_bayes,236,613.2490844726562,0.14301922917366028,613.39208984375
bike,dune_bayes,237,1034.210693359375,0.09736348688602448,1034.30810546875
bike,dune_bayes,238,1055.24658203125,0.10677585005760193,1055.3533935546875
bike,dune_bayes,239,1012.5155029296875,0.10923834890127182,1012.624755859375
bike,dune_bayes,240,815.8986206054688,0.11029288172721863,816.0089111328125
bike,dune_bayes,241,1094.732666015625,0.10195503383874893,1094.8345947265625
bike,dune_bayes,242,916.2416381835938,0.10039684176445007,916.342041015625
bike,dune_bayes,243,864.8875122070312,0.09961997717618942,864.9871215820312
bike,dune_bayes,244,790.785400390625,0.10148175060749054,790.8869018554688
bike,dune_bayes,245,1246.187744140625,0.08739712089300156,1246.275146484375
bike,dune_bayes,246,731.0230102539062,0.10686154663562775,731.1298828125
bike,dune_bayes,247,734.9345703125,0.11762183904647827,735.0521850585938
bike,dune_bayes,248,807.8716430664062,0.10011005401611328,807.9717407226562
bike,dune_bayes,249,633.0037231445312,0.10285117477178574,633.1065673828125
bike,dune_bayes,250,705.781005859375,0.09757597744464874,705.8786010742188
bike,dune_bayes,251,1200.4686279296875,0.12974877655506134,1200.598388671875
bike,dune_bayes,252,1184.5596923828125,0.1806643009185791,1184.7403564453125
bike,dune_bayes,253,1160.5677490234375,0.13514751195907593,1160.702880859375
bike,dune_bayes,254,878.9838256835938,0.10832376778125763,879.0921630859375
bike,dune_bayes,255,689.1329345703125,0.1044730395078659,689.2374267578125
bike,dune_bayes,256,828.8663940429688,0.0965050756931305,828.962890625
bike,dune_bayes,257,882.8887329101562,0.11800830066204071,883.0067138671875
bike,dune_bayes,258,470.88555908203125,0.10638066381216049,470.991943359375
bike,dune_bayes,259,496.95330810546875,0.10769150406122208,497.0610046386719
bike,dune_bayes,260,1372.9654541015625,0.09028524160385132,1373.0557861328125
bike,dune_bayes,261,1159.8887939453125,0.0878254696726799,1159.9765625
bike,dune_bayes,262,1592.9942626953125,0.08475948870182037,1593.0789794921875
bike,dune_bayes,263,939.3673095703125,0.11043547093868256,939.4777221679688
bike,dune_bayes,264,1225.393798828125,0.09620551019906998,1225.489990234375
bike,dune_bayes,265,1259.7576904296875,0.09475582093000412,1259.8524169921875
bike,dune_bayes,266,1332.482666015625,0.09448473155498505,1332.5771484375
bike,dune_bayes,267,907.6038818359375,0.1121029406785965,907.7160034179688
bike,dune_bayes,268,915.3072509765625,0.0934586226940155,915.4006958007812
bike,dune_bayes,269,833.8994750976562,0.09594058245420456,833.9954223632812
bike,dune_bayes,270,932.5801391601562,0.09928379952907562,932.679443359375
bike,dune_bayes,271,1723.5579833984375,0.10932496190071106,1723.6673583984375
bike,dune_bayes,272,2052.60205078125,0.09890180081129074,2052.700927734375
bike,dune_bayes,273,2148.21484375,0.1058041900396347,2148.320556640625
bike,dune_bayes,274,1583.9697265625,0.12770730257034302,1584.097412109375
bike,dune_bayes,275,1523.9237060546875,0.14147475361824036,1524.065185546875
bike,dune_bayes,276,1022.8021240234375,0.11906905472278595,1022.9212036132812
bike,dune_bayes,277,1071.0006103515625,0.11590491980314255,1071.116455078125
bike,dune_bayes,278,1147.3890380859375,0.12851209938526154,1147.517578125
bike,dune_bayes,279,1188.189208984375,0.12648430466651917,1188.315673828125
bike,dune_bayes,280,1251.3358154296875,0.11581987142562866,1251.45166015625
bike,dune_bayes,281,817.4566650390625,0.09802845120429993,817.5546875
bike,dune_bayes,282,893.7272338867188,0.09545907378196716,893.8226928710938
bike,dune_bayes,283,984.4069213867188,0.09582468867301941,984.5027465820312
bike,dune_bayes,284,1468.718017578125,0.09507481753826141,1468.8131103515625
bike,dune_bayes,285,1347.48193359375,0.08743248134851456,1347.5693359375
bike,dune_bayes,286,957.9013061523438,0.08883528411388397,957.9901123046875
bike,dune_bayes,287,551.7621459960938,0.10308509320020676,551.865234375
bike,dune_bayes,288,1254.1956787109375,0.09493712335824966,1254.2906494140625
bike,dune_bayes,289,1110.72900390625,0.10008306056261063,1110.8291015625
bike,dune_bayes,290,792.5061645507812,0.09996067732572556,792.6061401367188
bike,dune_bayes,291,750.0892333984375,0.11616820842027664,750.2053833007812
bike,dune_bayes,292,674.9671630859375,0.12084487080574036,675.0880126953125
bike,dune_bayes,293,577.776123046875,0.11577273905277252,577.8919067382812
bike,dune_bayes,294,603.0916137695312,0.11531364172697067,603.2069091796875
bike,dune_bayes,295,504.26348876953125,0.11812378466129303,504.3816223144531
bike,dune_bayes,296,484.02960205078125,0.13004541397094727,484.1596374511719
bike,dune_bayes,297,450.92108154296875,0.1661742478609085,451.0872497558594
bike,dune_bayes,298,437.2581787109375,0.14667420089244843,437.40484619140625
bike,dune_bayes,299,659.2808837890625,0.1835327446460724,659.4644165039062
bike,dune_bayes,300,749.2847290039062,0.13260279595851898,749.4173583984375
bike,dune_bayes,301,1520.3680419921875,0.1143232136964798,1520.482421875
bike,dune_bayes,302,760.5906372070312,0.11539655178785324,760.7060546875
bike,dune_bayes,303,745.0531005859375,0.10037247836589813,745.1535034179688
bike,dune_bayes,304,979.8467407226562,0.0950101912021637,979.9417724609375
bike,dune_bayes,305,1505.6053466796875,0.09650285542011261,1505.701904296875
bike,dune_bayes,306,1199.070556640625,0.08918886631727219,1199.1597900390625
bike,dune_bayes,307,784.6384887695312,0.09846622496843338,784.7369384765625
bike,dune_bayes,308,678.4793701171875,0.0987316220998764,678.578125
bike,dune_bayes,309,608.5474853515625,0.10250930488109589,608.6500244140625
bike,dune_bayes,310,1078.32275390625,0.09226571023464203,1078.4150390625
bike,dune_bayes,311,749.5677490234375,0.09453566372394562,749.6622924804688
bike,dune_bayes,312,2044.6351318359375,0.12511368095874786,2044.76025390625
bike,dune_bayes,313,1615.0235595703125,0.11638028174638748,1615.139892578125
bike,dune_bayes,314,575.0923461914062,0.10917971283197403,575.2015380859375
bike,dune_bayes,315,582.656005859375,0.10747022181749344,582.7634887695312
bike,dune_bayes,316,875.1792602539062,0.09118831902742386,875.2704467773438
bike,dune_bayes,317,932.0863647460938,0.09294010698795319,932.1793212890625
bike,dune_bayes,318,1311.511962890625,0.08654213696718216,1311.5985107421875
bike,dune_bayes,319,1366.113525390625,0.10356061160564423,1366.217041015625
bike,dune_bayes,320,1148.8074951171875,0.0882144421339035,1148.895751953125
bike,dune_bayes,321,741.8314819335938,0.10070697218179703,741.9321899414062
bike,dune_bayes,322,669.94677734375,0.09772493690252304,670.0444946289062
bike,dune_bayes,323,1421.4105224609375,0.1329890489578247,1421.54345703125
bike,dune_bayes,324,1142.2642822265625,0.08787062764167786,1142.3521728515625
bike,dune_bayes,325,1017.7836303710938,0.09148938953876495,1017.8751220703125
bike,dune_bayes,326,859.067138671875,0.10932782292366028,859.1764526367188
bike,dune_bayes,327,856.4026489257812,0.09029996395111084,856.492919921875
bike,dune_bayes,328,920.1344604492188,0.090398408472538,920.224853515625
bike,dune_bayes,329,751.2582397460938,0.11145857721567154,751.3696899414062
bike,dune_bayes,330,1264.6302490234375,0.09353040158748627,1264.7237548828125
bike,dune_bayes,331,1431.02880859375,0.11790826916694641,1431.146728515625
bike,dune_bayes,332,885.8389892578125,0.09411256015300751,885.93310546875
bike,dune_bayes,333,904.8804931640625,0.09163317084312439,904.9721069335938
bike,dune_bayes,334,1458.8206787109375,0.0916345864534378,1458.912353515625
bike,dune_bayes,335,1277.6964111328125,0.08815550804138184,1277.7845458984375
bike,dune_bayes,336,1453.5057373046875,0.09299354255199432,1453.5987548828125
bike,dune_bayes,337,1036.77392578125,0.09164569526910782,1036.8656005859375
bike,dune_bayes,338,592.8610229492188,0.11585896462202072,592.9768676757812
bike,dune_bayes,339,552.667236328125,0.10948121547698975,552.7767333984375
bike,dune_bayes,340,605.81201171875,0.10440254211425781,605.9164428710938
bike,dune_bayes,341,1068.487060546875,0.08620702475309372,1068.5732421875
bike,dune_bayes,342,1465.7249755859375,0.0793624296784401,1465.8043212890625
bike,dune_bayes,343,867.0205078125,0.08932808041572571,867.10986328125
bike,dune_bayes,344,1719.6754150390625,0.08046708256006241,1719.755859375
bike,dune_bayes,345,1706.409423828125,0.08502784371376038,1706.4945068359375
bike,dune_bayes,346,1279.924072265625,0.08278811722993851,1280.0068359375
bike,dune_bayes,347,1252.1552734375,0.0793154165148735,1252.234619140625
bike,dune_bayes,348,1194.7354736328125,0.07963389903306961,1194.8150634765625
bike,dune_bayes,349,2202.8935546875,0.10374278575181961,2202.997314453125
bike,dune_bayes,350,1414.6185302734375,0.12704890966415405,1414.74560546875
bike,dune_bayes,351,1472.738037109375,0.1355152428150177,1472.87353515625
bike,dune_bayes,352,1597.4613037109375,0.15043027698993683,1597.6116943359375
bike,dune_bayes,353,917.876220703125,0.09583812206983566,917.9720458984375
bike,dune_bayes,354,917.9198608398438,0.11662724614143372,918.0364990234375
bike,dune_bayes,355,1120.2037353515625,0.09931471198797226,1120.3031005859375
bike,dune_bayes,356,1268.6187744140625,0.1144518256187439,1268.7332763671875
bike,dune_bayes,357,860.4097290039062,0.09979894757270813,860.509521484375
bike,dune_bayes,358,921.0411376953125,0.09164216369390488,921.1327514648438
bike,dune_bayes,359,1197.4752197265625,0.08871236443519592,1197.56396484375
bike,dune_bayes,360,1128.278076171875,0.0848817452788353,1128.3629150390625
bike,dune_bayes,361,786.1568603515625,0.09870562702417374,786.2555541992188
bike,dune_bayes,362,847.4395141601562,0.09058722108602524,847.5300903320312
bike,dune_bayes,363,1537.490966796875,0.09270880371332169,1537.5836181640625
bike,dune_bayes,364,1479.219482421875,0.08166023343801498,1479.3011474609375
bike,dune_bayes,365,1498.9207763671875,0.09760299324989319,1499.0184326171875
bike,dune_bayes,366,749.5677490234375,0.09453566372394562,749.6622924804688
bike,dune_bayes,367,662.1493530273438,0.09912751615047455,662.2484741210938
bike,dune_bayes,368,585.4616088867188,0.11025074869394302,585.5718383789062
bike,dune_bayes,369,628.3057250976562,0.10356934368610382,628.4093017578125
bike,dune_bayes,370,981.9961547851562,0.10166333615779877,982.0978393554688
bike,dune_bayes,371,957.9013061523438,0.08883528411388397,957.9901123046875
bike,dune_bayes,372,802.68017578125,0.09787096828222275,802.778076171875
bike,dune_bayes,373,745.0531005859375,0.10037247836589813,745.1535034179688
bike,dune_bayes,374,1423.6280517578125,0.11331987380981445,1423.7413330078125
bike,dune_bayes,375,1329.040771484375,0.09720011055469513,1329.137939453125
bike,dune_bayes,376,1259.3564453125,0.1050378605723381,1259.46142578125
bike,dune_bayes,377,1243.7249755859375,0.107914499938488,1243.8328857421875
bike,dune_bayes,378,1002.723876953125,0.10225987434387207,1002.8261108398438
bike,dune_bayes,379,1002.723876953125,0.10225987434387207,1002.8261108398438
bike,dune_bayes,380,960.0757446289062,0.10214827209711075,960.1779174804688
bike,dune_bayes,381,847.3970336914062,0.09919082373380661,847.4962158203125
bike,dune_bayes,382,1082.298583984375,0.10125626623630524,1082.3997802734375
bike,dune_bayes,383,1043.16015625,0.12037614732980728,1043.280517578125
bike,dune_bayes,384,951.0175170898438,0.10073354840278625,951.1182250976562
bike,dune_bayes,385,1023.108642578125,0.103515625,1023.212158203125
bike,dune_bayes,386,1586.77685546875,0.10807495564222336,1586.8848876953125
bike,dune_bayes,387,1467.8714599609375,0.1041734516620636,1467.9755859375
bike,dune_bayes,388,1090.68505859375,0.0890892744064331,1090.774169921875
bike,dune_bayes,389,1005.6389770507812,0.10658776015043259,1005.7455444335938
bike,dune_bayes,390,1184.8446044921875,0.11258697509765625,1184.9571533203125
bike,dune_bayes,391,1160.61279296875,0.09042004495859146,1160.7032470703125
bike,dune_bayes,392,1220.8212890625,0.09265848994255066,1220.9139404296875
bike,dune_bayes,393,1223.48779296875,0.08744379878044128,1223.5751953125
bike,dune_bayes,394,583.1201171875,0.10944747924804688,583.2295532226562
bike,dune_bayes,395,566.5844116210938,0.10579128563404083,566.690185546875
bike,dune_bayes,396,511.2585754394531,0.1152869388461113,511.3738708496094
bike,dune_bayes,397,609.0728759765625,0.10768166929483414,609.1805419921875
bike,dune_bayes,398,618.5507202148438,0.10233238339424133,618.653076171875
bike,dune_bayes,399,691.8253784179688,0.09734256565570831,691.9227294921875
bike,dune_bayes,400,607.0119018554688,0.10231749713420868,607.1141967773438
bike,dune_bayes,401,636.0517578125,0.10596569627523422,636.15771484375
bike,dune_bayes,402,592.0599365234375,0.10403667390346527,592.1640014648438
bike,dune_bayes,403,575.799072265625,0.10703780502080917,575.9061279296875
bike,dune_bayes,404,679.3927612304688,0.10315972566604614,679.4959106445312
bike,dune_bayes,405,1366.113525390625,0.10356061160564423,1366.217041015625
bike,dune_bayes,406,1361.1937255859375,0.12050732970237732,1361.314208984375
bike,dune_bayes,407,1196.9930419921875,0.08619282394647598,1197.0792236328125
bike,dune_bayes,408,1158.6090087890625,0.08744839578866959,1158.6964111328125
bike,dune_bayes,409,657.6524047851562,0.09774841368198395,657.7501831054688
bike,dune_bayes,410,657.6524047851562,0.09774841368198395,657.7501831054688
bike,dune_bayes,411,1028.1641845703125,0.10196230560541153,1028.26611328125
bike,dune_bayes,412,1123.6170654296875,0.1088920310139656,1123.7259521484375
bike,dune_bayes,413,671.4742431640625,0.09747299551963806,671.5717163085938
bike,dune_bayes,414,1409.977294921875,0.10044838488101959,1410.0777587890625
bike,dune_bayes,415,1117.643798828125,0.0909283459186554,1117.7347412109375
bike,dune_bayes,416,1479.219482421875,0.08166023343801498,1479.3011474609375
bike,dune_bayes,417,2038.7618408203125,0.10742883384227753,2038.8692626953125
bike,dune_bayes,418,2339.37744140625,0.12987391650676727,2339.50732421875
bike,dune_bayes,419,1822.181884765625,0.10960618406534195,1822.29150390625
bike,dune_bayes,420,1401.156005859375,0.09179722517728806,1401.247802734375
bike,dune_bayes,421,1034.4656982421875,0.1013248935341835,1034.5670166015625
bike,dune_bayes,422,842.244873046875,0.17132675647735596,842.4161987304688
bike,dune_bayes,423,1454.3922119140625,0.11736200749874115,1454.509521484375
bike,dune_bayes,424,1503.11328125,0.14059682190418243,1503.25390625
bike,dune_bayes,425,1356.8785400390625,0.09390807896852493,1356.972412109375
bike,dune_bayes,426,1138.11962890625,0.09286846220493317,1138.2125244140625
bike,dune_bayes,427,963.1829833984375,0.09162244200706482,963.2745971679688
bike,dune_bayes,428,870.9575805664062,0.0935104489326477,871.0510864257812
bike,dune_bayes,429,1607.3629150390625,0.11311270296573639,1607.47607421875
bike,dune_bayes,430,1641.5174560546875,0.0863238275051117,1641.603759765625
bike,dune_bayes,431,1720.405029296875,0.13688786327838898,1720.5418701171875
bike,dune_bayes,432,1917.45263671875,0.09492145478725433,1917.547607421875
bike,dune_bayes,433,1700.6898193359375,0.08893469721078873,1700.77880859375
bike,dune_bayes,434,1700.6898193359375,0.08893469721078873,1700.77880859375
bike,dune_bayes,435,1113.8505859375,0.0821554884314537,1113.9327392578125
bike,dune_bayes,436,850.9612426757812,0.09422452002763748,851.0554809570312
bike,dune_bayes,437,1317.4940185546875,0.07742323726415634,1317.5714111328125
bike,dune_bayes,438,970.0440673828125,0.08511938154697418,970.1292114257812
bike,dune_bayes,439,692.8643798828125,0.1027458980679512,692.9671020507812
bike,dune_bayes,440,672.7213745117188,0.13468436896800995,672.8560791015625
bike,dune_bayes,441,664.00537109375,0.1043151319026947,664.1096801757812
bike,dune_bayes,442,656.0404052734375,0.10192564874887466,656.142333984375
bike,dune_bayes,443,600.511474609375,0.10096140205860138,600.6124267578125
bike,dune_bayes,444,451.96893310546875,0.1147487685084343,452.08367919921875
bike,dune_bayes,445,592.8889770507812,0.09992194175720215,592.9888916015625
bike,dune_bayes,446,613.0617065429688,0.11522143334150314,613.1769409179688
bike,dune_bayes,447,682.7329711914062,0.09914715588092804,682.8320922851562
bike,dune_bayes,448,691.2514038085938,0.09746139496564865,691.348876953125
bike,dune_bayes,449,707.4702758789062,0.0949832946062088,707.5652465820312
bike,dune_bayes,450,623.6910400390625,0.10229774564504623,623.7933349609375
bike,dune_bayes,451,646.9927368164062,0.09813226014375687,647.0908813476562
bike,dune_bayes,452,1100.38720703125,0.08782048523426056,1100.4749755859375
bike,dune_bayes,453,826.7683715820312,0.09322802722454071,826.861572265625
bike,dune_bayes,454,746.6038818359375,0.09607009589672089,746.699951171875
bike,dune_bayes,455,874.4378051757812,0.09272322803735733,874.530517578125
bike,dune_bayes,456,1245.9305419921875,0.0907190665602684,1246.021240234375
bike,dune_bayes,457,2119.746826171875,0.1441565901041031,2119.890869140625
bike,dune_bayes,458,1398.644775390625,0.07770152390003204,1398.7225341796875
bike,dune_bayes,459,1162.2537841796875,0.0898260623216629,1162.3436279296875
bike,dune_bayes,460,801.8103637695312,0.09846832603216171,801.9088134765625
bike,dune_bayes,461,814.0164184570312,0.10892581194639206,814.1253662109375
bike,dune_bayes,462,659.3714599609375,0.10359518975019455,659.4750366210938
bike,dune_bayes,463,878.573974609375,0.08934785425662994,878.663330078125
bike,dune_bayes,464,1342.916259765625,0.08612839132547379,1343.00244140625
bike,dune_bayes,465,1220.646484375,0.07877053320407867,1220.7252197265625
bike,dune_bayes,466,1083.552978515625,0.08204080164432526,1083.635009765625
bike,dune_bayes,467,1020.14794921875,0.0850231871008873,1020.2329711914062
bike,dune_bayes,468,1954.2252197265625,0.0836639329791069,1954.308837890625
bike,dune_bayes,469,1985.14501953125,0.09078195691108704,1985.23583984375
bike,dune_bayes,470,1906.4927978515625,0.10755553841590881,1906.600341796875
bike,dune_bayes,471,1451.9952392578125,0.08043015003204346,1452.07568359375
bike,dune_bayes,472,960.510498046875,0.1074870303273201,960.6179809570312
bike,dune_bayes,473,682.7329711914062,0.09914715588092804,682.8320922851562
bike,dune_bayes,474,1137.99951171875,0.09516485780477524,1138.0947265625
bike,dune_bayes,475,1303.6834716796875,0.08675584942102432,1303.770263671875
bike,dune_bayes,476,879.4677734375,0.10395729541778564,879.5717163085938
bike,dune_bayes,477,857.2062377929688,0.14134587347507477,857.3475952148438
bike,dune_bayes,478,942.590576171875,0.08882645517587662,942.6793823242188
bike,dune_bayes,479,934.8515014648438,0.13064563274383545,934.9821166992188
bike,dune_bayes,480,1633.469970703125,0.12121868133544922,1633.5911865234375
bike,dune_bayes,481,1718.4716796875,0.11701389402151108,1718.5887451171875
bike,dune_bayes,482,1747.33544921875,0.13895483314990997,1747.474365234375
bike,dune_bayes,483,1455.6185302734375,0.09112579375505447,1455.709716796875
bike,dune_bayes,484,1534.9884033203125,0.07980886101722717,1535.0682373046875
bike,dune_bayes,485,1946.9864501953125,0.08604776859283447,1947.072509765625
bike,dune_bayes,486,1853.7886962890625,0.08212433755397797,1853.870849609375
bike,dune_bayes,487,1421.94580078125,0.07737255096435547,1422.023193359375
bike,dune_bayes,488,1427.8807373046875,0.09726980328559875,1427.97802734375
bike,dune_bayes,489,1784.238525390625,0.08565209060907364,1784.32421875
bike,dune_bayes,490,900.9144897460938,0.09322123229503632,901.0076904296875
bike,dune_bayes,491,698.7752685546875,0.11549175530672073,698.8907470703125
bike,dune_bayes,492,726.8912353515625,0.11476027965545654,727.0059814453125
bike,dune_bayes,493,1816.2982177734375,0.08505675941705704,1816.38330078125
bike,dune_bayes,494,1477.1494140625,0.0834498181939125,1477.23291015625
bike,dune_bayes,495,2102.754150390625,0.10737622529268265,2102.861572265625
bike,dune_bayes,496,2317.083984375,0.12049385160207748,2317.20458984375
bike,dune_bayes,497,2417.770751953125,0.11046770215034485,2417.881103515625
bike,dune_bayes,498,2137.504638671875,0.09079121798276901,2137.595458984375
bike,dune_bayes,499,2038.788818359375,0.09537424892187119,2038.8841552734375
bike,dune_bayes,500,1917.018310546875,0.0991995632648468,1917.1175537109375
bike,dune_bayes,501,1302.3360595703125,0.15991166234016418,1302.4959716796875
bike,dune_bayes,502,1435.4075927734375,0.1347622126340866,1435.5423583984375
bike,dune_bayes,503,1532.6806640625,0.08811666816473007,1532.768798828125
bike,dune_bayes,504,1678.7144775390625,0.0894123911857605,1678.8038330078125
bike,dune_bayes,505,1491.342529296875,0.08122245222330093,1491.4237060546875
bike,dune_bayes,506,1324.070556640625,0.09202861040830612,1324.16259765625
bike,dune_bayes,507,1276.363037109375,0.09148836135864258,1276.4544677734375
bike,dune_bayes,508,1255.1365966796875,0.08574409782886505,1255.2222900390625
bike,dune_bayes,509,801.2232055664062,0.0966423749923706,801.31982421875
bike,dune_bayes,510,752.0407104492188,0.09427977353334427,752.135009765625
bike,dune_bayes,511,459.80828857421875,0.11002450436353683,459.9183044433594
bike,dune_bayes,512,439.3853759765625,0.11132336407899857,439.4967041015625
bike,dune_bayes,513,472.62164306640625,0.10901614278554916,472.73065185546875
bike,dune_bayes,514,472.62164306640625,0.10901614278554916,472.73065185546875
bike,dune_bayes,515,521.2957763671875,0.11161737143993378,521.4074096679688
bike,dune_bayes,516,970.2324829101562,0.1191580593585968,970.3516235351562
bike,dune_bayes,517,1251.3167724609375,0.11660591512918472,1251.433349609375
bike,dune_bayes,518,872.9222412109375,0.09705193340778351,873.019287109375
bike,dune_bayes,519,698.36767578125,0.10636433959007263,698.4740600585938
bike,dune_bayes,520,698.36767578125,0.10636433959007263,698.4740600585938
bike,dune_bayes,521,698.36767578125,0.10636433959007263,698.4740600585938
bike,dune_bayes,522,789.0809936523438,0.10252314805984497,789.1835327148438
bike,dune_bayes,523,1479.1121826171875,0.09643645584583282,1479.2086181640625
bike,dune_bayes,524,1627.9219970703125,0.10081557184457779,1628.0228271484375
bike,dune_bayes,525,1697.4432373046875,0.10820289701223373,1697.5513916015625
bike,dune_bayes,526,1516.6412353515625,0.09504149109125137,1516.736328125
bike,dune_bayes,527,1465.8436279296875,0.10070144385099411,1465.9443359375
bike,dune_bayes,528,846.5545043945312,0.10316390544176102,846.6576538085938
bike,dune_bayes,529,846.5545043945312,0.10316390544176102,846.6576538085938
bike,dune_bayes,530,759.0979614257812,0.11912138760089874,759.2171020507812
bike,dune_bayes,531,1065.1416015625,0.09112340956926346,1065.232666015625
bike,dune_bayes,532,1537.0389404296875,0.08146180957555771,1537.120361328125
bike,dune_bayes,533,1997.84765625,0.08240606635808945,1997.9300537109375
bike,dune_bayes,534,1605.78271484375,0.08502419292926788,1605.8677978515625
bike,dune_bayes,535,1881.112548828125,0.11236809194087982,1881.2249755859375
bike,dune_bayes,536,1967.5799560546875,0.09443619102239609,1967.6744384765625
bike,dune_bayes,537,1939.156005859375,0.10542916506528854,1939.261474609375
bike,dune_bayes,538,1570.87353515625,0.09960442781448364,1570.97314453125
bike,dune_bayes,539,1187.3746337890625,0.09485466778278351,1187.469482421875
bike,dune_bayes,540,1463.4512939453125,0.08970390260219574,1463.541015625
bike,dune_bayes,541,1786.0345458984375,0.13237249851226807,1786.1668701171875
bike,dune_bayes,542,1401.177978515625,0.11265408247709274,1401.2906494140625
bike,dune_bayes,543,1489.8729248046875,0.12386514991521835,1489.996826171875
bike,dune_bayes,544,1424.1904296875,0.08561360090970993,1424.2760009765625
bike,dune_bayes,545,1919.9307861328125,0.08118467032909393,1920.011962890625
bike,dune_bayes,546,1767.8814697265625,0.07980240881443024,1767.9613037109375
bike,dune_bayes,547,1765.949951171875,0.0789201408624649,1766.0289306640625
bike,dune_bayes,548,1783.46630859375,0.08025746792554855,1783.5465087890625
bike,dune_bayes,549,1982.498779296875,0.08940078318119049,1982.588134765625
bike,dune_bayes,550,1587.07373046875,0.0941268727183342,1587.1678466796875
bike,dune_bayes,551,1582.739501953125,0.09545645862817764,1582.8349609375
bike,dune_bayes,552,979.3507690429688,0.09040135890245438,979.441162109375
bike,dune_bayes,553,919.2711181640625,0.09115561842918396,919.3622436523438
bike,dune_bayes,554,965.9461669921875,0.08876579999923706,966.034912109375
bike,dune_bayes,555,1179.55029296875,0.08606859296560287,1179.6363525390625
bike,dune_bayes,556,1067.8114013671875,0.09032229334115982,1067.9017333984375
bike,dune_bayes,557,910.4502563476562,0.09544830769300461,910.5457153320312
bike,dune_bayes,558,781.9800415039062,0.09692645072937012,782.0769653320312
bike,dune_bayes,559,739.3196411132812,0.11317669600248337,739.4328002929688
bike,dune_bayes,560,928.5989990234375,0.08934103697538376,928.6883544921875
bike,dune_bayes,561,1182.943115234375,0.0798581913113594,1183.02294921875
bike,dune_bayes,562,1117.0166015625,0.08255745470523834,1117.09912109375
bike,dune_bayes,563,1085.9019775390625,0.08138058334589005,1085.9833984375
bike,dune_bayes,564,1097.9437255859375,0.09747190028429031,1098.0411376953125
bike,dune_bayes,565,1668.28173828125,0.07788803428411484,1668.359619140625
bike,dune_bayes,566,1518.0177001953125,0.07935361564159393,1518.0970458984375
bike,dune_bayes,567,1388.3668212890625,0.0826510488986969,1388.449462890625
bike,dune_bayes,568,1830.6212158203125,0.1311061829328537,1830.7523193359375
bike,dune_bayes,569,1703.4727783203125,0.10158489644527435,1703.5743408203125
bike,dune_bayes,570,1230.5462646484375,0.0798712968826294,1230.6260986328125
bike,dune_bayes,571,909.681396484375,0.15148039162158966,909.8328857421875
bike,dune_bayes,572,734.097900390625,0.12422434985637665,734.2221069335938
bike,dune_bayes,573,1384.3272705078125,0.09678566455841064,1384.424072265625
bike,dune_bayes,574,1233.75146484375,0.0793452188372612,1233.830810546875
bike,dune_bayes,575,1113.8505859375,0.0821554884314537,1113.9327392578125
bike,dune_bayes,576,1088.302734375,0.08480466157197952,1088.3875732421875
bike,dune_bayes,577,1820.4439697265625,0.08880842477083206,1820.5328369140625
bike,dune_bayes,578,1938.7027587890625,0.10360495001077652,1938.806396484375
bike,dune_bayes,579,2121.98681640625,0.11415375024080276,2122.10107421875
bike,dune_bayes,580,1808.2562255859375,0.08425640314817429,1808.3404541015625
bike,dune_bayes,581,1727.1771240234375,0.08231949806213379,1727.2593994140625
bike,dune_bayes,582,837.6654052734375,0.09313776344060898,837.758544921875
bike,dune_bayes,583,825.8010864257812,0.10733667016029358,825.908447265625
bike,dune_bayes,584,1090.5537109375,0.08569878339767456,1090.639404296875
bike,dune_bayes,585,1790.463623046875,0.09122796356678009,1790.5548095703125
bike,dune_bayes,586,1997.427001953125,0.09506209194660187,1997.5220947265625
bike,dune_bayes,587,988.616455078125,0.08544918149709702,988.701904296875
bike,dune_bayes,588,1138.8037109375,0.08751675486564636,1138.8912353515625
bike,dune_bayes,589,1536.220458984375,0.09829480201005936,1536.3187255859375
bike,dune_bayes,590,1562.7569580078125,0.09164394438266754,1562.8486328125
bike,dune_bayes,591,1015.8829956054688,0.10711794346570969,1015.9901123046875
bike,dune_bayes,592,935.5275268554688,0.0929277166724205,935.6204833984375
bike,dune_bayes,593,1511.0965576171875,0.09701529145240784,1511.193603515625
bike,dune_bayes,594,1525.5035400390625,0.09537912160158157,1525.598876953125
bike,dune_bayes,595,1569.125244140625,0.09686405211687088,1569.22216796875
bike,dune_bayes,596,989.5083618164062,0.0910448357462883,989.5994262695312
bike,dune_bayes,597,991.6761474609375,0.088993601500988,991.76513671875
bike,dune_bayes,598,726.8912353515625,0.11476027965545654,727.0059814453125
bike,dune_bayes,599,1049.103271484375,0.08219223469495773,1049.1854248046875
bike,dune_bayes,600,1209.5367431640625,0.08273914456367493,1209.6195068359375
bike,dune_bayes,601,1435.1424560546875,0.07966382801532745,1435.22216796875
bike,dune_bayes,602,1939.626708984375,0.08029915392398834,1939.70703125
bike,dune_bayes,603,1735.694091796875,0.07752791047096252,1735.7716064453125
bike,dune_bayes,604,1341.6522216796875,0.08218847960233688,1341.734375
bike,dune_bayes,605,1322.7618408203125,0.08173526078462601,1322.8436279296875
bike,dune_bayes,606,1794.60205078125,0.10300412774085999,1794.705078125
bike,dune_bayes,607,2115.373046875,0.0905974954366684,2115.463623046875
bike,dune_bayes,608,1506.392578125,0.09774694591760635,1506.4903564453125
bike,dune_bayes,609,1372.7965087890625,0.09687784314155579,1372.8934326171875
bike,dune_bayes,610,1461.2847900390625,0.08126036077737808,1461.3660888671875
bike,dune_bayes,611,1678.31396484375,0.09919793903827667,1678.4132080078125
bike,dune_bayes,612,1931.320556640625,0.08725465834140778,1931.4078369140625
bike,dune_bayes,613,976.4981079101562,0.0890280231833458,976.587158203125
bike,dune_bayes,614,898.046875,0.08964364230632782,898.1365356445312
bike,dune_bayes,615,1905.2152099609375,0.08170382678508759,1905.296875
bike,dune_bayes,616,1805.677734375,0.07761392742395401,1805.75537109375
bike,dune_bayes,617,1127.699951171875,0.08346089720726013,1127.783447265625
bike,dune_bayes,618,1127.699951171875,0.08346089720726013,1127.783447265625
bike,dune_bayes,619,1012.9098510742188,0.08717919141054153,1012.9970092773438
bike,dune_bayes,620,1012.9098510742188,0.08717919141054153,1012.9970092773438
bike,dune_bayes,621,1127.699951171875,0.08346089720726013,1127.783447265625
bike,dune_bayes,622,1144.9737548828125,0.0834679901599884,1145.0572509765625
bike,dune_bayes,623,1012.9098510742188,0.08717919141054153,1012.9970092773438
bike,dune_bayes,624,903.3968505859375,0.09213930368423462,903.489013671875
bike,dune_bayes,625,789.6046142578125,0.1018974706530571,789.7064819335938
bike,dune_bayes,626,803.3474731445312,0.10188852995634079,803.4493408203125
bike,dune_bayes,627,599.3732299804688,0.12809279561042786,599.5013427734375
bike,dune_bayes,628,1140.253662109375,0.09414137899875641,1140.3477783203125
bike,dune_bayes,629,1275.75341796875,0.10061639547348022,1275.85400390625
bike,dune_bayes,630,1262.9984130859375,0.09272349625825882,1263.0911865234375
bike,dune_bayes,631,1385.7147216796875,0.09605666249990463,1385.810791015625
bike,dune_bayes,632,936.8836059570312,0.09789367020130157,936.9815063476562
bike,dune_bayes,633,899.9996948242188,0.09823879599571228,900.0979614257812
bike,dune_bayes,634,932.9222412109375,0.09334202855825424,933.0155639648438
bike,dune_bayes,635,920.7740478515625,0.0921441912651062,920.8662109375
bike,dune_bayes,636,1044.6474609375,0.08711551874876022,1044.734619140625
bike,dune_bayes,637,1546.78955078125,0.08255097270011902,1546.8720703125
bike,dune_bayes,638,1758.722412109375,0.10084230452775955,1758.8232421875
bike,dune_bayes,639,1814.0345458984375,0.10250327736139297,1814.1370849609375
bike,dune_bayes,640,1393.366943359375,0.085015207529068,1393.451904296875
bike,dune_bayes,641,1268.8221435546875,0.08769642561674118,1268.9097900390625
bike,dune_bayes,642,1089.922119140625,0.10535281151533127,1090.0274658203125
bike,dune_bayes,643,1053.8543701171875,0.09280247986316681,1053.9471435546875
bike,dune_bayes,644,989.2727661132812,0.09566892683506012,989.368408203125
bike,dune_bayes,645,1249.767578125,0.11673512309789658,1249.88427734375
bike,dune_bayes,646,1683.9307861328125,0.1098586916923523,1684.0406494140625
bike,dune_bayes,647,1117.70361328125,0.09078152477741241,1117.79443359375
bike,dune_bayes,648,1125.908203125,0.09419134259223938,1126.00244140625
bike,dune_bayes,649,1106.5567626953125,0.08844137191772461,1106.645263671875
bike,dune_bayes,650,999.6094360351562,0.10115928202867508,999.7105712890625
bike,dune_bayes,651,847.7589111328125,0.09883046895265579,847.8577270507812
bike,dune_bayes,652,1157.104248046875,0.0944516509771347,1157.19873046875
bike,dune_bayes,653,1237.1654052734375,0.08731915056705475,1237.252685546875
bike,dune_bayes,654,1253.2437744140625,0.09761557728052139,1253.3414306640625
bike,dune_bayes,655,903.3867797851562,0.09750085324048996,903.4842529296875
bike,dune_bayes,656,783.087158203125,0.11380784958600998,783.2009887695312
bike,dune_bayes,657,1616.177734375,0.07964718341827393,1616.25732421875
bike,dune_bayes,658,1583.946044921875,0.07617280632257462,1584.022216796875
bike,dune_bayes,659,1321.0386962890625,0.08681562542915344,1321.12548828125
bike,dune_bayes,660,710.3350219726562,0.1041017547249794,710.4391479492188
bike,dune_bayes,661,911.09814453125,0.09152943640947342,911.189697265625
bike,dune_bayes,662,1547.18603515625,0.07589263468980789,1547.261962890625
bike,dune_bayes,663,1797.1822509765625,0.08346302062273026,1797.2657470703125
bike,dune_bayes,664,1854.1251220703125,0.07880992442369461,1854.2039794921875
bike,dune_bayes,665,1774.426025390625,0.0771295502781868,1774.503173828125
bike,dune_bayes,666,1728.6690673828125,0.07662512362003326,1728.7457275390625
bike,dune_bayes,667,1193.85400390625,0.09934552758932114,1193.953369140625
bike,dune_bayes,668,729.7247924804688,0.0996682271361351,729.824462890625
bike,dune_bayes,669,1080.4971923828125,0.08987033367156982,1080.5870361328125
bike,dune_bayes,670,1262.8768310546875,0.09462413936853409,1262.971435546875
bike,dune_bayes,671,1527.3997802734375,0.0926743671298027,1527.492431640625
bike,dune_bayes,672,1829.6783447265625,0.10174336284399033,1829.780029296875
bike,dune_bayes,673,1359.083984375,0.09321049600839615,1359.17724609375
bike,dune_bayes,674,748.8946533203125,0.10259351134300232,748.9972534179688
bike,dune_bayes,675,837.8006591796875,0.1007409319281578,837.9014282226562
bike,dune_bayes,676,1464.9749755859375,0.09157989174127579,1465.0665283203125
bike,dune_bayes,677,1235.9857177734375,0.09169178456068039,1236.077392578125
bike,dune_bayes,678,1196.305908203125,0.08963211625814438,1196.3955078125
bike,dune_bayes,679,1600.8814697265625,0.08445106446743011,1600.9659423828125
bike,dune_bayes,680,1232.6712646484375,0.09185025840997696,1232.7630615234375
bike,dune_bayes,681,1119.4207763671875,0.09542641788721085,1119.5162353515625
bike,dune_bayes,682,1076.789306640625,0.09653396904468536,1076.8858642578125
bike,dune_bayes,683,2041.678466796875,0.11448247730731964,2041.79296875
bike,dune_bayes,684,891.405517578125,0.11388406157493591,891.5194091796875
bike,dune_bayes,685,1053.8543701171875,0.09280247986316681,1053.9471435546875
bike,dune_bayes,686,1445.0498046875,0.08077099174261093,1445.130615234375
bike,dune_bayes,687,1962.5257568359375,0.08198633044958115,1962.6077880859375
bike,dune_bayes,688,1930.043701171875,0.08198870718479156,1930.125732421875
bike,dune_bayes,689,1657.7386474609375,0.0830700471997261,1657.82177734375
bike,dune_bayes,690,1474.9324951171875,0.08143072575330734,1475.013916015625
bike,dune_bayes,691,1035.0882568359375,0.10959772765636444,1035.1978759765625
bike,dune_bayes,692,1664.873046875,0.08253857493400574,1664.95556640625
bike,dune_bayes,693,1885.5660400390625,0.08076130598783493,1885.6468505859375
bike,dune_bayes,694,1507.4864501953125,0.08408099412918091,1507.570556640625
bike,dune_bayes,695,1570.9000244140625,0.0883796364068985,1570.9884033203125
bike,dune_bayes,696,1802.2637939453125,0.08717497438192368,1802.3509521484375
bike,dune_bayes,697,2066.767822265625,0.0919114425778389,2066.859619140625
bike,dune_bayes,698,1936.050048828125,0.08176200836896896,1936.1318359375
bike,dune_bayes,699,2186.470703125,0.09214479476213455,2186.562744140625
bike,dune_bayes,700,1208.6512451171875,0.08824929594993591,1208.739501953125
bike,dune_bayes,701,1069.0775146484375,0.09940079599618912,1069.1768798828125
bike,dune_bayes,702,1642.6280517578125,0.09867404401302338,1642.7266845703125
bike,dune_bayes,703,1746.8824462890625,0.10489512234926224,1746.9873046875
bike,dune_bayes,704,1312.186279296875,0.10316991806030273,1312.2894287109375
bike,dune_bayes,705,936.36083984375,0.10405974090099335,936.4649047851562
bike,dune_bayes,706,1013.6043701171875,0.10398868471384048,1013.7083740234375
bike,dune_bayes,707,921.4326782226562,0.10895740985870361,921.5416259765625
bike,dune_bayes,708,1231.482177734375,0.09910374134778976,1231.581298828125
bike,dune_bayes,709,985.0223999023438,0.1046871766448021,985.1270751953125
bike,dune_bayes,710,920.97607421875,0.10654358565807343,921.0826416015625
bike,dune_bayes,711,848.9876098632812,0.10904514789581299,849.0966796875
bike,dune_bayes,712,860.1903686523438,0.11182492226362228,860.3021850585938
bike,dune_bayes,713,1612.3536376953125,0.12315934896469116,1612.476806640625
bike,dune_bayes,714,2019.700439453125,0.10990238934755325,2019.810302734375
bike,dune_bayes,715,1400.3282470703125,0.09114554524421692,1400.41943359375
bike,dune_bayes,716,1191.7969970703125,0.09756583720445633,1191.89453125
bike,dune_bayes,717,1376.2215576171875,0.09021873027086258,1376.311767578125
bike,dune_bayes,718,2193.78125,0.09150311350822449,2193.872802734375
bike,dune_bayes,719,2348.654296875,0.09673810005187988,2348.7509765625
bike,dune_bayes,720,2156.162109375,0.08895760029554367,2156.2509765625
bike,dune_bayes,721,2134.366943359375,0.08777127414941788,2134.454833984375
bike,dune_bayes,722,1829.1099853515625,0.08751945197582245,1829.197509765625
bike,dune_bayes,723,1168.7705078125,0.09666471183300018,1168.8671875
bike,dune_bayes,724,2126.178955078125,0.08480823040008545,2126.263671875
bike,dune_bayes,725,2277.509033203125,0.09090735018253326,2277.599853515625
bike,dune_bayes,726,2487.98046875,0.1388755887746811,2488.119384765625
bike,dune_bayes,727,2184.66748046875,0.08932613581418991,2184.7568359375
bike,dune_bayes,728,2094.716552734375,0.08983662724494934,2094.806396484375
bike,dune_bayes,729,1913.9718017578125,0.08120748400688171,1914.052978515625
bike,dune_bayes,730,2145.802001953125,0.08881489187479019,2145.890869140625
bike,dune_bayes,731,2366.849853515625,0.09724405407905579,2366.947021484375
bike,dune_bayes,732,2102.670166015625,0.09098464995622635,2102.76123046875
bike,dune_bayes,733,1767.79443359375,0.09972209483385086,1767.8941650390625
bike,dune_bayes,734,1989.79248046875,0.10563098639249802,1989.8980712890625
bike,dune_bayes,735,1635.3470458984375,0.10119891911745071,1635.4482421875
bike,dune_bayes,736,1436.813232421875,0.09052883088588715,1436.90380859375
bike,dune_bayes,737,1346.323486328125,0.08976610749959946,1346.4132080078125
bike,dune_bayes,738,1125.79052734375,0.09295205771923065,1125.8834228515625
bike,dune_bayes,739,1511.838134765625,0.09758350253105164,1511.9356689453125
bike,dune_bayes,740,1244.4976806640625,0.0927213802933693,1244.5904541015625
bike,dune_bayes,741,1193.33349609375,0.09617126733064651,1193.4296875
bike,dune_bayes,742,1115.311767578125,0.0951274111866951,1115.4068603515625
bike,dune_bayes,743,1093.854248046875,0.0915013924241066,1093.94580078125
bike,dune_bayes,744,1327.709228515625,0.08566781133413315,1327.794921875
bike,dune_bayes,745,2442.25634765625,0.09425761550664902,2442.3505859375
bike,dune_bayes,746,1750.822509765625,0.0801723524928093,1750.9027099609375
bike,dune_bayes,747,1578.0712890625,0.08316431939601898,1578.1544189453125
bike,dune_bayes,748,1202.3604736328125,0.08533130586147308,1202.44580078125
bike,dune_bayes,749,1595.00146484375,0.07880963385105133,1595.080322265625
bike,dune_bayes,750,1707.64404296875,0.08147276192903519,1707.7254638671875
bike,dune_bayes,751,1283.261474609375,0.10459157824516296,1283.3660888671875
bike,dune_bayes,752,1144.6317138671875,0.09584502875804901,1144.7275390625
bike,dune_bayes,753,1458.21484375,0.08504083007574081,1458.2999267578125
bike,dune_bayes,754,1805.3194580078125,0.08689679205417633,1805.4063720703125
bike,dune_bayes,755,1340.4931640625,0.09391014277935028,1340.5870361328125
bike,dune_bayes,756,1423.200927734375,0.09213652461767197,1423.2930908203125
bike,dune_bayes,757,1222.0009765625,0.11035691946744919,1222.111328125
bike,dune_bayes,758,1977.10595703125,0.10928142815828323,1977.2152099609375
bike,dune_bayes,759,2256.075439453125,0.09635672718286514,2256.171875
bike,dune_bayes,760,2483.414306640625,0.09853634238243103,2483.512939453125
bike,dune_bayes,761,2321.972900390625,0.10148433595895767,2322.074462890625
bike,dune_bayes,762,2480.685546875,0.09993436932563782,2480.785400390625
bike,dune_bayes,763,2418.39892578125,0.10572263598442078,2418.504638671875
bike,dune_bayes,764,1911.665283203125,0.08173339813947678,1911.7470703125
bike,dune_bayes,765,1928.8447265625,0.08178851753473282,1928.926513671875
bike,dune_bayes,766,1631.7122802734375,0.08035656809806824,1631.7926025390625
bike,dune_bayes,767,1431.49755859375,0.08351626992225647,1431.5810546875
bike,dune_bayes,768,1431.49755859375,0.08351626992225647,1431.5810546875
bike,dune_bayes,769,2009.254150390625,0.08613616973161697,2009.34033203125
bike,dune_bayes,770,1966.4923095703125,0.0838330090045929,1966.576171875
bike,dune_bayes,771,1762.8616943359375,0.08465980738401413,1762.9464111328125
bike,dune_bayes,772,1586.20263671875,0.08417608588933945,1586.286865234375
bike,dune_bayes,773,1157.689453125,0.10431988537311554,1157.7938232421875
bike,dune_bayes,774,1136.3685302734375,0.10308060050010681,1136.4715576171875
bike,dune_bayes,775,1493.196044921875,0.0950775146484375,1493.2911376953125
bike,dune_bayes,776,1762.862548828125,0.10188285261392593,1762.9644775390625
bike,dune_bayes,777,1743.6593017578125,0.10070699453353882,1743.760009765625
bike,dune_bayes,778,1324.5050048828125,0.09891453385353088,1324.6038818359375
bike,dune_bayes,779,1287.381103515625,0.095418281853199,1287.4765625
bike,dune_bayes,780,1218.199462890625,0.0973062589764595,1218.2967529296875
bike,dune_bayes,781,1218.199462890625,0.0973062589764595,1218.2967529296875
bike,dune_bayes,782,1021.1829833984375,0.10588768869638443,1021.2888793945312
bike,dune_bayes,783,936.36083984375,0.10405974090099335,936.4649047851562
bike,dune_bayes,784,1058.4674072265625,0.09912922978401184,1058.5665283203125
bike,dune_bayes,785,1555.065673828125,0.10845375061035156,1555.174072265625
bike,dune_bayes,786,1730.404296875,0.09526984393596649,1730.49951171875
bike,dune_bayes,787,1862.35546875,0.11816755682229996,1862.4736328125
bike,dune_bayes,788,2155.944091796875,0.09054413437843323,2156.03466796875
bike,dune_bayes,789,1957.3167724609375,0.0808168426156044,1957.3975830078125
bike,dune_bayes,790,1606.0093994140625,0.07903589308261871,1606.08837890625
bike,dune_bayes,791,1687.999267578125,0.08955308049917221,1688.0888671875
bike,dune_bayes,792,2104.64892578125,0.10153041779994965,2104.75048828125
bike,dune_bayes,793,1934.09228515625,0.07979123294353485,1934.172119140625
bike,dune_bayes,794,1495.87451171875,0.07779016345739365,1495.9522705078125
bike,dune_bayes,795,1486.5157470703125,0.08267435431480408,1486.598388671875
bike,dune_bayes,796,1710.3284912109375,0.07798413932323456,1710.406494140625
bike,dune_bayes,797,1956.0213623046875,0.10594315081834793,1956.1273193359375
bike,dune_bayes,798,2138.615966796875,0.11185265332460403,2138.727783203125
bike,dune_bayes,799,2176.766357421875,0.11321336030960083,2176.879638671875
bike,dune_bayes,800,1673.5050048828125,0.08026117831468582,1673.585205078125
bike,dune_bayes,801,1851.2059326171875,0.08789083361625671,1851.2938232421875
bike,dune_bayes,802,1355.96533203125,0.08634445816278458,1356.0516357421875
bike,dune_bayes,803,1337.98876953125,0.09222711622714996,1338.0810546875
bike,dune_bayes,804,1328.8262939453125,0.0888267233967781,1328.9151611328125
bike,dune_bayes,805,1881.9310302734375,0.07987193018198013,1882.0108642578125
bike,dune_bayes,806,2248.4580078125,0.08842679113149643,2248.54638671875
bike,dune_bayes,807,2144.837158203125,0.08541495352983475,2144.922607421875
bike,dune_bayes,808,1013.6551513671875,0.100486159324646,1013.755615234375
bike,dune_bayes,809,1013.6551513671875,0.100486159324646,1013.755615234375
bike,dune_bayes,810,1130.40478515625,0.1013578549027443,1130.506103515625
bike,dune_bayes,811,1418.522216796875,0.10206650197505951,1418.624267578125
bike,dune_bayes,812,1779.7049560546875,0.09966380894184113,1779.8045654296875
bike,dune_bayes,813,1164.7366943359375,0.0972914919257164,1164.833984375
bike,dune_bayes,814,1231.9034423828125,0.09542402625083923,1231.9989013671875
bike,dune_bayes,815,1185.223388671875,0.09608937054872513,1185.3194580078125
bike,dune_bayes,816,1558.9066162109375,0.10003485530614853,1559.006591796875
bike,dune_bayes,817,1544.3299560546875,0.10167163610458374,1544.431640625
bike,dune_bayes,818,1260.3585205078125,0.08642321079969406,1260.4449462890625
bike,dune_bayes,819,1393.366943359375,0.085015207529068,1393.451904296875
bike,dune_bayes,820,1643.3193359375,0.08075729757547379,1643.400146484375
bike,dune_bayes,821,1537.0389404296875,0.08146180957555771,1537.120361328125
bike,dune_bayes,822,1143.748291015625,0.08957592397928238,1143.837890625
bike,dune_bayes,823,1561.634765625,0.08319709450006485,1561.718017578125
bike,dune_bayes,824,1908.81298828125,0.08408351987600327,1908.8970947265625
bike,dune_bayes,825,2003.4530029296875,0.08732563257217407,2003.540283203125
bike,dune_bayes,826,2009.254150390625,0.08613616973161697,2009.34033203125
bike,dune_bayes,827,1854.923095703125,0.08580043911933899,1855.0089111328125
bike,dune_bayes,828,1768.2215576171875,0.08817946910858154,1768.3096923828125
bike,dune_bayes,829,1510.2379150390625,0.08678232133388519,1510.32470703125
bike,dune_bayes,830,1408.3887939453125,0.08470261096954346,1408.4735107421875
bike,dune_bayes,831,1312.7373046875,0.10693392157554626,1312.84423828125
bike,dune_bayes,832,1688.8905029296875,0.08355668187141418,1688.9739990234375
bike,dune_bayes,833,2068.708740234375,0.09964150935411453,2068.808349609375
bike,dune_bayes,834,1508.938720703125,0.08797033876180649,1509.0267333984375
bike,dune_bayes,835,1586.20263671875,0.08417608588933945,1586.286865234375
bike,dune_bayes,836,1586.20263671875,0.08417608588933945,1586.286865234375
bike,dune_bayes,837,1586.20263671875,0.08417608588933945,1586.286865234375
bike,dune_bayes,838,1762.8616943359375,0.08465980738401413,1762.9464111328125
bike,dune_bayes,839,1813.3868408203125,0.08300479501485825,1813.4698486328125
bike,dune_bayes,840,2333.138916015625,0.0959363654255867,2333.23486328125
bike,dune_bayes,841,1987.8856201171875,0.08283593505620956,1987.968505859375
bike,dune_bayes,842,1829.7652587890625,0.10237312316894531,1829.86767578125
bike,dune_bayes,843,1644.415283203125,0.0932447761297226,1644.508544921875
bike,dune_bayes,844,1871.0462646484375,0.10837091505527496,1871.1546630859375
bike,dune_bayes,845,1829.6783447265625,0.10174336284399033,1829.780029296875
bike,dune_bayes,846,1728.1202392578125,0.09604723751544952,1728.21630859375
bike,dune_bayes,847,1285.23583984375,0.09244382381439209,1285.3282470703125
bike,dune_bayes,848,1272.3963623046875,0.0941057950258255,1272.490478515625
bike,dune_bayes,849,1190.1815185546875,0.10973779857158661,1190.291259765625
bike,dune_bayes,850,1260.3719482421875,0.11045568436384201,1260.482421875
bike,dune_bayes,851,1457.1695556640625,0.09051905572414398,1457.2601318359375
bike,dune_bayes,852,1860.1025390625,0.10129037499427795,1860.203857421875
bike,dune_bayes,853,1500.0235595703125,0.11577650159597397,1500.1392822265625
bike,dune_bayes,854,1560.9822998046875,0.0871569812297821,1561.0694580078125
bike,dune_bayes,855,1253.085205078125,0.0846186950802803,1253.1697998046875
bike,dune_bayes,856,1469.682861328125,0.10138405114412308,1469.7843017578125
bike,dune_bayes,857,1354.8521728515625,0.10250583291053772,1354.9547119140625
bike,dune_bayes,858,1335.7979736328125,0.08674977719783783,1335.884765625
bike,dune_bayes,859,2001.7327880859375,0.10889605432748795,2001.8416748046875
bike,dune_bayes,860,2254.60009765625,0.09037771075963974,2254.6904296875
bike,dune_bayes,861,2110.1064453125,0.11286196857690811,2110.21923828125
bike,dune_bayes,862,1977.528076171875,0.1256074160337448,1977.6536865234375
bike,dune_bayes,863,1709.2628173828125,0.09054193645715714,1709.3533935546875
bike,dune_bayes,864,1371.225830078125,0.08802394568920135,1371.3138427734375
bike,dune_bayes,865,1328.4302978515625,0.08598323166370392,1328.5162353515625
bike,dune_bayes,866,1672.1748046875,0.08847896009683609,1672.2633056640625
bike,dune_bayes,867,1969.1944580078125,0.08150330185890198,1969.2760009765625
bike,dune_bayes,868,2092.6240234375,0.08861669152975082,2092.712646484375
bike,dune_bayes,869,2353.6865234375,0.09310059249401093,2353.779541015625
bike,dune_bayes,870,2424.532470703125,0.09474899619817734,2424.627197265625
bike,dune_bayes,871,2503.958740234375,0.10336346924304962,2504.06201171875
bike,dune_bayes,872,2129.362060546875,0.08382545411586761,2129.44580078125
bike,dune_bayes,873,1924.2637939453125,0.0795518308877945,1924.3433837890625
bike,dune_bayes,874,1721.96923828125,0.0782097727060318,1722.0474853515625
bike,dune_bayes,875,1537.9752197265625,0.07740209251642227,1538.0526123046875
bike,dune_bayes,876,1652.0987548828125,0.08006361126899719,1652.1788330078125
bike,dune_bayes,877,2151.238037109375,0.08505712449550629,2151.322998046875
bike,dune_bayes,878,2509.6201171875,0.09883435070514679,2509.718994140625
bike,dune_bayes,879,2512.236572265625,0.11380380392074585,2512.350341796875
bike,dune_bayes,880,2103.3134765625,0.08376267552375793,2103.397216796875
bike,dune_bayes,881,1669.1123046875,0.09908749908208847,1669.21142578125
bike,dune_bayes,882,1572.7818603515625,0.07779929786920547,1572.859619140625
bike,dune_bayes,883,2540.337890625,0.09817933291196823,2540.43603515625
bike,dune_bayes,884,2608.1875,0.10283582657575607,2608.290283203125
bike,dune_bayes,885,1910.677490234375,0.10431186854839325,1910.7818603515625
bike,dune_bayes,886,1621.1942138671875,0.10040055960416794,1621.2945556640625
bike,dune_bayes,887,2267.650634765625,0.11966390907764435,2267.770263671875
bike,dune_bayes,888,1779.4969482421875,0.09843859076499939,1779.5953369140625
bike,dune_bayes,889,1690.4293212890625,0.09636083245277405,1690.525634765625
bike,dune_bayes,890,1069.9779052734375,0.09686441719532013,1070.0748291015625
bike,dune_bayes,891,1699.362548828125,0.10152044147253036,1699.464111328125
bike,dune_bayes,892,976.7012939453125,0.11999310553073883,976.8212890625
bike,dune_bayes,893,1142.2569580078125,0.09970497339963913,1142.356689453125
bike,dune_bayes,894,1130.40478515625,0.1013578549027443,1130.506103515625
bike,dune_bayes,895,1081.46728515625,0.10027416050434113,1081.5675048828125
bike,dune_bayes,896,1254.699951171875,0.10022293776273727,1254.8001708984375
bike,dune_bayes,897,1397.027587890625,0.10079041123390198,1397.12841796875
bike,dune_bayes,898,1615.197998046875,0.12115685641765594,1615.3192138671875
bike,dune_bayes,899,1625.3388671875,0.1016363576054573,1625.4405517578125
bike,dune_bayes,900,1444.30810546875,0.08670063316822052,1444.394775390625
bike,dune_bayes,901,1975.5052490234375,0.087030328810215,1975.59228515625
bike,dune_bayes,902,2131.77099609375,0.08631223440170288,2131.857421875
bike,dune_bayes,903,1935.1907958984375,0.0861043855547905,1935.27685546875
bike,dune_bayes,904,1766.25244140625,0.08242443203926086,1766.3348388671875
bike,dune_bayes,905,1695.0062255859375,0.08765700459480286,1695.0938720703125
bike,dune_bayes,906,1634.7596435546875,0.08713661879301071,1634.8468017578125
bike,dune_bayes,907,1888.6893310546875,0.08288511633872986,1888.772216796875
bike,dune_bayes,908,1730.18603515625,0.08480027318000793,1730.2708740234375
bike,dune_bayes,909,1156.5430908203125,0.094179667532444,1156.6373291015625
bike,dune_bayes,910,1483.560302734375,0.0859617367386818,1483.646240234375
bike,dune_bayes,911,1688.8905029296875,0.08355668187141418,1688.9739990234375
bike,dune_bayes,912,2091.3759765625,0.11166840046644211,2091.487548828125
bike,dune_bayes,913,1572.189697265625,0.10238467901945114,1572.2921142578125
bike,dune_bayes,914,1561.634765625,0.08319709450006485,1561.718017578125
bike,dune_bayes,915,1514.2760009765625,0.08952802419662476,1514.365478515625
bike,dune_bayes,916,1779.2259521484375,0.09153862297534943,1779.3175048828125
bike,dune_bayes,917,1335.7979736328125,0.08674977719783783,1335.884765625
bike,dune_bayes,918,1451.64794921875,0.08355335146188736,1451.7314453125
bike,dune_bayes,919,981.4892578125,0.10231068730354309,981.591552734375
bike,dune_bayes,920,1108.697998046875,0.09915149211883545,1108.797119140625
bike,dune_bayes,921,1904.62353515625,0.11051157116889954,1904.7340087890625
bike,dune_bayes,922,1990.07275390625,0.11046810448169708,1990.1832275390625
bike,dune_bayes,923,1938.8033447265625,0.11145523935556412,1938.914794921875
bike,dune_bayes,924,1609.94091796875,0.09519941359758377,1610.0361328125
bike,dune_bayes,925,1196.2569580078125,0.09949319809675217,1196.3564453125
bike,dune_bayes,926,1277.6427001953125,0.09785472601652145,1277.7406005859375
bike,dune_bayes,927,1308.99951171875,0.10046225041151047,1309.0999755859375
bike,dune_bayes,928,1309.492431640625,0.11633353680372238,1309.6087646484375
bike,dune_bayes,929,2020.6085205078125,0.11973174661397934,2020.728271484375
bike,dune_bayes,930,2066.0498046875,0.1105952337384224,2066.160400390625
bike,dune_bayes,931,1888.9332275390625,0.11563435196876526,1889.048828125
bike,dune_bayes,932,1511.4356689453125,0.09903007000684738,1511.53466796875
bike,dune_bayes,933,1835.3692626953125,0.08931972086429596,1835.4586181640625
bike,dune_bayes,934,2205.1494140625,0.0957440659403801,2205.2451171875
bike,dune_bayes,935,2088.502197265625,0.1007922887802124,2088.60302734375
bike,dune_bayes,936,1400.3282470703125,0.09114554524421692,1400.41943359375
bike,dune_bayes,937,2104.990478515625,0.08675657957792282,2105.0771484375
bike,dune_bayes,938,2274.232421875,0.09155510365962982,2274.323974609375
bike,dune_bayes,939,1972.6787109375,0.08526455610990524,1972.763916015625
bike,dune_bayes,940,1936.050048828125,0.08176200836896896,1936.1318359375
bike,dune_bayes,941,2324.366455078125,0.09196064621210098,2324.45849609375
bike,dune_bayes,942,2169.3935546875,0.08944957703351974,2169.48291015625
bike,dune_bayes,943,1093.646728515625,0.09612639248371124,1093.7427978515625
bike,dune_bayes,944,1413.94287109375,0.08949179202318192,1414.0323486328125
bike,dune_bayes,945,1380.4105224609375,0.0876845270395279,1380.4981689453125
bike,dune_bayes,946,1384.01025390625,0.09036922454833984,1384.1005859375
bike,dune_bayes,947,1856.2750244140625,0.08649738878011703,1856.361572265625
bike,dune_bayes,948,2405.174072265625,0.10429584980010986,2405.2783203125
bike,dune_bayes,949,2199.58544921875,0.08869726210832596,2199.674072265625
bike,dune_bayes,950,1896.07421875,0.08072996884584427,1896.1549072265625
bike,dune_bayes,951,1710.5032958984375,0.0828673467040062,1710.586181640625
bike,dune_bayes,952,1489.1025390625,0.07958408445119858,1489.18212890625
bike,dune_bayes,953,1344.835693359375,0.08145827054977417,1344.9171142578125
bike,dune_bayes,954,1388.3668212890625,0.0826510488986969,1388.449462890625
bike,dune_bayes,955,1701.5662841796875,0.08138445019721985,1701.647705078125
bike,dune_bayes,956,1948.5989990234375,0.08030097931623459,1948.6793212890625
bike,dune_bayes,957,1996.334716796875,0.08090538531541824,1996.4156494140625
bike,dune_bayes,958,2138.134521484375,0.08479322493076324,2138.21923828125
bike,dune_bayes,959,1365.830810546875,0.08975211530923843,1365.9205322265625
bike,dune_bayes,960,1108.6298828125,0.09295246005058289,1108.7227783203125
bike,dune_bayes,961,1402.2781982421875,0.09182420372962952,1402.3699951171875
bike,dune_bayes,962,1670.0133056640625,0.09572390466928482,1670.1090087890625
bike,dune_bayes,963,1871.0462646484375,0.10837091505527496,1871.1546630859375
bike,dune_bayes,964,1779.4969482421875,0.09843859076499939,1779.5953369140625
bike,dune_bayes,965,1732.0987548828125,0.09756791591644287,1732.1962890625
bike,dune_bayes,966,1329.743408203125,0.09148099273443222,1329.8348388671875
bike,dune_bayes,967,1628.197998046875,0.09638012945652008,1628.29443359375
bike,dune_bayes,968,1746.8824462890625,0.10489512234926224,1746.9873046875
bike,dune_bayes,969,1890.6044921875,0.1212351992726326,1890.7257080078125
bike,dune_bayes,970,1988.018798828125,0.11416764557361603,1988.1329345703125
bike,dune_bayes,971,1278.60595703125,0.09781769663095474,1278.7037353515625
bike,dune_bayes,972,1537.1641845703125,0.08437898755073547,1537.24853515625
bike,dune_bayes,973,1355.96533203125,0.08634445816278458,1356.0516357421875
bike,dune_bayes,974,1955.313720703125,0.09035605192184448,1955.404052734375
bike,dune_bayes,975,2185.94482421875,0.09456615149974823,2186.039306640625
bike,dune_bayes,976,1739.7012939453125,0.08360849320888519,1739.784912109375
bike,dune_bayes,977,1639.342041015625,0.08372186124324799,1639.42578125
bike,dune_bayes,978,1862.276123046875,0.08636331558227539,1862.3624267578125
bike,dune_bayes,979,1799.2882080078125,0.10694018751382828,1799.3951416015625
bike,dune_bayes,980,2064.07763671875,0.09253375977277756,2064.170166015625
bike,dune_bayes,981,2316.7734375,0.09253145754337311,2316.865966796875
bike,dune_bayes,982,1222.0009765625,0.11035691946744919,1222.111328125
bike,dune_bayes,983,1318.521240234375,0.09289504587650299,1318.6141357421875
bike,dune_bayes,984,1314.05615234375,0.09121641516685486,1314.1473388671875
bike,dune_bayes,985,1445.8502197265625,0.09271551668643951,1445.9429931640625
bike,dune_bayes,986,1485.0465087890625,0.08914114534854889,1485.1356201171875
bike,dune_bayes,987,1340.4931640625,0.09391014277935028,1340.5870361328125
bike,dune_bayes,988,1529.9937744140625,0.08907224982976913,1530.0828857421875
bike,dune_bayes,989,1794.0792236328125,0.08968100696802139,1794.1689453125
bike,dune_bayes,990,1939.356201171875,0.09638629108667374,1939.45263671875
bike,dune_bayes,991,1751.8623046875,0.08845488727092743,1751.9508056640625
bike,dune_bayes,992,1578.9183349609375,0.09148765355348587,1579.009765625
bike,dune_bayes,993,1928.839599609375,0.08754586428403854,1928.9271240234375
bike,dune_bayes,994,2225.72607421875,0.09451264142990112,2225.820556640625
bike,dune_bayes,995,2409.68408203125,0.09638418257236481,2409.780517578125
bike,dune_bayes,996,1907.220947265625,0.09129874408245087,1907.312255859375
bike,dune_bayes,997,1728.4090576171875,0.10615580528974533,1728.5152587890625
bike,dune_bayes,998,1452.748046875,0.1017376184463501,1452.8497314453125
bike,dune_bayes,999,1545.22412109375,0.09889066219329834,1545.322998046875
bike,dune_bayes,1000,1718.06103515625,0.10288278758525848,1718.1639404296875
bike,dune_bayes,1001,1680.628662109375,0.10034779459238052,1680.72900390625
bike,dune_bayes,1002,1525.970458984375,0.10569244623184204,1526.076171875
bike,dune_bayes,1003,1846.5567626953125,0.10720449686050415,1846.6639404296875
bike,dune_bayes,1004,1936.98583984375,0.1078127846121788,1937.0936279296875
bike,dune_bayes,1005,1799.2882080078125,0.10694018751382828,1799.3951416015625
bike,dune_bayes,1006,2028.5777587890625,0.08727812767028809,2028.6650390625
bike,dune_bayes,1007,1561.4866943359375,0.08535483479499817,1561.572021484375
bike,dune_bayes,1008,1168.7705078125,0.09666471183300018,1168.8671875
bike,dune_bayes,1009,1885.5660400390625,0.08076130598783493,1885.6468505859375
bike,dune_bayes,1010,2110.0244140625,0.0861300602555275,2110.110595703125
bike,dune_bayes,1011,2509.919921875,0.10186631232500076,2510.021728515625
bike,dune_bayes,1012,2380.41259765625,0.09904646128416061,2380.51171875
bike,dune_bayes,1013,1942.7850341796875,0.08204050362110138,1942.8670654296875
bike,dune_bayes,1014,1814.0345458984375,0.10250327736139297,1814.1370849609375
bike,dune_bayes,1015,1769.287353515625,0.10197845846414566,1769.3892822265625
bike,dune_bayes,1016,1966.4923095703125,0.0838330090045929,1966.576171875
bike,dune_bayes,1017,2103.970458984375,0.0885780081152916,2104.05908203125
bike,dune_bayes,1018,1355.4024658203125,0.10894869267940521,1355.511474609375
bike,dune_bayes,1019,1242.893310546875,0.11135643720626831,1243.004638671875
bike,dune_bayes,1020,1412.8519287109375,0.1088360846042633,1412.9608154296875
bike,dune_bayes,1021,2608.2724609375,0.10455476492643356,2608.376953125
bike,dune_bayes,1022,2200.1318359375,0.08829353749752045,2200.22021484375
bike,dune_bayes,1023,2179.9560546875,0.08755804598331451,2180.043701171875
bike,dune_bayes,1024,1702.01904296875,0.09807104617357254,1702.1170654296875
bike,dune_bayes,1025,2044.680419921875,0.10938034951686859,2044.789794921875
bike,dune_bayes,1026,1989.79248046875,0.10563098639249802,1989.8980712890625
bike,dune_bayes,1027,1610.352783203125,0.103268101811409,1610.4560546875
bike,dune_bayes,1028,1262.2391357421875,0.11699335277080536,1262.3560791015625
bike,dune_bayes,1029,1586.5111083984375,0.09764184802770615,1586.6087646484375
bike,dune_bayes,1030,2019.2518310546875,0.10932863503694534,2019.3612060546875
bike,dune_bayes,1031,1798.466796875,0.11430410295724869,1798.5810546875
bike,dune_bayes,1032,1510.2379150390625,0.08678232133388519,1510.32470703125
bike,dune_bayes,1033,2071.461669921875,0.11051902920007706,2071.572265625
bike,dune_bayes,1034,2386.738037109375,0.0943598672747612,2386.832275390625
bike,dune_bayes,1035,2325.14111328125,0.12097227573394775,2325.26220703125
bike,dune_bayes,1036,1694.6429443359375,0.08513260632753372,1694.72802734375
bike,dune_bayes,1037,1458.21484375,0.08504083007574081,1458.2999267578125
bike,dune_bayes,1038,1484.53955078125,0.08262678980827332,1484.6221923828125
bike,dune_bayes,1039,2238.2958984375,0.09509176760911942,2238.390869140625
bike,dune_bayes,1040,2657.9013671875,0.10876316577196121,2658.010009765625
bike,dune_bayes,1041,2442.677978515625,0.09529078751802444,2442.773193359375
bike,dune_bayes,1042,2060.96875,0.08453533798456192,2061.05322265625
bike,dune_bayes,1043,1910.4830322265625,0.08819453418254852,1910.5711669921875
bike,dune_bayes,1044,1910.4830322265625,0.08819453418254852,1910.5711669921875
bike,dune_bayes,1045,2073.933349609375,0.0839514210820198,2074.017333984375
bike,dune_bayes,1046,1987.3448486328125,0.08201850950717926,1987.4268798828125
bike,dune_bayes,1047,1958.8824462890625,0.08417318761348724,1958.9666748046875
bike,dune_bayes,1048,1439.712890625,0.0870915874838829,1439.7999267578125
bike,dune_bayes,1049,1227.189697265625,0.09350060671567917,1227.283203125
bike,dune_bayes,1050,1083.8140869140625,0.10106801986694336,1083.9151611328125
bike,dune_bayes,1051,1715.2376708984375,0.09187482297420502,1715.32958984375
bike,dune_bayes,1052,1754.3856201171875,0.10360511392354965,1754.4892578125
bike,dune_bayes,1053,2097.06298828125,0.08867400884628296,2097.151611328125
bike,dune_bayes,1054,1945.9969482421875,0.0965103879570961,1946.093505859375
bike,dune_bayes,1055,1458.21484375,0.08504083007574081,1458.2999267578125
bike,dune_bayes,1056,1443.190673828125,0.10059202462434769,1443.291259765625
bike,dune_bayes,1057,1408.3887939453125,0.08470261096954346,1408.4735107421875
bike,dune_bayes,1058,1775.9718017578125,0.08150923997163773,1776.0533447265625
bike,dune_bayes,1059,2050.204345703125,0.08653382211923599,2050.290771484375
bike,dune_bayes,1060,2100.534912109375,0.08703707903623581,2100.6220703125
bike,dune_bayes,1061,1672.1480712890625,0.08158735185861588,1672.2296142578125
bike,dune_bayes,1062,1203.122802734375,0.09610503166913986,1203.2188720703125
bike,dune_bayes,1063,1185.223388671875,0.09608937054872513,1185.3194580078125
bike,dune_bayes,1064,943.6029052734375,0.10593333840370178,943.7088623046875
bike,dune_bayes,1065,1123.1719970703125,0.10029187798500061,1123.2723388671875
bike,dune_bayes,1066,1123.1719970703125,0.10029187798500061,1123.2723388671875
bike,dune_bayes,1067,1450.3228759765625,0.09896495193243027,1450.421875
bike,dune_bayes,1068,1762.862548828125,0.10188285261392593,1762.9644775390625
bike,dune_bayes,1069,1734.0992431640625,0.11393475532531738,1734.213134765625
bike,dune_bayes,1070,1846.5567626953125,0.10720449686050415,1846.6639404296875
bike,dune_bayes,1071,1107.4774169921875,0.10343470424413681,1107.580810546875
bike,dune_bayes,1072,1044.1087646484375,0.10603135824203491,1044.21484375
bike,dune_bayes,1073,1252.540771484375,0.10040262341499329,1252.64111328125
bike,dune_bayes,1074,1517.041015625,0.10205671936273575,1517.14306640625
bike,dune_bayes,1075,2072.78857421875,0.11992219090461731,2072.908447265625
bike,dune_bayes,1076,1383.2127685546875,0.1068597361445427,1383.319580078125
bike,dune_bayes,1077,1413.94287109375,0.08949179202318192,1414.0323486328125
bike,dune_bayes,1078,1091.269287109375,0.11253348737955093,1091.3818359375
bike,dune_bayes,1079,1400.3282470703125,0.09114554524421692,1400.41943359375
bike,dune_bayes,1080,1889.84033203125,0.08975110948085785,1889.9300537109375
bike,dune_bayes,1081,2072.3037109375,0.10852979123592377,2072.412353515625
bike,dune_bayes,1082,2170.905029296875,0.11111001670360565,2171.01611328125
bike,dune_bayes,1083,2337.0869140625,0.09902796149253845,2337.18603515625
bike,dune_bayes,1084,2330.961181640625,0.09827876091003418,2331.0595703125
bike,dune_bayes,1085,2263.95947265625,0.0923231914639473,2264.0517578125
bike,dune_bayes,1086,2179.681396484375,0.09279396384954453,2179.774169921875
bike,dune_bayes,1087,1572.189697265625,0.10238467901945114,1572.2921142578125
bike,dune_bayes,1088,1404.4080810546875,0.1042090505361557,1404.5123291015625
bike,dune_bayes,1089,1663.4744873046875,0.08553110808134079,1663.56005859375
bike,dune_bayes,1090,1595.33544921875,0.10336969047784805,1595.4388427734375
bike,dune_bayes,1091,1859.6651611328125,0.08512455224990845,1859.750244140625
bike,dune_bayes,1092,2062.734130859375,0.08621985465288162,2062.8203125
bike,dune_bayes,1093,2033.5921630859375,0.08515702933073044,2033.6773681640625
bike,dune_bayes,1094,2058.9677734375,0.08518464118242264,2059.052978515625
bike,dune_bayes,1095,2068.498291015625,0.089839868247509,2068.588134765625
bike,dune_bayes,1096,2238.2958984375,0.09509176760911942,2238.390869140625
bike,dune_bayes,1097,1895.9217529296875,0.08144921064376831,1896.003173828125
bike,dune_bayes,1098,2343.93505859375,0.11465609818696976,2344.0498046875
bike,dune_bayes,1099,2565.351318359375,0.11088800430297852,2565.462158203125
bike,dune_bayes,1100,2589.486572265625,0.10692096501588821,2589.593505859375
bike,dune_bayes,1101,2244.23095703125,0.09370100498199463,2244.32470703125
bike,dune_bayes,1102,1998.8909912109375,0.08615981787443161,1998.9771728515625
bike,dune_bayes,1103,1782.337646484375,0.07759987562894821,1782.415283203125
bike,dune_bayes,1104,1835.322998046875,0.07986302673816681,1835.40283203125
bike,dune_bayes,1105,2388.276611328125,0.0925934687256813,2388.369140625
bike,dune_bayes,1106,2467.447509765625,0.0952058807015419,2467.542724609375
bike,dune_bayes,1107,2301.265380859375,0.09808260202407837,2301.363525390625
bike,dune_bayes,1108,1827.7545166015625,0.07951325178146362,1827.833984375
bike,dune_bayes,1109,2442.25634765625,0.09425761550664902,2442.3505859375
bike,dune_bayes,1110,2210.40478515625,0.08682924509048462,2210.49169921875
bike,dune_bayes,1111,1486.645263671875,0.09816581755876541,1486.743408203125
bike,dune_bayes,1112,1395.3280029296875,0.11365949362516403,1395.441650390625
bike,dune_bayes,1113,1187.8260498046875,0.09801526367664337,1187.924072265625
bike,dune_bayes,1114,1370.382080078125,0.10142811387777328,1370.4835205078125
bike,dune_bayes,1115,1154.9737548828125,0.10153283178806305,1155.0753173828125
bike,dune_bayes,1116,1182.1151123046875,0.1262906938791275,1182.241455078125
bike,dune_bayes,1117,905.9822998046875,0.10652488470077515,906.0888061523438
bike,dune_bayes,1118,1051.4796142578125,0.1104922741651535,1051.590087890625
bike,dune_bayes,1119,1231.482177734375,0.09910374134778976,1231.581298828125
bike,dune_bayes,1120,986.2322387695312,0.1526649296283722,986.3848876953125
bike,dune_bayes,1121,909.3961181640625,0.11688882857561111,909.5130004882812
bike,dune_bayes,1122,1109.9388427734375,0.09367958456277847,1110.032470703125
bike,dune_bayes,1123,1143.748291015625,0.08957592397928238,1143.837890625
bike,dune_bayes,1124,1874.21826171875,0.08436454087495804,1874.3026123046875
bike,dune_bayes,1125,2041.06494140625,0.09090899676084518,2041.1558837890625
bike,dune_bayes,1126,1484.53955078125,0.08262678980827332,1484.6221923828125
bike,dune_bayes,1127,1613.05126953125,0.0800076276063919,1613.1312255859375
bike,dune_bayes,1128,1641.5784912109375,0.08772804588079453,1641.666259765625
bike,dune_bayes,1129,1927.1859130859375,0.119893878698349,1927.3057861328125
bike,dune_bayes,1130,2228.821044921875,0.11806359887123108,2228.939208984375
bike,dune_bayes,1131,1769.287353515625,0.10197845846414566,1769.3892822265625
bike,dune_bayes,1132,1632.4842529296875,0.10078220814466476,1632.5850830078125
bike,dune_bayes,1133,1651.1676025390625,0.07979770004749298,1651.2474365234375
bike,dune_bayes,1134,1607.9552001953125,0.08387243002653122,1608.0390625
bike,dune_bayes,1135,1994.2545166015625,0.08863218128681183,1994.3431396484375
bike,dune_bayes,1136,1680.1278076171875,0.08059852570295334,1680.2083740234375
bike,dune_bayes,1137,1824.12353515625,0.08596492558717728,1824.20947265625
bike,dune_bayes,1138,1289.479248046875,0.09034088253974915,1289.569580078125
bike,dune_bayes,1139,1510.2379150390625,0.08678232133388519,1510.32470703125
bike,dune_bayes,1140,1068.2142333984375,0.11173203587532043,1068.325927734375
bike,dune_bayes,1141,1169.89794921875,0.10706429928541183,1170.0050048828125
bike,dune_bayes,1142,1169.89794921875,0.10706429928541183,1170.0050048828125
bike,dune_bayes,1143,1276.671875,0.0920003280043602,1276.763916015625
bike,dune_bayes,1144,1707.64404296875,0.08147276192903519,1707.7254638671875
bike,dune_bayes,1145,2036.489501953125,0.08408696204423904,2036.5736083984375
bike,dune_bayes,1146,2068.498291015625,0.089839868247509,2068.588134765625
bike,dune_bayes,1147,1980.190185546875,0.14309032261371613,1980.333251953125
bike,dune_bayes,1148,1980.190185546875,0.14309032261371613,1980.333251953125
bike,dune_bayes,1149,1009.4215698242188,0.09708299487829208,1009.5186767578125
bike,dune_bayes,1150,1278.60595703125,0.09781769663095474,1278.7037353515625
bike,dune_bayes,1151,1319.3857421875,0.09663590788841248,1319.482421875
bike,dune_bayes,1152,1054.3536376953125,0.11256617307662964,1054.4661865234375
bike,dune_bayes,1153,1657.5587158203125,0.10725076496601105,1657.666015625
bike,dune_bayes,1154,1234.191162109375,0.10037578642368317,1234.29150390625
bike,dune_bayes,1155,1728.7431640625,0.07942662388086319,1728.8226318359375
bike,dune_bayes,1156,1754.4522705078125,0.0978756844997406,1754.5501708984375
bike,dune_bayes,1157,2349.780517578125,0.11443237960338593,2349.89501953125
bike,dune_bayes,1158,2042.6343994140625,0.08511143922805786,2042.719482421875
bike,dune_bayes,1159,1613.473388671875,0.07591534405946732,1613.54931640625
bike,dune_bayes,1160,1974.2086181640625,0.10626504570245743,1974.31494140625
bike,dune_bayes,1161,2225.050537109375,0.09327103942632675,2225.143798828125
bike,dune_bayes,1162,1969.4542236328125,0.0807880237698555,1969.5350341796875
bike,dune_bayes,1163,2117.9853515625,0.115985207259655,2118.101318359375
bike,dune_bayes,1164,1962.0858154296875,0.08967798203229904,1962.175537109375
bike,dune_bayes,1165,1401.222412109375,0.10064704716205597,1401.3231201171875
bike,dune_bayes,1166,1735.3021240234375,0.0915042981505394,1735.3936767578125
bike,dune_bayes,1167,1365.354248046875,0.09151527285575867,1365.44580078125
bike,dune_bayes,1168,1499.9761962890625,0.09735411405563354,1500.0736083984375
bike,dune_bayes,1169,1060.4395751953125,0.11019738018512726,1060.5498046875
bike,dune_bayes,1170,1733.375,0.08705735951662064,1733.4620361328125
bike,dune_bayes,1171,1663.8597412109375,0.08879344165325165,1663.948486328125
bike,dune_bayes,1172,1584.5120849609375,0.08638668060302734,1584.5985107421875
bike,dune_bayes,1173,1423.200927734375,0.09213652461767197,1423.2930908203125
bike,dune_bayes,1174,1085.761962890625,0.1058356761932373,1085.8677978515625
bike,dune_bayes,1175,1182.2244873046875,0.11130809038877487,1182.3358154296875
bike,dune_bayes,1176,1106.9207763671875,0.1299661248922348,1107.05078125
bike,dune_bayes,1177,1520.5306396484375,0.1822204738855362,1520.712890625
bike,dune_bayes,1178,1792.509033203125,0.1233002319931984,1792.63232421875
bike,dune_bayes,1179,1879.0076904296875,0.10175663232803345,1879.1094970703125
bike,dune_bayes,1180,1714.9232177734375,0.1017112135887146,1715.02490234375
bike,dune_bayes,1181,1910.677490234375,0.10431186854839325,1910.7818603515625
bike,dune_bayes,1182,2133.298583984375,0.08461720496416092,2133.38330078125
bike,dune_bayes,1183,1408.9598388671875,0.08029840886592865,1409.0401611328125
bike,dune_bayes,1184,1434.74169921875,0.07784690707921982,1434.819580078125
bike,dune_bayes,1185,1969.4542236328125,0.0807880237698555,1969.5350341796875
bike,dune_bayes,1186,1742.9100341796875,0.10035696625709534,1743.0103759765625
bike,dune_bayes,1187,1517.258544921875,0.09793936461210251,1517.3564453125
bike,dune_bayes,1188,1355.9744873046875,0.09876617044210434,1356.0732421875
bike,dune_bayes,1189,1226.3597412109375,0.09948889911174774,1226.459228515625
bike,dune_bayes,1190,1128.760009765625,0.1011957898736,1128.8612060546875
bike,dune_bayes,1191,1386.30859375,0.09927298873662949,1386.4078369140625
bike,dune_bayes,1192,2017.270263671875,0.08211317658424377,2017.3524169921875
bike,dune_bayes,1193,1787.624267578125,0.07948390394449234,1787.7037353515625
bike,dune_bayes,1194,1298.244384765625,0.08509568870067596,1298.3294677734375
bike,dune_bayes,1195,1298.244384765625,0.08509568870067596,1298.3294677734375
bike,dune_bayes,1196,1137.3900146484375,0.08909378945827484,1137.4791259765625
bike,dune_bayes,1197,1789.82080078125,0.07939980924129486,1789.900146484375
bike,dune_bayes,1198,1668.28173828125,0.07788803428411484,1668.359619140625
bike,dune_bayes,1199,1196.37548828125,0.08991929888725281,1196.4654541015625
bike,dune_bayes,1200,1728.7431640625,0.07942662388086319,1728.8226318359375
bike,dune_bayes,1201,1345.86669921875,0.09265995770692825,1345.9593505859375
bike,dune_bayes,1202,1391.95849609375,0.09646368026733398,1392.054931640625
bike,dune_bayes,1203,1081.7467041015625,0.10388999432325363,1081.8505859375
bike,dune_bayes,1204,1048.7696533203125,0.10165178030729294,1048.871337890625
bike,dune_bayes,1205,1092.0179443359375,0.09982618689537048,1092.1177978515625
bike,dune_bayes,1206,1185.223388671875,0.09608937054872513,1185.3194580078125
bike,dune_bayes,1207,1594.392333984375,0.11312556266784668,1594.5054931640625
bike,dune_bayes,1208,1699.362548828125,0.10152044147253036,1699.464111328125
bike,dune_bayes,1209,1379.7891845703125,0.10480637103319168,1379.89404296875
bike,dune_bayes,1210,1191.351806640625,0.09782804548740387,1191.4495849609375
bike,dune_bayes,1211,1337.0770263671875,0.1043509840965271,1337.181396484375
bike,dune_bayes,1212,1421.1534423828125,0.10058557242155075,1421.2540283203125
bike,dune_bayes,1213,1253.166748046875,0.09421686828136444,1253.260986328125
bike,dune_bayes,1214,1413.374755859375,0.09776180237531662,1413.4725341796875
bike,dune_bayes,1215,890.2803955078125,0.11135398596525192,890.3917236328125
bike,dune_bayes,1216,1019.2223510742188,0.0958070158958435,1019.3181762695312
bike,dune_bayes,1217,1133.96728515625,0.10678079724311829,1134.0740966796875
bike,dune_bayes,1218,1220.365478515625,0.10948033630847931,1220.4749755859375
bike,dune_bayes,1219,1125.908203125,0.09419134259223938,1126.00244140625
bike,dune_bayes,1220,1033.430419921875,0.11826921999454498,1033.5487060546875
bike,dune_bayes,1221,1132.78955078125,0.11322055011987686,1132.90283203125
bike,dune_bayes,1222,1129.5382080078125,0.12028523534536362,1129.658447265625
bike,dune_bayes,1223,1019.2223510742188,0.0958070158958435,1019.3181762695312
bike,dune_bayes,1224,1048.038330078125,0.09779675304889679,1048.1361083984375
bike,dune_bayes,1225,1068.2142333984375,0.11173203587532043,1068.325927734375
bike,dune_bayes,1226,1036.8839111328125,0.09947055578231812,1036.9833984375
bike,dune_bayes,1227,1144.60595703125,0.09620556235313416,1144.7021484375
bike,dune_bayes,1228,1164.302734375,0.10197216272354126,1164.4046630859375
bike,dune_bayes,1229,1072.18603515625,0.09855306893587112,1072.2845458984375
bike,dune_bayes,1230,1033.612548828125,0.10337193310260773,1033.7159423828125
bike,dune_bayes,1231,1130.61474609375,0.0977770984172821,1130.7125244140625
bike,dune_bayes,1232,1069.185302734375,0.09536316245794296,1069.2806396484375
bike,dune_bayes,1233,1088.44580078125,0.0941644161939621,1088.5399169921875
bike,dune_bayes,1234,988.2872924804688,0.1161525696516037,988.4034423828125
bike,dune_bayes,1235,1595.33544921875,0.10336969047784805,1595.4388427734375
bike,dune_bayes,1236,1739.7012939453125,0.08360849320888519,1739.784912109375
bike,dune_bayes,1237,1224.537353515625,0.09140991419553757,1224.6287841796875
bike,dune_bayes,1238,1060.86376953125,0.10022337734699249,1060.9639892578125
bike,dune_bayes,1239,1091.269287109375,0.11253348737955093,1091.3818359375
bike,dune_bayes,1240,965.4192504882812,0.1154186800122261,965.53466796875
bike,dune_bayes,1241,777.2711181640625,0.12647785246372223,777.3975830078125
bike,dune_bayes,1242,743.9915771484375,0.11013424396514893,744.1016845703125
bike,dune_bayes,1243,1031.919921875,0.11590210348367691,1032.0357666015625
bike,dune_bayes,1244,859.704833984375,0.12143875658512115,859.8262939453125
bike,dune_bayes,1245,859.704833984375,0.12143875658512115,859.8262939453125
bike,dune_bayes,1246,1081.93505859375,0.09921372681856155,1082.0343017578125
bike,dune_bayes,1247,1009.4215698242188,0.09708299487829208,1009.5186767578125
bike,dune_bayes,1248,1031.919921875,0.11590210348367691,1032.0357666015625
bike,dune_bayes,1249,1303.071533203125,0.11495936661958694,1303.1865234375
bike,dune_bayes,1250,1264.610107421875,0.09512857347726822,1264.7052001953125
bike,dune_bayes,1251,981.5787353515625,0.10875606536865234,981.6875
bike,dune_bayes,1252,1061.2757568359375,0.1050213947892189,1061.3807373046875
bike,dune_bayes,1253,1061.2757568359375,0.1050213947892189,1061.3807373046875
bike,dune_bayes,1254,1089.922119140625,0.10535281151533127,1090.0274658203125
bike,dune_bayes,1255,1285.3668212890625,0.08676552772521973,1285.45361328125
bike,dune_bayes,1256,1994.2545166015625,0.08863218128681183,1994.3431396484375
bike,dune_bayes,1257,2000.11181640625,0.08175686001777649,2000.193603515625
bike,dune_bayes,1258,1244.2896728515625,0.0869087427854538,1244.3765869140625
bike,dune_bayes,1259,1930.043701171875,0.08198870718479156,1930.125732421875
bike,dune_bayes,1260,2107.5400390625,0.09165392071008682,2107.631591796875
bike,dune_bayes,1261,1631.7122802734375,0.08035656809806824,1631.7926025390625
bike,dune_bayes,1262,1956.525146484375,0.08296170830726624,1956.608154296875
bike,dune_bayes,1263,2050.204345703125,0.08653382211923599,2050.290771484375
bike,dune_bayes,1264,2112.8916015625,0.09038778394460678,2112.98193359375
bike,dune_bayes,1265,1718.0653076171875,0.07981223613023758,1718.1451416015625
bike,dune_bayes,1266,1651.1676025390625,0.07979770004749298,1651.2474365234375
bike,dune_bayes,1267,1521.80078125,0.08241794258356094,1521.8831787109375
bike,dune_bayes,1268,1405.51123046875,0.08486564457416534,1405.5960693359375
bike,dune_bayes,1269,1474.9324951171875,0.08143072575330734,1475.013916015625
bike,dune_bayes,1270,1570.87353515625,0.09960442781448364,1570.97314453125
bike,dune_bayes,1271,1154.364013671875,0.08766568452119827,1154.45166015625
bike,dune_bayes,1272,1006.7276000976562,0.08382918685674667,1006.8114013671875
bike,dune_bayes,1273,1095.3006591796875,0.08311355113983154,1095.3837890625
bike,dune_bayes,1274,1263.9141845703125,0.08216254413127899,1263.996337890625
bike,dune_bayes,1275,965.9461669921875,0.08876579999923706,966.034912109375
bike,dune_bayes,1276,1175.25927734375,0.08796999603509903,1175.3472900390625
bike,dune_bayes,1277,1220.894287109375,0.09068521857261658,1220.9849853515625
bike,dune_bayes,1278,843.193115234375,0.0919736847281456,843.2850952148438
bike,dune_bayes,1279,941.4072265625,0.0905098095536232,941.4977416992188
bike,dune_bayes,1280,1303.627685546875,0.08851496130228043,1303.7161865234375
bike,dune_bayes,1281,1121.3094482421875,0.09265954047441483,1121.402099609375
bike,dune_bayes,1282,1294.6761474609375,0.07890336960554123,1294.7550048828125
bike,dune_bayes,1283,1174.5570068359375,0.08122749626636505,1174.63818359375
bike,dune_bayes,1284,1560.9720458984375,0.08129861205816269,1561.0533447265625
bike,dune_bayes,1285,1092.466552734375,0.0872294008731842,1092.5538330078125
bike,dune_bayes,1286,1008.7374877929688,0.09346485882997513,1008.8309326171875
bike,dune_bayes,1287,1327.709228515625,0.08566781133413315,1327.794921875
bike,dune_bayes,1288,1253.085205078125,0.0846186950802803,1253.1697998046875
bike,dune_bayes,1289,874.8304443359375,0.09898549318313599,874.929443359375
bike,dune_bayes,1290,891.7251586914062,0.09774427115917206,891.8228759765625
bike,dune_bayes,1291,906.4984741210938,0.09774327278137207,906.59619140625
bike,dune_bayes,1292,872.4263916015625,0.10346083343029022,872.5298461914062
bike,dune_bayes,1293,1529.3377685546875,0.08146551996469498,1529.419189453125
bike,dune_bayes,1294,1458.21484375,0.08504083007574081,1458.2999267578125
bike,dune_bayes,1295,1508.47265625,0.08143557608127594,1508.5540771484375
bike,dune_bayes,1296,965.4192504882812,0.1154186800122261,965.53466796875
bike,dune_bayes,1297,1011.9100952148438,0.09882118552923203,1012.0089111328125
bike,dune_bayes,1298,1105.2640380859375,0.09419889003038406,1105.3582763671875
bike,dune_bayes,1299,1217.5867919921875,0.09061753004789352,1217.6773681640625
bike,dune_bayes,1300,1263.703857421875,0.08954709768295288,1263.79345703125
bike,dune_bayes,1301,932.2416381835938,0.10277467966079712,932.3444213867188
bike,dune_bayes,1302,855.9375,0.12050283700227737,856.0579833984375
bike,dune_bayes,1303,921.9252319335938,0.10446237027645111,922.0297241210938
bike,dune_bayes,1304,941.6124877929688,0.1147882267832756,941.727294921875
bike,dune_bayes,1305,1002.7045288085938,0.10214594751596451,1002.8067016601562
bike,dune_bayes,1306,1106.70166015625,0.10024666786193848,1106.8018798828125
bike,dune_bayes,1307,912.9446411132812,0.10306286811828613,913.0477294921875
bike,dune_bayes,1308,859.704833984375,0.12143875658512115,859.8262939453125
bike,dune_bayes,1309,1139.88037109375,0.11626040190458298,1139.99658203125
bike,dune_bayes,1310,1139.88037109375,0.11626040190458298,1139.99658203125
bike,dune_bayes,1311,1217.5867919921875,0.09061753004789352,1217.6773681640625
bike,dune_bayes,1312,1475.5230712890625,0.08624538779258728,1475.609375
bike,dune_bayes,1313,1179.11328125,0.09176120907068253,1179.205078125
bike,dune_bayes,1314,1069.185302734375,0.09536316245794296,1069.2806396484375
bike,dune_bayes,1315,1069.185302734375,0.09536316245794296,1069.2806396484375
bike,dune_bayes,1316,1389.6829833984375,0.08856234699487686,1389.7716064453125
bike,dune_bayes,1317,1301.0894775390625,0.09287277609109879,1301.182373046875
bike,dune_bayes,1318,1232.6712646484375,0.09185025840997696,1232.7630615234375
bike,dune_bayes,1319,1179.11328125,0.09176120907068253,1179.205078125
bike,dune_bayes,1320,941.6124877929688,0.1147882267832756,941.727294921875
bike,dune_bayes,1321,1062.6697998046875,0.09349751472473145,1062.7633056640625
bike,dune_bayes,1322,1119.4207763671875,0.09542641788721085,1119.5162353515625
bike,dune_bayes,1323,1289.479248046875,0.09034088253974915,1289.569580078125
bike,dune_bayes,1324,1614.21435546875,0.08276267349720001,1614.297119140625
bike,dune_bayes,1325,1208.013671875,0.09197859466075897,1208.1055908203125
bike,dune_bayes,1326,1079.2337646484375,0.09352634102106094,1079.3272705078125
bike,dune_bayes,1327,1747.4644775390625,0.07819001376628876,1747.542724609375
bike,dune_bayes,1328,1159.51953125,0.08467111736536026,1159.604248046875
bike,dune_bayes,1329,1159.51953125,0.08467111736536026,1159.604248046875
bike,dune_bayes,1330,1390.042236328125,0.0782439336180687,1390.1204833984375
bike,dune_bayes,1331,1710.5032958984375,0.0828673467040062,1710.586181640625
bike,dune_bayes,1332,1963.208984375,0.08579128235578537,1963.2947998046875
bike,dune_bayes,1333,1023.1339721679688,0.09046761691570282,1023.2244262695312
bike,dune_bayes,1334,879.4677734375,0.10395729541778564,879.5717163085938
bike,dune_bayes,1335,799.15771484375,0.11277030408382416,799.2705078125
bike,dune_bayes,1336,604.7998657226562,0.10143376886844635,604.9013061523438
bike,dune_bayes,1337,635.4024047851562,0.10221879929304123,635.504638671875
bike,dune_bayes,1338,749.4076538085938,0.09267212450504303,749.5003051757812
bike,dune_bayes,1339,749.4076538085938,0.09267212450504303,749.5003051757812
bike,dune_bayes,1340,1026.48388671875,0.0873551294207573,1026.5712890625
bike,dune_bayes,1341,666.140869140625,0.09944458305835724,666.2402954101562
bike,dune_bayes,1342,735.236572265625,0.09675605595111847,735.3333129882812
bike,dune_bayes,1343,1202.5655517578125,0.07879805564880371,1202.6444091796875
bike,dune_bayes,1344,908.9959106445312,0.10407429933547974,909.0999755859375
bike,dune_bayes,1345,900.421630859375,0.08967000246047974,900.5112915039062
bike,dune_bayes,1346,919.6256103515625,0.08719388395547867,919.7128295898438
bike,dune_bayes,1347,1330.310791015625,0.08069796115159988,1330.3914794921875
bike,dune_bayes,1348,1723.726806640625,0.08486983925104141,1723.8116455078125
bike,dune_bayes,1349,1420.685546875,0.07762264460325241,1420.76318359375
bike,dune_bayes,1350,1041.9183349609375,0.08359435200691223,1042.001953125
bike,dune_bayes,1351,2037.6551513671875,0.09451588988304138,2037.7496337890625
bike,dune_bayes,1352,2092.58984375,0.0890410989522934,2092.678955078125
bike,dune_bayes,1353,2017.8427734375,0.09355627745389938,2017.936279296875
bike,dune_bayes,1354,1176.3753662109375,0.09896911680698395,1176.474365234375
bike,dune_bayes,1355,1298.335693359375,0.07779468595981598,1298.4134521484375
bike,dune_bayes,1356,1301.882080078125,0.07723118364810944,1301.9593505859375
bike,dune_bayes,1357,1808.0972900390625,0.07999507337808609,1808.17724609375
bike,dune_bayes,1358,1424.7261962890625,0.08114289492368698,1424.807373046875
bike,dune_bayes,1359,1030.4730224609375,0.10163174569606781,1030.57470703125
bike,dune_bayes,1360,1323.5,0.08185544610023499,1323.5819091796875
bike,dune_bayes,1361,1386.4947509765625,0.09700316190719604,1386.591796875
bike,dune_bayes,1362,1791.3592529296875,0.10154501348733902,1791.4608154296875
bike,dune_bayes,1363,1203.5238037109375,0.09794226288795471,1203.6217041015625
bike,dune_bayes,1364,739.3196411132812,0.11317669600248337,739.4328002929688
bike,dune_bayes,1365,674.5680541992188,0.10014858841896057,674.668212890625
bike,dune_bayes,1366,862.1082763671875,0.11065249890089035,862.2189331054688
bike,dune_bayes,1367,1267.273193359375,0.10924220085144043,1267.3824462890625
bike,dune_bayes,1368,1569.92626953125,0.1175415962934494,1570.0438232421875
bike,dune_bayes,1369,1599.334716796875,0.09942914545536041,1599.4342041015625
bike,dune_bayes,1370,890.7451171875,0.11093705147504807,890.8560791015625
bike,dune_bayes,1371,664.9366455078125,0.11717499792575836,665.0538330078125
bike,dune_bayes,1372,639.001220703125,0.1173308715224266,639.1185302734375
bike,dune_bayes,1373,1359.083984375,0.09321049600839615,1359.17724609375
bike,dune_bayes,1374,1539.7584228515625,0.09582419693470001,1539.854248046875
bike,dune_bayes,1375,643.6116333007812,0.12222149223089218,643.7338256835938
bike,dune_bayes,1376,690.8035278320312,0.11718966066837311,690.9207153320312
bike,dune_bayes,1377,664.9366455078125,0.11717499792575836,665.0538330078125
bike,dune_bayes,1378,571.592529296875,0.12208840250968933,571.714599609375
bike,dune_bayes,1379,664.9366455078125,0.11717499792575836,665.0538330078125
bike,dune_bayes,1380,1225.024169921875,0.09579399228096008,1225.1199951171875
bike,dune_bayes,1381,1635.3470458984375,0.10119891911745071,1635.4482421875
bike,dune_bayes,1382,837.8006591796875,0.1007409319281578,837.9014282226562
bike,dune_bayes,1383,903.3867797851562,0.09750085324048996,903.4842529296875
bike,dune_bayes,1384,1025.85791015625,0.08834034949541092,1025.9462890625
bike,dune_bayes,1385,1332.5863037109375,0.08100413531064987,1332.6673583984375
bike,dune_bayes,1386,1210.1829833984375,0.08377528935670853,1210.2667236328125
bike,dune_bayes,1387,1029.7529296875,0.10129399597644806,1029.854248046875
bike,dune_bayes,1388,1117.70361328125,0.09078152477741241,1117.79443359375
bike,dune_bayes,1389,931.637451171875,0.09761585295200348,931.7350463867188
bike,dune_bayes,1390,846.5545043945312,0.10316390544176102,846.6576538085938
bike,dune_bayes,1391,882.3768310546875,0.10176589339971542,882.4785766601562
bike,dune_bayes,1392,1281.8441162109375,0.08522940427064896,1281.9293212890625
bike,dune_bayes,1393,1008.2483520507812,0.09252329170703888,1008.3408813476562
bike,dune_bayes,1394,989.9183349609375,0.09374212473630905,990.0120849609375
bike,dune_bayes,1395,1024.2655029296875,0.09254071116447449,1024.3580322265625
bike,dune_bayes,1396,1438.616943359375,0.09760531038045883,1438.714599609375
bike,dune_bayes,1397,1403.0313720703125,0.07677977532148361,1403.108154296875
bike,dune_bayes,1398,1164.5714111328125,0.09060012549161911,1164.6619873046875
bike,dune_bayes,1399,964.8339233398438,0.08834367990493774,964.9222412109375
bike,dune_bayes,1400,787.801513671875,0.10962887853384018,787.9111328125
bike,dune_bayes,1401,1345.8553466796875,0.08999881148338318,1345.9453125
bike,dune_bayes,1402,1122.1260986328125,0.08913499861955643,1122.2152099609375
bike,dune_bayes,1403,991.67333984375,0.08868131786584854,991.7620239257812
bike,dune_bayes,1404,1818.9810791015625,0.123362235724926,1819.1044921875
bike,dune_bayes,1405,1651.793701171875,0.11766194552183151,1651.911376953125
bike,dune_bayes,1406,1465.2342529296875,0.11386042833328247,1465.34814453125
bike,dune_bayes,1407,1687.999267578125,0.08955308049917221,1688.0888671875
bike,dune_bayes,1408,1490.1124267578125,0.08472176641225815,1490.1971435546875
bike,dune_bayes,1409,1748.162109375,0.07972687482833862,1748.2418212890625
bike,dune_bayes,1410,1373.2889404296875,0.0801597386598587,1373.369140625
bike,dune_bayes,1411,1174.429443359375,0.08524622023105621,1174.5146484375
bike,dune_bayes,1412,1307.92578125,0.09784839302301407,1308.023681640625
bike,dune_bayes,1413,1775.3470458984375,0.08174809068441391,1775.4288330078125
bike,dune_bayes,1414,2081.754638671875,0.08339109271764755,2081.838134765625
bike,dune_bayes,1415,1979.8392333984375,0.08150914311408997,1979.9207763671875
bike,dune_bayes,1416,1639.1920166015625,0.07756980508565903,1639.26953125
bike,dune_bayes,1417,1398.644775390625,0.07770152390003204,1398.7225341796875
bike,dune_bayes,1418,1171.0262451171875,0.0870029404759407,1171.11328125
bike,dune_bayes,1419,1092.6162109375,0.11252480000257492,1092.728759765625
bike,dune_bayes,1420,1092.6162109375,0.11252480000257492,1092.728759765625
bike,dune_bayes,1421,1059.1475830078125,0.10158413648605347,1059.2491455078125
bike,dune_bayes,1422,1135.04052734375,0.10270553827285767,1135.1431884765625
bike,dune_bayes,1423,1618.93994140625,0.11822531372308731,1619.0582275390625
bike,dune_bayes,1424,1578.85205078125,0.08711089193820953,1578.939208984375
bike,dune_bayes,1425,1537.490966796875,0.09270880371332169,1537.5836181640625
bike,dune_bayes,1426,1007.7975463867188,0.0845147967338562,1007.882080078125
bike,dune_bayes,1427,1026.43896484375,0.08326053619384766,1026.522216796875
bike,dune_bayes,1428,1252.1552734375,0.0793154165148735,1252.234619140625
bike,dune_bayes,1429,1749.6917724609375,0.08821431547403336,1749.780029296875
bike,dune_bayes,1430,1833.98828125,0.08922161906957626,1834.0775146484375
bike,dune_bayes,1431,1745.6822509765625,0.08615708351135254,1745.7684326171875
bike,dune_bayes,1432,1564.7984619140625,0.08168092370033264,1564.880126953125
bike,dune_bayes,1433,1479.219482421875,0.08166023343801498,1479.3011474609375
bike,dune_bayes,1434,1497.5074462890625,0.10407093167304993,1497.611572265625
bike,dune_bayes,1435,1026.48388671875,0.0873551294207573,1026.5712890625
bike,dune_bayes,1436,1026.48388671875,0.0873551294207573,1026.5712890625
bike,dune_bayes,1437,934.4122924804688,0.092513307929039,934.5048217773438
bike,dune_bayes,1438,1255.4715576171875,0.11066129058599472,1255.582275390625
bike,dune_bayes,1439,1329.802490234375,0.08887805789709091,1329.891357421875
bike,dune_bayes,1440,570.8934936523438,0.10408595949411392,570.99755859375
bike,dune_bayes,1441,523.0986328125,0.11988101154565811,523.218505859375
bike,dune_bayes,1442,727.6284790039062,0.1112881600856781,727.73974609375
bike,dune_bayes,1443,984.1508178710938,0.08749958127737045,984.2383422851562
bike,dune_bayes,1444,803.7252197265625,0.11056778579950333,803.8358154296875
bike,dune_bayes,1445,814.6937255859375,0.09369649738073349,814.7874145507812
bike,dune_bayes,1446,849.2824096679688,0.0899537205696106,849.3723754882812
bike,dune_bayes,1447,1083.12744140625,0.0871221274137497,1083.214599609375
bike,dune_bayes,1448,1279.5400390625,0.07780914753675461,1279.6177978515625
bike,dune_bayes,1449,1066.58203125,0.08262678980827332,1066.6646728515625
bike,dune_bayes,1450,815.1343383789062,0.09167703986167908,815.2260131835938
bike,dune_bayes,1451,866.7642211914062,0.09078417718410492,866.85498046875
bike,dune_bayes,1452,1036.009765625,0.10063719749450684,1036.1103515625
bike,dune_bayes,1453,1540.88720703125,0.07787050306797028,1540.965087890625
bike,dune_bayes,1454,1655.0374755859375,0.08070968836545944,1655.1181640625
bike,dune_bayes,1455,1849.9716796875,0.08593124151229858,1850.0576171875
bike,dune_bayes,1456,1237.7406005859375,0.08099006116390228,1237.821533203125
bike,dune_bayes,1457,1144.8935546875,0.08052212744951248,1144.97412109375
bike,dune_bayes,1458,1276.8819580078125,0.07908270508050919,1276.9610595703125
bike,dune_bayes,1459,1141.9345703125,0.0797790139913559,1142.014404296875
bike,dune_bayes,1460,1421.94580078125,0.07737255096435547,1422.023193359375
bike,dune_bayes,1461,1599.9515380859375,0.08929765224456787,1600.0408935546875
bike,dune_bayes,1462,1779.0064697265625,0.07795833796262741,1779.08447265625
bike,dune_bayes,1463,1096.6300048828125,0.10118137300014496,1096.731201171875
bike,dune_bayes,1464,1230.5462646484375,0.0798712968826294,1230.6260986328125
bike,dune_bayes,1465,986.0045166015625,0.10423468053340912,986.1087646484375
bike,dune_bayes,1466,895.6162719726562,0.10855310410261154,895.724853515625
bike,dune_bayes,1467,932.4471435546875,0.09280499815940857,932.5399780273438
bike,dune_bayes,1468,815.8141479492188,0.09814562648534775,815.9122924804688
bike,dune_bayes,1469,996.43115234375,0.08741673827171326,996.5185546875
bike,dune_bayes,1470,1267.5574951171875,0.14142030477523804,1267.698974609375
bike,dune_bayes,1471,1179.4202880859375,0.116769939661026,1179.537109375
bike,dune_bayes,1472,1042.6175537109375,0.09374373406171799,1042.7113037109375
bike,dune_bayes,1473,965.8328247070312,0.08598752319812775,965.9188232421875
bike,dune_bayes,1474,906.998779296875,0.09632163494825363,907.0950927734375
bike,dune_bayes,1475,480.8609619140625,0.13495026528835297,480.99591064453125
bike,dune_bayes,1476,437.28851318359375,0.12529356777668,437.413818359375
bike,dune_bayes,1477,437.28851318359375,0.12529356777668,437.413818359375
bike,dune_bayes,1478,517.6923828125,0.1253834217786789,517.8177490234375
bike,dune_bayes,1479,470.02581787109375,0.10665693134069443,470.1324768066406
bike,dune_bayes,1480,478.27569580078125,0.10788773000240326,478.3835754394531
bike,dune_bayes,1481,642.3009643554688,0.10824954509735107,642.4092407226562
bike,dune_bayes,1482,709.1849975585938,0.09737323969602585,709.2823486328125
bike,dune_bayes,1483,1336.107666015625,0.09552641957998276,1336.2032470703125
bike,dune_bayes,1484,1246.863525390625,0.09984129667282104,1246.96337890625
bike,dune_bayes,1485,597.5989379882812,0.11590650677680969,597.71484375
bike,dune_bayes,1486,593.9413452148438,0.10498131066560745,594.0463256835938
bike,dune_bayes,1487,1215.6219482421875,0.08225112408399582,1215.7042236328125
bike,dune_bayes,1488,1366.3826904296875,0.08252694457769394,1366.4652099609375
bike,dune_bayes,1489,1516.7232666015625,0.08029458671808243,1516.8035888671875
bike,dune_bayes,1490,1122.3056640625,0.08509618788957596,1122.3907470703125
bike,dune_bayes,1491,829.7514038085938,0.09063871949911118,829.842041015625
bike,dune_bayes,1492,1295.5068359375,0.078680619597435,1295.5855712890625
bike,dune_bayes,1493,1571.802001953125,0.08349475264549255,1571.885498046875
bike,dune_bayes,1494,1652.341796875,0.08048534393310547,1652.4222412109375
bike,dune_bayes,1495,978.638916015625,0.10215394198894501,978.7410888671875
bike,dune_bayes,1496,757.8578491210938,0.11063320934772491,757.968505859375
bike,dune_bayes,1497,614.501220703125,0.11747758835554123,614.6187133789062
bike,dune_bayes,1498,641.952880859375,0.11590485274791718,642.0687866210938
bike,dune_bayes,1499,1504.936767578125,0.0813346728682518,1505.01806640625
bike,dune_bayes,1500,1141.9345703125,0.0797790139913559,1142.014404296875
bike,dune_bayes,1501,1045.4444580078125,0.08320517092943192,1045.5277099609375
bike,dune_bayes,1502,1007.7975463867188,0.0845147967338562,1007.882080078125
bike,dune_bayes,1503,832.412841796875,0.09036397933959961,832.5032348632812
bike,dune_bayes,1504,773.0014038085938,0.09604129195213318,773.0974731445312
bike,dune_bayes,1505,1622.16357421875,0.07723960280418396,1622.2408447265625
bike,dune_bayes,1506,1740.2257080078125,0.08141694217920303,1740.30712890625
bike,dune_bayes,1507,1629.5797119140625,0.0767575204372406,1629.656494140625
bike,dune_bayes,1508,1706.2454833984375,0.0779317244887352,1706.3233642578125
bike,dune_bayes,1509,825.8010864257812,0.10733667016029358,825.908447265625
bike,dune_bayes,1510,825.8010864257812,0.10733667016029358,825.908447265625
bike,dune_bayes,1511,908.9959106445312,0.10407429933547974,909.0999755859375
bike,dune_bayes,1512,1189.812255859375,0.12465660274028778,1189.9368896484375
bike,dune_bayes,1513,1296.776123046875,0.11862101405858994,1296.894775390625
bike,dune_bayes,1514,1550.6429443359375,0.12955956161022186,1550.7724609375
bike,dune_bayes,1515,1583.748779296875,0.08923375606536865,1583.8380126953125
bike,dune_bayes,1516,1767.9552001953125,0.1105414554476738,1768.0657958984375
bike,dune_bayes,1517,1647.624755859375,0.10486017167568207,1647.7296142578125
bike,dune_bayes,1518,1364.7451171875,0.10091163963079453,1364.8460693359375
bike,dune_bayes,1519,1096.1163330078125,0.11569958180189133,1096.2320556640625
bike,dune_bayes,1520,1090.885986328125,0.1049044281244278,1090.9908447265625
bike,dune_bayes,1521,1107.0380859375,0.0929974764585495,1107.131103515625
bike,dune_bayes,1522,1229.071044921875,0.09885714948177338,1229.169921875
bike,dune_bayes,1523,1281.0316162109375,0.09497713297605515,1281.1265869140625
bike,dune_bayes,1524,622.1290283203125,0.11588937789201736,622.2449340820312
bike,dune_bayes,1525,487.7847595214844,0.12129140645265579,487.9060363769531
bike,dune_bayes,1526,411.22088623046875,0.1263004094362259,411.3471984863281
bike,dune_bayes,1527,649.8095092773438,0.10016660392284393,649.90966796875
bike,dune_bayes,1528,547.7396240234375,0.1189228892326355,547.8585205078125
bike,dune_bayes,1529,978.638916015625,0.10215394198894501,978.7410888671875
bike,dune_bayes,1530,837.6654052734375,0.09313776344060898,837.758544921875
bike,dune_bayes,1531,756.9443359375,0.09708346426486969,757.0414428710938
bike,dune_bayes,1532,667.5650024414062,0.10150981694459915,667.66650390625
bike,dune_bayes,1533,675.9236450195312,0.09981691837310791,676.0234375
bike,dune_bayes,1534,1604.273193359375,0.07798565179109573,1604.3511962890625
bike,dune_bayes,1535,1738.207275390625,0.08221010863780975,1738.2894287109375
bike,dune_bayes,1536,1747.8018798828125,0.07981836050748825,1747.8817138671875
bike,dune_bayes,1537,1478.3492431640625,0.07797054946422577,1478.42724609375
bike,dune_bayes,1538,908.9959106445312,0.10407429933547974,909.0999755859375
bike,dune_bayes,1539,1764.7816162109375,0.08021606504917145,1764.86181640625
bike,dune_bayes,1540,840.5947265625,0.09871861338615417,840.6934204101562
bike,dune_bayes,1541,1320.71630859375,0.08994998037815094,1320.8062744140625
bike,dune_bayes,1542,1039.7728271484375,0.09512532502412796,1039.867919921875
bike,dune_bayes,1543,1017.2037963867188,0.11282683908939362,1017.316650390625
bike,dune_bayes,1544,1278.950927734375,0.11281705647706985,1279.063720703125
bike,dune_bayes,1545,1107.8458251953125,0.0986291840672493,1107.9444580078125
bike,dune_bayes,1546,844.8397216796875,0.09279660135507584,844.9324951171875
bike,dune_bayes,1547,1348.0821533203125,0.0976509228348732,1348.1798095703125
bike,dune_bayes,1548,1517.7802734375,0.10087031871080399,1517.881103515625
bike,dune_bayes,1549,1231.9598388671875,0.09243739396333694,1232.05224609375
bike,dune_bayes,1550,1264.6302490234375,0.09353040158748627,1264.7237548828125
bike,dune_bayes,1551,1057.8780517578125,0.08774065226316452,1057.9658203125
bike,dune_bayes,1552,1074.6363525390625,0.08769099414348602,1074.7239990234375
bike,dune_bayes,1553,955.6807250976562,0.09339755028486252,955.7741088867188
bike,dune_bayes,1554,913.698486328125,0.09025617688894272,913.7887573242188
bike,dune_bayes,1555,883.33251953125,0.09142137318849564,883.4239501953125
bike,dune_bayes,1556,1356.0054931640625,0.10461065173149109,1356.110107421875
bike,dune_bayes,1557,1641.926513671875,0.11719626933336258,1642.043701171875
bike,dune_bayes,1558,1463.0107421875,0.08357170969247818,1463.0943603515625
bike,dune_bayes,1559,1289.1875,0.08138435333967209,1289.2689208984375
bike,dune_bayes,1560,1983.216552734375,0.1199590414762497,1983.3365478515625
bike,dune_bayes,1561,1719.7767333984375,0.08282870799303055,1719.859619140625
bike,dune_bayes,1562,1855.247802734375,0.09641134738922119,1855.34423828125
bike,dune_bayes,1563,1855.247802734375,0.09641134738922119,1855.34423828125
bike,dune_bayes,1564,1578.9437255859375,0.07936087250709534,1579.0230712890625
bike,dune_bayes,1565,1592.9942626953125,0.08475948870182037,1593.0789794921875
bike,dune_bayes,1566,1461.2847900390625,0.08126036077737808,1461.3660888671875
bike,dune_bayes,1567,1335.874755859375,0.0846562460064888,1335.95947265625
bike,dune_bayes,1568,1344.91357421875,0.09718503803014755,1345.0107421875
bike,dune_bayes,1569,755.0440063476562,0.1141984835267067,755.158203125
bike,dune_bayes,1570,843.4501342773438,0.0939670130610466,843.5441284179688
bike,dune_bayes,1571,1000.8008422851562,0.11395401507616043,1000.914794921875
bike,dune_bayes,1572,1105.4677734375,0.09605826437473297,1105.5638427734375
bike,dune_bayes,1573,1182.644287109375,0.09725579619407654,1182.7415771484375
bike,dune_bayes,1574,1279.645751953125,0.09357254207134247,1279.7393798828125
bike,dune_bayes,1575,1299.296875,0.09571993350982666,1299.392578125
bike,dune_bayes,1576,1189.3956298828125,0.10549729317426682,1189.5010986328125
bike,dune_bayes,1577,1051.464599609375,0.10013862699270248,1051.564697265625
bike,dune_bayes,1578,1237.5050048828125,0.11552891880273819,1237.6204833984375
bike,dune_bayes,1579,1443.1026611328125,0.09649446606636047,1443.1990966796875
bike,dune_bayes,1580,1378.1312255859375,0.09712251275777817,1378.2283935546875
bike,dune_bayes,1581,963.1829833984375,0.09162244200706482,963.2745971679688
bike,dune_bayes,1582,796.8195190429688,0.09810611605644226,796.9176025390625
bike,dune_bayes,1583,1426.6837158203125,0.10618915408849716,1426.7899169921875
bike,dune_bayes,1584,1298.0635986328125,0.0926218032836914,1298.15625
bike,dune_bayes,1585,1369.5155029296875,0.10308656096458435,1369.6185302734375
bike,dune_bayes,1586,1126.9825439453125,0.09324152022600174,1127.0758056640625
bike,dune_bayes,1587,1059.1158447265625,0.09418906271457672,1059.2100830078125
bike,dune_bayes,1588,1012.4576416015625,0.08817227184772491,1012.5458374023438
bike,dune_bayes,1589,1253.3502197265625,0.0867232233285904,1253.4368896484375
bike,dune_bayes,1590,898.0184326171875,0.0947551280260086,898.1131591796875
bike,dune_bayes,1591,855.3121337890625,0.09448183327913284,855.4066162109375
bike,dune_bayes,1592,804.3727416992188,0.09928545355796814,804.4720458984375
bike,dune_bayes,1593,935.8853759765625,0.0921478420495987,935.9775390625
bike,dune_bayes,1594,927.66357421875,0.09589512646198273,927.7594604492188
bike,dune_bayes,1595,973.4581298828125,0.11175132542848587,973.5698852539062
bike,dune_bayes,1596,1339.941162109375,0.11068001389503479,1340.0518798828125
bike,dune_bayes,1597,1569.5863037109375,0.10955562442541122,1569.69580078125
bike,dune_bayes,1598,1211.2127685546875,0.10798948258161545,1211.32080078125
bike,dune_bayes,1599,1183.927978515625,0.10300517082214355,1184.031005859375
bike,dune_bayes,1600,949.7106323242188,0.09310899674892426,949.8037109375
bike,dune_bayes,1601,810.2731323242188,0.09654539823532104,810.3696899414062
bike,dune_bayes,1602,603.2463989257812,0.10128747671842575,603.34765625
bike,dune_bayes,1603,1434.65771484375,0.0989644005894661,1434.7567138671875
bike,dune_bayes,1604,829.388916015625,0.09007325768470764,829.47900390625
bike,dune_bayes,1605,720.4493408203125,0.09764532744884491,720.5469970703125
bike,dune_bayes,1606,727.2572631835938,0.11234384030103683,727.36962890625
bike,dune_bayes,1607,628.6982421875,0.11702238768339157,628.8152465820312
bike,dune_bayes,1608,1026.43896484375,0.08326053619384766,1026.522216796875
bike,dune_bayes,1609,1134.1064453125,0.08340403437614441,1134.1898193359375
bike,dune_bayes,1610,1461.4512939453125,0.0819152295589447,1461.533203125
bike,dune_bayes,1611,1719.6754150390625,0.08046708256006241,1719.755859375
bike,dune_bayes,1612,1230.1292724609375,0.08495361357927322,1230.2142333984375
bike,dune_bayes,1613,704.7037353515625,0.09644319117069244,704.8001708984375
bike,dune_bayes,1614,667.004638671875,0.09927428513765335,667.1039428710938
bike,dune_bayes,1615,649.8095092773438,0.10016660392284393,649.90966796875
bike,dune_bayes,1616,1277.87353515625,0.09050051122903824,1277.9639892578125
bike,dune_bayes,1617,1046.96923828125,0.08679012954235077,1047.0560302734375
bike,dune_bayes,1618,971.4813842773438,0.10820242762565613,971.589599609375
bike,dune_bayes,1619,613.0617065429688,0.11522143334150314,613.1769409179688
bike,dune_bayes,1620,613.0617065429688,0.11522143334150314,613.1769409179688
bike,dune_bayes,1621,523.0986328125,0.11988101154565811,523.218505859375
bike,dune_bayes,1622,645.22216796875,0.09768450260162354,645.31982421875
bike,dune_bayes,1623,722.32080078125,0.09372524917125702,722.41455078125
bike,dune_bayes,1624,1032.0772705078125,0.0943039208650589,1032.171630859375
bike,dune_bayes,1625,758.7003173828125,0.11075533926486969,758.8110961914062
bike,dune_bayes,1626,924.0178833007812,0.09040524065494537,924.1082763671875
bike,dune_bayes,1627,943.0779418945312,0.08961169421672821,943.1675415039062
bike,dune_bayes,1628,1138.9334716796875,0.08152042329311371,1139.0150146484375
bike,dune_bayes,1629,1538.96923828125,0.07938577979803085,1539.048583984375
bike,dune_bayes,1630,1612.8787841796875,0.07569906115531921,1612.9544677734375
bike,dune_bayes,1631,1370.979248046875,0.07924957573413849,1371.0584716796875
bike,dune_bayes,1632,1383.8260498046875,0.08155862987041473,1383.9075927734375
bike,dune_bayes,1633,1299.51953125,0.08111076802015305,1299.6005859375
bike,dune_bayes,1634,895.6162719726562,0.10855310410261154,895.724853515625
bike,dune_bayes,1635,895.6162719726562,0.10855310410261154,895.724853515625
bike,dune_bayes,1636,1321.0386962890625,0.08681562542915344,1321.12548828125
bike,dune_bayes,1637,1064.087646484375,0.0962214320898056,1064.183837890625
bike,dune_bayes,1638,1022.6757202148438,0.11832009255886078,1022.7940673828125
bike,dune_bayes,1639,1098.6712646484375,0.08910991251468658,1098.7603759765625
bike,dune_bayes,1640,989.5369262695312,0.09991192072629929,989.6368408203125
bike,dune_bayes,1641,866.9308471679688,0.09401147067546844,867.0248413085938
bike,dune_bayes,1642,866.9308471679688,0.09401147067546844,867.0248413085938
bike,dune_bayes,1643,1207.8302001953125,0.11518069356679916,1207.9454345703125
bike,dune_bayes,1644,965.8328247070312,0.08598752319812775,965.9188232421875
bike,dune_bayes,1645,1493.83544921875,0.10493630170822144,1493.9404296875
bike,dune_bayes,1646,1403.0784912109375,0.0923437774181366,1403.1707763671875
bike,dune_bayes,1647,1240.337890625,0.11249440908432007,1240.450439453125
bike,dune_bayes,1648,1167.117431640625,0.10406514257192612,1167.2215576171875
bike,dune_bayes,1649,1075.3785400390625,0.09791567176580429,1075.4764404296875
bike,dune_bayes,1650,939.871337890625,0.11218658089637756,939.9835205078125
bike,dune_bayes,1651,1208.9527587890625,0.10220561921596527,1209.054931640625
bike,dune_bayes,1652,537.68701171875,0.12262660264968872,537.8096313476562
bike,dune_bayes,1653,1194.7435302734375,0.08350455015897751,1194.8270263671875
bike,dune_bayes,1654,1401.39697265625,0.0835614800453186,1401.4805908203125
bike,dune_bayes,1655,1285.6109619140625,0.0857912078499794,1285.69677734375
bike,dune_bayes,1656,1196.9930419921875,0.08619282394647598,1197.0792236328125
bike,dune_bayes,1657,934.3250732421875,0.09699093550443649,934.4220581054688
bike,dune_bayes,1658,566.5572509765625,0.10189555585384369,566.6591186523438
bike,dune_bayes,1659,655.7759399414062,0.09995363652706146,655.8759155273438
bike,dune_bayes,1660,861.87451171875,0.09274031966924667,861.9672241210938
bike,dune_bayes,1661,945.4552612304688,0.11242194473743439,945.5676879882812
bike,dune_bayes,1662,1016.1677856445312,0.09686882048845291,1016.2646484375
bike,dune_bayes,1663,980.6493530273438,0.09293967485427856,980.7423095703125
bike,dune_bayes,1664,431.8879699707031,0.12484779208898544,432.0128173828125
bike,dune_bayes,1665,487.7847595214844,0.12129140645265579,487.9060363769531
bike,dune_bayes,1666,535.4495849609375,0.11855266988277435,535.568115234375
bike,dune_bayes,1667,705.110107421875,0.09402254223823547,705.2041015625
bike,dune_bayes,1668,989.5204467773438,0.08865511417388916,989.609130859375
bike,dune_bayes,1669,1027.97412109375,0.08806486427783966,1028.0621337890625
bike,dune_bayes,1670,1063.5989990234375,0.08673834055662155,1063.685791015625
bike,dune_bayes,1671,782.6912231445312,0.09206914156675339,782.7832641601562
bike,dune_bayes,1672,756.9429931640625,0.11036807298660278,757.0533447265625
bike,dune_bayes,1673,751.6179809570312,0.09294457733631134,751.7109375
bike,dune_bayes,1674,578.4617919921875,0.10239940136671066,578.564208984375
bike,dune_bayes,1675,756.9443359375,0.09708346426486969,757.0414428710938
bike,dune_bayes,1676,1148.2705078125,0.08402502536773682,1148.3544921875
bike,dune_bayes,1677,1363.9954833984375,0.08128342032432556,1364.0767822265625
bike,dune_bayes,1678,997.145751953125,0.09687390178442001,997.2426147460938
bike,dune_bayes,1679,871.71435546875,0.10026095062494278,871.8146362304688
bike,dune_bayes,1680,896.2930297851562,0.09627245366573334,896.3892822265625
bike,dune_bayes,1681,833.5765991210938,0.09894011169672012,833.675537109375
bike,dune_bayes,1682,850.5451049804688,0.09757641702890396,850.6427001953125
bike,dune_bayes,1683,804.3727416992188,0.09928545355796814,804.4720458984375
bike,dune_bayes,1684,763.8779907226562,0.098614402115345,763.9766235351562
bike,dune_bayes,1685,804.3727416992188,0.09928545355796814,804.4720458984375
bike,dune_bayes,1686,779.3946533203125,0.09810536354780197,779.4927368164062
bike,dune_bayes,1687,1313.02099609375,0.09257259219884872,1313.113525390625
bike,dune_bayes,1688,987.10302734375,0.09463243931531906,987.1976318359375
bike,dune_bayes,1689,1449.9376220703125,0.09091303497552872,1450.028564453125
bike,dune_bayes,1690,997.3896484375,0.10467477142810822,997.4943237304688
bike,dune_bayes,1691,587.9327392578125,0.11913218349218369,588.0518798828125
bike,dune_bayes,1692,707.3169555664062,0.09938512742519379,707.4163208007812
bike,dune_bayes,1693,678.49951171875,0.10094443708658218,678.6004638671875
bike,dune_bayes,1694,722.2052612304688,0.0971696525812149,722.3024291992188
bike,dune_bayes,1695,1094.25,0.1173500195145607,1094.3673095703125
bike,dune_bayes,1696,894.525390625,0.10531091690063477,894.6306762695312
bike,dune_bayes,1697,678.374267578125,0.1055479571223259,678.4797973632812
bike,dune_bayes,1698,655.66845703125,0.10436704754829407,655.7728271484375
bike,dune_bayes,1699,530.5819702148438,0.12194948643445969,530.7039184570312
bike,dune_bayes,1700,516.7296142578125,0.12577663362026215,516.8554077148438
bike,dune_bayes,1701,501.2327880859375,0.11109422147274017,501.3438720703125
bike,dune_bayes,1702,653.3026123046875,0.10535087436437607,653.407958984375
bike,dune_bayes,1703,1051.4449462890625,0.0926525890827179,1051.53759765625
bike,dune_bayes,1704,957.2771606445312,0.09388306736946106,957.3710327148438
bike,dune_bayes,1705,755.4441528320312,0.11250951141119003,755.556640625
bike,dune_bayes,1706,669.20654296875,0.11594897508621216,669.322509765625
bike,dune_bayes,1707,539.1791381835938,0.12387923896312714,539.3030395507812
bike,dune_bayes,1708,745.0531005859375,0.10037247836589813,745.1535034179688
bike,dune_bayes,1709,1607.264404296875,0.1008036658167839,1607.365234375
bike,dune_bayes,1710,1223.48779296875,0.08744379878044128,1223.5751953125
bike,dune_bayes,1711,844.6913452148438,0.10985245555639267,844.8012084960938
bike,dune_bayes,1712,1171.842041015625,0.08597781509160995,1171.927978515625
bike,dune_bayes,1713,1057.6341552734375,0.08364289999008179,1057.7177734375
bike,dune_bayes,1714,947.9187622070312,0.08724015206098557,948.0059814453125
bike,dune_bayes,1715,1088.302734375,0.08480466157197952,1088.3875732421875
bike,dune_bayes,1716,1627.103515625,0.07727845013141632,1627.1807861328125
bike,dune_bayes,1717,1599.9515380859375,0.08929765224456787,1600.0408935546875
bike,dune_bayes,1718,1490.1124267578125,0.08472176641225815,1490.1971435546875
bike,dune_bayes,1719,1535.8055419921875,0.08933599293231964,1535.8948974609375
bike,dune_bayes,1720,1343.5616455078125,0.09153208881616592,1343.6531982421875
bike,dune_bayes,1721,1745.729736328125,0.09582769870758057,1745.8255615234375
bike,dune_bayes,1722,1403.6114501953125,0.09778916090726852,1403.709228515625
bike,dune_bayes,1723,1011.3621215820312,0.10255446285009384,1011.4646606445312
bike,dune_bayes,1724,803.8207397460938,0.09579704701900482,803.9165649414062
bike,dune_bayes,1725,872.031982421875,0.10345258563756943,872.1354370117188
bike,dune_bayes,1726,855.2977294921875,0.09765668958425522,855.3953857421875
bike,dune_bayes,1727,864.9160766601562,0.09999773651361465,865.0160522460938
bike,dune_bayes,1728,910.4646606445312,0.10456274449825287,910.5692138671875
bike,dune_bayes,1729,1017.2037963867188,0.11282683908939362,1017.316650390625
bike,dune_bayes,1730,929.4652099609375,0.10021104663610458,929.5654296875
bike,dune_bayes,1731,586.5225219726562,0.10456199198961258,586.6270751953125
bike,dune_bayes,1732,678.8072509765625,0.1046164482831955,678.911865234375
bike,dune_bayes,1733,954.2521362304688,0.09828204661607742,954.3504028320312
bike,dune_bayes,1734,978.7410278320312,0.09870531409978867,978.8397216796875
bike,dune_bayes,1735,528.7919921875,0.10598830133676529,528.8980102539062
bike,dune_bayes,1736,587.8626098632812,0.10795681923627853,587.9705810546875
bike,dune_bayes,1737,423.3050537109375,0.11859291046857834,423.42364501953125
bike,dune_bayes,1738,833.8994750976562,0.09594058245420456,833.9954223632812
bike,dune_bayes,1739,1330.915283203125,0.09973561763763428,1331.0150146484375
bike,dune_bayes,1740,997.3896484375,0.10467477142810822,997.4943237304688
bike,dune_bayes,1741,1082.5699462890625,0.1034887507557869,1082.6734619140625
bike,dune_bayes,1742,1326.8658447265625,0.08130907267332077,1326.9471435546875
bike,dune_bayes,1743,1009.5733642578125,0.10219164937734604,1009.675537109375
bike,dune_bayes,1744,1000.8008422851562,0.11395401507616043,1000.914794921875
bike,dune_bayes,1745,1035.61865234375,0.10702572762966156,1035.7257080078125
bike,dune_bayes,1746,1061.2086181640625,0.09414660930633545,1061.302734375
bike,dune_bayes,1747,1029.007080078125,0.08718623220920563,1029.09423828125
bike,dune_bayes,1748,794.043212890625,0.10844650119543076,794.1516723632812
bike,dune_bayes,1749,600.512939453125,0.11912039667367935,600.632080078125
bike,dune_bayes,1750,962.824462890625,0.10275448858737946,962.92724609375
bike,dune_bayes,1751,1295.8140869140625,0.09748993813991547,1295.91162109375
bike,dune_bayes,1752,1242.8577880859375,0.07794126123189926,1242.9356689453125
bike,dune_bayes,1753,722.853515625,0.09720625728368759,722.9507446289062
bike,dune_bayes,1754,1375.652587890625,0.1423783004283905,1375.794921875
bike,dune_bayes,1755,1347.48193359375,0.08743248134851456,1347.5693359375
bike,dune_bayes,1756,1239.6998291015625,0.08455885946750641,1239.784423828125
bike,dune_bayes,1757,776.7520141601562,0.09206482023000717,776.8440551757812
bike,dune_bayes,1758,792.33935546875,0.11319708079099655,792.4525756835938
bike,dune_bayes,1759,1052.676025390625,0.13121314346790314,1052.8072509765625
bike,dune_bayes,1760,1150.8856201171875,0.11861170083284378,1151.0042724609375
bike,dune_bayes,1761,888.3718872070312,0.09996803849935532,888.4718627929688
bike,dune_bayes,1762,626.9606323242188,0.1004379540681839,627.0610961914062
bike,dune_bayes,1763,896.3134765625,0.09152863919734955,896.405029296875
bike,dune_bayes,1764,903.927978515625,0.09324907511472702,904.021240234375
bike,dune_bayes,1765,876.7803955078125,0.09494148194789886,876.8753662109375
bike,dune_bayes,1766,1163.8076171875,0.12242092937231064,1163.9300537109375
bike,dune_bayes,1767,1087.877197265625,0.10279807448387146,1087.97998046875
bike,dune_bayes,1768,1262.893310546875,0.1037132740020752,1262.9970703125
bike,dune_bayes,1769,1250.543212890625,0.09818203002214432,1250.641357421875
bike,dune_bayes,1770,1098.689208984375,0.09530191868543625,1098.7845458984375
bike,dune_bayes,1771,951.4691162109375,0.09959691762924194,951.5687255859375
bike,dune_bayes,1772,1055.686767578125,0.09366527199745178,1055.7803955078125
bike,dune_bayes,1773,741.889892578125,0.09764810651540756,741.987548828125
bike,dune_bayes,1774,767.4006958007812,0.09304150193929672,767.4937133789062
bike,dune_bayes,1775,696.5702514648438,0.09993059188127518,696.670166015625
bike,dune_bayes,1776,1126.0003662109375,0.08848151564598083,1126.0888671875
bike,dune_bayes,1777,1176.2142333984375,0.08886301517486572,1176.3031005859375
bike,dune_bayes,1778,1193.273681640625,0.1050465852022171,1193.3787841796875
bike,dune_bayes,1779,1324.7833251953125,0.1590833067893982,1324.9423828125
bike,dune_bayes,1780,1392.491943359375,0.11835506558418274,1392.6103515625
bike,dune_bayes,1781,931.3314208984375,0.10182702541351318,931.4332275390625
bike,dune_bayes,1782,893.0280151367188,0.10070187598466873,893.1287231445312
bike,dune_bayes,1783,780.88525390625,0.11750275641679764,781.0027465820312
bike,dune_bayes,1784,1094.969970703125,0.09358838200569153,1095.0635986328125
bike,dune_bayes,1785,1148.8074951171875,0.0882144421339035,1148.895751953125
bike,dune_bayes,1786,920.490478515625,0.09228683263063431,920.582763671875
bike,dune_bayes,1787,877.5812377929688,0.09063699841499329,877.671875
bike,dune_bayes,1788,793.95361328125,0.09677481651306152,794.0504150390625
bike,dune_bayes,1789,697.687255859375,0.11412060260772705,697.8013916015625
bike,dune_bayes,1790,1295.9954833984375,0.08143690973520279,1296.076904296875
bike,dune_bayes,1791,1482.9852294921875,0.14475567638874054,1483.1300048828125
bike,dune_bayes,1792,955.67041015625,0.08946244418621063,955.7598876953125
bike,dune_bayes,1793,436.8621520996094,0.10924283415079117,436.9714050292969
bike,dune_bayes,1794,447.6968994140625,0.10799238085746765,447.8049011230469
bike,dune_bayes,1795,591.6895141601562,0.10111140459775925,591.7906494140625
bike,dune_bayes,1796,1147.292236328125,0.09387518465518951,1147.3861083984375
bike,dune_bayes,1797,1314.842041015625,0.09674395620822906,1314.9388427734375
bike,dune_bayes,1798,1298.3607177734375,0.13950324058532715,1298.500244140625
bike,dune_bayes,1799,1010.7667236328125,0.11056161671876907,1010.8772583007812
bike,dune_bayes,1800,1046.0322265625,0.16084171831607819,1046.193115234375
bike,dune_bayes,1801,1008.6641235351562,0.10175130516290665,1008.765869140625
bike,dune_bayes,1802,909.060302734375,0.10811910033226013,909.1683959960938
bike,dune_bayes,1803,858.5577392578125,0.10330235213041306,858.6610717773438
bike,dune_bayes,1804,879.713623046875,0.13003462553024292,879.8436279296875
bike,dune_bayes,1805,750.8638916015625,0.12052067369222641,750.9844360351562
bike,dune_bayes,1806,767.4365234375,0.11804205924272537,767.5545654296875
bike,dune_bayes,1807,920.9573974609375,0.10350125283002853,921.0609130859375
bike,dune_bayes,1808,707.35791015625,0.11603021621704102,707.4739379882812
bike,dune_bayes,1809,1226.1697998046875,0.09273988008499146,1226.2625732421875
bike,dune_bayes,1810,641.8553466796875,0.11781611293554306,641.97314453125
bike,dune_bayes,1811,1103.846435546875,0.08725327998399734,1103.9337158203125
bike,dune_bayes,1812,622.1446533203125,0.1015276163816452,622.2461547851562
bike,dune_bayes,1813,823.796630859375,0.11553188413381577,823.9121704101562
bike,dune_bayes,1814,944.060302734375,0.09418302774429321,944.1544799804688
bike,dune_bayes,1815,1331.67919921875,0.10222319513559341,1331.7813720703125
bike,dune_bayes,1816,864.9160766601562,0.09999773651361465,865.0160522460938
bike,dune_bayes,1817,831.3372802734375,0.09784667938947678,831.4351196289062
bike,dune_bayes,1818,874.8306274414062,0.09793322533369064,874.9285888671875
bike,dune_bayes,1819,916.2416381835938,0.10039684176445007,916.342041015625
bike,dune_bayes,1820,568.7055053710938,0.10679582506418228,568.8123168945312
bike,dune_bayes,1821,1647.624755859375,0.10486017167568207,1647.7296142578125
bike,dune_bayes,1822,635.7701416015625,0.10190584510564804,635.8720703125
bike,dune_bayes,1823,776.8320922851562,0.10943113267421722,776.9415283203125
bike,dune_bayes,1824,705.781005859375,0.09757597744464874,705.8786010742188
bike,dune_bayes,1825,782.2156372070312,0.09434934705495834,782.3099975585938
bike,dune_bayes,1826,814.4283447265625,0.09283987432718277,814.5211791992188
bike,dune_bayes,1827,814.4283447265625,0.09283987432718277,814.5211791992188
bike,dune_bayes,1828,814.4283447265625,0.09283987432718277,814.5211791992188
bike,dune_bayes,1829,1301.882080078125,0.07723118364810944,1301.9593505859375
bike,dune_bayes,1830,1083.21728515625,0.09658417850732803,1083.3138427734375
bike,dune_bayes,1831,1154.364013671875,0.08766568452119827,1154.45166015625
bike,dune_bayes,1832,833.7752685546875,0.0952603742480278,833.8705444335938
bike,dune_bayes,1833,823.0449829101562,0.09401898831129074,823.1389770507812
bike,dune_bayes,1834,1189.3956298828125,0.10549729317426682,1189.5010986328125
bike,dune_bayes,1835,928.5123901367188,0.10915200412273407,928.6215209960938
bike,dune_bayes,1836,973.989013671875,0.11305104196071625,974.10205078125
bike,dune_bayes,1837,998.1253051757812,0.11460388451814651,998.2399291992188
bike,dune_bayes,1838,976.9412231445312,0.10656896233558655,977.0477905273438
bike,dune_bayes,1839,871.415771484375,0.10945580154657364,871.5252075195312
bike,dune_bayes,1840,777.3781127929688,0.10932070761919022,777.4874267578125
bike,dune_bayes,1841,791.2208862304688,0.13469858467578888,791.3555908203125
bike,dune_bayes,1842,976.8410034179688,0.1325269639492035,976.9735107421875
bike,dune_bayes,1843,1029.048095703125,0.1213693618774414,1029.16943359375
bike,dune_bayes,1844,1045.724853515625,0.1179591715335846,1045.8427734375
bike,dune_bayes,1845,586.6968994140625,0.11635234206914902,586.813232421875
bike,dune_bayes,1846,591.8375244140625,0.10993803292512894,591.9474487304688
bike,dune_bayes,1847,975.0562744140625,0.13818800449371338,975.1944580078125
bike,dune_bayes,1848,990.0308837890625,0.12079540640115738,990.1516723632812
bike,dune_bayes,1849,831.7646484375,0.10277047753334045,831.867431640625
bike,dune_bayes,1850,726.2805786132812,0.10531286150217056,726.3858642578125
bike,dune_bayes,1851,808.6743774414062,0.09347393363714218,808.767822265625
bike,dune_bayes,1852,1361.925048828125,0.13043951988220215,1362.0555419921875
bike,dune_bayes,1853,1401.02685546875,0.11731372028589249,1401.1441650390625
bike,dune_bayes,1854,1411.9844970703125,0.09609297662973404,1412.08056640625
bike,dune_bayes,1855,1334.5699462890625,0.12185678631067276,1334.6917724609375
bike,dune_bayes,1856,1181.4642333984375,0.09455808252096176,1181.558837890625
bike,dune_bayes,1857,1514.9197998046875,0.13213682174682617,1515.0518798828125
bike,dune_bayes,1858,1334.81982421875,0.1499219685792923,1334.9697265625
bike,dune_bayes,1859,1303.822021484375,0.13805097341537476,1303.9600830078125
bike,dune_bayes,1860,1316.322509765625,0.11868948489427567,1316.441162109375
bike,dune_bayes,1861,1303.822021484375,0.13805097341537476,1303.9600830078125
bike,dune_bayes,1862,1354.0584716796875,0.16445989906787872,1354.222900390625
bike,dune_bayes,1863,1303.4822998046875,0.1428547352552414,1303.6251220703125
bike,dune_bayes,1864,1011.4926147460938,0.10533346980810165,1011.5979614257812
bike,dune_bayes,1865,865.0526733398438,0.10101576149463654,865.1536865234375
bike,dune_bayes,1866,1164.7972412109375,0.10245057940483093,1164.899658203125
bike,dune_bayes,1867,1210.6002197265625,0.11498556286096573,1210.7152099609375
bike,dune_bayes,1868,1099.7049560546875,0.12438609451055527,1099.829345703125
bike,dune_bayes,1869,1121.3564453125,0.10607092827558517,1121.4625244140625
bike,dune_bayes,1870,1178.0211181640625,0.12055802345275879,1178.1417236328125
bike,dune_bayes,1871,1231.0679931640625,0.11455924063920975,1231.1824951171875
bike,dune_bayes,1872,1166.907958984375,0.10352481156587601,1167.011474609375
bike,dune_bayes,1873,1119.1268310546875,0.11028432846069336,1119.237060546875
bike,dune_bayes,1874,399.45269775390625,0.11248208582401276,399.565185546875
bike,dune_bayes,1875,531.6737670898438,0.1078936904668808,531.7816772460938
bike,dune_bayes,1876,578.5430297851562,0.11788967996835709,578.6609497070312
bike,dune_bayes,1877,501.4014587402344,0.12559564411640167,501.5270690917969
bike,dune_bayes,1878,501.4014587402344,0.12559564411640167,501.5270690917969
bike,dune_bayes,1879,435.1398620605469,0.1307680308818817,435.2706298828125
bike,dune_bayes,1880,477.3705139160156,0.1147797703742981,477.48529052734375
bike,dune_bayes,1881,555.6913452148438,0.10577049106359482,555.797119140625
bike,dune_bayes,1882,580.8475952148438,0.10401871055364609,580.9515991210938
bike,dune_bayes,1883,590.879638671875,0.11373670399188995,590.9933471679688
bike,dune_bayes,1884,648.22314453125,0.10036861896514893,648.323486328125
bike,dune_bayes,1885,648.22314453125,0.10036861896514893,648.323486328125
bike,dune_bayes,1886,696.5702514648438,0.09993059188127518,696.670166015625
bike,dune_bayes,1887,767.4006958007812,0.09304150193929672,767.4937133789062
bike,dune_bayes,1888,1147.1944580078125,0.08423054218292236,1147.2786865234375
bike,dune_bayes,1889,714.3760986328125,0.11198925226926804,714.4880981445312
bike,dune_bayes,1890,1000.6777954101562,0.0864768922328949,1000.7642822265625
bike,dune_bayes,1891,878.492431640625,0.10809753835201263,878.6005249023438
bike,dune_bayes,1892,684.8743896484375,0.11359017342329025,684.9879760742188
bike,dune_bayes,1893,767.9081420898438,0.09348238259553909,768.0016479492188
bike,dune_bayes,1894,675.9236450195312,0.09981691837310791,676.0234375
bike,dune_bayes,1895,1014.5327758789062,0.10114803165197372,1014.6339111328125
bike,dune_bayes,1896,866.7642211914062,0.09078417718410492,866.85498046875
bike,dune_bayes,1897,825.8010864257812,0.10733667016029358,825.908447265625
bike,dune_bayes,1898,975.6586303710938,0.08949573338031769,975.7481079101562
bike,dune_bayes,1899,1061.2086181640625,0.09414660930633545,1061.302734375
bike,dune_bayes,1900,789.9490356445312,0.09583006799221039,790.0448608398438
bike,dune_bayes,1901,474.3040771484375,0.10967735946178436,474.41375732421875
bike,dune_bayes,1902,996.9402465820312,0.09418462216854095,997.034423828125
bike,dune_bayes,1903,1239.33154296875,0.10459739714860916,1239.4361572265625
bike,dune_bayes,1904,870.1353149414062,0.11054165661334991,870.245849609375
bike,dune_bayes,1905,817.3223876953125,0.11080664396286011,817.4331665039062
bike,dune_bayes,1906,952.4495849609375,0.10807912796735764,952.5576782226562
bike,dune_bayes,1907,1082.298583984375,0.10125626623630524,1082.3997802734375
bike,dune_bayes,1908,1511.4620361328125,0.1329715996980667,1511.594970703125
bike,dune_bayes,1909,1129.8486328125,0.11524556577205658,1129.9638671875
bike,dune_bayes,1910,1121.3564453125,0.10607092827558517,1121.4625244140625
bike,dune_bayes,1911,1523.2159423828125,0.09761837124824524,1523.3135986328125
bike,dune_bayes,1912,1519.1624755859375,0.09865700453519821,1519.2611083984375
bike,dune_bayes,1913,1252.4364013671875,0.09210959821939468,1252.528564453125
bike,dune_bayes,1914,997.1797485351562,0.09036122262477875,997.2700805664062
bike,dune_bayes,1915,1151.5343017578125,0.09357719123363495,1151.6279296875
bike,dune_bayes,1916,1199.070556640625,0.08918886631727219,1199.1597900390625
bike,dune_bayes,1917,1732.3792724609375,0.08561056107282639,1732.46484375
bike,dune_bayes,1918,1945.0655517578125,0.10086359083652496,1945.1663818359375
bike,dune_bayes,1919,1389.197998046875,0.08128812909126282,1389.279296875
bike,dune_bayes,1920,2128.5830078125,0.08645676076412201,2128.66943359375
bike,dune_bayes,1921,2092.913330078125,0.09083777666091919,2093.004150390625
bike,dune_bayes,1922,1380.1090087890625,0.07803277671337128,1380.18701171875
bike,dune_bayes,1923,1181.8717041015625,0.08005621284246445,1181.9517822265625
bike,dune_bayes,1924,825.8010864257812,0.10733667016029358,825.908447265625
bike,dune_bayes,1925,662.5744018554688,0.11534930765628815,662.6897583007812
bike,dune_bayes,1926,627.431396484375,0.11778951436281204,627.5491943359375
bike,dune_bayes,1927,1460.5164794921875,0.14797773957252502,1460.6644287109375
bike,dune_bayes,1928,1282.7589111328125,0.12105027586221695,1282.8800048828125
bike,dune_bayes,1929,1240.337890625,0.11249440908432007,1240.450439453125
bike,dune_bayes,1930,1117.7537841796875,0.09812517464160919,1117.8519287109375
bike,dune_bayes,1931,1236.05224609375,0.0952335000038147,1236.1474609375
bike,dune_bayes,1932,1201.93701171875,0.10639453679323196,1202.04345703125
bike,dune_bayes,1933,1483.3594970703125,0.09038200229406357,1483.4498291015625
bike,dune_bayes,1934,1469.2197265625,0.09202758967876434,1469.311767578125
bike,dune_bayes,1935,1221.7886962890625,0.08948138356208801,1221.878173828125
bike,dune_bayes,1936,825.8585815429688,0.09492052346467972,825.9534912109375
bike,dune_bayes,1937,470.88555908203125,0.10638066381216049,470.991943359375
bike,dune_bayes,1938,649.7942504882812,0.11451110243797302,649.9087524414062
bike,dune_bayes,1939,435.7848815917969,0.109424889087677,435.8943176269531
bike,dune_bayes,1940,416.0428466796875,0.11067309230566025,416.1535339355469
bike,dune_bayes,1941,452.0039978027344,0.11053743213415146,452.1145324707031
bike,dune_bayes,1942,404.6343078613281,0.11315169930458069,404.7474670410156
bike,dune_bayes,1943,605.0321044921875,0.09906850010156631,605.1311645507812
bike,dune_bayes,1944,934.3250732421875,0.09699093550443649,934.4220581054688
bike,dune_bayes,1945,974.5635986328125,0.09806405752897263,974.6616821289062
bike,dune_bayes,1946,964.1656494140625,0.09573180228471756,964.2613525390625
bike,dune_bayes,1947,756.8743896484375,0.09957205504179001,756.9739379882812
bike,dune_bayes,1948,522.747802734375,0.10922171175479889,522.8569946289062
bike,dune_bayes,1949,1299.5533447265625,0.08693130314350128,1299.6402587890625
bike,dune_bayes,1950,1325.6263427734375,0.0981154516339302,1325.7244873046875
bike,dune_bayes,1951,1299.5533447265625,0.08693130314350128,1299.6402587890625
bike,dune_bayes,1952,1364.018798828125,0.0853896290063858,1364.104248046875
bike,dune_bayes,1953,1675.2991943359375,0.08570172637701035,1675.3848876953125
bike,dune_bayes,1954,1112.5345458984375,0.08661704510450363,1112.6212158203125
bike,dune_bayes,1955,1135.4423828125,0.08842971920967102,1135.53076171875
bike,dune_bayes,1956,1006.533203125,0.08846623450517654,1006.6216430664062
bike,dune_bayes,1957,811.9843139648438,0.11167415976524353,812.0960083007812
bike,dune_bayes,1958,853.9957275390625,0.09426093101501465,854.0899658203125
bike,dune_bayes,1959,691.06787109375,0.09939928352832794,691.1672973632812
bike,dune_bayes,1960,811.8009033203125,0.10025077313184738,811.9011840820312
bike,dune_bayes,1961,1448.6240234375,0.0942482203245163,1448.71826171875
bike,dune_bayes,1962,979.1900634765625,0.10844956338405609,979.2985229492188
bike,dune_bayes,1963,976.3265991210938,0.09631458669900894,976.4229125976562
bike,dune_bayes,1964,1090.228759765625,0.0945112481713295,1090.3232421875
bike,dune_bayes,1965,1231.086181640625,0.09331661462783813,1231.179443359375
bike,dune_bayes,1966,1244.38720703125,0.09022381156682968,1244.4774169921875
bike,dune_bayes,1967,883.0361328125,0.09307094663381577,883.1292114257812
bike,dune_bayes,1968,674.6397705078125,0.14565633237361908,674.785400390625
bike,dune_bayes,1969,545.4702758789062,0.1364528089761734,545.6067504882812
bike,dune_bayes,1970,601.858642578125,0.19451700150966644,602.0531616210938
bike,dune_bayes,1971,658.8615112304688,0.24523037672042847,659.1067504882812
bike,dune_bayes,1972,823.363525390625,0.18643741309642792,823.5499877929688
bike,dune_bayes,1973,951.4263305664062,0.1581462025642395,951.58447265625
bike,dune_bayes,1974,807.6363525390625,0.12669925391674042,807.7630615234375
bike,dune_bayes,1975,877.2029418945312,0.10788103193044662,877.3108520507812
bike,dune_bayes,1976,781.5077514648438,0.10900246351957321,781.6167602539062
bike,dune_bayes,1977,771.7571411132812,0.10854926705360413,771.8656616210938
bike,dune_bayes,1978,864.9741821289062,0.1066422387957573,865.080810546875
bike,dune_bayes,1979,1401.6173095703125,0.1157565787434578,1401.7330322265625
bike,dune_bayes,1980,1516.8287353515625,0.10233110934495926,1516.9310302734375
bike,dune_bayes,1981,987.10302734375,0.09463243931531906,987.1976318359375
bike,dune_bayes,1982,1085.592529296875,0.1152850091457367,1085.707763671875
bike,dune_bayes,1983,907.6038818359375,0.1121029406785965,907.7160034179688
bike,dune_bayes,1984,963.1829833984375,0.09162244200706482,963.2745971679688
bike,dune_bayes,1985,1241.157958984375,0.08929729461669922,1241.247314453125
bike,dune_bayes,1986,1005.6389770507812,0.10658776015043259,1005.7455444335938
bike,dune_bayes,1987,924.4578247070312,0.10795507580041885,924.5657958984375
bike,dune_bayes,1988,858.932373046875,0.0931168794631958,859.0255126953125
bike,dune_bayes,1989,858.932373046875,0.0931168794631958,859.0255126953125
bike,dune_bayes,1990,1230.3707275390625,0.09272895753383636,1230.4635009765625
bike,dune_bayes,1991,1423.19970703125,0.08524034917354584,1423.284912109375
bike,dune_bayes,1992,1221.3802490234375,0.08457420021295547,1221.46484375
bike,dune_bayes,1993,1221.7886962890625,0.08948138356208801,1221.878173828125
bike,dune_bayes,1994,912.239990234375,0.08889798074960709,912.3289184570312
bike,dune_bayes,1995,818.8572387695312,0.10897734016180038,818.9661865234375
bike,dune_bayes,1996,883.0361328125,0.09307094663381577,883.1292114257812
bike,dune_bayes,1997,924.4578247070312,0.10795507580041885,924.5657958984375
bike,dune_bayes,1998,883.0361328125,0.09307094663381577,883.1292114257812
bike,dune_bayes,1999,912.239990234375,0.08889798074960709,912.3289184570312
bike,dune_bayes,2000,928.2948608398438,0.08972182124853134,928.3845825195312
bike,dune_bayes,2001,838.8041381835938,0.09349846094846725,838.8976440429688
bike,dune_bayes,2002,1028.935791015625,0.0882161408662796,1029.0240478515625
bike,dune_bayes,2003,752.0407104492188,0.09427977353334427,752.135009765625
bike,dune_bayes,2004,721.5172119140625,0.09576209634542465,721.6129760742188
bike,dune_bayes,2005,714.3760986328125,0.11198925226926804,714.4880981445312
bike,dune_bayes,2006,1104.301025390625,0.09589549899101257,1104.39697265625
bike,dune_bayes,2007,881.2881469726562,0.09625377506017685,881.3843994140625
bike,dune_bayes,2008,569.7725219726562,0.11888523399829865,569.8914184570312
bike,dune_bayes,2009,1153.0667724609375,0.09427359700202942,1153.1610107421875
bike,dune_bayes,2010,1449.37548828125,0.1147426888346672,1449.490234375
bike,dune_bayes,2011,1356.0054931640625,0.10461065173149109,1356.110107421875
bike,dune_bayes,2012,1457.3690185546875,0.10215973109006882,1457.47119140625
bike,dune_bayes,2013,878.0497436523438,0.11053938418626785,878.1602783203125
bike,dune_bayes,2014,982.2509155273438,0.1015048399567604,982.3524169921875
bike,dune_bayes,2015,553.1907348632812,0.10162185877561569,553.2923583984375
bike,dune_bayes,2016,1075.6666259765625,0.10560663789510727,1075.772216796875
bike,dune_bayes,2017,1366.504638671875,0.10499414056539536,1366.609619140625
bike,dune_bayes,2018,1191.689453125,0.09988288581371307,1191.789306640625
bike,dune_bayes,2019,811.9843139648438,0.11167415976524353,812.0960083007812
bike,dune_bayes,2020,679.3869018554688,0.11795199662446976,679.5048828125
bike,dune_bayes,2021,736.1223754882812,0.10206393152475357,736.2244262695312
bike,dune_bayes,2022,842.0267333984375,0.09304735064506531,842.1197509765625
bike,dune_bayes,2023,904.3648681640625,0.09822528809309006,904.4630737304688
bike,dune_bayes,2024,1406.573974609375,0.0944296345114708,1406.66845703125
bike,dune_bayes,2025,1004.8844604492188,0.0846869945526123,1004.9691772460938
bike,dune_bayes,2026,1433.5343017578125,0.0843847244977951,1433.61865234375
bike,dune_bayes,2027,1057.609130859375,0.08387626707553864,1057.6929931640625
bike,dune_bayes,2028,919.7570190429688,0.0912880077958107,919.8483276367188
bike,dune_bayes,2029,1883.81884765625,0.08546363562345505,1883.904296875
bike,dune_bayes,2030,1679.698486328125,0.08708035200834274,1679.7855224609375
bike,dune_bayes,2031,954.0558471679688,0.08623805642127991,954.14208984375
bike,dune_bayes,2032,847.4395141601562,0.09058722108602524,847.5300903320312
bike,dune_bayes,2033,1045.17822265625,0.0977630540728569,1045.2760009765625
bike,dune_bayes,2034,882.6951293945312,0.0877261608839035,882.7828369140625
bike,dune_bayes,2035,878.573974609375,0.08934785425662994,878.663330078125
bike,dune_bayes,2036,765.5882568359375,0.09773826599121094,765.6859741210938
bike,dune_bayes,2037,1524.67578125,0.24073907732963562,1524.91650390625
bike,dune_bayes,2038,1164.9200439453125,0.11576128005981445,1165.0357666015625
bike,dune_bayes,2039,618.4056396484375,0.11487098783254623,618.5205078125
bike,dune_bayes,2040,1198.771240234375,0.15809623897075653,1198.9293212890625
bike,dune_bayes,2041,1025.3895263671875,0.12126291543245316,1025.5107421875
bike,dune_bayes,2042,940.1163940429688,0.10381929576396942,940.22021484375
bike,dune_bayes,2043,960.0757446289062,0.10214827209711075,960.1779174804688
bike,dune_bayes,2044,1120.6357421875,0.12171006202697754,1120.7574462890625
bike,dune_bayes,2045,1210.540283203125,0.10588543117046356,1210.6461181640625
bike,dune_bayes,2046,906.9868774414062,0.10033726692199707,907.0872192382812
bike,dune_bayes,2047,974.0488891601562,0.09346792101860046,974.142333984375
bike,dune_bayes,2048,997.1797485351562,0.09036122262477875,997.2700805664062
bike,dune_bayes,2049,2062.637939453125,0.12905365228652954,2062.76708984375
bike,dune_bayes,2050,1852.9705810546875,0.10493703931570053,1853.0755615234375
bike,dune_bayes,2051,1606.1663818359375,0.08498778939247131,1606.2513427734375
bike,dune_bayes,2052,1434.4783935546875,0.08019722253084183,1434.55859375
bike,dune_bayes,2053,1363.0802001953125,0.1102290228009224,1363.1904296875
bike,dune_bayes,2054,1161.698486328125,0.10033898055553436,1161.798828125
bike,dune_bayes,2055,1136.154052734375,0.0899105817079544,1136.2440185546875
bike,dune_bayes,2056,758.7003173828125,0.11075533926486969,758.8110961914062
bike,dune_bayes,2057,698.7752685546875,0.11549175530672073,698.8907470703125
bike,dune_bayes,2058,886.6328125,0.09392807632684708,886.7267456054688
bike,dune_bayes,2059,813.1325073242188,0.09452331066131592,813.22705078125
bike,dune_bayes,2060,1954.2252197265625,0.0836639329791069,1954.308837890625
bike,dune_bayes,2061,2074.86279296875,0.08862137049436569,2074.951416015625
bike,dune_bayes,2062,1527.283447265625,0.12622736394405365,1527.40966796875
bike,dune_bayes,2063,1334.7567138671875,0.08510701358318329,1334.841796875
bike,dune_bayes,2064,1221.3802490234375,0.08457420021295547,1221.46484375
bike,dune_bayes,2065,818.8572387695312,0.10897734016180038,818.9661865234375
bike,dune_bayes,2066,1410.039794921875,0.08397815376520157,1410.123779296875
bike,dune_bayes,2067,566.1529541015625,0.10216128826141357,566.255126953125
bike,dune_bayes,2068,532.5172119140625,0.10759711265563965,532.6248168945312
bike,dune_bayes,2069,553.51611328125,0.10342051088809967,553.6195068359375
bike,dune_bayes,2070,486.94281005859375,0.12344081699848175,487.0662536621094
bike,dune_bayes,2071,1270.638427734375,0.09500140696763992,1270.7333984375
bike,dune_bayes,2072,1590.633056640625,0.10658009350299835,1590.7396240234375
bike,dune_bayes,2073,1477.956298828125,0.10345626622438431,1478.059814453125
bike,dune_bayes,2074,1115.3492431640625,0.09551644325256348,1115.4447021484375
bike,dune_bayes,2075,1164.9200439453125,0.11576128005981445,1165.0357666015625
bike,dune_bayes,2076,1302.0191650390625,0.15640617907047272,1302.175537109375
bike,dune_bayes,2077,1144.8343505859375,0.19509607553482056,1145.0294189453125
bike,dune_bayes,2078,1116.40478515625,0.15684154629707336,1116.5616455078125
bike,dune_bayes,2079,999.8533935546875,0.10574708878993988,999.9591674804688
bike,dune_bayes,2080,1051.76708984375,0.09646046906709671,1051.863525390625
bike,dune_bayes,2081,1051.76708984375,0.09646046906709671,1051.863525390625
bike,dune_bayes,2082,882.943115234375,0.10238270461559296,883.0454711914062
bike,dune_bayes,2083,1155.2674560546875,0.08792591094970703,1155.3553466796875
bike,dune_bayes,2084,1089.3414306640625,0.09282796084880829,1089.4342041015625
bike,dune_bayes,2085,1146.1385498046875,0.18582750856876373,1146.3243408203125
bike,dune_bayes,2086,922.9022827148438,0.118611641228199,923.0208740234375
bike,dune_bayes,2087,983.9622802734375,0.11783742904663086,984.0801391601562
bike,dune_bayes,2088,1391.24462890625,0.09457562118768692,1391.3392333984375
bike,dune_bayes,2089,1465.34521484375,0.10081858932971954,1465.446044921875
bike,dune_bayes,2090,1530.4786376953125,0.09817403554916382,1530.5767822265625
bike,dune_bayes,2091,1360.300537109375,0.09599977731704712,1360.396484375
bike,dune_bayes,2092,1241.8438720703125,0.08744034171104431,1241.9312744140625
bike,dune_bayes,2093,1163.689208984375,0.10699832439422607,1163.7962646484375
bike,dune_bayes,2094,1117.7537841796875,0.09812517464160919,1117.8519287109375
bike,dune_bayes,2095,1884.43798828125,0.11754212528467178,1884.5555419921875
bike,dune_bayes,2096,1987.71826171875,0.11548624187707901,1987.833740234375
bike,dune_bayes,2097,1382.9339599609375,0.09111249446868896,1383.0250244140625
bike,dune_bayes,2098,1410.578857421875,0.09043195098638535,1410.6693115234375
bike,dune_bayes,2099,1106.6812744140625,0.10177329927682877,1106.7830810546875
bike,dune_bayes,2100,1967.987548828125,0.1791900098323822,1968.166748046875
bike,dune_bayes,2101,1540.5479736328125,0.11101321876049042,1540.658935546875
bike,dune_bayes,2102,999.8533935546875,0.10574708878993988,999.9591674804688
bike,dune_bayes,2103,911.8142700195312,0.1111840158700943,911.9254760742188
bike,dune_bayes,2104,904.4611206054688,0.10768864303827286,904.5687866210938
bike,dune_bayes,2105,914.508056640625,0.11331875622272491,914.6213989257812
bike,dune_bayes,2106,1159.2601318359375,0.11741883307695389,1159.3775634765625
bike,dune_bayes,2107,1109.388427734375,0.12497753649950027,1109.513427734375
bike,dune_bayes,2108,743.5244140625,0.0986776053905487,743.6231079101562
bike,dune_bayes,2109,626.9606323242188,0.1004379540681839,627.0610961914062
bike,dune_bayes,2110,626.9606323242188,0.1004379540681839,627.0610961914062
bike,dune_bayes,2111,1622.2598876953125,0.1161322221159935,1622.3759765625
bike,dune_bayes,2112,1611.7335205078125,0.10338584333658218,1611.8369140625
bike,dune_bayes,2113,1146.574951171875,0.08968107402324677,1146.6646728515625
bike,dune_bayes,2114,1250.3060302734375,0.08515185117721558,1250.3912353515625
bike,dune_bayes,2115,1746.36083984375,0.08352574706077576,1746.4443359375
bike,dune_bayes,2116,2130.99951171875,0.1249193474650383,2131.12451171875
bike,dune_bayes,2117,1694.127685546875,0.07718272507190704,1694.204833984375
bike,dune_bayes,2118,1126.93603515625,0.09009059518575668,1127.026123046875
bike,dune_bayes,2119,1740.6390380859375,0.10196545720100403,1740.740966796875
bike,dune_bayes,2120,2106.847412109375,0.08929567784070969,2106.936767578125
bike,dune_bayes,2121,1524.527587890625,0.08105841279029846,1524.608642578125
bike,dune_bayes,2122,1365.3446044921875,0.0766076147556305,1365.4212646484375
bike,dune_bayes,2123,1263.9141845703125,0.08216254413127899,1263.996337890625
bike,dune_bayes,2124,957.8639526367188,0.0896138995885849,957.9535522460938
bike,dune_bayes,2125,968.4754638671875,0.08792248368263245,968.5634155273438
bike,dune_bayes,2126,890.0853271484375,0.10559099167585373,890.19091796875
bike,dune_bayes,2127,2379.93408203125,0.09243155270814896,2380.026611328125
bike,dune_bayes,2128,2199.483154296875,0.09500037133693695,2199.578125
bike,dune_bayes,2129,1994.3153076171875,0.08765988796949387,1994.4029541015625
bike,dune_bayes,2130,1562.31396484375,0.07735949754714966,1562.391357421875
bike,dune_bayes,2131,1437.0814208984375,0.07957720011472702,1437.1610107421875
bike,dune_bayes,2132,1334.6455078125,0.09710205346345901,1334.7425537109375
bike,dune_bayes,2133,1045.3922119140625,0.0851026326417923,1045.477294921875
bike,dune_bayes,2134,1105.143798828125,0.08567819744348526,1105.2294921875
bike,dune_bayes,2135,1482.0252685546875,0.08329170197248459,1482.1085205078125
bike,dune_bayes,2136,1361.5616455078125,0.07770759612321854,1361.639404296875
bike,dune_bayes,2137,1260.25927734375,0.07810444384813309,1260.33740234375
bike,dune_bayes,2138,864.0426025390625,0.08934658765792847,864.1319580078125
bike,dune_bayes,2139,819.6859741210938,0.09475784748792648,819.78076171875
bike,dune_bayes,2140,693.5237426757812,0.10150763392448425,693.625244140625
bike,dune_bayes,2141,928.5545043945312,0.09488824754953384,928.6494140625
bike,dune_bayes,2142,1343.31396484375,0.09236793220043182,1343.4063720703125
bike,dune_bayes,2143,1527.3997802734375,0.0926743671298027,1527.492431640625
bike,dune_bayes,2144,976.8901977539062,0.08948924392461777,976.9796752929688
bike,dune_bayes,2145,633.0287475585938,0.101075679063797,633.1298217773438
bike,dune_bayes,2146,705.1121215820312,0.09641481935977936,705.2085571289062
bike,dune_bayes,2147,718.4878540039062,0.0973450243473053,718.585205078125
bike,dune_bayes,2148,843.193115234375,0.0919736847281456,843.2850952148438
bike,dune_bayes,2149,1121.3094482421875,0.09265954047441483,1121.402099609375
bike,dune_bayes,2150,1047.7650146484375,0.09400273859500885,1047.8590087890625
bike,dune_bayes,2151,1031.6505126953125,0.09324827790260315,1031.7437744140625
bike,dune_bayes,2152,911.09814453125,0.09152943640947342,911.189697265625
bike,dune_bayes,2153,930.430908203125,0.08905741572380066,930.5199584960938
bike,dune_bayes,2154,963.4951782226562,0.08782266825437546,963.5830078125
bike,dune_bayes,2155,1652.0987548828125,0.08006361126899719,1652.1788330078125
bike,dune_bayes,2156,1969.4542236328125,0.0807880237698555,1969.5350341796875
bike,dune_bayes,2157,1889.3665771484375,0.07939911633729935,1889.4459228515625
bike,dune_bayes,2158,838.2767944335938,0.11353113502264023,838.3903198242188
bike,dune_bayes,2159,1092.466552734375,0.0872294008731842,1092.5538330078125
bike,dune_bayes,2160,1381.468017578125,0.079777292907238,1381.5478515625
bike,dune_bayes,2161,1128.760009765625,0.1011957898736,1128.8612060546875
bike,dune_bayes,2162,994.4938354492188,0.08840876817703247,994.5822143554688
bike,dune_bayes,2163,917.7885131835938,0.09355274587869644,917.882080078125
bike,dune_bayes,2164,765.6842651367188,0.10321561247110367,765.7874755859375
bike,dune_bayes,2165,765.6842651367188,0.10321561247110367,765.7874755859375
bike,dune_bayes,2166,874.5756225585938,0.09754621982574463,874.6731567382812
bike,dune_bayes,2167,810.8773803710938,0.11358711868524551,810.990966796875
bike,dune_bayes,2168,895.6162719726562,0.10855310410261154,895.724853515625
bike,dune_bayes,2169,2069.872802734375,0.08809825778007507,2069.9609375
bike,dune_bayes,2170,1939.6700439453125,0.08160941302776337,1939.751708984375
bike,dune_bayes,2171,1753.790283203125,0.08121209591627121,1753.8714599609375
bike,dune_bayes,2172,1662.697265625,0.08341974020004272,1662.7806396484375
bike,dune_bayes,2173,918.1023559570312,0.0930887833237648,918.1954345703125
bike,dune_bayes,2174,671.568603515625,0.10192165523767471,671.6705322265625
bike,dune_bayes,2175,696.3460083007812,0.10771653801202774,696.4537353515625
bike,dune_bayes,2176,671.1793823242188,0.11012258380651474,671.2894897460938
bike,dune_bayes,2177,646.7466430664062,0.11555329710245132,646.8621826171875
bike,dune_bayes,2178,732.5361328125,0.11020191758871078,732.6463623046875
bike,dune_bayes,2179,973.9232177734375,0.09048465639352798,974.0137329101562
bike,dune_bayes,2180,1627.065185546875,0.08639733493328094,1627.151611328125
bike,dune_bayes,2181,1810.5174560546875,0.1670069545507431,1810.6844482421875
bike,dune_bayes,2182,1812.3919677734375,0.1319149136543274,1812.52392578125
bike,dune_bayes,2183,1792.6282958984375,0.11249913275241852,1792.7408447265625
bike,dune_bayes,2184,1149.8675537109375,0.10244982689619064,1149.969970703125
bike,dune_bayes,2185,1401.1639404296875,0.09595643728971481,1401.2598876953125
bike,dune_bayes,2186,1602.4495849609375,0.11657794564962387,1602.566162109375
bike,dune_bayes,2187,1438.709228515625,0.08952302485704422,1438.7987060546875
bike,dune_bayes,2188,1411.1114501953125,0.09932821989059448,1411.2108154296875
bike,dune_bayes,2189,1793.0281982421875,0.10645416378974915,1793.1346435546875
bike,dune_bayes,2190,1705.897705078125,0.07753545790910721,1705.9752197265625
bike,dune_bayes,2191,1398.644775390625,0.07770152390003204,1398.7225341796875
bike,dune_bayes,2192,1772.6829833984375,0.08925686776638031,1772.772216796875
bike,dune_bayes,2193,1739.797119140625,0.09244316071271896,1739.8895263671875
bike,dune_bayes,2194,1112.5345458984375,0.08661704510450363,1112.6212158203125
bike,dune_bayes,2195,1127.8084716796875,0.1042233482003212,1127.9127197265625
bike,dune_bayes,2196,1243.5123291015625,0.1023978739976883,1243.61474609375
bike,dune_bayes,2197,1233.75146484375,0.0793452188372612,1233.830810546875
bike,dune_bayes,2198,785.8685302734375,0.09652651101350784,785.9650268554688
bike,dune_bayes,2199,776.8917236328125,0.09419215470552444,776.9859008789062
bike,dune_bayes,2200,807.9526977539062,0.0985976830124855,808.05126953125
bike,dune_bayes,2201,801.2184448242188,0.0951615422964096,801.3135986328125
bike,dune_bayes,2202,767.0817260742188,0.09168065339326859,767.1734008789062
bike,dune_bayes,2203,661.7037353515625,0.09627554565668106,661.7999877929688
bike,dune_bayes,2204,1100.8260498046875,0.08629413694143295,1100.912353515625
bike,dune_bayes,2205,968.4754638671875,0.08792248368263245,968.5634155273438
bike,dune_bayes,2206,1935.175048828125,0.09390122443437576,1935.2689208984375
bike,dune_bayes,2207,1944.7581787109375,0.09153541922569275,1944.8497314453125
bike,dune_bayes,2208,1944.7581787109375,0.09153541922569275,1944.8497314453125
bike,dune_bayes,2209,969.6123657226562,0.09065066277980804,969.7030029296875
bike,dune_bayes,2210,1043.7086181640625,0.10498081147670746,1043.8135986328125
bike,dune_bayes,2211,1508.5863037109375,0.10735863447189331,1508.693603515625
bike,dune_bayes,2212,2172.685791015625,0.0953093022108078,2172.781005859375
bike,dune_bayes,2213,2134.958740234375,0.09184245765209198,2135.050537109375
bike,dune_bayes,2214,1440.09619140625,0.09833912551403046,1440.194580078125
bike,dune_bayes,2215,1357.8074951171875,0.0993460938334465,1357.9068603515625
bike,dune_bayes,2216,1177.0684814453125,0.0987342894077301,1177.167236328125
bike,dune_bayes,2217,1122.6748046875,0.08300110697746277,1122.7578125
bike,dune_bayes,2218,1739.2457275390625,0.08012109994888306,1739.3258056640625
bike,dune_bayes,2219,2053.60009765625,0.12320057302713394,2053.723388671875
bike,dune_bayes,2220,1484.0142822265625,0.09220815449953079,1484.1064453125
bike,dune_bayes,2221,1612.134521484375,0.08639183640480042,1612.220947265625
bike,dune_bayes,2222,1574.0224609375,0.10751223564147949,1574.1300048828125
bike,dune_bayes,2223,1783.46435546875,0.08929399400949478,1783.5535888671875
bike,dune_bayes,2224,1130.93896484375,0.08315438777208328,1131.0220947265625
bike,dune_bayes,2225,1313.9547119140625,0.08931879699230194,1314.0440673828125
bike,dune_bayes,2226,1242.5296630859375,0.11561808735132217,1242.645263671875
bike,dune_bayes,2227,1885.86474609375,0.09778586030006409,1885.9625244140625
bike,dune_bayes,2228,1717.926513671875,0.09152749180793762,1718.01806640625
bike,dune_bayes,2229,1822.1259765625,0.12952102720737457,1822.2554931640625
bike,dune_bayes,2230,1817.6927490234375,0.13677023351192474,1817.8294677734375
bike,dune_bayes,2231,1848.160888671875,0.11879143118858337,1848.2796630859375
bike,dune_bayes,2232,1669.03369140625,0.10216152667999268,1669.1358642578125
bike,dune_bayes,2233,1516.165283203125,0.10199420154094696,1516.267333984375
bike,dune_bayes,2234,1392.1741943359375,0.10137827694416046,1392.2755126953125
bike,dune_bayes,2235,1317.5892333984375,0.1013333648443222,1317.6905517578125
bike,dune_bayes,2236,1944.6824951171875,0.14654988050460815,1944.8291015625
bike,dune_bayes,2237,1536.54931640625,0.09510375559329987,1536.6444091796875
bike,dune_bayes,2238,2002.60302734375,0.11807529628276825,2002.7210693359375
bike,dune_bayes,2239,2090.71240234375,0.1111883670091629,2090.823486328125
bike,dune_bayes,2240,1745.729736328125,0.09582769870758057,1745.8255615234375
bike,dune_bayes,2241,1575.9630126953125,0.10503775626420975,1576.0679931640625
bike,dune_bayes,2242,1234.522705078125,0.09762108325958252,1234.620361328125
bike,dune_bayes,2243,1230.3707275390625,0.09272895753383636,1230.4635009765625
bike,dune_bayes,2244,1126.0003662109375,0.08848151564598083,1126.0888671875
bike,dune_bayes,2245,1536.3740234375,0.09018585830926895,1536.4642333984375
bike,dune_bayes,2246,1698.8985595703125,0.12293066829442978,1699.021484375
bike,dune_bayes,2247,1863.781494140625,0.0933205708861351,1863.874755859375
bike,dune_bayes,2248,1578.94921875,0.08783315867185593,1579.037109375
bike,dune_bayes,2249,1123.496337890625,0.08338931947946548,1123.5797119140625
bike,dune_bayes,2250,2010.0211181640625,0.08891654759645462,2010.1099853515625
bike,dune_bayes,2251,1612.947998046875,0.10398302972316742,1613.052001953125
bike,dune_bayes,2252,1271.3690185546875,0.08115851879119873,1271.4501953125
bike,dune_bayes,2253,813.1004028320312,0.09134338051080704,813.1917724609375
bike,dune_bayes,2254,1122.1260986328125,0.08913499861955643,1122.2152099609375
bike,dune_bayes,2255,1396.658447265625,0.08805928379297256,1396.7464599609375
bike,dune_bayes,2256,1298.4407958984375,0.09088539332151413,1298.53173828125
bike,dune_bayes,2257,1900.33349609375,0.12539030611515045,1900.4588623046875
bike,dune_bayes,2258,1930.083984375,0.12007323652505875,1930.2041015625
bike,dune_bayes,2259,1697.5625,0.11902377754449844,1697.6815185546875
bike,dune_bayes,2260,1477.3087158203125,0.10884217172861099,1477.4176025390625
bike,dune_bayes,2261,2030.114990234375,0.13066865503787994,2030.24560546875
bike,dune_bayes,2262,1817.98974609375,0.1060093343257904,1818.095703125
bike,dune_bayes,2263,1149.2662353515625,0.08741655945777893,1149.3536376953125
bike,dune_bayes,2264,1137.3900146484375,0.08909378945827484,1137.4791259765625
bike,dune_bayes,2265,2037.271240234375,0.13531722128391266,2037.4066162109375
bike,dune_bayes,2266,2060.05224609375,0.11541802436113358,2060.167724609375
bike,dune_bayes,2267,1783.6583251953125,0.08742782473564148,1783.7457275390625
bike,dune_bayes,2268,1820.4439697265625,0.08880842477083206,1820.5328369140625
bike,dune_bayes,2269,1065.6177978515625,0.08218027651309967,1065.699951171875
bike,dune_bayes,2270,928.8610229492188,0.10356967151165009,928.964599609375
bike,dune_bayes,2271,928.8610229492188,0.10356967151165009,928.964599609375
bike,dune_bayes,2272,900.421630859375,0.08967000246047974,900.5112915039062
bike,dune_bayes,2273,1071.6290283203125,0.09996714442968369,1071.72900390625
bike,dune_bayes,2274,1839.5804443359375,0.08545498549938202,1839.6658935546875
bike,dune_bayes,2275,1839.5804443359375,0.08545498549938202,1839.6658935546875
bike,dune_bayes,2276,1058.3392333984375,0.0835915356874466,1058.4228515625
bike,dune_bayes,2277,698.7752685546875,0.11549175530672073,698.8907470703125
bike,dune_bayes,2278,900.9144897460938,0.09322123229503632,901.0076904296875
bike,dune_bayes,2279,1213.0863037109375,0.07998514920473099,1213.166259765625
bike,dune_bayes,2280,1421.71923828125,0.07646528631448746,1421.795654296875
bike,dune_bayes,2281,1978.094482421875,0.08073791861534119,1978.1751708984375
bike,dune_bayes,2282,2022.1397705078125,0.08211258053779602,2022.221923828125
bike,dune_bayes,2283,941.2022705078125,0.09561999887228012,941.2979125976562
bike,dune_bayes,2284,1038.43212890625,0.09025990217924118,1038.5223388671875
bike,dune_bayes,2285,1475.83984375,0.10320121049880981,1475.9429931640625
bike,dune_bayes,2286,1534.3662109375,0.0919446349143982,1534.4581298828125
bike,dune_bayes,2287,1743.2027587890625,0.14812025427818298,1743.350830078125
bike,dune_bayes,2288,920.3896484375,0.10093674063682556,920.4906005859375
bike,dune_bayes,2289,857.5853881835938,0.09194952249526978,857.6773681640625
bike,dune_bayes,2290,1003.8048706054688,0.10148712992668152,1003.9063720703125
bike,dune_bayes,2291,785.8685302734375,0.09652651101350784,785.9650268554688
bike,dune_bayes,2292,703.2261352539062,0.11090704053640366,703.3370361328125
bike,dune_bayes,2293,656.0548095703125,0.16120870411396027,656.2160034179688
bike,dune_bayes,2294,930.4100952148438,0.1213049590587616,930.5313720703125
bike,dune_bayes,2295,857.8829956054688,0.09768939763307571,857.980712890625
bike,dune_bayes,2296,824.5639038085938,0.09932392090559006,824.6632080078125
bike,dune_bayes,2297,946.7675170898438,0.0877438634634018,946.8552856445312
bike,dune_bayes,2298,957.9013061523438,0.08883528411388397,957.9901123046875
bike,dune_bayes,2299,1948.855712890625,0.0900481566786766,1948.94580078125
bike,dune_bayes,2300,1774.93994140625,0.08847501128911972,1775.0284423828125
bike,dune_bayes,2301,1599.1195068359375,0.08924365788698196,1599.208740234375
bike,dune_bayes,2302,1505.855224609375,0.09040781855583191,1505.9456787109375
bike,dune_bayes,2303,917.9625854492188,0.09141431003808975,918.0540161132812
bike,dune_bayes,2304,936.625244140625,0.10497259348630905,936.730224609375
bike,dune_bayes,2305,1238.8695068359375,0.10032175481319427,1238.9698486328125
bike,dune_bayes,2306,2167.0615234375,0.10984481871128082,2167.17138671875
bike,dune_bayes,2307,1382.7330322265625,0.0816378965973854,1382.814697265625
bike,dune_bayes,2308,1435.1424560546875,0.07966382801532745,1435.22216796875
bike,dune_bayes,2309,1058.3392333984375,0.0835915356874466,1058.4228515625
bike,dune_bayes,2310,948.0693969726562,0.0878206342458725,948.1572265625
bike,dune_bayes,2311,1107.9259033203125,0.08468669652938843,1108.0106201171875
bike,dune_bayes,2312,1283.8382568359375,0.07991619408130646,1283.918212890625
bike,dune_bayes,2313,1186.5694580078125,0.09731574356555939,1186.666748046875
bike,dune_bayes,2314,1265.2060546875,0.07991348952054977,1265.2860107421875
bike,dune_bayes,2315,1012.9098510742188,0.08717919141054153,1012.9970092773438
bike,dune_bayes,2316,1510.8599853515625,0.10903890430927277,1510.968994140625
bike,dune_bayes,2317,1558.3232421875,0.08593988418579102,1558.4091796875
bike,dune_bayes,2318,1691.4630126953125,0.11753719300031662,1691.58056640625
bike,dune_bayes,2319,1695.64599609375,0.09812751412391663,1695.744140625
bike,dune_bayes,2320,2096.65673828125,0.11528598517179489,2096.77197265625
bike,dune_bayes,2321,1204.5421142578125,0.09465806186199188,1204.63671875
bike,dune_bayes,2322,1045.7537841796875,0.11404203623533249,1045.8677978515625
bike,dune_bayes,2323,1047.0958251953125,0.11163221299648285,1047.2073974609375
bike,dune_bayes,2324,756.22412109375,0.0962366908788681,756.3203735351562
bike,dune_bayes,2325,592.8889770507812,0.09992194175720215,592.9888916015625
bike,dune_bayes,2326,1439.4652099609375,0.11570924520492554,1439.5809326171875
bike,dune_bayes,2327,1869.043701171875,0.10796291381120682,1869.151611328125
bike,dune_bayes,2328,1121.9447021484375,0.08103390038013458,1122.0257568359375
bike,dune_bayes,2329,1027.5733642578125,0.08269846439361572,1027.656005859375
bike,dune_bayes,2330,1237.345703125,0.08400120586156845,1237.4296875
bike,dune_bayes,2331,1520.719970703125,0.0775812640786171,1520.797607421875
bike,dune_bayes,2332,1534.9884033203125,0.07980886101722717,1535.0682373046875
bike,dune_bayes,2333,1402.84423828125,0.07713139802217484,1402.92138671875
bike,dune_bayes,2334,1221.9066162109375,0.0832066535949707,1221.9898681640625
bike,dune_bayes,2335,1092.466552734375,0.0872294008731842,1092.5538330078125
bike,dune_bayes,2336,1743.8277587890625,0.08547709137201309,1743.9132080078125
bike,dune_bayes,2337,1902.049072265625,0.0810704305768013,1902.130126953125
bike,dune_bayes,2338,2046.3907470703125,0.0830044150352478,2046.4737548828125
bike,dune_bayes,2339,2166.50244140625,0.08571835607290268,2166.588134765625
bike,dune_bayes,2340,1895.9217529296875,0.08144921064376831,1896.003173828125
bike,dune_bayes,2341,1747.4644775390625,0.07819001376628876,1747.542724609375
bike,dune_bayes,2342,1179.46533203125,0.0877685397863388,1179.5531005859375
bike,dune_bayes,2343,1487.7900390625,0.08252925425767899,1487.87255859375
bike,dune_bayes,2344,986.7944946289062,0.09137044101953506,986.8858642578125
bike,dune_bayes,2345,1857.8076171875,0.08194401860237122,1857.8895263671875
bike,dune_bayes,2346,1137.416259765625,0.08870068937540054,1137.5050048828125
bike,dune_bayes,2347,1123.076171875,0.08748522400856018,1123.1636962890625
bike,dune_bayes,2348,981.5787353515625,0.10875606536865234,981.6875
bike,dune_bayes,2349,909.3961181640625,0.11688882857561111,909.5130004882812
bike,dune_bayes,2350,853.7382202148438,0.10306248813867569,853.84130859375
bike,dune_bayes,2351,1151.7060546875,0.09645865857601166,1151.802490234375
bike,dune_bayes,2352,993.30029296875,0.10048545151948929,993.4007568359375
bike,dune_bayes,2353,918.1023559570312,0.0930887833237648,918.1954345703125
bike,dune_bayes,2354,946.1155395507812,0.09425873309373856,946.2097778320312
bike,dune_bayes,2355,802.0904541015625,0.09741412848234177,802.1878662109375
bike,dune_bayes,2356,918.1023559570312,0.0930887833237648,918.1954345703125
bike,dune_bayes,2357,1285.23583984375,0.09244382381439209,1285.3282470703125
bike,dune_bayes,2358,1260.3719482421875,0.11045568436384201,1260.482421875
bike,dune_bayes,2359,1331.768798828125,0.08877159655094147,1331.8575439453125
bike,dune_bayes,2360,1351.1495361328125,0.08875159174203873,1351.23828125
bike,dune_bayes,2361,1148.3372802734375,0.08918918669223785,1148.426513671875
bike,dune_bayes,2362,1824.293212890625,0.08243824541568756,1824.3756103515625
bike,dune_bayes,2363,1684.896484375,0.08021612465381622,1684.9766845703125
bike,dune_bayes,2364,1396.7113037109375,0.08698688447475433,1396.79833984375
bike,dune_bayes,2365,1086.5450439453125,0.08867751061916351,1086.6336669921875
bike,dune_bayes,2366,1117.6197509765625,0.1058114543557167,1117.7255859375
bike,dune_bayes,2367,1905.2152099609375,0.08170382678508759,1905.296875
bike,dune_bayes,2368,1948.82275390625,0.07958328723907471,1948.90234375
bike,dune_bayes,2369,1093.39404296875,0.08315522223711014,1093.4771728515625
bike,dune_bayes,2370,1261.042236328125,0.08752194792032242,1261.1297607421875
bike,dune_bayes,2371,1221.3843994140625,0.08819596469402313,1221.47265625
bike,dune_bayes,2372,1348.6387939453125,0.09662020951509476,1348.7354736328125
bike,dune_bayes,2373,2104.003662109375,0.13092100620269775,2104.134521484375
bike,dune_bayes,2374,1542.948974609375,0.08225306868553162,1543.03125
bike,dune_bayes,2375,1487.9344482421875,0.07946369796991348,1488.013916015625
bike,dune_bayes,2376,1913.310302734375,0.09689980745315552,1913.4072265625
bike,dune_bayes,2377,1995.0037841796875,0.08696958422660828,1995.0906982421875
bike,dune_bayes,2378,2264.448974609375,0.10325384885072708,2264.55224609375
bike,dune_bayes,2379,2303.17822265625,0.0943814069032669,2303.272705078125
bike,dune_bayes,2380,2142.88720703125,0.09019231796264648,2142.977294921875
bike,dune_bayes,2381,2036.1915283203125,0.09064315259456635,2036.2822265625
bike,dune_bayes,2382,1475.2962646484375,0.09129112958908081,1475.3875732421875
bike,dune_bayes,2383,1064.630859375,0.10722362995147705,1064.738037109375
bike,dune_bayes,2384,964.8339233398438,0.08834367990493774,964.9222412109375
bike,dune_bayes,2385,912.547119140625,0.08912394195795059,912.63623046875
bike,dune_bayes,2386,1260.2047119140625,0.1097697988152504,1260.314453125
bike,dune_bayes,2387,1602.37646484375,0.09972240030765533,1602.4761962890625
bike,dune_bayes,2388,1762.58349609375,0.09762700647115707,1762.68115234375
bike,dune_bayes,2389,1268.206298828125,0.08730487525463104,1268.2935791015625
bike,dune_bayes,2390,1213.7462158203125,0.08801354467868805,1213.834228515625
bike,dune_bayes,2391,1424.4417724609375,0.09032737463712692,1424.5321044921875
bike,dune_bayes,2392,1517.3533935546875,0.0932670533657074,1517.4466552734375
bike,dune_bayes,2393,1679.2159423828125,0.09720321744680405,1679.3131103515625
bike,dune_bayes,2394,1573.390380859375,0.09146516025066376,1573.4818115234375
bike,dune_bayes,2395,1731.6121826171875,0.083184152841568,1731.6953125
bike,dune_bayes,2396,1735.5694580078125,0.08522304147481918,1735.6546630859375
bike,dune_bayes,2397,1564.2130126953125,0.09059145301580429,1564.3035888671875
bike,dune_bayes,2398,965.9876098632812,0.09211916476488113,966.0797119140625
bike,dune_bayes,2399,1506.3572998046875,0.0807860791683197,1506.4381103515625
bike,dune_bayes,2400,1082.3680419921875,0.09317702054977417,1082.461181640625
bike,dune_bayes,2401,1706.1064453125,0.07940485328435898,1706.185791015625
bike,dune_bayes,2402,1651.53515625,0.0830087810754776,1651.6181640625
bike,dune_bayes,2403,1065.1416015625,0.09112340956926346,1065.232666015625
bike,dune_bayes,2404,942.037353515625,0.09592787176370621,942.13330078125
bike,dune_bayes,2405,1322.638671875,0.08266360312700272,1322.7213134765625
bike,dune_bayes,2406,1577.654296875,0.09918901324272156,1577.7535400390625
bike,dune_bayes,2407,1938.8349609375,0.10514362156391144,1938.9400634765625
bike,dune_bayes,2408,2046.3907470703125,0.0830044150352478,2046.4737548828125
bike,dune_bayes,2409,1327.709228515625,0.08566781133413315,1327.794921875
bike,dune_bayes,2410,1322.638671875,0.08266360312700272,1322.7213134765625
bike,dune_bayes,2411,1527.810791015625,0.09029241651296616,1527.901123046875
bike,dune_bayes,2412,1650.2364501953125,0.11649737507104874,1650.3529052734375
bike,dune_bayes,2413,1837.427734375,0.07901198416948318,1837.5067138671875
bike,dune_bayes,2414,2206.6044921875,0.08727282285690308,2206.691650390625
bike,dune_bayes,2415,1599.578369140625,0.07967869937419891,1599.6580810546875
bike,dune_bayes,2416,2004.91943359375,0.08155738562345505,2005.0009765625
bike,dune_bayes,2417,2209.01611328125,0.08945118635892868,2209.10546875
bike,dune_bayes,2418,1359.4998779296875,0.08770738542079926,1359.5875244140625
bike,dune_bayes,2419,1636.0556640625,0.10098861157894135,1636.1566162109375
bike,dune_bayes,2420,1791.9473876953125,0.10052454471588135,1792.0478515625
bike,dune_bayes,2421,1432.3349609375,0.11289864778518677,1432.4478759765625
bike,dune_bayes,2422,1468.45751953125,0.11376652866601944,1468.5712890625
bike,dune_bayes,2423,1011.010009765625,0.09129743278026581,1011.101318359375
bike,dune_bayes,2424,1380.6612548828125,0.08770181238651276,1380.7489013671875
bike,dune_bayes,2425,1893.199951171875,0.10862156748771667,1893.30859375
bike,dune_bayes,2426,1875.3758544921875,0.11252768337726593,1875.4884033203125
bike,dune_bayes,2427,1375.9471435546875,0.11726073175668716,1376.064453125
bike,dune_bayes,2428,1160.1414794921875,0.09652109444141388,1160.238037109375
bike,dune_bayes,2429,1253.085205078125,0.0846186950802803,1253.1697998046875
bike,dune_bayes,2430,1299.4013671875,0.08820341527462006,1299.4896240234375
bike,dune_bayes,2431,1550.841796875,0.08378168940544128,1550.925537109375
bike,dune_bayes,2432,1179.46533203125,0.0877685397863388,1179.5531005859375
bike,dune_bayes,2433,1721.426513671875,0.08257944136857986,1721.509033203125
bike,dune_bayes,2434,1419.1756591796875,0.08319897949695587,1419.2589111328125
bike,dune_bayes,2435,1148.75830078125,0.09104251116514206,1148.849365234375
bike,dune_bayes,2436,1089.922119140625,0.10535281151533127,1090.0274658203125
bike,dune_bayes,2437,1314.640869140625,0.08733388781547546,1314.7281494140625
bike,dune_bayes,2438,1345.7962646484375,0.10133548080921173,1345.8975830078125
bike,dune_bayes,2439,1508.47265625,0.08143557608127594,1508.5540771484375
bike,dune_bayes,2440,1224.2867431640625,0.09051240980625153,1224.377197265625
bike,dune_bayes,2441,1208.6512451171875,0.08824929594993591,1208.739501953125
bike,dune_bayes,2442,2048.399658203125,0.10122919082641602,2048.5009765625
bike,dune_bayes,2443,2036.68798828125,0.08887598663568497,2036.77685546875
bike,dune_bayes,2444,1668.3287353515625,0.08643608540296555,1668.4151611328125
bike,dune_bayes,2445,1381.0560302734375,0.08392643928527832,1381.1400146484375
bike,dune_bayes,2446,1136.4942626953125,0.09429807215929031,1136.5885009765625
bike,dune_bayes,2447,1148.352783203125,0.0926300436258316,1148.4454345703125
bike,dune_bayes,2448,1156.5430908203125,0.094179667532444,1156.6373291015625
bike,dune_bayes,2449,1438.33837890625,0.08497720956802368,1438.42333984375
bike,dune_bayes,2450,1733.8927001953125,0.08028317987918854,1733.9730224609375
bike,dune_bayes,2451,963.4136352539062,0.10351309180259705,963.5171508789062
bike,dune_bayes,2452,956.0801391601562,0.10163339227437973,956.1817626953125
bike,dune_bayes,2453,1095.0172119140625,0.1003984585404396,1095.1175537109375
bike,dune_bayes,2454,1244.4976806640625,0.0927213802933693,1244.5904541015625
bike,dune_bayes,2455,1132.3790283203125,0.10031043738126755,1132.4793701171875
bike,dune_bayes,2456,1655.813720703125,0.09773939102888107,1655.9114990234375
bike,dune_bayes,2457,1689.0657958984375,0.10120891779661179,1689.1669921875
bike,dune_bayes,2458,1814.2447509765625,0.10675421357154846,1814.3515625
bike,dune_bayes,2459,1862.2750244140625,0.10956507176160812,1862.3846435546875
bike,dune_bayes,2460,1655.813720703125,0.09773939102888107,1655.9114990234375
bike,dune_bayes,2461,1656.997802734375,0.09678441286087036,1657.0946044921875
bike,dune_bayes,2462,1089.002197265625,0.09417359530925751,1089.0963134765625
bike,dune_bayes,2463,1796.7291259765625,0.11074134707450867,1796.83984375
bike,dune_bayes,2464,1483.560302734375,0.0859617367386818,1483.646240234375
bike,dune_bayes,2465,1468.5887451171875,0.08477374911308289,1468.6734619140625
bike,dune_bayes,2466,1720.54833984375,0.08609842509031296,1720.6343994140625
bike,dune_bayes,2467,2242.60302734375,0.11291327327489853,2242.7158203125
bike,dune_bayes,2468,1848.197998046875,0.1403811126947403,1848.33837890625
bike,dune_bayes,2469,965.4192504882812,0.1154186800122261,965.53466796875
bike,dune_bayes,2470,1036.8839111328125,0.09947055578231812,1036.9833984375
bike,dune_bayes,2471,2000.11181640625,0.08175686001777649,2000.193603515625
bike,dune_bayes,2472,1622.8955078125,0.08221369981765747,1622.9776611328125
bike,dune_bayes,2473,1548.8961181640625,0.07999514788389206,1548.97607421875
bike,dune_bayes,2474,1578.0712890625,0.08316431939601898,1578.1544189453125
bike,dune_bayes,2475,1662.697265625,0.08341974020004272,1662.7806396484375
bike,dune_bayes,2476,2233.87451171875,0.1108950823545456,2233.9853515625
bike,dune_bayes,2477,2349.268310546875,0.09086828678846359,2349.359130859375
bike,dune_bayes,2478,2241.0791015625,0.08802228420972824,2241.167236328125
bike,dune_bayes,2479,2043.8173828125,0.08221065998077393,2043.8995361328125
bike,dune_bayes,2480,1405.51123046875,0.08486564457416534,1405.5960693359375
bike,dune_bayes,2481,1491.798828125,0.09049677103757858,1491.8892822265625
bike,dune_bayes,2482,1625.416748046875,0.09015461057424545,1625.5069580078125
bike,dune_bayes,2483,1810.0228271484375,0.08832007646560669,1810.1112060546875
bike,dune_bayes,2484,936.8836059570312,0.09789367020130157,936.9815063476562
bike,dune_bayes,2485,1174.6395263671875,0.09265979379415512,1174.732177734375
bike,dune_bayes,2486,1374.335205078125,0.09067174047231674,1374.4259033203125
bike,dune_bayes,2487,1594.8321533203125,0.0977349504828453,1594.929931640625
bike,dune_bayes,2488,1518.165283203125,0.0922742486000061,1518.257568359375
bike,dune_bayes,2489,808.8041381835938,0.09570063650608063,808.8998413085938
bike,dune_bayes,2490,1233.189208984375,0.09211822599172592,1233.2813720703125
bike,dune_bayes,2491,1955.2239990234375,0.11071596294641495,1955.334716796875
bike,dune_bayes,2492,1783.3673095703125,0.09730185568332672,1783.464599609375
bike,dune_bayes,2493,1591.186767578125,0.07570964843034744,1591.262451171875
bike,dune_bayes,2494,1239.137939453125,0.09775692969560623,1239.2357177734375
bike,dune_bayes,2495,2114.91943359375,0.13615338504314423,2115.0556640625
bike,dune_bayes,2496,2160.521240234375,0.09260131418704987,2160.61376953125
bike,dune_bayes,2497,2130.536865234375,0.12393689155578613,2130.660888671875
bike,dune_bayes,2498,2143.31396484375,0.10928744077682495,2143.42333984375
bike,dune_bayes,2499,1780.1951904296875,0.08360837399959564,1780.27880859375
bike,dune_bayes,2500,1215.0574951171875,0.08923711627721786,1215.146728515625
bike,dune_bayes,2501,1675.4150390625,0.07600776106119156,1675.4910888671875
bike,dune_bayes,2502,1734.176025390625,0.10100313276052475,1734.2769775390625
bike,dune_bayes,2503,1796.8232421875,0.07879069447517395,1796.9019775390625
bike,dune_bayes,2504,1657.1314697265625,0.08041707426309586,1657.2119140625
bike,dune_bayes,2505,1239.137939453125,0.09775692969560623,1239.2357177734375
bike,dune_bayes,2506,1524.527587890625,0.08105841279029846,1524.608642578125
bike,dune_bayes,2507,1902.6458740234375,0.08666355907917023,1902.7325439453125
bike,dune_bayes,2508,1530.9122314453125,0.08190411329269409,1530.994140625
bike,dune_bayes,2509,2250.64501953125,0.0929257944226265,2250.738037109375
bike,dune_bayes,2510,2290.62109375,0.09431672841310501,2290.71533203125
bike,dune_bayes,2511,2200.55615234375,0.09397498518228531,2200.650146484375
bike,dune_bayes,2512,1270.5894775390625,0.08136634528636932,1270.6708984375
bike,dune_bayes,2513,1560.9720458984375,0.08129861205816269,1561.0533447265625
bike,dune_bayes,2514,1810.680908203125,0.07760404050350189,1810.758544921875
bike,dune_bayes,2515,2030.7197265625,0.08401097357273102,2030.8037109375
bike,dune_bayes,2516,2265.116943359375,0.09973548352718353,2265.216796875
bike,dune_bayes,2517,2390.2099609375,0.09226948767900467,2390.30224609375
bike,dune_bayes,2518,2372.634521484375,0.09214213490486145,2372.7265625
bike,dune_bayes,2519,2235.1826171875,0.09004537016153336,2235.272705078125
bike,dune_bayes,2520,2022.84521484375,0.08686470240354538,2022.93212890625
bike,dune_bayes,2521,1762.470458984375,0.1247672513127327,1762.59521484375
bike,dune_bayes,2522,2286.6669921875,0.12587907910346985,2286.79296875
bike,dune_bayes,2523,1491.816650390625,0.09269803762435913,1491.9093017578125
bike,dune_bayes,2524,1290.5030517578125,0.0962018072605133,1290.5992431640625
bike,dune_bayes,2525,1225.024169921875,0.09579399228096008,1225.1199951171875
bike,dune_bayes,2526,1187.8260498046875,0.09801526367664337,1187.924072265625
bike,dune_bayes,2527,2172.2353515625,0.11865457147359848,2172.35400390625
bike,dune_bayes,2528,1536.013916015625,0.09878764301538467,1536.1126708984375
bike,dune_bayes,2529,1381.0560302734375,0.08392643928527832,1381.1400146484375
bike,dune_bayes,2530,2345.94287109375,0.10832496732473373,2346.05126953125
bike,dune_bayes,2531,1706.1064453125,0.07940485328435898,1706.185791015625
bike,dune_bayes,2532,1253.358642578125,0.09761326760053635,1253.456298828125
bike,dune_bayes,2533,1380.4105224609375,0.0876845270395279,1380.4981689453125
bike,dune_bayes,2534,1311.7235107421875,0.09366647154092789,1311.817138671875
bike,dune_bayes,2535,2125.4833984375,0.11500433832406998,2125.598388671875
bike,dune_bayes,2536,2287.447998046875,0.11963045597076416,2287.567626953125
bike,dune_bayes,2537,1931.320556640625,0.08725465834140778,1931.4078369140625
bike,dune_bayes,2538,1927.07177734375,0.08521159738302231,1927.156982421875
bike,dune_bayes,2539,1770.814208984375,0.07781249284744263,1770.8919677734375
bike,dune_bayes,2540,1724.19677734375,0.07806220650672913,1724.2747802734375
bike,dune_bayes,2541,1873.8167724609375,0.08180585503578186,1873.8985595703125
bike,dune_bayes,2542,2155.18896484375,0.09246610105037689,2155.281494140625
bike,dune_bayes,2543,1192.281494140625,0.08375818282365799,1192.365234375
bike,dune_bayes,2544,1192.281494140625,0.08375818282365799,1192.365234375
bike,dune_bayes,2545,1782.337646484375,0.07759987562894821,1782.415283203125
bike,dune_bayes,2546,1948.82275390625,0.07958328723907471,1948.90234375
bike,dune_bayes,2547,2060.873291015625,0.082648865878582,2060.9560546875
bike,dune_bayes,2548,2228.56591796875,0.08676575124263763,2228.652587890625
bike,dune_bayes,2549,1653.1280517578125,0.09318073093891144,1653.22119140625
bike,dune_bayes,2550,1931.447998046875,0.10499993711709976,1931.552978515625
bike,dune_bayes,2551,1805.981201171875,0.09819573163986206,1806.079345703125
bike,dune_bayes,2552,1554.888427734375,0.09853212535381317,1554.9869384765625
bike,dune_bayes,2553,1190.572509765625,0.09047278761863708,1190.6629638671875
bike,dune_bayes,2554,1662.9837646484375,0.09443038702011108,1663.0782470703125
bike,dune_bayes,2555,1573.390380859375,0.09146516025066376,1573.4818115234375
bike,dune_bayes,2556,1319.6278076171875,0.08795391023159027,1319.7158203125
bike,dune_bayes,2557,1025.85791015625,0.08834034949541092,1025.9462890625
bike,dune_bayes,2558,1178.0013427734375,0.08354528993368149,1178.0848388671875
bike,dune_bayes,2559,1192.8131103515625,0.0847511738538742,1192.8978271484375
bike,dune_bayes,2560,1514.330078125,0.07690863311290741,1514.406982421875
bike,dune_bayes,2561,1530.697998046875,0.07760719954967499,1530.775634765625
bike,dune_bayes,2562,1457.3201904296875,0.0790165513753891,1457.399169921875
bike,dune_bayes,2563,1542.333984375,0.07814458757638931,1542.412109375
bike,dune_bayes,2564,1468.5810546875,0.07956605404615402,1468.66064453125
bike,dune_bayes,2565,1298.244384765625,0.08509568870067596,1298.3294677734375
bike,dune_bayes,2566,1434.8614501953125,0.08551499247550964,1434.947021484375
bike,dune_bayes,2567,1578.395751953125,0.08073023706674576,1578.4764404296875
bike,dune_bayes,2568,1876.987548828125,0.08632547408342361,1877.0738525390625
bike,dune_bayes,2569,2080.266845703125,0.08637948334217072,2080.353271484375
bike,dune_bayes,2570,1276.671875,0.0920003280043602,1276.763916015625
bike,dune_bayes,2571,1144.6317138671875,0.09584502875804901,1144.7275390625
bike,dune_bayes,2572,2198.688720703125,0.11684105545282364,2198.8056640625
bike,dune_bayes,2573,2135.512939453125,0.09180619567632675,2135.604736328125
bike,dune_bayes,2574,1882.4566650390625,0.08737931400537491,1882.5440673828125
bike,dune_bayes,2575,1523.1090087890625,0.10452035069465637,1523.2135009765625
bike,dune_bayes,2576,2109.780517578125,0.09213421493768692,2109.87255859375
bike,dune_bayes,2577,2130.949462890625,0.08678550273180008,2131.0361328125
bike,dune_bayes,2578,1981.5372314453125,0.08398309350013733,1981.6212158203125
bike,dune_bayes,2579,2058.9677734375,0.08518464118242264,2059.052978515625
bike,dune_bayes,2580,1773.7969970703125,0.08629119396209717,1773.88330078125
bike,dune_bayes,2581,1606.499267578125,0.08154801279306412,1606.580810546875
bike,dune_bayes,2582,1077.7060546875,0.09792612493038177,1077.803955078125
bike,dune_bayes,2583,1026.253662109375,0.10320331901311874,1026.3568115234375
bike,dune_bayes,2584,2179.83251953125,0.12587305903434753,2179.95849609375
bike,dune_bayes,2585,2220.6025390625,0.12295067310333252,2220.7255859375
bike,dune_bayes,2586,2182.327880859375,0.1161964163184166,2182.444091796875
bike,dune_bayes,2587,1255.73876953125,0.11269184201955795,1255.8514404296875
bike,dune_bayes,2588,1374.9300537109375,0.0907561331987381,1375.020751953125
bike,dune_bayes,2589,2061.868408203125,0.10931681841611862,2061.977783203125
bike,dune_bayes,2590,1775.9718017578125,0.08150923997163773,1776.0533447265625
bike,dune_bayes,2591,1508.47265625,0.08143557608127594,1508.5540771484375
bike,dune_bayes,2592,2314.2509765625,0.10196536034345627,2314.35302734375
bike,dune_bayes,2593,2266.18359375,0.09075157344341278,2266.2744140625
bike,dune_bayes,2594,2484.025390625,0.11919136345386505,2484.14453125
bike,dune_bayes,2595,2168.98779296875,0.0991339311003685,2169.0869140625
bike,dune_bayes,2596,1835.66796875,0.08581376075744629,1835.7537841796875
bike,dune_bayes,2597,1839.80419921875,0.08786667883396149,1839.89208984375
bike,dune_bayes,2598,1911.9005126953125,0.11162173748016357,1912.0120849609375
bike,dune_bayes,2599,2391.469970703125,0.13564433157444,2391.605712890625
bike,dune_bayes,2600,2404.98193359375,0.1240646168589592,2405.10595703125
bike,dune_bayes,2601,2004.91943359375,0.08155738562345505,2005.0009765625
bike,dune_bayes,2602,1906.8790283203125,0.08570670336484909,1906.9647216796875
bike,dune_bayes,2603,2000.1962890625,0.0997048020362854,2000.2960205078125
bike,dune_bayes,2604,2037.6551513671875,0.09451588988304138,2037.7496337890625
bike,dune_bayes,2605,2237.693603515625,0.08952680230140686,2237.783203125
bike,dune_bayes,2606,2451.119140625,0.10140567272901535,2451.220458984375
bike,dune_bayes,2607,2583.385986328125,0.13824571669101715,2583.524169921875
bike,dune_bayes,2608,2597.967041015625,0.1236749067902565,2598.0908203125
bike,dune_bayes,2609,2536.115478515625,0.10915454477071762,2536.224609375
bike,dune_bayes,2610,2484.766357421875,0.10718279331922531,2484.87353515625
bike,dune_bayes,2611,1848.63671875,0.08475738763809204,1848.721435546875
bike,dune_bayes,2612,1628.68994140625,0.08050715178251266,1628.7705078125
bike,dune_bayes,2613,2584.351806640625,0.10486265271902084,2584.456787109375
bike,dune_bayes,2614,2630.37841796875,0.11330612748861313,2630.49169921875
bike,dune_bayes,2615,2616.83203125,0.10202368348836899,2616.93408203125
bike,dune_bayes,2616,2012.63427734375,0.08303021639585495,2012.71728515625
bike,dune_bayes,2617,2036.90625,0.08348757028579712,2036.98974609375
bike,dune_bayes,2618,2027.2642822265625,0.08270291239023209,2027.3470458984375
bike,dune_bayes,2619,1909.741455078125,0.08078896999359131,1909.822265625
bike,dune_bayes,2620,1733.8927001953125,0.08028317987918854,1733.9730224609375
bike,dune_bayes,2621,1806.08447265625,0.07984159141778946,1806.164306640625
bike,dune_bayes,2622,2453.491455078125,0.09997009485960007,2453.59130859375
bike,dune_bayes,2623,2456.3896484375,0.0986039936542511,2456.48828125
bike,dune_bayes,2624,2287.223388671875,0.09284169226884842,2287.316162109375
bike,dune_bayes,2625,981.4892578125,0.10231068730354309,981.591552734375
bike,dune_bayes,2626,2074.05078125,0.11490374058485031,2074.165771484375
bike,dune_bayes,2627,1784.782470703125,0.10258641093969345,1784.885009765625
bike,dune_bayes,2628,1263.304443359375,0.10313664376735687,1263.4075927734375
bike,dune_bayes,2629,1555.8575439453125,0.12258344888687134,1555.9801025390625
bike,dune_bayes,2630,2011.7945556640625,0.11645511537790298,2011.9110107421875
bike,dune_bayes,2631,2063.396728515625,0.11205916851758957,2063.5087890625
bike,dune_bayes,2632,2135.382568359375,0.1198934018611908,2135.50244140625
bike,dune_bayes,2633,1952.701171875,0.10924931615591049,1952.8104248046875
bike,dune_bayes,2634,1960.8997802734375,0.08278459310531616,1960.9825439453125
bike,dune_bayes,2635,2387.674560546875,0.09605561941862106,2387.7705078125
bike,dune_bayes,2636,2168.447021484375,0.08828027546405792,2168.535400390625
bike,dune_bayes,2637,2114.579833984375,0.08656169474124908,2114.66650390625
bike,dune_bayes,2638,1706.8287353515625,0.10163915157318115,1706.930419921875
bike,dune_bayes,2639,1767.4263916015625,0.0870487168431282,1767.513427734375
bike,dune_bayes,2640,2442.677978515625,0.09529078751802444,2442.773193359375
bike,dune_bayes,2641,2535.157470703125,0.10280708223581314,2535.26025390625
bike,dune_bayes,2642,2611.406982421875,0.10226936638355255,2611.50927734375
bike,dune_bayes,2643,2467.432861328125,0.09700020402669907,2467.52978515625
bike,dune_bayes,2644,1139.88037109375,0.11626040190458298,1139.99658203125
bike,dune_bayes,2645,1081.46728515625,0.10027416050434113,1081.5675048828125
bike,dune_bayes,2646,1673.3909912109375,0.12330155074596405,1673.5142822265625
bike,dune_bayes,2647,2019.700439453125,0.10990238934755325,2019.810302734375
bike,dune_bayes,2648,1977.0653076171875,0.08120257407426834,1977.146484375
bike,dune_bayes,2649,1802.409912109375,0.10379700362682343,1802.513671875
bike,dune_bayes,2650,2536.613037109375,0.11644894629716873,2536.7294921875
bike,dune_bayes,2651,2554.693603515625,0.1029088944196701,2554.796630859375
bike,dune_bayes,2652,2476.416259765625,0.10919173061847687,2476.525390625
bike,dune_bayes,2653,2366.365966796875,0.09361376613378525,2366.45947265625
bike,dune_bayes,2654,1955.5174560546875,0.08726059645414352,1955.604736328125
bike,dune_bayes,2655,1859.6651611328125,0.08512455224990845,1859.750244140625
bike,dune_bayes,2656,1711.33447265625,0.08359082788228989,1711.4180908203125
bike,dune_bayes,2657,1808.7991943359375,0.08365683257579803,1808.8828125
bike,dune_bayes,2658,1789.3778076171875,0.08245369046926498,1789.460205078125
bike,dune_bayes,2659,2251.92041015625,0.08894823491573334,2252.00927734375
bike,dune_bayes,2660,2075.16162109375,0.08793065696954727,2075.24951171875
bike,dune_bayes,2661,1433.626953125,0.09909321367740631,1433.72607421875
bike,dune_bayes,2662,1632.408447265625,0.10183368623256683,1632.51025390625
bike,dune_bayes,2663,2058.47998046875,0.1130535826086998,2058.593017578125
bike,dune_bayes,2664,1741.944580078125,0.10331878811120987,1742.0478515625
bike,dune_bayes,2665,2088.009521484375,0.12132074683904648,2088.130859375
bike,dune_bayes,2666,2083.541015625,0.11930274218320847,2083.660400390625
bike,dune_bayes,2667,1070.322265625,0.10553975403308868,1070.4278564453125
bike,dune_bayes,2668,1226.0804443359375,0.09688197821378708,1226.1773681640625
bike,dune_bayes,2669,1289.429931640625,0.09336448460817337,1289.5233154296875
bike,dune_bayes,2670,1286.284423828125,0.11738166213035583,1286.40185546875
bike,dune_bayes,2671,1355.042724609375,0.08679413050413132,1355.1295166015625
bike,dune_bayes,2672,2193.28955078125,0.08669333159923553,2193.376220703125
bike,dune_bayes,2673,2323.240966796875,0.09530501067638397,2323.336181640625
bike,dune_bayes,2674,1886.0213623046875,0.08718585968017578,1886.1085205078125
bike,dune_bayes,2675,1827.23876953125,0.08433770388364792,1827.3231201171875
bike,dune_bayes,2676,1537.1641845703125,0.08437898755073547,1537.24853515625
bike,dune_bayes,2677,1415.1673583984375,0.08615723252296448,1415.2535400390625
bike,dune_bayes,2678,1888.6893310546875,0.08288511633872986,1888.772216796875
bike,dune_bayes,2679,1600.8814697265625,0.08445106446743011,1600.9659423828125
bike,dune_bayes,2680,1344.4129638671875,0.08720934391021729,1344.5001220703125
bike,dune_bayes,2681,1068.2142333984375,0.11173203587532043,1068.325927734375
bike,dune_bayes,2682,1068.2142333984375,0.11173203587532043,1068.325927734375
bike,dune_bayes,2683,1179.11328125,0.09176120907068253,1179.205078125
bike,dune_bayes,2684,1179.11328125,0.09176120907068253,1179.205078125
bike,dune_bayes,2685,2237.488525390625,0.08856873959302902,2237.5771484375
bike,dune_bayes,2686,2321.85107421875,0.09022549539804459,2321.94140625
bike,dune_bayes,2687,2440.257568359375,0.09458693861961365,2440.35205078125
bike,dune_bayes,2688,1577.654296875,0.09918901324272156,1577.7535400390625
bike,dune_bayes,2689,1434.8614501953125,0.08551499247550964,1434.947021484375
bike,dune_bayes,2690,1680.1278076171875,0.08059852570295334,1680.2083740234375
bike,dune_bayes,2691,2279.06298828125,0.09150238335132599,2279.154541015625
bike,dune_bayes,2692,2121.06396484375,0.08474762737751007,2121.148681640625
bike,dune_bayes,2693,1882.9893798828125,0.1041450947523117,1883.093505859375
bike,dune_bayes,2694,1106.70166015625,0.10024666786193848,1106.8018798828125
bike,dune_bayes,2695,1503.801513671875,0.10292740911245346,1503.9044189453125
bike,dune_bayes,2696,1720.8162841796875,0.10070070624351501,1720.9169921875
bike,dune_bayes,2697,1298.0418701171875,0.11986323446035385,1298.1617431640625
bike,dune_bayes,2698,1213.17822265625,0.10156429558992386,1213.27978515625
bike,dune_bayes,2699,1070.322265625,0.10553975403308868,1070.4278564453125
bike,dune_bayes,2700,1024.230224609375,0.1047343984246254,1024.3349609375
bike,dune_bayes,2701,1709.511474609375,0.15258292853832245,1709.6640625
bike,dune_bayes,2702,1213.17822265625,0.10156429558992386,1213.27978515625
bike,dune_bayes,2703,1510.2379150390625,0.08678232133388519,1510.32470703125
bike,dune_bayes,2704,1596.38330078125,0.08777546882629395,1596.4710693359375
bike,dune_bayes,2705,1710.4647216796875,0.08600768446922302,1710.55078125
bike,dune_bayes,2706,1542.5377197265625,0.09043362736701965,1542.628173828125
bike,dune_bayes,2707,1523.1090087890625,0.10452035069465637,1523.2135009765625
bike,dune_bayes,2708,2201.93603515625,0.0886700227856636,2202.024658203125
bike,dune_bayes,2709,2535.72900390625,0.10112252831459045,2535.830078125
bike,dune_bayes,2710,1639.342041015625,0.08372186124324799,1639.42578125
bike,dune_bayes,2711,2130.301025390625,0.11504074186086655,2130.416015625
bike,dune_bayes,2712,1824.12353515625,0.08596492558717728,1824.20947265625
bike,dune_bayes,2713,1745.061767578125,0.08711613714694977,1745.14892578125
bike,dune_bayes,2714,1687.4017333984375,0.10375846177339554,1687.5054931640625
bike,dune_bayes,2715,1860.5382080078125,0.08796785026788712,1860.626220703125
bike,dune_bayes,2716,1695.0062255859375,0.08765700459480286,1695.0938720703125
bike,dune_bayes,2717,1715.189453125,0.08260806649923325,1715.2720947265625
bike,dune_bayes,2718,2122.70556640625,0.0942956879734993,2122.7998046875
bike,dune_bayes,2719,2110.1064453125,0.11286196857690811,2110.21923828125
bike,dune_bayes,2720,2343.154052734375,0.09240380674600601,2343.246337890625
bike,dune_bayes,2721,1203.720458984375,0.09259076416492462,1203.8131103515625
bike,dune_bayes,2722,1224.537353515625,0.09140991419553757,1224.6287841796875
bike,dune_bayes,2723,1439.712890625,0.0870915874838829,1439.7999267578125
bike,dune_bayes,2724,1427.304931640625,0.09842555969953537,1427.4033203125
bike,dune_bayes,2725,1103.1729736328125,0.1038019135594368,1103.2767333984375
bike,dune_bayes,2726,963.4146118164062,0.10204487293958664,963.5166625976562
bike,dune_bayes,2727,1058.17578125,0.09707247465848923,1058.2728271484375
bike,dune_bayes,2728,988.9712524414062,0.10296566784381866,989.07421875
bike,dune_bayes,2729,965.5488891601562,0.09942492842674255,965.6483154296875
bike,dune_bayes,2730,950.0537719726562,0.09941425919532776,950.1531982421875
bike,dune_bayes,2731,950.0537719726562,0.09941425919532776,950.1531982421875
bike,dune_bayes,2732,837.5850219726562,0.12046445906162262,837.7055053710938
bike,dune_bayes,2733,1195.2244873046875,0.11346008628606796,1195.337890625
bike,dune_bayes,2734,1390.329833984375,0.09940919280052185,1390.42919921875
bike,dune_bayes,2735,1300.37646484375,0.09661973267793655,1300.47314453125
bike,dune_bayes,2736,1319.3857421875,0.09663590788841248,1319.482421875
bike,dune_bayes,2737,1168.7705078125,0.09666471183300018,1168.8671875
bike,dune_bayes,2738,1117.0537109375,0.0969807431101799,1117.150634765625
bike,dune_bayes,2739,1117.0537109375,0.0969807431101799,1117.150634765625
bike,dune_bayes,2740,1343.1197509765625,0.09049634635448456,1343.210205078125
bike,dune_bayes,2741,2083.642822265625,0.08562606573104858,2083.728515625
bike,dune_bayes,2742,1941.8787841796875,0.08380665630102158,1941.962646484375
bike,dune_bayes,2743,2135.512939453125,0.09180619567632675,2135.604736328125
bike,dune_bayes,2744,1864.4581298828125,0.0818479135632515,1864.5399169921875
bike,dune_bayes,2745,1335.7979736328125,0.08674977719783783,1335.884765625
bike,dune_bayes,2746,1276.671875,0.0920003280043602,1276.763916015625
bike,dune_bayes,2747,1766.25244140625,0.08242443203926086,1766.3348388671875
bike,dune_bayes,2748,1962.0858154296875,0.08967798203229904,1962.175537109375
bike,dune_bayes,2749,1881.9310302734375,0.07987193018198013,1882.0108642578125
bike,dune_bayes,2750,1820.3394775390625,0.08019614219665527,1820.419677734375
bike,dune_bayes,2751,1646.1517333984375,0.07787515223026276,1646.2296142578125
bike,dune_bayes,2752,1668.28173828125,0.07788803428411484,1668.359619140625
bike,dune_bayes,2753,2105.82421875,0.11056039482355118,2105.934814453125
bike,dune_bayes,2754,2105.82421875,0.11056039482355118,2105.934814453125
bike,dune_bayes,2755,2279.316162109375,0.09140096604824066,2279.407470703125
bike,dune_bayes,2756,2189.70458984375,0.08632036298513412,2189.791015625
bike,dune_bayes,2757,1718.0653076171875,0.07981223613023758,1718.1451416015625
bike,dune_bayes,2758,1657.7386474609375,0.0830700471997261,1657.82177734375
bike,dune_bayes,2759,1312.7373046875,0.10693392157554626,1312.84423828125
bike,dune_bayes,2760,2296.06640625,0.1027701124548912,2296.169189453125
bike,dune_bayes,2761,2285.3037109375,0.09601064026355743,2285.399658203125
bike,dune_bayes,2762,1523.917724609375,0.09758984297513962,1524.0152587890625
bike,dune_bayes,2763,1246.25830078125,0.11727546155452728,1246.3756103515625
bike,dune_bayes,2764,1369.1868896484375,0.09766286611557007,1369.2845458984375
bike,dune_bayes,2765,2182.1640625,0.12071588635444641,2182.28466796875
bike,dune_bayes,2766,2046.0986328125,0.11068978905677795,2046.2093505859375
bike,dune_bayes,2767,997.2308959960938,0.12117724865674973,997.35205078125
bike,dune_bayes,2768,1130.40478515625,0.1013578549027443,1130.506103515625
bike,dune_bayes,2769,1372.8016357421875,0.09375403076410294,1372.8953857421875
bike,dune_bayes,2770,1756.0472412109375,0.11171185225248337,1756.158935546875
bike,dune_bayes,2771,1862.330810546875,0.10507029294967651,1862.4359130859375
bike,dune_bayes,2772,1432.2935791015625,0.10042370855808258,1432.39404296875
bike,dune_bayes,2773,1808.7991943359375,0.08365683257579803,1808.8828125
bike,dune_bayes,2774,1876.987548828125,0.08632547408342361,1877.0738525390625
bike,dune_bayes,2775,2104.990478515625,0.08675657957792282,2105.0771484375
bike,dune_bayes,2776,1582.961181640625,0.08323447406291962,1583.04443359375
bike,dune_bayes,2777,1588.5701904296875,0.08585511147975922,1588.656005859375
bike,dune_bayes,2778,1263.703857421875,0.08954709768295288,1263.79345703125
bike,dune_bayes,2779,1381.0560302734375,0.08392643928527832,1381.1400146484375
bike,dune_bayes,2780,1451.64794921875,0.08355335146188736,1451.7314453125
bike,dune_bayes,2781,1470.812744140625,0.08753150701522827,1470.9002685546875
bike,dune_bayes,2782,1404.4080810546875,0.1042090505361557,1404.5123291015625
bike,dune_bayes,2783,1194.3887939453125,0.1078362688422203,1194.49658203125
bike,dune_bayes,2784,1312.7373046875,0.10693392157554626,1312.84423828125
bike,dune_bayes,2785,1534.28564453125,0.0877542719244957,1534.3734130859375
bike,dune_bayes,2786,1845.5421142578125,0.10595115274190903,1845.6480712890625
bike,dune_bayes,2787,2042.28466796875,0.09030807018280029,2042.375
bike,dune_bayes,2788,2283.69091796875,0.09350359439849854,2283.784423828125
bike,dune_bayes,2789,1952.5419921875,0.1276838779449463,1952.669677734375
bike,dune_bayes,2790,1687.115966796875,0.08257171511650085,1687.198486328125
bike,dune_bayes,2791,1335.7979736328125,0.08674977719783783,1335.884765625
bike,dune_bayes,2792,1639.342041015625,0.08372186124324799,1639.42578125
bike,dune_bayes,2793,2109.4384765625,0.08565912395715714,2109.524169921875
bike,dune_bayes,2794,2253.018310546875,0.09544133394956589,2253.11376953125
bike,dune_bayes,2795,2388.618408203125,0.09672818332910538,2388.715087890625
bike,dune_bayes,2796,1854.923095703125,0.08580043911933899,1855.0089111328125
bike,dune_bayes,2797,1127.12646484375,0.10475025326013565,1127.231201171875
bike,dune_bayes,2798,1127.12646484375,0.10475025326013565,1127.231201171875
bike,dune_bayes,2799,1731.36376953125,0.10183320939540863,1731.465576171875
bike,dune_bayes,2800,1477.0572509765625,0.10668271780014038,1477.1639404296875
bike,dune_bayes,2801,1574.0972900390625,0.11180111765861511,1574.2091064453125
bike,dune_bayes,2802,2017.599853515625,0.15297040343284607,2017.7528076171875
bike,dune_bayes,2803,2104.8701171875,0.17394806444644928,2105.0439453125
bike,dune_bayes,2804,1930.44775390625,0.10771334916353226,1930.555419921875
bike,dune_bayes,2805,1190.1077880859375,0.10396246612071991,1190.2117919921875
bike,dune_bayes,2806,1334.6483154296875,0.10791172832250595,1334.7562255859375
bike,dune_bayes,2807,1462.9984130859375,0.08808869123458862,1463.0865478515625
bike,dune_bayes,2808,1483.560302734375,0.0859617367386818,1483.646240234375
bike,dune_bayes,2809,1500.7237548828125,0.08718927949666977,1500.8109130859375
bike,dune_bayes,2810,1463.1390380859375,0.08591585606336594,1463.2249755859375
bike,dune_bayes,2811,1619.76318359375,0.0887870043516159,1619.8519287109375
bike,dune_bayes,2812,1607.7392578125,0.08421581983566284,1607.823486328125
bike,dune_bayes,2813,1343.1197509765625,0.09049634635448456,1343.210205078125
bike,dune_bayes,2814,1639.49560546875,0.08157625049352646,1639.5771484375
bike,dune_bayes,2815,1663.1256103515625,0.08473795652389526,1663.2103271484375
bike,dune_bayes,2816,1617.2120361328125,0.10441045463085175,1617.31640625
bike,dune_bayes,2817,2148.1630859375,0.08915682137012482,2148.252197265625
bike,dune_bayes,2818,1639.342041015625,0.08372186124324799,1639.42578125
bike,dune_bayes,2819,1439.712890625,0.0870915874838829,1439.7999267578125
bike,dune_bayes,2820,2248.633056640625,0.09584832191467285,2248.72900390625
bike,dune_bayes,2821,2513.51611328125,0.09859354794025421,2513.61474609375
bike,dune_bayes,2822,2058.9677734375,0.08518464118242264,2059.052978515625
bike,dune_bayes,2823,1354.8521728515625,0.10250583291053772,1354.9547119140625
bike,dune_bayes,2824,1423.8504638671875,0.09636532515287399,1423.94677734375
bike,dune_bayes,2825,1256.5447998046875,0.09968049079179764,1256.64453125
bike,dune_bayes,2826,1180.844970703125,0.09500269591808319,1180.93994140625
bike,dune_bayes,2827,1415.1673583984375,0.08615723252296448,1415.2535400390625
bike,dune_bayes,2828,2021.345947265625,0.10196183621883392,2021.4478759765625
bike,dune_bayes,2829,1940.5596923828125,0.09176166355609894,1940.6514892578125
bike,dune_bayes,2830,1839.449462890625,0.09135470539331436,1839.540771484375
bike,dune_bayes,2831,1824.12353515625,0.08596492558717728,1824.20947265625
bike,dune_bayes,2832,1178.450439453125,0.0949733629822731,1178.54541015625
bike,dune_bayes,2833,1013.6551513671875,0.100486159324646,1013.755615234375
bike,dune_bayes,2834,1185.223388671875,0.09608937054872513,1185.3194580078125
bike,dune_bayes,2835,1908.7705078125,0.10256502032279968,1908.873046875
bike,dune_bayes,2836,1856.5439453125,0.10365843772888184,1856.6475830078125
bike,dune_bayes,2837,1908.657470703125,0.10929853469133377,1908.7667236328125
bike,dune_bayes,2838,1521.80078125,0.08241794258356094,1521.8831787109375
bike,dune_bayes,2839,2112.8916015625,0.09038778394460678,2112.98193359375
bike,dune_bayes,2840,1764.424560546875,0.08145014196634293,1764.5059814453125
bike,dune_bayes,2841,1380.4105224609375,0.0876845270395279,1380.4981689453125
bike,dune_bayes,2842,1847.978515625,0.08701341599225998,1848.0655517578125
bike,dune_bayes,2843,1649.450439453125,0.08646831661462784,1649.536865234375
bike,dune_bayes,2844,1884.4217529296875,0.08304749429225922,1884.5047607421875
bike,dune_bayes,2845,1625.05712890625,0.07955550402402878,1625.13671875
bike,dune_bayes,2846,1838.8072509765625,0.08085983246564865,1838.8880615234375
bike,dune_bayes,2847,1806.08447265625,0.07984159141778946,1806.164306640625
bike,dune_bayes,2848,1613.05126953125,0.0800076276063919,1613.1312255859375
bike,dune_bayes,2849,2432.347412109375,0.09601731598377228,2432.443359375
bike,dune_bayes,2850,2400.10888671875,0.09303073585033417,2400.201904296875
bike,dune_bayes,2851,1864.918701171875,0.08383790403604507,1865.0025634765625
bike,dune_bayes,2852,1800.203369140625,0.08342999964952469,1800.2867431640625
bike,dune_bayes,2853,1930.043701171875,0.08198870718479156,1930.125732421875
bike,dune_bayes,2854,1108.697998046875,0.09915149211883545,1108.797119140625
bike,dune_bayes,2855,1058.17578125,0.09707247465848923,1058.2728271484375
bike,dune_bayes,2856,1462.2724609375,0.09865471720695496,1462.37109375
bike,dune_bayes,2857,1983.2230224609375,0.10738548636436462,1983.3304443359375
bike,dune_bayes,2858,1744.567626953125,0.09702759981155396,1744.6646728515625
bike,dune_bayes,2859,1237.5379638671875,0.09413406252861023,1237.632080078125
bike,dune_bayes,2860,1218.697265625,0.11458070576190948,1218.8118896484375
bike,dune_bayes,2861,1255.73876953125,0.11269184201955795,1255.8514404296875
bike,dune_bayes,2862,1118.39208984375,0.09859056770801544,1118.49072265625
bike,dune_bayes,2863,1223.320556640625,0.0939357727766037,1223.41455078125
bike,dune_bayes,2864,1084.563720703125,0.11266426742076874,1084.6763916015625
bike,dune_bayes,2865,2014.24462890625,0.08471334725618362,2014.329345703125
bike,dune_bayes,2866,1394.6195068359375,0.08207095414400101,1394.7015380859375
bike,dune_bayes,2867,1337.98876953125,0.09222711622714996,1338.0810546875
bike,dune_bayes,2868,1231.9119873046875,0.0858190581202507,1231.997802734375
bike,dune_bayes,2869,1137.3900146484375,0.08909378945827484,1137.4791259765625
bike,dune_bayes,2870,1322.638671875,0.08266360312700272,1322.7213134765625
bike,dune_bayes,2871,1991.7822265625,0.10677739977836609,1991.8890380859375
bike,dune_bayes,2872,2103.06640625,0.08961806446313858,2103.156005859375
bike,dune_bayes,2873,1144.2962646484375,0.10638567060232162,1144.4027099609375
bike,dune_bayes,2874,1179.46533203125,0.0877685397863388,1179.5531005859375
bike,dune_bayes,2875,1434.8614501953125,0.08551499247550964,1434.947021484375
bike,dune_bayes,2876,1345.7962646484375,0.10133548080921173,1345.8975830078125
bike,dune_bayes,2877,1257.5657958984375,0.10384336113929749,1257.669677734375
bike,dune_bayes,2878,1144.2962646484375,0.10638567060232162,1144.4027099609375
bike,dune_bayes,2879,1144.2962646484375,0.10638567060232162,1144.4027099609375
bike,dune_bayes,2880,1144.2962646484375,0.10638567060232162,1144.4027099609375
bike,dune_bayes,2881,2019.6510009765625,0.08961576968431473,2019.7406005859375
bike,dune_bayes,2882,2193.28955078125,0.08669333159923553,2193.376220703125
bike,dune_bayes,2883,1779.10595703125,0.08103039115667343,1779.18701171875
bike,dune_bayes,2884,1443.190673828125,0.10059202462434769,1443.291259765625
bike,dune_bayes,2885,1443.190673828125,0.10059202462434769,1443.291259765625
bike,dune_bayes,2886,2037.031982421875,0.08798983693122864,2037.1199951171875
bike,dune_bayes,2887,1838.8072509765625,0.08085983246564865,1838.8880615234375
bike,dune_bayes,2888,1564.091552734375,0.08561544865369797,1564.1771240234375
bike,dune_bayes,2889,1362.779052734375,0.11464432626962662,1362.8936767578125
bike,dune_bayes,2890,1723.4947509765625,0.12140925228595734,1723.6162109375
bike,dune_bayes,2891,997.2986450195312,0.10233227908611298,997.4010009765625
bike,dune_bayes,2892,1236.37646484375,0.10138343274593353,1236.4779052734375
bike,dune_bayes,2893,1028.964111328125,0.10930168628692627,1029.0733642578125
bike,dune_bayes,2894,1058.4674072265625,0.09912922978401184,1058.5665283203125
bike,dune_bayes,2895,1561.4866943359375,0.08535483479499817,1561.572021484375
bike,dune_bayes,2896,1687.4017333984375,0.10375846177339554,1687.5054931640625
bike,dune_bayes,2897,1953.6466064453125,0.08280772715806961,1953.7293701171875
bike,dune_bayes,2898,2050.946533203125,0.09146766364574432,2051.0380859375
bike,dune_bayes,2899,1730.18603515625,0.08480027318000793,1730.2708740234375
bike,dune_bayes,2900,1252.6927490234375,0.09180810302495956,1252.7845458984375
bike,dune_bayes,2901,1900.1724853515625,0.08535131067037582,1900.2578125
bike,dune_bayes,2902,1967.3675537109375,0.08770360052585602,1967.4552001953125
bike,dune_bayes,2903,1742.8192138671875,0.10110151022672653,1742.9202880859375
bike,dune_bayes,2904,1669.334716796875,0.09997496753931046,1669.4346923828125
bike,dune_bayes,2905,1548.8961181640625,0.07999514788389206,1548.97607421875
bike,dune_bayes,2906,1445.0498046875,0.08077099174261093,1445.130615234375
bike,dune_bayes,2907,1457.3201904296875,0.0790165513753891,1457.399169921875
bike,dune_bayes,2908,1996.334716796875,0.08090538531541824,1996.4156494140625
bike,dune_bayes,2909,1898.667236328125,0.10411778837442398,1898.7713623046875
bike,dune_bayes,2910,1965.4739990234375,0.10603989660739899,1965.580078125
bike,dune_bayes,2911,2226.69970703125,0.0896456316113472,2226.789306640625
bike,dune_bayes,2912,2161.65673828125,0.0855303481221199,2161.7421875
bike,dune_bayes,2913,1948.5989990234375,0.08030097931623459,1948.6793212890625
bike,dune_bayes,2914,1804.9656982421875,0.08226234465837479,1805.0479736328125
bike,dune_bayes,2915,1483.0799560546875,0.09894609451293945,1483.178955078125
bike,dune_bayes,2916,1317.6778564453125,0.10070493072271347,1317.778564453125
bike,dune_bayes,2917,1317.6778564453125,0.10070493072271347,1317.778564453125
bike,dune_bayes,2918,1253.085205078125,0.0846186950802803,1253.1697998046875
bike,dune_bayes,2919,1680.9930419921875,0.10074685513973236,1681.09375
bike,dune_bayes,2920,2037.031982421875,0.08798983693122864,2037.1199951171875
bike,dune_bayes,2921,2423.74267578125,0.09427811950445175,2423.8369140625
bike,dune_bayes,2922,1911.665283203125,0.08173339813947678,1911.7470703125
bike,dune_bayes,2923,1144.6317138671875,0.09584502875804901,1144.7275390625
bike,dune_bayes,2924,1404.4080810546875,0.1042090505361557,1404.5123291015625
bike,dune_bayes,2925,2591.651611328125,0.10257167369127274,2591.754150390625
bike,dune_bayes,2926,2101.67041015625,0.08747473359107971,2101.7578125
bike,dune_bayes,2927,1369.3485107421875,0.09520506113767624,1369.4437255859375
bike,dune_bayes,2928,1060.248779296875,0.11870376765727997,1060.367431640625
bike,dune_bayes,2929,1762.862548828125,0.10188285261392593,1762.9644775390625
bike,dune_bayes,2930,1537.8349609375,0.10181962698698044,1537.936767578125
bike,dune_bayes,2931,866.5562744140625,0.12329723685979843,866.6795654296875
bike,dune_bayes,2932,954.3369750976562,0.10875639319419861,954.4457397460938
bike,dune_bayes,2933,954.3369750976562,0.10875639319419861,954.4457397460938
bike,dune_bayes,2934,886.7109985351562,0.12444332987070084,886.83544921875
bike,dune_bayes,2935,886.7109985351562,0.12444332987070084,886.83544921875
bike,dune_bayes,2936,1266.18359375,0.11855637282133102,1266.3021240234375
bike,dune_bayes,2937,1127.2677001953125,0.1022474393248558,1127.3699951171875
bike,dune_bayes,2938,954.3369750976562,0.10875639319419861,954.4457397460938
bike,dune_bayes,2939,966.2718505859375,0.12257390469312668,966.3944091796875
bike,dune_bayes,2940,1477.0572509765625,0.10668271780014038,1477.1639404296875
bike,dune_bayes,2941,1390.3812255859375,0.0989590659737587,1390.480224609375
bike,dune_bayes,2942,2030.478759765625,0.12859471142292023,2030.6072998046875
bike,dune_bayes,2943,1651.19482421875,0.08804955333471298,1651.2828369140625
bike,dune_bayes,2944,1654.40771484375,0.09318087249994278,1654.5008544921875
bike,dune_bayes,2945,1524.228759765625,0.09291823953390121,1524.3216552734375
bike,dune_bayes,2946,1607.7392578125,0.08421581983566284,1607.823486328125
bike,dune_bayes,2947,1887.4014892578125,0.08394070714712143,1887.4854736328125
bike,dune_bayes,2948,1755.8123779296875,0.08576743304729462,1755.898193359375
bike,dune_bayes,2949,1688.8905029296875,0.08355668187141418,1688.9739990234375
bike,dune_bayes,2950,1305.529052734375,0.09454917907714844,1305.6236572265625
bike,dune_bayes,2951,1312.7373046875,0.10693392157554626,1312.84423828125
bike,dune_bayes,2952,1117.0537109375,0.0969807431101799,1117.150634765625
bike,dune_bayes,2953,1730.18603515625,0.08480027318000793,1730.2708740234375
bike,dune_bayes,2954,1720.54833984375,0.08609842509031296,1720.6343994140625
bike,dune_bayes,2955,1588.5701904296875,0.08585511147975922,1588.656005859375
bike,dune_bayes,2956,1179.11328125,0.09176120907068253,1179.205078125
bike,dune_bayes,2957,1148.352783203125,0.0926300436258316,1148.4454345703125
bike,dune_bayes,2958,1941.8787841796875,0.08380665630102158,1941.962646484375
bike,dune_bayes,2959,2025.6610107421875,0.08842842280864716,2025.7493896484375
bike,dune_bayes,2960,2109.382080078125,0.09201064705848694,2109.47412109375
bike,dune_bayes,2961,1783.6776123046875,0.08265350759029388,1783.76025390625
bike,dune_bayes,2962,1632.400146484375,0.1379006952047348,1632.5380859375
bike,dune_bayes,2963,1827.095947265625,0.1634107083082199,1827.2593994140625
bike,dune_bayes,2964,983.4644775390625,0.09620701521635056,983.5606689453125
bike,dune_bayes,2965,1160.8853759765625,0.08992581069469452,1160.975341796875
bike,dune_bayes,2966,1163.01513671875,0.09035943448543549,1163.10546875
bike,dune_bayes,2967,1457.74169921875,0.09299522638320923,1457.834716796875
bike,dune_bayes,2968,1854.1273193359375,0.10220210999250412,1854.2294921875
bike,dune_bayes,2969,1739.2117919921875,0.10149794816970825,1739.313232421875
bike,dune_bayes,2970,1493.99072265625,0.09534163773059845,1494.0860595703125
bike,dune_bayes,2971,1626.6575927734375,0.0948411226272583,1626.75244140625
bike,dune_bayes,2972,1443.5347900390625,0.08328525722026825,1443.6180419921875
bike,dune_bayes,2973,2137.91357421875,0.09331700205802917,2138.0068359375
bike,dune_bayes,2974,2099.2177734375,0.09189678728580475,2099.3095703125
bike,dune_bayes,2975,1754.186767578125,0.07759720087051392,1754.264404296875
bike,dune_bayes,2976,1572.7818603515625,0.07779929786920547,1572.859619140625
bike,dune_bayes,2977,1657.05322265625,0.07808073610067368,1657.13134765625
bike,dune_bayes,2978,1639.1920166015625,0.07756980508565903,1639.26953125
bike,dune_bayes,2979,1408.9598388671875,0.08029840886592865,1409.0401611328125
bike,dune_bayes,2980,1001.5205688476562,0.10478325188159943,1001.6253662109375
bike,dune_bayes,2981,1620.762939453125,0.07907996326684952,1620.842041015625
bike,dune_bayes,2982,1561.3570556640625,0.08088544756174088,1561.43798828125
bike,dune_bayes,2983,1948.5989990234375,0.08030097931623459,1948.6793212890625
bike,dune_bayes,2984,1814.0345458984375,0.10250327736139297,1814.1370849609375
bike,dune_bayes,2985,2138.134521484375,0.08479322493076324,2138.21923828125
bike,dune_bayes,2986,1314.640869140625,0.08733388781547546,1314.7281494140625
bike,dune_bayes,2987,1849.527587890625,0.09965609759092331,1849.627197265625
bike,dune_bayes,2988,1920.7177734375,0.1075686514377594,1920.8253173828125
bike,dune_bayes,2989,1152.6697998046875,0.10776776820421219,1152.777587890625
bike,dune_bayes,2990,930.1788940429688,0.10872542858123779,930.28759765625
bike,dune_bayes,2991,1630.9630126953125,0.09316732734441757,1631.05615234375
bike,dune_bayes,2992,1733.3214111328125,0.09841363877058029,1733.4197998046875
bike,dune_bayes,2993,1566.657958984375,0.1168297603726387,1566.7747802734375
bike,dune_bayes,2994,1535.9534912109375,0.0925077572464943,1536.0460205078125
bike,dune_bayes,2995,1398.679931640625,0.09275404363870621,1398.772705078125
bike,dune_bayes,2996,1176.3753662109375,0.09896911680698395,1176.474365234375
bike,dune_bayes,2997,1025.2828369140625,0.08854696899652481,1025.371337890625
bike,dune_bayes,2998,1469.7271728515625,0.07813295722007751,1469.8052978515625
bike,dune_bayes,2999,1581.3604736328125,0.0793503001332283,1581.4398193359375
bike,dune_bayes,3000,1563.5362548828125,0.0781562402844429,1563.6143798828125
bike,dune_bayes,3001,1701.5662841796875,0.08138445019721985,1701.647705078125
bike,dune_bayes,3002,1627.3048095703125,0.08231869339942932,1627.3870849609375
bike,dune_bayes,3003,1349.39990234375,0.16530661284923553,1349.565185546875
bike,dune_bayes,3004,1428.5916748046875,0.18136785924434662,1428.7730712890625
bike,dune_bayes,3005,1219.7562255859375,0.09745532274246216,1219.8536376953125
bike,dune_bayes,3006,1519.476318359375,0.08345271646976471,1519.559814453125
bike,dune_bayes,3007,1559.1109619140625,0.08941007405519485,1559.2003173828125
bike,dune_bayes,3008,1606.0093994140625,0.07903589308261871,1606.08837890625
bike,dune_bayes,3009,1976.5384521484375,0.08383383601903915,1976.622314453125
bike,dune_bayes,3010,962.824462890625,0.10275448858737946,962.92724609375
bike,dune_bayes,3011,1045.3922119140625,0.0851026326417923,1045.477294921875
bike,dune_bayes,3012,1286.2781982421875,0.08203034847974777,1286.3602294921875
bike,dune_bayes,3013,1958.7552490234375,0.07982581108808517,1958.8350830078125
bike,dune_bayes,3014,1935.269775390625,0.08011817187070847,1935.349853515625
bike,dune_bayes,3015,1547.18603515625,0.07589263468980789,1547.261962890625
bike,dune_bayes,3016,1140.07470703125,0.08537864685058594,1140.1600341796875
bike,dune_bayes,3017,986.0045166015625,0.10423468053340912,986.1087646484375
bike,dune_bayes,3018,1313.2880859375,0.07929924130439758,1313.367431640625
bike,dune_bayes,3019,1505.9061279296875,0.09275174140930176,1505.9989013671875
bike,dune_bayes,3020,1022.0972290039062,0.10113097727298737,1022.1983642578125
bike,dune_bayes,3021,1123.4061279296875,0.095588818192482,1123.501708984375
bike,dune_bayes,3022,1247.036865234375,0.09966780990362167,1247.136474609375
bike,dune_bayes,3023,1714.3902587890625,0.10256218165159225,1714.4927978515625
bike,dune_bayes,3024,1763.60888671875,0.09943507611751556,1763.7083740234375
bike,dune_bayes,3025,1126.542236328125,0.08972436189651489,1126.6319580078125
bike,dune_bayes,3026,1671.258544921875,0.0950658842921257,1671.3536376953125
bike,dune_bayes,3027,1359.0006103515625,0.09260610491037369,1359.09326171875
bike,dune_bayes,3028,1363.768310546875,0.076732337474823,1363.8450927734375
bike,dune_bayes,3029,1933.5980224609375,0.08244074881076813,1933.680419921875
bike,dune_bayes,3030,1995.83544921875,0.08335106074810028,1995.9188232421875
bike,dune_bayes,3031,2166.426513671875,0.09741220623254776,2166.52392578125
bike,dune_bayes,3032,2160.521240234375,0.09260131418704987,2160.61376953125
bike,dune_bayes,3033,2155.944091796875,0.09054413437843323,2156.03466796875
bike,dune_bayes,3034,1797.1822509765625,0.08346302062273026,1797.2657470703125
bike,dune_bayes,3035,1243.86328125,0.08113976567983627,1243.9444580078125
bike,dune_bayes,3036,1619.41455078125,0.0765824019908905,1619.4910888671875
bike,dune_bayes,3037,1772.8638916015625,0.08098520338535309,1772.94482421875
bike,dune_bayes,3038,2150.646728515625,0.09042706340551376,2150.737060546875
bike,dune_bayes,3039,2155.18896484375,0.09246610105037689,2155.281494140625
bike,dune_bayes,3040,1924.07666015625,0.08027030527591705,1924.156982421875
bike,dune_bayes,3041,1625.05712890625,0.07955550402402878,1625.13671875
bike,dune_bayes,3042,1393.366943359375,0.085015207529068,1393.451904296875
bike,dune_bayes,3043,1089.922119140625,0.10535281151533127,1090.0274658203125
bike,dune_bayes,3044,1511.7559814453125,0.09963558614253998,1511.8555908203125
bike,dune_bayes,3045,1882.9893798828125,0.1041450947523117,1883.093505859375
bike,dune_bayes,3046,1651.1676025390625,0.07979770004749298,1651.2474365234375
bike,dune_bayes,3047,2033.7904052734375,0.08442506194114685,2033.8748779296875
bike,dune_bayes,3048,1966.8731689453125,0.08632691204547882,1966.95947265625
bike,dune_bayes,3049,1935.269775390625,0.08011817187070847,1935.349853515625
bike,dune_bayes,3050,1774.426025390625,0.0771295502781868,1774.503173828125
bike,dune_bayes,3051,1493.99072265625,0.09534163773059845,1494.0860595703125
bike,dune_bayes,3052,1743.2392578125,0.10356056690216064,1743.3427734375
bike,dune_bayes,3053,1176.849365234375,0.09160494804382324,1176.94091796875
bike,dune_bayes,3054,1098.8206787109375,0.10726836323738098,1098.927978515625
bike,dune_bayes,3055,1002.7800903320312,0.09183142334222794,1002.8719482421875
bike,dune_bayes,3056,1170.931884765625,0.09003589302301407,1171.02197265625
bike,dune_bayes,3057,1728.15478515625,0.0981081947684288,1728.2529296875
bike,dune_bayes,3058,1821.16748046875,0.1012410894036293,1821.2686767578125
bike,dune_bayes,3059,1031.8184814453125,0.0888272076845169,1031.9073486328125
bike,dune_bayes,3060,899.6060180664062,0.1086239442229271,899.7146606445312
bike,dune_bayes,3061,967.961181640625,0.0928681269288063,968.0540771484375
bike,dune_bayes,3062,934.3810424804688,0.0887131616473198,934.4697265625
bike,dune_bayes,3063,962.824462890625,0.10275448858737946,962.92724609375
bike,dune_bayes,3064,1081.22119140625,0.08445954322814941,1081.3056640625
bike,dune_bayes,3065,1314.947998046875,0.09695591032505035,1315.044921875
bike,dune_bayes,3066,1915.086669921875,0.08026304095983505,1915.1669921875
bike,dune_bayes,3067,1475.32275390625,0.0795847699046135,1475.40234375
bike,dune_bayes,3068,1115.63037109375,0.08906246721744537,1115.719482421875
bike,dune_bayes,3069,1143.748291015625,0.08957592397928238,1143.837890625
bike,dune_bayes,3070,965.4192504882812,0.1154186800122261,965.53466796875
bike,dune_bayes,3071,855.9375,0.12050283700227737,856.0579833984375
bike,dune_bayes,3072,1043.7052001953125,0.09470300376415253,1043.7999267578125
bike,dune_bayes,3073,1354.8521728515625,0.10250583291053772,1354.9547119140625
bike,dune_bayes,3074,1060.4395751953125,0.11019738018512726,1060.5498046875
bike,dune_bayes,3075,1156.5430908203125,0.094179667532444,1156.6373291015625
bike,dune_bayes,3076,1864.905029296875,0.08336842060089111,1864.9884033203125
bike,dune_bayes,3077,1757.80126953125,0.0818900391459465,1757.8831787109375
bike,dune_bayes,3078,1757.80126953125,0.0818900391459465,1757.8831787109375
bike,dune_bayes,3079,1128.760009765625,0.1011957898736,1128.8612060546875
bike,dune_bayes,3080,2133.298583984375,0.08461720496416092,2133.38330078125
bike,dune_bayes,3081,2002.9964599609375,0.10707873106002808,2003.103515625
bike,dune_bayes,3082,1468.5810546875,0.07956605404615402,1468.66064453125
bike,dune_bayes,3083,1322.638671875,0.08266360312700272,1322.7213134765625
bike,dune_bayes,3084,1014.3162231445312,0.09772802144289017,1014.4139404296875
bike,dune_bayes,3085,985.6561889648438,0.09708155691623688,985.7532958984375
bike,dune_bayes,3086,1339.5574951171875,0.09730932861566544,1339.65478515625
bike,dune_bayes,3087,1472.6011962890625,0.12198742479085922,1472.72314453125
bike,dune_bayes,3088,1083.822509765625,0.08634600043296814,1083.9088134765625
bike,dune_bayes,3089,1064.3951416015625,0.08761914819478989,1064.4827880859375
bike,dune_bayes,3090,879.0377197265625,0.08970232307910919,879.12744140625
bike,dune_bayes,3091,893.3423461914062,0.09160721302032471,893.4339599609375
bike,dune_bayes,3092,902.9152221679688,0.09315984696149826,903.0083618164062
bike,dune_bayes,3093,752.2119750976562,0.09303270280361176,752.3049926757812
bike,dune_bayes,3094,765.5867309570312,0.09300828725099564,765.6797485351562
bike,dune_bayes,3095,840.49560546875,0.0977000817656517,840.5933227539062
bike,dune_bayes,3096,566.8087768554688,0.10101692378520966,566.9097900390625
bike,dune_bayes,3097,925.3070068359375,0.08831625431776047,925.3953247070312
bike,dune_bayes,3098,1063.5989990234375,0.08673834055662155,1063.685791015625
bike,dune_bayes,3099,1112.89990234375,0.08705822378396988,1112.9869384765625
bike,dune_bayes,3100,1036.498046875,0.09034592658281326,1036.58837890625
bike,dune_bayes,3101,930.1834716796875,0.08826970309019089,930.271728515625
bike,dune_bayes,3102,824.5327758789062,0.09289494156837463,824.6256713867188
bike,dune_bayes,3103,840.5947265625,0.09871861338615417,840.6934204101562
bike,dune_bayes,3104,1149.3797607421875,0.08161472529172897,1149.46142578125
bike,dune_bayes,3105,1309.6878662109375,0.07717928290367126,1309.7650146484375
bike,dune_bayes,3106,1279.5400390625,0.07780914753675461,1279.6177978515625
bike,dune_bayes,3107,1138.9334716796875,0.08152042329311371,1139.0150146484375
bike,dune_bayes,3108,835.9053955078125,0.10922600328922272,836.0146484375
bike,dune_bayes,3109,911.09814453125,0.09152943640947342,911.189697265625
bike,dune_bayes,3110,1954.2447509765625,0.08151118457317352,1954.3262939453125
bike,dune_bayes,3111,1537.8299560546875,0.08028722554445267,1537.9102783203125
bike,dune_bayes,3112,1524.0760498046875,0.10510657727718353,1524.18115234375
bike,dune_bayes,3113,1783.46435546875,0.08929399400949478,1783.5535888671875
bike,dune_bayes,3114,804.96435546875,0.09453213214874268,805.0588989257812
bike,dune_bayes,3115,837.6654052734375,0.09313776344060898,837.758544921875
bike,dune_bayes,3116,849.264404296875,0.09262114763259888,849.3570556640625
bike,dune_bayes,3117,844.8397216796875,0.09279660135507584,844.9324951171875
bike,dune_bayes,3118,1016.1677856445312,0.09686882048845291,1016.2646484375
bike,dune_bayes,3119,1433.302001953125,0.09412377327680588,1433.3961181640625
bike,dune_bayes,3120,1568.594482421875,0.09639649093151093,1568.69091796875
bike,dune_bayes,3121,1050.715087890625,0.09392478317022324,1050.8089599609375
bike,dune_bayes,3122,1074.6363525390625,0.08769099414348602,1074.7239990234375
bike,dune_bayes,3123,892.6290283203125,0.10855063796043396,892.737548828125
bike,dune_bayes,3124,1150.3836669921875,0.09594345837831497,1150.4796142578125
bike,dune_bayes,3125,765.5867309570312,0.09300828725099564,765.6797485351562
bike,dune_bayes,3126,1777.169189453125,0.1044628694653511,1777.273681640625
bike,dune_bayes,3127,1408.396728515625,0.09134113788604736,1408.488037109375
bike,dune_bayes,3128,1262.8768310546875,0.09462413936853409,1262.971435546875
bike,dune_bayes,3129,1636.850830078125,0.09543535858392715,1636.9462890625
bike,dune_bayes,3130,1564.2130126953125,0.09059145301580429,1564.3035888671875
bike,dune_bayes,3131,1580.8580322265625,0.10328228026628494,1580.9613037109375
bike,dune_bayes,3132,1410.7152099609375,0.095271036028862,1410.8104248046875
bike,dune_bayes,3133,1578.9437255859375,0.07936087250709534,1579.0230712890625
bike,dune_bayes,3134,1410.6234130859375,0.10253876447677612,1410.7259521484375
bike,dune_bayes,3135,1912.9864501953125,0.08841690421104431,1913.0748291015625
bike,dune_bayes,3136,1308.4171142578125,0.09848612546920776,1308.515625
bike,dune_bayes,3137,875.12060546875,0.10521256178617477,875.225830078125
bike,dune_bayes,3138,699.16064453125,0.11307066679000854,699.2737426757812
bike,dune_bayes,3139,837.6654052734375,0.09313776344060898,837.758544921875
bike,dune_bayes,3140,928.8610229492188,0.10356967151165009,928.964599609375
bike,dune_bayes,3141,1298.335693359375,0.07779468595981598,1298.4134521484375
bike,dune_bayes,3142,976.4981079101562,0.0890280231833458,976.587158203125
bike,dune_bayes,3143,943.0779418945312,0.08961169421672821,943.1675415039062
bike,dune_bayes,3144,1036.5894775390625,0.08540289849042892,1036.6749267578125
bike,dune_bayes,3145,953.1480102539062,0.09195736050605774,953.239990234375
bike,dune_bayes,3146,1694.127685546875,0.07718272507190704,1694.204833984375
bike,dune_bayes,3147,1931.320556640625,0.08725465834140778,1931.4078369140625
bike,dune_bayes,3148,953.5792236328125,0.1085367426276207,953.687744140625
bike,dune_bayes,3149,1061.2757568359375,0.1050213947892189,1061.3807373046875
bike,dune_bayes,3150,979.7630615234375,0.09224120527505875,979.8552856445312
bike,dune_bayes,3151,942.037353515625,0.09592787176370621,942.13330078125
bike,dune_bayes,3152,1716.271240234375,0.08678272366523743,1716.3580322265625
bike,dune_bayes,3153,965.9461669921875,0.08876579999923706,966.034912109375
bike,dune_bayes,3154,832.7608642578125,0.09121709316968918,832.8521118164062
bike,dune_bayes,3155,1384.7845458984375,0.11228207498788834,1384.8968505859375
bike,dune_bayes,3156,867.6461181640625,0.1082533672451973,867.75439453125
bike,dune_bayes,3157,1523.55615234375,0.10421960055828094,1523.660400390625
bike,dune_bayes,3158,1620.825927734375,0.10677259415388107,1620.9327392578125
bike,dune_bayes,3159,1392.8525390625,0.09026866406202316,1392.9427490234375
bike,dune_bayes,3160,1142.2642822265625,0.08787062764167786,1142.3521728515625
bike,dune_bayes,3161,1050.5299072265625,0.10841589421033859,1050.6383056640625
bike,dune_bayes,3162,978.638916015625,0.10215394198894501,978.7410888671875
bike,dune_bayes,3163,1284.6854248046875,0.08218113332986832,1284.767578125
bike,dune_bayes,3164,1909.06298828125,0.08239532262086868,1909.1453857421875
bike,dune_bayes,3165,1023.1331176757812,0.08483299612998962,1023.2179565429688
bike,dune_bayes,3166,1002.5323486328125,0.08730371296405792,1002.61962890625
bike,dune_bayes,3167,948.0693969726562,0.0878206342458725,948.1572265625
bike,dune_bayes,3168,1009.5020141601562,0.08591730147600174,1009.5879516601562
bike,dune_bayes,3169,1537.9752197265625,0.07740209251642227,1538.0526123046875
bike,dune_bayes,3170,1276.1519775390625,0.0834362804889679,1276.2354736328125
bike,dune_bayes,3171,1273.9852294921875,0.09772847592830658,1274.0830078125
bike,dune_bayes,3172,1140.07470703125,0.08537864685058594,1140.1600341796875
bike,dune_bayes,3173,1086.223876953125,0.08714385330677032,1086.31103515625
bike,dune_bayes,3174,1613.7039794921875,0.08216977119445801,1613.7861328125
bike,dune_bayes,3175,1823.897705078125,0.10214833915233612,1823.9998779296875
bike,dune_bayes,3176,1628.68994140625,0.08050715178251266,1628.7705078125
bike,dune_bayes,3177,1128.760009765625,0.1011957898736,1128.8612060546875
bike,dune_bayes,3178,1044.6474609375,0.08711551874876022,1044.734619140625
bike,dune_bayes,3179,1127.699951171875,0.08346089720726013,1127.783447265625
bike,dune_bayes,3180,1144.9737548828125,0.0834679901599884,1145.0572509765625
bike,dune_bayes,3181,1413.875732421875,0.08021584898233414,1413.9559326171875
bike,dune_bayes,3182,1140.2628173828125,0.08475352823734283,1140.3475341796875
bike,dune_bayes,3183,1424.2735595703125,0.07856562733650208,1424.3521728515625
bike,dune_bayes,3184,1404.3287353515625,0.0785590410232544,1404.4073486328125
bike,dune_bayes,3185,873.8363037109375,0.09255608171224594,873.9288330078125
bike,dune_bayes,3186,1324.5927734375,0.09407142549753189,1324.6868896484375
bike,dune_bayes,3187,1632.1304931640625,0.09527645260095596,1632.225830078125
bike,dune_bayes,3188,1383.84375,0.09402792900800705,1383.937744140625
bike,dune_bayes,3189,1114.6802978515625,0.08898220211267471,1114.769287109375
bike,dune_bayes,3190,1126.0042724609375,0.09127779304981232,1126.0955810546875
bike,dune_bayes,3191,1242.218505859375,0.10538437962532043,1242.3238525390625
bike,dune_bayes,3192,1296.539306640625,0.09982767701148987,1296.63916015625
bike,dune_bayes,3193,1292.2197265625,0.09499724209308624,1292.314697265625
bike,dune_bayes,3194,1346.0980224609375,0.1197635754942894,1346.2177734375
bike,dune_bayes,3195,738.4343872070312,0.0997377336025238,738.5341186523438
bike,dune_bayes,3196,738.4343872070312,0.0997377336025238,738.5341186523438
bike,dune_bayes,3197,691.8253784179688,0.09734256565570831,691.9227294921875
bike,dune_bayes,3198,675.9236450195312,0.09981691837310791,676.0234375
bike,dune_bayes,3199,767.9081420898438,0.09348238259553909,768.0016479492188
bike,dune_bayes,3200,750.8573608398438,0.09595665335655212,750.9533081054688
bike,dune_bayes,3201,767.9081420898438,0.09348238259553909,768.0016479492188
bike,dune_bayes,3202,1000.6777954101562,0.0864768922328949,1000.7642822265625
bike,dune_bayes,3203,1123.496337890625,0.08338931947946548,1123.5797119140625
bike,dune_bayes,3204,1425.905517578125,0.0824526846408844,1425.9879150390625
bike,dune_bayes,3205,1389.197998046875,0.08128812909126282,1389.279296875
bike,dune_bayes,3206,1389.197998046875,0.08128812909126282,1389.279296875
bike,dune_bayes,3207,1019.2484130859375,0.08522140234708786,1019.3336181640625
bike,dune_bayes,3208,1453.5057373046875,0.09299354255199432,1453.5987548828125
bike,dune_bayes,3209,1412.55126953125,0.10508416593074799,1412.6563720703125
bike,dune_bayes,3210,1393.488037109375,0.08892129361629486,1393.576904296875
bike,dune_bayes,3211,1080.5999755859375,0.09644336253404617,1080.6964111328125
bike,dune_bayes,3212,1041.58984375,0.0977180004119873,1041.6876220703125
bike,dune_bayes,3213,1125.53369140625,0.10536350309848785,1125.6390380859375
bike,dune_bayes,3214,884.7990112304688,0.09572304785251617,884.8947143554688
bike,dune_bayes,3215,707.3169555664062,0.09938512742519379,707.4163208007812
bike,dune_bayes,3216,1179.8704833984375,0.09314949810504913,1179.963623046875
bike,dune_bayes,3217,1281.0316162109375,0.09497713297605515,1281.1265869140625
bike,dune_bayes,3218,1167.928955078125,0.09546008706092834,1168.0244140625
bike,dune_bayes,3219,985.0640258789062,0.1036088764667511,985.1676635742188
bike,dune_bayes,3220,1234.9990234375,0.09618362784385681,1235.09521484375
bike,dune_bayes,3221,1201.6829833984375,0.09518401324748993,1201.7781982421875
bike,dune_bayes,3222,1455.2864990234375,0.08661651611328125,1455.3731689453125
bike,dune_bayes,3223,945.4945068359375,0.0922737792134285,945.5867919921875
bike,dune_bayes,3224,842.6229248046875,0.09767964482307434,842.7205810546875
bike,dune_bayes,3225,880.9114990234375,0.0941142663359642,881.005615234375
bike,dune_bayes,3226,1359.88134765625,0.09166695922613144,1359.9730224609375
bike,dune_bayes,3227,1299.5533447265625,0.08693130314350128,1299.6402587890625
bike,dune_bayes,3228,1212.083740234375,0.08738274872303009,1212.171142578125
bike,dune_bayes,3229,1146.8902587890625,0.09076737612485886,1146.9810791015625
bike,dune_bayes,3230,1135.4423828125,0.08842971920967102,1135.53076171875
bike,dune_bayes,3231,1047.0426025390625,0.09198886901140213,1047.1346435546875
bike,dune_bayes,3232,1078.319580078125,0.10002109408378601,1078.4195556640625
bike,dune_bayes,3233,1028.9969482421875,0.09736107289791107,1029.0943603515625
bike,dune_bayes,3234,1117.7537841796875,0.09812517464160919,1117.8519287109375
bike,dune_bayes,3235,1264.8155517578125,0.10651250928640366,1264.922119140625
bike,dune_bayes,3236,1232.8406982421875,0.09314338117837906,1232.933837890625
bike,dune_bayes,3237,1241.5550537109375,0.10591529309749603,1241.6610107421875
bike,dune_bayes,3238,1241.5550537109375,0.10591529309749603,1241.6610107421875
bike,dune_bayes,3239,1158.408203125,0.09629473090171814,1158.5045166015625
bike,dune_bayes,3240,1214.1929931640625,0.09039170295000076,1214.2833251953125
bike,dune_bayes,3241,1395.5609130859375,0.10387425124645233,1395.664794921875
bike,dune_bayes,3242,1895.375244140625,0.1286848783493042,1895.50390625
bike,dune_bayes,3243,1769.701171875,0.10525008291006088,1769.806396484375
bike,dune_bayes,3244,1659.63330078125,0.11340601742267609,1659.7467041015625
bike,dune_bayes,3245,1077.3262939453125,0.08343785256147385,1077.4097900390625
bike,dune_bayes,3246,795.2965087890625,0.09382771700620651,795.3903198242188
bike,dune_bayes,3247,552.802734375,0.10349344462156296,552.90625
bike,dune_bayes,3248,520.7872314453125,0.10638651996850967,520.8936157226562
bike,dune_bayes,3249,552.802734375,0.10349344462156296,552.90625
bike,dune_bayes,3250,631.71240234375,0.10061080008745193,631.81298828125
bike,dune_bayes,3251,1427.99072265625,0.08984292298555374,1428.08056640625
bike,dune_bayes,3252,1048.5655517578125,0.09325436502695084,1048.6588134765625
bike,dune_bayes,3253,847.3612670898438,0.11153995245695114,847.4727783203125
bike,dune_bayes,3254,854.4267578125,0.13637159764766693,854.5631103515625
bike,dune_bayes,3255,1267.3575439453125,0.08807116001844406,1267.445556640625
bike,dune_bayes,3256,1243.7432861328125,0.1090107336640358,1243.852294921875
bike,dune_bayes,3257,915.3072509765625,0.0934586226940155,915.4006958007812
bike,dune_bayes,3258,902.7722778320312,0.09225284308195114,902.864501953125
bike,dune_bayes,3259,1117.7537841796875,0.09812517464160919,1117.8519287109375
bike,dune_bayes,3260,1426.66796875,0.09021870046854019,1426.7581787109375
bike,dune_bayes,3261,1253.719970703125,0.09059468656778336,1253.810546875
bike,dune_bayes,3262,1094.969970703125,0.09358838200569153,1095.0635986328125
bike,dune_bayes,3263,889.4754028320312,0.10972724854946136,889.5851440429688
bike,dune_bayes,3264,860.6377563476562,0.09119352698326111,860.7289428710938
bike,dune_bayes,3265,816.296875,0.09661207348108292,816.3934936523438
bike,dune_bayes,3266,1074.9422607421875,0.08785775303840637,1075.0301513671875
bike,dune_bayes,3267,1250.3060302734375,0.08515185117721558,1250.3912353515625
bike,dune_bayes,3268,1083.5179443359375,0.08498858660459518,1083.6029052734375
bike,dune_bayes,3269,980.3289794921875,0.08895900845527649,980.41796875
bike,dune_bayes,3270,976.2965087890625,0.08804579079151154,976.3845825195312
bike,dune_bayes,3271,994.0083618164062,0.09210608899593353,994.1004638671875
bike,dune_bayes,3272,1112.5345458984375,0.08661704510450363,1112.6212158203125
bike,dune_bayes,3273,1532.0670166015625,0.09091483801603317,1532.157958984375
bike,dune_bayes,3274,1364.018798828125,0.0853896290063858,1364.104248046875
bike,dune_bayes,3275,1224.033447265625,0.08971650153398514,1224.1231689453125
bike,dune_bayes,3276,669.94677734375,0.09772493690252304,670.0444946289062
bike,dune_bayes,3277,763.439453125,0.09678769111633301,763.5362548828125
bike,dune_bayes,3278,1356.5079345703125,0.09757157415151596,1356.60546875
bike,dune_bayes,3279,1281.0316162109375,0.09497713297605515,1281.1265869140625
bike,dune_bayes,3280,1027.275390625,0.09520173072814941,1027.37060546875
bike,dune_bayes,3281,949.8334350585938,0.09707652032375336,949.9305419921875
bike,dune_bayes,3282,811.9879760742188,0.09574252367019653,812.083740234375
bike,dune_bayes,3283,604.479248046875,0.09870795905590057,604.5779418945312
bike,dune_bayes,3284,1195.2418212890625,0.09465187042951584,1195.33642578125
bike,dune_bayes,3285,1065.8819580078125,0.10114417225122452,1065.983154296875
bike,dune_bayes,3286,1335.6719970703125,0.0829801931977272,1335.7550048828125
bike,dune_bayes,3287,1237.345703125,0.08400120586156845,1237.4296875
bike,dune_bayes,3288,1017.7523803710938,0.08738274872303009,1017.8397827148438
bike,dune_bayes,3289,950.844970703125,0.08843737840652466,950.9334106445312
bike,dune_bayes,3290,838.8041381835938,0.09349846094846725,838.8976440429688
bike,dune_bayes,3291,970.7776489257812,0.08595546334981918,970.8635864257812
bike,dune_bayes,3292,1103.09521484375,0.08078550547361374,1103.176025390625
bike,dune_bayes,3293,782.2156372070312,0.09434934705495834,782.3099975585938
bike,dune_bayes,3294,782.2156372070312,0.09434934705495834,782.3099975585938
bike,dune_bayes,3295,1409.1256103515625,0.08127322047948837,1409.2069091796875
bike,dune_bayes,3296,779.7508544921875,0.09693224728107452,779.8477783203125
bike,dune_bayes,3297,728.327880859375,0.09957928210496902,728.427490234375
bike,dune_bayes,3298,577.3576049804688,0.10280142724514008,577.4603881835938
bike,dune_bayes,3299,655.7759399414062,0.09995363652706146,655.8759155273438
bike,dune_bayes,3300,1220.93798828125,0.09792347997426987,1221.035888671875
bike,dune_bayes,3301,1234.0052490234375,0.11553552001714706,1234.1207275390625
bike,dune_bayes,3302,669.5806274414062,0.11287396401166916,669.6934814453125
bike,dune_bayes,3303,696.7476806640625,0.11229345202445984,696.8599853515625
bike,dune_bayes,3304,711.7242431640625,0.09933656454086304,711.8236083984375
bike,dune_bayes,3305,602.1478881835938,0.11882320791482925,602.2667236328125
bike,dune_bayes,3306,602.1478881835938,0.11882320791482925,602.2667236328125
bike,dune_bayes,3307,1675.7869873046875,0.0877595990896225,1675.874755859375
bike,dune_bayes,3308,1634.3662109375,0.08753922581672668,1634.4537353515625
bike,dune_bayes,3309,1145.18798828125,0.15062031149864197,1145.338623046875
bike,dune_bayes,3310,946.3883666992188,0.1094549298286438,946.497802734375
bike,dune_bayes,3311,1007.0242919921875,0.14451679587364197,1007.1688232421875
bike,dune_bayes,3312,1189.7366943359375,0.14819180965423584,1189.8848876953125
bike,dune_bayes,3313,1123.46044921875,0.14807212352752686,1123.6085205078125
bike,dune_bayes,3314,1014.5928955078125,0.12900610268115997,1014.721923828125
bike,dune_bayes,3315,1039.402587890625,0.13058029115200043,1039.533203125
bike,dune_bayes,3316,999.8533935546875,0.10574708878993988,999.9591674804688
bike,dune_bayes,3317,946.3883666992188,0.1094549298286438,946.497802734375
bike,dune_bayes,3318,919.2208862304688,0.12425847351551056,919.3451538085938
bike,dune_bayes,3319,960.0757446289062,0.10214827209711075,960.1779174804688
bike,dune_bayes,3320,935.4837646484375,0.10073474049568176,935.58447265625
bike,dune_bayes,3321,679.3869018554688,0.11795199662446976,679.5048828125
bike,dune_bayes,3322,808.6743774414062,0.09347393363714218,808.767822265625
bike,dune_bayes,3323,767.9081420898438,0.09348238259553909,768.0016479492188
bike,dune_bayes,3324,692.8526000976562,0.0974983349442482,692.9500732421875
bike,dune_bayes,3325,754.5400390625,0.09932631254196167,754.6393432617188
bike,dune_bayes,3326,887.4523315429688,0.09239741414785385,887.5447387695312
bike,dune_bayes,3327,1442.8616943359375,0.10204881429672241,1442.9637451171875
bike,dune_bayes,3328,760.5906372070312,0.11539655178785324,760.7060546875
bike,dune_bayes,3329,668.8095092773438,0.10380137711763382,668.913330078125
bike,dune_bayes,3330,1445.3858642578125,0.08928201347589493,1445.47509765625
bike,dune_bayes,3331,562.740234375,0.12199070304632187,562.8622436523438
bike,dune_bayes,3332,1520.2237548828125,0.08876026421785355,1520.3125
bike,dune_bayes,3333,1318.679443359375,0.083920419216156,1318.7633056640625
bike,dune_bayes,3334,901.23193359375,0.10654258728027344,901.3385009765625
bike,dune_bayes,3335,533.4429931640625,0.10554570704698563,533.5485229492188
bike,dune_bayes,3336,470.88555908203125,0.10638066381216049,470.991943359375
bike,dune_bayes,3337,892.6290283203125,0.10855063796043396,892.737548828125
bike,dune_bayes,3338,560.5784912109375,0.11732396483421326,560.69580078125
bike,dune_bayes,3339,520.7872314453125,0.10638651996850967,520.8936157226562
bike,dune_bayes,3340,380.19854736328125,0.1292170286178589,380.3277587890625
bike,dune_bayes,3341,416.0428466796875,0.11067309230566025,416.1535339355469
bike,dune_bayes,3342,979.3507690429688,0.09040135890245438,979.441162109375
bike,dune_bayes,3343,844.7905883789062,0.09004972130060196,844.880615234375
bike,dune_bayes,3344,796.1397094726562,0.09248083829879761,796.232177734375
bike,dune_bayes,3345,908.7081298828125,0.0907122790813446,908.798828125
bike,dune_bayes,3346,627.431396484375,0.11778951436281204,627.5491943359375
bike,dune_bayes,3347,819.6859741210938,0.09475784748792648,819.78076171875
bike,dune_bayes,3348,847.2107543945312,0.09287949651479721,847.3036499023438
bike,dune_bayes,3349,1488.4810791015625,0.07576894760131836,1488.556884765625
bike,dune_bayes,3350,1733.16552734375,0.07743273675441742,1733.242919921875
bike,dune_bayes,3351,1864.4937744140625,0.08468108624219894,1864.5784912109375
bike,dune_bayes,3352,1566.9384765625,0.07681437581777573,1567.0152587890625
bike,dune_bayes,3353,1358.2938232421875,0.07789275050163269,1358.3717041015625
bike,dune_bayes,3354,1484.796630859375,0.11628373712301254,1484.9129638671875
bike,dune_bayes,3355,1573.646240234375,0.10247481614351273,1573.7486572265625
bike,dune_bayes,3356,1616.6702880859375,0.08838404715061188,1616.7586669921875
bike,dune_bayes,3357,1719.9964599609375,0.09269528090953827,1720.089111328125
bike,dune_bayes,3358,1361.1937255859375,0.12050732970237732,1361.314208984375
bike,dune_bayes,3359,1055.873291015625,0.10532882809638977,1055.9786376953125
bike,dune_bayes,3360,1109.9278564453125,0.09328681230545044,1110.0211181640625
bike,dune_bayes,3361,1195.3399658203125,0.0973946824669838,1195.4373779296875
bike,dune_bayes,3362,764.497314453125,0.09651461988687515,764.5938110351562
bike,dune_bayes,3363,767.9081420898438,0.09348238259553909,768.0016479492188
bike,dune_bayes,3364,898.6859741210938,0.08807866275310516,898.7740478515625
bike,dune_bayes,3365,1024.512939453125,0.08568782359361649,1024.5986328125
bike,dune_bayes,3366,539.7410278320312,0.10590559989213943,539.846923828125
bike,dune_bayes,3367,486.94281005859375,0.12344081699848175,487.0662536621094
bike,dune_bayes,3368,464.87774658203125,0.11359450966119766,464.9913330078125
bike,dune_bayes,3369,500.35369873046875,0.12347905337810516,500.4771728515625
bike,dune_bayes,3370,659.0813598632812,0.09994261711835861,659.1812744140625
bike,dune_bayes,3371,712.4788818359375,0.09737885743379593,712.5762329101562
bike,dune_bayes,3372,782.4220581054688,0.09250597655773163,782.5145874023438
bike,dune_bayes,3373,423.33990478515625,0.12951520085334778,423.46942138671875
bike,dune_bayes,3374,659.0813598632812,0.09994261711835861,659.1812744140625
bike,dune_bayes,3375,673.2836303710938,0.09685809165239334,673.3804931640625
bike,dune_bayes,3376,471.4768371582031,0.1118922010064125,471.5887145996094
bike,dune_bayes,3377,601.2489624023438,0.1078750342130661,601.3568115234375
bike,dune_bayes,3378,706.499755859375,0.09969281405210495,706.5994262695312
bike,dune_bayes,3379,706.499755859375,0.09969281405210495,706.5994262695312
bike,dune_bayes,3380,745.721923828125,0.10051022469997406,745.8224487304688
bike,dune_bayes,3381,886.6328125,0.09392807632684708,886.7267456054688
bike,dune_bayes,3382,775.0374145507812,0.09980951994657516,775.13720703125
bike,dune_bayes,3383,974.2965698242188,0.09087271988391876,974.387451171875
bike,dune_bayes,3384,1001.1796875,0.09209322929382324,1001.2717895507812
bike,dune_bayes,3385,1380.10302734375,0.08370622247457504,1380.186767578125
bike,dune_bayes,3386,1148.8074951171875,0.0882144421339035,1148.895751953125
bike,dune_bayes,3387,1064.4503173828125,0.08905389159917831,1064.5394287109375
bike,dune_bayes,3388,922.271728515625,0.09038219600915909,922.3621215820312
bike,dune_bayes,3389,988.1009521484375,0.08971796929836273,988.190673828125
bike,dune_bayes,3390,1199.1485595703125,0.10956211388111115,1199.2581787109375
bike,dune_bayes,3391,1160.235107421875,0.1079280823469162,1160.343017578125
bike,dune_bayes,3392,1212.083740234375,0.08738274872303009,1212.171142578125
bike,dune_bayes,3393,1135.4423828125,0.08842971920967102,1135.53076171875
bike,dune_bayes,3394,1181.259765625,0.08940323442220688,1181.34912109375
bike,dune_bayes,3395,1160.0068359375,0.09702460467815399,1160.1038818359375
bike,dune_bayes,3396,1151.5343017578125,0.09357719123363495,1151.6279296875
bike,dune_bayes,3397,1222.5322265625,0.09076482057571411,1222.623046875
bike,dune_bayes,3398,745.0531005859375,0.10037247836589813,745.1535034179688
bike,dune_bayes,3399,751.0213623046875,0.09587054699659348,751.1172485351562
bike,dune_bayes,3400,1318.679443359375,0.083920419216156,1318.7633056640625
bike,dune_bayes,3401,1315.029296875,0.0814150795340538,1315.1107177734375
bike,dune_bayes,3402,1064.1707763671875,0.08624359965324402,1064.257080078125
bike,dune_bayes,3403,878.8231201171875,0.09146945178508759,878.9146118164062
bike,dune_bayes,3404,1106.9776611328125,0.09274617582559586,1107.0704345703125
bike,dune_bayes,3405,920.1344604492188,0.090398408472538,920.224853515625
bike,dune_bayes,3406,617.7411499023438,0.09865473955869675,617.8397827148438
bike,dune_bayes,3407,619.6525268554688,0.09895558655261993,619.75146484375
bike,dune_bayes,3408,782.6912231445312,0.09206914156675339,782.7832641601562
bike,dune_bayes,3409,691.2514038085938,0.09746139496564865,691.348876953125
bike,dune_bayes,3410,486.94281005859375,0.12344081699848175,487.0662536621094
bike,dune_bayes,3411,551.8526000976562,0.12398628890514374,551.9765625
bike,dune_bayes,3412,705.781005859375,0.09757597744464874,705.8786010742188
bike,dune_bayes,3413,788.0857543945312,0.09584806859493256,788.1815795898438
bike,dune_bayes,3414,758.7003173828125,0.11075533926486969,758.8110961914062
bike,dune_bayes,3415,782.8247680664062,0.0952528566122055,782.9200439453125
bike,dune_bayes,3416,972.0072631835938,0.08499575406312943,972.09228515625
bike,dune_bayes,3417,788.0857543945312,0.09584806859493256,788.1815795898438
bike,dune_bayes,3418,819.6859741210938,0.09475784748792648,819.78076171875
bike,dune_bayes,3419,1421.94580078125,0.07737255096435547,1422.023193359375
bike,dune_bayes,3420,1625.3095703125,0.12028265744447708,1625.4298095703125
bike,dune_bayes,3421,924.4578247070312,0.10795507580041885,924.5657958984375
bike,dune_bayes,3422,751.0213623046875,0.09587054699659348,751.1172485351562
bike,dune_bayes,3423,755.4169921875,0.0982060581445694,755.5151977539062
bike,dune_bayes,3424,883.0361328125,0.09307094663381577,883.1292114257812
bike,dune_bayes,3425,818.8572387695312,0.10897734016180038,818.9661865234375
bike,dune_bayes,3426,901.23193359375,0.10654258728027344,901.3385009765625
bike,dune_bayes,3427,1004.8844604492188,0.0846869945526123,1004.9691772460938
bike,dune_bayes,3428,909.4539184570312,0.11887899786233902,909.5728149414062
bike,dune_bayes,3429,1064.4111328125,0.13696950674057007,1064.548095703125
bike,dune_bayes,3430,1237.455810546875,0.10177910327911377,1237.5576171875
bike,dune_bayes,3431,1235.2462158203125,0.130464568734169,1235.376708984375
bike,dune_bayes,3432,1205.14599609375,0.10417328029870987,1205.2501220703125
bike,dune_bayes,3433,950.9347534179688,0.13313649594783783,951.06787109375
bike,dune_bayes,3434,986.1543579101562,0.1349417269229889,986.289306640625
bike,dune_bayes,3435,1164.4639892578125,0.1465170830488205,1164.6104736328125
bike,dune_bayes,3436,1154.967529296875,0.18525297939777374,1155.15283203125
bike,dune_bayes,3437,1048.43359375,0.10974565893411636,1048.5433349609375
bike,dune_bayes,3438,919.5255737304688,0.12070507556200027,919.6463012695312
bike,dune_bayes,3439,795.466552734375,0.10574229806661606,795.572265625
bike,dune_bayes,3440,1256.6455078125,0.1106935515999794,1256.7562255859375
bike,dune_bayes,3441,1191.689453125,0.09988288581371307,1191.789306640625
bike,dune_bayes,3442,999.8727416992188,0.09722346067428589,999.969970703125
bike,dune_bayes,3443,707.35791015625,0.11603021621704102,707.4739379882812
bike,dune_bayes,3444,610.19384765625,0.10379458963871002,610.2976684570312
bike,dune_bayes,3445,615.6578979492188,0.11971034109592438,615.777587890625
bike,dune_bayes,3446,811.9843139648438,0.11167415976524353,812.0960083007812
bike,dune_bayes,3447,981.3126831054688,0.0903729796409607,981.403076171875
bike,dune_bayes,3448,555.6913452148438,0.10577049106359482,555.797119140625
bike,dune_bayes,3449,522.640869140625,0.11117983609437943,522.7520751953125
bike,dune_bayes,3450,477.7204895019531,0.12717409431934357,477.84765625
bike,dune_bayes,3451,477.7204895019531,0.12717409431934357,477.84765625
bike,dune_bayes,3452,505.2323303222656,0.10367513447999954,505.33599853515625
bike,dune_bayes,3453,396.14849853515625,0.11215996742248535,396.2606506347656
bike,dune_bayes,3454,411.22088623046875,0.1263004094362259,411.3471984863281
bike,dune_bayes,3455,849.264404296875,0.09262114763259888,849.3570556640625
bike,dune_bayes,3456,691.3452758789062,0.11965971440076828,691.4649658203125
bike,dune_bayes,3457,620.20849609375,0.12420299649238586,620.3327026367188
bike,dune_bayes,3458,692.8643798828125,0.1027458980679512,692.9671020507812
bike,dune_bayes,3459,643.5770874023438,0.1025465801358223,643.6796264648438
bike,dune_bayes,3460,861.1255493164062,0.14767323434352875,861.273193359375
bike,dune_bayes,3461,1230.505126953125,0.13491502404212952,1230.6400146484375
bike,dune_bayes,3462,945.4945068359375,0.0922737792134285,945.5867919921875
bike,dune_bayes,3463,1160.61279296875,0.09042004495859146,1160.7032470703125
bike,dune_bayes,3464,655.7759399414062,0.09995363652706146,655.8759155273438
bike,dune_bayes,3465,658.06298828125,0.09848149865865707,658.1614990234375
bike,dune_bayes,3466,690.3489379882812,0.11690085381269455,690.4658203125
bike,dune_bayes,3467,789.9490356445312,0.09583006799221039,790.0448608398438
bike,dune_bayes,3468,779.1197509765625,0.10295084118843079,779.2227172851562
bike,dune_bayes,3469,758.5326538085938,0.10169802606105804,758.6343383789062
bike,dune_bayes,3470,663.4545288085938,0.1062055379152298,663.5607299804688
bike,dune_bayes,3471,762.0391845703125,0.09789414703845978,762.1370849609375
bike,dune_bayes,3472,926.1068115234375,0.09420578181743622,926.2009887695312
bike,dune_bayes,3473,1005.3018798828125,0.09283275157213211,1005.3947143554688
bike,dune_bayes,3474,1127.1610107421875,0.09329498559236526,1127.2542724609375
bike,dune_bayes,3475,1090.228759765625,0.0945112481713295,1090.3232421875
