dataset,model,observation,parameter,q05,q50,q95
kin8nm,dune_bayes,0,loc,0.6574559479951858,0.7643705010414124,0.8577111601829529
kin8nm,dune_bayes,1,loc,0.6604055762290955,0.7493174076080322,0.8434874087572097
kin8nm,dune_bayes,2,loc,0.469682078063488,0.5801077485084534,0.6915736019611358
kin8nm,dune_bayes,3,loc,0.7116575449705124,0.8199000656604767,0.9301590174436568
kin8nm,dune_bayes,4,loc,0.7944702625274658,0.9055313766002655,1.012870842218399
kin8nm,dune_bayes,5,loc,0.3596602573990822,0.4574076235294342,0.5526535362005233
kin8nm,dune_bayes,6,loc,0.6511161237955093,0.7460829615592957,0.8303013533353805
kin8nm,dune_bayes,7,loc,0.6920968502759933,0.8134356141090393,0.9265259504318237
kin8nm,dune_bayes,8,loc,0.5006171584129333,0.5920434892177582,0.6867681324481965
kin8nm,dune_bayes,9,loc,0.6406883388757706,0.7380951941013336,0.8381261020898819
kin8nm,dune_bayes,10,loc,0.5439569443464279,0.6514858603477478,0.7535418421030045
kin8nm,dune_bayes,11,loc,0.6891960591077805,0.7910999357700348,0.8939163833856583
kin8nm,dune_bayes,12,loc,0.570624104142189,0.6790962517261505,0.7724728941917419
kin8nm,dune_bayes,13,loc,0.8852194219827652,1.0010966062545776,1.1180683255195616
kin8nm,dune_bayes,14,loc,0.583094197511673,0.6880030930042267,0.7951330721378326
kin8nm,dune_bayes,15,loc,0.5031005263328552,0.5889020562171936,0.670987233519554
kin8nm,dune_bayes,16,loc,0.8571239203214646,0.949870765209198,1.0367008805274964
kin8nm,dune_bayes,17,loc,0.7372647613286972,0.8543607592582703,0.9552198827266691
kin8nm,dune_bayes,18,loc,0.42905088514089584,0.5372990667819977,0.6491893261671065
kin8nm,dune_bayes,19,loc,0.9327917248010635,1.0480055809020996,1.1562934517860413
kin8nm,dune_bayes,20,loc,0.5678415089845658,0.6575968265533447,0.7515266358852386
kin8nm,dune_bayes,21,loc,0.7370003163814545,0.8427059054374695,0.9513462483882903
kin8nm,dune_bayes,22,loc,0.601335221529007,0.7034212350845337,0.7915184468030928
kin8nm,dune_bayes,23,loc,0.658120971918106,0.7593894600868225,0.8804964393377303
kin8nm,dune_bayes,24,loc,0.4301868051290512,0.5342433750629425,0.638269579410553
kin8nm,dune_bayes,25,loc,0.5931096166372299,0.7062869071960449,0.8105909854173661
kin8nm,dune_bayes,26,loc,0.947908291220665,1.057068943977356,1.1553874731063842
kin8nm,dune_bayes,27,loc,0.739317798614502,0.8526844382286072,0.9584208577871323
kin8nm,dune_bayes,28,loc,0.7955555707216263,0.9047089517116547,1.0177638173103332
kin8nm,dune_bayes,29,loc,0.43468386232852935,0.5514750480651855,0.6631647944450378
kin8nm,dune_bayes,30,loc,0.3992310300469398,0.5009822845458984,0.619955524802208
kin8nm,dune_bayes,31,loc,0.46988634914159777,0.575491726398468,0.6717341572046279
kin8nm,dune_bayes,32,loc,0.6877370178699493,0.7931420803070068,0.8934244930744171
kin8nm,dune_bayes,33,loc,0.8195213049650192,0.9347645044326782,1.0697616636753082
kin8nm,dune_bayes,34,loc,0.5498967915773392,0.6384475827217102,0.7321425259113312
kin8nm,dune_bayes,35,loc,0.4292374670505524,0.5235817432403564,0.6212962239980697
kin8nm,dune_bayes,36,loc,0.7030312716960907,0.8148631155490875,0.9156088829040527
kin8nm,dune_bayes,37,loc,0.5475430816411972,0.6413336396217346,0.7378202706575393
kin8nm,dune_bayes,38,loc,0.7065693318843842,0.8161169588565826,0.9230783641338348
kin8nm,dune_bayes,39,loc,0.9200142621994019,1.0183586478233337,1.1104130148887634
kin8nm,dune_bayes,40,loc,0.3577356398105621,0.4793570637702942,0.5937382400035858
kin8nm,dune_bayes,41,loc,0.9055607348680497,1.0169926285743713,1.1115593552589416
kin8nm,dune_bayes,42,loc,0.7650944590568542,0.8767331540584564,0.97461000084877
kin8nm,dune_bayes,43,loc,0.5239747107028961,0.6410968005657196,0.7647979140281677
kin8nm,dune_bayes,44,loc,0.765896737575531,0.8742968440055847,0.9681587427854538
kin8nm,dune_bayes,45,loc,0.634147247672081,0.7327231466770172,0.8271523565053939
kin8nm,dune_bayes,46,loc,0.5850019097328186,0.6807457208633423,0.7669432938098908
kin8nm,dune_bayes,47,loc,0.6389409005641937,0.7573879957199097,0.8691399574279784
kin8nm,dune_bayes,48,loc,0.4786401778459549,0.5736459493637085,0.6792916864156723
kin8nm,dune_bayes,49,loc,0.7344219356775283,0.8564327359199524,0.9670440673828125
kin8nm,dune_bayes,50,loc,0.9328661084175109,1.054540753364563,1.1605315446853637
kin8nm,dune_bayes,51,loc,0.47329566180706023,0.5536196529865265,0.6391790717840194
kin8nm,dune_bayes,52,loc,0.628151535987854,0.7402725517749786,0.8572277724742889
kin8nm,dune_bayes,53,loc,0.7588092923164368,0.8518272340297699,0.9429539680480957
kin8nm,dune_bayes,54,loc,0.9778508841991425,1.0989443063735962,1.2189885377883911
kin8nm,dune_bayes,55,loc,0.7192125588655471,0.820829451084137,0.9179940313100814
kin8nm,dune_bayes,56,loc,0.5221936702728271,0.6309612691402435,0.7229190289974212
kin8nm,dune_bayes,57,loc,0.6819972842931747,0.7766810953617096,0.8788989394903182
kin8nm,dune_bayes,58,loc,0.811646330356598,0.9175578653812408,1.0173962652683257
kin8nm,dune_bayes,59,loc,0.9207941174507142,1.0330953001976013,1.1392193436622615
kin8nm,dune_bayes,60,loc,0.7695284724235535,0.8696916699409485,0.9757461845874786
kin8nm,dune_bayes,61,loc,0.7199754655361176,0.8375014960765839,0.9476268887519835
kin8nm,dune_bayes,62,loc,0.7177632123231887,0.8134891390800476,0.91502206325531
kin8nm,dune_bayes,63,loc,0.7825895637273789,0.884954422712326,0.9767008662223815
kin8nm,dune_bayes,64,loc,0.7407820463180542,0.8457935154438019,0.9745120108127594
kin8nm,dune_bayes,65,loc,0.5021516233682632,0.5978808403015137,0.6898896038532257
kin8nm,dune_bayes,66,loc,0.7407933086156845,0.8531135022640228,0.9525392115116119
kin8nm,dune_bayes,67,loc,0.33861018270254134,0.43818987905979156,0.5478579103946686
kin8nm,dune_bayes,68,loc,0.7063599675893784,0.8241504430770874,0.934587761759758
kin8nm,dune_bayes,69,loc,0.9305458396673203,1.0273239612579346,1.122091329097748
kin8nm,dune_bayes,70,loc,0.6306222885847091,0.7394731342792511,0.8557955741882324
kin8nm,dune_bayes,71,loc,0.47460092306137086,0.5701902210712433,0.6908865839242935
kin8nm,dune_bayes,72,loc,0.6736871987581253,0.7672688961029053,0.8616079807281494
kin8nm,dune_bayes,73,loc,0.601163113117218,0.7156032025814056,0.8247995644807815
kin8nm,dune_bayes,74,loc,0.4038936048746109,0.5041258931159973,0.6034286767244339
kin8nm,dune_bayes,75,loc,0.46883354187011717,0.5829649567604065,0.7023339390754699
kin8nm,dune_bayes,76,loc,0.494557723402977,0.5899417102336884,0.6913204461336135
kin8nm,dune_bayes,77,loc,0.43720150738954544,0.5379658043384552,0.6388756096363066
kin8nm,dune_bayes,78,loc,0.9086154133081437,1.0267940759658813,1.135607689619064
kin8nm,dune_bayes,79,loc,0.4997602507472038,0.5893014967441559,0.6833583593368528
kin8nm,dune_bayes,80,loc,0.5875233620405197,0.68851038813591,0.7808083981275558
kin8nm,dune_bayes,81,loc,0.7422538131475449,0.8361371457576752,0.9392079383134841
kin8nm,dune_bayes,82,loc,0.8382384657859803,0.9438327550888062,1.0487453877925872
kin8nm,dune_bayes,83,loc,0.5924723356962204,0.6982148289680481,0.793215650320053
kin8nm,dune_bayes,84,loc,0.6848124206066132,0.7827158868312836,0.8917854607105254
kin8nm,dune_bayes,85,loc,0.7569702416658401,0.8769828975200653,0.9880610406398772
kin8nm,dune_bayes,86,loc,0.657607689499855,0.7596070170402527,0.8551048219203948
kin8nm,dune_bayes,87,loc,0.8524872213602066,0.9508426487445831,1.0403652369976044
kin8nm,dune_bayes,88,loc,0.7413264721632004,0.8345799446105957,0.9219393968582154
kin8nm,dune_bayes,89,loc,0.5939419865608215,0.6991457939147949,0.7984655290842055
kin8nm,dune_bayes,90,loc,0.5430177181959153,0.6306605041027069,0.7103096395730972
kin8nm,dune_bayes,91,loc,0.4352370247244835,0.5496175587177277,0.6567550629377364
kin8nm,dune_bayes,92,loc,0.640313309431076,0.7351257503032684,0.8408782988786697
kin8nm,dune_bayes,93,loc,0.47724360376596453,0.5819085240364075,0.6841687262058257
kin8nm,dune_bayes,94,loc,0.8321794599294663,0.9370946288108826,1.0513784050941466
kin8nm,dune_bayes,95,loc,0.9651040643453598,1.081838846206665,1.1880562365055083
kin8nm,dune_bayes,96,loc,0.8830189526081085,1.0000028014183044,1.1168613255023956
kin8nm,dune_bayes,97,loc,0.744303360581398,0.8412617444992065,0.937370166182518
kin8nm,dune_bayes,98,loc,0.4141323998570442,0.5264077186584473,0.6288696706295013
kin8nm,dune_bayes,99,loc,0.5691148281097412,0.681993693113327,0.8012829929590224
kin8nm,dune_bayes,100,loc,0.5287201136350632,0.6518288552761078,0.7659229040145874
kin8nm,dune_bayes,101,loc,0.6718108743429184,0.7714104652404785,0.8775338292121887
kin8nm,dune_bayes,102,loc,0.5540282219648361,0.6493364870548248,0.7631614148616791
kin8nm,dune_bayes,103,loc,0.6292413622140884,0.7391375303268433,0.8348404139280319
kin8nm,dune_bayes,104,loc,0.6111088246107101,0.7337152361869812,0.8433741688728332
kin8nm,dune_bayes,105,loc,0.5925985634326935,0.6924470961093903,0.7850834041833876
kin8nm,dune_bayes,106,loc,0.44014378637075424,0.5363112092018127,0.6505775779485703
kin8nm,dune_bayes,107,loc,0.5352523714303971,0.6569055616855621,0.7630209743976593
kin8nm,dune_bayes,108,loc,0.5252326309680939,0.625435084104538,0.7219565957784653
kin8nm,dune_bayes,109,loc,0.5639322578907013,0.6741403043270111,0.796152999997139
kin8nm,dune_bayes,110,loc,0.48905175775289533,0.6072787344455719,0.7218872457742691
kin8nm,dune_bayes,111,loc,0.7263195276260376,0.8481899499893188,0.9598076045513152
kin8nm,dune_bayes,112,loc,0.6269882678985595,0.7140285968780518,0.7993448287248611
kin8nm,dune_bayes,113,loc,0.5037916153669357,0.6231350302696228,0.7295970469713211
kin8nm,dune_bayes,114,loc,0.8492548793554306,0.9523527920246124,1.0561901092529298
kin8nm,dune_bayes,115,loc,0.7341697186231613,0.8604913651943207,0.9641670525074004
kin8nm,dune_bayes,116,loc,0.7447128921747208,0.8492105305194855,0.9729224652051925
kin8nm,dune_bayes,117,loc,0.6687667399644852,0.7848621606826782,0.8991174578666686
kin8nm,dune_bayes,118,loc,0.6088932543992996,0.7124383747577667,0.8256750285625457
kin8nm,dune_bayes,119,loc,0.8099568575620651,0.9391565322875977,1.0481619000434874
kin8nm,dune_bayes,120,loc,0.3813292384147644,0.49249790608882904,0.5985069960355759
kin8nm,dune_bayes,121,loc,0.7694279581308365,0.8480994999408722,0.9405912041664123
kin8nm,dune_bayes,122,loc,0.6751161247491837,0.7679100930690765,0.8643772214651108
kin8nm,dune_bayes,123,loc,0.5273373603820801,0.6273804903030396,0.7243914544582367
kin8nm,dune_bayes,124,loc,0.5202997833490371,0.6147264540195465,0.7174283385276793
kin8nm,dune_bayes,125,loc,0.469186495244503,0.5674996674060822,0.6684395551681518
kin8nm,dune_bayes,126,loc,0.4270508423447609,0.5227366089820862,0.6253923654556274
kin8nm,dune_bayes,127,loc,0.6517760902643204,0.7382218837738037,0.8175474435091019
kin8nm,dune_bayes,128,loc,0.5182930648326873,0.625391960144043,0.7271254271268843
kin8nm,dune_bayes,129,loc,0.9790511339902878,1.0870908498764038,1.1845420002937317
kin8nm,dune_bayes,130,loc,0.5270051717758178,0.638841062784195,0.7339942187070847
kin8nm,dune_bayes,131,loc,0.7284036129713058,0.8348701894283295,0.9454826980829238
kin8nm,dune_bayes,132,loc,0.47006222903728484,0.5840279459953308,0.7041377335786818
kin8nm,dune_bayes,133,loc,0.369641050696373,0.4733671396970749,0.5712994158267974
kin8nm,dune_bayes,134,loc,0.7350573062896728,0.8384851813316345,0.9390620708465576
kin8nm,dune_bayes,135,loc,0.7705834835767746,0.8690967261791229,0.9691861867904662
kin8nm,dune_bayes,136,loc,0.4354615420103073,0.543586403131485,0.6503576219081878
kin8nm,dune_bayes,137,loc,0.5606810748577118,0.6741529405117035,0.7838900417089462
kin8nm,dune_bayes,138,loc,0.9045907229185104,1.0152859687805176,1.133074700832367
kin8nm,dune_bayes,139,loc,0.4172696962952614,0.5287480056285858,0.641304290294647
kin8nm,dune_bayes,140,loc,0.8075396031141281,0.9136702418327332,1.0162984907627106
kin8nm,dune_bayes,141,loc,0.622028324007988,0.7355355322360992,0.8370241492986679
kin8nm,dune_bayes,142,loc,0.452202545106411,0.5560242533683777,0.6688111573457717
kin8nm,dune_bayes,143,loc,0.48525049090385436,0.5811413824558258,0.6807792693376541
kin8nm,dune_bayes,144,loc,0.7518529236316681,0.8655843436717987,0.979277303814888
kin8nm,dune_bayes,145,loc,0.5872986197471619,0.685417503118515,0.7740514785051344
kin8nm,dune_bayes,146,loc,0.705299460887909,0.8288557529449463,0.9299989104270935
kin8nm,dune_bayes,147,loc,0.6738349258899688,0.7721262872219086,0.8523308545351027
kin8nm,dune_bayes,148,loc,0.9856291741132737,1.0956678986549377,1.1966584503650666
kin8nm,dune_bayes,149,loc,0.5368994981050491,0.6402773261070251,0.7414160519838333
kin8nm,dune_bayes,150,loc,0.4953093335032463,0.5959136784076691,0.7059950172901153
kin8nm,dune_bayes,151,loc,0.5857992619276047,0.69480761885643,0.789692723751068
kin8nm,dune_bayes,152,loc,0.26184252500534055,0.37281858921051025,0.480040468275547
kin8nm,dune_bayes,153,loc,0.8035638779401779,0.9234843850135803,1.0372959196567535
kin8nm,dune_bayes,154,loc,0.6573839038610458,0.7590855360031128,0.845929804444313
kin8nm,dune_bayes,155,loc,0.6603922665119171,0.7641091048717499,0.8736449539661406
kin8nm,dune_bayes,156,loc,0.5564126640558242,0.6616781055927277,0.7662372529506684
kin8nm,dune_bayes,157,loc,0.460602217912674,0.5437729954719543,0.6358581602573394
kin8nm,dune_bayes,158,loc,0.9587740987539292,1.0683373808860779,1.1633615553379058
kin8nm,dune_bayes,159,loc,0.7204302579164505,0.8172224164009094,0.8960670262575149
kin8nm,dune_bayes,160,loc,0.7535272091627121,0.861975371837616,0.960148212313652
kin8nm,dune_bayes,161,loc,0.5654077053070068,0.6538583040237427,0.7468692660331725
kin8nm,dune_bayes,162,loc,0.48034424185752866,0.5897907912731171,0.6920694589614867
kin8nm,dune_bayes,163,loc,0.6890476167201995,0.7907404899597168,0.8807755708694458
kin8nm,dune_bayes,164,loc,0.4291151463985443,0.526942104101181,0.6216139972209931
kin8nm,dune_bayes,165,loc,0.5175708919763565,0.6393972635269165,0.7522435516119002
kin8nm,dune_bayes,166,loc,0.8646152436733245,0.9760203957557678,1.072450178861618
kin8nm,dune_bayes,167,loc,0.799574002623558,0.9003513753414154,0.9944592118263245
kin8nm,dune_bayes,168,loc,0.40828111320734023,0.5159519612789154,0.6271534949541092
kin8nm,dune_bayes,169,loc,0.6042916178703308,0.7198823392391205,0.8255282044410704
kin8nm,dune_bayes,170,loc,0.3951991096138954,0.5164895057678223,0.6386425226926803
kin8nm,dune_bayes,171,loc,0.6585284382104873,0.7795557677745819,0.9003864020109176
kin8nm,dune_bayes,172,loc,0.7456614375114441,0.8338839411735535,0.9294106841087341
kin8nm,dune_bayes,173,loc,0.8439444482326508,0.9579134285449982,1.0572873234748839
kin8nm,dune_bayes,174,loc,0.7648548901081085,0.8759921491146088,1.0051258385181427
kin8nm,dune_bayes,175,loc,0.36315497010946274,0.46569910645484924,0.5717125594615936
kin8nm,dune_bayes,176,loc,0.5466770678758621,0.6703690886497498,0.7868923276662826
kin8nm,dune_bayes,177,loc,0.6094336569309234,0.7061949074268341,0.8076905697584152
kin8nm,dune_bayes,178,loc,0.6429206073284149,0.7388946413993835,0.851360148191452
kin8nm,dune_bayes,179,loc,0.40792010575532917,0.5085049569606781,0.6185388714075089
kin8nm,dune_bayes,180,loc,0.6190558731555938,0.7178061008453369,0.8210447192192077
kin8nm,dune_bayes,181,loc,0.25350121259689334,0.3605086952447891,0.4580176234245299
kin8nm,dune_bayes,182,loc,0.9097194731235504,1.0089672803878784,1.100768131017685
kin8nm,dune_bayes,183,loc,0.7490698009729385,0.8623379468917847,0.9739514112472534
kin8nm,dune_bayes,184,loc,0.706369885802269,0.8072760999202728,0.9070629179477692
kin8nm,dune_bayes,185,loc,0.4469308197498322,0.5686921179294586,0.6837100833654404
kin8nm,dune_bayes,186,loc,0.6777702122926712,0.7880047559738159,0.8884428530931473
kin8nm,dune_bayes,187,loc,0.49911717176437376,0.6116311848163605,0.7162727236747741
kin8nm,dune_bayes,188,loc,0.6029622673988342,0.726012110710144,0.8214904606342316
kin8nm,dune_bayes,189,loc,0.7076795250177383,0.8014911115169525,0.8953758925199509
kin8nm,dune_bayes,190,loc,0.5273414760828018,0.6226566433906555,0.7357187092304229
kin8nm,dune_bayes,191,loc,0.6271371006965637,0.7318894863128662,0.8619117438793181
kin8nm,dune_bayes,192,loc,0.33829081505537034,0.4391337037086487,0.5370907068252563
kin8nm,dune_bayes,193,loc,0.7392101138830185,0.8350957632064819,0.9337291955947874
kin8nm,dune_bayes,194,loc,0.8432789504528045,0.9347034096717834,1.0387928009033203
kin8nm,dune_bayes,195,loc,0.8108054399490356,0.9114660322666168,1.0186967968940734
kin8nm,dune_bayes,196,loc,0.8626729935407639,0.9787198305130005,1.0706704139709473
kin8nm,dune_bayes,197,loc,0.4587790906429291,0.5540770888328552,0.6586808532476425
kin8nm,dune_bayes,198,loc,0.6695245057344437,0.7838754951953888,0.8862629413604736
kin8nm,dune_bayes,199,loc,0.6022092133760453,0.703693687915802,0.8028243839740753
kin8nm,dune_bayes,200,loc,0.8511208176612854,0.9762237668037415,1.0767886102199553
kin8nm,dune_bayes,201,loc,0.9024428635835647,1.0299873352050781,1.1290431976318358
kin8nm,dune_bayes,202,loc,0.6630598425865173,0.7536279261112213,0.8432704657316208
kin8nm,dune_bayes,203,loc,0.711470428109169,0.817464292049408,0.92315334379673
kin8nm,dune_bayes,204,loc,0.7523168325424194,0.8668094873428345,0.9731882929801939
kin8nm,dune_bayes,205,loc,0.38598682135343554,0.48915570974349976,0.5909338533878326
kin8nm,dune_bayes,206,loc,0.6590570509433746,0.7664366066455841,0.8527012437582016
kin8nm,dune_bayes,207,loc,0.5770455658435821,0.6732335984706879,0.76569684445858
kin8nm,dune_bayes,208,loc,0.6218626290559769,0.7288767695426941,0.8220960915088653
kin8nm,dune_bayes,209,loc,0.8457243800163269,0.9658020734786987,1.0818644821643828
kin8nm,dune_bayes,210,loc,0.6329270839691162,0.7307475209236145,0.8264488220214844
kin8nm,dune_bayes,211,loc,0.6699047476053238,0.7720544636249542,0.8822732031345366
kin8nm,dune_bayes,212,loc,0.6883273243904113,0.779336005449295,0.8722610175609588
kin8nm,dune_bayes,213,loc,0.7302922815084457,0.8238069713115692,0.9178853392601013
kin8nm,dune_bayes,214,loc,0.30128941386938096,0.39998315274715424,0.503795000910759
kin8nm,dune_bayes,215,loc,0.5696968257427215,0.6830226480960846,0.783669301867485
kin8nm,dune_bayes,216,loc,0.3588638499379158,0.49603500962257385,0.6181496143341064
kin8nm,dune_bayes,217,loc,0.5936623603105545,0.6914790272712708,0.8002796560525893
kin8nm,dune_bayes,218,loc,0.3403818815946579,0.43685297667980194,0.5273129224777221
kin8nm,dune_bayes,219,loc,0.7010255664587021,0.8067563474178314,0.9157425880432128
kin8nm,dune_bayes,220,loc,0.7737944662570954,0.8776560127735138,0.9859052598476409
kin8nm,dune_bayes,221,loc,0.33835306018590927,0.4392669051885605,0.5485106289386749
kin8nm,dune_bayes,222,loc,0.4451834887266159,0.5490458607673645,0.6511234551668167
kin8nm,dune_bayes,223,loc,0.6268037348985672,0.7364546060562134,0.8348400980234146
kin8nm,dune_bayes,224,loc,0.6883201718330383,0.7802717089653015,0.8766005516052247
kin8nm,dune_bayes,225,loc,0.6692549854516983,0.7677600085735321,0.8495372623205185
kin8nm,dune_bayes,226,loc,0.6626701712608337,0.7769569754600525,0.8854825556278229
kin8nm,dune_bayes,227,loc,0.642352157831192,0.7501789331436157,0.8579261183738709
kin8nm,dune_bayes,228,loc,0.6089560002088547,0.7134942412376404,0.8204747408628463
kin8nm,dune_bayes,229,loc,0.35813615322113035,0.4690026044845581,0.5903155416250229
kin8nm,dune_bayes,230,loc,0.5418590754270554,0.6431499719619751,0.7401706665754318
kin8nm,dune_bayes,231,loc,0.7500135451555252,0.8341543078422546,0.9261355131864546
kin8nm,dune_bayes,232,loc,0.5782740026712417,0.6856462061405182,0.7903637290000916
kin8nm,dune_bayes,233,loc,0.43369539082050323,0.5303162336349487,0.6244828194379806
kin8nm,dune_bayes,234,loc,0.751958590745926,0.8625644147396088,0.9713910639286041
kin8nm,dune_bayes,235,loc,0.6684166312217712,0.7733453214168549,0.881352898478508
kin8nm,dune_bayes,236,loc,0.7385617166757583,0.8375651240348816,0.9278397828340529
kin8nm,dune_bayes,237,loc,0.6899713754653931,0.8074028789997101,0.9113988757133484
kin8nm,dune_bayes,238,loc,0.8573503702878952,0.9480564892292023,1.0367063045501708
kin8nm,dune_bayes,239,loc,0.469263531267643,0.573389858007431,0.6706692218780516
kin8nm,dune_bayes,240,loc,0.48117562234401706,0.5769709646701813,0.6718806713819503
kin8nm,dune_bayes,241,loc,0.672602966427803,0.7713723480701447,0.8662188559770584
kin8nm,dune_bayes,242,loc,0.7191674560308456,0.8090613186359406,0.9109269499778746
kin8nm,dune_bayes,243,loc,0.3724149584770203,0.47439852356910706,0.5797353267669676
kin8nm,dune_bayes,244,loc,0.4182498276233673,0.5333795249462128,0.6396366596221924
kin8nm,dune_bayes,245,loc,0.5334059625864029,0.6298929750919342,0.7252390891313553
kin8nm,dune_bayes,246,loc,0.5189320743083954,0.6355075836181641,0.7486824512481689
kin8nm,dune_bayes,247,loc,0.8160214096307754,0.9254640340805054,1.0303805232048033
kin8nm,dune_bayes,248,loc,0.6771841555833816,0.7930577993392944,0.9045043289661407
kin8nm,dune_bayes,249,loc,0.23563473671674728,0.3612171560525894,0.47271274626255033
kin8nm,dune_bayes,250,loc,0.7839450418949128,0.8860260546207428,0.9827500700950621
kin8nm,dune_bayes,251,loc,0.46860614269971845,0.5683431923389435,0.657943060994148
kin8nm,dune_bayes,252,loc,0.8475601851940155,0.9497751295566559,1.0653935670852661
kin8nm,dune_bayes,253,loc,0.4782974600791931,0.5620241165161133,0.6437453985214232
kin8nm,dune_bayes,254,loc,0.5545352220535278,0.6574631929397583,0.7589502692222595
kin8nm,dune_bayes,255,loc,0.36893191933631897,0.45696455240249634,0.5541727542877196
kin8nm,dune_bayes,256,loc,0.48220393657684324,0.5777047276496887,0.6768034934997558
kin8nm,dune_bayes,257,loc,0.4666616693139076,0.5478617548942566,0.6390712082386016
kin8nm,dune_bayes,258,loc,0.523481023311615,0.6180994212627411,0.7132667273283004
kin8nm,dune_bayes,259,loc,0.30870751291513443,0.41574929654598236,0.5239395707845688
kin8nm,dune_bayes,260,loc,0.5211143314838409,0.6126235127449036,0.7019887387752533
kin8nm,dune_bayes,261,loc,0.7813869297504425,0.904587984085083,1.0123227715492247
kin8nm,dune_bayes,262,loc,0.4053838670253754,0.5174636840820312,0.6231730729341507
kin8nm,dune_bayes,263,loc,0.5143183827400207,0.6150339841842651,0.7084675818681717
kin8nm,dune_bayes,264,loc,0.6050780355930329,0.6936168372631073,0.7765522986650467
kin8nm,dune_bayes,265,loc,0.79998939037323,0.8985128998756409,0.9897703468799591
kin8nm,dune_bayes,266,loc,0.693185630440712,0.7860923409461975,0.8781001687049865
kin8nm,dune_bayes,267,loc,0.5274526089429855,0.6204022765159607,0.705101290345192
kin8nm,dune_bayes,268,loc,0.6792769432067871,0.7838048040866852,0.8921442568302154
kin8nm,dune_bayes,269,loc,0.5268526107072831,0.6374161541461945,0.738157844543457
kin8nm,dune_bayes,270,loc,0.5640514135360718,0.6640389561653137,0.758745089173317
kin8nm,dune_bayes,271,loc,0.514737805724144,0.6234184503555298,0.7407790333032608
kin8nm,dune_bayes,272,loc,0.7458857536315918,0.8536852598190308,0.9505989164113998
kin8nm,dune_bayes,273,loc,0.6762609750032424,0.7824808955192566,0.8674511402845382
kin8nm,dune_bayes,274,loc,0.3682727158069611,0.4669760465621948,0.5641318410634995
kin8nm,dune_bayes,275,loc,0.49029070436954497,0.5957261919975281,0.7009395837783813
kin8nm,dune_bayes,276,loc,0.7089078247547149,0.8147899210453033,0.9070829570293426
kin8nm,dune_bayes,277,loc,0.3103655770421028,0.4148259162902832,0.5199663043022156
kin8nm,dune_bayes,278,loc,0.8369620054960251,0.9502613842487335,1.064887809753418
kin8nm,dune_bayes,279,loc,0.6074121564626693,0.7202092409133911,0.8318168669939041
kin8nm,dune_bayes,280,loc,0.7985850960016251,0.8966759443283081,0.9964796155691147
kin8nm,dune_bayes,281,loc,0.5029844820499421,0.5852444171905518,0.6755268007516861
kin8nm,dune_bayes,282,loc,0.36459721624851227,0.4804592728614807,0.6069703131914139
kin8nm,dune_bayes,283,loc,0.3947939187288284,0.4954144060611725,0.5928649574518203
kin8nm,dune_bayes,284,loc,0.49055525958538054,0.5870820879936218,0.6974330574274062
kin8nm,dune_bayes,285,loc,0.5043978005647659,0.600843757390976,0.7139617562294006
kin8nm,dune_bayes,286,loc,0.8669669270515442,0.9777299463748932,1.0717373013496398
kin8nm,dune_bayes,287,loc,0.85113984644413,0.9513444304466248,1.0597356736660002
kin8nm,dune_bayes,288,loc,0.5807461053133011,0.6844148337841034,0.8001526057720184
kin8nm,dune_bayes,289,loc,0.48044848144054414,0.5918645858764648,0.698987466096878
kin8nm,dune_bayes,290,loc,0.7429988384246826,0.8531719148159027,0.9627919256687164
kin8nm,dune_bayes,291,loc,0.6802470266819001,0.798067718744278,0.9081278860569
kin8nm,dune_bayes,292,loc,0.5013567358255386,0.6172279119491577,0.7400982081890106
kin8nm,dune_bayes,293,loc,0.756626182794571,0.8605535626411438,0.9525973051786422
kin8nm,dune_bayes,294,loc,0.7474648773670196,0.861586719751358,0.9736700177192686
kin8nm,dune_bayes,295,loc,0.9257656008005142,1.0393675565719604,1.1318892180919646
kin8nm,dune_bayes,296,loc,0.40559264570474624,0.5063725709915161,0.6070998668670654
kin8nm,dune_bayes,297,loc,0.6188296467065811,0.7224516570568085,0.8170659869909286
kin8nm,dune_bayes,298,loc,0.6019632339477539,0.7028874158859253,0.8048778921365738
kin8nm,dune_bayes,299,loc,0.42180195450782776,0.5231365263462067,0.6416414737701416
kin8nm,dune_bayes,300,loc,0.5257201641798019,0.61529541015625,0.7032113313674927
kin8nm,dune_bayes,301,loc,0.4918013706803322,0.5852667391300201,0.6794985115528107
kin8nm,dune_bayes,302,loc,0.7206850737333298,0.8193634748458862,0.9291592061519622
kin8nm,dune_bayes,303,loc,0.7087419271469116,0.8037232160568237,0.9011949956417084
kin8nm,dune_bayes,304,loc,0.4684342578053474,0.5480042695999146,0.6253689020872116
kin8nm,dune_bayes,305,loc,0.7870664060115814,0.9166266322135925,1.0319621801376342
kin8nm,dune_bayes,306,loc,0.678096154332161,0.7771025002002716,0.8673167020082473
kin8nm,dune_bayes,307,loc,0.6795062631368637,0.7737185955047607,0.8763539731502532
kin8nm,dune_bayes,308,loc,0.21163280159235,0.3128437250852585,0.42240215688943855
kin8nm,dune_bayes,309,loc,0.6277289658784866,0.7228549420833588,0.8386648297309875
kin8nm,dune_bayes,310,loc,0.5547730326652527,0.6586704552173615,0.7594689607620239
kin8nm,dune_bayes,311,loc,0.5707422435283661,0.6612769067287445,0.7657876938581466
kin8nm,dune_bayes,312,loc,0.7757645159959793,0.8771253526210785,0.9817738234996796
kin8nm,dune_bayes,313,loc,0.9233989924192428,1.0518259406089783,1.16406991481781
kin8nm,dune_bayes,314,loc,0.4153815746307373,0.5167096555233002,0.6206355899572372
kin8nm,dune_bayes,315,loc,0.7353240966796875,0.8344562649726868,0.9193085700273513
kin8nm,dune_bayes,316,loc,0.4405471831560135,0.5376949906349182,0.6473455965518949
kin8nm,dune_bayes,317,loc,0.9608525991439819,1.0614518523216248,1.1630255103111267
kin8nm,dune_bayes,318,loc,0.3472382724285126,0.44201694428920746,0.5450802087783813
kin8nm,dune_bayes,319,loc,0.4325420901179314,0.5296308398246765,0.6358755737543106
kin8nm,dune_bayes,320,loc,0.6693262130022049,0.7671206891536713,0.8651828408241272
kin8nm,dune_bayes,321,loc,0.4278517886996269,0.5289888083934784,0.6422666370868683
kin8nm,dune_bayes,322,loc,0.5879276067018508,0.707708477973938,0.8318247079849242
kin8nm,dune_bayes,323,loc,0.8634103566408158,0.9590139985084534,1.0473733246326447
kin8nm,dune_bayes,324,loc,0.5540414124727249,0.6485885381698608,0.7434708505868911
kin8nm,dune_bayes,325,loc,0.6581138283014297,0.752566784620285,0.8709596276283263
kin8nm,dune_bayes,326,loc,0.592272213101387,0.7146540582180023,0.8177984178066253
kin8nm,dune_bayes,327,loc,0.6477857559919358,0.7419568002223969,0.8451637119054795
kin8nm,dune_bayes,328,loc,0.5709156155586242,0.6619268655776978,0.7548909574747085
kin8nm,dune_bayes,329,loc,0.676583680510521,0.7820357978343964,0.8796269208192825
kin8nm,dune_bayes,330,loc,0.7686268121004105,0.8828743398189545,0.9887195974588393
kin8nm,dune_bayes,331,loc,0.5397484481334687,0.6415660381317139,0.7354076206684113
kin8nm,dune_bayes,332,loc,0.6766170680522918,0.7825011014938354,0.8916851699352264
kin8nm,dune_bayes,333,loc,0.6522395551204682,0.7611366212368011,0.8614070028066635
kin8nm,dune_bayes,334,loc,0.9045569270849227,1.0234299302101135,1.1209425389766694
kin8nm,dune_bayes,335,loc,0.8154177099466324,0.9373518526554108,1.0459914743900296
kin8nm,dune_bayes,336,loc,0.79122274518013,0.9082329571247101,1.0258642494678498
kin8nm,dune_bayes,337,loc,0.5458958685398102,0.6391475200653076,0.7275717467069626
kin8nm,dune_bayes,338,loc,0.4023593574762344,0.4929652810096741,0.5900987803936004
kin8nm,dune_bayes,339,loc,0.43409186899662017,0.5450956523418427,0.6496839344501495
kin8nm,dune_bayes,340,loc,0.3522673547267914,0.45978395640850067,0.5740388989448547
kin8nm,dune_bayes,341,loc,0.5750330686569214,0.6679840683937073,0.7545791566371918
kin8nm,dune_bayes,342,loc,0.6491267114877701,0.7394927740097046,0.8424070537090301
kin8nm,dune_bayes,343,loc,0.5137573719024658,0.6174779832363129,0.7300859481096268
kin8nm,dune_bayes,344,loc,0.9026807546615601,1.0152924060821533,1.1159367501735684
kin8nm,dune_bayes,345,loc,0.4304736748337746,0.5320090651512146,0.6299575656652451
kin8nm,dune_bayes,346,loc,0.6382620662450791,0.7300041019916534,0.8374125033617018
kin8nm,dune_bayes,347,loc,0.8028325945138931,0.9241017699241638,1.0294443130493163
kin8nm,dune_bayes,348,loc,0.5417355388402939,0.6380325257778168,0.748408368229866
kin8nm,dune_bayes,349,loc,0.6240702778100967,0.7190060913562775,0.8079712003469467
kin8nm,dune_bayes,350,loc,0.8615116089582443,0.972305178642273,1.070720875263214
kin8nm,dune_bayes,351,loc,0.6322610288858413,0.754084974527359,0.8604136407375333
kin8nm,dune_bayes,352,loc,0.52587288916111,0.6195718050003052,0.7280663549900054
kin8nm,dune_bayes,353,loc,0.6538850426673889,0.7492996752262115,0.8620438575744629
kin8nm,dune_bayes,354,loc,0.49627937376499176,0.6003210842609406,0.6935024350881576
kin8nm,dune_bayes,355,loc,0.757594358921051,0.8613415360450745,0.9773124754428864
kin8nm,dune_bayes,356,loc,0.47083309888839725,0.5742856860160828,0.6843957722187041
kin8nm,dune_bayes,357,loc,0.6072168976068497,0.7032287120819092,0.800278103351593
kin8nm,dune_bayes,358,loc,0.598289680480957,0.7191958427429199,0.849260687828064
kin8nm,dune_bayes,359,loc,0.6694330036640167,0.7561255693435669,0.8438400775194168
kin8nm,dune_bayes,360,loc,0.3831218793988228,0.4873506724834442,0.5949453115463257
kin8nm,dune_bayes,361,loc,0.8298843145370484,0.9526433944702148,1.0710793495178224
kin8nm,dune_bayes,362,loc,0.6833401024341583,0.7802868187427521,0.8614123910665512
kin8nm,dune_bayes,363,loc,0.6077630132436752,0.7008481621742249,0.7946895033121109
kin8nm,dune_bayes,364,loc,0.7226205587387086,0.8223187327384949,0.9321348428726196
kin8nm,dune_bayes,365,loc,0.25692190378904345,0.36556699872016907,0.4663026720285415
kin8nm,dune_bayes,366,loc,0.46160588711500167,0.5566577911376953,0.6612214177846908
kin8nm,dune_bayes,367,loc,0.8196900248527527,0.9119133353233337,1.0046162366867064
kin8nm,dune_bayes,368,loc,0.7050626188516617,0.8266140520572662,0.9365359187126159
kin8nm,dune_bayes,369,loc,0.6368580847978592,0.7670047879219055,0.8828607350587844
kin8nm,dune_bayes,370,loc,0.32834085524082185,0.43100564181804657,0.5417545109987257
kin8nm,dune_bayes,371,loc,0.5596111983060836,0.6568508148193359,0.752394762635231
kin8nm,dune_bayes,372,loc,0.4852959498763085,0.6039722561836243,0.7151166498661041
kin8nm,dune_bayes,373,loc,0.5874317914247513,0.7034727334976196,0.8096643716096878
kin8nm,dune_bayes,374,loc,0.7729968041181564,0.8734419941902161,0.9626791059970853
kin8nm,dune_bayes,375,loc,0.7027932643890381,0.8014801740646362,0.8944067656993865
kin8nm,dune_bayes,376,loc,0.7802197247743606,0.8791038990020752,0.990416771173477
kin8nm,dune_bayes,377,loc,0.5408124625682831,0.6409274637699127,0.7348084092140197
kin8nm,dune_bayes,378,loc,0.3232566639780998,0.4307005852460861,0.5214448392391203
kin8nm,dune_bayes,379,loc,0.8428261816501618,0.9481153190135956,1.053802078962326
kin8nm,dune_bayes,380,loc,0.8450361311435699,0.9734933972358704,1.0855167984962464
kin8nm,dune_bayes,381,loc,0.7574791371822357,0.8562501966953278,0.9523498684167861
kin8nm,dune_bayes,382,loc,0.4531926617026329,0.5740761160850525,0.6887974381446837
kin8nm,dune_bayes,383,loc,0.7725039839744567,0.875827431678772,0.9772676467895508
kin8nm,dune_bayes,384,loc,0.7412486970424652,0.8366938829421997,0.9193264424800873
kin8nm,dune_bayes,385,loc,0.6928046882152558,0.8189380168914795,0.9441874116659165
kin8nm,dune_bayes,386,loc,0.33759777098894117,0.43533211946487427,0.5248636722564697
kin8nm,dune_bayes,387,loc,0.9130951911211014,1.0260689854621887,1.1435811638832092
kin8nm,dune_bayes,388,loc,0.6996100038290024,0.8041591942310333,0.9000122576951981
kin8nm,dune_bayes,389,loc,0.4677993193268776,0.5706689655780792,0.6667729020118713
kin8nm,dune_bayes,390,loc,0.5532753556966782,0.6523302495479584,0.7457349896430969
kin8nm,dune_bayes,391,loc,0.7952032953500747,0.9141349494457245,1.0407633244991303
kin8nm,dune_bayes,392,loc,0.7729911118745804,0.8608662188053131,0.9678692787885665
kin8nm,dune_bayes,393,loc,0.5438061624765396,0.6492185890674591,0.7754596918821334
kin8nm,dune_bayes,394,loc,0.8570080369710922,0.9662624299526215,1.0642154097557068
kin8nm,dune_bayes,395,loc,0.45892067402601244,0.5726965069770813,0.6811142235994339
kin8nm,dune_bayes,396,loc,0.4694195717573166,0.5782303214073181,0.6775964319705962
kin8nm,dune_bayes,397,loc,0.5899659603834152,0.6880766749382019,0.7940827846527099
kin8nm,dune_bayes,398,loc,0.6163296133279801,0.7303532660007477,0.8287976890802382
kin8nm,dune_bayes,399,loc,0.47071249932050707,0.5674530267715454,0.6663460612297057
kin8nm,dune_bayes,400,loc,0.6131784379482269,0.6999797821044922,0.7958732485771179
kin8nm,dune_bayes,401,loc,0.48787937164306644,0.5998917520046234,0.6997943490743637
kin8nm,dune_bayes,402,loc,0.6804433077573776,0.8037177622318268,0.9228141486644744
kin8nm,dune_bayes,403,loc,0.5693768709897995,0.6577642858028412,0.7379518300294875
kin8nm,dune_bayes,404,loc,0.8465729266405105,0.9595365226268768,1.052050423622131
kin8nm,dune_bayes,405,loc,0.5687807679176331,0.6561185121536255,0.7590428918600082
kin8nm,dune_bayes,406,loc,0.34733096361160276,0.4409579485654831,0.5524190098047257
kin8nm,dune_bayes,407,loc,0.5725840508937836,0.6903563141822815,0.8063192218542097
kin8nm,dune_bayes,408,loc,0.7010045498609543,0.792071670293808,0.8858457684516907
kin8nm,dune_bayes,409,loc,0.8346602857112885,0.9408352375030518,1.067899656295776
kin8nm,dune_bayes,410,loc,0.7304024487733841,0.8383556306362152,0.9585328549146652
kin8nm,dune_bayes,411,loc,0.3491148829460144,0.4580553472042084,0.5632526993751525
kin8nm,dune_bayes,412,loc,0.5408004462718964,0.6364696323871613,0.7355888485908508
kin8nm,dune_bayes,413,loc,0.5486465901136398,0.6656503975391388,0.7807570815086363
kin8nm,dune_bayes,414,loc,0.42494661957025526,0.531920462846756,0.6400246262550353
kin8nm,dune_bayes,415,loc,0.34003553092479705,0.44585101306438446,0.5439545720815656
kin8nm,dune_bayes,416,loc,0.5818641752004623,0.6843775808811188,0.7831586748361588
kin8nm,dune_bayes,417,loc,0.6835380524396897,0.7794375419616699,0.8733016788959502
kin8nm,dune_bayes,418,loc,0.8516928434371949,0.9605793356895447,1.0744428873062133
kin8nm,dune_bayes,419,loc,0.6402914971113205,0.723590224981308,0.8017378538846969
kin8nm,dune_bayes,420,loc,0.49973003268241883,0.6125339567661285,0.7177217215299606
kin8nm,dune_bayes,421,loc,0.5229867041110993,0.6389741599559784,0.7473246127367018
kin8nm,dune_bayes,422,loc,0.5575635999441146,0.6654487252235413,0.7647031545639038
kin8nm,dune_bayes,423,loc,0.8267279118299484,0.9377207159996033,1.0543792366981506
kin8nm,dune_bayes,424,loc,0.6755444943904877,0.7783247232437134,0.8681098073720932
kin8nm,dune_bayes,425,loc,0.582264643907547,0.6984646916389465,0.8213054805994033
kin8nm,dune_bayes,426,loc,0.4967509344220161,0.5820551812648773,0.6690811097621918
kin8nm,dune_bayes,427,loc,0.7263270676136017,0.8379113674163818,0.9312667191028595
kin8nm,dune_bayes,428,loc,0.8384215772151947,0.9435344934463501,1.0448340773582458
kin8nm,dune_bayes,429,loc,0.6077622085809707,0.7176780998706818,0.8311225742101669
kin8nm,dune_bayes,430,loc,0.6754029333591461,0.7819287478923798,0.888563174009323
kin8nm,dune_bayes,431,loc,0.444890008866787,0.5479178130626678,0.6632957071065902
kin8nm,dune_bayes,432,loc,0.7661202698945999,0.8547291457653046,0.9544103413820266
kin8nm,dune_bayes,433,loc,0.7752554595470429,0.8725949227809906,0.9734764933586121
kin8nm,dune_bayes,434,loc,0.5497457087039948,0.6553739309310913,0.7504579573869705
kin8nm,dune_bayes,435,loc,0.5560249745845794,0.6664485335350037,0.7597000807523727
kin8nm,dune_bayes,436,loc,0.6206924587488174,0.718047022819519,0.8251063615083694
kin8nm,dune_bayes,437,loc,0.6051713436841964,0.6923010349273682,0.7788267254829406
kin8nm,dune_bayes,438,loc,0.6692186653614044,0.7652459442615509,0.8652812123298644
kin8nm,dune_bayes,439,loc,0.2540815517306328,0.36801569163799286,0.47550411820411675
kin8nm,dune_bayes,440,loc,0.730594140291214,0.8325321078300476,0.9199316829442978
kin8nm,dune_bayes,441,loc,0.6351134568452835,0.7382973432540894,0.8498448103666304
kin8nm,dune_bayes,442,loc,0.8597605049610137,0.9789271950721741,1.080966967344284
kin8nm,dune_bayes,443,loc,0.7028404474258423,0.8143796324729919,0.9220939844846724
kin8nm,dune_bayes,444,loc,0.5134998828172683,0.6194291412830353,0.7197809547185897
kin8nm,dune_bayes,445,loc,0.8657398670911789,0.9645912051200867,1.0646154165267945
kin8nm,dune_bayes,446,loc,0.3974588081240654,0.514917254447937,0.6153885751962661
kin8nm,dune_bayes,447,loc,0.5510594457387924,0.6381706297397614,0.7198526293039321
kin8nm,dune_bayes,448,loc,0.4929486811161041,0.5960290133953094,0.7061560422182083
kin8nm,dune_bayes,449,loc,0.8230510234832764,0.9223584532737732,1.0032754898071288
kin8nm,dune_bayes,450,loc,0.6275983214378357,0.7445427179336548,0.8604213565587996
kin8nm,dune_bayes,451,loc,0.6822620123624802,0.7696758508682251,0.8684161216020584
kin8nm,dune_bayes,452,loc,0.7149074018001557,0.810204803943634,0.9019130438566207
kin8nm,dune_bayes,453,loc,0.4763749897480011,0.5867373049259186,0.6928141742944717
kin8nm,dune_bayes,454,loc,0.8877578854560852,0.9919516444206238,1.0998190104961394
kin8nm,dune_bayes,455,loc,0.6060341209173202,0.6913270056247711,0.7836839109659194
kin8nm,dune_bayes,456,loc,0.7928616493940354,0.8897184133529663,0.9838563919067381
kin8nm,dune_bayes,457,loc,0.6076274156570435,0.7079966366291046,0.8127984523773193
kin8nm,dune_bayes,458,loc,0.7692881435155868,0.8797241449356079,0.981723067164421
kin8nm,dune_bayes,459,loc,0.43592108190059664,0.5523096024990082,0.6704238712787628
kin8nm,dune_bayes,460,loc,0.6190543711185456,0.7254424393177032,0.8281947702169419
kin8nm,dune_bayes,461,loc,0.7555783748626709,0.84685879945755,0.9442036151885985
kin8nm,dune_bayes,462,loc,0.8586732983589173,0.9801855981349945,1.0885974764823914
kin8nm,dune_bayes,463,loc,0.6410052239894867,0.7409007549285889,0.8326896369457245
kin8nm,dune_bayes,464,loc,0.43745993077754974,0.543944776058197,0.6483322858810424
kin8nm,dune_bayes,465,loc,0.7877613067626953,0.9206150770187378,1.038513398170471
kin8nm,dune_bayes,466,loc,0.5055829375982285,0.6103163957595825,0.7151191383600235
kin8nm,dune_bayes,467,loc,0.5950477451086045,0.695957601070404,0.8046152710914611
kin8nm,dune_bayes,468,loc,0.7220338582992554,0.8305221498012543,0.9218444406986236
kin8nm,dune_bayes,469,loc,0.6250230878591537,0.7291699349880219,0.8223250001668929
kin8nm,dune_bayes,470,loc,0.5450821340084075,0.6371215581893921,0.7406964480876921
kin8nm,dune_bayes,471,loc,0.6328763335943222,0.7408505976200104,0.8415832996368408
kin8nm,dune_bayes,472,loc,0.8265434622764587,0.9324138462543488,1.027329558134079
kin8nm,dune_bayes,473,loc,0.6584191620349884,0.768441915512085,0.8639233022928237
kin8nm,dune_bayes,474,loc,0.47646376937627793,0.5627200603485107,0.6579874843358993
kin8nm,dune_bayes,475,loc,0.6157907724380494,0.7203503251075745,0.8114122211933135
kin8nm,dune_bayes,476,loc,0.7739766895771026,0.8982799351215363,1.022080338001251
kin8nm,dune_bayes,477,loc,0.5901642829179764,0.6932737529277802,0.8008509397506712
kin8nm,dune_bayes,478,loc,0.5160634815692902,0.6133025884628296,0.7050688862800598
kin8nm,dune_bayes,479,loc,0.7040807396173477,0.7964974045753479,0.9055424690246582
kin8nm,dune_bayes,480,loc,0.7678382277488709,0.8780093193054199,0.9763541668653487
kin8nm,dune_bayes,481,loc,0.7834754049777984,0.8895273208618164,1.0034187495708464
kin8nm,dune_bayes,482,loc,0.6763516277074814,0.7788680493831635,0.8800115883350371
kin8nm,dune_bayes,483,loc,0.5386442214250564,0.6524358093738556,0.7688353985548018
kin8nm,dune_bayes,484,loc,0.7120703220367431,0.803286224603653,0.9069246172904968
kin8nm,dune_bayes,485,loc,0.6372893989086151,0.736319899559021,0.8463821381330489
kin8nm,dune_bayes,486,loc,0.7699565887451172,0.8685058057308197,0.9695433616638184
kin8nm,dune_bayes,487,loc,0.39068624526262286,0.483180433511734,0.5717273920774458
kin8nm,dune_bayes,488,loc,0.527002164721489,0.6364910900592804,0.7672919571399688
kin8nm,dune_bayes,489,loc,0.49524316638708116,0.6033909022808075,0.7077598661184311
kin8nm,dune_bayes,490,loc,0.6292696207761764,0.7361994683742523,0.8338882595300674
kin8nm,dune_bayes,491,loc,0.7367088288068772,0.8638552129268646,0.9697408169507981
kin8nm,dune_bayes,492,loc,0.7325346797704697,0.8380285799503326,0.9389821052551268
kin8nm,dune_bayes,493,loc,0.3446365624666214,0.45087699592113495,0.5606081962585449
kin8nm,dune_bayes,494,loc,0.5950894296169281,0.6902318000793457,0.8045029908418655
kin8nm,dune_bayes,495,loc,0.3477136552333832,0.4631311297416687,0.5667399048805236
kin8nm,dune_bayes,496,loc,0.6704219520092011,0.7577371597290039,0.8505650520324706
kin8nm,dune_bayes,497,loc,0.6574070781469346,0.7614053189754486,0.8505691736936567
kin8nm,dune_bayes,498,loc,0.7133489191532135,0.8203016221523285,0.9345471322536468
kin8nm,dune_bayes,499,loc,0.7504042387008667,0.851879358291626,0.9431458026170729
kin8nm,dune_bayes,500,loc,0.6954173624515534,0.8138404488563538,0.9142644733190536
kin8nm,dune_bayes,501,loc,0.8016835302114487,0.9228477776050568,1.0424139261245728
kin8nm,dune_bayes,502,loc,0.5852711886167526,0.6845727562904358,0.7807543575763702
kin8nm,dune_bayes,503,loc,0.8798830211162567,0.9948006570339203,1.1066739439964293
kin8nm,dune_bayes,504,loc,0.8229172050952911,0.9381606578826904,1.0553654730319975
kin8nm,dune_bayes,505,loc,0.6656211078166961,0.7883490025997162,0.9179620265960693
kin8nm,dune_bayes,506,loc,0.44559286832809447,0.5384011268615723,0.6398857414722443
kin8nm,dune_bayes,507,loc,0.44208544939756395,0.5426425039768219,0.6391476094722748
kin8nm,dune_bayes,508,loc,0.4910938918590546,0.5974466800689697,0.6948041856288909
kin8nm,dune_bayes,509,loc,0.4871407836675644,0.597854882478714,0.7219443023204802
kin8nm,dune_bayes,510,loc,0.6630359411239624,0.7778758108615875,0.8788896918296814
kin8nm,dune_bayes,511,loc,0.7743285745382309,0.8890016078948975,0.9812863618135451
kin8nm,dune_bayes,512,loc,0.8256111413240432,0.9199780225753784,1.0088078558444977
kin8nm,dune_bayes,513,loc,0.6179277837276459,0.723076581954956,0.8261021375656128
kin8nm,dune_bayes,514,loc,0.5351004600524902,0.6564083993434906,0.7679001033306121
kin8nm,dune_bayes,515,loc,0.9461709469556808,1.0429181456565857,1.1287315964698792
kin8nm,dune_bayes,516,loc,0.5671573251485824,0.6850696504116058,0.7926253080368041
kin8nm,dune_bayes,517,loc,0.7616354644298553,0.8684114217758179,0.967188835144043
kin8nm,dune_bayes,518,loc,0.6949387848377228,0.7868568599224091,0.8888995736837387
kin8nm,dune_bayes,519,loc,0.6422021001577377,0.7626084089279175,0.8818727850914001
kin8nm,dune_bayes,520,loc,0.8390275835990906,0.9611174762248993,1.0617889761924744
kin8nm,dune_bayes,521,loc,0.6694554030895233,0.7816904485225677,0.8811340004205703
kin8nm,dune_bayes,522,loc,0.4807808741927147,0.5806010663509369,0.6810395836830139
kin8nm,dune_bayes,523,loc,0.6723598212003707,0.763853520154953,0.8533487737178802
kin8nm,dune_bayes,524,loc,0.5864157736301422,0.7004986703395844,0.8178746044635773
kin8nm,dune_bayes,525,loc,0.5829021275043488,0.6878403723239899,0.7830779671669006
kin8nm,dune_bayes,526,loc,0.8541183769702911,0.9770556092262268,1.071771240234375
kin8nm,dune_bayes,527,loc,0.6175909966230393,0.7431597411632538,0.8411920964717864
kin8nm,dune_bayes,528,loc,0.6509267151355743,0.7559143900871277,0.8718445599079132
kin8nm,dune_bayes,529,loc,0.7833496004343032,0.9089261889457703,1.0234596312046051
kin8nm,dune_bayes,530,loc,0.4124977469444275,0.5193681120872498,0.6193649888038635
kin8nm,dune_bayes,531,loc,0.7579659700393677,0.8584256172180176,0.9716046750545501
kin8nm,dune_bayes,532,loc,0.6331705063581466,0.749721109867096,0.8388016760349274
kin8nm,dune_bayes,533,loc,0.5809339106082916,0.6819689273834229,0.7827868521213531
kin8nm,dune_bayes,534,loc,0.5988494575023651,0.6939972341060638,0.7890294939279556
kin8nm,dune_bayes,535,loc,0.7377923220396042,0.848736047744751,0.9432549357414245
kin8nm,dune_bayes,536,loc,0.842268779873848,0.9576240479946136,1.0541586995124816
kin8nm,dune_bayes,537,loc,0.6977027267217636,0.8060469031333923,0.9134440422058104
kin8nm,dune_bayes,538,loc,0.5683955013751983,0.6892641484737396,0.7961084634065628
kin8nm,dune_bayes,539,loc,0.7796923816204071,0.8802668452262878,0.9739532232284546
kin8nm,dune_bayes,540,loc,0.534447404742241,0.649530678987503,0.7549393355846404
kin8nm,dune_bayes,541,loc,0.4769971251487732,0.5766608119010925,0.6704808980226515
kin8nm,dune_bayes,542,loc,0.6684654444456101,0.7608849704265594,0.8559459269046782
kin8nm,dune_bayes,543,loc,0.6082348048686982,0.7302455008029938,0.8362491071224212
kin8nm,dune_bayes,544,loc,0.8599337935447693,0.9784524142742157,1.0855145812034608
kin8nm,dune_bayes,545,loc,0.7585098773241044,0.8847801387310028,1.0110283017158506
kin8nm,dune_bayes,546,loc,0.40726334154605864,0.5428117215633392,0.6686644613742828
kin8nm,dune_bayes,547,loc,0.8701892822980881,0.9763884246349335,1.0734351098537445
kin8nm,dune_bayes,548,loc,0.5775357574224472,0.6825487613677979,0.790673953294754
kin8nm,dune_bayes,549,loc,0.7952934771776199,0.9183466136455536,1.0330233335494994
kin8nm,dune_bayes,550,loc,0.8580700874328614,0.9623928666114807,1.0512620091438294
kin8nm,dune_bayes,551,loc,0.7742400586605072,0.8602576851844788,0.957114079594612
kin8nm,dune_bayes,552,loc,0.4727612406015396,0.568478137254715,0.6728878080844878
kin8nm,dune_bayes,553,loc,0.6428669393062592,0.7396970093250275,0.8300943046808241
kin8nm,dune_bayes,554,loc,0.7771938532590866,0.8907296359539032,0.9907628029584885
kin8nm,dune_bayes,555,loc,0.7842514127492904,0.8808985948562622,0.9726999640464781
kin8nm,dune_bayes,556,loc,0.49341661632061007,0.603834331035614,0.7196810752153396
kin8nm,dune_bayes,557,loc,0.5716400504112243,0.6668283343315125,0.7619048774242401
kin8nm,dune_bayes,558,loc,0.4673938527703285,0.5860703885555267,0.6977022171020507
kin8nm,dune_bayes,559,loc,0.6770788818597794,0.7695403397083282,0.8533745855093002
kin8nm,dune_bayes,560,loc,0.6655800640583038,0.7609735429286957,0.8554537981748581
kin8nm,dune_bayes,561,loc,0.6452084422111511,0.7536951005458832,0.8486109346151351
kin8nm,dune_bayes,562,loc,0.47269247770309447,0.5615423917770386,0.6620958864688873
kin8nm,dune_bayes,563,loc,0.49134397506713867,0.5834940373897552,0.6761970311403275
kin8nm,dune_bayes,564,loc,0.5192338645458221,0.6143507063388824,0.7128476679325102
kin8nm,dune_bayes,565,loc,0.6930440574884414,0.8009160459041595,0.8979509264230727
kin8nm,dune_bayes,566,loc,0.7423131346702576,0.8553980588912964,0.972172611951828
kin8nm,dune_bayes,567,loc,0.6990165948867798,0.8028402924537659,0.9030905574560165
kin8nm,dune_bayes,568,loc,0.6252880334854126,0.7279171645641327,0.8204901069402695
kin8nm,dune_bayes,569,loc,0.6914027005434036,0.8037225902080536,0.9100273340940476
kin8nm,dune_bayes,570,loc,0.901710855960846,1.011013388633728,1.1052747309207915
kin8nm,dune_bayes,571,loc,0.774912628531456,0.8920900225639343,0.9990392923355103
kin8nm,dune_bayes,572,loc,0.5708626627922058,0.6616864502429962,0.758758646249771
kin8nm,dune_bayes,573,loc,0.6673127084970474,0.7676274180412292,0.8734820574522018
kin8nm,dune_bayes,574,loc,0.6692931741476059,0.7667588889598846,0.8605698883533477
kin8nm,dune_bayes,575,loc,0.7496701896190643,0.8522469997406006,0.9424002021551132
kin8nm,dune_bayes,576,loc,0.29174840301275257,0.3853719234466553,0.4830604687333106
kin8nm,dune_bayes,577,loc,0.47411431223154066,0.5874074697494507,0.6941071510314941
kin8nm,dune_bayes,578,loc,0.6351713925600052,0.7607035934925079,0.883065116405487
kin8nm,dune_bayes,579,loc,0.44303364902734754,0.5558063685894012,0.6640439987182616
kin8nm,dune_bayes,580,loc,0.613460773229599,0.7148206532001495,0.8031435042619705
kin8nm,dune_bayes,581,loc,0.7140638023614884,0.8276030421257019,0.9438848733901976
kin8nm,dune_bayes,582,loc,0.5510978043079376,0.6442267596721649,0.7509966492652892
kin8nm,dune_bayes,583,loc,0.837658914923668,0.9384898841381073,1.032119345664978
kin8nm,dune_bayes,584,loc,0.5782749623060226,0.6817654073238373,0.803459855914116
kin8nm,dune_bayes,585,loc,0.4447504997253418,0.5668599605560303,0.6769186824560165
kin8nm,dune_bayes,586,loc,0.4181463524699211,0.5357625186443329,0.6510110527276992
kin8nm,dune_bayes,587,loc,0.7546584516763687,0.8610497713088989,0.9540529489517211
kin8nm,dune_bayes,588,loc,0.6228898137807846,0.7340890169143677,0.8432638972997665
kin8nm,dune_bayes,589,loc,0.6396152317523957,0.746479719877243,0.8420187592506408
kin8nm,dune_bayes,590,loc,0.5984717667102813,0.6917886137962341,0.7868079751729965
kin8nm,dune_bayes,591,loc,0.9387310236692429,1.0397555828094482,1.1336672246456145
kin8nm,dune_bayes,592,loc,0.7145456671714783,0.8160923719406128,0.9210842490196227
kin8nm,dune_bayes,593,loc,0.4466409116983414,0.5510062575340271,0.6501244246959687
kin8nm,dune_bayes,594,loc,0.400372239947319,0.5059149861335754,0.608964067697525
kin8nm,dune_bayes,595,loc,0.7123925358057022,0.8354929387569427,0.9383141934871674
kin8nm,dune_bayes,596,loc,0.48706030994653704,0.5710928440093994,0.6729182690382003
kin8nm,dune_bayes,597,loc,0.6621640861034394,0.7739763557910919,0.869946950674057
kin8nm,dune_bayes,598,loc,0.4137696012854576,0.5188197195529938,0.6219708919525146
kin8nm,dune_bayes,599,loc,0.42097675800323486,0.541816920042038,0.6492813259363174
kin8nm,dune_bayes,600,loc,0.7321692883968354,0.8482878804206848,0.9454427659511566
kin8nm,dune_bayes,601,loc,0.5391284137964248,0.6452453434467316,0.7512039959430694
kin8nm,dune_bayes,602,loc,0.6305034101009369,0.730928361415863,0.8305214166641235
kin8nm,dune_bayes,603,loc,0.5265717744827271,0.6271367967128754,0.7229320138692854
kin8nm,dune_bayes,604,loc,0.6510637015104294,0.7660361230373383,0.8773710787296294
kin8nm,dune_bayes,605,loc,0.7589254587888717,0.8549647331237793,0.9500379025936126
kin8nm,dune_bayes,606,loc,0.6072098970413208,0.7102867662906647,0.8069044321775436
kin8nm,dune_bayes,607,loc,0.6217501193284989,0.7344188094139099,0.8451797932386397
kin8nm,dune_bayes,608,loc,0.37163825482130053,0.47523780167102814,0.5762335687875747
kin8nm,dune_bayes,609,loc,0.8955890387296677,1.013204038143158,1.1397557377815246
kin8nm,dune_bayes,610,loc,0.8059514284133911,0.9123744368553162,1.040021586418152
kin8nm,dune_bayes,611,loc,0.3401566281914711,0.449805811047554,0.5713205009698867
kin8nm,dune_bayes,612,loc,0.8664150983095169,0.9876054525375366,1.1120809078216551
kin8nm,dune_bayes,613,loc,0.7616780817508697,0.8507658541202545,0.950378954410553
kin8nm,dune_bayes,614,loc,0.5643441677093506,0.6620111763477325,0.7576413094997406
kin8nm,dune_bayes,615,loc,0.8080126494169235,0.9115341305732727,1.0140489041805267
kin8nm,dune_bayes,616,loc,0.4918850719928741,0.6002088189125061,0.7243007034063339
kin8nm,dune_bayes,617,loc,0.7486194044351577,0.8634065687656403,0.9689930409193038
kin8nm,dune_bayes,618,loc,0.4577978178858757,0.5704963803291321,0.656618595123291
kin8nm,dune_bayes,619,loc,0.6641339540481568,0.7761856019496918,0.884076914191246
kin8nm,dune_bayes,620,loc,0.6356575787067413,0.7230283319950104,0.8195421129465102
kin8nm,dune_bayes,621,loc,0.38494444638490677,0.48280006647109985,0.5939120709896087
kin8nm,dune_bayes,622,loc,0.4978161871433258,0.5945294797420502,0.6914913862943649
kin8nm,dune_bayes,623,loc,0.5940517038106918,0.7118706703186035,0.8129811525344849
kin8nm,dune_bayes,624,loc,0.39951484501361845,0.5018306374549866,0.6033462256193161
kin8nm,dune_bayes,625,loc,0.6633410811424255,0.7669830322265625,0.8739487648010253
kin8nm,dune_bayes,626,loc,0.7443670779466629,0.846261739730835,0.9439594984054566
kin8nm,dune_bayes,627,loc,0.3402110099792481,0.45377033948898315,0.548716077208519
kin8nm,dune_bayes,628,loc,0.6337075889110565,0.7405100166797638,0.8430241286754607
kin8nm,dune_bayes,629,loc,0.6599508434534073,0.7682943940162659,0.8667059987783432
kin8nm,dune_bayes,630,loc,0.7379368007183075,0.8566007912158966,0.9608700454235075
kin8nm,dune_bayes,631,loc,0.5732688963413238,0.677636981010437,0.774717503786087
kin8nm,dune_bayes,632,loc,0.5606245458126068,0.6580405533313751,0.7473311990499493
kin8nm,dune_bayes,633,loc,0.898628318309784,0.99749755859375,1.0911765694618225
kin8nm,dune_bayes,634,loc,0.3870964288711548,0.5040400624275208,0.6182854175567625
kin8nm,dune_bayes,635,loc,0.8261410742998123,0.9313800930976868,1.0316065311431883
kin8nm,dune_bayes,636,loc,0.36986356526613234,0.46148692071437836,0.5629642605781555
kin8nm,dune_bayes,637,loc,0.8778276026248932,0.9781692028045654,1.0695293724536896
kin8nm,dune_bayes,638,loc,0.7151933968067169,0.8213496208190918,0.9051037281751633
kin8nm,dune_bayes,639,loc,0.946734619140625,1.04949152469635,1.1379653334617614
kin8nm,dune_bayes,640,loc,0.5856068670749665,0.6848414540290833,0.7874435782432556
kin8nm,dune_bayes,641,loc,0.7815032064914703,0.8931833505630493,1.0004637002944945
kin8nm,dune_bayes,642,loc,0.6925049811601639,0.7752118706703186,0.8614247560501098
kin8nm,dune_bayes,643,loc,0.3476704105734825,0.4518090784549713,0.5688089787960052
kin8nm,dune_bayes,644,loc,0.656957796216011,0.7730424106121063,0.8911285221576689
kin8nm,dune_bayes,645,loc,0.9284961372613907,1.0268818736076355,1.1262328207492829
kin8nm,dune_bayes,646,loc,0.4739671126008034,0.5736581087112427,0.667384472489357
kin8nm,dune_bayes,647,loc,0.5524075031280518,0.6737842261791229,0.7741079539060591
kin8nm,dune_bayes,648,loc,0.7537455201148987,0.8468661606311798,0.9508805155754089
kin8nm,dune_bayes,649,loc,0.6160822063684464,0.7195897102355957,0.8133522987365722
kin8nm,dune_bayes,650,loc,0.7369058668613434,0.8489130735397339,0.9577095389366149
kin8nm,dune_bayes,651,loc,0.44934271425008776,0.5549635887145996,0.6708914458751678
kin8nm,dune_bayes,652,loc,0.6798814743757248,0.8008247315883636,0.9016429424285887
kin8nm,dune_bayes,653,loc,0.4362227514386177,0.5396993458271027,0.6400161176919937
kin8nm,dune_bayes,654,loc,0.6503748893737793,0.7743059396743774,0.88282171189785
kin8nm,dune_bayes,655,loc,0.7048684895038605,0.8000425696372986,0.9050969332456588
kin8nm,dune_bayes,656,loc,0.7516390413045884,0.8653429746627808,0.9873751938343047
kin8nm,dune_bayes,657,loc,0.5316631734371186,0.6317861676216125,0.7326298296451568
kin8nm,dune_bayes,658,loc,0.7080984711647034,0.8072846531867981,0.9030577480793
kin8nm,dune_bayes,659,loc,0.8060573458671569,0.923738956451416,1.021150428056717
kin8nm,dune_bayes,660,loc,0.5652374237775802,0.6821992695331573,0.7831460356712341
kin8nm,dune_bayes,661,loc,0.5364008724689484,0.6409569084644318,0.7580254971981049
kin8nm,dune_bayes,662,loc,0.6167713761329651,0.7354460954666138,0.8445710867643357
kin8nm,dune_bayes,663,loc,0.6308298498392105,0.7332904636859894,0.8438405185937882
kin8nm,dune_bayes,664,loc,0.45356893390417097,0.5459309816360474,0.6335015386343003
kin8nm,dune_bayes,665,loc,0.7049613803625107,0.8044485449790955,0.9015699267387389
kin8nm,dune_bayes,666,loc,0.6152789682149887,0.7291204035282135,0.8354367703199387
kin8nm,dune_bayes,667,loc,0.46978960931301117,0.5702109932899475,0.6635699898004531
kin8nm,dune_bayes,668,loc,0.7214439749717713,0.826932281255722,0.9351663917303084
kin8nm,dune_bayes,669,loc,0.3245801657438278,0.43919865787029266,0.5459489107131957
kin8nm,dune_bayes,670,loc,0.38232688158750533,0.4841054528951645,0.5817359954118728
kin8nm,dune_bayes,671,loc,0.6714884787797928,0.7804133892059326,0.8796382814645767
kin8nm,dune_bayes,672,loc,0.4196754813194275,0.5325349867343903,0.6381652325391769
kin8nm,dune_bayes,673,loc,0.3430474683642388,0.4458882808685303,0.5540808737277985
kin8nm,dune_bayes,674,loc,0.5967871338129044,0.7033225297927856,0.7971669286489484
kin8nm,dune_bayes,675,loc,0.6661177992820739,0.7760755717754364,0.8933123886585235
kin8nm,dune_bayes,676,loc,0.5507831484079361,0.651695728302002,0.7388013005256653
kin8nm,dune_bayes,677,loc,0.5432976245880127,0.6388363838195801,0.7612363427877427
kin8nm,dune_bayes,678,loc,0.6893731087446213,0.7835967242717743,0.8863120973110199
kin8nm,dune_bayes,679,loc,0.4083522588014603,0.49794039130210876,0.587896290421486
kin8nm,dune_bayes,680,loc,0.33192698657512665,0.4460112899541855,0.5561122596263884
kin8nm,dune_bayes,681,loc,0.5410226732492447,0.6384100914001465,0.7576625615358352
kin8nm,dune_bayes,682,loc,0.6682571083307266,0.7719714045524597,0.8861222743988036
kin8nm,dune_bayes,683,loc,0.7341631323099136,0.8544065058231354,0.9515308737754822
kin8nm,dune_bayes,684,loc,0.5764735758304596,0.6888312101364136,0.794707092642784
kin8nm,dune_bayes,685,loc,0.8803800225257874,0.9980082809925079,1.1056886076927184
kin8nm,dune_bayes,686,loc,0.4374879762530327,0.5415792167186737,0.6360778480768203
kin8nm,dune_bayes,687,loc,0.8743562012910843,0.9957685470581055,1.0952484726905822
kin8nm,dune_bayes,688,loc,0.6959393948316575,0.799635648727417,0.9046295881271362
kin8nm,dune_bayes,689,loc,0.48795056343078613,0.5992157459259033,0.7118092358112335
kin8nm,dune_bayes,690,loc,0.25334370881319046,0.34461772441864014,0.4421726360917091
kin8nm,dune_bayes,691,loc,0.4024288773536682,0.5097138583660126,0.6025597691535949
kin8nm,dune_bayes,692,loc,0.5045104533433914,0.6174556612968445,0.7154729902744293
kin8nm,dune_bayes,693,loc,0.9719591677188874,1.081846296787262,1.1890259206295013
kin8nm,dune_bayes,694,loc,0.3309343636035919,0.42930179834365845,0.5321286231279373
kin8nm,dune_bayes,695,loc,0.7084946155548095,0.8218179941177368,0.9162545293569563
kin8nm,dune_bayes,696,loc,0.7902449071407318,0.8974444270133972,1.0055358350276946
kin8nm,dune_bayes,697,loc,0.6598678946495056,0.7635188698768616,0.8561763107776641
kin8nm,dune_bayes,698,loc,0.4147544428706169,0.5199396014213562,0.620057076215744
kin8nm,dune_bayes,699,loc,0.7507165431976318,0.869112104177475,0.9971184015274048
kin8nm,dune_bayes,700,loc,0.7528790265321732,0.8736439347267151,1.0011095643043517
kin8nm,dune_bayes,701,loc,0.5819218754768372,0.6871037781238556,0.7888279289007185
kin8nm,dune_bayes,702,loc,0.7704416334629058,0.8610141575336456,0.9492501556873322
kin8nm,dune_bayes,703,loc,0.2529440149664879,0.3638676702976227,0.4846512585878372
kin8nm,dune_bayes,704,loc,0.5363620430231094,0.6290129721164703,0.7187608212232589
kin8nm,dune_bayes,705,loc,0.5390487760305405,0.6491762399673462,0.7445270419120789
kin8nm,dune_bayes,706,loc,0.7721300631761551,0.8672771751880646,0.9582200288772583
kin8nm,dune_bayes,707,loc,0.482348570227623,0.5806808471679688,0.6704448759555816
kin8nm,dune_bayes,708,loc,0.8496041238307953,0.953877180814743,1.0555955827236174
kin8nm,dune_bayes,709,loc,0.49976766705513004,0.6016572117805481,0.7105709701776505
kin8nm,dune_bayes,710,loc,0.49479523599147796,0.6058818399906158,0.7114087015390396
kin8nm,dune_bayes,711,loc,0.8161314427852631,0.9182686805725098,1.0198951959609985
kin8nm,dune_bayes,712,loc,0.366732719540596,0.46786297857761383,0.5779932826757429
kin8nm,dune_bayes,713,loc,0.499727326631546,0.6010859310626984,0.7033112198114395
kin8nm,dune_bayes,714,loc,0.607954129576683,0.7063137590885162,0.7970727860927581
kin8nm,dune_bayes,715,loc,0.7446213871240616,0.8384698033332825,0.9299773216247558
kin8nm,dune_bayes,716,loc,0.6502505540847778,0.7471428513526917,0.8331325381994248
kin8nm,dune_bayes,717,loc,0.7408765345811844,0.8332705497741699,0.9425382167100906
kin8nm,dune_bayes,718,loc,0.6790521442890167,0.7951846718788147,0.9054555177688599
kin8nm,dune_bayes,719,loc,0.6567513376474381,0.771913468837738,0.8710304856300354
kin8nm,dune_bayes,720,loc,0.6480116158723831,0.75211963057518,0.8594658553600311
kin8nm,dune_bayes,721,loc,0.7316978484392166,0.8271076679229736,0.9223401367664337
kin8nm,dune_bayes,722,loc,0.5046983629465103,0.6329217553138733,0.7663883805274962
kin8nm,dune_bayes,723,loc,0.7806767016649246,0.9040510654449463,1.0220379829406738
kin8nm,dune_bayes,724,loc,0.8357471406459809,0.9407548308372498,1.0356353521347046
kin8nm,dune_bayes,725,loc,0.6525593370199203,0.7414765954017639,0.8369071394205093
kin8nm,dune_bayes,726,loc,0.3745020657777786,0.47178496420383453,0.5804891377687453
kin8nm,dune_bayes,727,loc,0.7455072194337845,0.8618767261505127,0.9731375724077225
kin8nm,dune_bayes,728,loc,0.5641898483037948,0.6714771687984467,0.777950444817543
kin8nm,dune_bayes,729,loc,0.5387426465749741,0.6394644677639008,0.7390137404203414
kin8nm,dune_bayes,730,loc,0.536469304561615,0.6432884633541107,0.7523241996765136
kin8nm,dune_bayes,731,loc,0.4135419428348541,0.5207040011882782,0.6179458767175674
kin8nm,dune_bayes,732,loc,0.5990282535552979,0.7007741332054138,0.7997071504592895
kin8nm,dune_bayes,733,loc,0.7231501638889313,0.8517353534698486,0.970110136270523
kin8nm,dune_bayes,734,loc,0.43251479119062425,0.5283883213996887,0.6287554085254669
kin8nm,dune_bayes,735,loc,0.39419256150722504,0.49396608769893646,0.5982507348060607
kin8nm,dune_bayes,736,loc,0.6092226952314377,0.726213663816452,0.8260117948055267
kin8nm,dune_bayes,737,loc,0.5590840160846711,0.6691884100437164,0.7571713984012604
kin8nm,dune_bayes,738,loc,0.3264831364154816,0.4324169009923935,0.5507154792547226
kin8nm,dune_bayes,739,loc,0.7074781686067582,0.8123859167098999,0.9163066327571868
kin8nm,dune_bayes,740,loc,0.802351176738739,0.9006491303443909,0.9986150026321411
kin8nm,dune_bayes,741,loc,0.4792375177145004,0.580270528793335,0.6722694844007492
kin8nm,dune_bayes,742,loc,0.4589191347360611,0.5634822845458984,0.6692194044589995
kin8nm,dune_bayes,743,loc,0.4689189687371254,0.5771117210388184,0.6787327736616134
kin8nm,dune_bayes,744,loc,0.5810003161430359,0.6803538203239441,0.7695136159658432
kin8nm,dune_bayes,745,loc,0.7795873492956161,0.8926588296890259,1.00834943652153
kin8nm,dune_bayes,746,loc,0.6724242746829987,0.784879595041275,0.894698530435562
kin8nm,dune_bayes,747,loc,0.5198237597942352,0.6242494881153107,0.7157434552907944
kin8nm,dune_bayes,748,loc,0.7063192009925843,0.8176114857196808,0.9209042161703109
kin8nm,dune_bayes,749,loc,0.41205312609672545,0.5180918872356415,0.6184056550264357
kin8nm,dune_bayes,750,loc,0.2688753366470337,0.3819081634283066,0.4927077472209928
kin8nm,dune_bayes,751,loc,0.8702666014432907,0.9982554912567139,1.1114743709564208
kin8nm,dune_bayes,752,loc,0.7231856912374497,0.8214464485645294,0.9317338198423386
kin8nm,dune_bayes,753,loc,0.48310099840164183,0.5749046802520752,0.6695695430040359
kin8nm,dune_bayes,754,loc,0.4083524152636528,0.49884045124053955,0.5907453477382659
kin8nm,dune_bayes,755,loc,0.6961461573839187,0.8265269100666046,0.9474787592887878
kin8nm,dune_bayes,756,loc,0.7482100933790207,0.8616965115070343,0.9707553029060364
kin8nm,dune_bayes,757,loc,0.4001952111721039,0.4924222230911255,0.5856517761945724
kin8nm,dune_bayes,758,loc,0.4116461932659149,0.5286881625652313,0.6345572501420973
kin8nm,dune_bayes,759,loc,0.4351102367043495,0.5369439125061035,0.6395422726869583
kin8nm,dune_bayes,760,loc,0.48701751232147217,0.5806877315044403,0.6669237226247786
kin8nm,dune_bayes,761,loc,0.6691550225019455,0.7708436846733093,0.8664935052394866
kin8nm,dune_bayes,762,loc,0.52063490152359,0.6310506761074066,0.7314659774303436
kin8nm,dune_bayes,763,loc,0.8575547993183136,0.9543936550617218,1.0528423726558684
kin8nm,dune_bayes,764,loc,0.6871909856796264,0.8049411177635193,0.907955926656723
kin8nm,dune_bayes,765,loc,0.6509467750787735,0.761007159948349,0.875671923160553
kin8nm,dune_bayes,766,loc,0.9443047553300857,1.0528097748756409,1.1418101906776428
kin8nm,dune_bayes,767,loc,0.5002313703298569,0.6021521687507629,0.7055160135030745
kin8nm,dune_bayes,768,loc,0.4858688235282898,0.5857256352901459,0.6767236113548278
kin8nm,dune_bayes,769,loc,0.5277275681495667,0.6327787339687347,0.7315385192632673
kin8nm,dune_bayes,770,loc,0.7435737907886505,0.8603127896785736,0.9703413039445877
kin8nm,dune_bayes,771,loc,0.5063803404569626,0.5979020893573761,0.7069928884506226
kin8nm,dune_bayes,772,loc,0.4227332055568695,0.5184833109378815,0.611983236670494
kin8nm,dune_bayes,773,loc,0.5622807890176773,0.67179936170578,0.7715559631586074
kin8nm,dune_bayes,774,loc,0.6702499985694885,0.7734888195991516,0.8688475966453552
kin8nm,dune_bayes,775,loc,0.774497976899147,0.8779433369636536,0.9794210374355315
kin8nm,dune_bayes,776,loc,0.3335736617445946,0.45146705210208893,0.5488647788763046
kin8nm,dune_bayes,777,loc,0.6947617590427398,0.7969745695590973,0.8945524990558622
kin8nm,dune_bayes,778,loc,0.860888060927391,0.9750672876834869,1.0829654574394223
kin8nm,dune_bayes,779,loc,0.5791515499353409,0.6864635944366455,0.785768723487854
kin8nm,dune_bayes,780,loc,0.8865587711334229,1.003617525100708,1.1189212918281555
kin8nm,dune_bayes,781,loc,0.6352392464876175,0.7539103925228119,0.8784285098314284
kin8nm,dune_bayes,782,loc,0.4100766539573669,0.5192617475986481,0.6285748034715652
kin8nm,dune_bayes,783,loc,0.760065758228302,0.8718661963939667,0.9777300804853438
kin8nm,dune_bayes,784,loc,0.45146787613630296,0.5523087680339813,0.6526556253433228
kin8nm,dune_bayes,785,loc,0.8394767045974731,0.9326799809932709,1.015758341550827
kin8nm,dune_bayes,786,loc,0.604910135269165,0.715946614742279,0.8364902257919311
kin8nm,dune_bayes,787,loc,0.3335901707410812,0.4267332851886749,0.5187602669000625
kin8nm,dune_bayes,788,loc,0.5611366212368012,0.6758729815483093,0.7974278509616852
kin8nm,dune_bayes,789,loc,0.7157522857189178,0.813043475151062,0.9241379350423813
kin8nm,dune_bayes,790,loc,0.6714300483465194,0.786395400762558,0.8883374243974685
kin8nm,dune_bayes,791,loc,0.5453646183013916,0.6498109102249146,0.7491282910108565
kin8nm,dune_bayes,792,loc,0.43102847784757614,0.5382464230060577,0.6415102452039718
kin8nm,dune_bayes,793,loc,0.6305396437644959,0.7419620454311371,0.8385038554668426
kin8nm,dune_bayes,794,loc,0.7507436662912369,0.8765425682067871,0.9856889069080352
kin8nm,dune_bayes,795,loc,0.7252035737037659,0.8198340237140656,0.9102771759033204
kin8nm,dune_bayes,796,loc,0.710403048992157,0.8120107352733612,0.9055345296859739
kin8nm,dune_bayes,797,loc,0.8148417800664902,0.9358833134174347,1.0472783029079438
kin8nm,dune_bayes,798,loc,0.6028999447822571,0.6932482719421387,0.7911647230386734
kin8nm,dune_bayes,799,loc,0.447590260207653,0.5266819000244141,0.6060383886098861
kin8nm,dune_bayes,800,loc,0.45303916931152344,0.5550605952739716,0.6572210431098937
kin8nm,dune_bayes,801,loc,0.4125300899147987,0.504846453666687,0.5898576289415359
kin8nm,dune_bayes,802,loc,0.6398786455392838,0.750327080488205,0.8678256332874297
kin8nm,dune_bayes,803,loc,0.7653934597969055,0.8634936511516571,0.9692908257246017
kin8nm,dune_bayes,804,loc,0.4289851993322372,0.5291264057159424,0.6249747931957244
kin8nm,dune_bayes,805,loc,0.4479463711380959,0.568250834941864,0.6764918774366379
kin8nm,dune_bayes,806,loc,0.8070616006851197,0.9120714664459229,1.0219546854496002
kin8nm,dune_bayes,807,loc,0.609121972322464,0.7076300382614136,0.8053116172552108
kin8nm,dune_bayes,808,loc,0.6994804829359055,0.8179984092712402,0.9241437524557113
kin8nm,dune_bayes,809,loc,0.8092108279466629,0.91480752825737,1.026454335451126
kin8nm,dune_bayes,810,loc,0.6901809126138687,0.7831808030605316,0.8648206979036331
kin8nm,dune_bayes,811,loc,0.828947338461876,0.939235121011734,1.0485241949558257
kin8nm,dune_bayes,812,loc,0.4694739729166031,0.586296021938324,0.7006982147693634
kin8nm,dune_bayes,813,loc,0.2823768675327301,0.38184064626693726,0.4785067349672317
kin8nm,dune_bayes,814,loc,0.629419818520546,0.7474358677864075,0.8563040435314179
kin8nm,dune_bayes,815,loc,0.8188956111669541,0.9232246279716492,1.0202946066856384
kin8nm,dune_bayes,816,loc,0.632325229048729,0.7413516938686371,0.8394686788320541
kin8nm,dune_bayes,817,loc,0.7435279548168182,0.8459668159484863,0.940799206495285
kin8nm,dune_bayes,818,loc,0.6055511355400085,0.7050510048866272,0.7993224114179611
kin8nm,dune_bayes,819,loc,0.577095827460289,0.6845620274543762,0.7820992588996887
kin8nm,dune_bayes,820,loc,0.4573623865842819,0.5620814859867096,0.6898615211248398
kin8nm,dune_bayes,821,loc,0.6633164644241333,0.7594364285469055,0.8499124079942701
kin8nm,dune_bayes,822,loc,0.43613706082105635,0.5258540511131287,0.6204436749219894
kin8nm,dune_bayes,823,loc,0.40458568781614307,0.511921614408493,0.6144737511873245
kin8nm,dune_bayes,824,loc,0.6248611897230149,0.7244775593280792,0.8236305892467497
kin8nm,dune_bayes,825,loc,0.639320832490921,0.7372857332229614,0.8516674041748046
kin8nm,dune_bayes,826,loc,0.5594079762697219,0.6866170167922974,0.798664990067482
kin8nm,dune_bayes,827,loc,0.8643226981163025,0.9745135605335236,1.0755028784275054
kin8nm,dune_bayes,828,loc,0.4196425214409828,0.5316133201122284,0.6469461172819136
kin8nm,dune_bayes,829,loc,0.4135073319077492,0.5259036719799042,0.6378218293190001
kin8nm,dune_bayes,830,loc,0.4364269942045212,0.53568896651268,0.6278471022844314
kin8nm,dune_bayes,831,loc,0.6845262795686722,0.8003700375556946,0.9070422232151031
kin8nm,dune_bayes,832,loc,0.48094441890716555,0.5924590826034546,0.6996310472488403
kin8nm,dune_bayes,833,loc,0.40367302149534223,0.5259823501110077,0.6393358647823334
kin8nm,dune_bayes,834,loc,0.6168264508247375,0.6982328593730927,0.7944415122270584
kin8nm,dune_bayes,835,loc,0.8424448132514953,0.9543408751487732,1.0711529254913328
kin8nm,dune_bayes,836,loc,0.5829745024442673,0.6796001493930817,0.7825679570436477
kin8nm,dune_bayes,837,loc,0.5378328144550324,0.6448528170585632,0.7403712362051009
kin8nm,dune_bayes,838,loc,0.45376095324754717,0.559935063123703,0.655159243941307
kin8nm,dune_bayes,839,loc,0.5690581947565079,0.6724681854248047,0.7712918817996978
kin8nm,dune_bayes,840,loc,0.7146786659955978,0.8140085935592651,0.9113201528787612
kin8nm,dune_bayes,841,loc,0.4292584553360939,0.5374803841114044,0.6505591541528701
kin8nm,dune_bayes,842,loc,0.48308699727058413,0.5874367952346802,0.6964875400066376
kin8nm,dune_bayes,843,loc,0.6791664510965347,0.7918796539306641,0.8881076902151107
kin8nm,dune_bayes,844,loc,0.7470182299613952,0.8516373932361603,0.9417441695928573
kin8nm,dune_bayes,845,loc,0.7065576165914536,0.8082272112369537,0.8994256615638733
kin8nm,dune_bayes,846,loc,0.6825926780700684,0.8012438714504242,0.9207511276006697
kin8nm,dune_bayes,847,loc,0.5471832305192947,0.6405905187129974,0.7282492905855179
kin8nm,dune_bayes,848,loc,0.36626373678445817,0.4740684777498245,0.5863583028316498
kin8nm,dune_bayes,849,loc,0.9287051379680633,1.0247010588645935,1.118789404630661
kin8nm,dune_bayes,850,loc,0.4602016910910606,0.559731513261795,0.6564857065677643
kin8nm,dune_bayes,851,loc,0.6653635412454605,0.779352217912674,0.8859392523765564
kin8nm,dune_bayes,852,loc,0.6653025060892105,0.7607188820838928,0.8609338939189911
kin8nm,dune_bayes,853,loc,0.530355554819107,0.638262927532196,0.7468227684497832
kin8nm,dune_bayes,854,loc,0.8605216205120086,0.9675015211105347,1.0646598935127258
kin8nm,dune_bayes,855,loc,0.7438661903142929,0.8569814264774323,0.9681668043136596
kin8nm,dune_bayes,856,loc,0.6104149580001831,0.7062914073467255,0.8043300539255142
kin8nm,dune_bayes,857,loc,0.5744918704032898,0.6869443953037262,0.7985320746898651
kin8nm,dune_bayes,858,loc,0.5513467609882354,0.6614649593830109,0.7564690917730331
kin8nm,dune_bayes,859,loc,0.5141711413860321,0.6294848620891571,0.7330370098352432
kin8nm,dune_bayes,860,loc,0.6732083141803742,0.7806189954280853,0.8980708807706832
kin8nm,dune_bayes,861,loc,0.8850628495216369,1.0105997323989868,1.1237748742103577
kin8nm,dune_bayes,862,loc,0.28743510544300077,0.40421096980571747,0.5194115221500393
kin8nm,dune_bayes,863,loc,0.47587363570928576,0.5753256678581238,0.6806860506534576
kin8nm,dune_bayes,864,loc,0.5377649188041687,0.6469574272632599,0.7585871309041976
kin8nm,dune_bayes,865,loc,0.8602943003177643,0.9703651666641235,1.0797778487205505
kin8nm,dune_bayes,866,loc,0.788483402132988,0.893053263425827,0.9928401738405228
kin8nm,dune_bayes,867,loc,0.6723856925964355,0.7600542604923248,0.8517549008131026
kin8nm,dune_bayes,868,loc,0.6477059155702591,0.7521097958087921,0.8664921015501021
kin8nm,dune_bayes,869,loc,0.7195753127336502,0.8176402449607849,0.9211765110492707
kin8nm,dune_bayes,870,loc,0.6833139002323151,0.7971228957176208,0.9133533149957657
kin8nm,dune_bayes,871,loc,0.5247556805610657,0.6318219900131226,0.7364387303590774
kin8nm,dune_bayes,872,loc,0.7611434757709503,0.859127551317215,0.9434264600276947
kin8nm,dune_bayes,873,loc,0.9919927000999451,1.1081144213676453,1.2118262231349943
kin8nm,dune_bayes,874,loc,0.6153447240591049,0.7196768522262573,0.8281883895397185
kin8nm,dune_bayes,875,loc,0.402983295917511,0.5247188806533813,0.6276063948869706
kin8nm,dune_bayes,876,loc,0.45642452090978625,0.5672634243965149,0.6921536207199096
kin8nm,dune_bayes,877,loc,0.5129036009311676,0.6082496047019958,0.7117412596940994
kin8nm,dune_bayes,878,loc,0.4223268419504166,0.5304309725761414,0.6408327698707579
kin8nm,dune_bayes,879,loc,0.5364243417978287,0.6360831260681152,0.7302992403507232
kin8nm,dune_bayes,880,loc,0.8926189363002777,0.999312549829483,1.0987656235694885
kin8nm,dune_bayes,881,loc,0.6838667869567872,0.7915265262126923,0.8954186797142029
kin8nm,dune_bayes,882,loc,0.34253475069999695,0.44275379180908203,0.5500777810811996
kin8nm,dune_bayes,883,loc,0.7219800889492035,0.8275795876979828,0.9242601960897445
kin8nm,dune_bayes,884,loc,0.4783998131752014,0.5822272300720215,0.6898454964160919
kin8nm,dune_bayes,885,loc,0.7919754773378372,0.9052581489086151,1.008817595243454
kin8nm,dune_bayes,886,loc,0.6801732569932938,0.7794233858585358,0.8824541926383971
kin8nm,dune_bayes,887,loc,0.5486519068479538,0.6441781222820282,0.7457136869430542
kin8nm,dune_bayes,888,loc,0.7474351257085801,0.8550046980381012,0.9721615582704544
kin8nm,dune_bayes,889,loc,0.5958314180374146,0.6971062123775482,0.7912634372711181
kin8nm,dune_bayes,890,loc,0.5098544090986252,0.6140382289886475,0.7207954198122024
kin8nm,dune_bayes,891,loc,0.6987869024276734,0.8039390444755554,0.9104004591703415
kin8nm,dune_bayes,892,loc,0.27105348110198973,0.3780280351638794,0.47874291837215416
kin8nm,dune_bayes,893,loc,0.468202517926693,0.568675309419632,0.6835404396057129
kin8nm,dune_bayes,894,loc,0.8430002599954605,0.9551557898521423,1.0547002792358398
kin8nm,dune_bayes,895,loc,0.9963752686977386,1.1088070273399353,1.2049848318099976
kin8nm,dune_bayes,896,loc,0.6913422763347625,0.80219367146492,0.8960226297378538
kin8nm,dune_bayes,897,loc,0.8474516779184341,0.9540198743343353,1.0538942575454713
kin8nm,dune_bayes,898,loc,0.5475397527217865,0.6751057505607605,0.7879115164279937
kin8nm,dune_bayes,899,loc,0.35106982439756396,0.4574049562215805,0.5720239371061325
kin8nm,dune_bayes,900,loc,0.5788498222827911,0.6875337064266205,0.7893311709165571
kin8nm,dune_bayes,901,loc,0.5462975770235061,0.6703235507011414,0.7809827208518981
kin8nm,dune_bayes,902,loc,0.5820042997598648,0.6798823475837708,0.7773644715547561
kin8nm,dune_bayes,903,loc,0.8238612234592437,0.9329945147037506,1.0415835738182067
kin8nm,dune_bayes,904,loc,0.6267742127180099,0.7460750043392181,0.8847687751054764
kin8nm,dune_bayes,905,loc,0.369687557220459,0.4703485369682312,0.5695975065231322
kin8nm,dune_bayes,906,loc,0.5441381186246872,0.645262211561203,0.7560151696205137
kin8nm,dune_bayes,907,loc,0.7037432342767715,0.8177337944507599,0.9249439835548401
kin8nm,dune_bayes,908,loc,0.6730302274227142,0.7827394306659698,0.8880370438098908
kin8nm,dune_bayes,909,loc,0.837857785820961,0.9649147391319275,1.0814462423324585
kin8nm,dune_bayes,910,loc,0.5725839853286743,0.6832038760185242,0.7861697554588317
kin8nm,dune_bayes,911,loc,0.9431264042854309,1.0501387119293213,1.1535792112350463
kin8nm,dune_bayes,912,loc,0.6136070638895035,0.698238730430603,0.7868809580802917
kin8nm,dune_bayes,913,loc,0.6963713556528092,0.8142267465591431,0.9198725789785385
kin8nm,dune_bayes,914,loc,0.4348520502448082,0.541837602853775,0.6444540739059448
kin8nm,dune_bayes,915,loc,0.5027325809001922,0.5956912934780121,0.6965118139982224
kin8nm,dune_bayes,916,loc,0.7980879783630371,0.9018434584140778,1.0012517035007475
kin8nm,dune_bayes,917,loc,0.3013425976037979,0.4044027030467987,0.5152102470397948
kin8nm,dune_bayes,918,loc,0.6937185436487198,0.7880783975124359,0.8722334802150726
kin8nm,dune_bayes,919,loc,0.7514636158943176,0.8503847718238831,0.9325307130813598
kin8nm,dune_bayes,920,loc,0.46576218605041503,0.5661554634571075,0.6806569218635558
kin8nm,dune_bayes,921,loc,0.671028396487236,0.7660220265388489,0.8860197871923446
kin8nm,dune_bayes,922,loc,0.7794129878282547,0.8893679678440094,0.9883452355861664
kin8nm,dune_bayes,923,loc,0.44767533242702484,0.5358223021030426,0.6322880834341048
kin8nm,dune_bayes,924,loc,0.7406248450279236,0.8459964692592621,0.9432909071445464
kin8nm,dune_bayes,925,loc,0.44783203899860385,0.5460931360721588,0.6348673284053802
kin8nm,dune_bayes,926,loc,0.647613599896431,0.7605037093162537,0.8597480088472366
kin8nm,dune_bayes,927,loc,0.7409327805042267,0.8490236401557922,0.9486269444227219
kin8nm,dune_bayes,928,loc,0.45251707285642623,0.5561191439628601,0.6643432080745695
kin8nm,dune_bayes,929,loc,0.4596599727869034,0.5597593784332275,0.6613477081060409
kin8nm,dune_bayes,930,loc,0.7566617608070374,0.8935148119926453,1.0163160622119902
kin8nm,dune_bayes,931,loc,0.39411117881536484,0.5115108489990234,0.6197316139936447
kin8nm,dune_bayes,932,loc,0.6339024722576141,0.7272223830223083,0.8481266915798187
kin8nm,dune_bayes,933,loc,0.8580989807844162,0.9686537086963654,1.0959422290325165
kin8nm,dune_bayes,934,loc,0.48746033310890197,0.5900434255599976,0.6999391436576843
kin8nm,dune_bayes,935,loc,0.647258785367012,0.7503857910633087,0.8614134728908538
kin8nm,dune_bayes,936,loc,0.6166670054197312,0.7171783447265625,0.8255543798208237
kin8nm,dune_bayes,937,loc,0.49881094694137573,0.6053771674633026,0.7063988596200943
kin8nm,dune_bayes,938,loc,0.36807933300733564,0.47396351397037506,0.573997351527214
kin8nm,dune_bayes,939,loc,0.7678762316703797,0.8798224329948425,0.9835766792297361
kin8nm,dune_bayes,940,loc,0.6584173262119293,0.7567779421806335,0.8449260860681533
kin8nm,dune_bayes,941,loc,0.9001424610614777,1.0137647986412048,1.1198120415210724
kin8nm,dune_bayes,942,loc,0.6564715087413788,0.7480891644954681,0.8635398268699646
kin8nm,dune_bayes,943,loc,0.6751083731651306,0.788674920797348,0.8927058100700378
kin8nm,dune_bayes,944,loc,0.7675981462001801,0.8770592212677002,0.9784857779741287
kin8nm,dune_bayes,945,loc,0.37011133283376696,0.47587157785892487,0.5714023679494857
kin8nm,dune_bayes,946,loc,0.6571515649557114,0.7486611306667328,0.8402932405471801
kin8nm,dune_bayes,947,loc,0.6206958591938019,0.7274146676063538,0.843994891643524
kin8nm,dune_bayes,948,loc,0.4179042249917984,0.5274635851383209,0.6253875821828841
kin8nm,dune_bayes,949,loc,0.31126324236392977,0.41948311030864716,0.5236455649137496
kin8nm,dune_bayes,950,loc,0.5235074609518051,0.6172122657299042,0.7042559683322905
kin8nm,dune_bayes,951,loc,0.5136677235364914,0.6140854954719543,0.7232116192579269
kin8nm,dune_bayes,952,loc,0.763215857744217,0.8738603889942169,0.9791355967521667
kin8nm,dune_bayes,953,loc,0.4199674785137177,0.5061179995536804,0.5989437073469162
kin8nm,dune_bayes,954,loc,0.3949193596839905,0.4944625645875931,0.5952503263950347
kin8nm,dune_bayes,955,loc,0.41570940613746643,0.5137932598590851,0.6187503308057783
kin8nm,dune_bayes,956,loc,0.4715258926153183,0.5672095119953156,0.6680958122014998
kin8nm,dune_bayes,957,loc,0.7829461485147476,0.880180686712265,0.9790810108184813
kin8nm,dune_bayes,958,loc,0.8699608772993088,0.9883551597595215,1.0884516775608062
kin8nm,dune_bayes,959,loc,0.8349088937044143,0.942827582359314,1.053774732351303
kin8nm,dune_bayes,960,loc,0.6281198799610138,0.7246719300746918,0.8216569662094116
kin8nm,dune_bayes,961,loc,0.4399279922246933,0.5606615543365479,0.675753104686737
kin8nm,dune_bayes,962,loc,0.6723468989133835,0.7685166001319885,0.8634496450424194
kin8nm,dune_bayes,963,loc,0.5547080785036087,0.6364094614982605,0.7108078807592392
kin8nm,dune_bayes,964,loc,0.47012719213962556,0.5696557760238647,0.6586913496255875
kin8nm,dune_bayes,965,loc,0.6015915364027024,0.6982728838920593,0.7981603980064391
kin8nm,dune_bayes,966,loc,0.5345445573329926,0.6631401479244232,0.7717376857995987
kin8nm,dune_bayes,967,loc,0.5319427162408829,0.644011378288269,0.7506718873977658
kin8nm,dune_bayes,968,loc,0.7571004152297973,0.8646387457847595,0.9633034765720367
kin8nm,dune_bayes,969,loc,0.3927536100149155,0.49893905222415924,0.604103472828865
kin8nm,dune_bayes,970,loc,0.3775967821478844,0.47874584794044495,0.5891928285360336
kin8nm,dune_bayes,971,loc,0.868458378314972,0.9766544699668884,1.066410082578659
kin8nm,dune_bayes,972,loc,0.645717179775238,0.7471624910831451,0.8561347097158432
kin8nm,dune_bayes,973,loc,0.8003973513841629,0.9169034063816071,1.0221841394901277
kin8nm,dune_bayes,974,loc,0.5943129271268844,0.6993344724178314,0.8216937243938444
kin8nm,dune_bayes,975,loc,0.6400508493185043,0.7594749331474304,0.8575990945100784
kin8nm,dune_bayes,976,loc,0.5155148029327392,0.6243734955787659,0.7295170545578002
kin8nm,dune_bayes,977,loc,0.3829901650547981,0.4977351576089859,0.6207666993141173
kin8nm,dune_bayes,978,loc,0.9520175963640213,1.0773245096206665,1.1964352190494536
kin8nm,dune_bayes,979,loc,0.779595136642456,0.8710682392120361,0.9586607098579406
kin8nm,dune_bayes,980,loc,0.7953874737024307,0.9074030518531799,1.0192541539669038
kin8nm,dune_bayes,981,loc,0.6714417964220047,0.7573540210723877,0.8446746140718457
kin8nm,dune_bayes,982,loc,0.57405826151371,0.6697822213172913,0.7668777734041213
kin8nm,dune_bayes,983,loc,0.3937415421009064,0.48331353068351746,0.5726895749568939
kin8nm,dune_bayes,984,loc,0.9714395791292191,1.0889439582824707,1.193946486711502
kin8nm,dune_bayes,985,loc,0.6253693461418152,0.7078820168972015,0.7899093359708785
kin8nm,dune_bayes,986,loc,0.6965144515037537,0.8084056675434113,0.9265816748142242
kin8nm,dune_bayes,987,loc,0.9403777211904526,1.0429888367652893,1.1399141490459441
kin8nm,dune_bayes,988,loc,0.5841807693243026,0.6921329200267792,0.8034700602293015
kin8nm,dune_bayes,989,loc,0.3292414963245392,0.4270368963479996,0.531369850039482
kin8nm,dune_bayes,990,loc,0.80650092959404,0.9178730249404907,1.0199065327644348
kin8nm,dune_bayes,991,loc,0.4467384248971939,0.5693811476230621,0.6862912952899931
kin8nm,dune_bayes,992,loc,0.7029144793748856,0.8121419548988342,0.9224379301071167
kin8nm,dune_bayes,993,loc,0.4884800374507904,0.6013255715370178,0.7061328113079071
kin8nm,dune_bayes,994,loc,0.3853779748082161,0.4878823161125183,0.5927148908376693
kin8nm,dune_bayes,995,loc,0.5804856210947037,0.6861217319965363,0.7953617960214614
kin8nm,dune_bayes,996,loc,0.5604995787143707,0.66218301653862,0.7543964713811874
kin8nm,dune_bayes,997,loc,0.6817850351333619,0.7751741409301758,0.8808131337165832
kin8nm,dune_bayes,998,loc,0.6662911653518677,0.752092570066452,0.8592717319726944
kin8nm,dune_bayes,999,loc,0.5594048827886582,0.6479986310005188,0.7360374212265014
kin8nm,dune_bayes,1000,loc,0.4683889701962471,0.5837778449058533,0.6834618955850601
kin8nm,dune_bayes,1001,loc,0.6982520669698715,0.7996610403060913,0.8964203387498856
kin8nm,dune_bayes,1002,loc,0.7133283406496048,0.7926327884197235,0.8667463421821593
kin8nm,dune_bayes,1003,loc,0.6526066333055496,0.7368801534175873,0.8118122518062592
kin8nm,dune_bayes,1004,loc,0.40963301956653597,0.503393292427063,0.5912388354539871
kin8nm,dune_bayes,1005,loc,0.7868315428495407,0.9020695686340332,1.0103089690208433
kin8nm,dune_bayes,1006,loc,0.334420371055603,0.43706151843070984,0.5374434322118758
kin8nm,dune_bayes,1007,loc,0.7723157584667206,0.8818360567092896,0.9678597629070282
kin8nm,dune_bayes,1008,loc,0.692920908331871,0.800156444311142,0.9152713119983673
kin8nm,dune_bayes,1009,loc,0.5000561058521271,0.6137745678424835,0.7216345131397247
kin8nm,dune_bayes,1010,loc,0.8433348000049591,0.9482942819595337,1.056848806142807
kin8nm,dune_bayes,1011,loc,0.5883028209209442,0.6998092532157898,0.7981289118528366
kin8nm,dune_bayes,1012,loc,0.7183776289224625,0.8285650014877319,0.9409024715423583
kin8nm,dune_bayes,1013,loc,0.6529033094644546,0.7518086433410645,0.8494584202766419
kin8nm,dune_bayes,1014,loc,0.6119765251874923,0.7115311324596405,0.8232379436492919
kin8nm,dune_bayes,1015,loc,0.3276845529675484,0.4536203444004059,0.5656461238861084
kin8nm,dune_bayes,1016,loc,0.8609286725521088,0.9939142167568207,1.1054350674152373
kin8nm,dune_bayes,1017,loc,0.5464472711086273,0.6486014425754547,0.7461563974618911
kin8nm,dune_bayes,1018,loc,0.5755328476428986,0.6771126985549927,0.7851005017757415
kin8nm,dune_bayes,1019,loc,0.951977014541626,1.0585288405418396,1.1496749103069306
kin8nm,dune_bayes,1020,loc,0.8539185374975204,0.964224100112915,1.0621765494346618
kin8nm,dune_bayes,1021,loc,0.6171615421772003,0.7236960530281067,0.8261025339365006
kin8nm,dune_bayes,1022,loc,0.7362323194742203,0.8503867089748383,0.9520429491996765
kin8nm,dune_bayes,1023,loc,0.34949337542057035,0.45897170901298523,0.5537851274013519
kin8nm,dune_bayes,1024,loc,0.7234463930130005,0.8315707743167877,0.9437330543994904
kin8nm,dune_bayes,1025,loc,0.8274466753005981,0.9478386342525482,1.0508788287639617
kin8nm,dune_bayes,1026,loc,0.35506318509578705,0.4640956223011017,0.5756469666957853
kin8nm,dune_bayes,1027,loc,0.7862132042646408,0.895789235830307,0.9906775921583175
kin8nm,dune_bayes,1028,loc,0.698063176870346,0.803725391626358,0.9185574918985366
kin8nm,dune_bayes,1029,loc,0.48290074020624163,0.5883769989013672,0.6912494570016859
kin8nm,dune_bayes,1030,loc,0.6155461460351944,0.7046444416046143,0.8152910470962522
kin8nm,dune_bayes,1031,loc,0.4053762048482895,0.5241701304912567,0.6233104616403579
kin8nm,dune_bayes,1032,loc,0.5945698022842407,0.6891053915023804,0.7872220069169996
kin8nm,dune_bayes,1033,loc,0.704420131444931,0.7987459301948547,0.9000786960124969
kin8nm,dune_bayes,1034,loc,0.3542752429842949,0.4524395018815994,0.5492581635713577
kin8nm,dune_bayes,1035,loc,0.6212633699178696,0.7369669079780579,0.827118906378746
kin8nm,dune_bayes,1036,loc,0.9072382628917695,1.0188082456588745,1.1373630166053772
kin8nm,dune_bayes,1037,loc,0.6671221941709519,0.788568764925003,0.8976447343826294
kin8nm,dune_bayes,1038,loc,0.7024328589439393,0.8102856576442719,0.9087881296873093
kin8nm,dune_bayes,1039,loc,0.8342966586351395,0.9483752548694611,1.052668660879135
kin8nm,dune_bayes,1040,loc,0.5077597707509994,0.6146055161952972,0.7085284382104873
kin8nm,dune_bayes,1041,loc,0.7526799857616424,0.8449304103851318,0.9297945201396942
kin8nm,dune_bayes,1042,loc,0.948964786529541,1.0548722743988037,1.158482700586319
kin8nm,dune_bayes,1043,loc,0.49038579165935514,0.5989983677864075,0.7064679205417632
kin8nm,dune_bayes,1044,loc,0.39426900893449784,0.4925708472728729,0.5927890181541443
kin8nm,dune_bayes,1045,loc,0.7357164770364761,0.8552564382553101,0.9709892928600311
kin8nm,dune_bayes,1046,loc,0.840760126709938,0.939715176820755,1.036792141199112
kin8nm,dune_bayes,1047,loc,0.5083874464035034,0.621367871761322,0.7280172437429426
kin8nm,dune_bayes,1048,loc,0.6579964101314545,0.7497523725032806,0.8366890341043471
kin8nm,dune_bayes,1049,loc,0.6778749376535416,0.799460232257843,0.898598638176918
kin8nm,dune_bayes,1050,loc,0.7765204727649688,0.8736353516578674,0.9903646618127823
kin8nm,dune_bayes,1051,loc,0.5798259913921356,0.6892116367816925,0.8095426112413406
kin8nm,dune_bayes,1052,loc,0.6909310907125473,0.7985560595989227,0.8916604608297348
kin8nm,dune_bayes,1053,loc,0.6003949731588364,0.7030721604824066,0.7892255932092666
kin8nm,dune_bayes,1054,loc,0.5162299424409866,0.6095373630523682,0.7145925730466842
kin8nm,dune_bayes,1055,loc,0.8022475451231003,0.93575519323349,1.037820678949356
kin8nm,dune_bayes,1056,loc,0.6808142483234405,0.7959503531455994,0.9101625084877013
kin8nm,dune_bayes,1057,loc,0.4034415453672409,0.5060016810894012,0.6237478762865066
kin8nm,dune_bayes,1058,loc,0.857905951142311,0.9736262857913971,1.0778047084808349
kin8nm,dune_bayes,1059,loc,0.8094782263040543,0.9479673802852631,1.0606490731239318
kin8nm,dune_bayes,1060,loc,0.5948696583509445,0.7004834413528442,0.7925333112478257
kin8nm,dune_bayes,1061,loc,0.8076056033372879,0.9234128892421722,1.0271217942237854
kin8nm,dune_bayes,1062,loc,0.6126032441854476,0.7288913130760193,0.823607861995697
kin8nm,dune_bayes,1063,loc,0.716275355219841,0.820396900177002,0.9179856687784195
kin8nm,dune_bayes,1064,loc,0.36770772337913515,0.46717897057533264,0.573396360874176
kin8nm,dune_bayes,1065,loc,0.4594074487686157,0.5579867959022522,0.6636250346899032
kin8nm,dune_bayes,1066,loc,0.44802163243293763,0.5559521615505219,0.660931658744812
kin8nm,dune_bayes,1067,loc,0.7085670709609986,0.8153960108757019,0.9133780598640441
kin8nm,dune_bayes,1068,loc,0.627559033036232,0.7251802980899811,0.8356013923883437
kin8nm,dune_bayes,1069,loc,0.6653566360473633,0.7702253758907318,0.865542647242546
kin8nm,dune_bayes,1070,loc,0.46562285125255587,0.5727848410606384,0.6767836451530457
kin8nm,dune_bayes,1071,loc,0.5752157866954803,0.6821636259555817,0.7892356991767883
kin8nm,dune_bayes,1072,loc,0.5290247291326523,0.6288453936576843,0.7324604213237762
kin8nm,dune_bayes,1073,loc,0.7636865049600601,0.8638156056404114,0.974644312262535
kin8nm,dune_bayes,1074,loc,0.7215153604745865,0.8400508761405945,0.9555788695812225
kin8nm,dune_bayes,1075,loc,0.9414090007543564,1.0485249757766724,1.1468239843845367
kin8nm,dune_bayes,1076,loc,0.8419090062379837,0.9367132484912872,1.0339824199676513
kin8nm,dune_bayes,1077,loc,0.33362027406692507,0.431383416056633,0.5230374246835708
kin8nm,dune_bayes,1078,loc,0.9659186244010926,1.08189058303833,1.200851035118103
kin8nm,dune_bayes,1079,loc,0.7405052125453949,0.8493368625640869,0.9624274224042891
kin8nm,dune_bayes,1080,loc,0.7590610235929489,0.8972865641117096,1.0175424695014952
kin8nm,dune_bayes,1081,loc,0.9081674516201019,1.0115678906440735,1.117904621362686
kin8nm,dune_bayes,1082,loc,0.9085764735937119,1.0213370323181152,1.1322014153003692
kin8nm,dune_bayes,1083,loc,0.7532983720302582,0.8656041920185089,0.9641272395849226
kin8nm,dune_bayes,1084,loc,0.7942125856876373,0.9119268357753754,1.0080437421798705
kin8nm,dune_bayes,1085,loc,0.4686235189437866,0.5548526644706726,0.641764086484909
kin8nm,dune_bayes,1086,loc,0.6596316009759903,0.7551448941230774,0.8569936066865921
kin8nm,dune_bayes,1087,loc,0.7102176964282989,0.8201279044151306,0.9303788870573043
kin8nm,dune_bayes,1088,loc,0.5454780757427216,0.6297087073326111,0.709502449631691
kin8nm,dune_bayes,1089,loc,0.33087473809719087,0.44033314287662506,0.5454125702381134
kin8nm,dune_bayes,1090,loc,0.8136022627353668,0.9543703496456146,1.079832488298416
kin8nm,dune_bayes,1091,loc,0.28359648287296296,0.4068664163351059,0.5138435810804366
kin8nm,dune_bayes,1092,loc,0.47366890460252764,0.5746209621429443,0.6744564563035965
kin8nm,dune_bayes,1093,loc,0.5880828768014907,0.6899448037147522,0.795622393488884
kin8nm,dune_bayes,1094,loc,0.7493508458137512,0.8460950553417206,0.9293201565742493
kin8nm,dune_bayes,1095,loc,0.6711686342954636,0.7667570412158966,0.8666872650384903
kin8nm,dune_bayes,1096,loc,0.376524418592453,0.480002298951149,0.5871274858713149
kin8nm,dune_bayes,1097,loc,0.5979951798915863,0.7072876691818237,0.8076183974742889
kin8nm,dune_bayes,1098,loc,0.6320082157850265,0.7352995872497559,0.8283426851034164
kin8nm,dune_bayes,1099,loc,0.5930692225694656,0.6926368474960327,0.7926935702562332
kin8nm,dune_bayes,1100,loc,0.6351885914802551,0.7303965091705322,0.8141559839248657
kin8nm,dune_bayes,1101,loc,0.2805825397372246,0.4054413437843323,0.5320269167423248
kin8nm,dune_bayes,1102,loc,0.555194565653801,0.6512909233570099,0.7570096015930176
kin8nm,dune_bayes,1103,loc,0.5516180992126465,0.6377535462379456,0.7235866159200668
kin8nm,dune_bayes,1104,loc,0.8892437100410462,1.0044516921043396,1.1224371314048767
kin8nm,dune_bayes,1105,loc,0.6218664377927781,0.7262780666351318,0.8264758050441742
kin8nm,dune_bayes,1106,loc,0.24282796978950502,0.34443388879299164,0.4441437870264052
kin8nm,dune_bayes,1107,loc,0.5490253508090973,0.6365944445133209,0.7407989650964737
kin8nm,dune_bayes,1108,loc,0.6633945435285569,0.7594881653785706,0.8639933288097381
kin8nm,dune_bayes,1109,loc,0.8832183897495269,0.9989470839500427,1.1019294619560243
kin8nm,dune_bayes,1110,loc,0.6361727625131607,0.7527756989002228,0.8690105885267256
kin8nm,dune_bayes,1111,loc,0.5038378179073334,0.602849692106247,0.7049795359373092
kin8nm,dune_bayes,1112,loc,0.702390244603157,0.8230829238891602,0.9383855044841767
kin8nm,dune_bayes,1113,loc,0.5207719802856445,0.6327803134918213,0.7338639795780182
kin8nm,dune_bayes,1114,loc,0.6523583799600601,0.7783565521240234,0.8782593607902527
kin8nm,dune_bayes,1115,loc,0.1604358583688736,0.26808731257915497,0.37303707152605053
kin8nm,dune_bayes,1116,loc,0.757988891005516,0.8557631373405457,0.9533217906951904
kin8nm,dune_bayes,1117,loc,0.6912011951208115,0.7906598746776581,0.8836715996265411
kin8nm,dune_bayes,1118,loc,0.5710381895303727,0.6790349781513214,0.7735435396432876
kin8nm,dune_bayes,1119,loc,0.46080892235040666,0.571662575006485,0.6865916490554806
kin8nm,dune_bayes,1120,loc,0.4865343600511551,0.589951753616333,0.6953561455011368
kin8nm,dune_bayes,1121,loc,0.766087019443512,0.8602485954761505,0.9493184059858322
kin8nm,dune_bayes,1122,loc,0.5279415309429168,0.6377084851264954,0.7421279489994048
kin8nm,dune_bayes,1123,loc,0.3772997885942459,0.4821506440639496,0.5891084522008894
kin8nm,dune_bayes,1124,loc,0.7531064987182617,0.8589191436767578,0.9641437917947768
kin8nm,dune_bayes,1125,loc,0.6700296610593796,0.7742172181606293,0.8893708288669586
kin8nm,dune_bayes,1126,loc,0.7509958922863007,0.8514594435691833,0.9408759742975235
kin8nm,dune_bayes,1127,loc,0.7754194289445877,0.8869367837905884,0.9780719876289368
kin8nm,dune_bayes,1128,loc,0.7254223078489304,0.8374379575252533,0.934608221054077
kin8nm,dune_bayes,1129,loc,0.7659181207418442,0.8568966686725616,0.947429683804512
kin8nm,dune_bayes,1130,loc,0.8307101428508759,0.9433003664016724,1.0429996728897093
kin8nm,dune_bayes,1131,loc,0.5883201062679291,0.67527636885643,0.7680690735578537
kin8nm,dune_bayes,1132,loc,0.4147117182612419,0.523045539855957,0.6285248458385467
kin8nm,dune_bayes,1133,loc,0.605858227610588,0.7053760588169098,0.7915131539106368
kin8nm,dune_bayes,1134,loc,0.6012098550796509,0.6899339556694031,0.775888243317604
kin8nm,dune_bayes,1135,loc,0.5078847795724869,0.607905387878418,0.7047859072685241
kin8nm,dune_bayes,1136,loc,0.6649851560592651,0.7764210104942322,0.8779646098613738
kin8nm,dune_bayes,1137,loc,0.4749912291765213,0.5784796178340912,0.6763434827327728
kin8nm,dune_bayes,1138,loc,0.47201690673828123,0.5636130571365356,0.6619268208742142
kin8nm,dune_bayes,1139,loc,0.695546317100525,0.8101966977119446,0.9244611173868179
kin8nm,dune_bayes,1140,loc,0.42772150188684466,0.5160046815872192,0.6180443882942199
kin8nm,dune_bayes,1141,loc,0.43630208522081376,0.5300249755382538,0.6433308839797973
kin8nm,dune_bayes,1142,loc,0.3530428037047386,0.4496305584907532,0.5589050590991974
kin8nm,dune_bayes,1143,loc,0.3413399562239647,0.4514431357383728,0.5543669164180756
kin8nm,dune_bayes,1144,loc,0.5434352427721023,0.6422562897205353,0.7534750521183012
kin8nm,dune_bayes,1145,loc,0.7300584703683853,0.8370134830474854,0.9367479771375655
kin8nm,dune_bayes,1146,loc,0.5845742225646973,0.6800808608531952,0.7708993852138518
kin8nm,dune_bayes,1147,loc,0.6142598658800125,0.7236362397670746,0.8306459307670593
kin8nm,dune_bayes,1148,loc,0.6466079205274582,0.7502827644348145,0.8609469294548034
kin8nm,dune_bayes,1149,loc,0.6445825546979904,0.7748427987098694,0.8761901676654815
kin8nm,dune_bayes,1150,loc,0.4524563059210777,0.5419782996177673,0.6345833480358124
kin8nm,dune_bayes,1151,loc,0.6985635995864868,0.8053585886955261,0.907532560825348
kin8nm,dune_bayes,1152,loc,0.5704620987176895,0.6695576310157776,0.7609612762928009
kin8nm,dune_bayes,1153,loc,0.5285977959632874,0.6345076262950897,0.7515513777732848
kin8nm,dune_bayes,1154,loc,0.6931842148303986,0.8014071583747864,0.920320674777031
kin8nm,dune_bayes,1155,loc,0.579702490568161,0.6868462562561035,0.801867365837097
kin8nm,dune_bayes,1156,loc,0.6320657640695572,0.7237043082714081,0.8245112538337707
kin8nm,dune_bayes,1157,loc,0.5465665012598038,0.6532374024391174,0.7568977057933807
kin8nm,dune_bayes,1158,loc,0.6904947876930236,0.799639880657196,0.9081493258476258
kin8nm,dune_bayes,1159,loc,0.47489273399114607,0.5767061114311218,0.678082212805748
kin8nm,dune_bayes,1160,loc,0.5595914542675018,0.6513682901859283,0.74905164539814
kin8nm,dune_bayes,1161,loc,0.5440714865922928,0.6632130742073059,0.765690404176712
kin8nm,dune_bayes,1162,loc,0.5974037557840347,0.7083460986614227,0.8175749063491822
kin8nm,dune_bayes,1163,loc,0.4463439524173737,0.5650776922702789,0.6736331224441527
kin8nm,dune_bayes,1164,loc,0.2592217609286308,0.3664100766181946,0.46928560435771943
kin8nm,dune_bayes,1165,loc,0.8084614723920822,0.9084009230136871,0.9942407339811324
kin8nm,dune_bayes,1166,loc,0.4212722182273865,0.5204612016677856,0.6135476797819137
kin8nm,dune_bayes,1167,loc,0.6263295233249664,0.7558508217334747,0.8683036774396896
kin8nm,dune_bayes,1168,loc,0.64984250664711,0.7576786875724792,0.8676866739988327
kin8nm,dune_bayes,1169,loc,0.7254680335521698,0.849728524684906,0.960277858376503
kin8nm,dune_bayes,1170,loc,0.5869091361761093,0.6891640722751617,0.7991627037525177
kin8nm,dune_bayes,1171,loc,0.6542267501354218,0.7399486601352692,0.8259746998548507
kin8nm,dune_bayes,1172,loc,0.7267970234155655,0.8405026495456696,0.9405838340520859
kin8nm,dune_bayes,1173,loc,0.3357171967625618,0.43222732841968536,0.5307581037282944
kin8nm,dune_bayes,1174,loc,0.7591606020927429,0.8570373356342316,0.9452908158302307
kin8nm,dune_bayes,1175,loc,0.5315160483121872,0.6355638802051544,0.7256643682718277
kin8nm,dune_bayes,1176,loc,0.7459475308656692,0.849942535161972,0.9539375931024551
kin8nm,dune_bayes,1177,loc,0.7407717823982238,0.8462707698345184,0.9321205526590347
kin8nm,dune_bayes,1178,loc,0.6314538717269897,0.7282752692699432,0.8321627557277679
kin8nm,dune_bayes,1179,loc,0.45432117879390715,0.5652700662612915,0.674269261956215
kin8nm,dune_bayes,1180,loc,0.5355173796415329,0.644353985786438,0.7610561102628708
kin8nm,dune_bayes,1181,loc,0.7520808458328248,0.859484076499939,0.9593872666358948
kin8nm,dune_bayes,1182,loc,0.8074130445718766,0.9054871499538422,1.0009532988071441
kin8nm,dune_bayes,1183,loc,0.6916274487972259,0.8037529587745667,0.9023864716291428
kin8nm,dune_bayes,1184,loc,0.6480659693479538,0.7323600947856903,0.8155920714139938
kin8nm,dune_bayes,1185,loc,0.6728138506412507,0.7709032595157623,0.8778122395277024
kin8nm,dune_bayes,1186,loc,0.7156820327043534,0.8318634331226349,0.9515091955661772
kin8nm,dune_bayes,1187,loc,0.6344221562147141,0.752135157585144,0.865453964471817
kin8nm,dune_bayes,1188,loc,0.617416524887085,0.7230385541915894,0.8303334027528763
kin8nm,dune_bayes,1189,loc,0.7534594833850861,0.8710834980010986,0.9691732943058013
kin8nm,dune_bayes,1190,loc,0.5378354668617249,0.6502563059329987,0.7566616266965865
kin8nm,dune_bayes,1191,loc,0.953459557890892,1.0713781714439392,1.192116528749466
kin8nm,dune_bayes,1192,loc,0.5559775173664093,0.6540119349956512,0.7530369222164154
kin8nm,dune_bayes,1193,loc,0.5167431682348251,0.6175777316093445,0.7185036182403564
kin8nm,dune_bayes,1194,loc,0.6043573826551437,0.7172205448150635,0.8193926304578781
kin8nm,dune_bayes,1195,loc,0.4569748878479004,0.5673089623451233,0.6740583240985869
kin8nm,dune_bayes,1196,loc,0.6906428128480911,0.8048855364322662,0.9164152801036834
kin8nm,dune_bayes,1197,loc,0.7684324532747269,0.8734457492828369,0.9752680242061614
kin8nm,dune_bayes,1198,loc,0.5180903941392898,0.6077269911766052,0.7172661542892456
kin8nm,dune_bayes,1199,loc,0.5360198229551315,0.6412075757980347,0.7368861317634582
kin8nm,dune_bayes,1200,loc,0.7348684728145599,0.8235511779785156,0.9067570954561233
kin8nm,dune_bayes,1201,loc,0.7889474302530288,0.889386922121048,0.9845231950283051
kin8nm,dune_bayes,1202,loc,0.9034534394741058,1.0288146138191223,1.1341183960437775
kin8nm,dune_bayes,1203,loc,0.8329363882541656,0.9333617091178894,1.0473792910575868
kin8nm,dune_bayes,1204,loc,0.6031986773014069,0.71562859416008,0.8323541700839996
kin8nm,dune_bayes,1205,loc,0.854778504371643,0.9792790710926056,1.1011512994766235
kin8nm,dune_bayes,1206,loc,0.6771802008152008,0.7913727164268494,0.8810527116060256
kin8nm,dune_bayes,1207,loc,0.8136563390493393,0.8914009630680084,0.9705893516540527
kin8nm,dune_bayes,1208,loc,0.7842648178339005,0.9041657745838165,1.0143551111221312
kin8nm,dune_bayes,1209,loc,0.9077517867088318,1.0212677717208862,1.121925449371338
kin8nm,dune_bayes,1210,loc,0.5202571839094162,0.6255343854427338,0.7351536393165589
kin8nm,dune_bayes,1211,loc,0.7588272213935852,0.8845557570457458,0.9957623183727264
kin8nm,dune_bayes,1212,loc,0.483247222006321,0.5944643616676331,0.699294051527977
kin8nm,dune_bayes,1213,loc,0.31799271553754804,0.41587331891059875,0.5164432168006897
kin8nm,dune_bayes,1214,loc,0.6021580517292022,0.6917191445827484,0.7900570809841154
kin8nm,dune_bayes,1215,loc,0.4131839334964752,0.5121710002422333,0.6039817810058592
kin8nm,dune_bayes,1216,loc,0.5634607046842575,0.6690176725387573,0.7646398395299911
kin8nm,dune_bayes,1217,loc,0.7431378215551376,0.8429747521877289,0.9414711713790893
kin8nm,dune_bayes,1218,loc,0.8921026796102524,0.9925826787948608,1.0838917791843414
kin8nm,dune_bayes,1219,loc,0.5725198656320571,0.6712280213832855,0.7660403192043304
kin8nm,dune_bayes,1220,loc,0.38759163171052935,0.4909769594669342,0.6090933859348296
kin8nm,dune_bayes,1221,loc,0.6770007103681565,0.794352114200592,0.9095801919698715
kin8nm,dune_bayes,1222,loc,0.4963911220431328,0.6004619002342224,0.6893900394439697
kin8nm,dune_bayes,1223,loc,0.6537994384765625,0.7525779008865356,0.8515848487615585
kin8nm,dune_bayes,1224,loc,0.6567697107791901,0.7632124722003937,0.8790284752845764
kin8nm,dune_bayes,1225,loc,0.4152370661497116,0.5143410265445709,0.6015606313943863
kin8nm,dune_bayes,1226,loc,0.753381484746933,0.8560322523117065,0.9615397334098815
kin8nm,dune_bayes,1227,loc,0.8516000628471374,0.9644136428833008,1.0607523500919342
kin8nm,dune_bayes,1228,loc,0.5666971355676651,0.6570026278495789,0.7410368710756302
kin8nm,dune_bayes,1229,loc,0.6781173855066299,0.8032811284065247,0.9133909970521926
kin8nm,dune_bayes,1230,loc,0.9052120864391326,0.9999323487281799,1.0940017998218536
kin8nm,dune_bayes,1231,loc,0.7516393423080444,0.8561201393604279,0.945465612411499
kin8nm,dune_bayes,1232,loc,0.3975005343556404,0.5107938051223755,0.6311340451240539
kin8nm,dune_bayes,1233,loc,0.5549155414104462,0.6389224827289581,0.7366785764694214
kin8nm,dune_bayes,1234,loc,0.5294265389442444,0.6253561675548553,0.7384198725223541
kin8nm,dune_bayes,1235,loc,0.6628390252590179,0.7791409492492676,0.8839562118053436
kin8nm,dune_bayes,1236,loc,0.7369895368814469,0.848520815372467,0.9436146020889282
kin8nm,dune_bayes,1237,loc,0.586417305469513,0.7011317014694214,0.8262357532978057
kin8nm,dune_bayes,1238,loc,0.8392276763916016,0.9538426399230957,1.062720149755478
kin8nm,dune_bayes,1239,loc,0.4074335962533951,0.5064523220062256,0.5936689138412475
kin8nm,dune_bayes,1240,loc,0.6653133451938629,0.7704822719097137,0.8696948170661926
kin8nm,dune_bayes,1241,loc,0.8027215331792832,0.9141225814819336,1.033570224046707
kin8nm,dune_bayes,1242,loc,0.7435106426477432,0.846076250076294,0.9488367766141891
kin8nm,dune_bayes,1243,loc,0.3979243814945221,0.4932602345943451,0.6136559009552001
kin8nm,dune_bayes,1244,loc,0.8178090870380401,0.932986855506897,1.054519248008728
kin8nm,dune_bayes,1245,loc,0.4437750428915024,0.5456648766994476,0.6443443447351456
kin8nm,dune_bayes,1246,loc,0.5239596217870712,0.631159096956253,0.7408225625753403
kin8nm,dune_bayes,1247,loc,0.3731185495853424,0.4828759729862213,0.5880818635225296
kin8nm,dune_bayes,1248,loc,0.7133932471275329,0.8375788331031799,0.9578268736600875
kin8nm,dune_bayes,1249,loc,0.6954606801271439,0.786069244146347,0.8733180791139602
kin8nm,dune_bayes,1250,loc,0.39088680446147916,0.4913410097360611,0.585560119152069
kin8nm,dune_bayes,1251,loc,0.7055567830801011,0.804047703742981,0.902305769920349
kin8nm,dune_bayes,1252,loc,0.5699174731969834,0.6803266704082489,0.7887435257434844
kin8nm,dune_bayes,1253,loc,0.42025305777788163,0.5311426818370819,0.6401658922433853
kin8nm,dune_bayes,1254,loc,0.7041222006082535,0.801036149263382,0.905468213558197
kin8nm,dune_bayes,1255,loc,0.7139509469270706,0.8075147867202759,0.9015475332736969
kin8nm,dune_bayes,1256,loc,0.6657269209623337,0.7849962115287781,0.8917153686285019
kin8nm,dune_bayes,1257,loc,0.5958842605352401,0.7005253434181213,0.8052406072616577
kin8nm,dune_bayes,1258,loc,0.6691877186298371,0.7773770689964294,0.8771272242069245
kin8nm,dune_bayes,1259,loc,0.6858405381441116,0.7917695045471191,0.8897452205419539
kin8nm,dune_bayes,1260,loc,0.4542149677872658,0.5750455558300018,0.6987202465534208
kin8nm,dune_bayes,1261,loc,0.5304625630378723,0.641837477684021,0.7505525916814804
kin8nm,dune_bayes,1262,loc,0.7404485285282135,0.8579636812210083,0.9563846796751022
kin8nm,dune_bayes,1263,loc,0.7839980661869049,0.8972586989402771,0.998589351773262
kin8nm,dune_bayes,1264,loc,0.5651443600654602,0.6706587374210358,0.7841116040945053
kin8nm,dune_bayes,1265,loc,0.7607286185026169,0.8566906154155731,0.9527635931968689
kin8nm,dune_bayes,1266,loc,0.7730200350284576,0.870722234249115,0.9767698317766188
kin8nm,dune_bayes,1267,loc,0.8923787891864776,0.9974958598613739,1.0953893184661865
kin8nm,dune_bayes,1268,loc,0.40221681743860244,0.5013779997825623,0.5971762180328368
kin8nm,dune_bayes,1269,loc,0.5110912889242172,0.6150955259799957,0.7329967021942138
kin8nm,dune_bayes,1270,loc,0.4658085092902184,0.5917966961860657,0.6968888401985168
kin8nm,dune_bayes,1271,loc,0.3861670017242432,0.4920833259820938,0.5967427849769591
kin8nm,dune_bayes,1272,loc,0.6448913037776947,0.7468077838420868,0.8467024415731429
kin8nm,dune_bayes,1273,loc,0.53978833258152,0.6383236348628998,0.7336943894624709
kin8nm,dune_bayes,1274,loc,0.4937741905450821,0.5866804122924805,0.6896857708692551
kin8nm,dune_bayes,1275,loc,0.6003596603870391,0.6889975070953369,0.7903467029333114
kin8nm,dune_bayes,1276,loc,0.6892357975244522,0.7856709659099579,0.886758455634117
kin8nm,dune_bayes,1277,loc,0.7842041373252868,0.882538914680481,0.996514356136322
kin8nm,dune_bayes,1278,loc,0.7915722310543061,0.9023186266422272,1.0134242057800293
kin8nm,dune_bayes,1279,loc,0.6916186422109604,0.7810759842395782,0.876144129037857
kin8nm,dune_bayes,1280,loc,0.6169421672821045,0.723892480134964,0.8164958506822585
kin8nm,dune_bayes,1281,loc,0.4918564990162849,0.59295254945755,0.7000575393438339
kin8nm,dune_bayes,1282,loc,0.4693452149629593,0.5844906568527222,0.7154263138771055
kin8nm,dune_bayes,1283,loc,0.707373532652855,0.8117774426937103,0.9194668650627136
kin8nm,dune_bayes,1284,loc,0.5951019644737243,0.6965045034885406,0.7971949636936188
kin8nm,dune_bayes,1285,loc,0.5111600458621979,0.6124414205551147,0.7075189143419265
kin8nm,dune_bayes,1286,loc,0.6894608944654464,0.7747956216335297,0.8878178417682647
kin8nm,dune_bayes,1287,loc,0.7706996589899063,0.8918896913528442,1.0052242934703826
kin8nm,dune_bayes,1288,loc,0.6909692466259003,0.810484915971756,0.9157128483057022
kin8nm,dune_bayes,1289,loc,0.8316984683275223,0.9354972243309021,1.0446254670619965
kin8nm,dune_bayes,1290,loc,0.5108343988656998,0.6233228445053101,0.7418648719787597
kin8nm,dune_bayes,1291,loc,0.5454663455486297,0.644526481628418,0.7454251646995542
kin8nm,dune_bayes,1292,loc,0.8355451196432113,0.9367979764938354,1.0490374207496642
kin8nm,dune_bayes,1293,loc,0.8514701366424561,0.9725240468978882,1.0766888618469237
kin8nm,dune_bayes,1294,loc,0.5847479045391083,0.6963669657707214,0.8158008873462677
kin8nm,dune_bayes,1295,loc,0.48566747456789017,0.5720315873622894,0.6825090765953062
kin8nm,dune_bayes,1296,loc,0.8844441145658493,1.004229187965393,1.1027797698974608
kin8nm,dune_bayes,1297,loc,0.5717197984457016,0.6837083399295807,0.7815383166074752
kin8nm,dune_bayes,1298,loc,0.5577441424131393,0.6711329221725464,0.7680077761411667
kin8nm,dune_bayes,1299,loc,0.8561029732227325,0.9664458334445953,1.0703296422958375
kin8nm,dune_bayes,1300,loc,0.5236634135246276,0.6313337087631226,0.723837798833847
kin8nm,dune_bayes,1301,loc,0.4064604461193085,0.5083721578121185,0.6091694623231888
kin8nm,dune_bayes,1302,loc,0.5865844190120697,0.6818662583827972,0.7680871248245239
kin8nm,dune_bayes,1303,loc,0.5847642302513123,0.6859782636165619,0.7853582382202148
kin8nm,dune_bayes,1304,loc,0.9131560653448105,1.0238745212554932,1.1397575736045833
kin8nm,dune_bayes,1305,loc,0.6052442640066147,0.6998591125011444,0.7922943681478499
kin8nm,dune_bayes,1306,loc,0.5858197778463363,0.6770701706409454,0.7606764554977417
kin8nm,dune_bayes,1307,loc,0.7516327440738678,0.8484500348567963,0.9557946294546127
kin8nm,dune_bayes,1308,loc,0.5395425468683243,0.6366605162620544,0.7337351709604262
kin8nm,dune_bayes,1309,loc,0.2761037155985832,0.38213789463043213,0.48485786318778973
kin8nm,dune_bayes,1310,loc,0.7655205875635147,0.8699266910552979,0.9716064423322678
kin8nm,dune_bayes,1311,loc,0.6559822261333466,0.7514042258262634,0.8457699626684188
kin8nm,dune_bayes,1312,loc,0.7071212559938431,0.8028815388679504,0.8965684860944748
kin8nm,dune_bayes,1313,loc,0.6030961692333221,0.7093478143215179,0.7950278073549271
kin8nm,dune_bayes,1314,loc,0.8429116457700729,0.947963297367096,1.036757904291153
kin8nm,dune_bayes,1315,loc,0.4305944874882698,0.529978483915329,0.6327901750802993
kin8nm,dune_bayes,1316,loc,0.6116991609334945,0.7238548398017883,0.8315528512001038
kin8nm,dune_bayes,1317,loc,0.7834813833236695,0.8910079300403595,0.9963495969772338
kin8nm,dune_bayes,1318,loc,0.6330231428146362,0.7193139493465424,0.8102586030960083
kin8nm,dune_bayes,1319,loc,0.8488448351621628,0.9757227897644043,1.0813558638095855
kin8nm,dune_bayes,1320,loc,0.461731830239296,0.5664813220500946,0.684675896167755
kin8nm,dune_bayes,1321,loc,0.4952096566557884,0.5881509184837341,0.7061780929565429
kin8nm,dune_bayes,1322,loc,0.7600968897342681,0.8753563761711121,0.9864552974700925
kin8nm,dune_bayes,1323,loc,0.7336317300796509,0.8702458739280701,0.9894547909498215
kin8nm,dune_bayes,1324,loc,0.36232027411460876,0.4774859845638275,0.6112136751413345
kin8nm,dune_bayes,1325,loc,0.9684811562299729,1.084856927394867,1.1901242792606355
kin8nm,dune_bayes,1326,loc,0.3064786002039909,0.4023275077342987,0.5163696259260178
kin8nm,dune_bayes,1327,loc,0.6612553268671035,0.7579332888126373,0.8699500828981399
kin8nm,dune_bayes,1328,loc,0.7568555414676666,0.8961281478404999,1.0028944194316864
kin8nm,dune_bayes,1329,loc,0.4994553491473198,0.6132523715496063,0.723579055070877
kin8nm,dune_bayes,1330,loc,0.3718109056353569,0.45927567780017853,0.5483934968709944
kin8nm,dune_bayes,1331,loc,0.43775171488523484,0.5208442211151123,0.6052643209695815
kin8nm,dune_bayes,1332,loc,0.39221811592578887,0.49878278374671936,0.6106605648994445
kin8nm,dune_bayes,1333,loc,0.5432675898075103,0.6457121968269348,0.7463767915964127
kin8nm,dune_bayes,1334,loc,0.6539296537637711,0.7694983780384064,0.8903367161750793
kin8nm,dune_bayes,1335,loc,0.37726869583129885,0.4738553613424301,0.5694701939821243
kin8nm,dune_bayes,1336,loc,0.569381034374237,0.6642534732818604,0.7723353743553162
kin8nm,dune_bayes,1337,loc,0.4528583392500877,0.5619384348392487,0.6713989615440369
kin8nm,dune_bayes,1338,loc,0.582325541973114,0.6772134900093079,0.7764657318592072
kin8nm,dune_bayes,1339,loc,0.36914904564619067,0.46985042095184326,0.5690485388040543
kin8nm,dune_bayes,1340,loc,0.3226684585213661,0.42899833619594574,0.530917751789093
kin8nm,dune_bayes,1341,loc,0.5436003297567368,0.6345280706882477,0.7151575952768325
kin8nm,dune_bayes,1342,loc,0.5381091356277465,0.6666534543037415,0.7881179571151733
kin8nm,dune_bayes,1343,loc,0.6830169975757598,0.7874809503555298,0.8951867640018463
kin8nm,dune_bayes,1344,loc,0.33025859445333483,0.4292672872543335,0.5273532658815384
kin8nm,dune_bayes,1345,loc,0.8059217125177384,0.9333520233631134,1.0574511468410492
kin8nm,dune_bayes,1346,loc,0.7824057668447495,0.891802191734314,0.9992703616619109
kin8nm,dune_bayes,1347,loc,0.6053549438714981,0.7051137387752533,0.7998417407274245
kin8nm,dune_bayes,1348,loc,0.5911316394805908,0.7001911997795105,0.8029373347759247
kin8nm,dune_bayes,1349,loc,0.5875446557998657,0.7093633413314819,0.81086186170578
kin8nm,dune_bayes,1350,loc,0.6071699649095536,0.7155702412128448,0.8148864448070526
kin8nm,dune_bayes,1351,loc,0.6497521191835404,0.7669014036655426,0.8663923770189286
kin8nm,dune_bayes,1352,loc,0.4988920152187347,0.6061175763607025,0.7002457112073897
kin8nm,dune_bayes,1353,loc,0.8133229792118073,0.9142486453056335,1.021068239212036
kin8nm,dune_bayes,1354,loc,0.7430675864219666,0.8457670211791992,0.9546776562929153
kin8nm,dune_bayes,1355,loc,0.47109333574771883,0.5722019374370575,0.6795041114091873
kin8nm,dune_bayes,1356,loc,0.4399222955107689,0.5395459532737732,0.6470875442028046
kin8nm,dune_bayes,1357,loc,0.7084351480007172,0.8049228191375732,0.8891738146543503
kin8nm,dune_bayes,1358,loc,0.35887093991041186,0.45425058901309967,0.5515894681215286
kin8nm,dune_bayes,1359,loc,0.5208858728408814,0.6236796677112579,0.7512791305780409
kin8nm,dune_bayes,1360,loc,0.6788596093654633,0.7974762916564941,0.9047230899333953
kin8nm,dune_bayes,1361,loc,0.30663384646177294,0.4184409976005554,0.5183887362480162
kin8nm,dune_bayes,1362,loc,0.5160444587469101,0.6161371171474457,0.7100824266672133
kin8nm,dune_bayes,1363,loc,0.4754106536507607,0.561576783657074,0.6452828854322433
kin8nm,dune_bayes,1364,loc,0.5846128076314926,0.7166182696819305,0.8357778429985047
kin8nm,dune_bayes,1365,loc,0.696506404876709,0.8184158504009247,0.9194990873336791
kin8nm,dune_bayes,1366,loc,0.856970003247261,0.9676666855812073,1.0572431385517118
kin8nm,dune_bayes,1367,loc,0.8394528418779373,0.941832959651947,1.044267153739929
kin8nm,dune_bayes,1368,loc,0.6945434719324112,0.7950110733509064,0.9043521046638489
kin8nm,dune_bayes,1369,loc,0.8384394407272339,0.9414369165897369,1.0498312652111053
kin8nm,dune_bayes,1370,loc,0.7653264433145524,0.8658717274665833,0.9519957929849624
kin8nm,dune_bayes,1371,loc,0.6851623117923736,0.7943402826786041,0.9050338715314864
kin8nm,dune_bayes,1372,loc,0.6515184283256531,0.7501488327980042,0.857102245092392
kin8nm,dune_bayes,1373,loc,0.6819796055555344,0.8049817979335785,0.9316447287797928
kin8nm,dune_bayes,1374,loc,0.5578198134899139,0.6509412825107574,0.7462207376956939
kin8nm,dune_bayes,1375,loc,0.6096064358949661,0.7325303554534912,0.8551516383886337
kin8nm,dune_bayes,1376,loc,0.5263203829526901,0.631149023771286,0.7389457672834396
kin8nm,dune_bayes,1377,loc,0.533339136838913,0.6373539566993713,0.7406631350517272
kin8nm,dune_bayes,1378,loc,0.5295855194330216,0.6259935200214386,0.7243362575769424
kin8nm,dune_bayes,1379,loc,0.6653096467256546,0.7697250843048096,0.8628878384828568
kin8nm,dune_bayes,1380,loc,0.7651528358459473,0.8960854113101959,0.993315726518631
kin8nm,dune_bayes,1381,loc,0.8870506316423417,0.9903791546821594,1.0849856913089753
kin8nm,dune_bayes,1382,loc,0.5592490404844284,0.6610991358757019,0.762273770570755
kin8nm,dune_bayes,1383,loc,0.6588279038667679,0.7636066675186157,0.8615306079387665
kin8nm,dune_bayes,1384,loc,0.7097049504518509,0.8184300363063812,0.9128021776676177
kin8nm,dune_bayes,1385,loc,0.7395457088947296,0.8294449746608734,0.9196642518043517
kin8nm,dune_bayes,1386,loc,0.7090539425611496,0.8081049621105194,0.8924175828695297
kin8nm,dune_bayes,1387,loc,0.9693027436733246,1.0727784633636475,1.1724881172180175
kin8nm,dune_bayes,1388,loc,0.6755536407232284,0.7732481360435486,0.8658362746238708
kin8nm,dune_bayes,1389,loc,0.45726729929447174,0.5713500380516052,0.6806797802448272
kin8nm,dune_bayes,1390,loc,0.5631496697664261,0.654485672712326,0.744469091296196
kin8nm,dune_bayes,1391,loc,0.5581675320863724,0.6681234538555145,0.7794353127479553
kin8nm,dune_bayes,1392,loc,0.36411187052726746,0.47406406700611115,0.5866591483354568
kin8nm,dune_bayes,1393,loc,0.7428284257650375,0.838912308216095,0.9387834042310714
kin8nm,dune_bayes,1394,loc,0.2868289679288864,0.38250426948070526,0.47547747790813444
kin8nm,dune_bayes,1395,loc,0.765707078576088,0.8831694424152374,0.9903629809617995
kin8nm,dune_bayes,1396,loc,0.6342489570379257,0.7399814426898956,0.8359463840723037
kin8nm,dune_bayes,1397,loc,0.4928447291254997,0.6007354557514191,0.695054143667221
kin8nm,dune_bayes,1398,loc,0.6719775795936584,0.7730495035648346,0.8797151058912277
kin8nm,dune_bayes,1399,loc,0.46624910533428193,0.5700246691703796,0.6706056416034698
kin8nm,dune_bayes,1400,loc,0.8083469301462174,0.9080040156841278,1.0135733485221863
kin8nm,dune_bayes,1401,loc,0.7137876123189926,0.8107275068759918,0.8988007366657257
kin8nm,dune_bayes,1402,loc,0.6973646640777588,0.8052574992179871,0.9349451184272766
kin8nm,dune_bayes,1403,loc,0.6790104180574417,0.780316948890686,0.8854224920272826
kin8nm,dune_bayes,1404,loc,0.5136782735586166,0.620580643415451,0.7404099732637405
kin8nm,dune_bayes,1405,loc,0.40632841289043425,0.5040393173694611,0.617854380607605
kin8nm,dune_bayes,1406,loc,0.6920150339603424,0.7875481843948364,0.8759721934795378
kin8nm,dune_bayes,1407,loc,0.6101211845874787,0.6880019903182983,0.7908409744501113
kin8nm,dune_bayes,1408,loc,0.5177138090133667,0.6268901526927948,0.7437344759702682
kin8nm,dune_bayes,1409,loc,0.6432522743940353,0.7452577650547028,0.8420372247695922
kin8nm,dune_bayes,1410,loc,0.6123828709125518,0.715096116065979,0.8169266581535338
kin8nm,dune_bayes,1411,loc,0.600460159778595,0.6988431811332703,0.7967540830373764
kin8nm,dune_bayes,1412,loc,0.6112778306007385,0.7238214015960693,0.8428930282592774
kin8nm,dune_bayes,1413,loc,0.6648490458726883,0.7740291655063629,0.8828583896160125
kin8nm,dune_bayes,1414,loc,0.4929977133870125,0.6036653220653534,0.7112714350223541
kin8nm,dune_bayes,1415,loc,0.7944134533405304,0.9063540995121002,0.9986084133386611
kin8nm,dune_bayes,1416,loc,0.916183602809906,1.038689374923706,1.1491396069526671
kin8nm,dune_bayes,1417,loc,0.6937585562467575,0.7847190797328949,0.8659316182136534
kin8nm,dune_bayes,1418,loc,0.7185738891363144,0.821530818939209,0.9281289964914322
kin8nm,dune_bayes,1419,loc,0.7740326762199402,0.8972020745277405,1.0094072639942169
kin8nm,dune_bayes,1420,loc,0.5441879034042358,0.6523288786411285,0.7477325350046158
kin8nm,dune_bayes,1421,loc,0.5971234619617463,0.6850216686725616,0.7691027909517288
kin8nm,dune_bayes,1422,loc,0.6191547930240631,0.7259023189544678,0.8143739342689513
kin8nm,dune_bayes,1423,loc,0.5556229442358017,0.6639344990253448,0.7545410931110382
kin8nm,dune_bayes,1424,loc,0.6223546236753463,0.7213989794254303,0.8212728530168534
kin8nm,dune_bayes,1425,loc,0.45058407783508303,0.5473930537700653,0.6431785762310025
kin8nm,dune_bayes,1426,loc,0.42902915477752684,0.5293188393115997,0.6203420609235764
kin8nm,dune_bayes,1427,loc,0.7857235252857209,0.8976254165172577,0.9950212121009826
kin8nm,dune_bayes,1428,loc,0.828016397356987,0.9511725604534149,1.0553704798221588
kin8nm,dune_bayes,1429,loc,0.7861808449029922,0.8871989548206329,0.9907818168401719
kin8nm,dune_bayes,1430,loc,0.7897766768932343,0.8928831517696381,0.9860751986503601
kin8nm,dune_bayes,1431,loc,0.8443772256374359,0.944027304649353,1.0431721925735473
kin8nm,dune_bayes,1432,loc,0.5023353368043899,0.6003795564174652,0.7069310396909714
kin8nm,dune_bayes,1433,loc,0.7775295287370682,0.8791320025920868,0.9721453338861465
kin8nm,dune_bayes,1434,loc,0.6355975538492202,0.7520535588264465,0.8509704262018203
kin8nm,dune_bayes,1435,loc,0.5249373346567154,0.6181521415710449,0.7228039413690567
kin8nm,dune_bayes,1436,loc,0.4032875090837479,0.5292938053607941,0.6450661867856979
kin8nm,dune_bayes,1437,loc,0.8303266078233719,0.9434032440185547,1.0581352233886718
kin8nm,dune_bayes,1438,loc,0.3916237995028496,0.4928063005208969,0.5938821136951445
kin8nm,dune_bayes,1439,loc,0.5962635427713394,0.7035050094127655,0.8043142169713974
kin8nm,dune_bayes,1440,loc,0.4044420063495636,0.5137059390544891,0.6104073226451873
kin8nm,dune_bayes,1441,loc,0.44367427229881284,0.5498289465904236,0.6617913424968719
kin8nm,dune_bayes,1442,loc,0.8579714089632035,0.9563588201999664,1.0380782902240753
kin8nm,dune_bayes,1443,loc,0.5554895550012589,0.6561524868011475,0.7515514343976974
kin8nm,dune_bayes,1444,loc,0.5830857962369919,0.6848032176494598,0.7746496856212615
kin8nm,dune_bayes,1445,loc,0.6278661906719207,0.7478756904602051,0.8559881806373596
kin8nm,dune_bayes,1446,loc,0.6662199944257736,0.7797814905643463,0.8752445578575133
kin8nm,dune_bayes,1447,loc,0.5483896940946579,0.6484396755695343,0.742723149061203
kin8nm,dune_bayes,1448,loc,0.7593352407217026,0.8528361022472382,0.9689498454332351
kin8nm,dune_bayes,1449,loc,0.3986940920352936,0.4781447499990463,0.5648821741342545
kin8nm,dune_bayes,1450,loc,0.8635071605443955,0.9719703495502472,1.063921707868576
kin8nm,dune_bayes,1451,loc,0.45653838813304903,0.5633962452411652,0.6632477551698684
kin8nm,dune_bayes,1452,loc,0.5162106424570083,0.619002103805542,0.7198448657989501
kin8nm,dune_bayes,1453,loc,0.5925021201372147,0.6931202411651611,0.7896589428186416
kin8nm,dune_bayes,1454,loc,0.5576368570327759,0.6702783107757568,0.7929460763931273
kin8nm,dune_bayes,1455,loc,0.5441594868898392,0.6550696492195129,0.7536968141794205
kin8nm,dune_bayes,1456,loc,0.5387749016284943,0.6428024768829346,0.7468258112668991
kin8nm,dune_bayes,1457,loc,0.7245113223791122,0.8383113443851471,0.9635437786579132
kin8nm,dune_bayes,1458,loc,0.6148990660905838,0.7151499390602112,0.8351185619831085
kin8nm,dune_bayes,1459,loc,0.5622442275285721,0.6615746021270752,0.7505679160356522
kin8nm,dune_bayes,1460,loc,0.7851938992738724,0.8964821100234985,0.9879373252391814
kin8nm,dune_bayes,1461,loc,0.7158979535102844,0.8332355320453644,0.9389855355024338
kin8nm,dune_bayes,1462,loc,0.6011349946260452,0.7067647576332092,0.8038861244916916
kin8nm,dune_bayes,1463,loc,0.922142431139946,1.032615602016449,1.1362174868583679
kin8nm,dune_bayes,1464,loc,0.2847330912947655,0.3925144225358963,0.502592572569847
kin8nm,dune_bayes,1465,loc,0.7057217001914978,0.8170892000198364,0.9306495010852813
kin8nm,dune_bayes,1466,loc,0.5506383806467057,0.6387654542922974,0.7247859388589859
kin8nm,dune_bayes,1467,loc,0.3438815504312515,0.460138663649559,0.5672829270362854
kin8nm,dune_bayes,1468,loc,0.6076431512832642,0.7120559811592102,0.8128580331802366
kin8nm,dune_bayes,1469,loc,0.7572321832180023,0.8737411797046661,0.972287106513977
kin8nm,dune_bayes,1470,loc,0.8239695399999618,0.944543331861496,1.066784644126892
kin8nm,dune_bayes,1471,loc,0.6803978532552719,0.7861059308052063,0.8834509402513504
kin8nm,dune_bayes,1472,loc,0.690350142121315,0.8358503878116608,0.9638179451227187
kin8nm,dune_bayes,1473,loc,0.6270086646080018,0.7201539576053619,0.8160366594791412
kin8nm,dune_bayes,1474,loc,0.7327945113182068,0.8447950184345245,0.9433763653039933
kin8nm,dune_bayes,1475,loc,0.4845866337418556,0.5847781300544739,0.6949123114347457
kin8nm,dune_bayes,1476,loc,0.6742642879486084,0.7815161347389221,0.9095839768648146
kin8nm,dune_bayes,1477,loc,0.7814094007015229,0.8799952864646912,0.9832866370677947
kin8nm,dune_bayes,1478,loc,0.6206104397773743,0.7157679200172424,0.7984234660863876
kin8nm,dune_bayes,1479,loc,0.6437518149614334,0.7521668970584869,0.8714740425348281
kin8nm,dune_bayes,1480,loc,0.7668563842773437,0.8964428007602692,1.022392451763153
kin8nm,dune_bayes,1481,loc,0.8094990760087967,0.9057289958000183,1.0067915856838223
kin8nm,dune_bayes,1482,loc,0.7158408254384995,0.8092076480388641,0.8967282742261886
kin8nm,dune_bayes,1483,loc,0.6284255385398865,0.7540892958641052,0.8759099274873733
kin8nm,dune_bayes,1484,loc,0.5844122499227524,0.6825287938117981,0.7803629606962204
kin8nm,dune_bayes,1485,loc,0.5096806287765503,0.6301315724849701,0.7399667412042618
kin8nm,dune_bayes,1486,loc,0.48175387680530546,0.5885730385780334,0.6984253495931625
kin8nm,dune_bayes,1487,loc,0.5469624996185303,0.638481616973877,0.7409796565771102
kin8nm,dune_bayes,1488,loc,0.7455777019262314,0.8515910804271698,0.951972135901451
kin8nm,dune_bayes,1489,loc,0.686960580945015,0.786918967962265,0.8963213235139846
kin8nm,dune_bayes,1490,loc,0.6808788031339645,0.801124095916748,0.8970569670200348
kin8nm,dune_bayes,1491,loc,0.5339495956897735,0.6275474429130554,0.7405853033065795
kin8nm,dune_bayes,1492,loc,0.5117266714572907,0.6120133697986603,0.7024021774530411
kin8nm,dune_bayes,1493,loc,0.41352531164884565,0.5089089572429657,0.5951831042766571
kin8nm,dune_bayes,1494,loc,0.7957936674356461,0.9032331109046936,1.0184443712234497
kin8nm,dune_bayes,1495,loc,0.9612519383430481,1.0844736099243164,1.183865350484848
kin8nm,dune_bayes,1496,loc,0.8107184201478959,0.9149586260318756,1.006717187166214
kin8nm,dune_bayes,1497,loc,0.5708491265773773,0.6873949766159058,0.7824200361967086
kin8nm,dune_bayes,1498,loc,0.5993578732013702,0.7099744379520416,0.8238570600748062
kin8nm,dune_bayes,1499,loc,0.5955573409795761,0.7014578580856323,0.7882839977741242
kin8nm,dune_bayes,1500,loc,0.5576797723770142,0.6444397866725922,0.7304952710866928
kin8nm,dune_bayes,1501,loc,0.7642965018749237,0.8755142986774445,0.980124545097351
kin8nm,dune_bayes,1502,loc,0.5233438700437546,0.6386289894580841,0.7399590045213698
kin8nm,dune_bayes,1503,loc,0.6258324146270752,0.7370373904705048,0.8408442199230194
kin8nm,dune_bayes,1504,loc,0.859967052936554,0.9788153767585754,1.0875740766525268
kin8nm,dune_bayes,1505,loc,0.6104563564062119,0.7111080288887024,0.8034387350082397
kin8nm,dune_bayes,1506,loc,0.5317871659994126,0.6236721575260162,0.7258773595094681
kin8nm,dune_bayes,1507,loc,0.5583038568496704,0.6597234010696411,0.759783163666725
kin8nm,dune_bayes,1508,loc,0.4745629370212555,0.5718370974063873,0.6683323889970777
kin8nm,dune_bayes,1509,loc,0.6318266868591309,0.7375541925430298,0.8298426628112793
kin8nm,dune_bayes,1510,loc,0.4298613429069519,0.530387818813324,0.6467679440975189
kin8nm,dune_bayes,1511,loc,0.6343376725912094,0.7278706729412079,0.8309816509485245
kin8nm,dune_bayes,1512,loc,0.5540445238351822,0.6543275713920593,0.7716971129179
kin8nm,dune_bayes,1513,loc,0.8767149239778519,0.9985211491584778,1.1173301815986632
kin8nm,dune_bayes,1514,loc,0.4227270767092705,0.5276111662387848,0.648280394077301
kin8nm,dune_bayes,1515,loc,0.5669487476348877,0.6615073978900909,0.7599263042211533
kin8nm,dune_bayes,1516,loc,0.7092203080654145,0.8037716150283813,0.8962521314620971
kin8nm,dune_bayes,1517,loc,0.6787278383970261,0.7748783826828003,0.8755039602518082
kin8nm,dune_bayes,1518,loc,0.33526446521282194,0.44798120856285095,0.5577256143093109
kin8nm,dune_bayes,1519,loc,0.4738270089030266,0.5743848979473114,0.6750767946243286
kin8nm,dune_bayes,1520,loc,0.7055385082960128,0.8126856088638306,0.915994882583618
kin8nm,dune_bayes,1521,loc,0.5303102374076843,0.6381529271602631,0.7336406886577606
kin8nm,dune_bayes,1522,loc,0.538581907749176,0.6409197747707367,0.7416013300418853
kin8nm,dune_bayes,1523,loc,0.604363065958023,0.7094005644321442,0.8078206479549408
kin8nm,dune_bayes,1524,loc,0.5030565470457077,0.5981287360191345,0.7190073758363723
kin8nm,dune_bayes,1525,loc,0.6416291743516922,0.7505408227443695,0.8662372887134552
kin8nm,dune_bayes,1526,loc,0.615132936835289,0.7230862975120544,0.8210636138916015
kin8nm,dune_bayes,1527,loc,0.6491744846105576,0.7456599771976471,0.8424021154642105
kin8nm,dune_bayes,1528,loc,0.5645616203546524,0.6734040677547455,0.7700717091560364
kin8nm,dune_bayes,1529,loc,0.8517960995435715,0.9461695849895477,1.0273383200168609
kin8nm,dune_bayes,1530,loc,0.9037375926971436,1.0187652707099915,1.124317169189453
kin8nm,dune_bayes,1531,loc,0.6363109141588211,0.7471553981304169,0.8522086918354033
kin8nm,dune_bayes,1532,loc,0.4230635493993759,0.5447086095809937,0.6473418325185775
kin8nm,dune_bayes,1533,loc,0.3370399922132492,0.4347168803215027,0.535440856218338
kin8nm,dune_bayes,1534,loc,0.4841466709971428,0.5859573483467102,0.692999431490898
kin8nm,dune_bayes,1535,loc,0.67629654109478,0.7906457483768463,0.8865941792726516
kin8nm,dune_bayes,1536,loc,0.7696500688791275,0.871494323015213,0.9633776903152466
kin8nm,dune_bayes,1537,loc,0.45722944140434263,0.546829342842102,0.6475112706422805
kin8nm,dune_bayes,1538,loc,0.7670895874500275,0.8751457929611206,0.9742957770824432
kin8nm,dune_bayes,1539,loc,0.7128812313079834,0.792692095041275,0.891183078289032
kin8nm,dune_bayes,1540,loc,0.5642730921506882,0.6668926179409027,0.7631052315235135
kin8nm,dune_bayes,1541,loc,0.61104975938797,0.706791490316391,0.7970233410596846
kin8nm,dune_bayes,1542,loc,0.4645355597138405,0.5611920654773712,0.6573176234960555
kin8nm,dune_bayes,1543,loc,0.24148782044649125,0.3480968177318573,0.44961055964231483
kin8nm,dune_bayes,1544,loc,0.4695694804191589,0.577338844537735,0.6860449284315109
kin8nm,dune_bayes,1545,loc,0.4462341830134392,0.5324881970882416,0.6288807690143585
kin8nm,dune_bayes,1546,loc,0.8026938140392303,0.910878449678421,1.0297594785690307
kin8nm,dune_bayes,1547,loc,0.44363546222448347,0.5493813157081604,0.6657073885202406
kin8nm,dune_bayes,1548,loc,0.7465843707323074,0.8509370684623718,0.9500031888484954
kin8nm,dune_bayes,1549,loc,0.6836992383003235,0.7919408977031708,0.8966552793979644
kin8nm,dune_bayes,1550,loc,0.7026556313037873,0.8120132982730865,0.9216592013835906
kin8nm,dune_bayes,1551,loc,0.6321735978126526,0.7160336375236511,0.7982435792684553
kin8nm,dune_bayes,1552,loc,0.610036289691925,0.7114136517047882,0.8190656006336212
kin8nm,dune_bayes,1553,loc,0.6732059776782989,0.7891766726970673,0.8971851527690887
kin8nm,dune_bayes,1554,loc,0.5727532178163529,0.6813568472862244,0.7733555734157562
kin8nm,dune_bayes,1555,loc,0.5957392752170563,0.7162279188632965,0.819683888554573
kin8nm,dune_bayes,1556,loc,0.7287916988134384,0.8183307647705078,0.8994663089513778
kin8nm,dune_bayes,1557,loc,0.6977424651384354,0.8193354904651642,0.93847319483757
kin8nm,dune_bayes,1558,loc,0.7846240222454071,0.8871581852436066,0.983648830652237
kin8nm,dune_bayes,1559,loc,0.6141442060470581,0.7124561369419098,0.8120438367128372
kin8nm,dune_bayes,1560,loc,0.7612789332866668,0.8845593333244324,0.9853903323411941
kin8nm,dune_bayes,1561,loc,0.27405639439821244,0.37549060583114624,0.4842176795005798
kin8nm,dune_bayes,1562,loc,0.5893855899572372,0.6875304579734802,0.7951024055480957
kin8nm,dune_bayes,1563,loc,0.8960247308015823,1.0215717554092407,1.128612357378006
kin8nm,dune_bayes,1564,loc,0.8293693095445633,0.9335052371025085,1.0306446433067322
kin8nm,dune_bayes,1565,loc,0.5343661814928055,0.6384201645851135,0.748272556066513
kin8nm,dune_bayes,1566,loc,0.4530679702758789,0.5818417072296143,0.7126850128173827
kin8nm,dune_bayes,1567,loc,0.8222365468740463,0.9274663627147675,1.0296491622924804
kin8nm,dune_bayes,1568,loc,0.8684794902801514,0.97519651055336,1.085204929113388
kin8nm,dune_bayes,1569,loc,0.7029739201068879,0.8011973798274994,0.9058546483516691
kin8nm,dune_bayes,1570,loc,0.6169274508953094,0.7042117118835449,0.7903053879737854
kin8nm,dune_bayes,1571,loc,0.821991240978241,0.9175371527671814,1.0141052603721619
kin8nm,dune_bayes,1572,loc,0.5551248043775558,0.6619259715080261,0.7633019059896469
kin8nm,dune_bayes,1573,loc,0.37917243093252184,0.4918626695871353,0.5937474578619003
kin8nm,dune_bayes,1574,loc,0.5173885643482208,0.6083404421806335,0.6982077896595
kin8nm,dune_bayes,1575,loc,0.5786991328001022,0.6909509599208832,0.8196042805910111
kin8nm,dune_bayes,1576,loc,0.5166355907917023,0.6261579394340515,0.7287156641483306
kin8nm,dune_bayes,1577,loc,0.6556866049766541,0.7612173557281494,0.8622154295444487
kin8nm,dune_bayes,1578,loc,0.4781615898013115,0.6061165928840637,0.738042703270912
kin8nm,dune_bayes,1579,loc,0.5115003049373626,0.6198200285434723,0.7405835747718811
kin8nm,dune_bayes,1580,loc,0.5506165355443955,0.6458348631858826,0.7417759895324707
kin8nm,dune_bayes,1581,loc,0.6100398302078247,0.7056028544902802,0.7929550737142562
kin8nm,dune_bayes,1582,loc,0.43437417447566984,0.5344283282756805,0.6429799020290373
kin8nm,dune_bayes,1583,loc,0.6017500102519989,0.6988487541675568,0.7991314560174941
kin8nm,dune_bayes,1584,loc,0.6951723664999008,0.7945244312286377,0.8988966256380081
kin8nm,dune_bayes,1585,loc,0.5183890849351883,0.6157557964324951,0.7178854495286939
kin8nm,dune_bayes,1586,loc,0.608225291967392,0.7192552089691162,0.8362521201372146
kin8nm,dune_bayes,1587,loc,0.48844644874334336,0.5982212126255035,0.7070062309503555
kin8nm,dune_bayes,1588,loc,0.5000967234373093,0.590953916311264,0.6871169328689575
kin8nm,dune_bayes,1589,loc,0.5787564992904664,0.6909852921962738,0.7980822384357451
kin8nm,dune_bayes,1590,loc,0.6920165479183197,0.7890385687351227,0.8790786445140838
kin8nm,dune_bayes,1591,loc,0.6864352375268936,0.8027499318122864,0.9140060991048812
kin8nm,dune_bayes,1592,loc,0.2964700013399124,0.4132242947816849,0.5227589964866638
kin8nm,dune_bayes,1593,loc,0.8875843822956085,0.989782303571701,1.0884147167205809
kin8nm,dune_bayes,1594,loc,0.592506057024002,0.6938170790672302,0.7926455199718475
kin8nm,dune_bayes,1595,loc,0.5511571019887924,0.6457648873329163,0.7367104679346084
kin8nm,dune_bayes,1596,loc,0.7621131956577301,0.8620925545692444,0.9563939064741135
kin8nm,dune_bayes,1597,loc,0.4534841850399971,0.5555035769939423,0.657814610004425
kin8nm,dune_bayes,1598,loc,0.594717800617218,0.6725254356861115,0.753561383485794
kin8nm,dune_bayes,1599,loc,0.5771043002605438,0.6805261671543121,0.7751899063587188
kin8nm,dune_bayes,1600,loc,0.7217595309019089,0.8279209434986115,0.932748258113861
kin8nm,dune_bayes,1601,loc,0.659959277510643,0.7522853910923004,0.8450436174869537
kin8nm,dune_bayes,1602,loc,0.6117638319730758,0.7103462517261505,0.8097005575895309
kin8nm,dune_bayes,1603,loc,0.8395812690258027,0.9568520486354828,1.0566490352153777
kin8nm,dune_bayes,1604,loc,0.3937195405364037,0.5059893131256104,0.6149811714887619
kin8nm,dune_bayes,1605,loc,0.4624083608388901,0.5557821989059448,0.6595177471637725
kin8nm,dune_bayes,1606,loc,0.8074733585119247,0.9112798869609833,1.0085882902145387
kin8nm,dune_bayes,1607,loc,0.6340435087680817,0.7592240273952484,0.8639577746391296
kin8nm,dune_bayes,1608,loc,0.8176848828792572,0.9240580797195435,1.0266939878463746
kin8nm,dune_bayes,1609,loc,0.9170231908559799,1.018383264541626,1.1030059039592741
kin8nm,dune_bayes,1610,loc,0.325528173148632,0.43795183300971985,0.5429621219635009
kin8nm,dune_bayes,1611,loc,0.39787351042032243,0.49907582998275757,0.5958676785230637
kin8nm,dune_bayes,1612,loc,0.6508426487445831,0.7575479745864868,0.8681925147771835
kin8nm,dune_bayes,1613,loc,0.5194543838500977,0.6117420494556427,0.7113897323608398
kin8nm,dune_bayes,1614,loc,0.4877683326601982,0.5910070538520813,0.6978867739439011
kin8nm,dune_bayes,1615,loc,0.8007170379161834,0.9187788963317871,1.029475426673889
kin8nm,dune_bayes,1616,loc,0.596838966012001,0.7049373984336853,0.8132514387369155
kin8nm,dune_bayes,1617,loc,0.4466257452964783,0.5467507541179657,0.6515419572591782
kin8nm,dune_bayes,1618,loc,0.5010365635156632,0.6067332923412323,0.7168737769126892
kin8nm,dune_bayes,1619,loc,0.7161438524723053,0.8172710537910461,0.9412458866834641
kin8nm,dune_bayes,1620,loc,0.7559548258781433,0.8594886064529419,0.962116327881813
kin8nm,dune_bayes,1621,loc,0.47814571410417556,0.5695268213748932,0.6701469779014587
kin8nm,dune_bayes,1622,loc,0.6627147793769836,0.7463547587394714,0.8264168173074722
kin8nm,dune_bayes,1623,loc,0.8338670432567596,0.9507716000080109,1.048436403274536
kin8nm,dune_bayes,1624,loc,0.32534961998462675,0.42837730050086975,0.5321962863206863
kin8nm,dune_bayes,1625,loc,0.611224290728569,0.712509036064148,0.8061329960823059
kin8nm,dune_bayes,1626,loc,0.3374993398785591,0.45347774028778076,0.5602213382720945
kin8nm,dune_bayes,1627,loc,0.30499122738838197,0.3980855643749237,0.4976926341652869
kin8nm,dune_bayes,1628,loc,0.46302276700735095,0.5663476884365082,0.6677279651165008
kin8nm,dune_bayes,1629,loc,0.3192757681012154,0.4336640387773514,0.5414283603429794
kin8nm,dune_bayes,1630,loc,0.5790652185678482,0.6681488752365112,0.7551938474178314
kin8nm,dune_bayes,1631,loc,0.6066070795059204,0.6933766007423401,0.8031969368457794
kin8nm,dune_bayes,1632,loc,0.8525625318288803,0.9539066851139069,1.0392833769321441
kin8nm,dune_bayes,1633,loc,0.7585007429122925,0.8755183517932892,0.9881426155567168
kin8nm,dune_bayes,1634,loc,0.5960624098777771,0.7133413255214691,0.8186388105154037
kin8nm,dune_bayes,1635,loc,0.6042827308177948,0.708022952079773,0.8040001153945923
kin8nm,dune_bayes,1636,loc,0.6801637023687362,0.7857324481010437,0.8965128690004348
kin8nm,dune_bayes,1637,loc,0.8044520765542984,0.9127174019813538,1.0241338014602661
kin8nm,dune_bayes,0,scale,0.18708810508251192,0.2387949898838997,0.3017621845006942
kin8nm,dune_bayes,1,scale,0.1735847368836403,0.22341309487819672,0.28220051527023315
kin8nm,dune_bayes,2,scale,0.13716025054454803,0.19017482548952103,0.2558572337031364
kin8nm,dune_bayes,3,scale,0.17482767701148988,0.24321598559617996,0.31990546882152554
kin8nm,dune_bayes,4,scale,0.21791640818119049,0.294394314289093,0.38154161721467966
kin8nm,dune_bayes,5,scale,0.1210589800029993,0.16828379780054092,0.22340590730309473
kin8nm,dune_bayes,6,scale,0.1788417711853981,0.2313803732395172,0.29337540715932847
kin8nm,dune_bayes,7,scale,0.1722651608288288,0.23733052611351013,0.314911612868309
kin8nm,dune_bayes,8,scale,0.14888716787099837,0.19177494943141937,0.24997627288103103
kin8nm,dune_bayes,9,scale,0.1667699858546257,0.22153574228286743,0.2836878061294555
kin8nm,dune_bayes,10,scale,0.13388723134994507,0.18720544129610062,0.25554970502853386
kin8nm,dune_bayes,11,scale,0.18186335414648055,0.2434939593076706,0.3175353348255157
kin8nm,dune_bayes,12,scale,0.14706052392721175,0.19899901002645493,0.2669917106628418
kin8nm,dune_bayes,13,scale,0.2257320262491703,0.29935167729854584,0.3822278723120689
kin8nm,dune_bayes,14,scale,0.1314593441784382,0.18499590456485748,0.24994785934686645
kin8nm,dune_bayes,15,scale,0.14388070553541182,0.18244745582342148,0.23407175689935678
kin8nm,dune_bayes,16,scale,0.21893277242779732,0.28001993894577026,0.3430516853928565
kin8nm,dune_bayes,17,scale,0.19631148502230644,0.26383399963378906,0.3396558463573456
kin8nm,dune_bayes,18,scale,0.13853435069322587,0.19199075549840927,0.2728209093213081
kin8nm,dune_bayes,19,scale,0.24204543381929397,0.31136490404605865,0.3906853809952736
kin8nm,dune_bayes,20,scale,0.16035018339753151,0.20871616899967194,0.2722700789570808
kin8nm,dune_bayes,21,scale,0.1938353583216667,0.2536405026912689,0.33443639129400254
kin8nm,dune_bayes,22,scale,0.14932895600795745,0.19750233739614487,0.25899438112974166
kin8nm,dune_bayes,23,scale,0.15343726724386217,0.21054280549287796,0.2935157552361488
kin8nm,dune_bayes,24,scale,0.12981977984309195,0.1828550398349762,0.251739028096199
kin8nm,dune_bayes,25,scale,0.15687708631157876,0.21587034314870834,0.29110995680093765
kin8nm,dune_bayes,26,scale,0.2356412038207054,0.3126453310251236,0.38713257461786266
kin8nm,dune_bayes,27,scale,0.16458287164568902,0.22778476029634476,0.30510348677635185
kin8nm,dune_bayes,28,scale,0.1891974151134491,0.25500328838825226,0.3421053171157836
kin8nm,dune_bayes,29,scale,0.14400061517953872,0.19842158257961273,0.27252348661422726
kin8nm,dune_bayes,30,scale,0.11712904386222363,0.17180942744016647,0.24103967025876044
kin8nm,dune_bayes,31,scale,0.14566755443811416,0.1994781568646431,0.2605241835117339
kin8nm,dune_bayes,32,scale,0.18038140907883643,0.2457299903035164,0.3169273123145103
kin8nm,dune_bayes,33,scale,0.18432430699467658,0.2709087133407593,0.36332819163799285
kin8nm,dune_bayes,34,scale,0.169953416287899,0.22119110822677612,0.2800729453563689
kin8nm,dune_bayes,35,scale,0.13875256031751632,0.18379030376672745,0.24412268996238704
kin8nm,dune_bayes,36,scale,0.1851278617978096,0.25136469304561615,0.3349584490060806
kin8nm,dune_bayes,37,scale,0.15941250026226045,0.20675402879714966,0.2704159453511238
kin8nm,dune_bayes,38,scale,0.17035762816667557,0.23585833609104156,0.3112788766622543
kin8nm,dune_bayes,39,scale,0.2293378710746765,0.29173195362091064,0.3659849256277084
kin8nm,dune_bayes,40,scale,0.10782658159732819,0.15672684460878372,0.21784937754273406
kin8nm,dune_bayes,41,scale,0.21694068610668182,0.28513872623443604,0.36461451202630996
kin8nm,dune_bayes,42,scale,0.21606907695531846,0.2870735079050064,0.3689879640936851
kin8nm,dune_bayes,43,scale,0.13334351032972336,0.18845253437757492,0.2590984538197517
kin8nm,dune_bayes,44,scale,0.18507350385189056,0.2424522116780281,0.3115923672914505
kin8nm,dune_bayes,45,scale,0.1894435800611973,0.23881571739912033,0.3003766059875488
kin8nm,dune_bayes,46,scale,0.14967770129442215,0.19858063012361526,0.2662469983100891
kin8nm,dune_bayes,47,scale,0.17012688368558884,0.23313108086585999,0.3009068727493286
kin8nm,dune_bayes,48,scale,0.12620268985629082,0.1744193583726883,0.23445511907339087
kin8nm,dune_bayes,49,scale,0.2066834680736065,0.28462159633636475,0.37431401312351226
kin8nm,dune_bayes,50,scale,0.2301660604774952,0.30970317125320435,0.3962347775697707
kin8nm,dune_bayes,51,scale,0.13899661973118782,0.1799434944987297,0.22907743006944656
kin8nm,dune_bayes,52,scale,0.1578414782881737,0.2122824788093567,0.2902876496315002
kin8nm,dune_bayes,53,scale,0.19941900596022608,0.2625899761915207,0.33415633738040923
kin8nm,dune_bayes,54,scale,0.21013076975941658,0.30131086707115173,0.4091349318623543
kin8nm,dune_bayes,55,scale,0.19198046773672103,0.2533860355615616,0.3213701397180556
kin8nm,dune_bayes,56,scale,0.14150872975587844,0.18542937189340591,0.2455007418990135
kin8nm,dune_bayes,57,scale,0.18304665014147758,0.23774991184473038,0.29768905639648435
kin8nm,dune_bayes,58,scale,0.20612055510282518,0.27258870005607605,0.3426846057176589
kin8nm,dune_bayes,59,scale,0.243562600761652,0.3196631520986557,0.40218932032585136
kin8nm,dune_bayes,60,scale,0.19689494967460633,0.2649473696947098,0.34001027196645733
kin8nm,dune_bayes,61,scale,0.18624017387628555,0.25061939656734467,0.3278918534517288
kin8nm,dune_bayes,62,scale,0.19884018674492837,0.25396865606307983,0.3226602897047996
kin8nm,dune_bayes,63,scale,0.21232900097966195,0.2706017941236496,0.3328792080283165
kin8nm,dune_bayes,64,scale,0.18294792696833612,0.24861299246549606,0.333734518289566
kin8nm,dune_bayes,65,scale,0.1395406275987625,0.18436969071626663,0.24149441719055176
kin8nm,dune_bayes,66,scale,0.19428697675466539,0.26021556556224823,0.33899293988943097
kin8nm,dune_bayes,67,scale,0.1153694860637188,0.1606811136007309,0.21725375503301614
kin8nm,dune_bayes,68,scale,0.19002395421266555,0.2595486640930176,0.3405419260263442
kin8nm,dune_bayes,69,scale,0.24365308210253717,0.30784109234809875,0.3815549850463867
kin8nm,dune_bayes,70,scale,0.17936193719506263,0.23294267803430557,0.3078224331140518
kin8nm,dune_bayes,71,scale,0.12771125584840776,0.17245998978614807,0.2404520809650421
kin8nm,dune_bayes,72,scale,0.16042781695723535,0.21639739722013474,0.2836377486586571
kin8nm,dune_bayes,73,scale,0.1780103251338005,0.24264897406101227,0.3194855734705925
kin8nm,dune_bayes,74,scale,0.1152501679956913,0.1555332913994789,0.21917495504021642
kin8nm,dune_bayes,75,scale,0.1526960089802742,0.20667599886655807,0.2795882686972618
kin8nm,dune_bayes,76,scale,0.13736537992954254,0.18037830293178558,0.2415498986840248
kin8nm,dune_bayes,77,scale,0.13077870160341262,0.1803310513496399,0.23989835157990447
kin8nm,dune_bayes,78,scale,0.22269488126039505,0.2981776148080826,0.3852677345275878
kin8nm,dune_bayes,79,scale,0.14102883264422417,0.18350867182016373,0.240737160295248
kin8nm,dune_bayes,80,scale,0.1496224284172058,0.20059874653816223,0.2663929402828216
kin8nm,dune_bayes,81,scale,0.18074936270713807,0.24348560720682144,0.315757593512535
kin8nm,dune_bayes,82,scale,0.2161433719098568,0.2872321754693985,0.3690742254257202
kin8nm,dune_bayes,83,scale,0.17406951114535332,0.2237488329410553,0.2905170932412147
kin8nm,dune_bayes,84,scale,0.17073806300759314,0.22995120286941528,0.3021104842424392
kin8nm,dune_bayes,85,scale,0.20838284566998483,0.2821207046508789,0.36388942450284956
kin8nm,dune_bayes,86,scale,0.15658362060785294,0.21400537341833115,0.27739089727401717
kin8nm,dune_bayes,87,scale,0.22474862411618232,0.289307564496994,0.36144750863313674
kin8nm,dune_bayes,88,scale,0.20349781811237336,0.2618982195854187,0.32641752213239666
kin8nm,dune_bayes,89,scale,0.1536085955798626,0.21149644255638123,0.2823345258831977
kin8nm,dune_bayes,90,scale,0.1515497736632824,0.1928473487496376,0.24341871365904802
kin8nm,dune_bayes,91,scale,0.1244091585278511,0.17550387978553772,0.23651126101613043
kin8nm,dune_bayes,92,scale,0.16605773493647574,0.22091694176197052,0.2998635768890381
kin8nm,dune_bayes,93,scale,0.13483662903308868,0.18592678010463715,0.2512383595108985
kin8nm,dune_bayes,94,scale,0.19378140494227408,0.27123817801475525,0.3535400927066802
kin8nm,dune_bayes,95,scale,0.23842796608805655,0.31740492582321167,0.41821732223033903
kin8nm,dune_bayes,96,scale,0.21711554750800133,0.2932661175727844,0.3794895485043525
kin8nm,dune_bayes,97,scale,0.20684187784790992,0.26158078014850616,0.32867485433816906
kin8nm,dune_bayes,98,scale,0.12596447467803956,0.17560510337352753,0.23961558267474173
kin8nm,dune_bayes,99,scale,0.16121424958109856,0.21659807860851288,0.28909985125064847
kin8nm,dune_bayes,100,scale,0.13843476697802543,0.19771798700094223,0.26474402099847794
kin8nm,dune_bayes,101,scale,0.1789399653673172,0.23638276010751724,0.30814932137727735
kin8nm,dune_bayes,102,scale,0.1421459510922432,0.19228123128414154,0.2608404606580734
kin8nm,dune_bayes,103,scale,0.18203249499201773,0.23893210291862488,0.3108167633414268
kin8nm,dune_bayes,104,scale,0.17403354868292809,0.23120617121458054,0.3051154389977455
kin8nm,dune_bayes,105,scale,0.17515657991170883,0.22692295163869858,0.2929799154400825
kin8nm,dune_bayes,106,scale,0.13111951127648352,0.18127604573965073,0.24027437567710863
kin8nm,dune_bayes,107,scale,0.12967148721218108,0.1882854923605919,0.2536458536982536
kin8nm,dune_bayes,108,scale,0.15838885605335234,0.20814701169729233,0.27066655158996583
kin8nm,dune_bayes,109,scale,0.15873457193374635,0.2190191000699997,0.28995437473058694
kin8nm,dune_bayes,110,scale,0.14437128752470016,0.2025495022535324,0.27208147346973416
kin8nm,dune_bayes,111,scale,0.18299902752041816,0.2501247972249985,0.32967169135808944
kin8nm,dune_bayes,112,scale,0.15625011399388314,0.20291022211313248,0.2624959215521812
kin8nm,dune_bayes,113,scale,0.13401806578040124,0.18582011759281158,0.2524436324834823
kin8nm,dune_bayes,114,scale,0.22363251298666,0.2956148087978363,0.38342929333448394
kin8nm,dune_bayes,115,scale,0.19420101568102838,0.2690304219722748,0.3490784242749213
kin8nm,dune_bayes,116,scale,0.17131921350955964,0.24292998760938644,0.3324315503239631
kin8nm,dune_bayes,117,scale,0.16529184952378273,0.23198755830526352,0.32323771864175793
kin8nm,dune_bayes,118,scale,0.14117106348276137,0.19495416432619095,0.26654317080974577
kin8nm,dune_bayes,119,scale,0.23230566829442978,0.3078227639198303,0.3935660123825073
kin8nm,dune_bayes,120,scale,0.13028432726860048,0.1815628558397293,0.2443787395954132
kin8nm,dune_bayes,121,scale,0.20248206406831742,0.2576882839202881,0.31835512816905975
kin8nm,dune_bayes,122,scale,0.19352075830101967,0.2585536241531372,0.3261936321854591
kin8nm,dune_bayes,123,scale,0.13994838371872903,0.18867041915655136,0.25499669611454
kin8nm,dune_bayes,124,scale,0.15314769446849824,0.2026906982064247,0.2592574223875999
kin8nm,dune_bayes,125,scale,0.132014262676239,0.1775471195578575,0.23904800862073897
kin8nm,dune_bayes,126,scale,0.14704255536198615,0.20089487731456757,0.2603617563843727
kin8nm,dune_bayes,127,scale,0.1943315677344799,0.24011482298374176,0.2955616116523742
kin8nm,dune_bayes,128,scale,0.13964525759220123,0.19341785460710526,0.26315341442823403
kin8nm,dune_bayes,129,scale,0.22906916514039039,0.30033695697784424,0.3898248195648193
kin8nm,dune_bayes,130,scale,0.13333871364593505,0.18421252071857452,0.2438089646399021
kin8nm,dune_bayes,131,scale,0.19048662334680558,0.25050394237041473,0.32806762605905526
kin8nm,dune_bayes,132,scale,0.1386355370283127,0.1903865784406662,0.26380277872085567
kin8nm,dune_bayes,133,scale,0.11409253068268299,0.16076961904764175,0.21991879045963286
kin8nm,dune_bayes,134,scale,0.20006905645132064,0.2591622918844223,0.32802990674972526
kin8nm,dune_bayes,135,scale,0.204402706772089,0.2569678872823715,0.32487310618162146
kin8nm,dune_bayes,136,scale,0.1227714691311121,0.1702384576201439,0.23479058891534804
kin8nm,dune_bayes,137,scale,0.16198242902755738,0.22278428822755814,0.30060242861509323
kin8nm,dune_bayes,138,scale,0.21735497787594796,0.2895388752222061,0.37340186089277266
kin8nm,dune_bayes,139,scale,0.13388363271951675,0.18461743742227554,0.25758638232946385
kin8nm,dune_bayes,140,scale,0.20794651582837104,0.2806622087955475,0.36430168747901914
kin8nm,dune_bayes,141,scale,0.14563746377825737,0.20256401598453522,0.2741949945688246
kin8nm,dune_bayes,142,scale,0.1309743456542492,0.1779860481619835,0.24509641006588928
kin8nm,dune_bayes,143,scale,0.13826142698526384,0.18687429279088974,0.2454532228410244
kin8nm,dune_bayes,144,scale,0.18628545477986336,0.2527957260608673,0.3353805854916572
kin8nm,dune_bayes,145,scale,0.1475820004940033,0.19550592452287674,0.25658800303936
kin8nm,dune_bayes,146,scale,0.19372636526823045,0.2572721689939499,0.33499746769666666
kin8nm,dune_bayes,147,scale,0.1856701761484146,0.23611680418252945,0.3043743744492531
kin8nm,dune_bayes,148,scale,0.2466076321899891,0.3225081115961075,0.40638392269611356
kin8nm,dune_bayes,149,scale,0.1391165226697922,0.19049161672592163,0.2559287935495375
kin8nm,dune_bayes,150,scale,0.14418389797210693,0.1967344731092453,0.25843726396560657
kin8nm,dune_bayes,151,scale,0.15547696724534035,0.20730353146791458,0.27079997360706326
kin8nm,dune_bayes,152,scale,0.09836881197988986,0.14497224241495132,0.19949400722980495
kin8nm,dune_bayes,153,scale,0.1995463952422142,0.2702491581439972,0.35731422901153553
kin8nm,dune_bayes,154,scale,0.18464026227593422,0.2372535988688469,0.2998580694198608
kin8nm,dune_bayes,155,scale,0.17651745453476905,0.24330397695302963,0.3146847173571586
kin8nm,dune_bayes,156,scale,0.15069835036993026,0.20520605146884918,0.27853498756885525
kin8nm,dune_bayes,157,scale,0.1463565707206726,0.1889883279800415,0.24491355493664735
kin8nm,dune_bayes,158,scale,0.2417210228741169,0.3130772262811661,0.39311407655477526
kin8nm,dune_bayes,159,scale,0.18803198635578156,0.2375255450606346,0.30009959936141956
kin8nm,dune_bayes,160,scale,0.1770278625190258,0.24535059928894043,0.3252055913209914
kin8nm,dune_bayes,161,scale,0.14372985884547235,0.19153793156147003,0.2544470578432083
kin8nm,dune_bayes,162,scale,0.13672736138105393,0.18447448313236237,0.24714042842388145
kin8nm,dune_bayes,163,scale,0.1903000921010971,0.24423639476299286,0.3145087137818336
kin8nm,dune_bayes,164,scale,0.12232122756540775,0.16594357788562775,0.22520743608474725
kin8nm,dune_bayes,165,scale,0.1516066811978817,0.2117382511496544,0.29094081819057455
kin8nm,dune_bayes,166,scale,0.23676297515630723,0.30390769243240356,0.37656814604997635
kin8nm,dune_bayes,167,scale,0.2136411540210247,0.2794724553823471,0.35084247440099714
kin8nm,dune_bayes,168,scale,0.12144049406051635,0.16754446923732758,0.22790313959121702
kin8nm,dune_bayes,169,scale,0.16164789348840714,0.22354917228221893,0.30055155158042884
kin8nm,dune_bayes,170,scale,0.1201274674385786,0.1715606153011322,0.24152911454439163
kin8nm,dune_bayes,171,scale,0.1804506964981556,0.255159467458725,0.34611862897872925
kin8nm,dune_bayes,172,scale,0.20770737528800964,0.2614898234605789,0.32034925371408457
kin8nm,dune_bayes,173,scale,0.22266924381256104,0.29875168204307556,0.3817446932196616
kin8nm,dune_bayes,174,scale,0.19578852355480195,0.2610352039337158,0.3425440996885299
kin8nm,dune_bayes,175,scale,0.12249136306345462,0.1646951362490654,0.22522268593311306
kin8nm,dune_bayes,176,scale,0.1491066724061966,0.2090398147702217,0.28730562776327134
kin8nm,dune_bayes,177,scale,0.14409398436546325,0.19913702458143234,0.2637783646583557
kin8nm,dune_bayes,178,scale,0.1648150123655796,0.21972694247961044,0.2932164534926414
kin8nm,dune_bayes,179,scale,0.12423818185925484,0.1695178672671318,0.2282087281346321
kin8nm,dune_bayes,180,scale,0.18551511615514754,0.2399294152855873,0.3041022732853889
kin8nm,dune_bayes,181,scale,0.10266193971037865,0.14964162558317184,0.20230012908577918
kin8nm,dune_bayes,182,scale,0.2411308169364929,0.30472083389759064,0.3716571182012556
kin8nm,dune_bayes,183,scale,0.18443824201822281,0.2546592950820923,0.3322863221168518
kin8nm,dune_bayes,184,scale,0.1863253101706505,0.2443506419658661,0.31457454115152356
kin8nm,dune_bayes,185,scale,0.1375066764652729,0.19525570422410965,0.2736411467194557
kin8nm,dune_bayes,186,scale,0.17690565884113313,0.23493153601884842,0.3015930265188217
kin8nm,dune_bayes,187,scale,0.14249679669737816,0.19327255338430405,0.25280263274908066
kin8nm,dune_bayes,188,scale,0.16510575637221336,0.2224065214395523,0.3024934008717537
kin8nm,dune_bayes,189,scale,0.20765699520707132,0.2613786906003952,0.3225103706121443
kin8nm,dune_bayes,190,scale,0.12559679485857486,0.17674176394939423,0.23987158983945844
kin8nm,dune_bayes,191,scale,0.17524856701493263,0.24645160883665085,0.32763081490993495
kin8nm,dune_bayes,192,scale,0.11889816410839557,0.16204462200403214,0.21618543267250057
kin8nm,dune_bayes,193,scale,0.19161277115345002,0.2563299238681793,0.32853438109159466
kin8nm,dune_bayes,194,scale,0.22461449280381202,0.2946535050868988,0.37023836970329266
kin8nm,dune_bayes,195,scale,0.20018400475382805,0.26265551149845123,0.33910278975963587
kin8nm,dune_bayes,196,scale,0.2107270523905754,0.2800019830465317,0.35530625879764555
kin8nm,dune_bayes,197,scale,0.13994060456752777,0.18451746553182602,0.24050021171569824
kin8nm,dune_bayes,198,scale,0.1499064989387989,0.21094809472560883,0.28602955788373946
kin8nm,dune_bayes,199,scale,0.15508961230516433,0.20914091169834137,0.2761319369077682
kin8nm,dune_bayes,200,scale,0.21019886285066605,0.27859123051166534,0.36437650471925737
kin8nm,dune_bayes,201,scale,0.2237922392785549,0.3031822293996811,0.39382008761167525
kin8nm,dune_bayes,202,scale,0.17731896564364433,0.22638534009456635,0.29128317832946776
kin8nm,dune_bayes,203,scale,0.17751947045326233,0.23779920488595963,0.31246300488710405
kin8nm,dune_bayes,204,scale,0.2059894882142544,0.2762359082698822,0.35795022994279857
kin8nm,dune_bayes,205,scale,0.11754474304616451,0.16256844252347946,0.22207529395818706
kin8nm,dune_bayes,206,scale,0.15896818190813064,0.20883966237306595,0.2789979428052901
kin8nm,dune_bayes,207,scale,0.165913438051939,0.21728210151195526,0.2734971344470977
kin8nm,dune_bayes,208,scale,0.17465659305453302,0.22383637726306915,0.29223212599754333
kin8nm,dune_bayes,209,scale,0.2111039198935032,0.2822060137987137,0.36967584937810893
kin8nm,dune_bayes,210,scale,0.18741195425391197,0.24304834753274918,0.30931040048599245
kin8nm,dune_bayes,211,scale,0.18895676583051682,0.24879729747772217,0.3207767069339752
kin8nm,dune_bayes,212,scale,0.1691312924027443,0.2206442877650261,0.28510422855615614
kin8nm,dune_bayes,213,scale,0.1938071720302105,0.24958058446645737,0.31773406863212583
kin8nm,dune_bayes,214,scale,0.10995696783065796,0.1528099700808525,0.21214667931199072
kin8nm,dune_bayes,215,scale,0.1411943569779396,0.194664366543293,0.26618338227272026
kin8nm,dune_bayes,216,scale,0.10974762700498104,0.16321589797735214,0.2295531392097473
kin8nm,dune_bayes,217,scale,0.15565272644162179,0.20875920355319977,0.2781303852796554
kin8nm,dune_bayes,218,scale,0.12196376398205758,0.16350572556257248,0.21602462902665137
kin8nm,dune_bayes,219,scale,0.17533438056707382,0.23881635069847107,0.31831081658601756
kin8nm,dune_bayes,220,scale,0.17787940949201583,0.2374820038676262,0.3196415826678276
kin8nm,dune_bayes,221,scale,0.12020501121878624,0.16735465824604034,0.23224441483616828
kin8nm,dune_bayes,222,scale,0.12629546001553535,0.1724710837006569,0.2355607412755489
kin8nm,dune_bayes,223,scale,0.17690182253718376,0.23361527174711227,0.30278206169605243
kin8nm,dune_bayes,224,scale,0.1695188067853451,0.22452768683433533,0.2908634096384048
kin8nm,dune_bayes,225,scale,0.19113665595650672,0.24137141555547714,0.30627924948930735
kin8nm,dune_bayes,226,scale,0.19674114584922792,0.2584371864795685,0.3357739865779876
kin8nm,dune_bayes,227,scale,0.19973062425851823,0.2562972754240036,0.33596279472112656
kin8nm,dune_bayes,228,scale,0.18459211364388467,0.24520927667617798,0.3203620851039886
kin8nm,dune_bayes,229,scale,0.12112996950745583,0.17467793077230453,0.24691382125020025
kin8nm,dune_bayes,230,scale,0.13258783370256425,0.18363399803638458,0.24738574400544167
kin8nm,dune_bayes,231,scale,0.20737866014242173,0.257112056016922,0.3141666352748871
kin8nm,dune_bayes,232,scale,0.17085737809538842,0.22640137374401093,0.29929053187370297
kin8nm,dune_bayes,233,scale,0.13062827810645103,0.17183084785938263,0.22985749766230582
kin8nm,dune_bayes,234,scale,0.20294564738869666,0.2742193639278412,0.3565876320004463
kin8nm,dune_bayes,235,scale,0.1793912410736084,0.2390056699514389,0.3081779196858406
kin8nm,dune_bayes,236,scale,0.20899097323417665,0.2678937315940857,0.33581192940473553
kin8nm,dune_bayes,237,scale,0.19676954224705695,0.2583368569612503,0.3425983861088753
kin8nm,dune_bayes,238,scale,0.2075681872665882,0.26758331060409546,0.3363278567790985
kin8nm,dune_bayes,239,scale,0.13524750620126724,0.18122561275959015,0.2408399000763892
kin8nm,dune_bayes,240,scale,0.14552557989954948,0.19568606466054916,0.2548891320824623
kin8nm,dune_bayes,241,scale,0.18934109434485435,0.24090544879436493,0.3084324404597282
kin8nm,dune_bayes,242,scale,0.1910544939339161,0.24752884358167648,0.316691543161869
kin8nm,dune_bayes,243,scale,0.11971924006938935,0.16270721703767776,0.22164659425616262
kin8nm,dune_bayes,244,scale,0.12490694299340248,0.1757751926779747,0.23736582621932026
kin8nm,dune_bayes,245,scale,0.14158708676695825,0.19196583330631256,0.2527904704213142
kin8nm,dune_bayes,246,scale,0.12741275802254678,0.1821991503238678,0.24819699376821516
kin8nm,dune_bayes,247,scale,0.2145527668297291,0.27730320394039154,0.35321138203144076
kin8nm,dune_bayes,248,scale,0.1949378915131092,0.26476575434207916,0.3456315204501152
kin8nm,dune_bayes,249,scale,0.10336686782538891,0.15452009439468384,0.22119521126151084
kin8nm,dune_bayes,250,scale,0.21192755326628684,0.2773282378911972,0.3511380538344383
kin8nm,dune_bayes,251,scale,0.13085421472787856,0.1782022938132286,0.23884232044219958
kin8nm,dune_bayes,252,scale,0.21419149860739709,0.2845865786075592,0.3622122973203659
kin8nm,dune_bayes,253,scale,0.14313369914889335,0.18200913071632385,0.23394232690334313
kin8nm,dune_bayes,254,scale,0.14344010427594184,0.19218246638774872,0.2546796530485153
kin8nm,dune_bayes,255,scale,0.12805387377738953,0.1678568422794342,0.2208383955061435
kin8nm,dune_bayes,256,scale,0.12478532791137696,0.1694609746336937,0.23409797400236126
kin8nm,dune_bayes,257,scale,0.15101722180843352,0.19334395974874496,0.24660080298781395
kin8nm,dune_bayes,258,scale,0.14514026120305062,0.18754974007606506,0.24937788695096957
kin8nm,dune_bayes,259,scale,0.11152602694928647,0.15831665694713593,0.21571302413940427
kin8nm,dune_bayes,260,scale,0.14623481184244155,0.19065868109464645,0.24396636113524436
kin8nm,dune_bayes,261,scale,0.2200285002589226,0.29331645369529724,0.37185879498720165
kin8nm,dune_bayes,262,scale,0.11751017570495606,0.16906321793794632,0.23975842446088783
kin8nm,dune_bayes,263,scale,0.142473054677248,0.18810825049877167,0.24600543901324268
kin8nm,dune_bayes,264,scale,0.160678231716156,0.20571374148130417,0.2631866171956062
kin8nm,dune_bayes,265,scale,0.20972497537732124,0.2749744951725006,0.3489393591880798
kin8nm,dune_bayes,266,scale,0.17039520367980004,0.22299150377511978,0.2897390395402908
kin8nm,dune_bayes,267,scale,0.15145562440156937,0.19265256822109222,0.25002481788396835
kin8nm,dune_bayes,268,scale,0.17976048812270165,0.2400253340601921,0.3187835201621055
kin8nm,dune_bayes,269,scale,0.16453142687678338,0.21705041080713272,0.2857825487852096
kin8nm,dune_bayes,270,scale,0.14942346662282943,0.20079154521226883,0.2710670173168181
kin8nm,dune_bayes,271,scale,0.14248329475522042,0.19502609223127365,0.26191233098506916
kin8nm,dune_bayes,272,scale,0.21088718250393867,0.2705328166484833,0.34545466750860215
kin8nm,dune_bayes,273,scale,0.18105566054582595,0.23014117032289505,0.29894251525402066
kin8nm,dune_bayes,274,scale,0.1344647563993931,0.17965862900018692,0.23924279063940043
kin8nm,dune_bayes,275,scale,0.11707814186811447,0.16878755390644073,0.23277344703674316
kin8nm,dune_bayes,276,scale,0.19550271481275558,0.2510751783847809,0.3214197412133216
kin8nm,dune_bayes,277,scale,0.11352898590266705,0.16053924709558487,0.23068761229515072
kin8nm,dune_bayes,278,scale,0.21531395465135575,0.28436654806137085,0.37166941612958904
kin8nm,dune_bayes,279,scale,0.16027400642633438,0.2140871062874794,0.28635371178388586
kin8nm,dune_bayes,280,scale,0.222610717266798,0.28266143798828125,0.3534477576613426
kin8nm,dune_bayes,281,scale,0.14351716563105582,0.1847807541489601,0.2403201878070831
kin8nm,dune_bayes,282,scale,0.10488533489406109,0.15451530367136002,0.21935686171054833
kin8nm,dune_bayes,283,scale,0.1288309410214424,0.17534349113702774,0.23187995702028272
kin8nm,dune_bayes,284,scale,0.13946584314107896,0.1873685047030449,0.24848100841045373
kin8nm,dune_bayes,285,scale,0.1363226927816868,0.18725654482841492,0.257938864827156
kin8nm,dune_bayes,286,scale,0.21047233417630196,0.2817426472902298,0.35945991426706303
kin8nm,dune_bayes,287,scale,0.22208933234214784,0.28925640881061554,0.3699179291725158
kin8nm,dune_bayes,288,scale,0.15806060209870337,0.20910951495170593,0.2746412754058837
kin8nm,dune_bayes,289,scale,0.13980673477053643,0.199153371155262,0.2738396152853966
kin8nm,dune_bayes,290,scale,0.21076339930295945,0.28353652358055115,0.36352828592062
kin8nm,dune_bayes,291,scale,0.18807248324155806,0.2523447275161743,0.33377894759178156
kin8nm,dune_bayes,292,scale,0.1454857610166073,0.21059869229793549,0.286714768409729
kin8nm,dune_bayes,293,scale,0.20421488136053087,0.2598942518234253,0.3232125803828239
kin8nm,dune_bayes,294,scale,0.1888692043721676,0.2507273405790329,0.3229365825653076
kin8nm,dune_bayes,295,scale,0.2293185092508793,0.30511362850666046,0.38882702589035023
kin8nm,dune_bayes,296,scale,0.13468701466917993,0.1750122234225273,0.23100752830505367
kin8nm,dune_bayes,297,scale,0.16254887208342553,0.2119784727692604,0.2764412090182303
kin8nm,dune_bayes,298,scale,0.16524237468838693,0.21335101872682571,0.2807253554463386
kin8nm,dune_bayes,299,scale,0.1296541377902031,0.1775153949856758,0.24110133275389659
kin8nm,dune_bayes,300,scale,0.1469045802950859,0.19019751995801926,0.24338283613324163
kin8nm,dune_bayes,301,scale,0.12924285382032394,0.1756114959716797,0.23094453439116477
kin8nm,dune_bayes,302,scale,0.188993950933218,0.25283968448638916,0.32934240251779556
kin8nm,dune_bayes,303,scale,0.1723070114850998,0.23180236667394638,0.3112101599574088
kin8nm,dune_bayes,304,scale,0.1327677011489868,0.17331595718860626,0.21835315003991126
kin8nm,dune_bayes,305,scale,0.21578672826290132,0.30495336651802063,0.39991938024759294
kin8nm,dune_bayes,306,scale,0.16766316145658494,0.2197815105319023,0.2827860593795775
kin8nm,dune_bayes,307,scale,0.18541651144623758,0.2351299598813057,0.30055468529462814
kin8nm,dune_bayes,308,scale,0.0998616773635149,0.14444947987794876,0.19792388528585433
kin8nm,dune_bayes,309,scale,0.1684979699552059,0.2179543524980545,0.2866012960672378
kin8nm,dune_bayes,310,scale,0.16029729098081588,0.20999450236558914,0.2733202844858169
kin8nm,dune_bayes,311,scale,0.15829692110419274,0.20855972170829773,0.2710713386535644
kin8nm,dune_bayes,312,scale,0.21421968340873718,0.28391893208026886,0.36346452385187145
kin8nm,dune_bayes,313,scale,0.2323204480111599,0.317925363779068,0.4112238273024558
kin8nm,dune_bayes,314,scale,0.1341077394783497,0.1801551952958107,0.2408631019294262
kin8nm,dune_bayes,315,scale,0.186544206738472,0.24737485498189926,0.3097307384014129
kin8nm,dune_bayes,316,scale,0.13862232938408853,0.1843981146812439,0.24827073886990544
kin8nm,dune_bayes,317,scale,0.23561252057552337,0.30456212162971497,0.37820086181163787
kin8nm,dune_bayes,318,scale,0.11909219026565553,0.16162538528442383,0.22072753086686134
kin8nm,dune_bayes,319,scale,0.12932230457663535,0.17593634128570557,0.2425800569355488
kin8nm,dune_bayes,320,scale,0.1800227791070938,0.2391590029001236,0.3190599232912062
kin8nm,dune_bayes,321,scale,0.12252964787185193,0.16992902755737305,0.23106601536273955
kin8nm,dune_bayes,322,scale,0.1414807230234146,0.20107411593198776,0.27629384249448774
kin8nm,dune_bayes,323,scale,0.22703968062996865,0.28881314396858215,0.3562430873513221
kin8nm,dune_bayes,324,scale,0.1546406403183937,0.2014261856675148,0.2680515885353088
kin8nm,dune_bayes,325,scale,0.1695019282400608,0.23051253706216812,0.3036759823560714
kin8nm,dune_bayes,326,scale,0.13807788565754892,0.19546326249837875,0.2660530462861061
kin8nm,dune_bayes,327,scale,0.1624278284609318,0.21696235984563828,0.287208080291748
kin8nm,dune_bayes,328,scale,0.1756635881960392,0.22431816905736923,0.28429601937532417
kin8nm,dune_bayes,329,scale,0.18559448048472404,0.24360322207212448,0.3154234260320663
kin8nm,dune_bayes,330,scale,0.2118762992322445,0.28577467799186707,0.35489639341831203
kin8nm,dune_bayes,331,scale,0.14222174137830734,0.18724746257066727,0.2535949572920799
kin8nm,dune_bayes,332,scale,0.16906222701072693,0.22693940997123718,0.3063043475151062
kin8nm,dune_bayes,333,scale,0.18684113174676895,0.2499411255121231,0.33094008415937426
kin8nm,dune_bayes,334,scale,0.22942009568214417,0.30445346236228943,0.38615563064813613
kin8nm,dune_bayes,335,scale,0.20127707794308664,0.2776559591293335,0.3643356934189796
kin8nm,dune_bayes,336,scale,0.1738215886056423,0.24510130286216736,0.333898951113224
kin8nm,dune_bayes,337,scale,0.1704060584306717,0.21943038702011108,0.2822120428085327
kin8nm,dune_bayes,338,scale,0.13091099113225937,0.1732461005449295,0.23433114215731615
kin8nm,dune_bayes,339,scale,0.13239955827593802,0.18481244891881943,0.25162765979766843
kin8nm,dune_bayes,340,scale,0.10573546178638935,0.15187855809926987,0.2108268544077873
kin8nm,dune_bayes,341,scale,0.1572725407779217,0.2008417472243309,0.2604243665933608
kin8nm,dune_bayes,342,scale,0.16673898175358773,0.2205953150987625,0.2876487776637077
kin8nm,dune_bayes,343,scale,0.1330676831305027,0.18601734936237335,0.25613521784543986
kin8nm,dune_bayes,344,scale,0.23242817893624307,0.3012063503265381,0.3832215487957
kin8nm,dune_bayes,345,scale,0.1430632784962654,0.18973767757415771,0.25241948813199994
kin8nm,dune_bayes,346,scale,0.17640289962291716,0.2337186336517334,0.30288036167621607
kin8nm,dune_bayes,347,scale,0.2095089890062809,0.2771511822938919,0.35619196891784666
kin8nm,dune_bayes,348,scale,0.15308430641889573,0.2030879408121109,0.2713673293590545
kin8nm,dune_bayes,349,scale,0.182859093695879,0.22985032945871353,0.29115760177373884
kin8nm,dune_bayes,350,scale,0.22764897271990778,0.303104043006897,0.3814026802778243
kin8nm,dune_bayes,351,scale,0.1814521074295044,0.2543424516916275,0.3300551995635032
kin8nm,dune_bayes,352,scale,0.1430058039724827,0.19524748623371124,0.25888428539037706
kin8nm,dune_bayes,353,scale,0.17330120205879213,0.22649560868740082,0.29511314332485195
kin8nm,dune_bayes,354,scale,0.14514817595481871,0.19138719141483307,0.25651293247938156
kin8nm,dune_bayes,355,scale,0.21498303785920145,0.284794345498085,0.37035140395164484
kin8nm,dune_bayes,356,scale,0.14882386550307275,0.20447275787591934,0.2765983775258064
kin8nm,dune_bayes,357,scale,0.16860028058290483,0.22584736347198486,0.2962862208485602
kin8nm,dune_bayes,358,scale,0.1658321887254715,0.2251724824309349,0.3065876767039299
kin8nm,dune_bayes,359,scale,0.1820366844534874,0.22899958491325378,0.2819670364260673
kin8nm,dune_bayes,360,scale,0.130391413718462,0.1747572273015976,0.24354712516069413
kin8nm,dune_bayes,361,scale,0.19878228828310968,0.2784087806940079,0.36823920756578443
kin8nm,dune_bayes,362,scale,0.1856710843741894,0.23717129975557327,0.300130757689476
kin8nm,dune_bayes,363,scale,0.14394669309258462,0.19217244535684586,0.25591512620449064
kin8nm,dune_bayes,364,scale,0.17771897315979004,0.2429429218173027,0.313689973950386
kin8nm,dune_bayes,365,scale,0.10500607974827289,0.14524395018815994,0.20061540082097054
kin8nm,dune_bayes,366,scale,0.11763870045542717,0.16270557045936584,0.22202947512269017
kin8nm,dune_bayes,367,scale,0.22444984018802644,0.28317269682884216,0.34684829711914056
kin8nm,dune_bayes,368,scale,0.20651531368494033,0.27451735734939575,0.35542247295379636
kin8nm,dune_bayes,369,scale,0.19590042605996133,0.27121464908123016,0.35033608227968216
kin8nm,dune_bayes,370,scale,0.10843445658683777,0.1495746448636055,0.2101658798754215
kin8nm,dune_bayes,371,scale,0.13764787018299102,0.18375223875045776,0.2494787760078907
kin8nm,dune_bayes,372,scale,0.1415239453315735,0.19847939163446426,0.2656957104802131
kin8nm,dune_bayes,373,scale,0.14117578119039537,0.19772281497716904,0.2666977241635322
kin8nm,dune_bayes,374,scale,0.17720235586166383,0.23471199721097946,0.304362966120243
kin8nm,dune_bayes,375,scale,0.19833581298589706,0.2553377002477646,0.31512101143598553
kin8nm,dune_bayes,376,scale,0.19521705731749533,0.2650184631347656,0.3407384246587753
kin8nm,dune_bayes,377,scale,0.1366899609565735,0.186772920191288,0.23934460356831533
kin8nm,dune_bayes,378,scale,0.12099096067249775,0.16366995126008987,0.21548902913928028
kin8nm,dune_bayes,379,scale,0.21396122574806214,0.2844732403755188,0.3606225565075874
kin8nm,dune_bayes,380,scale,0.21935351118445398,0.29509465396404266,0.3836285382509231
kin8nm,dune_bayes,381,scale,0.2139739863574505,0.2760670781135559,0.35348137021064757
kin8nm,dune_bayes,382,scale,0.1322912648320198,0.19095564633607864,0.27080219984054565
kin8nm,dune_bayes,383,scale,0.2103710986673832,0.27754414081573486,0.36046572178602215
kin8nm,dune_bayes,384,scale,0.21579756140708922,0.27126647531986237,0.3354436248540877
kin8nm,dune_bayes,385,scale,0.18105932623147963,0.2489500790834427,0.3394617900252342
kin8nm,dune_bayes,386,scale,0.12123095244169235,0.16435817629098892,0.21428895369172096
kin8nm,dune_bayes,387,scale,0.22621160298585893,0.30790774524211884,0.39131503850221633
kin8nm,dune_bayes,388,scale,0.18750752359628678,0.24819360673427582,0.33005197942256925
kin8nm,dune_bayes,389,scale,0.13406420648097991,0.18099240958690643,0.24363748803734772
kin8nm,dune_bayes,390,scale,0.15007188692688941,0.19477257877588272,0.2551628589630126
kin8nm,dune_bayes,391,scale,0.20304623246192932,0.26884886622428894,0.35326852351427074
kin8nm,dune_bayes,392,scale,0.2061399459838867,0.26545675098896027,0.3288650289177894
kin8nm,dune_bayes,393,scale,0.14812847897410392,0.2052445039153099,0.2742133796215057
kin8nm,dune_bayes,394,scale,0.209679401665926,0.273229643702507,0.3477797001600265
kin8nm,dune_bayes,395,scale,0.13389768004417418,0.1898621767759323,0.26156941205263134
kin8nm,dune_bayes,396,scale,0.12967721670866011,0.182777538895607,0.24646584317088127
kin8nm,dune_bayes,397,scale,0.16924721822142602,0.2255825325846672,0.29099307060241697
kin8nm,dune_bayes,398,scale,0.1765947625041008,0.2388608157634735,0.3118761658668516
kin8nm,dune_bayes,399,scale,0.13176287114620208,0.17668522894382477,0.23218089789152144
kin8nm,dune_bayes,400,scale,0.16634202226996422,0.20837368816137314,0.26748039573431015
kin8nm,dune_bayes,401,scale,0.15187904536724092,0.1991346776485443,0.2674282729625701
kin8nm,dune_bayes,402,scale,0.20128163918852807,0.2758842557668686,0.3556724742054939
kin8nm,dune_bayes,403,scale,0.17044973149895667,0.21325692534446716,0.2735117569565773
kin8nm,dune_bayes,404,scale,0.21220240145921707,0.2767428159713745,0.353251750767231
kin8nm,dune_bayes,405,scale,0.1523620627820492,0.20476825535297394,0.26898413896560663
kin8nm,dune_bayes,406,scale,0.11592033952474594,0.16221579909324646,0.22038185968995092
kin8nm,dune_bayes,407,scale,0.13485630452632905,0.1920139268040657,0.27018314152956
kin8nm,dune_bayes,408,scale,0.20709013640880586,0.2576610743999481,0.32567880898714063
kin8nm,dune_bayes,409,scale,0.2143173970282078,0.27928295731544495,0.3569208368659019
kin8nm,dune_bayes,410,scale,0.17944297641515733,0.2556750625371933,0.3397238403558731
kin8nm,dune_bayes,411,scale,0.1287437655031681,0.1824696660041809,0.24973180592060087
kin8nm,dune_bayes,412,scale,0.15777014717459678,0.20090361684560776,0.25963767170906066
kin8nm,dune_bayes,413,scale,0.1554841235280037,0.2130611538887024,0.2839449107646942
kin8nm,dune_bayes,414,scale,0.12329822815954686,0.17304643988609314,0.23224691897630692
kin8nm,dune_bayes,415,scale,0.12605059146881104,0.17313121259212494,0.2353126138448715
kin8nm,dune_bayes,416,scale,0.14999981820583344,0.20223161578178406,0.2691722452640532
kin8nm,dune_bayes,417,scale,0.16921304985880853,0.2237025946378708,0.2906679272651672
kin8nm,dune_bayes,418,scale,0.2115741789340973,0.2949983924627304,0.3866996467113494
kin8nm,dune_bayes,419,scale,0.16869797557592392,0.2107677385210991,0.26714511364698407
kin8nm,dune_bayes,420,scale,0.12656671926379204,0.1759328618645668,0.24630383104085915
kin8nm,dune_bayes,421,scale,0.1551619865000248,0.20723948627710342,0.276094952225685
kin8nm,dune_bayes,422,scale,0.1452239766716957,0.19784661382436752,0.27167572826147074
kin8nm,dune_bayes,423,scale,0.2113690994679928,0.283151239156723,0.3675879269838333
kin8nm,dune_bayes,424,scale,0.16486101374030113,0.21511759608983994,0.27886653840541836
kin8nm,dune_bayes,425,scale,0.17264995947480202,0.2441670447587967,0.3272747233510017
kin8nm,dune_bayes,426,scale,0.15375276654958725,0.19761408865451813,0.25348373204469676
kin8nm,dune_bayes,427,scale,0.17371996119618416,0.23464566469192505,0.30762318968772884
kin8nm,dune_bayes,428,scale,0.21535886451601982,0.28081604838371277,0.36006928831338875
kin8nm,dune_bayes,429,scale,0.16436519101262093,0.22286288440227509,0.3002599120140075
kin8nm,dune_bayes,430,scale,0.1902119427919388,0.24954461306333542,0.32731936722993843
kin8nm,dune_bayes,431,scale,0.137586260586977,0.18744033575057983,0.25716758370399473
kin8nm,dune_bayes,432,scale,0.20393679961562156,0.25935736298561096,0.3312425225973129
kin8nm,dune_bayes,433,scale,0.19389887228608133,0.25065042078495026,0.3220650404691696
kin8nm,dune_bayes,434,scale,0.16527459770441055,0.21439987421035767,0.2787591964006424
kin8nm,dune_bayes,435,scale,0.15471555441617965,0.20957881212234497,0.27912179976701734
kin8nm,dune_bayes,436,scale,0.1780461810529232,0.22964773327112198,0.29680198878049846
kin8nm,dune_bayes,437,scale,0.1624615989625454,0.207769475877285,0.2606147155165672
kin8nm,dune_bayes,438,scale,0.19842500239610672,0.2510298639535904,0.31418367177247997
kin8nm,dune_bayes,439,scale,0.0999504067003727,0.14456968754529953,0.1999743930995464
kin8nm,dune_bayes,440,scale,0.20846316069364548,0.2707344889640808,0.328453779220581
kin8nm,dune_bayes,441,scale,0.1777742713689804,0.23815006017684937,0.3122500374913215
kin8nm,dune_bayes,442,scale,0.2197726547718048,0.29358379542827606,0.37520330101251603
kin8nm,dune_bayes,443,scale,0.1872259721159935,0.251701295375824,0.32409900277853004
kin8nm,dune_bayes,444,scale,0.1416455462574959,0.1946079581975937,0.2655971348285675
kin8nm,dune_bayes,445,scale,0.2263975903391838,0.2961644381284714,0.3801731914281845
kin8nm,dune_bayes,446,scale,0.12763861566781998,0.18438664078712463,0.25087659955024705
kin8nm,dune_bayes,447,scale,0.14556403160095216,0.1886421963572502,0.24760028123855587
kin8nm,dune_bayes,448,scale,0.14328954815864564,0.19195371121168137,0.2571410909295082
kin8nm,dune_bayes,449,scale,0.22273193970322608,0.27972841262817383,0.3431787177920341
kin8nm,dune_bayes,450,scale,0.17370981350541115,0.23176324367523193,0.3104656979441643
kin8nm,dune_bayes,451,scale,0.17880742996931076,0.22792186588048935,0.287300331890583
kin8nm,dune_bayes,452,scale,0.20990020707249643,0.272864505648613,0.34113024026155464
kin8nm,dune_bayes,453,scale,0.11969168856739998,0.169813871383667,0.2383179634809493
kin8nm,dune_bayes,454,scale,0.21132620051503181,0.27681080996990204,0.36108265668153755
kin8nm,dune_bayes,455,scale,0.16646782979369162,0.21996229141950607,0.27999733239412306
kin8nm,dune_bayes,456,scale,0.21985368207097053,0.28541596233844757,0.36392105370759964
kin8nm,dune_bayes,457,scale,0.17517008259892464,0.22731071710586548,0.2901031196117401
kin8nm,dune_bayes,458,scale,0.20548684224486352,0.2744040787220001,0.3551596745848655
kin8nm,dune_bayes,459,scale,0.14720613658428192,0.20767465978860855,0.28377562016248703
kin8nm,dune_bayes,460,scale,0.18005625680088996,0.2437366098165512,0.31457343250513065
kin8nm,dune_bayes,461,scale,0.1989849738776684,0.25067101418972015,0.31680223643779754
kin8nm,dune_bayes,462,scale,0.2220551662147045,0.30254851281642914,0.38743936717510224
kin8nm,dune_bayes,463,scale,0.1976300984621048,0.25148792564868927,0.3159596264362335
kin8nm,dune_bayes,464,scale,0.13222934901714326,0.18342095613479614,0.2515589982271194
kin8nm,dune_bayes,465,scale,0.21204022839665412,0.2820534408092499,0.3670169159770012
kin8nm,dune_bayes,466,scale,0.14225111529231071,0.1913851499557495,0.2561592578887939
kin8nm,dune_bayes,467,scale,0.15285819321870803,0.20873378217220306,0.287184377014637
kin8nm,dune_bayes,468,scale,0.1935533456504345,0.25190073251724243,0.3244602605700492
kin8nm,dune_bayes,469,scale,0.1553778938949108,0.20779769867658615,0.2739231109619141
kin8nm,dune_bayes,470,scale,0.16396449208259584,0.2111779898405075,0.27208740711212154
kin8nm,dune_bayes,471,scale,0.16717901453375816,0.22406990826129913,0.28778309673070906
kin8nm,dune_bayes,472,scale,0.21269534081220626,0.2696180194616318,0.3431628465652466
kin8nm,dune_bayes,473,scale,0.17824373245239258,0.2338227555155754,0.29808527827262876
kin8nm,dune_bayes,474,scale,0.14337172731757164,0.19117633253335953,0.24684862717986106
kin8nm,dune_bayes,475,scale,0.16355489492416384,0.21458737552165985,0.28062141984701144
kin8nm,dune_bayes,476,scale,0.18494938537478448,0.2527827322483063,0.3421100676059723
kin8nm,dune_bayes,477,scale,0.15099981650710106,0.20928754657506943,0.28884123414754853
kin8nm,dune_bayes,478,scale,0.16420643255114556,0.21088866889476776,0.27081175446510314
kin8nm,dune_bayes,479,scale,0.1649148166179657,0.2248585820198059,0.302032221853733
kin8nm,dune_bayes,480,scale,0.18513495102524757,0.24811158329248428,0.3251819923520088
kin8nm,dune_bayes,481,scale,0.21895853132009507,0.2902921885251999,0.3731563314795494
kin8nm,dune_bayes,482,scale,0.15535831227898597,0.2151992842555046,0.2834696918725967
kin8nm,dune_bayes,483,scale,0.14193291291594506,0.20217176526784897,0.280826960504055
kin8nm,dune_bayes,484,scale,0.20153291672468185,0.25846415758132935,0.32901185005903244
kin8nm,dune_bayes,485,scale,0.1631735384464264,0.21273886412382126,0.28502646684646604
kin8nm,dune_bayes,486,scale,0.21969410330057143,0.28095315396785736,0.35390407294034953
kin8nm,dune_bayes,487,scale,0.12422948144376278,0.16656427085399628,0.2175282560288906
kin8nm,dune_bayes,488,scale,0.1461549662053585,0.20393315702676773,0.2730159565806388
kin8nm,dune_bayes,489,scale,0.1533369153738022,0.2010950669646263,0.26209666728973385
kin8nm,dune_bayes,490,scale,0.1849329523742199,0.23974209278821945,0.30435873270034786
kin8nm,dune_bayes,491,scale,0.19024540781974794,0.26022571325302124,0.34366065412759783
kin8nm,dune_bayes,492,scale,0.2001221001148224,0.2659982591867447,0.3349346473813057
kin8nm,dune_bayes,493,scale,0.10929153077304363,0.1562987044453621,0.21959318965673444
kin8nm,dune_bayes,494,scale,0.16557783335447313,0.2237517163157463,0.29831303358078
kin8nm,dune_bayes,495,scale,0.131952453404665,0.17981140315532684,0.23913684785366052
kin8nm,dune_bayes,496,scale,0.18338342532515525,0.23825574666261673,0.30096387565135957
kin8nm,dune_bayes,497,scale,0.17887715697288514,0.2352670356631279,0.30081819146871563
kin8nm,dune_bayes,498,scale,0.19528237655758857,0.2574579268693924,0.3360394775867462
kin8nm,dune_bayes,499,scale,0.1988610178232193,0.2602706253528595,0.32898181378841396
kin8nm,dune_bayes,500,scale,0.19393227025866508,0.2567271590232849,0.3295889183878897
kin8nm,dune_bayes,501,scale,0.18738472387194632,0.26085807383060455,0.3510010033845901
kin8nm,dune_bayes,502,scale,0.15158145502209663,0.20161577314138412,0.2690249353647232
kin8nm,dune_bayes,503,scale,0.21821204349398615,0.28809966146945953,0.3744973301887512
kin8nm,dune_bayes,504,scale,0.22004787400364875,0.29228322207927704,0.37263837307691566
kin8nm,dune_bayes,505,scale,0.1847831353545189,0.2575276046991348,0.3462691321969032
kin8nm,dune_bayes,506,scale,0.12334253303706647,0.16728702932596207,0.22578902691602706
kin8nm,dune_bayes,507,scale,0.14041927978396415,0.1906377375125885,0.252601845562458
kin8nm,dune_bayes,508,scale,0.14819466546177865,0.202607624232769,0.2731792032718658
kin8nm,dune_bayes,509,scale,0.12015991918742656,0.17505266517400742,0.24729438573122023
kin8nm,dune_bayes,510,scale,0.17620532512664797,0.2345956265926361,0.30412764102220535
kin8nm,dune_bayes,511,scale,0.2108731597661972,0.2753378301858902,0.35034528076648713
kin8nm,dune_bayes,512,scale,0.2137487642467022,0.27328962087631226,0.34363937526941296
kin8nm,dune_bayes,513,scale,0.15918353274464608,0.21346915513277054,0.2786410987377167
kin8nm,dune_bayes,514,scale,0.15211235731840134,0.20995792746543884,0.280108842253685
kin8nm,dune_bayes,515,scale,0.23676699176430702,0.3034723997116089,0.3719802469015121
kin8nm,dune_bayes,516,scale,0.15484082251787185,0.21330653131008148,0.2850116088986395
kin8nm,dune_bayes,517,scale,0.18335570842027665,0.2489616945385933,0.31650730073451994
kin8nm,dune_bayes,518,scale,0.17552794218063356,0.2284800335764885,0.29668096005916583
kin8nm,dune_bayes,519,scale,0.17877723202109336,0.2415640652179718,0.3292044892907142
kin8nm,dune_bayes,520,scale,0.2213771626353264,0.2929946184158325,0.3748791739344597
kin8nm,dune_bayes,521,scale,0.17220366448163987,0.23006852716207504,0.3111286997795105
kin8nm,dune_bayes,522,scale,0.14774183928966522,0.19743461906909943,0.2538142666220665
kin8nm,dune_bayes,523,scale,0.177963325381279,0.2296716421842575,0.2908741474151611
kin8nm,dune_bayes,524,scale,0.17146489918231964,0.22564948350191116,0.308753627538681
kin8nm,dune_bayes,525,scale,0.15340007320046425,0.20827995985746384,0.2738081216812133
kin8nm,dune_bayes,526,scale,0.2179239012300968,0.2882678359746933,0.36387947648763636
kin8nm,dune_bayes,527,scale,0.17108704075217246,0.22928179055452347,0.30189723819494246
kin8nm,dune_bayes,528,scale,0.17311338260769846,0.23092447966337204,0.30855804979801177
kin8nm,dune_bayes,529,scale,0.19736911803483964,0.2722659409046173,0.3620773419737815
kin8nm,dune_bayes,530,scale,0.12882152423262597,0.17761539667844772,0.24156164079904557
kin8nm,dune_bayes,531,scale,0.20252128392457963,0.26442115008831024,0.33988106995821
kin8nm,dune_bayes,532,scale,0.1763851135969162,0.2315608561038971,0.3024369090795517
kin8nm,dune_bayes,533,scale,0.14753658771514894,0.2017398178577423,0.27054539918899534
kin8nm,dune_bayes,534,scale,0.16318305358290672,0.2135097086429596,0.2777861192822456
kin8nm,dune_bayes,535,scale,0.18724562972784042,0.24923469871282578,0.3177689388394356
kin8nm,dune_bayes,536,scale,0.22527015283703805,0.3036995828151703,0.3850698888301849
kin8nm,dune_bayes,537,scale,0.18574949428439141,0.2493537813425064,0.3219589844346046
kin8nm,dune_bayes,538,scale,0.18375950828194618,0.24738500267267227,0.32648016810417174
kin8nm,dune_bayes,539,scale,0.19337257221341134,0.2554951459169388,0.3311280325055122
kin8nm,dune_bayes,540,scale,0.1679827943444252,0.22712747752666473,0.30629359334707257
kin8nm,dune_bayes,541,scale,0.14052772670984268,0.18711981177330017,0.2481573663651943
kin8nm,dune_bayes,542,scale,0.16724061742424964,0.2287290245294571,0.2938347980380058
kin8nm,dune_bayes,543,scale,0.17234017178416253,0.2397773116827011,0.324350406229496
kin8nm,dune_bayes,544,scale,0.22451433390378953,0.3001323938369751,0.37991966158151624
kin8nm,dune_bayes,545,scale,0.20711488798260688,0.2860472947359085,0.37150768190622324
kin8nm,dune_bayes,546,scale,0.11359378807246685,0.17017343640327454,0.2524541780352592
kin8nm,dune_bayes,547,scale,0.2310961365699768,0.3011801093816757,0.3761029705405235
kin8nm,dune_bayes,548,scale,0.1585647076368332,0.2162778228521347,0.2825351119041442
kin8nm,dune_bayes,549,scale,0.2003955878317356,0.27827826142311096,0.36663410514593125
kin8nm,dune_bayes,550,scale,0.2310140125453472,0.29744310677051544,0.3678032383322716
kin8nm,dune_bayes,551,scale,0.19198319539427758,0.24638143926858902,0.3177150949835777
kin8nm,dune_bayes,552,scale,0.13480855002999306,0.1830834075808525,0.2504042416810989
kin8nm,dune_bayes,553,scale,0.18562198728322982,0.2377738282084465,0.29869410693645476
kin8nm,dune_bayes,554,scale,0.19462155625224115,0.2589637339115143,0.3363002523779869
kin8nm,dune_bayes,555,scale,0.21134320348501207,0.2740720957517624,0.3445427790284156
kin8nm,dune_bayes,556,scale,0.1221582617610693,0.175090953707695,0.2448284678161144
kin8nm,dune_bayes,557,scale,0.14607603922486306,0.19717974215745926,0.26645503640174856
kin8nm,dune_bayes,558,scale,0.13319613710045813,0.18717867881059647,0.2571951270103454
kin8nm,dune_bayes,559,scale,0.15720129311084746,0.20764059573411942,0.26814941614866256
kin8nm,dune_bayes,560,scale,0.19411949813365936,0.25198888778686523,0.3220599517226219
kin8nm,dune_bayes,561,scale,0.1949743390083313,0.2591109275817871,0.32906267493963237
kin8nm,dune_bayes,562,scale,0.1424599938094616,0.18780677765607834,0.24708224311470983
kin8nm,dune_bayes,563,scale,0.14225222691893577,0.18457632511854172,0.23869552910327904
kin8nm,dune_bayes,564,scale,0.14877515882253647,0.20069493353366852,0.26792421042919157
kin8nm,dune_bayes,565,scale,0.18227608799934386,0.23922519385814667,0.31310106366872786
kin8nm,dune_bayes,566,scale,0.19380072876811028,0.2639121562242508,0.34601415097713467
kin8nm,dune_bayes,567,scale,0.18381761088967324,0.239411823451519,0.30732510685920716
kin8nm,dune_bayes,568,scale,0.16459866911172866,0.21788398176431656,0.284719069302082
kin8nm,dune_bayes,569,scale,0.18964064344763756,0.2586416006088257,0.3317671492695808
kin8nm,dune_bayes,570,scale,0.21394340321421623,0.28175465762615204,0.3593436568975448
kin8nm,dune_bayes,571,scale,0.21420444101095198,0.2929433584213257,0.3674920782446861
kin8nm,dune_bayes,572,scale,0.16514291614294052,0.2155941277742386,0.28061652183532715
kin8nm,dune_bayes,573,scale,0.17028540521860122,0.22827906906604767,0.30098310559988023
kin8nm,dune_bayes,574,scale,0.1721840724349022,0.22487271577119827,0.29113435596227644
kin8nm,dune_bayes,575,scale,0.1830499604344368,0.24151525646448135,0.31731578558683393
kin8nm,dune_bayes,576,scale,0.11347325891256332,0.15756788104772568,0.2144076846539974
kin8nm,dune_bayes,577,scale,0.13949938043951987,0.1929801180958748,0.26428237259387966
kin8nm,dune_bayes,578,scale,0.16836974993348122,0.22971928864717484,0.30688337236642826
kin8nm,dune_bayes,579,scale,0.15575871169567107,0.20914076268672943,0.28055889904499054
kin8nm,dune_bayes,580,scale,0.17207109108567237,0.22172310948371887,0.2849653780460358
kin8nm,dune_bayes,581,scale,0.20394336804747581,0.2767072767019272,0.3620253980159759
kin8nm,dune_bayes,582,scale,0.15447917804121972,0.20085199177265167,0.26075705736875526
kin8nm,dune_bayes,583,scale,0.21629734039306642,0.27994504570961,0.35010388195514675
kin8nm,dune_bayes,584,scale,0.1555071219801903,0.2106495201587677,0.2887345746159553
kin8nm,dune_bayes,585,scale,0.11716028898954392,0.1672726348042488,0.23193114772438994
kin8nm,dune_bayes,586,scale,0.13486949428915979,0.18059471994638443,0.2514961957931518
kin8nm,dune_bayes,587,scale,0.2083170734345913,0.2791178375482559,0.35574911683797833
kin8nm,dune_bayes,588,scale,0.14517713636159896,0.20504119247198105,0.2795554727315902
kin8nm,dune_bayes,589,scale,0.17618283852934838,0.23246289789676666,0.303020592033863
kin8nm,dune_bayes,590,scale,0.14924508929252625,0.19523300975561142,0.25979246646165843
kin8nm,dune_bayes,591,scale,0.23046724870800972,0.298269659280777,0.3779100105166435
kin8nm,dune_bayes,592,scale,0.20079986453056337,0.26691554486751556,0.33936250656843187
kin8nm,dune_bayes,593,scale,0.14562828317284585,0.19072021543979645,0.24800383821129798
kin8nm,dune_bayes,594,scale,0.13124283477663995,0.1865162029862404,0.25588229298591614
kin8nm,dune_bayes,595,scale,0.20563940033316613,0.2794031947851181,0.3488030761480331
kin8nm,dune_bayes,596,scale,0.13648543506860733,0.18150928616523743,0.2399668388068676
kin8nm,dune_bayes,597,scale,0.1757749430835247,0.2337799221277237,0.3048824071884155
kin8nm,dune_bayes,598,scale,0.12791167348623275,0.17824938148260117,0.23810400813817967
kin8nm,dune_bayes,599,scale,0.12640241831541063,0.1747821867465973,0.23403391018509856
kin8nm,dune_bayes,600,scale,0.20287130773067474,0.2647876739501953,0.33807579874992366
kin8nm,dune_bayes,601,scale,0.15059055909514427,0.20175674557685852,0.2856032282114029
kin8nm,dune_bayes,602,scale,0.16149997860193252,0.21415303647518158,0.2887274011969566
kin8nm,dune_bayes,603,scale,0.150544236600399,0.19846531748771667,0.2636307120323181
kin8nm,dune_bayes,604,scale,0.18285705149173737,0.24515380710363388,0.32296203970909115
kin8nm,dune_bayes,605,scale,0.21067990437150003,0.2677702009677887,0.33643473535776136
kin8nm,dune_bayes,606,scale,0.18057327941060067,0.23718804866075516,0.30599101930856704
kin8nm,dune_bayes,607,scale,0.15646541118621826,0.21275409311056137,0.28604973554611196
kin8nm,dune_bayes,608,scale,0.11321617215871811,0.15836139768362045,0.21491687297821044
kin8nm,dune_bayes,609,scale,0.22561010271310805,0.2997297942638397,0.3934336587786674
kin8nm,dune_bayes,610,scale,0.20039332732558252,0.2675691694021225,0.3491536259651184
kin8nm,dune_bayes,611,scale,0.10980207175016403,0.16022282093763351,0.22361231073737126
kin8nm,dune_bayes,612,scale,0.18598474338650703,0.2687753438949585,0.36310630440711966
kin8nm,dune_bayes,613,scale,0.2022963806986809,0.2631227672100067,0.3272252202033996
kin8nm,dune_bayes,614,scale,0.14539365693926812,0.1987258791923523,0.26025923341512663
kin8nm,dune_bayes,615,scale,0.20933718010783195,0.277962788939476,0.35148617178201674
kin8nm,dune_bayes,616,scale,0.14761656746268273,0.2024175003170967,0.27983385026454916
kin8nm,dune_bayes,617,scale,0.20241007208824158,0.27069835364818573,0.35206829756498326
kin8nm,dune_bayes,618,scale,0.12841663733124734,0.17604611814022064,0.23107630759477607
kin8nm,dune_bayes,619,scale,0.19462536424398422,0.257229208946228,0.33098107129335397
kin8nm,dune_bayes,620,scale,0.17433049231767656,0.23019473254680634,0.2920606195926666
kin8nm,dune_bayes,621,scale,0.12214913591742516,0.17014186084270477,0.23362295776605602
kin8nm,dune_bayes,622,scale,0.12468133568763733,0.16944606602191925,0.22655005082488058
kin8nm,dune_bayes,623,scale,0.1640232838690281,0.2185283526778221,0.29418815672397614
kin8nm,dune_bayes,624,scale,0.1253471925854683,0.1698993816971779,0.22625901103019713
kin8nm,dune_bayes,625,scale,0.16594747081398964,0.2256530225276947,0.3000899404287337
kin8nm,dune_bayes,626,scale,0.19974343851208687,0.2604660540819168,0.32464671432971953
kin8nm,dune_bayes,627,scale,0.12683820575475693,0.17241951823234558,0.22913678660988807
kin8nm,dune_bayes,628,scale,0.1800847090780735,0.23668835312128067,0.3041688337922096
kin8nm,dune_bayes,629,scale,0.19420318752527238,0.24896016716957092,0.31421275287866574
kin8nm,dune_bayes,630,scale,0.1919359654188156,0.2573777884244919,0.34538401365280147
kin8nm,dune_bayes,631,scale,0.1682949848473072,0.22050853073596954,0.2873189330101013
kin8nm,dune_bayes,632,scale,0.15504273772239685,0.20671457052230835,0.26898085474967953
kin8nm,dune_bayes,633,scale,0.2348719671368599,0.2956812083721161,0.3653786167502403
kin8nm,dune_bayes,634,scale,0.1179351668804884,0.16437070071697235,0.22928542867302892
kin8nm,dune_bayes,635,scale,0.2210182011127472,0.2881591022014618,0.3558879762887953
kin8nm,dune_bayes,636,scale,0.12496115714311601,0.16992945224046707,0.22660384178161622
kin8nm,dune_bayes,637,scale,0.2222280740737915,0.2888973206281662,0.36153765469789506
kin8nm,dune_bayes,638,scale,0.184208195656538,0.24115215241909027,0.3046941563487052
kin8nm,dune_bayes,639,scale,0.23322891294956208,0.30620913207530975,0.380434401333332
kin8nm,dune_bayes,640,scale,0.15364740192890167,0.20592929422855377,0.274122555553913
kin8nm,dune_bayes,641,scale,0.21951644644141197,0.29163379967212677,0.37246144860982894
kin8nm,dune_bayes,642,scale,0.18232488110661507,0.23348230123519897,0.29046487659215925
kin8nm,dune_bayes,643,scale,0.12205567695200444,0.16851256787776947,0.23466933518648148
kin8nm,dune_bayes,644,scale,0.1727229282259941,0.23882975429296494,0.3208067432045936
kin8nm,dune_bayes,645,scale,0.2369677670300007,0.30124543607234955,0.3748724758625029
kin8nm,dune_bayes,646,scale,0.12947764247655869,0.17539026588201523,0.2345021858811378
kin8nm,dune_bayes,647,scale,0.14659209102392196,0.20503923296928406,0.28609308451414106
kin8nm,dune_bayes,648,scale,0.18977946117520333,0.25355228781700134,0.32210230529308304
kin8nm,dune_bayes,649,scale,0.1764751724898815,0.23050804436206818,0.2945097297430038
kin8nm,dune_bayes,650,scale,0.1839134432375431,0.24930572509765625,0.32886906266212457
kin8nm,dune_bayes,651,scale,0.134150829911232,0.1863677278161049,0.24992177188396447
kin8nm,dune_bayes,652,scale,0.1638541638851166,0.22123964130878448,0.29371941983699795
kin8nm,dune_bayes,653,scale,0.14139302670955659,0.1870587170124054,0.2467680528759956
kin8nm,dune_bayes,654,scale,0.15901185795664788,0.22041819989681244,0.29636708199977874
kin8nm,dune_bayes,655,scale,0.18858487904071808,0.24590273201465607,0.31680168509483325
kin8nm,dune_bayes,656,scale,0.17373769134283065,0.24596606194972992,0.32958403378725043
kin8nm,dune_bayes,657,scale,0.1495532661676407,0.19864485412836075,0.2580491527915001
kin8nm,dune_bayes,658,scale,0.19273469224572182,0.24880100041627884,0.31393114626407614
kin8nm,dune_bayes,659,scale,0.1952984482049942,0.25993312895298004,0.335034741461277
kin8nm,dune_bayes,660,scale,0.16167886331677436,0.2163596674799919,0.28797396570444106
kin8nm,dune_bayes,661,scale,0.1394328899681568,0.1896081566810608,0.2681484073400497
kin8nm,dune_bayes,662,scale,0.17877914682030677,0.24073778092861176,0.3167604506015777
kin8nm,dune_bayes,663,scale,0.18024967089295388,0.23931192606687546,0.30977302640676496
kin8nm,dune_bayes,664,scale,0.14541345313191414,0.187730610370636,0.24373851343989364
kin8nm,dune_bayes,665,scale,0.16952367052435874,0.22417693585157394,0.29587579220533367
kin8nm,dune_bayes,666,scale,0.174923824518919,0.23733798414468765,0.31163770258426665
kin8nm,dune_bayes,667,scale,0.1586925655603409,0.20622960478067398,0.2630976304411887
kin8nm,dune_bayes,668,scale,0.1993880972266197,0.26667100191116333,0.3414513647556305
kin8nm,dune_bayes,669,scale,0.11948515549302101,0.1671302244067192,0.22447501495480537
kin8nm,dune_bayes,670,scale,0.1247971598058939,0.16590163856744766,0.22595041245222092
kin8nm,dune_bayes,671,scale,0.17325278222560883,0.23396142572164536,0.311078579723835
kin8nm,dune_bayes,672,scale,0.13132724836468695,0.18871986865997314,0.26061498671770095
kin8nm,dune_bayes,673,scale,0.11898431554436684,0.17171677201986313,0.23430412411689752
kin8nm,dune_bayes,674,scale,0.15267917439341544,0.20534003525972366,0.27398643642663956
kin8nm,dune_bayes,675,scale,0.1792051337659359,0.24448680132627487,0.3212001875042915
kin8nm,dune_bayes,676,scale,0.15169014036655426,0.19827327132225037,0.25805777311325073
kin8nm,dune_bayes,677,scale,0.14367397278547286,0.19612755626440048,0.26599456667900084
kin8nm,dune_bayes,678,scale,0.19403500035405158,0.2531397193670273,0.319120442867279
kin8nm,dune_bayes,679,scale,0.13097160011529924,0.17504943907260895,0.23187421411275863
kin8nm,dune_bayes,680,scale,0.11554808877408504,0.1589869111776352,0.21475343555212006
kin8nm,dune_bayes,681,scale,0.13566623851656914,0.1858082190155983,0.25618778318166735
kin8nm,dune_bayes,682,scale,0.18445948138833046,0.23802056908607483,0.31009369939565656
kin8nm,dune_bayes,683,scale,0.20302343741059303,0.26543448865413666,0.3490178287029266
kin8nm,dune_bayes,684,scale,0.17169127762317657,0.22766514122486115,0.30606140941381454
kin8nm,dune_bayes,685,scale,0.20974231883883476,0.27917714416980743,0.36949753016233433
kin8nm,dune_bayes,686,scale,0.13741345703601837,0.1805543154478073,0.24653109610080715
kin8nm,dune_bayes,687,scale,0.22121912315487863,0.29194532334804535,0.3707833111286163
kin8nm,dune_bayes,688,scale,0.201997509598732,0.26639410853385925,0.3398931115865707
kin8nm,dune_bayes,689,scale,0.1284663550555706,0.18399600684642792,0.25343758761882773
kin8nm,dune_bayes,690,scale,0.1050975788384676,0.14767718315124512,0.19581918343901625
kin8nm,dune_bayes,691,scale,0.11829062588512898,0.1668296828866005,0.2268961444497108
kin8nm,dune_bayes,692,scale,0.1621454767882824,0.22095143795013428,0.28931998461484904
kin8nm,dune_bayes,693,scale,0.2484789066016674,0.32696741819381714,0.4142120987176893
kin8nm,dune_bayes,694,scale,0.12717857882380484,0.17208894342184067,0.23273357152938842
kin8nm,dune_bayes,695,scale,0.20316986069083215,0.26165542006492615,0.3292324423789978
kin8nm,dune_bayes,696,scale,0.20953411012887954,0.2795601040124893,0.35287876129150386
kin8nm,dune_bayes,697,scale,0.16454433873295785,0.21385508030653,0.2818242460489273
kin8nm,dune_bayes,698,scale,0.134507005661726,0.18589359521865845,0.2527868002653122
kin8nm,dune_bayes,699,scale,0.18617525473237037,0.2556610554456711,0.34107666164636613
kin8nm,dune_bayes,700,scale,0.20806233063340188,0.2884799987077713,0.38584796637296676
kin8nm,dune_bayes,701,scale,0.1532564103603363,0.20989610254764557,0.28337140828371044
kin8nm,dune_bayes,702,scale,0.17972385808825492,0.2325829118490219,0.29749817252159116
kin8nm,dune_bayes,703,scale,0.09801449961960315,0.14385060966014862,0.20130930319428444
kin8nm,dune_bayes,704,scale,0.15783239603042604,0.20197558403015137,0.26325054615736004
kin8nm,dune_bayes,705,scale,0.15399523302912713,0.20770256221294403,0.2748940154910086
kin8nm,dune_bayes,706,scale,0.2101816512644291,0.27206607162952423,0.3394881293177604
kin8nm,dune_bayes,707,scale,0.13688236922025682,0.18159841001033783,0.23951574936509132
kin8nm,dune_bayes,708,scale,0.20938694700598717,0.27960093319416046,0.35732450187206266
kin8nm,dune_bayes,709,scale,0.13004565313458444,0.18489818274974823,0.25487957596778865
kin8nm,dune_bayes,710,scale,0.13368927091360092,0.18226496875286102,0.2521395578980446
kin8nm,dune_bayes,711,scale,0.20313628241419793,0.2710984796285629,0.3478322893381117
kin8nm,dune_bayes,712,scale,0.126279629021883,0.17454596608877182,0.23786860108375546
kin8nm,dune_bayes,713,scale,0.13314109146595002,0.1803351268172264,0.24353845417499537
kin8nm,dune_bayes,714,scale,0.17580035999417304,0.23337844014167786,0.2975666031241417
kin8nm,dune_bayes,715,scale,0.21249795109033584,0.2701540142297745,0.3357503771781921
kin8nm,dune_bayes,716,scale,0.1711537979543209,0.22327568382024765,0.2857177972793579
kin8nm,dune_bayes,717,scale,0.186656903475523,0.2465060129761696,0.3209128245711326
kin8nm,dune_bayes,718,scale,0.17412092089653014,0.24245750904083252,0.3250385627150535
kin8nm,dune_bayes,719,scale,0.18099327608942986,0.2408221960067749,0.31030128151178354
kin8nm,dune_bayes,720,scale,0.1838888518512249,0.24750452488660812,0.31504695117473597
kin8nm,dune_bayes,721,scale,0.18582662492990493,0.24500683695077896,0.3126723021268844
kin8nm,dune_bayes,722,scale,0.1409327916800976,0.20595866441726685,0.2897603690624237
kin8nm,dune_bayes,723,scale,0.20918590128421782,0.28575991094112396,0.37336338758468623
kin8nm,dune_bayes,724,scale,0.2315066359937191,0.2988008111715317,0.37555008530616757
kin8nm,dune_bayes,725,scale,0.18368669599294662,0.24498213827610016,0.30799340158700944
kin8nm,dune_bayes,726,scale,0.12306308895349502,0.1738118976354599,0.2304205700755119
kin8nm,dune_bayes,727,scale,0.20879190638661385,0.2881334125995636,0.37295505553483954
kin8nm,dune_bayes,728,scale,0.13856890499591829,0.1907152757048607,0.25954796820878984
kin8nm,dune_bayes,729,scale,0.16137599498033525,0.21571364998817444,0.28822147846221924
kin8nm,dune_bayes,730,scale,0.15942202359437943,0.2139122486114502,0.283975350856781
kin8nm,dune_bayes,731,scale,0.12997794896364212,0.17692964524030685,0.23730942830443377
kin8nm,dune_bayes,732,scale,0.1627525955438614,0.21350715309381485,0.27940345406532285
kin8nm,dune_bayes,733,scale,0.2107458256185055,0.2780165821313858,0.3618516102433204
kin8nm,dune_bayes,734,scale,0.1401890717446804,0.18612566590309143,0.2491719648241996
kin8nm,dune_bayes,735,scale,0.12230265662074088,0.1744449958205223,0.23630036413669586
kin8nm,dune_bayes,736,scale,0.1582649178802967,0.21592146158218384,0.2875257968902588
kin8nm,dune_bayes,737,scale,0.15135956257581712,0.20499806851148605,0.2673784807324409
kin8nm,dune_bayes,738,scale,0.11190539225935936,0.1584627851843834,0.22288605421781538
kin8nm,dune_bayes,739,scale,0.19706390425562859,0.25850966572761536,0.3373657882213592
kin8nm,dune_bayes,740,scale,0.21705931648612023,0.27848702669143677,0.3508059814572334
kin8nm,dune_bayes,741,scale,0.13589945212006568,0.18335172533988953,0.24402736425399776
kin8nm,dune_bayes,742,scale,0.14575752392411231,0.1969553902745247,0.26107032448053347
kin8nm,dune_bayes,743,scale,0.1436464674770832,0.20110463351011276,0.26978281885385513
kin8nm,dune_bayes,744,scale,0.15904038175940513,0.21076688915491104,0.2719985857605934
kin8nm,dune_bayes,745,scale,0.1961754359304905,0.2661779820919037,0.3504395499825477
kin8nm,dune_bayes,746,scale,0.1963360756635666,0.2676618993282318,0.34432158023118975
kin8nm,dune_bayes,747,scale,0.13663822263479233,0.18481049686670303,0.24346531257033344
kin8nm,dune_bayes,748,scale,0.20255339667201042,0.26685231924057007,0.3431140467524528
kin8nm,dune_bayes,749,scale,0.13029172047972679,0.17426056414842606,0.23226275742053976
kin8nm,dune_bayes,750,scale,0.10360154211521148,0.1521596908569336,0.21077618747949597
kin8nm,dune_bayes,751,scale,0.2330880805850029,0.3101552277803421,0.39747289717197415
kin8nm,dune_bayes,752,scale,0.19084529131650924,0.2531563490629196,0.3279152408242226
kin8nm,dune_bayes,753,scale,0.13785818591713905,0.1840176060795784,0.2453242845833301
kin8nm,dune_bayes,754,scale,0.13494617938995362,0.18182715773582458,0.23690170869231222
kin8nm,dune_bayes,755,scale,0.19524742588400842,0.2644850164651871,0.3433875173330307
kin8nm,dune_bayes,756,scale,0.1915993869304657,0.2550622522830963,0.33342164307832717
kin8nm,dune_bayes,757,scale,0.12241149432957173,0.16709282994270325,0.22500305026769632
kin8nm,dune_bayes,758,scale,0.12886180356144905,0.18471083790063858,0.2552397400140762
kin8nm,dune_bayes,759,scale,0.14376228600740432,0.19328677654266357,0.25704815089702604
kin8nm,dune_bayes,760,scale,0.1467693917453289,0.192245252430439,0.24761893153190603
kin8nm,dune_bayes,761,scale,0.16367427483201027,0.22192475199699402,0.2964942574501037
kin8nm,dune_bayes,762,scale,0.16657022312283518,0.21730700880289078,0.29204931557178493
kin8nm,dune_bayes,763,scale,0.23277319073677064,0.2994685024023056,0.3707753777503967
kin8nm,dune_bayes,764,scale,0.18684095218777658,0.2503100335597992,0.3230038002133369
kin8nm,dune_bayes,765,scale,0.1869486801326275,0.24407288432121277,0.32114305645227426
kin8nm,dune_bayes,766,scale,0.23674704059958457,0.306687593460083,0.38567303270101544
kin8nm,dune_bayes,767,scale,0.1233177550137043,0.17366532981395721,0.23437754064798352
kin8nm,dune_bayes,768,scale,0.1438872382044792,0.19653956592082977,0.2560562446713447
kin8nm,dune_bayes,769,scale,0.15105973407626153,0.19937841594219208,0.266793318092823
kin8nm,dune_bayes,770,scale,0.20657219588756562,0.2784973978996277,0.35387148559093473
kin8nm,dune_bayes,771,scale,0.1361664593219757,0.18366345763206482,0.24598723500967024
kin8nm,dune_bayes,772,scale,0.11879900693893433,0.1622779592871666,0.21590969190001486
kin8nm,dune_bayes,773,scale,0.14875045716762542,0.1986781805753708,0.2651096284389495
kin8nm,dune_bayes,774,scale,0.19520736634731292,0.2543259710073471,0.31670656651258466
kin8nm,dune_bayes,775,scale,0.18755024224519729,0.25617994368076324,0.33611862808465953
kin8nm,dune_bayes,776,scale,0.11539670526981353,0.15862209349870682,0.2243589483201503
kin8nm,dune_bayes,777,scale,0.19142898693680763,0.24963832646608353,0.3180521219968796
kin8nm,dune_bayes,778,scale,0.20523620769381523,0.27041806280612946,0.36247083097696303
kin8nm,dune_bayes,779,scale,0.14348632767796515,0.1969352439045906,0.27533915638923645
kin8nm,dune_bayes,780,scale,0.20206624493002892,0.2805985361337662,0.3661374688148498
kin8nm,dune_bayes,781,scale,0.17683127373456956,0.2462228313088417,0.3232558622956275
kin8nm,dune_bayes,782,scale,0.12892044857144355,0.17808572947978973,0.23693855628371235
kin8nm,dune_bayes,783,scale,0.18345929458737373,0.24999018758535385,0.32469972968101496
kin8nm,dune_bayes,784,scale,0.13998856246471406,0.18786905705928802,0.2475213274359703
kin8nm,dune_bayes,785,scale,0.21388256624341012,0.2720085233449936,0.3356829434633255
kin8nm,dune_bayes,786,scale,0.18031909838318824,0.24642720073461533,0.33064503222703934
kin8nm,dune_bayes,787,scale,0.11512096412479877,0.15996097028255463,0.20941431149840353
kin8nm,dune_bayes,788,scale,0.153284952044487,0.2083614319562912,0.2806375131011009
kin8nm,dune_bayes,789,scale,0.19229739010334015,0.25022727251052856,0.3183356970548629
kin8nm,dune_bayes,790,scale,0.17385655939579012,0.23874634504318237,0.31192701458930966
kin8nm,dune_bayes,791,scale,0.13503809347748758,0.18392831832170486,0.2460834182798862
kin8nm,dune_bayes,792,scale,0.1398243598639965,0.18527116626501083,0.2440298214554786
kin8nm,dune_bayes,793,scale,0.1667700596153736,0.22308629006147385,0.29498220831155775
kin8nm,dune_bayes,794,scale,0.20898217782378198,0.2874811738729477,0.3681491702795027
kin8nm,dune_bayes,795,scale,0.20284703597426415,0.26539231836795807,0.3316338777542114
kin8nm,dune_bayes,796,scale,0.19370897561311723,0.2533966153860092,0.32024608999490733
kin8nm,dune_bayes,797,scale,0.19152989163994788,0.26260852813720703,0.33992238044738765
kin8nm,dune_bayes,798,scale,0.16918599978089333,0.21495621651411057,0.27754138708114623
kin8nm,dune_bayes,799,scale,0.13823933228850366,0.17669795453548431,0.22370800003409377
kin8nm,dune_bayes,800,scale,0.12514366172254085,0.17318353056907654,0.23550824001431464
kin8nm,dune_bayes,801,scale,0.12711775079369544,0.16702469438314438,0.21756996512413024
kin8nm,dune_bayes,802,scale,0.14788456112146378,0.20907000452280045,0.29238822311162943
kin8nm,dune_bayes,803,scale,0.20929476469755173,0.2712302803993225,0.3376469835639
kin8nm,dune_bayes,804,scale,0.13065243512392044,0.17547080665826797,0.2295466803014278
kin8nm,dune_bayes,805,scale,0.13136804550886155,0.18140656501054764,0.2618833824992179
kin8nm,dune_bayes,806,scale,0.19686280339956283,0.26416365802288055,0.34488828629255286
kin8nm,dune_bayes,807,scale,0.18079321905970575,0.23986467719078064,0.30382890105247495
kin8nm,dune_bayes,808,scale,0.20034215301275254,0.26732848584651947,0.3491849437355995
kin8nm,dune_bayes,809,scale,0.19444863200187684,0.2601207196712494,0.34266705513000484
kin8nm,dune_bayes,810,scale,0.18638448938727378,0.23742421716451645,0.29927166700363156
kin8nm,dune_bayes,811,scale,0.19311429485678672,0.2677452266216278,0.35320400446653366
kin8nm,dune_bayes,812,scale,0.13866186365485192,0.18950168788433075,0.2571161761879921
kin8nm,dune_bayes,813,scale,0.11152430064976215,0.1518200933933258,0.20078699216246604
kin8nm,dune_bayes,814,scale,0.146536123752594,0.2057015299797058,0.28265129476785655
kin8nm,dune_bayes,815,scale,0.21345329135656357,0.2773512750864029,0.3485499963164329
kin8nm,dune_bayes,816,scale,0.16180220022797584,0.21459902822971344,0.28783331960439684
kin8nm,dune_bayes,817,scale,0.18390829637646675,0.2445305660367012,0.3195192784070969
kin8nm,dune_bayes,818,scale,0.16818155348300934,0.22188740968704224,0.28803311884403227
kin8nm,dune_bayes,819,scale,0.15802394077181817,0.20882100611925125,0.2757768645882606
kin8nm,dune_bayes,820,scale,0.1387916088104248,0.1878374144434929,0.2544682383537292
kin8nm,dune_bayes,821,scale,0.16133882477879524,0.21132059395313263,0.2758942276239395
kin8nm,dune_bayes,822,scale,0.12932044565677642,0.17025074362754822,0.22792632281780242
kin8nm,dune_bayes,823,scale,0.12138535529375076,0.1697838380932808,0.2284658186137676
kin8nm,dune_bayes,824,scale,0.15944461077451705,0.21094538271427155,0.2734541028738022
kin8nm,dune_bayes,825,scale,0.173686683177948,0.23305310308933258,0.3066113233566284
kin8nm,dune_bayes,826,scale,0.1591129891574383,0.22037658840417862,0.2993636667728424
kin8nm,dune_bayes,827,scale,0.2340979680418968,0.3078102320432663,0.3847134500741957
kin8nm,dune_bayes,828,scale,0.11817211806774139,0.16432379931211472,0.23471793085336684
kin8nm,dune_bayes,829,scale,0.1137703850865364,0.16189277917146683,0.22489792257547378
kin8nm,dune_bayes,830,scale,0.12934160828590394,0.17438341677188873,0.22647993713617323
kin8nm,dune_bayes,831,scale,0.1935525268316269,0.2664594054222107,0.34907333999872203
kin8nm,dune_bayes,832,scale,0.143424641340971,0.19733208417892456,0.2664532229304313
kin8nm,dune_bayes,833,scale,0.12210916131734847,0.17485319823026657,0.25035576075315474
kin8nm,dune_bayes,834,scale,0.16331202611327172,0.21055857092142105,0.2685759335756302
kin8nm,dune_bayes,835,scale,0.19240620583295823,0.2672489881515503,0.3623198613524437
kin8nm,dune_bayes,836,scale,0.15457521080970765,0.20162227004766464,0.2679908826947212
kin8nm,dune_bayes,837,scale,0.15272153913974762,0.20574235916137695,0.2600877806544303
kin8nm,dune_bayes,838,scale,0.13116833865642546,0.1782165765762329,0.24313704520463936
kin8nm,dune_bayes,839,scale,0.12832908630371093,0.17922931909561157,0.24566073566675184
kin8nm,dune_bayes,840,scale,0.19122901111841203,0.24511174857616425,0.31701905429363253
kin8nm,dune_bayes,841,scale,0.12360279224812984,0.16961754858493805,0.2407294683158397
kin8nm,dune_bayes,842,scale,0.13096062317490578,0.18195528537034988,0.2427856110036373
kin8nm,dune_bayes,843,scale,0.18626530840992928,0.2519669085741043,0.3313424602150916
kin8nm,dune_bayes,844,scale,0.20139337182044983,0.2581118941307068,0.3275044560432433
kin8nm,dune_bayes,845,scale,0.1875736817717552,0.24933234602212906,0.31890074312686917
kin8nm,dune_bayes,846,scale,0.17789765521883966,0.24638759344816208,0.3202082991600036
kin8nm,dune_bayes,847,scale,0.17325472235679626,0.22272801399230957,0.27966171652078625
kin8nm,dune_bayes,848,scale,0.1210021112114191,0.16955209523439407,0.24041074439883228
kin8nm,dune_bayes,849,scale,0.22953586429357528,0.3007002919912338,0.37407539039850235
kin8nm,dune_bayes,850,scale,0.1496783621609211,0.19763844460248947,0.25588933080434795
kin8nm,dune_bayes,851,scale,0.19044258892536164,0.2581259459257126,0.338612188398838
kin8nm,dune_bayes,852,scale,0.1925746224820614,0.24661101400852203,0.31579509973526
kin8nm,dune_bayes,853,scale,0.16403668001294136,0.22123952209949493,0.2984857857227325
kin8nm,dune_bayes,854,scale,0.20345075577497482,0.26895757019519806,0.34494628459215165
kin8nm,dune_bayes,855,scale,0.1868399113416672,0.25256486237049103,0.3309715583920478
kin8nm,dune_bayes,856,scale,0.17581620216369628,0.22994625568389893,0.29529218971729276
kin8nm,dune_bayes,857,scale,0.1453387349843979,0.20131733268499374,0.2723759964108467
kin8nm,dune_bayes,858,scale,0.16346445530653,0.21307867020368576,0.27724712938070295
kin8nm,dune_bayes,859,scale,0.15505555272102356,0.20900600403547287,0.281501667201519
kin8nm,dune_bayes,860,scale,0.15832487717270852,0.21597789973020554,0.2909737557172775
kin8nm,dune_bayes,861,scale,0.21824362650513648,0.29631659388542175,0.3767606437206268
kin8nm,dune_bayes,862,scale,0.11129192896187305,0.15625335276126862,0.2205056563019752
kin8nm,dune_bayes,863,scale,0.13716426342725754,0.18315580487251282,0.24427734091877937
kin8nm,dune_bayes,864,scale,0.14775090888142586,0.19411375373601913,0.2653962075710296
kin8nm,dune_bayes,865,scale,0.21589678153395653,0.28595393896102905,0.36097820252180096
kin8nm,dune_bayes,866,scale,0.20807372257113457,0.2854897230863571,0.361299566924572
kin8nm,dune_bayes,867,scale,0.17627717778086663,0.23039478063583374,0.28947898745536804
kin8nm,dune_bayes,868,scale,0.15682415515184403,0.21076664328575134,0.27894837111234666
kin8nm,dune_bayes,869,scale,0.17774670124053954,0.23974556475877762,0.3148551732301712
kin8nm,dune_bayes,870,scale,0.19427956491708756,0.25578896701335907,0.33522228300571416
kin8nm,dune_bayes,871,scale,0.16562705487012863,0.22671747207641602,0.29811578541994094
kin8nm,dune_bayes,872,scale,0.20681920796632766,0.2705446928739548,0.3279752597212791
kin8nm,dune_bayes,873,scale,0.2395250864326954,0.31971703469753265,0.4047816202044487
kin8nm,dune_bayes,874,scale,0.1805381380021572,0.2384752482175827,0.3124970838427543
kin8nm,dune_bayes,875,scale,0.12332128249108791,0.17453774064779282,0.24306385442614553
kin8nm,dune_bayes,876,scale,0.1186884481459856,0.16843440383672714,0.23083956167101852
kin8nm,dune_bayes,877,scale,0.13021703138947488,0.1762143075466156,0.23779974430799483
kin8nm,dune_bayes,878,scale,0.11837121658027172,0.1655382141470909,0.22664281278848647
kin8nm,dune_bayes,879,scale,0.15360898301005363,0.20385469496250153,0.2761060982942581
kin8nm,dune_bayes,880,scale,0.2197128228843212,0.289904847741127,0.3673484712839127
kin8nm,dune_bayes,881,scale,0.18792978972196578,0.24706806987524033,0.31713313758373257
kin8nm,dune_bayes,882,scale,0.1126219667494297,0.15334755182266235,0.20602350607514375
kin8nm,dune_bayes,883,scale,0.19432488679885865,0.25709368288517,0.33361550271511076
kin8nm,dune_bayes,884,scale,0.13278499841690064,0.1844192072749138,0.25533683896064757
kin8nm,dune_bayes,885,scale,0.21557507961988448,0.2792607247829437,0.3514528378844261
kin8nm,dune_bayes,886,scale,0.19847453534603118,0.25953449308872223,0.32963375598192207
kin8nm,dune_bayes,887,scale,0.1375103734433651,0.1826472282409668,0.24854657128453253
kin8nm,dune_bayes,888,scale,0.18781003952026368,0.2533067315816879,0.3324801445007324
kin8nm,dune_bayes,889,scale,0.1611364260315895,0.20849192142486572,0.2756745800375938
kin8nm,dune_bayes,890,scale,0.12993450686335564,0.18117862939834595,0.24287094995379446
kin8nm,dune_bayes,891,scale,0.20021795481443405,0.2650899887084961,0.33997882902622223
kin8nm,dune_bayes,892,scale,0.11137627251446247,0.15439239889383316,0.21366074904799456
kin8nm,dune_bayes,893,scale,0.13309786096215248,0.1880279704928398,0.25596027821302414
kin8nm,dune_bayes,894,scale,0.21812756285071372,0.2833604961633682,0.3542114615440368
kin8nm,dune_bayes,895,scale,0.24024853259325027,0.30951379239559174,0.3931987076997756
kin8nm,dune_bayes,896,scale,0.20070075914263724,0.25910820066928864,0.3330080106854438
kin8nm,dune_bayes,897,scale,0.21854134052991867,0.28558360040187836,0.3539860561490059
kin8nm,dune_bayes,898,scale,0.1311929076910019,0.18819288164377213,0.2626147642731666
kin8nm,dune_bayes,899,scale,0.11913697645068169,0.16532594710588455,0.2306059330701828
kin8nm,dune_bayes,900,scale,0.1586430214345455,0.21063249558210373,0.2808065757155418
kin8nm,dune_bayes,901,scale,0.15176958069205285,0.2050916776061058,0.27555220127105706
kin8nm,dune_bayes,902,scale,0.1502118945121765,0.19655004143714905,0.2631588965654373
kin8nm,dune_bayes,903,scale,0.21646127700805665,0.2939710021018982,0.3784400448203086
kin8nm,dune_bayes,904,scale,0.17179251685738564,0.24072735011577606,0.3210012882947921
kin8nm,dune_bayes,905,scale,0.1213608555495739,0.16353853046894073,0.2208734430372715
kin8nm,dune_bayes,906,scale,0.14522925317287444,0.19797032326459885,0.2666481778025627
kin8nm,dune_bayes,907,scale,0.16273019835352898,0.22604332119226456,0.3097815737128257
kin8nm,dune_bayes,908,scale,0.18680559247732162,0.24982686340808868,0.31936788707971564
kin8nm,dune_bayes,909,scale,0.22906813770532608,0.30998580157756805,0.3960996940732002
kin8nm,dune_bayes,910,scale,0.17155320420861245,0.2304939553141594,0.30566918551921846
kin8nm,dune_bayes,911,scale,0.23488707542419435,0.3122401535511017,0.3960933491587639
kin8nm,dune_bayes,912,scale,0.1830072782933712,0.23438860476016998,0.29151443839073177
kin8nm,dune_bayes,913,scale,0.17802602797746658,0.23836787790060043,0.312729102373123
kin8nm,dune_bayes,914,scale,0.1466949202120304,0.19145898520946503,0.2490243837237358
kin8nm,dune_bayes,915,scale,0.14804198369383811,0.19939546287059784,0.25585864335298536
kin8nm,dune_bayes,916,scale,0.2129163198173046,0.2726503759622574,0.34465172737836836
kin8nm,dune_bayes,917,scale,0.11288532763719558,0.1606801226735115,0.22019685655832288
kin8nm,dune_bayes,918,scale,0.20590779930353165,0.2581239640712738,0.31114885956048965
kin8nm,dune_bayes,919,scale,0.18333630710840226,0.23471471667289734,0.3023555338382721
kin8nm,dune_bayes,920,scale,0.14233221635222434,0.18940667808055878,0.26041351258754725
kin8nm,dune_bayes,921,scale,0.17906900718808175,0.24182453751564026,0.31669665575027467
kin8nm,dune_bayes,922,scale,0.17160664424300195,0.23488233983516693,0.30908438563346863
kin8nm,dune_bayes,923,scale,0.1330880418419838,0.17361781746149063,0.2294632628560065
kin8nm,dune_bayes,924,scale,0.20034445002675058,0.26181596517562866,0.34029414802789687
kin8nm,dune_bayes,925,scale,0.12945692539215087,0.1734495759010315,0.22567513138055798
kin8nm,dune_bayes,926,scale,0.17741218507289885,0.23263806849718094,0.3074397787451744
kin8nm,dune_bayes,927,scale,0.17961786016821862,0.24107907712459564,0.3175139307975769
kin8nm,dune_bayes,928,scale,0.1167363528162241,0.16418087482452393,0.23089109808206557
kin8nm,dune_bayes,929,scale,0.11903572268784046,0.16278568655252457,0.22134009972214697
kin8nm,dune_bayes,930,scale,0.20002735406160355,0.27865810692310333,0.3766637295484543
kin8nm,dune_bayes,931,scale,0.11485055275261402,0.168373204767704,0.23374201729893682
kin8nm,dune_bayes,932,scale,0.1769188165664673,0.23080367594957352,0.3065896868705749
kin8nm,dune_bayes,933,scale,0.22368367686867713,0.30461446940898895,0.3906205356121063
kin8nm,dune_bayes,934,scale,0.13143719732761383,0.17754674702882767,0.23851286470890043
kin8nm,dune_bayes,935,scale,0.18656209483742714,0.24939266592264175,0.32836019843816755
kin8nm,dune_bayes,936,scale,0.17253803312778473,0.22783426940441132,0.2981287568807602
kin8nm,dune_bayes,937,scale,0.12349933572113514,0.17858696728944778,0.24058665111660954
kin8nm,dune_bayes,938,scale,0.13209925293922425,0.17964167147874832,0.2450192891061305
kin8nm,dune_bayes,939,scale,0.19732024818658828,0.2698553055524826,0.3472108289599418
kin8nm,dune_bayes,940,scale,0.16389970928430558,0.2185298055410385,0.2843018963932991
kin8nm,dune_bayes,941,scale,0.2176722429692745,0.2903488278388977,0.37007973343133915
kin8nm,dune_bayes,942,scale,0.18024686574935914,0.23135270923376083,0.29857626408338545
kin8nm,dune_bayes,943,scale,0.1908653900027275,0.26068171858787537,0.3411910489201545
kin8nm,dune_bayes,944,scale,0.20203854665160179,0.2635662108659744,0.33581814467906945
kin8nm,dune_bayes,945,scale,0.127097899466753,0.1737958788871765,0.2370506726205349
kin8nm,dune_bayes,946,scale,0.18871569409966468,0.24584569036960602,0.3144420012831688
kin8nm,dune_bayes,947,scale,0.1339928425848484,0.1921778917312622,0.26366192102432245
kin8nm,dune_bayes,948,scale,0.12031158693134784,0.1680956855416298,0.21999969407916065
kin8nm,dune_bayes,949,scale,0.11604217849671841,0.1659207046031952,0.22313646152615538
kin8nm,dune_bayes,950,scale,0.1481042042374611,0.19449181854724884,0.2522703394293785
kin8nm,dune_bayes,951,scale,0.12631684988737107,0.17619959264993668,0.2459110140800476
kin8nm,dune_bayes,952,scale,0.18820715993642806,0.25584422051906586,0.336766667664051
kin8nm,dune_bayes,953,scale,0.13961827605962754,0.1845419704914093,0.24037735387682913
kin8nm,dune_bayes,954,scale,0.12910355553030967,0.17646855860948563,0.23683901578187933
kin8nm,dune_bayes,955,scale,0.12172682136297226,0.1687711626291275,0.23203995749354359
kin8nm,dune_bayes,956,scale,0.15787136405706406,0.20695218443870544,0.26750198155641547
kin8nm,dune_bayes,957,scale,0.2015228398144245,0.2643967717885971,0.3362921103835105
kin8nm,dune_bayes,958,scale,0.21896352767944335,0.2906886637210846,0.3676220223307609
kin8nm,dune_bayes,959,scale,0.21174648851156236,0.28117308020591736,0.3555654123425483
kin8nm,dune_bayes,960,scale,0.15609591603279113,0.20641536265611649,0.2771591588854788
kin8nm,dune_bayes,961,scale,0.1294328086078167,0.17869774252176285,0.2439451083540916
kin8nm,dune_bayes,962,scale,0.18264721482992172,0.23446518927812576,0.301785834133625
kin8nm,dune_bayes,963,scale,0.15155765116214753,0.19099576771259308,0.2406853623688221
kin8nm,dune_bayes,964,scale,0.13969900980591773,0.18492336571216583,0.23918372541666025
kin8nm,dune_bayes,965,scale,0.1698741428554058,0.21860717982053757,0.2764971315860748
kin8nm,dune_bayes,966,scale,0.15521753281354905,0.21911752223968506,0.2998792499303818
kin8nm,dune_bayes,967,scale,0.15646918565034867,0.21452245116233826,0.2864125922322272
kin8nm,dune_bayes,968,scale,0.21205194890499116,0.2687785178422928,0.3414343655109405
kin8nm,dune_bayes,969,scale,0.1078274704515934,0.15216613560914993,0.20610216110944743
kin8nm,dune_bayes,970,scale,0.11718371026217937,0.16623470187187195,0.22470639795064926
kin8nm,dune_bayes,971,scale,0.20986539274454116,0.27647864818573,0.3537629947066307
kin8nm,dune_bayes,972,scale,0.18917756378650666,0.2471943199634552,0.3197685971856117
kin8nm,dune_bayes,973,scale,0.19106855615973473,0.2582259178161621,0.3396199032664299
kin8nm,dune_bayes,974,scale,0.15510498136281967,0.2133060097694397,0.2889982372522354
kin8nm,dune_bayes,975,scale,0.16502820402383805,0.2266133353114128,0.2975443974137306
kin8nm,dune_bayes,976,scale,0.15989422425627708,0.21656986325979233,0.29262750446796415
kin8nm,dune_bayes,977,scale,0.12562034651637077,0.17681621760129929,0.24489808604121205
kin8nm,dune_bayes,978,scale,0.23797505721449852,0.3196948319673538,0.41790648400783537
kin8nm,dune_bayes,979,scale,0.19785813018679618,0.2549905329942703,0.32549151629209516
kin8nm,dune_bayes,980,scale,0.22407629787921907,0.29516714811325073,0.37626381069421766
kin8nm,dune_bayes,981,scale,0.19016131684184073,0.24299133569002151,0.3102260008454323
kin8nm,dune_bayes,982,scale,0.1682898111641407,0.21980119496583939,0.2805907413363456
kin8nm,dune_bayes,983,scale,0.13456029295921326,0.1737886145710945,0.22827007770538324
kin8nm,dune_bayes,984,scale,0.21795860603451728,0.2929616719484329,0.39078955799341203
kin8nm,dune_bayes,985,scale,0.17067516446113587,0.21478981524705887,0.2714139178395271
kin8nm,dune_bayes,986,scale,0.17773818224668503,0.23781631886959076,0.31567642092704773
kin8nm,dune_bayes,987,scale,0.2434976391494274,0.31362879276275635,0.38760185688734045
kin8nm,dune_bayes,988,scale,0.1415402188897133,0.19834750145673752,0.2732357665896415
kin8nm,dune_bayes,989,scale,0.12450462765991688,0.17208893597126007,0.2334531672298908
kin8nm,dune_bayes,990,scale,0.21126408725976945,0.2797289788722992,0.35420119911432263
kin8nm,dune_bayes,991,scale,0.13421421647071838,0.19510120153427124,0.27384895980358126
kin8nm,dune_bayes,992,scale,0.18525101989507675,0.24380621314048767,0.32123367041349404
kin8nm,dune_bayes,993,scale,0.128075909614563,0.18348855525255203,0.24367016106843947
kin8nm,dune_bayes,994,scale,0.12608219608664512,0.17457851767539978,0.24044111147522923
kin8nm,dune_bayes,995,scale,0.1783420465886593,0.2366885468363762,0.30741143971681595
kin8nm,dune_bayes,996,scale,0.16751868948340415,0.21795770525932312,0.2803349867463112
kin8nm,dune_bayes,997,scale,0.17325255945324897,0.22699060291051865,0.295963779091835
kin8nm,dune_bayes,998,scale,0.17800682559609413,0.2345319464802742,0.297606898844242
kin8nm,dune_bayes,999,scale,0.13843357414007187,0.18501868098974228,0.23944368734955787
kin8nm,dune_bayes,1000,scale,0.1428477443754673,0.19389544427394867,0.26246974021196345
kin8nm,dune_bayes,1001,scale,0.18028206750750542,0.23642640560865402,0.30162445157766343
kin8nm,dune_bayes,1002,scale,0.20013382807374,0.24848898500204086,0.304267030954361
kin8nm,dune_bayes,1003,scale,0.19105264768004418,0.23315953463315964,0.29246143251657486
kin8nm,dune_bayes,1004,scale,0.1252754658460617,0.1676754504442215,0.2183154262602329
kin8nm,dune_bayes,1005,scale,0.210841029137373,0.28124725818634033,0.3582386985421178
kin8nm,dune_bayes,1006,scale,0.12483977675437928,0.1709686666727066,0.22617218419909477
kin8nm,dune_bayes,1007,scale,0.2068815216422081,0.2714639753103256,0.3481246620416641
kin8nm,dune_bayes,1008,scale,0.18358754962682725,0.24100903421640396,0.316323797404766
kin8nm,dune_bayes,1009,scale,0.1396795056760311,0.19339729845523834,0.2634843483567238
kin8nm,dune_bayes,1010,scale,0.2119679182767868,0.2799150049686432,0.3574057728052139
kin8nm,dune_bayes,1011,scale,0.1738695427775383,0.22451764345169067,0.29885272085666653
kin8nm,dune_bayes,1012,scale,0.18504228964447975,0.2540317475795746,0.3254239484667778
kin8nm,dune_bayes,1013,scale,0.15959957465529442,0.21413126587867737,0.2796220496296882
kin8nm,dune_bayes,1014,scale,0.17323864921927454,0.23078355193138123,0.3047282457351684
kin8nm,dune_bayes,1015,scale,0.09803533963859082,0.14756769686937332,0.21119931414723392
kin8nm,dune_bayes,1016,scale,0.2258615277707577,0.3013017177581787,0.3815742135047912
kin8nm,dune_bayes,1017,scale,0.14902775585651398,0.20148572325706482,0.2670771524310111
kin8nm,dune_bayes,1018,scale,0.1608187347650528,0.21368958801031113,0.28272265046834943
kin8nm,dune_bayes,1019,scale,0.2284403473138809,0.298310786485672,0.3762378811836242
kin8nm,dune_bayes,1020,scale,0.20972472950816154,0.27614063024520874,0.3542371541261673
kin8nm,dune_bayes,1021,scale,0.19409360364079475,0.2577560693025589,0.3297532364726066
kin8nm,dune_bayes,1022,scale,0.18085643276572227,0.24101224541664124,0.3145868852734565
kin8nm,dune_bayes,1023,scale,0.12005062401294708,0.16522696614265442,0.22192466184496878
kin8nm,dune_bayes,1024,scale,0.18879257887601852,0.25104737281799316,0.3271068111062049
kin8nm,dune_bayes,1025,scale,0.21162744611501694,0.28520260751247406,0.3637951150536535
kin8nm,dune_bayes,1026,scale,0.11623674668371678,0.16164592653512955,0.227653270214796
kin8nm,dune_bayes,1027,scale,0.1906390704214573,0.2520149350166321,0.33368754535913464
kin8nm,dune_bayes,1028,scale,0.1948847770690918,0.2599691152572632,0.33301775753498075
kin8nm,dune_bayes,1029,scale,0.1352287545800209,0.1883435621857643,0.2561909735202789
kin8nm,dune_bayes,1030,scale,0.16100905016064643,0.21264737099409103,0.2809284523129463
kin8nm,dune_bayes,1031,scale,0.11568704769015313,0.16009876132011414,0.21682121008634564
kin8nm,dune_bayes,1032,scale,0.14741400703787805,0.20006704330444336,0.26647204011678693
kin8nm,dune_bayes,1033,scale,0.1984412118792534,0.2525807321071625,0.3198722034692762
kin8nm,dune_bayes,1034,scale,0.11639320254325868,0.15793652832508087,0.21032379940152165
kin8nm,dune_bayes,1035,scale,0.17263061925768852,0.2259809598326683,0.29238106906414024
kin8nm,dune_bayes,1036,scale,0.23898471966385842,0.3205749839544296,0.41728532761335374
kin8nm,dune_bayes,1037,scale,0.16506320908665656,0.23002662509679794,0.3054645344614981
kin8nm,dune_bayes,1038,scale,0.1731361925601959,0.2314159795641899,0.3009676620364189
kin8nm,dune_bayes,1039,scale,0.21130515560507776,0.28805360198020935,0.37034665495157243
kin8nm,dune_bayes,1040,scale,0.12924173697829247,0.18128272891044617,0.25065325200557703
kin8nm,dune_bayes,1041,scale,0.198947873711586,0.24870775640010834,0.31107647418975826
kin8nm,dune_bayes,1042,scale,0.2192200593650341,0.29345768690109253,0.377316714823246
kin8nm,dune_bayes,1043,scale,0.1385659545660019,0.19416124373674393,0.26296163797378536
kin8nm,dune_bayes,1044,scale,0.11644285097718239,0.16137760132551193,0.22322055995464324
kin8nm,dune_bayes,1045,scale,0.1839394561946392,0.2549554109573364,0.338513895869255
kin8nm,dune_bayes,1046,scale,0.20431254655122758,0.26886415481567383,0.350826720893383
kin8nm,dune_bayes,1047,scale,0.1577550396323204,0.2176307663321495,0.2958737164735794
kin8nm,dune_bayes,1048,scale,0.17197261229157448,0.21785668283700943,0.2778928801417351
kin8nm,dune_bayes,1049,scale,0.19539431259036064,0.2562185525894165,0.33653229773044585
kin8nm,dune_bayes,1050,scale,0.19989714697003363,0.26486678421497345,0.3447951853275299
kin8nm,dune_bayes,1051,scale,0.1613058067858219,0.21548694372177124,0.2921685501933097
kin8nm,dune_bayes,1052,scale,0.18638087138533593,0.2439396232366562,0.3175116419792175
kin8nm,dune_bayes,1053,scale,0.1609435871243477,0.21057629585266113,0.2716932162642479
kin8nm,dune_bayes,1054,scale,0.13163627535104752,0.1807895004749298,0.2353756986558437
kin8nm,dune_bayes,1055,scale,0.2070807158946991,0.2815728485584259,0.3663971304893493
kin8nm,dune_bayes,1056,scale,0.18439448550343512,0.24723518639802933,0.3218829065561294
kin8nm,dune_bayes,1057,scale,0.11182163469493389,0.15845640748739243,0.2230621993541717
kin8nm,dune_bayes,1058,scale,0.2227543920278549,0.2901661545038223,0.36331986188888543
kin8nm,dune_bayes,1059,scale,0.20722027122974396,0.2852187901735306,0.3743907228112221
kin8nm,dune_bayes,1060,scale,0.15967318415641785,0.2110796794295311,0.27867039442062375
kin8nm,dune_bayes,1061,scale,0.21292771995067597,0.2787952274084091,0.35338876247406004
kin8nm,dune_bayes,1062,scale,0.17330587655305862,0.22717666625976562,0.2951146826148031
kin8nm,dune_bayes,1063,scale,0.16609658673405647,0.23201533406972885,0.3044705122709274
kin8nm,dune_bayes,1064,scale,0.1328182853758335,0.18676310777664185,0.24730194434523578
kin8nm,dune_bayes,1065,scale,0.12828903272747993,0.17225422710180283,0.2261225476861
kin8nm,dune_bayes,1066,scale,0.1321814589202404,0.1803501769900322,0.23541634902358052
kin8nm,dune_bayes,1067,scale,0.1831247791647911,0.23928171396255493,0.3086669370532036
kin8nm,dune_bayes,1068,scale,0.17044550105929374,0.2332896888256073,0.3023207366466521
kin8nm,dune_bayes,1069,scale,0.1654309920966625,0.21766554564237595,0.28728398084640505
kin8nm,dune_bayes,1070,scale,0.11729349605739117,0.16884547472000122,0.23044228628277777
kin8nm,dune_bayes,1071,scale,0.1609354078769684,0.21612726151943207,0.2863223224878311
kin8nm,dune_bayes,1072,scale,0.14599221125245096,0.19462303817272186,0.25888696163892744
kin8nm,dune_bayes,1073,scale,0.2007871612906456,0.26031219959259033,0.3344703078269958
kin8nm,dune_bayes,1074,scale,0.19466737434267997,0.26457029581069946,0.34040390700101847
kin8nm,dune_bayes,1075,scale,0.22792096436023712,0.29708032310009,0.37550208568572996
kin8nm,dune_bayes,1076,scale,0.2205148920416832,0.29152795672416687,0.36198759824037546
kin8nm,dune_bayes,1077,scale,0.1220039576292038,0.1609661728143692,0.21381711214780805
kin8nm,dune_bayes,1078,scale,0.22020259872078896,0.3058061748743057,0.3910960778594016
kin8nm,dune_bayes,1079,scale,0.2024211511015892,0.27537424862384796,0.35619158595800393
kin8nm,dune_bayes,1080,scale,0.2097089596092701,0.28738702833652496,0.3790756031870841
kin8nm,dune_bayes,1081,scale,0.20805705338716507,0.2749922424554825,0.36715672463178634
kin8nm,dune_bayes,1082,scale,0.21897057369351386,0.29368287324905396,0.3716606736183167
kin8nm,dune_bayes,1083,scale,0.22052131220698357,0.28776560723781586,0.35679283440113063
kin8nm,dune_bayes,1084,scale,0.21366262435913086,0.28362277150154114,0.3602237731218337
kin8nm,dune_bayes,1085,scale,0.13679961785674094,0.17703552544116974,0.2243403799831867
kin8nm,dune_bayes,1086,scale,0.1583542823791504,0.21726693958044052,0.28229368329048155
kin8nm,dune_bayes,1087,scale,0.20471428111195564,0.2671825587749481,0.3432851895689964
kin8nm,dune_bayes,1088,scale,0.15459029823541642,0.19694902002811432,0.2453768946230411
kin8nm,dune_bayes,1089,scale,0.11437163464725017,0.16519282758235931,0.22720500603318206
kin8nm,dune_bayes,1090,scale,0.21172296479344369,0.2958366423845291,0.39773296713829037
kin8nm,dune_bayes,1091,scale,0.11077229976654053,0.15703175216913223,0.2174622781574726
kin8nm,dune_bayes,1092,scale,0.13581355139613152,0.18161147087812424,0.24162808135151861
kin8nm,dune_bayes,1093,scale,0.1722307749092579,0.22626102715730667,0.2937408283352852
kin8nm,dune_bayes,1094,scale,0.21537087559700013,0.26727427542209625,0.3295948937535286
kin8nm,dune_bayes,1095,scale,0.17439711317420006,0.22799233347177505,0.2957942754030228
kin8nm,dune_bayes,1096,scale,0.1081355594098568,0.15410754084587097,0.21429443061351772
kin8nm,dune_bayes,1097,scale,0.14299861788749696,0.19783788174390793,0.2686937943100928
kin8nm,dune_bayes,1098,scale,0.16786685362458229,0.22305893898010254,0.29544683992862697
kin8nm,dune_bayes,1099,scale,0.13507481142878533,0.18730396032333374,0.2510718762874603
kin8nm,dune_bayes,1100,scale,0.16204335987567903,0.21078012138605118,0.2672211974859237
kin8nm,dune_bayes,1101,scale,0.09298671446740628,0.1403358355164528,0.20280951261520386
kin8nm,dune_bayes,1102,scale,0.14207779318094255,0.19816534966230392,0.264627306163311
kin8nm,dune_bayes,1103,scale,0.14667699933052064,0.191437266767025,0.24924765601754184
kin8nm,dune_bayes,1104,scale,0.20859627798199654,0.28288185596466064,0.3758504763245582
kin8nm,dune_bayes,1105,scale,0.19357402995228767,0.24806641042232513,0.3196634352207184
kin8nm,dune_bayes,1106,scale,0.10835998766124248,0.15113306045532227,0.2063675656914711
kin8nm,dune_bayes,1107,scale,0.1417430207133293,0.18953397870063782,0.24618022143840776
kin8nm,dune_bayes,1108,scale,0.1523264952003956,0.20504476130008698,0.2725795686244964
kin8nm,dune_bayes,1109,scale,0.23553904592990876,0.3085019141435623,0.3835751414299011
kin8nm,dune_bayes,1110,scale,0.17497987523674965,0.23907364904880524,0.3200802952051162
kin8nm,dune_bayes,1111,scale,0.1510069750249386,0.20471437275409698,0.2724320694804191
kin8nm,dune_bayes,1112,scale,0.1809745393693447,0.2427864447236061,0.3207767292857169
kin8nm,dune_bayes,1113,scale,0.15592190697789193,0.21139983087778091,0.28433233648538586
kin8nm,dune_bayes,1114,scale,0.17414163500070573,0.2423309087753296,0.31807847470045086
kin8nm,dune_bayes,1115,scale,0.09418101832270623,0.1360040158033371,0.18722806945443152
kin8nm,dune_bayes,1116,scale,0.18751055225729943,0.24906904995441437,0.3258758351206779
kin8nm,dune_bayes,1117,scale,0.1846625052392483,0.24309802055358887,0.31087929159402844
kin8nm,dune_bayes,1118,scale,0.16596435308456423,0.2188790738582611,0.28789847493171694
kin8nm,dune_bayes,1119,scale,0.11245438903570175,0.16034284979104996,0.22741012200713154
kin8nm,dune_bayes,1120,scale,0.14485628306865692,0.19654618948698044,0.25948942601680747
kin8nm,dune_bayes,1121,scale,0.19963820800185203,0.24980952590703964,0.3158445924520492
kin8nm,dune_bayes,1122,scale,0.13762321919202805,0.19460423290729523,0.2640887424349785
kin8nm,dune_bayes,1123,scale,0.12469570524990559,0.17738723009824753,0.24162227585911747
kin8nm,dune_bayes,1124,scale,0.1861033022403717,0.2464900091290474,0.31809510290622706
kin8nm,dune_bayes,1125,scale,0.1839252933859825,0.24982281029224396,0.32803035974502553
kin8nm,dune_bayes,1126,scale,0.20699369087815284,0.26674962043762207,0.3401270702481269
kin8nm,dune_bayes,1127,scale,0.18924744054675102,0.2497345209121704,0.3247867137193679
kin8nm,dune_bayes,1128,scale,0.20820594802498818,0.27057211101055145,0.3450582340359687
kin8nm,dune_bayes,1129,scale,0.2120149776339531,0.2691950649023056,0.3384113430976867
kin8nm,dune_bayes,1130,scale,0.2202755682170391,0.28758351504802704,0.3640533864498138
kin8nm,dune_bayes,1131,scale,0.1676833711564541,0.21507395803928375,0.27435456365346905
kin8nm,dune_bayes,1132,scale,0.13277025669813156,0.18509189039468765,0.24911851510405533
kin8nm,dune_bayes,1133,scale,0.16783995777368546,0.21495699137449265,0.27756423354148857
kin8nm,dune_bayes,1134,scale,0.17050616145133973,0.2173788771033287,0.2717696845531462
kin8nm,dune_bayes,1135,scale,0.13893406167626382,0.18877506256103516,0.24777749478816985
kin8nm,dune_bayes,1136,scale,0.179304326325655,0.2407558485865593,0.31011481136083596
kin8nm,dune_bayes,1137,scale,0.13289792463183403,0.18086430430412292,0.24335847198963165
kin8nm,dune_bayes,1138,scale,0.14004074409604073,0.18577750027179718,0.2472397431731224
kin8nm,dune_bayes,1139,scale,0.19781113490462304,0.2624547779560089,0.33539234995841977
kin8nm,dune_bayes,1140,scale,0.13537173792719842,0.1794840320944786,0.23531716018915178
kin8nm,dune_bayes,1141,scale,0.1290157474577427,0.17804715037345886,0.24020667001605028
kin8nm,dune_bayes,1142,scale,0.12480299733579159,0.16591767221689224,0.2251666598021984
kin8nm,dune_bayes,1143,scale,0.11909422017633915,0.16105378419160843,0.21885746866464612
kin8nm,dune_bayes,1144,scale,0.1501513734459877,0.20125067979097366,0.26536457389593116
kin8nm,dune_bayes,1145,scale,0.1822821155190468,0.2428130805492401,0.3163309201598166
kin8nm,dune_bayes,1146,scale,0.14616560339927673,0.19232392311096191,0.25685786157846446
kin8nm,dune_bayes,1147,scale,0.18436252400279046,0.24403346329927444,0.31797880530357353
kin8nm,dune_bayes,1148,scale,0.16790042221546173,0.22607628256082535,0.30284111499786376
kin8nm,dune_bayes,1149,scale,0.16957179233431816,0.23147927224636078,0.3155405938625335
kin8nm,dune_bayes,1150,scale,0.13505459427833558,0.17539533227682114,0.23210100010037418
kin8nm,dune_bayes,1151,scale,0.1955542802810669,0.2542954087257385,0.325292831659317
kin8nm,dune_bayes,1152,scale,0.16953122690320016,0.2222607657313347,0.2855258151888847
kin8nm,dune_bayes,1153,scale,0.12793788760900499,0.18102480471134186,0.2503525555133819
kin8nm,dune_bayes,1154,scale,0.1960455171763897,0.2618822753429413,0.34086594134569165
kin8nm,dune_bayes,1155,scale,0.1390705317258835,0.19321667402982712,0.26733192801475525
kin8nm,dune_bayes,1156,scale,0.17589915171265602,0.22938144207000732,0.2913709178566932
kin8nm,dune_bayes,1157,scale,0.14455262944102287,0.20000122487545013,0.2616971105337143
kin8nm,dune_bayes,1158,scale,0.18700874224305153,0.2509383410215378,0.3303501993417739
kin8nm,dune_bayes,1159,scale,0.13809654787182807,0.18340742588043213,0.24764961972832678
kin8nm,dune_bayes,1160,scale,0.14246775582432747,0.18677707016468048,0.24748933911323545
kin8nm,dune_bayes,1161,scale,0.16196620762348174,0.22125112265348434,0.3001311615109443
kin8nm,dune_bayes,1162,scale,0.17740535214543343,0.22919174283742905,0.30696806460618964
kin8nm,dune_bayes,1163,scale,0.12238860391080379,0.17334752529859543,0.23736795037984842
kin8nm,dune_bayes,1164,scale,0.11232134252786637,0.15291497111320496,0.20989570692181586
kin8nm,dune_bayes,1165,scale,0.21146313175559045,0.27714642882347107,0.3430166438221931
kin8nm,dune_bayes,1166,scale,0.11723447777330875,0.15895581990480423,0.20790199562907213
kin8nm,dune_bayes,1167,scale,0.19330434128642082,0.26437702775001526,0.3462561070919037
kin8nm,dune_bayes,1168,scale,0.17890568375587462,0.2366262674331665,0.31452634930610657
kin8nm,dune_bayes,1169,scale,0.17722669169306754,0.24576328694820404,0.3274110808968544
kin8nm,dune_bayes,1170,scale,0.15508341789245605,0.20909391343593597,0.28484800308942787
kin8nm,dune_bayes,1171,scale,0.17229880914092063,0.21863529086112976,0.27492430061101913
kin8nm,dune_bayes,1172,scale,0.1813772514462471,0.24771126359701157,0.32226160466670983
kin8nm,dune_bayes,1173,scale,0.1229589231312275,0.16705888509750366,0.2272853136062622
kin8nm,dune_bayes,1174,scale,0.21937585920095443,0.2724916785955429,0.3348429679870605
kin8nm,dune_bayes,1175,scale,0.1355888679623604,0.1862560659646988,0.24868913814425464
kin8nm,dune_bayes,1176,scale,0.200413978099823,0.26363593339920044,0.3359951451420784
kin8nm,dune_bayes,1177,scale,0.1857006296515465,0.24669357389211655,0.3196727037429809
kin8nm,dune_bayes,1178,scale,0.15418923422694206,0.2030339390039444,0.2733719274401665
kin8nm,dune_bayes,1179,scale,0.12928157523274422,0.18410683423280716,0.25183996856212615
kin8nm,dune_bayes,1180,scale,0.1326553612947464,0.1833842545747757,0.2579631373286247
kin8nm,dune_bayes,1181,scale,0.1873464584350586,0.24780895560979843,0.3204646781086921
kin8nm,dune_bayes,1182,scale,0.2215263694524765,0.286479651927948,0.36577591001987453
kin8nm,dune_bayes,1183,scale,0.17578177899122238,0.23579194396734238,0.3082999274134635
kin8nm,dune_bayes,1184,scale,0.16529395505785943,0.21205107122659683,0.2719928354024887
kin8nm,dune_bayes,1185,scale,0.1914854407310486,0.24126948416233063,0.3094491988420486
kin8nm,dune_bayes,1186,scale,0.1745246060192585,0.23941964656114578,0.32459164112806316
kin8nm,dune_bayes,1187,scale,0.1800115719437599,0.23984664678573608,0.3141873016953468
kin8nm,dune_bayes,1188,scale,0.1822603665292263,0.2402684986591339,0.31247995197772976
kin8nm,dune_bayes,1189,scale,0.17208102717995644,0.24290287494659424,0.3223810151219368
kin8nm,dune_bayes,1190,scale,0.14362272322177888,0.19911367446184158,0.2772647902369497
kin8nm,dune_bayes,1191,scale,0.22281382009387016,0.3047461211681366,0.40670539587736126
kin8nm,dune_bayes,1192,scale,0.16488752514123917,0.22190434485673904,0.2894888028502464
kin8nm,dune_bayes,1193,scale,0.13250940144062043,0.18218877166509628,0.24667267650365826
kin8nm,dune_bayes,1194,scale,0.16992010399699212,0.22678320109844208,0.2938749983906745
kin8nm,dune_bayes,1195,scale,0.1388158068060875,0.1870047077536583,0.24770508185029022
kin8nm,dune_bayes,1196,scale,0.1872497908771038,0.2528284937143326,0.3257125839591026
kin8nm,dune_bayes,1197,scale,0.1899813249707222,0.25563329458236694,0.32938482761383053
kin8nm,dune_bayes,1198,scale,0.1449227124452591,0.19370194524526596,0.25900955498218536
kin8nm,dune_bayes,1199,scale,0.15885804295539857,0.20847626775503159,0.26212651431560513
kin8nm,dune_bayes,1200,scale,0.2065195620059967,0.2613386958837509,0.3216573059558868
kin8nm,dune_bayes,1201,scale,0.20585996583104132,0.27025310695171356,0.33428199887275695
kin8nm,dune_bayes,1202,scale,0.21175285652279854,0.28752501308918,0.38097734451293935
kin8nm,dune_bayes,1203,scale,0.21022410765290261,0.27965274453163147,0.3642817392945289
kin8nm,dune_bayes,1204,scale,0.17217298373579978,0.2333802506327629,0.308058887720108
kin8nm,dune_bayes,1205,scale,0.19716139808297156,0.28520601987838745,0.37729218751192095
kin8nm,dune_bayes,1206,scale,0.1816628448665142,0.24261758476495743,0.3069343984127045
kin8nm,dune_bayes,1207,scale,0.211823932826519,0.26258181035518646,0.3219283193349838
kin8nm,dune_bayes,1208,scale,0.20212655141949654,0.2763846516609192,0.356778746843338
kin8nm,dune_bayes,1209,scale,0.2217812791466713,0.29473091661930084,0.36854045093059534
kin8nm,dune_bayes,1210,scale,0.14933041408658027,0.19910631328821182,0.2687260121107101
kin8nm,dune_bayes,1211,scale,0.20278825163841246,0.2810840457677841,0.3637366577982902
kin8nm,dune_bayes,1212,scale,0.1341303378343582,0.18728254735469818,0.2510076373815536
kin8nm,dune_bayes,1213,scale,0.12494375631213188,0.16985999047756195,0.22785906195640562
kin8nm,dune_bayes,1214,scale,0.17077124938368798,0.21872782707214355,0.2815253779292106
kin8nm,dune_bayes,1215,scale,0.13641898781061174,0.1818094700574875,0.23942063078284262
kin8nm,dune_bayes,1216,scale,0.1559980630874634,0.21012680232524872,0.27966504991054536
kin8nm,dune_bayes,1217,scale,0.20013717487454413,0.2596631944179535,0.33033087402582156
kin8nm,dune_bayes,1218,scale,0.22729271799325942,0.29284264147281647,0.3640518397092819
kin8nm,dune_bayes,1219,scale,0.1582312449812889,0.20757319778203964,0.27396817952394487
kin8nm,dune_bayes,1220,scale,0.12254694029688835,0.1759176328778267,0.24418933615088462
kin8nm,dune_bayes,1221,scale,0.17392634302377702,0.23819270730018616,0.3156956806778908
kin8nm,dune_bayes,1222,scale,0.1353096805512905,0.17954368144273758,0.23946872279047957
kin8nm,dune_bayes,1223,scale,0.1609358936548233,0.2134563848376274,0.27850748300552364
kin8nm,dune_bayes,1224,scale,0.18474252074956893,0.2423384189605713,0.32401836961507796
kin8nm,dune_bayes,1225,scale,0.12246686927974225,0.1607978343963623,0.21734785437583923
kin8nm,dune_bayes,1226,scale,0.18002638816833497,0.23844368010759354,0.31078964620828625
kin8nm,dune_bayes,1227,scale,0.22607554048299788,0.2961006313562393,0.37430402487516395
kin8nm,dune_bayes,1228,scale,0.1508862666785717,0.1932372823357582,0.24792047515511512
kin8nm,dune_bayes,1229,scale,0.18422984927892685,0.2516782879829407,0.33054836243391034
kin8nm,dune_bayes,1230,scale,0.22764971032738684,0.2928088456392288,0.3610945105552673
kin8nm,dune_bayes,1231,scale,0.19436952024698256,0.2539779245853424,0.32593664675951
kin8nm,dune_bayes,1232,scale,0.11491985023021697,0.15905342996120453,0.22801151871681213
kin8nm,dune_bayes,1233,scale,0.16030509322881697,0.20876620709896088,0.2685047209262848
kin8nm,dune_bayes,1234,scale,0.14419492781162263,0.1931779682636261,0.2550766810774803
kin8nm,dune_bayes,1235,scale,0.18626904413104056,0.25466153025627136,0.33460877686738966
kin8nm,dune_bayes,1236,scale,0.22118040248751641,0.2775372862815857,0.34863858968019484
kin8nm,dune_bayes,1237,scale,0.14012557044625282,0.20323361456394196,0.2749314740300178
kin8nm,dune_bayes,1238,scale,0.18580309748649598,0.25846731662750244,0.3491958066821098
kin8nm,dune_bayes,1239,scale,0.13430142775177956,0.18118375539779663,0.23528444170951837
kin8nm,dune_bayes,1240,scale,0.16000859513878823,0.21686384081840515,0.2904396831989287
kin8nm,dune_bayes,1241,scale,0.17988470867276193,0.24734311550855637,0.33515475541353223
kin8nm,dune_bayes,1242,scale,0.20322091728448868,0.262317031621933,0.33395037651062004
kin8nm,dune_bayes,1243,scale,0.13072811663150788,0.1825193613767624,0.24138303846120832
kin8nm,dune_bayes,1244,scale,0.18892723321914673,0.26241569221019745,0.3496802374720571
kin8nm,dune_bayes,1245,scale,0.12764721363782883,0.1722150668501854,0.229708132147789
kin8nm,dune_bayes,1246,scale,0.12007000222802162,0.1729748398065567,0.2362540766596794
kin8nm,dune_bayes,1247,scale,0.1278083309531212,0.1791919693350792,0.23679938092827793
kin8nm,dune_bayes,1248,scale,0.17823533192276955,0.2530713677406311,0.3355919137597083
kin8nm,dune_bayes,1249,scale,0.1652728483080864,0.21559110283851624,0.2764722108840942
kin8nm,dune_bayes,1250,scale,0.1254620049148798,0.16959576308727264,0.22626606076955794
kin8nm,dune_bayes,1251,scale,0.20224548429250716,0.2567259520292282,0.3238084644079208
kin8nm,dune_bayes,1252,scale,0.16207376271486282,0.2187195047736168,0.28588691055774684
kin8nm,dune_bayes,1253,scale,0.10702452398836612,0.1567477509379387,0.21665958240628236
kin8nm,dune_bayes,1254,scale,0.19581377506256104,0.2553144544363022,0.32850596159696577
kin8nm,dune_bayes,1255,scale,0.19491008073091506,0.25562363862991333,0.3227126970887184
kin8nm,dune_bayes,1256,scale,0.178210736066103,0.23629746586084366,0.3084734156727791
kin8nm,dune_bayes,1257,scale,0.15360632613301278,0.20690590888261795,0.2769939377903937
kin8nm,dune_bayes,1258,scale,0.15620852634310722,0.21681612730026245,0.28902330249547953
kin8nm,dune_bayes,1259,scale,0.19064480513334275,0.24713845551013947,0.3131253868341446
kin8nm,dune_bayes,1260,scale,0.12214193567633629,0.18017011880874634,0.2688538953661918
kin8nm,dune_bayes,1261,scale,0.13278769552707673,0.18538471311330795,0.25836588442325586
kin8nm,dune_bayes,1262,scale,0.18730972483754157,0.24223609268665314,0.3133525714278221
kin8nm,dune_bayes,1263,scale,0.20976226180791854,0.2726110368967056,0.34296804070472714
kin8nm,dune_bayes,1264,scale,0.13834092319011687,0.19084154069423676,0.26176359653472886
kin8nm,dune_bayes,1265,scale,0.1912326581776142,0.25463832914829254,0.3206952631473541
kin8nm,dune_bayes,1266,scale,0.19777381420135498,0.26242052018642426,0.33421477079391465
kin8nm,dune_bayes,1267,scale,0.23119740560650826,0.2940155565738678,0.3689998000860214
kin8nm,dune_bayes,1268,scale,0.12936206609010698,0.1708548590540886,0.22611529976129524
kin8nm,dune_bayes,1269,scale,0.13423877954483032,0.188699871301651,0.26715191006660455
kin8nm,dune_bayes,1270,scale,0.13391798436641694,0.18848193436861038,0.2638355255126953
kin8nm,dune_bayes,1271,scale,0.13011881858110427,0.17202728986740112,0.22931904941797254
kin8nm,dune_bayes,1272,scale,0.16122154146432877,0.21882344782352448,0.28728499859571455
kin8nm,dune_bayes,1273,scale,0.15112776681780815,0.20382678508758545,0.2672414019703865
kin8nm,dune_bayes,1274,scale,0.12882851511240007,0.17401661723852158,0.2337440893054008
kin8nm,dune_bayes,1275,scale,0.15151647701859475,0.20494186133146286,0.26913766562938674
kin8nm,dune_bayes,1276,scale,0.18245468214154242,0.23667196184396744,0.3067845121026039
kin8nm,dune_bayes,1277,scale,0.2113462530076504,0.2765301316976547,0.3537747576832771
kin8nm,dune_bayes,1278,scale,0.20814309418201446,0.2806660681962967,0.36292729377746574
kin8nm,dune_bayes,1279,scale,0.19859240651130677,0.24906784296035767,0.3105030253529548
kin8nm,dune_bayes,1280,scale,0.18124417662620546,0.2377859652042389,0.3072262272238731
kin8nm,dune_bayes,1281,scale,0.13557444661855697,0.18653250485658646,0.252257564663887
kin8nm,dune_bayes,1282,scale,0.12128204517066479,0.17662232369184494,0.24629551395773885
kin8nm,dune_bayes,1283,scale,0.17497600018978118,0.23851560801267624,0.31237237155437464
kin8nm,dune_bayes,1284,scale,0.1550121083855629,0.20657538622617722,0.2715190902352333
kin8nm,dune_bayes,1285,scale,0.1492855079472065,0.19928444176912308,0.25625025182962413
kin8nm,dune_bayes,1286,scale,0.1824630841612816,0.23942801356315613,0.3093825399875641
kin8nm,dune_bayes,1287,scale,0.20959639102220537,0.2798944562673569,0.3617811650037765
kin8nm,dune_bayes,1288,scale,0.19751539900898935,0.26581740379333496,0.34746289551258086
kin8nm,dune_bayes,1289,scale,0.2186341404914856,0.28118376433849335,0.3637535870075225
kin8nm,dune_bayes,1290,scale,0.13285533487796783,0.18199677765369415,0.2573953986167908
kin8nm,dune_bayes,1291,scale,0.1407797247171402,0.19089048355817795,0.24756991639733306
kin8nm,dune_bayes,1292,scale,0.2116582453250885,0.2827322483062744,0.3655928537249565
kin8nm,dune_bayes,1293,scale,0.2131526365876198,0.288077250123024,0.38055068105459205
kin8nm,dune_bayes,1294,scale,0.17958213910460472,0.24312778562307358,0.32483282834291455
kin8nm,dune_bayes,1295,scale,0.12406952269375324,0.1677495613694191,0.22833212688565255
kin8nm,dune_bayes,1296,scale,0.2313662312924862,0.30104273557662964,0.3780772805213928
kin8nm,dune_bayes,1297,scale,0.14833057448267936,0.1988489031791687,0.27074621319770814
kin8nm,dune_bayes,1298,scale,0.13518665730953217,0.19051042199134827,0.2591454893350601
kin8nm,dune_bayes,1299,scale,0.23001564741134645,0.3014958053827286,0.37788064032793034
kin8nm,dune_bayes,1300,scale,0.16999949514865875,0.2231772392988205,0.2863803207874298
kin8nm,dune_bayes,1301,scale,0.11620611660182475,0.15852352231740952,0.21692644134163855
kin8nm,dune_bayes,1302,scale,0.17134642899036406,0.2207716405391693,0.2793648898601532
kin8nm,dune_bayes,1303,scale,0.15028661638498306,0.1996040791273117,0.2610452905297278
kin8nm,dune_bayes,1304,scale,0.2264602579176426,0.3002757579088211,0.38447163403034207
kin8nm,dune_bayes,1305,scale,0.1615598425269127,0.20907531678676605,0.27027199715375894
kin8nm,dune_bayes,1306,scale,0.17726449742913247,0.22295846045017242,0.27733635604381557
kin8nm,dune_bayes,1307,scale,0.20000019371509553,0.2670063227415085,0.3441849574446677
kin8nm,dune_bayes,1308,scale,0.145829189568758,0.19497904181480408,0.2528557077050209
kin8nm,dune_bayes,1309,scale,0.1046457402408123,0.14867115020751953,0.20498249307274818
kin8nm,dune_bayes,1310,scale,0.21708185076713563,0.28698572516441345,0.36015314906835555
kin8nm,dune_bayes,1311,scale,0.18894480913877487,0.24469660967588425,0.3090595379471779
kin8nm,dune_bayes,1312,scale,0.17402003556489945,0.22972993552684784,0.3003239795565604
kin8nm,dune_bayes,1313,scale,0.157415022701025,0.20857155323028564,0.2773561105132102
kin8nm,dune_bayes,1314,scale,0.22142261490225792,0.29028576612472534,0.3604473486542701
kin8nm,dune_bayes,1315,scale,0.1248697828501463,0.17507247626781464,0.23981564566493033
kin8nm,dune_bayes,1316,scale,0.1788207285106182,0.2429204285144806,0.32440414130687706
kin8nm,dune_bayes,1317,scale,0.20839438661932946,0.2750449478626251,0.35302943140268317
kin8nm,dune_bayes,1318,scale,0.1803317539393902,0.22665175795555115,0.28012511581182475
kin8nm,dune_bayes,1319,scale,0.217930618673563,0.2892047166824341,0.37151449918746937
kin8nm,dune_bayes,1320,scale,0.1311950109899044,0.18026680499315262,0.2451557345688342
kin8nm,dune_bayes,1321,scale,0.1350472576916218,0.182876817882061,0.23949746340513225
kin8nm,dune_bayes,1322,scale,0.20007779374718665,0.26802386343479156,0.35518069118261336
kin8nm,dune_bayes,1323,scale,0.18268172815442085,0.25418321788311005,0.3441301792860031
kin8nm,dune_bayes,1324,scale,0.10730979554355144,0.1605762392282486,0.22133738100528713
kin8nm,dune_bayes,1325,scale,0.23181257769465446,0.31164200603961945,0.39602621942758554
kin8nm,dune_bayes,1326,scale,0.11085854806005956,0.15672457963228226,0.2151757881045341
kin8nm,dune_bayes,1327,scale,0.19374160766601561,0.25385041534900665,0.32716597020626065
kin8nm,dune_bayes,1328,scale,0.20425669252872466,0.2767298221588135,0.3657057926058767
kin8nm,dune_bayes,1329,scale,0.13768356889486313,0.19120444357395172,0.2612993538379669
kin8nm,dune_bayes,1330,scale,0.1291607715189457,0.16920879483222961,0.22655470222234717
kin8nm,dune_bayes,1331,scale,0.13583985194563866,0.17582956701517105,0.22680871188640592
kin8nm,dune_bayes,1332,scale,0.1216825507581234,0.1718069612979889,0.24240575954318047
kin8nm,dune_bayes,1333,scale,0.14710108414292336,0.2008378580212593,0.26598529368638985
kin8nm,dune_bayes,1334,scale,0.18065513148903847,0.24648511409759521,0.32272617965936645
kin8nm,dune_bayes,1335,scale,0.12254853583872319,0.16882644593715668,0.23128245919942855
kin8nm,dune_bayes,1336,scale,0.16167147308588029,0.21282800287008286,0.2792549967765808
kin8nm,dune_bayes,1337,scale,0.1402252607047558,0.19157754629850388,0.26514427959918974
kin8nm,dune_bayes,1338,scale,0.15800612270832062,0.2059447318315506,0.26127166152000425
kin8nm,dune_bayes,1339,scale,0.11333972401916981,0.16073961555957794,0.22555449232459066
kin8nm,dune_bayes,1340,scale,0.10683673210442066,0.15158772468566895,0.20343173071742054
kin8nm,dune_bayes,1341,scale,0.1482395499944687,0.193489708006382,0.24566921666264527
kin8nm,dune_bayes,1342,scale,0.14364508390426636,0.19939309358596802,0.2769066974520683
kin8nm,dune_bayes,1343,scale,0.1758913278579712,0.23375311493873596,0.30668388307094574
kin8nm,dune_bayes,1344,scale,0.1139577429741621,0.15665580332279205,0.21270549669861794
kin8nm,dune_bayes,1345,scale,0.19337084591388704,0.2696380466222763,0.35870193988084786
kin8nm,dune_bayes,1346,scale,0.21270806789398194,0.2812116891145706,0.3615924343466758
kin8nm,dune_bayes,1347,scale,0.18537175804376602,0.24192745983600616,0.30542996674776074
kin8nm,dune_bayes,1348,scale,0.17741404175758363,0.23338043689727783,0.30130222439765925
kin8nm,dune_bayes,1349,scale,0.16540790423750878,0.22107736766338348,0.29499489963054654
kin8nm,dune_bayes,1350,scale,0.16589155197143554,0.22384199500083923,0.2892573937773705
kin8nm,dune_bayes,1351,scale,0.19732194691896437,0.25942543148994446,0.3324084147810935
kin8nm,dune_bayes,1352,scale,0.14223627001047134,0.1914745792746544,0.253668662905693
kin8nm,dune_bayes,1353,scale,0.21353505775332451,0.2814233899116516,0.353541575372219
kin8nm,dune_bayes,1354,scale,0.18657658100128174,0.253012478351593,0.3299843102693557
kin8nm,dune_bayes,1355,scale,0.12054710648953915,0.16864006221294403,0.2257676742970943
kin8nm,dune_bayes,1356,scale,0.13286589980125427,0.17991909384727478,0.24238080382347107
kin8nm,dune_bayes,1357,scale,0.19957386702299118,0.24977120012044907,0.3125193983316421
kin8nm,dune_bayes,1358,scale,0.12508844397962093,0.17031452804803848,0.23079160824418063
kin8nm,dune_bayes,1359,scale,0.12564621418714522,0.17438454926013947,0.24008952677249903
kin8nm,dune_bayes,1360,scale,0.2025841310620308,0.2735968381166458,0.34750471711158754
kin8nm,dune_bayes,1361,scale,0.10258739218115807,0.14197096228599548,0.20151720866560935
kin8nm,dune_bayes,1362,scale,0.12502487413585187,0.17217548936605453,0.23316354900598518
kin8nm,dune_bayes,1363,scale,0.140146554261446,0.18278267979621887,0.2334020614624023
kin8nm,dune_bayes,1364,scale,0.1820785477757454,0.2584126442670822,0.3455472245812416
kin8nm,dune_bayes,1365,scale,0.18560224026441574,0.24771637469530106,0.31905786842107764
kin8nm,dune_bayes,1366,scale,0.2216286614537239,0.2909630239009857,0.3652285277843475
kin8nm,dune_bayes,1367,scale,0.21007378324866294,0.27526573836803436,0.3474301293492317
kin8nm,dune_bayes,1368,scale,0.18385482355952262,0.24433445185422897,0.3198633611202239
kin8nm,dune_bayes,1369,scale,0.22066671624779702,0.29129065573215485,0.37371115684509265
kin8nm,dune_bayes,1370,scale,0.20450334027409553,0.2650325745344162,0.3355504527688026
kin8nm,dune_bayes,1371,scale,0.17579510807991028,0.23554706573486328,0.3145049542188644
kin8nm,dune_bayes,1372,scale,0.16666034683585168,0.22620519250631332,0.29396771639585495
kin8nm,dune_bayes,1373,scale,0.16561976820230484,0.22545403242111206,0.3096820965409278
kin8nm,dune_bayes,1374,scale,0.1523974873125553,0.1972823366522789,0.25962198227643957
kin8nm,dune_bayes,1375,scale,0.1678520232439041,0.2389579564332962,0.3171488791704178
kin8nm,dune_bayes,1376,scale,0.13167495131492615,0.18618954718112946,0.2561388462781906
kin8nm,dune_bayes,1377,scale,0.14410108402371408,0.19215621799230576,0.2571144714951515
kin8nm,dune_bayes,1378,scale,0.14429692700505256,0.19409790635108948,0.25741897821426385
kin8nm,dune_bayes,1379,scale,0.19179864302277566,0.2492908611893654,0.32095035910606384
kin8nm,dune_bayes,1380,scale,0.2112681284546852,0.2772896885871887,0.3576289936900138
kin8nm,dune_bayes,1381,scale,0.23817139193415643,0.304134726524353,0.3824662566184997
kin8nm,dune_bayes,1382,scale,0.14968128651380538,0.19701611250638962,0.2678893879055977
kin8nm,dune_bayes,1383,scale,0.18275662064552306,0.2427210509777069,0.30951659977436063
kin8nm,dune_bayes,1384,scale,0.199038777500391,0.2588732987642288,0.33048993200063687
kin8nm,dune_bayes,1385,scale,0.18691196516156197,0.2406245544552803,0.30330393910408016
kin8nm,dune_bayes,1386,scale,0.20229427292943,0.26118218898773193,0.32370228767395015
kin8nm,dune_bayes,1387,scale,0.2429569974541664,0.3150127977132797,0.39462156593799586
kin8nm,dune_bayes,1388,scale,0.18509336411952973,0.24147465825080872,0.30632950365543365
kin8nm,dune_bayes,1389,scale,0.13896067664027215,0.191071979701519,0.2514719575643539
kin8nm,dune_bayes,1390,scale,0.13945154324173928,0.18772494047880173,0.2434643767774105
kin8nm,dune_bayes,1391,scale,0.16680939123034477,0.22411520779132843,0.2991186246275901
kin8nm,dune_bayes,1392,scale,0.11666092835366726,0.16392586380243301,0.22749997749924653
kin8nm,dune_bayes,1393,scale,0.18759114742279054,0.2435481697320938,0.3161258041858672
kin8nm,dune_bayes,1394,scale,0.1132808554917574,0.15556557476520538,0.21245477870106694
kin8nm,dune_bayes,1395,scale,0.2068969003856182,0.27581124007701874,0.36169811785221095
kin8nm,dune_bayes,1396,scale,0.18486998230218887,0.24089305102825165,0.3074200496077537
kin8nm,dune_bayes,1397,scale,0.14805057421326637,0.19692230969667435,0.25521484315395343
kin8nm,dune_bayes,1398,scale,0.18866648077964782,0.24580074846744537,0.3195542946457863
kin8nm,dune_bayes,1399,scale,0.1267666880041361,0.17065992951393127,0.2260334268212318
kin8nm,dune_bayes,1400,scale,0.2030012436211109,0.26522335410118103,0.3379878744482993
kin8nm,dune_bayes,1401,scale,0.19280457347631455,0.24832426011562347,0.3110957309603691
kin8nm,dune_bayes,1402,scale,0.17655714303255082,0.2519676834344864,0.33233348876237856
kin8nm,dune_bayes,1403,scale,0.19099845960736275,0.2569299638271332,0.32629428207874295
kin8nm,dune_bayes,1404,scale,0.15449733659625053,0.21264076232910156,0.2849093064665794
kin8nm,dune_bayes,1405,scale,0.10856362283229828,0.15565357357263565,0.21313577368855474
kin8nm,dune_bayes,1406,scale,0.18851921930909157,0.24388597905635834,0.30866027921438216
kin8nm,dune_bayes,1407,scale,0.16780577301979066,0.21778396517038345,0.2777369797229766
kin8nm,dune_bayes,1408,scale,0.15993790775537492,0.22128329426050186,0.30133015662431717
kin8nm,dune_bayes,1409,scale,0.16865279972553254,0.2243456318974495,0.29803537577390665
kin8nm,dune_bayes,1410,scale,0.1820564866065979,0.2389625459909439,0.3056198939681053
kin8nm,dune_bayes,1411,scale,0.160721505433321,0.21467752009630203,0.2820994183421135
kin8nm,dune_bayes,1412,scale,0.17906321212649345,0.24555622786283493,0.3320876628160476
kin8nm,dune_bayes,1413,scale,0.1651151806116104,0.22208420187234879,0.2922418907284735
kin8nm,dune_bayes,1414,scale,0.14610973000526428,0.20364559441804886,0.27789847254753103
kin8nm,dune_bayes,1415,scale,0.1847995825111866,0.2444097101688385,0.3177850008010864
kin8nm,dune_bayes,1416,scale,0.2148584932088852,0.2932697683572769,0.3832145914435386
kin8nm,dune_bayes,1417,scale,0.1811579443514347,0.22864282131195068,0.2898209854960442
kin8nm,dune_bayes,1418,scale,0.2033350557088852,0.2642911374568939,0.3347300052642822
kin8nm,dune_bayes,1419,scale,0.18073002249002457,0.25393417477607727,0.3469298228621483
kin8nm,dune_bayes,1420,scale,0.14961446598172187,0.20314472168684006,0.2658486098051071
kin8nm,dune_bayes,1421,scale,0.17965828850865365,0.2248172163963318,0.27935808897018427
kin8nm,dune_bayes,1422,scale,0.14656579941511155,0.19520580023527145,0.26637499481439586
kin8nm,dune_bayes,1423,scale,0.1568312019109726,0.20439109206199646,0.2600566267967224
kin8nm,dune_bayes,1424,scale,0.16673150286078453,0.21901935338974,0.2835744142532348
kin8nm,dune_bayes,1425,scale,0.12156258411705494,0.1624353900551796,0.2150067180395126
kin8nm,dune_bayes,1426,scale,0.1390960432589054,0.18279511481523514,0.24593359231948836
kin8nm,dune_bayes,1427,scale,0.213088259100914,0.28005917370319366,0.3517246931791305
kin8nm,dune_bayes,1428,scale,0.21135277897119523,0.2840300053358078,0.36647059023380274
kin8nm,dune_bayes,1429,scale,0.19384844601154327,0.2623126208782196,0.3347851768136024
kin8nm,dune_bayes,1430,scale,0.20528661012649535,0.2684374898672104,0.3356817692518234
kin8nm,dune_bayes,1431,scale,0.21948254629969596,0.2884290963411331,0.3653450921177864
kin8nm,dune_bayes,1432,scale,0.1373000882565975,0.1868889406323433,0.2453873828053474
kin8nm,dune_bayes,1433,scale,0.20008526369929314,0.2598079890012741,0.32732506990432736
kin8nm,dune_bayes,1434,scale,0.13722380697727204,0.19084100425243378,0.26406486779451366
kin8nm,dune_bayes,1435,scale,0.13791323825716972,0.18671227991580963,0.2505696058273315
kin8nm,dune_bayes,1436,scale,0.1350622743368149,0.18662488460540771,0.2658562511205672
kin8nm,dune_bayes,1437,scale,0.2075154460966587,0.2824801206588745,0.35660339295864096
kin8nm,dune_bayes,1438,scale,0.11140748709440232,0.15681027621030807,0.21953652575612068
kin8nm,dune_bayes,1439,scale,0.13983691111207008,0.1931309700012207,0.26125680655241007
kin8nm,dune_bayes,1440,scale,0.14178428426384926,0.18817023932933807,0.2408585608005523
kin8nm,dune_bayes,1441,scale,0.131378635764122,0.1888849437236786,0.2658126339316368
kin8nm,dune_bayes,1442,scale,0.219219346344471,0.27656111121177673,0.34334348589181896
kin8nm,dune_bayes,1443,scale,0.14308336973190308,0.18822893500328064,0.24909252524375916
kin8nm,dune_bayes,1444,scale,0.1440890312194824,0.18987403810024261,0.2536402270197868
kin8nm,dune_bayes,1445,scale,0.1507863573729992,0.21293308585882187,0.2949411377310753
kin8nm,dune_bayes,1446,scale,0.18726495057344436,0.24754589796066284,0.3294557198882102
kin8nm,dune_bayes,1447,scale,0.13426576629281045,0.18116621673107147,0.2381391681730747
kin8nm,dune_bayes,1448,scale,0.20573726817965507,0.267178013920784,0.3396092340350151
kin8nm,dune_bayes,1449,scale,0.12809447944164276,0.1665666326880455,0.2146814331412315
kin8nm,dune_bayes,1450,scale,0.20016518160700797,0.2649964541196823,0.3421885997056961
kin8nm,dune_bayes,1451,scale,0.1334243521094322,0.18916907906532288,0.26394844055175776
kin8nm,dune_bayes,1452,scale,0.147049168497324,0.2004888653755188,0.26748352646827694
kin8nm,dune_bayes,1453,scale,0.16109880208969116,0.21617896109819412,0.2864925235509872
kin8nm,dune_bayes,1454,scale,0.1334247849881649,0.18915587663650513,0.26372782737016676
kin8nm,dune_bayes,1455,scale,0.135641510784626,0.18884573131799698,0.2566805869340896
kin8nm,dune_bayes,1456,scale,0.1370491348206997,0.19195126742124557,0.253300704061985
kin8nm,dune_bayes,1457,scale,0.1609188549220562,0.22919312119483948,0.31676578521728516
kin8nm,dune_bayes,1458,scale,0.16272890120744704,0.21740150451660156,0.29405606687068936
kin8nm,dune_bayes,1459,scale,0.16523035988211632,0.213970385491848,0.2736349806189537
kin8nm,dune_bayes,1460,scale,0.20421615689992906,0.270613431930542,0.3423328071832656
kin8nm,dune_bayes,1461,scale,0.20827478840947153,0.27239327132701874,0.3522524267435074
kin8nm,dune_bayes,1462,scale,0.16238772571086885,0.21632041782140732,0.28718478530645364
kin8nm,dune_bayes,1463,scale,0.23258351981639863,0.31352151930332184,0.3982847139239311
kin8nm,dune_bayes,1464,scale,0.1119718212634325,0.15824008733034134,0.21919962093234055
kin8nm,dune_bayes,1465,scale,0.1938138410449028,0.255440428853035,0.3351456418633461
kin8nm,dune_bayes,1466,scale,0.15219015777111053,0.19715490192174911,0.2520098745822906
kin8nm,dune_bayes,1467,scale,0.10532026924192905,0.15360213071107864,0.2093312352895736
kin8nm,dune_bayes,1468,scale,0.16173619627952576,0.2117306888103485,0.2759789705276489
kin8nm,dune_bayes,1469,scale,0.20114622563123702,0.26543210446834564,0.3371940791606903
kin8nm,dune_bayes,1470,scale,0.21202313601970674,0.2855527251958847,0.3717130392789841
kin8nm,dune_bayes,1471,scale,0.18900892585515977,0.2463907077908516,0.32094725519418715
kin8nm,dune_bayes,1472,scale,0.18777545616030694,0.2629266828298569,0.364205977320671
kin8nm,dune_bayes,1473,scale,0.1843562141060829,0.23824098706245422,0.2989159137010574
kin8nm,dune_bayes,1474,scale,0.1965560235083103,0.2581224590539932,0.34035616815090175
kin8nm,dune_bayes,1475,scale,0.13123174384236336,0.1829131469130516,0.24897715598344802
kin8nm,dune_bayes,1476,scale,0.1734839491546154,0.24506723135709763,0.3248574391007423
kin8nm,dune_bayes,1477,scale,0.18644893169403076,0.25131265819072723,0.3287285953760147
kin8nm,dune_bayes,1478,scale,0.1655624859035015,0.2146228700876236,0.27074300199747087
kin8nm,dune_bayes,1479,scale,0.17308086827397345,0.23416171967983246,0.3128182053565979
kin8nm,dune_bayes,1480,scale,0.1797334723174572,0.2579030394554138,0.35238202512264244
kin8nm,dune_bayes,1481,scale,0.20516978800296784,0.2702246457338333,0.3459122598171234
kin8nm,dune_bayes,1482,scale,0.1877680726349354,0.24141160398721695,0.305677042901516
kin8nm,dune_bayes,1483,scale,0.1681922309100628,0.231065534055233,0.3096939593553543
kin8nm,dune_bayes,1484,scale,0.16519208550453185,0.21830471605062485,0.2861847311258316
kin8nm,dune_bayes,1485,scale,0.13780331164598464,0.19348324835300446,0.26209778487682345
kin8nm,dune_bayes,1486,scale,0.12474011927843094,0.17703259736299515,0.24529538750648486
kin8nm,dune_bayes,1487,scale,0.1542227938771248,0.20110151916742325,0.2637785002589225
kin8nm,dune_bayes,1488,scale,0.19980622604489326,0.26921263337135315,0.3384594216942786
kin8nm,dune_bayes,1489,scale,0.18213865756988526,0.2504344880580902,0.32423712611198424
kin8nm,dune_bayes,1490,scale,0.18123974800109863,0.2401101291179657,0.3120343163609504
kin8nm,dune_bayes,1491,scale,0.14656375125050544,0.20086705684661865,0.2700937375426292
kin8nm,dune_bayes,1492,scale,0.1333444282412529,0.18328651040792465,0.24325627237558356
kin8nm,dune_bayes,1493,scale,0.1319909654557705,0.17543750256299973,0.22787559852004038
kin8nm,dune_bayes,1494,scale,0.19949641898274423,0.2750018984079361,0.3547746390104294
kin8nm,dune_bayes,1495,scale,0.2398220330476761,0.31933626532554626,0.40919303894042963
kin8nm,dune_bayes,1496,scale,0.19926338344812394,0.2583716958761215,0.3273118212819099
kin8nm,dune_bayes,1497,scale,0.14198545143008232,0.19321659952402115,0.25709860920906064
kin8nm,dune_bayes,1498,scale,0.13638338893651963,0.19381430745124817,0.2716148629784583
kin8nm,dune_bayes,1499,scale,0.15868817269802094,0.20893316715955734,0.2717134833335875
kin8nm,dune_bayes,1500,scale,0.16924422979354858,0.2123442068696022,0.26894406974315643
kin8nm,dune_bayes,1501,scale,0.2052065722644329,0.272144615650177,0.3438149347901344
kin8nm,dune_bayes,1502,scale,0.1576019898056984,0.2188374549150467,0.2934947207570075
kin8nm,dune_bayes,1503,scale,0.18548576012253762,0.24180255085229874,0.31330823749303816
kin8nm,dune_bayes,1504,scale,0.22312225103378297,0.29035477340221405,0.36520259380340575
kin8nm,dune_bayes,1505,scale,0.1610482305288315,0.21420464664697647,0.2842013999819755
kin8nm,dune_bayes,1506,scale,0.14707838818430902,0.19399001449346542,0.25773481279611576
kin8nm,dune_bayes,1507,scale,0.16267988532781602,0.21465129405260086,0.28562169969081874
kin8nm,dune_bayes,1508,scale,0.13271762654185296,0.17639653384685516,0.2307543322443962
kin8nm,dune_bayes,1509,scale,0.16776215881109238,0.22663993388414383,0.3029552713036537
kin8nm,dune_bayes,1510,scale,0.13201457485556603,0.1829013228416443,0.24850231409072876
kin8nm,dune_bayes,1511,scale,0.16754335016012192,0.22985678911209106,0.2965457409620285
kin8nm,dune_bayes,1512,scale,0.1671312339603901,0.2214444875717163,0.29091456830501544
kin8nm,dune_bayes,1513,scale,0.20083333849906923,0.2808576077222824,0.3682010963559151
kin8nm,dune_bayes,1514,scale,0.12007809579372405,0.17468313872814178,0.2420482873916626
kin8nm,dune_bayes,1515,scale,0.13474379554390908,0.18413683772087097,0.24568286687135696
kin8nm,dune_bayes,1516,scale,0.17936214283108712,0.23386983573436737,0.3021405979990959
kin8nm,dune_bayes,1517,scale,0.18450972959399223,0.24027439951896667,0.3124782770872116
kin8nm,dune_bayes,1518,scale,0.12420632392168045,0.17225519567728043,0.2387745551764965
kin8nm,dune_bayes,1519,scale,0.11927334666252136,0.1681545004248619,0.2281725712120533
kin8nm,dune_bayes,1520,scale,0.19390787556767464,0.2594597637653351,0.33132450133562086
kin8nm,dune_bayes,1521,scale,0.14569024741649628,0.19905536621809006,0.26339452266693114
kin8nm,dune_bayes,1522,scale,0.14555447697639465,0.19675831496715546,0.25832846164703366
kin8nm,dune_bayes,1523,scale,0.18446539714932442,0.24347112327814102,0.30883856564760204
kin8nm,dune_bayes,1524,scale,0.1328870378434658,0.18608590215444565,0.2537635251879692
kin8nm,dune_bayes,1525,scale,0.1761927545070648,0.23943206667900085,0.3225586250424385
kin8nm,dune_bayes,1526,scale,0.18450306504964828,0.24846532940864563,0.32327378839254367
kin8nm,dune_bayes,1527,scale,0.16152269393205643,0.21421821415424347,0.27829321324825285
kin8nm,dune_bayes,1528,scale,0.1670265145599842,0.2154933139681816,0.283971956372261
kin8nm,dune_bayes,1529,scale,0.22814318761229516,0.2866542637348175,0.35045336484909057
kin8nm,dune_bayes,1530,scale,0.21623424515128137,0.2886280417442322,0.3720384716987609
kin8nm,dune_bayes,1531,scale,0.17559694573283197,0.2371128797531128,0.31154929995536795
kin8nm,dune_bayes,1532,scale,0.11566249914467334,0.1658681258559227,0.22467124238610262
kin8nm,dune_bayes,1533,scale,0.1307166650891304,0.17342490702867508,0.2272717043757438
kin8nm,dune_bayes,1534,scale,0.1365915611386299,0.18429844081401825,0.2466207548975944
kin8nm,dune_bayes,1535,scale,0.19319210350513458,0.25924697518348694,0.3362460553646088
kin8nm,dune_bayes,1536,scale,0.2031683385372162,0.26837486028671265,0.3405766889452934
kin8nm,dune_bayes,1537,scale,0.13056160882115364,0.1703096181154251,0.2286203823983669
kin8nm,dune_bayes,1538,scale,0.2200043320655823,0.2916995733976364,0.3711772263050079
kin8nm,dune_bayes,1539,scale,0.20289520546793938,0.25366242229938507,0.314555923640728
kin8nm,dune_bayes,1540,scale,0.14738841950893403,0.19712895154953003,0.266959373652935
kin8nm,dune_bayes,1541,scale,0.18523435965180396,0.23310111463069916,0.29084671735763545
kin8nm,dune_bayes,1542,scale,0.14060870483517646,0.18608340620994568,0.24532066956162452
kin8nm,dune_bayes,1543,scale,0.10538668632507324,0.1481923833489418,0.2049853526055813
kin8nm,dune_bayes,1544,scale,0.14156517684459688,0.19325852394104004,0.2694254964590072
kin8nm,dune_bayes,1545,scale,0.12834564223885536,0.1684989631175995,0.22211248800158498
kin8nm,dune_bayes,1546,scale,0.18511295244097709,0.25994132459163666,0.34902338385581966
kin8nm,dune_bayes,1547,scale,0.11704706512391568,0.16296673566102982,0.23099643439054485
kin8nm,dune_bayes,1548,scale,0.21659618839621544,0.27689777314662933,0.3479839265346527
kin8nm,dune_bayes,1549,scale,0.18644419461488723,0.24830950796604156,0.32449373751878735
kin8nm,dune_bayes,1550,scale,0.17983400002121924,0.2525016814470291,0.3282516866922378
kin8nm,dune_bayes,1551,scale,0.18218323439359665,0.2301155850291252,0.28646708875894544
kin8nm,dune_bayes,1552,scale,0.1502633661031723,0.2045656144618988,0.2759600386023521
kin8nm,dune_bayes,1553,scale,0.13728500306606292,0.19704385846853256,0.27540771663188934
kin8nm,dune_bayes,1554,scale,0.16002644896507262,0.20945482701063156,0.2725256457924843
kin8nm,dune_bayes,1555,scale,0.15181248337030412,0.20751572400331497,0.2857929214835167
kin8nm,dune_bayes,1556,scale,0.19141809716820718,0.24338673800230026,0.3039897978305816
kin8nm,dune_bayes,1557,scale,0.20558549016714095,0.2797805517911911,0.3561761915683746
kin8nm,dune_bayes,1558,scale,0.20008473843336105,0.25999246537685394,0.3351462215185165
kin8nm,dune_bayes,1559,scale,0.14491395577788352,0.19665102660655975,0.26089780777692795
kin8nm,dune_bayes,1560,scale,0.19274488165974618,0.2625754326581955,0.3411641269922256
kin8nm,dune_bayes,1561,scale,0.10731965191662311,0.14917810261249542,0.20288133323192586
kin8nm,dune_bayes,1562,scale,0.14807703197002411,0.1966124102473259,0.2572911560535431
kin8nm,dune_bayes,1563,scale,0.21335114613175393,0.28549113869667053,0.3721243679523468
kin8nm,dune_bayes,1564,scale,0.2099194921553135,0.27735675871372223,0.35240764617919923
kin8nm,dune_bayes,1565,scale,0.16173796728253365,0.21337679028511047,0.2835189089179039
kin8nm,dune_bayes,1566,scale,0.1288715347647667,0.1910032406449318,0.26367861479520777
kin8nm,dune_bayes,1567,scale,0.21355082094669342,0.2741590291261673,0.344186994433403
kin8nm,dune_bayes,1568,scale,0.22839979976415634,0.3042493462562561,0.3907910451292991
kin8nm,dune_bayes,1569,scale,0.19422339349985124,0.25395864248275757,0.3269965410232544
kin8nm,dune_bayes,1570,scale,0.16076954379677771,0.20899999886751175,0.2698756918311119
kin8nm,dune_bayes,1571,scale,0.21675592958927156,0.2842124402523041,0.35124491155147536
kin8nm,dune_bayes,1572,scale,0.12772094905376435,0.1835051029920578,0.25455540120601644
kin8nm,dune_bayes,1573,scale,0.1335113525390625,0.18268071860074997,0.24559498727321621
kin8nm,dune_bayes,1574,scale,0.16394776701927186,0.2113279178738594,0.27223450392484666
kin8nm,dune_bayes,1575,scale,0.15807928293943405,0.2145732268691063,0.2889852181077003
kin8nm,dune_bayes,1576,scale,0.14207178801298143,0.19265703111886978,0.27086509317159646
kin8nm,dune_bayes,1577,scale,0.18868384435772895,0.24519804120063782,0.31500556915998457
kin8nm,dune_bayes,1578,scale,0.13366794735193252,0.18847445398569107,0.2699969753623009
kin8nm,dune_bayes,1579,scale,0.13087577894330024,0.18715791404247284,0.25516712516546247
kin8nm,dune_bayes,1580,scale,0.1430783025920391,0.19170396775007248,0.2538918986916541
kin8nm,dune_bayes,1581,scale,0.16726087108254434,0.21661140024662018,0.2773610070347785
kin8nm,dune_bayes,1582,scale,0.13164293244481087,0.1746741309762001,0.23526137024164198
kin8nm,dune_bayes,1583,scale,0.1799707867205143,0.2405192032456398,0.3119471773505211
kin8nm,dune_bayes,1584,scale,0.1902208983898163,0.24306359887123108,0.3092663049697876
kin8nm,dune_bayes,1585,scale,0.14430226385593414,0.1918618381023407,0.25313640832900997
kin8nm,dune_bayes,1586,scale,0.1538918323814869,0.21388164907693863,0.2995159164071083
kin8nm,dune_bayes,1587,scale,0.1413573518395424,0.19107262045145035,0.2558076322078704
kin8nm,dune_bayes,1588,scale,0.13493008464574813,0.1785862147808075,0.23415363505482673
kin8nm,dune_bayes,1589,scale,0.15501167327165605,0.211759053170681,0.2820590853691101
kin8nm,dune_bayes,1590,scale,0.19158527478575707,0.24244512617588043,0.30271193534135815
kin8nm,dune_bayes,1591,scale,0.16702237948775292,0.23148246854543686,0.306429249048233
kin8nm,dune_bayes,1592,scale,0.11185614205896854,0.15910722315311432,0.21814479827880856
kin8nm,dune_bayes,1593,scale,0.22262253910303115,0.29598335921764374,0.3729741856455801
kin8nm,dune_bayes,1594,scale,0.173031984269619,0.22734568268060684,0.2938372477889061
kin8nm,dune_bayes,1595,scale,0.15427717119455336,0.20125669986009598,0.25984438210725774
kin8nm,dune_bayes,1596,scale,0.1764003627002239,0.2347446233034134,0.3066925808787346
kin8nm,dune_bayes,1597,scale,0.1404014855623245,0.19355887919664383,0.2607980266213417
kin8nm,dune_bayes,1598,scale,0.1736978657543659,0.21572504937648773,0.2654033944010734
kin8nm,dune_bayes,1599,scale,0.14795717746019363,0.19987992197275162,0.26467793434858317
kin8nm,dune_bayes,1600,scale,0.1800808534026146,0.2448083683848381,0.32425395548343655
kin8nm,dune_bayes,1601,scale,0.15705171078443528,0.2059815526008606,0.26851487904787064
kin8nm,dune_bayes,1602,scale,0.14029509276151658,0.19255535304546356,0.2539722755551338
kin8nm,dune_bayes,1603,scale,0.22060206308960914,0.2927017956972122,0.3737534761428833
kin8nm,dune_bayes,1604,scale,0.10329826660454274,0.14789767563343048,0.2045686170458793
kin8nm,dune_bayes,1605,scale,0.12743369936943055,0.16999035328626633,0.23123792260885237
kin8nm,dune_bayes,1606,scale,0.21847444549202918,0.28964824974536896,0.36037847101688386
kin8nm,dune_bayes,1607,scale,0.17018818110227585,0.23601629585027695,0.31691446602344514
kin8nm,dune_bayes,1608,scale,0.20676008984446526,0.2739677280187607,0.3502898782491684
kin8nm,dune_bayes,1609,scale,0.22171378806233405,0.28840404748916626,0.3594973817467689
kin8nm,dune_bayes,1610,scale,0.10537528619170189,0.148901529610157,0.20832733213901508
kin8nm,dune_bayes,1611,scale,0.11730631329119205,0.15982671082019806,0.2179383568465709
kin8nm,dune_bayes,1612,scale,0.15842889845371247,0.21641920506954193,0.29477923214435575
kin8nm,dune_bayes,1613,scale,0.13345451056957244,0.18562110513448715,0.24057405441999435
kin8nm,dune_bayes,1614,scale,0.13869026079773902,0.18952163308858871,0.25683355629444116
kin8nm,dune_bayes,1615,scale,0.19542166218161583,0.26261675357818604,0.3466922029852867
kin8nm,dune_bayes,1616,scale,0.16611403375864028,0.22408545017242432,0.2927907958626747
kin8nm,dune_bayes,1617,scale,0.12735646292567254,0.17266686260700226,0.23253306522965422
kin8nm,dune_bayes,1618,scale,0.13210779428482056,0.18508949875831604,0.2562244966626167
kin8nm,dune_bayes,1619,scale,0.17584103271365165,0.24046875536441803,0.3219941586256027
kin8nm,dune_bayes,1620,scale,0.17488181591033936,0.23995120078325272,0.3184101194143294
kin8nm,dune_bayes,1621,scale,0.13817141726613044,0.18561455607414246,0.24286542385816573
kin8nm,dune_bayes,1622,scale,0.17317783385515212,0.21707763522863388,0.27070671021938314
kin8nm,dune_bayes,1623,scale,0.20593681037425995,0.2740529775619507,0.3489244133234023
kin8nm,dune_bayes,1624,scale,0.11028964705765247,0.15535220503807068,0.21048080846667275
kin8nm,dune_bayes,1625,scale,0.14555736184120177,0.20178544521331787,0.2661830559372902
kin8nm,dune_bayes,1626,scale,0.10902172960340976,0.15767349302768707,0.2207114391028881
kin8nm,dune_bayes,1627,scale,0.12045373879373074,0.16188167035579681,0.2204046830534935
kin8nm,dune_bayes,1628,scale,0.13786597773432732,0.18328141421079636,0.24353026077151296
kin8nm,dune_bayes,1629,scale,0.11144924089312554,0.15398391336202621,0.21646397113800048
kin8nm,dune_bayes,1630,scale,0.16553401276469232,0.21154163777828217,0.26969226747751235
kin8nm,dune_bayes,1631,scale,0.18290283009409905,0.2411477491259575,0.30684631466865536
kin8nm,dune_bayes,1632,scale,0.21036943420767784,0.27187836170196533,0.33989248275756834
kin8nm,dune_bayes,1633,scale,0.21100936606526374,0.28451313078403473,0.367469610273838
kin8nm,dune_bayes,1634,scale,0.18679928332567214,0.25084003806114197,0.32064647972583765
kin8nm,dune_bayes,1635,scale,0.17617067322134972,0.23071499168872833,0.2958233952522278
kin8nm,dune_bayes,1636,scale,0.1843556120991707,0.24072321504354477,0.3146091625094412
kin8nm,dune_bayes,1637,scale,0.21151698306202887,0.28273819386959076,0.3646965071558952
