dataset,model,observation,aleatoric,epistemic,total
kin8nm,dune_bayes,0,0.044500935822725296,0.0035382681526243687,0.04803920164704323
kin8nm,dune_bayes,1,0.04991433024406433,0.006139811128377914,0.056054141372442245
kin8nm,dune_bayes,2,0.0717013031244278,0.004514059983193874,0.07621537148952484
kin8nm,dune_bayes,3,0.04545345902442932,0.004014855716377497,0.04946831241250038
kin8nm,dune_bayes,4,0.03293035551905632,0.004393911454826593,0.03732426464557648
kin8nm,dune_bayes,5,0.05057583376765251,0.003795512253418565,0.05437134578824043
kin8nm,dune_bayes,6,0.0684349462389946,0.0035176968667656183,0.07195264101028442
kin8nm,dune_bayes,7,0.04910314083099365,0.0032764298375695944,0.05237957090139389
kin8nm,dune_bayes,8,0.04100717604160309,0.0049626175314188,0.04596979171037674
kin8nm,dune_bayes,9,0.05425114184617996,0.00424919044598937,0.05850033089518547
kin8nm,dune_bayes,10,0.037817083299160004,0.005143524147570133,0.04296060651540756
kin8nm,dune_bayes,11,0.03747006505727768,0.004589773714542389,0.04205984249711037
kin8nm,dune_bayes,12,0.05674748495221138,0.0036817758809775114,0.06042926385998726
kin8nm,dune_bayes,13,0.06118770316243172,0.004381556995213032,0.06556925922632217
kin8nm,dune_bayes,14,0.041053902357816696,0.0036259687040001154,0.04467987269163132
kin8nm,dune_bayes,15,0.04882233217358589,0.003314739326015115,0.05213707312941551
kin8nm,dune_bayes,16,0.06254266947507858,0.0058729518204927444,0.06841561943292618
kin8nm,dune_bayes,17,0.042954035103321075,0.0056960429064929485,0.04865007847547531
kin8nm,dune_bayes,18,0.05263379216194153,0.0040123541839420795,0.05664614588022232
kin8nm,dune_bayes,19,0.03502046689391136,0.00526172760874033,0.04028219357132912
kin8nm,dune_bayes,20,0.03456955403089523,0.004747678991407156,0.03931723162531853
kin8nm,dune_bayes,21,0.034273017197847366,0.00411833543330431,0.0383913516998291
kin8nm,dune_bayes,22,0.0642928034067154,0.003856260795146227,0.06814906001091003
kin8nm,dune_bayes,23,0.035912323743104935,0.0032866799738258123,0.03919900208711624
kin8nm,dune_bayes,24,0.04920218512415886,0.004360067192465067,0.05356225371360779
kin8nm,dune_bayes,25,0.04503369703888893,0.004160548094660044,0.04919424653053284
kin8nm,dune_bayes,26,0.034090787172317505,0.0038334783166646957,0.03792426735162735
kin8nm,dune_bayes,27,0.035108644515275955,0.005106612574309111,0.04021525755524635
kin8nm,dune_bayes,28,0.031141040846705437,0.004798089619725943,0.03593913093209267
kin8nm,dune_bayes,29,0.0340130552649498,0.004049711395055056,0.03806276619434357
kin8nm,dune_bayes,30,0.061177510768175125,0.004426511004567146,0.06560402363538742
kin8nm,dune_bayes,31,0.048971567302942276,0.005237705074250698,0.05420927330851555
kin8nm,dune_bayes,32,0.0360976941883564,0.005329293664544821,0.04142699018120766
kin8nm,dune_bayes,33,0.04214926064014435,0.004787867423146963,0.04693712666630745
kin8nm,dune_bayes,34,0.03724425286054611,0.005163478199392557,0.04240773245692253
kin8nm,dune_bayes,35,0.03450825810432434,0.00458898488432169,0.039097242057323456
kin8nm,dune_bayes,36,0.035593803972005844,0.004578087478876114,0.04017189145088196
kin8nm,dune_bayes,37,0.03567564859986305,0.005183961242437363,0.04085960611701012
kin8nm,dune_bayes,38,0.05339319258928299,0.005792992655187845,0.0591861829161644
kin8nm,dune_bayes,39,0.05603344738483429,0.0053137363865971565,0.06134718284010887
kin8nm,dune_bayes,40,0.046297818422317505,0.004462193697690964,0.05076001212000847
kin8nm,dune_bayes,41,0.047308098524808884,0.004504308104515076,0.05181240290403366
kin8nm,dune_bayes,42,0.035422202199697495,0.004712807945907116,0.040135011076927185
kin8nm,dune_bayes,43,0.051675938069820404,0.004189030732959509,0.05586496740579605
kin8nm,dune_bayes,44,0.06594638526439667,0.0047314343973994255,0.07067781686782837
kin8nm,dune_bayes,45,0.036787815392017365,0.004803796764463186,0.04159161075949669
kin8nm,dune_bayes,46,0.06623844057321548,0.004431647248566151,0.07067009061574936
kin8nm,dune_bayes,47,0.04977143183350563,0.004217556212097406,0.0539889894425869
kin8nm,dune_bayes,48,0.04102875664830208,0.0036032358184456825,0.044631995260715485
kin8nm,dune_bayes,49,0.03365339711308479,0.003949842415750027,0.037603240460157394
kin8nm,dune_bayes,50,0.03967183828353882,0.005498972255736589,0.04517081379890442
kin8nm,dune_bayes,51,0.04166896641254425,0.005996829830110073,0.0476657971739769
kin8nm,dune_bayes,52,0.040424492210149765,0.004014198202639818,0.044438693672418594
kin8nm,dune_bayes,53,0.05848097428679466,0.005228095687925816,0.0637090727686882
kin8nm,dune_bayes,54,0.05651508644223213,0.004860542248934507,0.06137562915682793
kin8nm,dune_bayes,55,0.03538229316473007,0.0048638200387358665,0.04024611413478851
kin8nm,dune_bayes,56,0.06554395705461502,0.004281478933990002,0.0698254406452179
kin8nm,dune_bayes,57,0.044437047094106674,0.0042756469920277596,0.04871269315481186
kin8nm,dune_bayes,58,0.057173099368810654,0.004892649129033089,0.06206575036048889
kin8nm,dune_bayes,59,0.0571160688996315,0.004947013687342405,0.06206308305263519
kin8nm,dune_bayes,60,0.05053418129682541,0.00432990537956357,0.05486408993601799
kin8nm,dune_bayes,61,0.0642566904425621,0.005167003255337477,0.06942369788885117
kin8nm,dune_bayes,62,0.055691879242658615,0.0048200697638094425,0.06051195040345192
kin8nm,dune_bayes,63,0.05087817832827568,0.0029178811237215996,0.053796056658029556
kin8nm,dune_bayes,64,0.038302093744277954,0.0046445028856396675,0.04294659569859505
kin8nm,dune_bayes,65,0.057867541909217834,0.0036438864190131426,0.06151142716407776
kin8nm,dune_bayes,66,0.05450147017836571,0.003846886567771435,0.05834835767745972
kin8nm,dune_bayes,67,0.030170392245054245,0.0044316318817436695,0.03460202366113663
kin8nm,dune_bayes,68,0.05853329971432686,0.0037242574617266655,0.0622575581073761
kin8nm,dune_bayes,69,0.04035823792219162,0.004891082178801298,0.045249324291944504
kin8nm,dune_bayes,70,0.07205921411514282,0.005051895044744015,0.07711111009120941
kin8nm,dune_bayes,71,0.0553845576941967,0.005336587317287922,0.06072114035487175
kin8nm,dune_bayes,72,0.06117354333400726,0.004392010159790516,0.0655655562877655
kin8nm,dune_bayes,73,0.05806751549243927,0.0045006293803453445,0.06256814301013947
kin8nm,dune_bayes,74,0.05411215499043465,0.004308891948312521,0.058421045541763306
kin8nm,dune_bayes,75,0.05389842763543129,0.003984782844781876,0.057883210480213165
kin8nm,dune_bayes,76,0.05522805079817772,0.003105004085227847,0.058333057910203934
kin8nm,dune_bayes,77,0.05996021255850792,0.004506597761064768,0.06446681171655655
kin8nm,dune_bayes,78,0.029593393206596375,0.004711258690804243,0.034304652363061905
kin8nm,dune_bayes,79,0.07050663977861404,0.0036730582360178232,0.07417970150709152
kin8nm,dune_bayes,80,0.04680978134274483,0.004598671104758978,0.05140845477581024
kin8nm,dune_bayes,81,0.06747271120548248,0.00535797281190753,0.0728306844830513
kin8nm,dune_bayes,82,0.0460360050201416,0.004371500574052334,0.05040750652551651
kin8nm,dune_bayes,83,0.06722479313611984,0.0048124841414391994,0.07203727215528488
kin8nm,dune_bayes,84,0.036469846963882446,0.005036007612943649,0.041505854576826096
kin8nm,dune_bayes,85,0.06526675075292587,0.004808648489415646,0.07007540017366409
kin8nm,dune_bayes,86,0.05468887463212013,0.0034662422258406878,0.0581551156938076
kin8nm,dune_bayes,87,0.038046494126319885,0.005014929920434952,0.04306142032146454
kin8nm,dune_bayes,88,0.039986658841371536,0.005269342567771673,0.045256003737449646
kin8nm,dune_bayes,89,0.04000181332230568,0.004792380146682262,0.04479419067502022
kin8nm,dune_bayes,90,0.05701476335525513,0.0053109279833734035,0.06232568994164467
kin8nm,dune_bayes,91,0.03609262406826019,0.006078839767724276,0.04217146337032318
kin8nm,dune_bayes,92,0.04643378034234047,0.00500299409031868,0.05143677443265915
kin8nm,dune_bayes,93,0.048196736723184586,0.004024012479931116,0.052220746874809265
kin8nm,dune_bayes,94,0.03483356162905693,0.004596692509949207,0.03943025320768356
kin8nm,dune_bayes,95,0.05576244741678238,0.003601452801376581,0.05936390161514282
kin8nm,dune_bayes,96,0.03754166141152382,0.004558086395263672,0.04209975153207779
kin8nm,dune_bayes,97,0.05443999171257019,0.004814980085939169,0.059254974126815796
kin8nm,dune_bayes,98,0.03474925830960274,0.0038660888094455004,0.03861534595489502
kin8nm,dune_bayes,99,0.0687413364648819,0.004337181802839041,0.07307852059602737
kin8nm,dune_bayes,100,0.03226487711071968,0.0044456054456532,0.03671048581600189
kin8nm,dune_bayes,101,0.0371834896504879,0.005661328788846731,0.04284481704235077
kin8nm,dune_bayes,102,0.041144050657749176,0.004409682471305132,0.04555373266339302
kin8nm,dune_bayes,103,0.04180671274662018,0.005225617438554764,0.047032326459884644
kin8nm,dune_bayes,104,0.04532720521092415,0.003962497692555189,0.049289703369140625
kin8nm,dune_bayes,105,0.046698518097400665,0.003776528872549534,0.050475046038627625
kin8nm,dune_bayes,106,0.03764797002077103,0.004722378682345152,0.042370349168777466
kin8nm,dune_bayes,107,0.06403524428606033,0.005067698657512665,0.069102942943573
kin8nm,dune_bayes,108,0.05420045554637909,0.004789411090314388,0.05898986756801605
kin8nm,dune_bayes,109,0.04267691820859909,0.005003783386200666,0.04768070578575134
kin8nm,dune_bayes,110,0.03863159939646721,0.005100499838590622,0.04373210296034813
kin8nm,dune_bayes,111,0.02971882000565529,0.004514776635915041,0.03423359617590904
kin8nm,dune_bayes,112,0.04135242477059364,0.00472838431596756,0.0460808090865612
kin8nm,dune_bayes,113,0.04332045465707779,0.0051062945276498795,0.04842674732208252
kin8nm,dune_bayes,114,0.042204614728689194,0.004812225699424744,0.04701684042811394
kin8nm,dune_bayes,115,0.05035371705889702,0.004835445899516344,0.055189166218042374
kin8nm,dune_bayes,116,0.03792939335107803,0.0057769156992435455,0.04370630905032158
kin8nm,dune_bayes,117,0.05243430659174919,0.004541147034615278,0.05697545409202576
kin8nm,dune_bayes,118,0.06570272892713547,0.004315789323300123,0.07001852244138718
kin8nm,dune_bayes,119,0.047880273312330246,0.004297170788049698,0.052177440375089645
kin8nm,dune_bayes,120,0.06365705281496048,0.004792914260178804,0.068449966609478
kin8nm,dune_bayes,121,0.0426274910569191,0.0054854704067111015,0.048112962394952774
kin8nm,dune_bayes,122,0.05867047235369682,0.003879460273310542,0.06254993379116058
kin8nm,dune_bayes,123,0.055292997509241104,0.005063336808234453,0.06035633385181427
kin8nm,dune_bayes,124,0.04319491982460022,0.005113572813570499,0.048308491706848145
kin8nm,dune_bayes,125,0.04621944576501846,0.004691526759415865,0.05091097578406334
kin8nm,dune_bayes,126,0.05979478731751442,0.0037725779693573713,0.06356737017631531
kin8nm,dune_bayes,127,0.04086564853787422,0.005251667927950621,0.04611731693148613
kin8nm,dune_bayes,128,0.04215091094374657,0.00480771716684103,0.04695862531661987
kin8nm,dune_bayes,129,0.035041652619838715,0.00472505996003747,0.039766713976860046
kin8nm,dune_bayes,130,0.037348512560129166,0.004629829432815313,0.04197834059596062
kin8nm,dune_bayes,131,0.06363088637590408,0.004112442955374718,0.06774333119392395
kin8nm,dune_bayes,132,0.036040596663951874,0.00402945326641202,0.040070049464702606
kin8nm,dune_bayes,133,0.0365036278963089,0.004521478433161974,0.041025109589099884
kin8nm,dune_bayes,134,0.04342439025640488,0.0037578053306788206,0.047182198613882065
kin8nm,dune_bayes,135,0.0510309562087059,0.005819872487336397,0.05685082823038101
kin8nm,dune_bayes,136,0.03722941130399704,0.0043121399357914925,0.04154155030846596
kin8nm,dune_bayes,137,0.07326847314834595,0.0044784024357795715,0.07774687558412552
kin8nm,dune_bayes,138,0.038458794355392456,0.004973436240106821,0.04343223199248314
kin8nm,dune_bayes,139,0.05328989028930664,0.004373577423393726,0.05766347050666809
kin8nm,dune_bayes,140,0.050341084599494934,0.005039163399487734,0.05538024753332138
kin8nm,dune_bayes,141,0.07029694318771362,0.0034648950677365065,0.07376183569431305
kin8nm,dune_bayes,142,0.0343918651342392,0.004348653368651867,0.03874051943421364
kin8nm,dune_bayes,143,0.032815273851156235,0.005211825482547283,0.03802710026502609
kin8nm,dune_bayes,144,0.05659237131476402,0.004689968191087246,0.06128234416246414
kin8nm,dune_bayes,145,0.04217390716075897,0.004768755752593279,0.04694266617298126
kin8nm,dune_bayes,146,0.0435185544192791,0.004101258236914873,0.047619812190532684
kin8nm,dune_bayes,147,0.06590982526540756,0.004539641551673412,0.07044947147369385
kin8nm,dune_bayes,148,0.03707607835531235,0.004145591985434294,0.04122167080640793
kin8nm,dune_bayes,149,0.043351102620363235,0.004504075273871422,0.047855179756879807
kin8nm,dune_bayes,150,0.04994416609406471,0.0034298342652618885,0.05337400361895561
kin8nm,dune_bayes,151,0.05153771862387657,0.004195289220660925,0.055733006447553635
kin8nm,dune_bayes,152,0.04051235690712929,0.006024366710335016,0.046536725014448166
kin8nm,dune_bayes,153,0.05954941362142563,0.0035829946864396334,0.06313241273164749
kin8nm,dune_bayes,154,0.05178089812397957,0.006326599512249231,0.05810749903321266
kin8nm,dune_bayes,155,0.044165123254060745,0.004347244277596474,0.04851236939430237
kin8nm,dune_bayes,156,0.06647152453660965,0.005583076272159815,0.07205460220575333
kin8nm,dune_bayes,157,0.06506050378084183,0.004566373769193888,0.06962688267230988
kin8nm,dune_bayes,158,0.032768696546554565,0.003965384792536497,0.03673408553004265
kin8nm,dune_bayes,159,0.05970278009772301,0.0033956810366362333,0.06309846043586731
kin8nm,dune_bayes,160,0.04280472546815872,0.005020827520638704,0.04782555252313614
kin8nm,dune_bayes,161,0.06381465494632721,0.004280228167772293,0.0680948868393898
kin8nm,dune_bayes,162,0.053364504128694534,0.0044028908014297485,0.057767391204833984
kin8nm,dune_bayes,163,0.030873088166117668,0.004104261752218008,0.034977346658706665
kin8nm,dune_bayes,164,0.045504841953516006,0.00348489498719573,0.048989735543727875
kin8nm,dune_bayes,165,0.031485509127378464,0.006878545042127371,0.03836405277252197
kin8nm,dune_bayes,166,0.052616916596889496,0.004565264098346233,0.057182181626558304
kin8nm,dune_bayes,167,0.049367763102054596,0.003547498257830739,0.05291526019573212
kin8nm,dune_bayes,168,0.034432247281074524,0.003986796364188194,0.03841904550790787
kin8nm,dune_bayes,169,0.07197368890047073,0.004344948101788759,0.0763186365365982
kin8nm,dune_bayes,170,0.053232885897159576,0.003524243598803878,0.0567571260035038
kin8nm,dune_bayes,171,0.03348228335380554,0.005232572555541992,0.038714855909347534
kin8nm,dune_bayes,172,0.04168796166777611,0.004323855042457581,0.04601181671023369
kin8nm,dune_bayes,173,0.06012239307165146,0.004818653222173452,0.06494104862213135
kin8nm,dune_bayes,174,0.05761943757534027,0.005349187646061182,0.06296862661838531
kin8nm,dune_bayes,175,0.03982117772102356,0.004256088752299547,0.04407726600766182
kin8nm,dune_bayes,176,0.03441877290606499,0.00553730595856905,0.039956074208021164
kin8nm,dune_bayes,177,0.05550861731171608,0.004320038016885519,0.05982865393161774
kin8nm,dune_bayes,178,0.03438363969326019,0.004082227125763893,0.03846586495637894
kin8nm,dune_bayes,179,0.0387880839407444,0.003906028810888529,0.04269411414861679
kin8nm,dune_bayes,180,0.06365421414375305,0.004576055333018303,0.0682302713394165
kin8nm,dune_bayes,181,0.050297416746616364,0.004769477993249893,0.05506689473986626
kin8nm,dune_bayes,182,0.05888795480132103,0.005928082391619682,0.06481604278087616
kin8nm,dune_bayes,183,0.038840483874082565,0.005061740055680275,0.04390222579240799
kin8nm,dune_bayes,184,0.05322708934545517,0.004343779757618904,0.057570867240428925
kin8nm,dune_bayes,185,0.06622729450464249,0.00411886116489768,0.0703461542725563
kin8nm,dune_bayes,186,0.03718861564993858,0.005104193463921547,0.04229280725121498
kin8nm,dune_bayes,187,0.04268677160143852,0.003970624413341284,0.04665739834308624
kin8nm,dune_bayes,188,0.03349420800805092,0.0053446185775101185,0.03883882611989975
kin8nm,dune_bayes,189,0.05920884385704994,0.003400975139811635,0.06260982155799866
kin8nm,dune_bayes,190,0.03884996101260185,0.004899316001683474,0.04374927654862404
kin8nm,dune_bayes,191,0.05300777405500412,0.005576604977250099,0.05858437716960907
kin8nm,dune_bayes,192,0.03544315695762634,0.0059969923458993435,0.04144015163183212
kin8nm,dune_bayes,193,0.05144670233130455,0.004473523702472448,0.055920228362083435
kin8nm,dune_bayes,194,0.03777141496539116,0.004379851743578911,0.04215126857161522
kin8nm,dune_bayes,195,0.045082252472639084,0.0033700575586408377,0.048452310264110565
kin8nm,dune_bayes,196,0.028009073808789253,0.005232053808867931,0.03324112668633461
kin8nm,dune_bayes,197,0.051134027540683746,0.002700891112908721,0.05383491516113281
kin8nm,dune_bayes,198,0.045128852128982544,0.0030673518776893616,0.048196204006671906
kin8nm,dune_bayes,199,0.029193073511123657,0.004871548153460026,0.03406462073326111
kin8nm,dune_bayes,200,0.06341569125652313,0.004532394465059042,0.06794808804988861
kin8nm,dune_bayes,201,0.0751504972577095,0.004644607659429312,0.07979510724544525
kin8nm,dune_bayes,202,0.05758292227983475,0.00474101398140192,0.06232393532991409
kin8nm,dune_bayes,203,0.0522950254380703,0.003933141473680735,0.056228164583444595
kin8nm,dune_bayes,204,0.035138681530952454,0.004710428416728973,0.03984910994768143
kin8nm,dune_bayes,205,0.03216468542814255,0.004697625990957022,0.036862313747406006
kin8nm,dune_bayes,206,0.04684516414999962,0.004449176602065563,0.051294341683387756
kin8nm,dune_bayes,207,0.048649005591869354,0.003551499219611287,0.05220050737261772
kin8nm,dune_bayes,208,0.05376679077744484,0.004025007598102093,0.05779179930686951
kin8nm,dune_bayes,209,0.0635901540517807,0.005987484939396381,0.0695776417851448
kin8nm,dune_bayes,210,0.057724080979824066,0.004025617614388466,0.06174969673156738
kin8nm,dune_bayes,211,0.03922833129763603,0.004457092843949795,0.0436854250729084
kin8nm,dune_bayes,212,0.05637912452220917,0.0037159034982323647,0.06009502708911896
kin8nm,dune_bayes,213,0.03577753156423569,0.0060501196421682835,0.041827648878097534
kin8nm,dune_bayes,214,0.031871046870946884,0.0041310726664960384,0.03600212186574936
kin8nm,dune_bayes,215,0.04598051309585571,0.004086383152753115,0.05006689578294754
kin8nm,dune_bayes,216,0.050803352147340775,0.004226647783070803,0.05502999946475029
kin8nm,dune_bayes,217,0.03856927156448364,0.0038097838405519724,0.04237905889749527
kin8nm,dune_bayes,218,0.04983403533697128,0.004162218887358904,0.0539962537586689
kin8nm,dune_bayes,219,0.03370977193117142,0.004090994596481323,0.03780076652765274
kin8nm,dune_bayes,220,0.06294722110033035,0.005154949147254229,0.06810217350721359
kin8nm,dune_bayes,221,0.03706292435526848,0.004347308538854122,0.041410233825445175
kin8nm,dune_bayes,222,0.0346723273396492,0.005180977750569582,0.0398533008992672
kin8nm,dune_bayes,223,0.049989067018032074,0.003719400381669402,0.05370846763253212
kin8nm,dune_bayes,224,0.04141692817211151,0.0048597827553749084,0.04627671092748642
kin8nm,dune_bayes,225,0.07643464207649231,0.004815822001546621,0.08125046640634537
kin8nm,dune_bayes,226,0.06595253199338913,0.004414186347275972,0.07036671042442322
kin8nm,dune_bayes,227,0.058440666645765305,0.004150802735239267,0.06259147077798843
kin8nm,dune_bayes,228,0.050459668040275574,0.005573485046625137,0.05603315308690071
kin8nm,dune_bayes,229,0.05662624165415764,0.005362911149859428,0.06198915094137192
kin8nm,dune_bayes,230,0.03349819779396057,0.005625192541629076,0.03912338986992836
kin8nm,dune_bayes,231,0.058211687952280045,0.005033799447119236,0.06324548274278641
kin8nm,dune_bayes,232,0.03329828754067421,0.004790500272065401,0.03808878734707832
kin8nm,dune_bayes,233,0.03379500284790993,0.004029975738376379,0.03782498091459274
kin8nm,dune_bayes,234,0.05164985731244087,0.0031698085367679596,0.05481966957449913
kin8nm,dune_bayes,235,0.04058985412120819,0.005452357232570648,0.04604221135377884
kin8nm,dune_bayes,236,0.06104250252246857,0.0036986374761909246,0.06474114209413528
kin8nm,dune_bayes,237,0.049519624561071396,0.004306561779230833,0.05382618308067322
kin8nm,dune_bayes,238,0.04206747189164162,0.004397701472043991,0.04646517336368561
kin8nm,dune_bayes,239,0.05744938924908638,0.0037486806977540255,0.061198070645332336
kin8nm,dune_bayes,240,0.04175683110952377,0.004059794824570417,0.04581662639975548
kin8nm,dune_bayes,241,0.06038771942257881,0.0034727270249277353,0.0638604462146759
kin8nm,dune_bayes,242,0.036846548318862915,0.004294757731258869,0.04114130511879921
kin8nm,dune_bayes,243,0.051048703491687775,0.0038250903598964214,0.05487379431724548
kin8nm,dune_bayes,244,0.03827333450317383,0.0036674505099654198,0.04194078594446182
kin8nm,dune_bayes,245,0.03421277180314064,0.005450029391795397,0.03966280072927475
kin8nm,dune_bayes,246,0.04895130544900894,0.004086240194737911,0.05303754657506943
kin8nm,dune_bayes,247,0.05075729265809059,0.0060768709518015385,0.05683416128158569
kin8nm,dune_bayes,248,0.04237128794193268,0.0051223523914813995,0.04749364033341408
kin8nm,dune_bayes,249,0.07002144306898117,0.003994100261479616,0.0740155503153801
kin8nm,dune_bayes,250,0.04556407406926155,0.004070587456226349,0.0496346615254879
kin8nm,dune_bayes,251,0.0449226014316082,0.004483721684664488,0.04940631985664368
kin8nm,dune_bayes,252,0.04670168459415436,0.0041296216659247875,0.05083130672574043
kin8nm,dune_bayes,253,0.0586114227771759,0.004181133583188057,0.06279255449771881
kin8nm,dune_bayes,254,0.04590009152889252,0.0035486326087266207,0.04944872111082077
kin8nm,dune_bayes,255,0.07495658099651337,0.005786252673715353,0.08074283599853516
kin8nm,dune_bayes,256,0.05989645794034004,0.003929929807782173,0.06382638961076736
kin8nm,dune_bayes,257,0.034422244876623154,0.0035053177271038294,0.03792756423354149
kin8nm,dune_bayes,258,0.0484558641910553,0.004922922234982252,0.05337878689169884
kin8nm,dune_bayes,259,0.048802439123392105,0.0047693862579762936,0.05357182398438454
kin8nm,dune_bayes,260,0.03278210386633873,0.005090444814413786,0.0378725491464138
kin8nm,dune_bayes,261,0.039896827191114426,0.0032541777472943068,0.04315100237727165
kin8nm,dune_bayes,262,0.06642214208841324,0.004076454322785139,0.07049859315156937
kin8nm,dune_bayes,263,0.04225412383675575,0.0036050728522241116,0.0458591990172863
kin8nm,dune_bayes,264,0.05275033041834831,0.0049872067756950855,0.05773753672838211
kin8nm,dune_bayes,265,0.05982773005962372,0.003177463077008724,0.06300519406795502
kin8nm,dune_bayes,266,0.07218002527952194,0.004300469066947699,0.07648050040006638
kin8nm,dune_bayes,267,0.053953539580106735,0.004206635989248753,0.05816017463803291
kin8nm,dune_bayes,268,0.04237600043416023,0.004466529004275799,0.046842530369758606
kin8nm,dune_bayes,269,0.05056486278772354,0.0038002089131623507,0.054365068674087524
kin8nm,dune_bayes,270,0.047340527176856995,0.0034090366680175066,0.05074956640601158
kin8nm,dune_bayes,271,0.04218432307243347,0.0034471305552870035,0.04563145339488983
kin8nm,dune_bayes,272,0.049110494554042816,0.004390852525830269,0.053501348942518234
kin8nm,dune_bayes,273,0.028916427865624428,0.004463663324713707,0.033380091190338135
kin8nm,dune_bayes,274,0.06703947484493256,0.004010356962680817,0.07104983925819397
kin8nm,dune_bayes,275,0.033669959753751755,0.005228831898421049,0.03889879211783409
kin8nm,dune_bayes,276,0.05570661276578903,0.004080953076481819,0.059787567704916
kin8nm,dune_bayes,277,0.049298930913209915,0.003979647532105446,0.05327857658267021
kin8nm,dune_bayes,278,0.04422004893422127,0.004763838369399309,0.04898388683795929
kin8nm,dune_bayes,279,0.04898406192660332,0.00581515533849597,0.054799214005470276
kin8nm,dune_bayes,280,0.02912209928035736,0.005272882990539074,0.03439497947692871
kin8nm,dune_bayes,281,0.051059067249298096,0.00547798303887248,0.056537047028541565
kin8nm,dune_bayes,282,0.05610717087984085,0.005356116220355034,0.061463285237550735
kin8nm,dune_bayes,283,0.05827401578426361,0.00491309305652976,0.06318710744380951
kin8nm,dune_bayes,284,0.05567079037427902,0.003934249747544527,0.05960503965616226
kin8nm,dune_bayes,285,0.03726779669523239,0.004701623227447271,0.0419694185256958
kin8nm,dune_bayes,286,0.03682948276400566,0.0034477650187909603,0.04027725011110306
kin8nm,dune_bayes,287,0.035790394991636276,0.0048994459211826324,0.04068984091281891
kin8nm,dune_bayes,288,0.034594811499118805,0.004761658608913422,0.039356473833322525
kin8nm,dune_bayes,289,0.06355145573616028,0.004103533923625946,0.06765498965978622
kin8nm,dune_bayes,290,0.03928644210100174,0.004877653904259205,0.04416409134864807
kin8nm,dune_bayes,291,0.03880244493484497,0.00439940532669425,0.04320185258984566
kin8nm,dune_bayes,292,0.03783589228987694,0.005109340883791447,0.04294523224234581
kin8nm,dune_bayes,293,0.04869728535413742,0.0047151618637144566,0.05341244488954544
kin8nm,dune_bayes,294,0.06822740286588669,0.004916748031973839,0.07314414530992508
kin8nm,dune_bayes,295,0.03856690973043442,0.004052442964166403,0.04261935129761696
kin8nm,dune_bayes,296,0.03846298158168793,0.004006637260317802,0.04246962070465088
kin8nm,dune_bayes,297,0.03618738427758217,0.005338950082659721,0.04152633622288704
kin8nm,dune_bayes,298,0.047378238290548325,0.005274402908980846,0.05265263840556145
kin8nm,dune_bayes,299,0.0364874005317688,0.0053029186092317104,0.04179031774401665
kin8nm,dune_bayes,300,0.05401669070124626,0.004222196526825428,0.058238886296749115
kin8nm,dune_bayes,301,0.06093500554561615,0.004116949625313282,0.06505195051431656
kin8nm,dune_bayes,302,0.06114867329597473,0.005209293216466904,0.06635797023773193
kin8nm,dune_bayes,303,0.03934364393353462,0.004681618418544531,0.04402526095509529
kin8nm,dune_bayes,304,0.060224615037441254,0.00462705921381712,0.06485167890787125
kin8nm,dune_bayes,305,0.03753390163183212,0.004538341891020536,0.04207224398851395
kin8nm,dune_bayes,306,0.04416731372475624,0.0041560702957212925,0.048323389142751694
kin8nm,dune_bayes,307,0.06393647938966751,0.005094400141388178,0.06903088092803955
kin8nm,dune_bayes,308,0.04701615497469902,0.004819702822715044,0.05183585733175278
kin8nm,dune_bayes,309,0.04422591254115105,0.0037939518224447966,0.04801986366510391
kin8nm,dune_bayes,310,0.03793790191411972,0.00590131850913167,0.0438392236828804
kin8nm,dune_bayes,311,0.03769953176379204,0.004509414080530405,0.042208947241306305
kin8nm,dune_bayes,312,0.06479228287935257,0.004652371630072594,0.06944464892148972
kin8nm,dune_bayes,313,0.03775497153401375,0.004855121951550245,0.04261009395122528
kin8nm,dune_bayes,314,0.03736523911356926,0.004882491193711758,0.04224773123860359
kin8nm,dune_bayes,315,0.04338918998837471,0.005082411225885153,0.048471599817276
kin8nm,dune_bayes,316,0.03824856877326965,0.0050214179791510105,0.043269988149404526
kin8nm,dune_bayes,317,0.04189642518758774,0.004173519555479288,0.04606994241476059
kin8nm,dune_bayes,318,0.05421596020460129,0.004487485624849796,0.05870344489812851
kin8nm,dune_bayes,319,0.039201606065034866,0.006702715530991554,0.04590431973338127
kin8nm,dune_bayes,320,0.07187136262655258,0.0050847227685153484,0.07695608586072922
kin8nm,dune_bayes,321,0.0478702038526535,0.0045556300319731236,0.05242583155632019
kin8nm,dune_bayes,322,0.04037080332636833,0.003669207915663719,0.0440400131046772
kin8nm,dune_bayes,323,0.05579439178109169,0.003520675003528595,0.059315070509910583
kin8nm,dune_bayes,324,0.062324319034814835,0.005334628280252218,0.06765894591808319
kin8nm,dune_bayes,325,0.056865621358156204,0.004321201704442501,0.06118682399392128
kin8nm,dune_bayes,326,0.06022925674915314,0.004108086694031954,0.0643373429775238
kin8nm,dune_bayes,327,0.0416656918823719,0.004524849820882082,0.0461905412375927
kin8nm,dune_bayes,328,0.04697319492697716,0.0034977542236447334,0.050470948219299316
kin8nm,dune_bayes,329,0.06648314744234085,0.0056344931945204735,0.0721176415681839
kin8nm,dune_bayes,330,0.035523079335689545,0.003114325925707817,0.03863740712404251
kin8nm,dune_bayes,331,0.06178229674696922,0.005751253571361303,0.06753355264663696
kin8nm,dune_bayes,332,0.042868830263614655,0.004343479406088591,0.04721231013536453
kin8nm,dune_bayes,333,0.05254123732447624,0.004613344557583332,0.057154580950737
kin8nm,dune_bayes,334,0.04422638937830925,0.00384342297911644,0.04806980863213539
kin8nm,dune_bayes,335,0.05775052681565285,0.005241741426289082,0.06299226731061935
kin8nm,dune_bayes,336,0.029069053009152412,0.004842067137360573,0.033911120146512985
kin8nm,dune_bayes,337,0.03596153482794762,0.004873535595834255,0.040835071355104446
kin8nm,dune_bayes,338,0.03976907581090927,0.002758198883384466,0.042527273297309875
kin8nm,dune_bayes,339,0.05155940726399422,0.0038456933107227087,0.05540509894490242
kin8nm,dune_bayes,340,0.045207858085632324,0.00396757060661912,0.04917542636394501
kin8nm,dune_bayes,341,0.0651264637708664,0.004532205872237682,0.06965866684913635
kin8nm,dune_bayes,342,0.04654201865196228,0.005934343207627535,0.05247636139392853
kin8nm,dune_bayes,343,0.05271025374531746,0.003731610020622611,0.056441862136125565
kin8nm,dune_bayes,344,0.0633196085691452,0.004198154434561729,0.06751776486635208
kin8nm,dune_bayes,345,0.049263257533311844,0.004290132317692041,0.05355338752269745
kin8nm,dune_bayes,346,0.03546025976538658,0.0042063347063958645,0.03966659680008888
kin8nm,dune_bayes,347,0.031521230936050415,0.004903516266494989,0.03642474487423897
kin8nm,dune_bayes,348,0.046070538461208344,0.0027790816966444254,0.04884961619973183
kin8nm,dune_bayes,349,0.05580385774374008,0.0052101705223321915,0.06101403012871742
kin8nm,dune_bayes,350,0.04053366556763649,0.005600589327514172,0.04613425210118294
kin8nm,dune_bayes,351,0.04376312345266342,0.00423447834327817,0.047997601330280304
kin8nm,dune_bayes,352,0.034227918833494186,0.004605017136782408,0.03883293271064758
kin8nm,dune_bayes,353,0.06695862114429474,0.0035258119460195303,0.07048443704843521
kin8nm,dune_bayes,354,0.06774041056632996,0.004676842596381903,0.072417251765728
kin8nm,dune_bayes,355,0.06289657950401306,0.004930899478495121,0.06782747805118561
kin8nm,dune_bayes,356,0.04498151317238808,0.004244698677212,0.04922621324658394
kin8nm,dune_bayes,357,0.042059484869241714,0.005584912374615669,0.047644395381212234
kin8nm,dune_bayes,358,0.048747360706329346,0.004164807498455048,0.05291216820478439
kin8nm,dune_bayes,359,0.06260711699724197,0.0036416032817214727,0.06624872237443924
kin8nm,dune_bayes,360,0.06072356924414635,0.005207898560911417,0.06593146920204163
kin8nm,dune_bayes,361,0.06887057423591614,0.0043335361406207085,0.07320410758256912
kin8nm,dune_bayes,362,0.05098443105816841,0.004288069903850555,0.055272504687309265
kin8nm,dune_bayes,363,0.06838791072368622,0.004570407792925835,0.0729583129286766
kin8nm,dune_bayes,364,0.03635670989751816,0.005080981180071831,0.04143769294023514
kin8nm,dune_bayes,365,0.055807165801525116,0.005437702871859074,0.061244867742061615
kin8nm,dune_bayes,366,0.058088552206754684,0.004963964223861694,0.06305251270532608
kin8nm,dune_bayes,367,0.03856930509209633,0.0035239215940237045,0.04209322854876518
kin8nm,dune_bayes,368,0.06532025337219238,0.005474669858813286,0.07079492509365082
kin8nm,dune_bayes,369,0.03461848199367523,0.005382710136473179,0.040001191198825836
kin8nm,dune_bayes,370,0.031142624095082283,0.003795990254729986,0.034938614815473557
kin8nm,dune_bayes,371,0.054591089487075806,0.0040293531492352486,0.05862044543027878
kin8nm,dune_bayes,372,0.046010155230760574,0.0035159240942448378,0.04952608048915863
kin8nm,dune_bayes,373,0.05555349960923195,0.004794825799763203,0.06034832447767258
kin8nm,dune_bayes,374,0.04273981600999832,0.003945233765989542,0.046685054898262024
kin8nm,dune_bayes,375,0.043887246400117874,0.004441175609827042,0.048328422009944916
kin8nm,dune_bayes,376,0.050800129771232605,0.005064076278358698,0.055864203721284866
kin8nm,dune_bayes,377,0.05487537384033203,0.004435313865542412,0.05931068956851959
kin8nm,dune_bayes,378,0.05074688419699669,0.004713795147836208,0.05546068027615547
kin8nm,dune_bayes,379,0.06481508165597916,0.004039110615849495,0.0688541978597641
kin8nm,dune_bayes,380,0.03792614862322807,0.0055043357424438,0.04343048110604286
kin8nm,dune_bayes,381,0.03653893247246742,0.004331087227910757,0.04087001830339432
kin8nm,dune_bayes,382,0.028266947716474533,0.0049580675549805164,0.03322501480579376
kin8nm,dune_bayes,383,0.060883741825819016,0.005431460682302713,0.06631520390510559
kin8nm,dune_bayes,384,0.056563008576631546,0.0035719810985028744,0.06013499200344086
kin8nm,dune_bayes,385,0.0623747818171978,0.004531731363385916,0.06690651178359985
kin8nm,dune_bayes,386,0.05291994288563728,0.00424060458317399,0.057160548865795135
kin8nm,dune_bayes,387,0.045423705130815506,0.005151609890162945,0.050575315952301025
kin8nm,dune_bayes,388,0.053562961518764496,0.0030899574048817158,0.05665292218327522
kin8nm,dune_bayes,389,0.04295313358306885,0.00434159766882658,0.047294732183218
kin8nm,dune_bayes,390,0.051315292716026306,0.003501840168610215,0.054817136377096176
kin8nm,dune_bayes,391,0.03915604576468468,0.005973974242806435,0.04513001814484596
kin8nm,dune_bayes,392,0.03912189230322838,0.0041107600554823875,0.04323265329003334
kin8nm,dune_bayes,393,0.057273056358098984,0.004312087781727314,0.06158514320850372
kin8nm,dune_bayes,394,0.05153346434235573,0.004941584542393684,0.05647504702210426
kin8nm,dune_bayes,395,0.045463141053915024,0.004497671965509653,0.04996081069111824
kin8nm,dune_bayes,396,0.033470217138528824,0.0049552046693861485,0.038425423204898834
kin8nm,dune_bayes,397,0.030362162739038467,0.004424985032528639,0.034787148237228394
kin8nm,dune_bayes,398,0.04191315174102783,0.003952291794121265,0.04586544632911682
kin8nm,dune_bayes,399,0.06307726353406906,0.004670373629778624,0.06774763017892838
kin8nm,dune_bayes,400,0.03911773860454559,0.005692358128726482,0.04481009766459465
kin8nm,dune_bayes,401,0.04867728427052498,0.004350797738879919,0.053028080612421036
kin8nm,dune_bayes,402,0.05951020494103432,0.004298623651266098,0.06380882859230042
kin8nm,dune_bayes,403,0.04273798316717148,0.004664403852075338,0.047402385622262955
kin8nm,dune_bayes,404,0.04310302063822746,0.00458993436768651,0.04769295081496239
kin8nm,dune_bayes,405,0.06396078318357468,0.004674239084124565,0.06863502413034439
kin8nm,dune_bayes,406,0.039009273052215576,0.005039245821535587,0.04404851794242859
kin8nm,dune_bayes,407,0.042431484907865524,0.0035970222670584917,0.0460285060107708
kin8nm,dune_bayes,408,0.0351111926138401,0.005394408013671637,0.04050559923052788
kin8nm,dune_bayes,409,0.06520365923643112,0.004689202178269625,0.06989285349845886
kin8nm,dune_bayes,410,0.05954267829656601,0.004244799260050058,0.06378748267889023
kin8nm,dune_bayes,411,0.04795963317155838,0.004638324491679668,0.05259795859456062
kin8nm,dune_bayes,412,0.05220969766378403,0.004842687863856554,0.057052385061979294
kin8nm,dune_bayes,413,0.039482809603214264,0.003982141613960266,0.04346495121717453
kin8nm,dune_bayes,414,0.05839663743972778,0.004322652705013752,0.06271929293870926
kin8nm,dune_bayes,415,0.052844468504190445,0.005063197575509548,0.05790766701102257
kin8nm,dune_bayes,416,0.03154142200946808,0.005235722288489342,0.03677714243531227
kin8nm,dune_bayes,417,0.028339790180325508,0.0047598062083125114,0.033099595457315445
kin8nm,dune_bayes,418,0.039183273911476135,0.004170960281044245,0.04335423558950424
kin8nm,dune_bayes,419,0.055697180330753326,0.003863048041239381,0.059560224413871765
kin8nm,dune_bayes,420,0.03601349890232086,0.005173159763216972,0.041186656802892685
kin8nm,dune_bayes,421,0.057445790618658066,0.003298174124211073,0.060743965208530426
kin8nm,dune_bayes,422,0.05244335159659386,0.004713766742497683,0.057157114148139954
kin8nm,dune_bayes,423,0.06696788221597672,0.005452507175505161,0.0724203959107399
kin8nm,dune_bayes,424,0.04809338226914406,0.004326999187469482,0.05242038145661354
kin8nm,dune_bayes,425,0.048845984041690826,0.004198371432721615,0.053044356405735016
kin8nm,dune_bayes,426,0.05345695838332176,0.004892086144536734,0.058349043130874634
kin8nm,dune_bayes,427,0.037059079855680466,0.003994183614850044,0.04105326160788536
kin8nm,dune_bayes,428,0.04537951201200485,0.0040987213142216206,0.049478232860565186
kin8nm,dune_bayes,429,0.040675800293684006,0.006252962630242109,0.046928759664297104
kin8nm,dune_bayes,430,0.0546858049929142,0.004311604890972376,0.05899741128087044
kin8nm,dune_bayes,431,0.06783253699541092,0.0036652868147939444,0.0714978277683258
kin8nm,dune_bayes,432,0.037833068519830704,0.003797822631895542,0.04163089394569397
kin8nm,dune_bayes,433,0.0659107193350792,0.0057485876604914665,0.07165930420160294
kin8nm,dune_bayes,434,0.06860089302062988,0.004189925733953714,0.07279082387685776
kin8nm,dune_bayes,435,0.046707477420568466,0.00479224044829607,0.05149972066283226
kin8nm,dune_bayes,436,0.03351382166147232,0.004254508763551712,0.03776833042502403
kin8nm,dune_bayes,437,0.05336982384324074,0.004807309713214636,0.05817713588476181
kin8nm,dune_bayes,438,0.05520272254943848,0.00451565720140934,0.05971837788820267
kin8nm,dune_bayes,439,0.05476664379239082,0.0047721113078296185,0.05953875556588173
kin8nm,dune_bayes,440,0.04669642448425293,0.0036796287167817354,0.050376053899526596
kin8nm,dune_bayes,441,0.03588758409023285,0.0064795250073075294,0.042367108166217804
kin8nm,dune_bayes,442,0.051156263798475266,0.004025856498628855,0.055182117968797684
kin8nm,dune_bayes,443,0.05510750412940979,0.003953711595386267,0.059061214327812195
kin8nm,dune_bayes,444,0.03196454793214798,0.004104517865926027,0.03606906533241272
kin8nm,dune_bayes,445,0.034792762249708176,0.00411471351981163,0.038907479494810104
kin8nm,dune_bayes,446,0.048611830919981,0.006188021972775459,0.05479985103011131
kin8nm,dune_bayes,447,0.044806309044361115,0.0034601904917508364,0.04826649650931358
kin8nm,dune_bayes,448,0.05556419491767883,0.003753580152988434,0.05931777507066727
kin8nm,dune_bayes,449,0.03614648059010506,0.004275125451385975,0.04042160511016846
kin8nm,dune_bayes,450,0.05407590791583061,0.00555505882948637,0.05963096767663956
kin8nm,dune_bayes,451,0.04910667985677719,0.005020868498831987,0.05412755161523819
kin8nm,dune_bayes,452,0.04371282085776329,0.004534569568932056,0.04824738949537277
kin8nm,dune_bayes,453,0.037948086857795715,0.0034432443790137768,0.04139133170247078
kin8nm,dune_bayes,454,0.06338905543088913,0.004760718904435635,0.06814977526664734
kin8nm,dune_bayes,455,0.04975033923983574,0.0035499511286616325,0.053300291299819946
kin8nm,dune_bayes,456,0.038918301463127136,0.0041689323261380196,0.04308723285794258
kin8nm,dune_bayes,457,0.06457211822271347,0.005202035885304213,0.06977415084838867
kin8nm,dune_bayes,458,0.04947168380022049,0.0043786754831671715,0.053850360214710236
kin8nm,dune_bayes,459,0.050932060927152634,0.004556233529001474,0.05548829585313797
kin8nm,dune_bayes,460,0.06263627856969833,0.0036727015394717455,0.06630898267030716
kin8nm,dune_bayes,461,0.04784414917230606,0.005969358142465353,0.05381350964307785
kin8nm,dune_bayes,462,0.041688282042741776,0.0043140738271176815,0.046002358198165894
kin8nm,dune_bayes,463,0.03241576626896858,0.0049052792601287365,0.03732104226946831
kin8nm,dune_bayes,464,0.05229252576828003,0.0055128466337919235,0.057805370539426804
kin8nm,dune_bayes,465,0.0488256961107254,0.0046417247503995895,0.05346742272377014
kin8nm,dune_bayes,466,0.048513270914554596,0.005122712813317776,0.053635984659194946
kin8nm,dune_bayes,467,0.03776519000530243,0.004535906482487917,0.04230109602212906
kin8nm,dune_bayes,468,0.056035954505205154,0.004374569281935692,0.060410525649785995
kin8nm,dune_bayes,469,0.046176861971616745,0.004475801717489958,0.05065266415476799
kin8nm,dune_bayes,470,0.058208733797073364,0.004223931580781937,0.0624326653778553
kin8nm,dune_bayes,471,0.05600358173251152,0.004798307083547115,0.06080188974738121
kin8nm,dune_bayes,472,0.057193368673324585,0.005042651668190956,0.06223602220416069
kin8nm,dune_bayes,473,0.054677363485097885,0.0036065487656742334,0.058283913880586624
kin8nm,dune_bayes,474,0.026598414406180382,0.004933550022542477,0.031531963497400284
kin8nm,dune_bayes,475,0.06699590384960175,0.0043310606852173805,0.07132696360349655
kin8nm,dune_bayes,476,0.039423685520887375,0.005161145236343145,0.04458482936024666
kin8nm,dune_bayes,477,0.027287056669592857,0.004225127398967743,0.03151218593120575
kin8nm,dune_bayes,478,0.033717043697834015,0.004811374470591545,0.03852842003107071
kin8nm,dune_bayes,479,0.06230740621685982,0.0037345250602811575,0.06604193150997162
kin8nm,dune_bayes,480,0.03964633867144585,0.004461475182324648,0.04410781338810921
kin8nm,dune_bayes,481,0.05721404403448105,0.004817509558051825,0.06203155219554901
kin8nm,dune_bayes,482,0.045340824872255325,0.005681179463863373,0.0510220006108284
kin8nm,dune_bayes,483,0.03328206390142441,0.0044856262393295765,0.037767693400382996
kin8nm,dune_bayes,484,0.06797013431787491,0.003851659130305052,0.07182179391384125
kin8nm,dune_bayes,485,0.067405104637146,0.0038202893920242786,0.07122538983821869
kin8nm,dune_bayes,486,0.051976773887872696,0.004380698781460524,0.05635746940970421
kin8nm,dune_bayes,487,0.04037429392337799,0.005322268698364496,0.04569656401872635
kin8nm,dune_bayes,488,0.03688105195760727,0.005218319594860077,0.042099371552467346
kin8nm,dune_bayes,489,0.04196428880095482,0.005399101413786411,0.047363389283418655
kin8nm,dune_bayes,490,0.03931653872132301,0.0048108184710145,0.04412735626101494
kin8nm,dune_bayes,491,0.05239412188529968,0.0034601364750415087,0.05585425719618797
kin8nm,dune_bayes,492,0.0504508912563324,0.003470892319455743,0.053921785205602646
kin8nm,dune_bayes,493,0.03546793758869171,0.005244083236902952,0.04071202129125595
kin8nm,dune_bayes,494,0.038150604814291,0.005768693517893553,0.04391929879784584
kin8nm,dune_bayes,495,0.04595797136425972,0.004166518338024616,0.05012449249625206
kin8nm,dune_bayes,496,0.04994478076696396,0.004662264138460159,0.05460704490542412
kin8nm,dune_bayes,497,0.0497044213116169,0.005272570997476578,0.054976992309093475
kin8nm,dune_bayes,498,0.04383837431669235,0.006269488018006086,0.050107862800359726
kin8nm,dune_bayes,499,0.04155654460191727,0.004726956132799387,0.04628349840641022
kin8nm,dune_bayes,500,0.03697869926691055,0.005111136008054018,0.042089834809303284
kin8nm,dune_bayes,501,0.05049395561218262,0.005325310863554478,0.05581926181912422
kin8nm,dune_bayes,502,0.035456541925668716,0.004694152623414993,0.04015069454908371
kin8nm,dune_bayes,503,0.04858149215579033,0.004731909837573767,0.053313400596380234
kin8nm,dune_bayes,504,0.06150348484516144,0.0043284655548632145,0.06583195179700851
kin8nm,dune_bayes,505,0.037684403359889984,0.005450923461467028,0.043135326355695724
kin8nm,dune_bayes,506,0.0441279374063015,0.0037728208117187023,0.04790075868368149
kin8nm,dune_bayes,507,0.03414751961827278,0.0043933154083788395,0.03854083642363548
kin8nm,dune_bayes,508,0.06322354823350906,0.004364260472357273,0.06758781522512436
kin8nm,dune_bayes,509,0.05400655418634415,0.004499626345932484,0.058506183326244354
kin8nm,dune_bayes,510,0.0383540615439415,0.0038091938477009535,0.04216325283050537
kin8nm,dune_bayes,511,0.035170361399650574,0.00474941311404109,0.03991977497935295
kin8nm,dune_bayes,512,0.03476860746741295,0.005150774028152227,0.039919380098581314
kin8nm,dune_bayes,513,0.05081123858690262,0.004417025949805975,0.05522826313972473
kin8nm,dune_bayes,514,0.048316776752471924,0.004885687958449125,0.053202468901872635
kin8nm,dune_bayes,515,0.06955315172672272,0.004021752625703812,0.07357490807771683
kin8nm,dune_bayes,516,0.05225705727934837,0.003923772368580103,0.05618083104491234
kin8nm,dune_bayes,517,0.07477813214063644,0.004356514196842909,0.07913464307785034
kin8nm,dune_bayes,518,0.059618812054395676,0.003734810743480921,0.06335362046957016
kin8nm,dune_bayes,519,0.037492815405130386,0.00481368275359273,0.04230649769306183
kin8nm,dune_bayes,520,0.036824971437454224,0.003814307739958167,0.040639277547597885
kin8nm,dune_bayes,521,0.03792241960763931,0.003476032754406333,0.04139845445752144
kin8nm,dune_bayes,522,0.036642905324697495,0.00433387653902173,0.040976785123348236
kin8nm,dune_bayes,523,0.053446728736162186,0.0037334999069571495,0.05718022957444191
kin8nm,dune_bayes,524,0.060284603387117386,0.004612005315721035,0.0648966059088707
kin8nm,dune_bayes,525,0.06155064329504967,0.0045284731313586235,0.06607911735773087
kin8nm,dune_bayes,526,0.04386434704065323,0.004413991700857878,0.048278339207172394
kin8nm,dune_bayes,527,0.06053992733359337,0.004625084809958935,0.06516501307487488
kin8nm,dune_bayes,528,0.055272042751312256,0.003734295256435871,0.05900633707642555
kin8nm,dune_bayes,529,0.04104262590408325,0.00482399296015501,0.04586661607027054
kin8nm,dune_bayes,530,0.05688309669494629,0.00642353156581521,0.06330662965774536
kin8nm,dune_bayes,531,0.03244342282414436,0.005512632429599762,0.037956055253744125
kin8nm,dune_bayes,532,0.06572142243385315,0.005035796668380499,0.07075722515583038
kin8nm,dune_bayes,533,0.062276583164930344,0.003237418131902814,0.06551400572061539
kin8nm,dune_bayes,534,0.06308548897504807,0.004767154343426228,0.06785263866186142
kin8nm,dune_bayes,535,0.04583658650517464,0.005031166132539511,0.050867751240730286
kin8nm,dune_bayes,536,0.06874728947877884,0.005670744925737381,0.07441803067922592
kin8nm,dune_bayes,537,0.03381642326712608,0.004270139150321484,0.03808655962347984
kin8nm,dune_bayes,538,0.07695071399211884,0.00488046882674098,0.0818311795592308
kin8nm,dune_bayes,539,0.060891397297382355,0.004421117249876261,0.06531251221895218
kin8nm,dune_bayes,540,0.0488409698009491,0.004972020164132118,0.053812988102436066
kin8nm,dune_bayes,541,0.04074981436133385,0.0044623673893511295,0.04521218314766884
kin8nm,dune_bayes,542,0.034708328545093536,0.0039011703338474035,0.03860950097441673
kin8nm,dune_bayes,543,0.0507204607129097,0.005217194091528654,0.05593765527009964
kin8nm,dune_bayes,544,0.056619737297296524,0.005252597853541374,0.06187233701348305
kin8nm,dune_bayes,545,0.055093731731176376,0.003713743295520544,0.05880747362971306
kin8nm,dune_bayes,546,0.045961715281009674,0.004709296394139528,0.050671011209487915
kin8nm,dune_bayes,547,0.04553825408220291,0.004150280263274908,0.04968853294849396
kin8nm,dune_bayes,548,0.053395844995975494,0.00393077963963151,0.05732662230730057
kin8nm,dune_bayes,549,0.05539976805448532,0.004487512167543173,0.05988728255033493
kin8nm,dune_bayes,550,0.05401172488927841,0.004378794692456722,0.05839052051305771
kin8nm,dune_bayes,551,0.040541987866163254,0.004033164586871862,0.04457515478134155
kin8nm,dune_bayes,552,0.0387008972465992,0.004827919416129589,0.04352881759405136
kin8nm,dune_bayes,553,0.05233097821474075,0.004862320143729448,0.057193294167518616
kin8nm,dune_bayes,554,0.06096911430358887,0.005763293243944645,0.06673240661621094
kin8nm,dune_bayes,555,0.04508205130696297,0.0035486859269440174,0.0486307367682457
kin8nm,dune_bayes,556,0.049149516969919205,0.0037080899346619844,0.05285760760307312
kin8nm,dune_bayes,557,0.054489616304636,0.004398114047944546,0.05888773128390312
kin8nm,dune_bayes,558,0.03750497102737427,0.005616254638880491,0.043121226131916046
kin8nm,dune_bayes,559,0.05778288468718529,0.005423440132290125,0.06320632249116898
kin8nm,dune_bayes,560,0.028160592541098595,0.00409467751160264,0.03225526958703995
kin8nm,dune_bayes,561,0.05578092858195305,0.006477952469140291,0.06225888058543205
kin8nm,dune_bayes,562,0.03703010454773903,0.005608999170362949,0.042639102786779404
kin8nm,dune_bayes,563,0.045547451823949814,0.0033670333214104176,0.048914480954408646
kin8nm,dune_bayes,564,0.054301515221595764,0.0038091177120804787,0.05811063200235367
kin8nm,dune_bayes,565,0.04642670601606369,0.0035250834189355373,0.049951791763305664
kin8nm,dune_bayes,566,0.030786996707320213,0.0052184839732944965,0.03600547835230827
kin8nm,dune_bayes,567,0.054629210382699966,0.004994705785065889,0.05962391197681427
kin8nm,dune_bayes,568,0.05844609811902046,0.0034553275909274817,0.06190142780542374
kin8nm,dune_bayes,569,0.04104466363787651,0.0048359655775129795,0.04588063061237335
kin8nm,dune_bayes,570,0.06397417187690735,0.006653261370956898,0.07062742859125137
kin8nm,dune_bayes,571,0.03838016465306282,0.004511747509241104,0.042891912162303925
kin8nm,dune_bayes,572,0.03939659148454666,0.005109066609293222,0.044505659490823746
kin8nm,dune_bayes,573,0.05813296139240265,0.004116075579077005,0.062249038368463516
kin8nm,dune_bayes,574,0.03382714465260506,0.00559881841763854,0.039425965398550034
kin8nm,dune_bayes,575,0.04993032291531563,0.004643863067030907,0.054574187844991684
kin8nm,dune_bayes,576,0.04707524552941322,0.00443912111222744,0.05151436850428581
kin8nm,dune_bayes,577,0.04126402363181114,0.003919724840670824,0.04518375173211098
kin8nm,dune_bayes,578,0.04240497946739197,0.0038254214450716972,0.04623040184378624
kin8nm,dune_bayes,579,0.037849295884370804,0.00413848739117384,0.04198778420686722
kin8nm,dune_bayes,580,0.04820870980620384,0.004138864576816559,0.0523475743830204
kin8nm,dune_bayes,581,0.04252726584672928,0.003743429435417056,0.046270694583654404
kin8nm,dune_bayes,582,0.04083001986145973,0.0051204427145421505,0.04595046117901802
kin8nm,dune_bayes,583,0.051655903458595276,0.004639217630028725,0.05629511922597885
kin8nm,dune_bayes,584,0.05782750993967056,0.005071795545518398,0.06289930641651154
kin8nm,dune_bayes,585,0.04930980131030083,0.004350712988525629,0.05366051197052002
kin8nm,dune_bayes,586,0.06168930605053902,0.003895178437232971,0.06558448821306229
kin8nm,dune_bayes,587,0.03745583817362785,0.0032134330831468105,0.0406692735850811
kin8nm,dune_bayes,588,0.042362112551927567,0.004100678954273462,0.04646278917789459
kin8nm,dune_bayes,589,0.032186832278966904,0.0045307110995054245,0.03671754151582718
kin8nm,dune_bayes,590,0.05087439715862274,0.002961949212476611,0.05383634567260742
kin8nm,dune_bayes,591,0.04161420091986656,0.00348452664911747,0.04509872570633888
kin8nm,dune_bayes,592,0.05281568691134453,0.0035560494288802147,0.05637173727154732
kin8nm,dune_bayes,593,0.0585239939391613,0.0035013165324926376,0.06202530860900879
kin8nm,dune_bayes,594,0.040898069739341736,0.004662258550524712,0.0455603301525116
kin8nm,dune_bayes,595,0.04879363253712654,0.0037620326038450003,0.052555665373802185
kin8nm,dune_bayes,596,0.04235810413956642,0.004629846196621656,0.04698794707655907
kin8nm,dune_bayes,597,0.043282292783260345,0.004098042845726013,0.04738033935427666
kin8nm,dune_bayes,598,0.057088397443294525,0.0045868949964642525,0.061675287783145905
kin8nm,dune_bayes,599,0.05771612375974655,0.0040200939401984215,0.06173621863126755
kin8nm,dune_bayes,600,0.03463622182607651,0.003966082818806171,0.038602303713560104
kin8nm,dune_bayes,601,0.042311858385801315,0.004648333881050348,0.046960193663835526
kin8nm,dune_bayes,602,0.05464000999927521,0.004065243061631918,0.058705251663923264
kin8nm,dune_bayes,603,0.05345166474580765,0.005293944384902716,0.0587456077337265
kin8nm,dune_bayes,604,0.04708321392536163,0.0033260956406593323,0.050409313291311264
kin8nm,dune_bayes,605,0.06059642136096954,0.00472076004371047,0.06531718373298645
kin8nm,dune_bayes,606,0.06380186975002289,0.003583668265491724,0.06738553941249847
kin8nm,dune_bayes,607,0.044992394745349884,0.005963840521872044,0.05095623433589935
kin8nm,dune_bayes,608,0.06366121768951416,0.004787477198988199,0.06844869256019592
kin8nm,dune_bayes,609,0.042971108108758926,0.0039542182348668575,0.04692532867193222
kin8nm,dune_bayes,610,0.045579247176647186,0.00380281382240355,0.04938206076622009
kin8nm,dune_bayes,611,0.03501075133681297,0.00511325104162097,0.04012400284409523
kin8nm,dune_bayes,612,0.04675205051898956,0.003552497597411275,0.05030454695224762
kin8nm,dune_bayes,613,0.05003480613231659,0.0049888077192008495,0.055023614317178726
kin8nm,dune_bayes,614,0.0490020327270031,0.005646478850394487,0.0546485111117363
kin8nm,dune_bayes,615,0.03594136983156204,0.005517118610441685,0.04145848751068115
kin8nm,dune_bayes,616,0.04144635796546936,0.005134170409291983,0.04658052697777748
kin8nm,dune_bayes,617,0.03243491053581238,0.005189897958189249,0.03762480616569519
kin8nm,dune_bayes,618,0.04944087192416191,0.00426280265673995,0.0537036769092083
kin8nm,dune_bayes,619,0.039167799055576324,0.0054910918697714806,0.04465889185667038
kin8nm,dune_bayes,620,0.036707554012537,0.003915481269359589,0.04062303528189659
kin8nm,dune_bayes,621,0.06638698279857635,0.004481284413486719,0.07086826860904694
kin8nm,dune_bayes,622,0.06594500690698624,0.0039316038601100445,0.06987660378217697
kin8nm,dune_bayes,623,0.05641404166817665,0.004212266765534878,0.060626305639743805
kin8nm,dune_bayes,624,0.04039414972066879,0.0041533466428518295,0.04454749450087547
kin8nm,dune_bayes,625,0.04315631836652756,0.0043360572308301926,0.0474923737347126
kin8nm,dune_bayes,626,0.039729855954647064,0.0039309351705014706,0.04366078972816467
kin8nm,dune_bayes,627,0.03609105944633484,0.0045707374811172485,0.04066179692745209
kin8nm,dune_bayes,628,0.055222038179636,0.004501069895923138,0.05972311273217201
kin8nm,dune_bayes,629,0.04668903350830078,0.004289669916033745,0.050978705286979675
kin8nm,dune_bayes,630,0.06062173843383789,0.004338238853961229,0.06495998054742813
kin8nm,dune_bayes,631,0.041523706167936325,0.003590947948396206,0.045114655047655106
kin8nm,dune_bayes,632,0.04877975955605507,0.004750097636133432,0.05352985858917236
kin8nm,dune_bayes,633,0.05619947984814644,0.00531094940379262,0.06151042878627777
kin8nm,dune_bayes,634,0.03340713679790497,0.005925825331360102,0.03933296352624893
kin8nm,dune_bayes,635,0.03883355110883713,0.004202744457870722,0.04303629696369171
kin8nm,dune_bayes,636,0.06552840024232864,0.005175622180104256,0.07070402055978775
kin8nm,dune_bayes,637,0.059151582419872284,0.005024863872677088,0.06417644768953323
kin8nm,dune_bayes,638,0.045022569596767426,0.003908136859536171,0.048930708318948746
kin8nm,dune_bayes,639,0.04927968233823776,0.004095993936061859,0.05337567627429962
kin8nm,dune_bayes,640,0.059643808752298355,0.00450478820130229,0.06414859741926193
kin8nm,dune_bayes,641,0.0449955090880394,0.003954229410737753,0.04894973710179329
kin8nm,dune_bayes,642,0.060220081359148026,0.003271849360316992,0.06349193304777145
kin8nm,dune_bayes,643,0.03077152743935585,0.0035271060187369585,0.03429863229393959
kin8nm,dune_bayes,644,0.03649825602769852,0.004695249255746603,0.041193507611751556
kin8nm,dune_bayes,645,0.031664419919252396,0.003941731993108988,0.035606153309345245
kin8nm,dune_bayes,646,0.052353017032146454,0.0031005318742245436,0.055453550070524216
kin8nm,dune_bayes,647,0.05790421739220619,0.005485015455633402,0.06338923424482346
kin8nm,dune_bayes,648,0.03947240486741066,0.005549121648073196,0.045021526515483856
kin8nm,dune_bayes,649,0.04068904370069504,0.004413039423525333,0.0451020821928978
kin8nm,dune_bayes,650,0.03923812136054039,0.004505859687924385,0.043743979185819626
kin8nm,dune_bayes,651,0.0491962768137455,0.005339455790817738,0.05453573167324066
kin8nm,dune_bayes,652,0.0356607586145401,0.0060599264688789845,0.0417206846177578
kin8nm,dune_bayes,653,0.05163528397679329,0.004000643268227577,0.055635929107666016
kin8nm,dune_bayes,654,0.04971809685230255,0.004670387599617243,0.054388485848903656
kin8nm,dune_bayes,655,0.04295654967427254,0.005185276735574007,0.04814182594418526
kin8nm,dune_bayes,656,0.05289468169212341,0.0054266429506242275,0.05832132324576378
kin8nm,dune_bayes,657,0.037592366337776184,0.00420542573556304,0.04179779440164566
kin8nm,dune_bayes,658,0.042753782123327255,0.0061158123426139355,0.04886959120631218
kin8nm,dune_bayes,659,0.06324151158332825,0.003844222752377391,0.06708573549985886
kin8nm,dune_bayes,660,0.032973285764455795,0.004572218284010887,0.03754550218582153
kin8nm,dune_bayes,661,0.03298719599843025,0.004269614350050688,0.03725680708885193
kin8nm,dune_bayes,662,0.034639474004507065,0.003859835211187601,0.03849931061267853
kin8nm,dune_bayes,663,0.04722149297595024,0.00550007214769721,0.05272156372666359
kin8nm,dune_bayes,664,0.0645638033747673,0.004114658571779728,0.06867846101522446
kin8nm,dune_bayes,665,0.05392398685216904,0.004352838732302189,0.05827682837843895
kin8nm,dune_bayes,666,0.041871245950460434,0.004832673817873001,0.046703919768333435
kin8nm,dune_bayes,667,0.027843477204442024,0.005402968265116215,0.033246446400880814
kin8nm,dune_bayes,668,0.04665490239858627,0.0042635551653802395,0.05091845616698265
kin8nm,dune_bayes,669,0.06185838207602501,0.0054733166471123695,0.0673317015171051
kin8nm,dune_bayes,670,0.05648591369390488,0.005032541695982218,0.06151845306158066
kin8nm,dune_bayes,671,0.03930296748876572,0.0035355829168111086,0.04283854737877846
kin8nm,dune_bayes,672,0.05429405719041824,0.0048931073397397995,0.05918716639280319
kin8nm,dune_bayes,673,0.06986595690250397,0.004215126391500235,0.07408109307289124
kin8nm,dune_bayes,674,0.0507306270301342,0.0041831559501588345,0.054913781583309174
kin8nm,dune_bayes,675,0.05072559043765068,0.0033191547263413668,0.05404474586248398
kin8nm,dune_bayes,676,0.03629007562994957,0.003951518330723047,0.04024159535765648
kin8nm,dune_bayes,677,0.039504390209913254,0.0037074806168675423,0.04321187362074852
kin8nm,dune_bayes,678,0.04992445185780525,0.00433474313467741,0.054259199649095535
kin8nm,dune_bayes,679,0.05404473468661308,0.005081466399133205,0.05912620574235916
kin8nm,dune_bayes,680,0.06107151880860329,0.0033273152075707912,0.06439883261919022
kin8nm,dune_bayes,681,0.0360419824719429,0.005066185258328915,0.04110816866159439
kin8nm,dune_bayes,682,0.030166812241077423,0.00539967929944396,0.03556649014353752
kin8nm,dune_bayes,683,0.03290475159883499,0.0047538792714476585,0.037658628076314926
kin8nm,dune_bayes,684,0.04186905547976494,0.00408660713583231,0.04595566168427467
kin8nm,dune_bayes,685,0.041291192173957825,0.00409635528922081,0.045387547463178635
kin8nm,dune_bayes,686,0.06278978288173676,0.003915836103260517,0.066705621778965
kin8nm,dune_bayes,687,0.04473762586712837,0.004584870301187038,0.049322497099637985
kin8nm,dune_bayes,688,0.0488479807972908,0.0044372230768203735,0.053285203874111176
kin8nm,dune_bayes,689,0.04349551349878311,0.003479858860373497,0.04697537049651146
kin8nm,dune_bayes,690,0.055297091603279114,0.0043039750307798386,0.0596010647714138
kin8nm,dune_bayes,691,0.045564863830804825,0.0035123764537274837,0.04907723888754845
kin8nm,dune_bayes,692,0.03240493685007095,0.005075234454125166,0.03748017176985741
kin8nm,dune_bayes,693,0.03503603860735893,0.004187820479273796,0.03922385722398758
kin8nm,dune_bayes,694,0.0546211414039135,0.0037986058741807938,0.05841974541544914
kin8nm,dune_bayes,695,0.03245747461915016,0.005027880892157555,0.037485357373952866
kin8nm,dune_bayes,696,0.0644339770078659,0.004168268758803606,0.06860224902629852
kin8nm,dune_bayes,697,0.035957638174295425,0.004865878727287054,0.040823519229888916
kin8nm,dune_bayes,698,0.048160940408706665,0.004973602015525103,0.05313454568386078
kin8nm,dune_bayes,699,0.044604700058698654,0.005333520006388426,0.04993822053074837
kin8nm,dune_bayes,700,0.05092824995517731,0.004772858694195747,0.055701110512018204
kin8nm,dune_bayes,701,0.057983383536338806,0.004229291807860136,0.06221267580986023
kin8nm,dune_bayes,702,0.05084241181612015,0.0044266656041145325,0.05526907742023468
kin8nm,dune_bayes,703,0.044585660099983215,0.005329289007931948,0.049914948642253876
kin8nm,dune_bayes,704,0.0420992486178875,0.0043561565689742565,0.04645540192723274
kin8nm,dune_bayes,705,0.05244433879852295,0.003990919329226017,0.05643525719642639
kin8nm,dune_bayes,706,0.062493402510881424,0.004013686440885067,0.06650708615779877
kin8nm,dune_bayes,707,0.07626548409461975,0.004552893340587616,0.08081837743520737
kin8nm,dune_bayes,708,0.03894319385290146,0.005289512220770121,0.04423270374536514
kin8nm,dune_bayes,709,0.06686517596244812,0.004653908312320709,0.07151908427476883
kin8nm,dune_bayes,710,0.04008793458342552,0.0045514656230807304,0.04463939741253853
kin8nm,dune_bayes,711,0.05140083655714989,0.004199293442070484,0.0556001290678978
kin8nm,dune_bayes,712,0.03750510886311531,0.005747491493821144,0.043252602219581604
kin8nm,dune_bayes,713,0.03495819866657257,0.005213951226323843,0.04017215222120285
kin8nm,dune_bayes,714,0.04163811355829239,0.004250944592058659,0.04588905721902847
kin8nm,dune_bayes,715,0.037839632481336594,0.0037860788870602846,0.04162571206688881
kin8nm,dune_bayes,716,0.04290898144245148,0.004191893618553877,0.04710087180137634
kin8nm,dune_bayes,717,0.047127481549978256,0.003615827765315771,0.050743307918310165
kin8nm,dune_bayes,718,0.03973419964313507,0.003580337855964899,0.04331453889608383
kin8nm,dune_bayes,719,0.05384273827075958,0.003292239271104336,0.05713497847318649
kin8nm,dune_bayes,720,0.05108445882797241,0.005374139174818993,0.056458599865436554
kin8nm,dune_bayes,721,0.06094907969236374,0.004221516195684671,0.06517059355974197
kin8nm,dune_bayes,722,0.060957346111536026,0.004086695611476898,0.06504404544830322
kin8nm,dune_bayes,723,0.04267922788858414,0.004882308654487133,0.047561537474393845
kin8nm,dune_bayes,724,0.058810167014598846,0.004540540277957916,0.06335070729255676
kin8nm,dune_bayes,725,0.04312807694077492,0.005713477730751038,0.048841554671525955
kin8nm,dune_bayes,726,0.04124222323298454,0.0042177229188382626,0.04545994848012924
kin8nm,dune_bayes,727,0.045288827270269394,0.003361479612067342,0.048650309443473816
kin8nm,dune_bayes,728,0.03516531363129616,0.004503363277763128,0.039668675512075424
kin8nm,dune_bayes,729,0.052929941564798355,0.004341424908488989,0.05727136507630348
kin8nm,dune_bayes,730,0.07076995074748993,0.004028867464512587,0.0747988149523735
kin8nm,dune_bayes,731,0.04001840204000473,0.0049237897619605064,0.04494218900799751
kin8nm,dune_bayes,732,0.04803374782204628,0.005421705078333616,0.053455449640750885
kin8nm,dune_bayes,733,0.039799612015485764,0.004261046182364225,0.044060658663511276
kin8nm,dune_bayes,734,0.04834161326289177,0.004401820711791515,0.05274343490600586
kin8nm,dune_bayes,735,0.03856396675109863,0.005154729355126619,0.043718695640563965
kin8nm,dune_bayes,736,0.0507364459335804,0.004338040016591549,0.05507448688149452
kin8nm,dune_bayes,737,0.0538884699344635,0.0038465019315481186,0.05773497000336647
kin8nm,dune_bayes,738,0.06578490883111954,0.003809994086623192,0.06959489732980728
kin8nm,dune_bayes,739,0.06428304314613342,0.0046506416983902454,0.06893368810415268
kin8nm,dune_bayes,740,0.057707201689481735,0.0038406667299568653,0.06154786795377731
kin8nm,dune_bayes,741,0.0565742626786232,0.0035664483439177275,0.060140710324048996
kin8nm,dune_bayes,742,0.05243756249547005,0.004253069870173931,0.05669063329696655
kin8nm,dune_bayes,743,0.04281948134303093,0.00407459307461977,0.04689407721161842
kin8nm,dune_bayes,744,0.0459589883685112,0.0059371935203671455,0.05189618468284607
kin8nm,dune_bayes,745,0.0311247780919075,0.005017263349145651,0.03614204376935959
kin8nm,dune_bayes,746,0.05878028646111488,0.004132149275392294,0.06291243433952332
kin8nm,dune_bayes,747,0.03690843656659126,0.004536230117082596,0.04144467040896416
kin8nm,dune_bayes,748,0.04918413236737251,0.003714779857546091,0.052898913621902466
kin8nm,dune_bayes,749,0.05898457020521164,0.005003051366657019,0.0639876276254654
kin8nm,dune_bayes,750,0.04886377975344658,0.004479783121496439,0.05334356054663658
kin8nm,dune_bayes,751,0.035895250737667084,0.00556155014783144,0.04145679995417595
kin8nm,dune_bayes,752,0.06468231976032257,0.004016995429992676,0.06869930773973465
kin8nm,dune_bayes,753,0.052985306829214096,0.004328759387135506,0.05731406807899475
kin8nm,dune_bayes,754,0.04149613529443741,0.004013724159449339,0.04550986364483833
kin8nm,dune_bayes,755,0.041081562638282776,0.004563164431601763,0.04564472660422325
kin8nm,dune_bayes,756,0.0627019852399826,0.003946068696677685,0.06664805859327316
kin8nm,dune_bayes,757,0.05550546199083328,0.003700644476339221,0.05920610576868057
kin8nm,dune_bayes,758,0.058571524918079376,0.005138888955116272,0.06371041387319565
kin8nm,dune_bayes,759,0.04236895963549614,0.005324303638190031,0.04769326373934746
kin8nm,dune_bayes,760,0.042334962636232376,0.003788839327171445,0.04612380266189575
kin8nm,dune_bayes,761,0.0562434196472168,0.005708265583962202,0.061951685696840286
kin8nm,dune_bayes,762,0.03897375240921974,0.003998067229986191,0.04297182336449623
kin8nm,dune_bayes,763,0.035564448684453964,0.0040085455402731895,0.03957299515604973
kin8nm,dune_bayes,764,0.059278570115566254,0.004104864317923784,0.06338343024253845
kin8nm,dune_bayes,765,0.04727623239159584,0.0049851094372570515,0.052261341363191605
kin8nm,dune_bayes,766,0.06607776135206223,0.0038929281290620565,0.06997068971395493
kin8nm,dune_bayes,767,0.04876764118671417,0.0040106032975018024,0.05277824401855469
kin8nm,dune_bayes,768,0.03281254693865776,0.004631098825484514,0.03744364157319069
kin8nm,dune_bayes,769,0.040256910026073456,0.004240160342305899,0.04449707269668579
kin8nm,dune_bayes,770,0.07361363619565964,0.0045037525705993176,0.07811738550662994
kin8nm,dune_bayes,771,0.047736380249261856,0.003703667316585779,0.0514400489628315
kin8nm,dune_bayes,772,0.06115369871258736,0.0027870680205523968,0.06394076347351074
kin8nm,dune_bayes,773,0.06507401913404465,0.00552330119535327,0.0705973207950592
kin8nm,dune_bayes,774,0.05471626669168472,0.004426566418260336,0.0591428317129612
kin8nm,dune_bayes,775,0.03263331949710846,0.004628227092325687,0.03726154565811157
kin8nm,dune_bayes,776,0.06475742906332016,0.004534103441983461,0.06929153203964233
kin8nm,dune_bayes,777,0.03538217768073082,0.004395107738673687,0.03977728635072708
kin8nm,dune_bayes,778,0.0467451736330986,0.005308880005031824,0.05205405503511429
kin8nm,dune_bayes,779,0.06375084072351456,0.0036168622318655252,0.06736770272254944
kin8nm,dune_bayes,780,0.04967404901981354,0.003630036488175392,0.05330408364534378
kin8nm,dune_bayes,781,0.05439451336860657,0.004366139881312847,0.05876065790653229
kin8nm,dune_bayes,782,0.06830279529094696,0.004331345669925213,0.07263414561748505
kin8nm,dune_bayes,783,0.04932703822851181,0.003663140581920743,0.05299018323421478
kin8nm,dune_bayes,784,0.05232962220907211,0.004602238070219755,0.056931864470243454
kin8nm,dune_bayes,785,0.03792616352438927,0.0036080374848097563,0.04153420031070709
kin8nm,dune_bayes,786,0.05204573646187782,0.004627975169569254,0.05667371302843094
kin8nm,dune_bayes,787,0.048277951776981354,0.004752025473862886,0.05302997678518295
kin8nm,dune_bayes,788,0.030480066314339638,0.004795026034116745,0.03527509421110153
kin8nm,dune_bayes,789,0.04681749269366264,0.0043322304263710976,0.051149725914001465
kin8nm,dune_bayes,790,0.05851522460579872,0.003881217446178198,0.06239644065499306
kin8nm,dune_bayes,791,0.036807186901569366,0.00448590936139226,0.04129309579730034
kin8nm,dune_bayes,792,0.0733451321721077,0.005699628032743931,0.07904475182294846
kin8nm,dune_bayes,793,0.03805641457438469,0.004324045963585377,0.04238045960664749
kin8nm,dune_bayes,794,0.041706085205078125,0.004030552227050066,0.045736636966466904
kin8nm,dune_bayes,795,0.036335062235593796,0.005208449438214302,0.04154350981116295
kin8nm,dune_bayes,796,0.032571520656347275,0.004367411602288485,0.036938928067684174
kin8nm,dune_bayes,797,0.03623127192258835,0.0037476690486073494,0.03997894003987312
kin8nm,dune_bayes,798,0.03854842483997345,0.004915510304272175,0.04346393421292305
kin8nm,dune_bayes,799,0.03677143156528473,0.004887220915406942,0.04165865480899811
kin8nm,dune_bayes,800,0.04171343520283699,0.005546931177377701,0.04726036638021469
kin8nm,dune_bayes,801,0.043343327939510345,0.005498554557561874,0.04884188249707222
kin8nm,dune_bayes,802,0.03697766736149788,0.004166720900684595,0.041144389659166336
kin8nm,dune_bayes,803,0.04584391787648201,0.0036856206133961678,0.0495295375585556
kin8nm,dune_bayes,804,0.04462152719497681,0.004950320813804865,0.04957184940576553
kin8nm,dune_bayes,805,0.06424067914485931,0.0038325374480336905,0.06807321310043335
kin8nm,dune_bayes,806,0.04218023270368576,0.004450626205652952,0.046630859375
kin8nm,dune_bayes,807,0.0669764056801796,0.005387643352150917,0.07236405462026596
kin8nm,dune_bayes,808,0.03511552885174751,0.004342922009527683,0.03945845365524292
kin8nm,dune_bayes,809,0.05345577374100685,0.0038957714568823576,0.057351548224687576
kin8nm,dune_bayes,810,0.07268635928630829,0.0052742790430784225,0.07796064019203186
kin8nm,dune_bayes,811,0.03462519869208336,0.0031833031680434942,0.03780850023031235
kin8nm,dune_bayes,812,0.035906046628952026,0.0032967906445264816,0.03920283913612366
kin8nm,dune_bayes,813,0.07851129025220871,0.0043717604130506516,0.08288305252790451
kin8nm,dune_bayes,814,0.042798448354005814,0.005335016176104546,0.04813346266746521
kin8nm,dune_bayes,815,0.06209468096494675,0.0045327357947826385,0.06662741303443909
kin8nm,dune_bayes,816,0.05285803973674774,0.0037253019399940968,0.05658334121108055
kin8nm,dune_bayes,817,0.055198993533849716,0.004066968336701393,0.05926596000790596
kin8nm,dune_bayes,818,0.05825837701559067,0.00442892499268055,0.06268730014562607
kin8nm,dune_bayes,819,0.05771750584244728,0.004219186957925558,0.061936695128679276
kin8nm,dune_bayes,820,0.05571826174855232,0.005698114633560181,0.0614163763821125
kin8nm,dune_bayes,821,0.05385226383805275,0.004783344455063343,0.05863560736179352
kin8nm,dune_bayes,822,0.0644003301858902,0.004921086598187685,0.0693214163184166
kin8nm,dune_bayes,823,0.035188499838113785,0.00514178117737174,0.04033027961850166
kin8nm,dune_bayes,824,0.05906611680984497,0.004671921953558922,0.06373804062604904
kin8nm,dune_bayes,825,0.05080435425043106,0.003605410223826766,0.05440976470708847
kin8nm,dune_bayes,826,0.041500914841890335,0.004301582463085651,0.04580249637365341
kin8nm,dune_bayes,827,0.03276001662015915,0.005931992549449205,0.03869200870394707
kin8nm,dune_bayes,828,0.03203405812382698,0.005705470684915781,0.037739530205726624
kin8nm,dune_bayes,829,0.0396919846534729,0.0034748627804219723,0.04316684976220131
kin8nm,dune_bayes,830,0.05654406547546387,0.004021473694592714,0.060565538704395294
kin8nm,dune_bayes,831,0.06611704081296921,0.004767484497278929,0.07088451832532883
kin8nm,dune_bayes,832,0.03978303447365761,0.004438183736056089,0.044221214950084686
kin8nm,dune_bayes,833,0.04594315588474274,0.003825356950983405,0.049768511205911636
kin8nm,dune_bayes,834,0.05356954038143158,0.0036067101173102856,0.057176247239112854
kin8nm,dune_bayes,835,0.04589220508933067,0.0036184426862746477,0.0495106466114521
kin8nm,dune_bayes,836,0.04227480664849281,0.00392382126301527,0.04619862511754036
kin8nm,dune_bayes,837,0.06754546612501144,0.005750409327447414,0.07329587638378143
kin8nm,dune_bayes,838,0.05948485806584358,0.0045310212299227715,0.06401588022708893
kin8nm,dune_bayes,839,0.03613688424229622,0.005510649178177118,0.0416475348174572
kin8nm,dune_bayes,840,0.03626693785190582,0.004596882965415716,0.04086381942033768
kin8nm,dune_bayes,841,0.040168050676584244,0.0047978004440665245,0.04496585205197334
kin8nm,dune_bayes,842,0.03891872987151146,0.004901979584246874,0.043820708990097046
kin8nm,dune_bayes,843,0.06110425665974617,0.004214182496070862,0.06531844288110733
kin8nm,dune_bayes,844,0.04163668677210808,0.00538759445771575,0.04702427610754967
kin8nm,dune_bayes,845,0.04123314842581749,0.004564498085528612,0.045797646045684814
kin8nm,dune_bayes,846,0.03362502530217171,0.0035335044376552105,0.037158530205488205
kin8nm,dune_bayes,847,0.06760802865028381,0.004431297071278095,0.07203932851552963
kin8nm,dune_bayes,848,0.038953449577093124,0.00519786449149251,0.04415131360292435
kin8nm,dune_bayes,849,0.04080545902252197,0.005276974756270647,0.04608243703842163
kin8nm,dune_bayes,850,0.05905855447053909,0.0036163649056106806,0.06267492473125458
kin8nm,dune_bayes,851,0.03986833617091179,0.005632972344756126,0.045501310378313065
kin8nm,dune_bayes,852,0.04334727302193642,0.004013497848063707,0.04736077040433884
kin8nm,dune_bayes,853,0.06397105753421783,0.005065700970590115,0.06903675943613052
kin8nm,dune_bayes,854,0.06085866317152977,0.005482490174472332,0.06634115427732468
kin8nm,dune_bayes,855,0.0626593604683876,0.003691184101626277,0.0663505420088768
kin8nm,dune_bayes,856,0.050455305725336075,0.004417565185576677,0.054872866719961166
kin8nm,dune_bayes,857,0.05427974835038185,0.003798729507252574,0.05807847902178764
kin8nm,dune_bayes,858,0.02746506594121456,0.005258090328425169,0.03272315487265587
kin8nm,dune_bayes,859,0.03658231347799301,0.004248160868883133,0.040830470621585846
kin8nm,dune_bayes,860,0.06532953679561615,0.003934812732040882,0.06926435232162476
kin8nm,dune_bayes,861,0.03327073156833649,0.0043113199062645435,0.03758205100893974
kin8nm,dune_bayes,862,0.05497649312019348,0.0051264334470033646,0.0601029247045517
kin8nm,dune_bayes,863,0.04290648549795151,0.0035155147779732943,0.04642200097441673
kin8nm,dune_bayes,864,0.06453946977853775,0.0053294082172214985,0.06986888498067856
kin8nm,dune_bayes,865,0.0443483330309391,0.004595906473696232,0.04894423857331276
kin8nm,dune_bayes,866,0.029703546315431595,0.004279663786292076,0.03398321196436882
kin8nm,dune_bayes,867,0.03601238876581192,0.005754074547439814,0.041766464710235596
kin8nm,dune_bayes,868,0.07141420245170593,0.0048887599259614944,0.07630296796560287
kin8nm,dune_bayes,869,0.07141545414924622,0.004626506939530373,0.07604195922613144
kin8nm,dune_bayes,870,0.05490966513752937,0.004469634499400854,0.059379298239946365
kin8nm,dune_bayes,871,0.03047378920018673,0.005098767578601837,0.035572558641433716
kin8nm,dune_bayes,872,0.06189845874905586,0.004456581547856331,0.06635503470897675
kin8nm,dune_bayes,873,0.05245934799313545,0.005893583409488201,0.05835293233394623
kin8nm,dune_bayes,874,0.040977977216243744,0.0041752471588552,0.04515322670340538
kin8nm,dune_bayes,875,0.045870594680309296,0.004188569728285074,0.05005916580557823
kin8nm,dune_bayes,876,0.057054080069065094,0.003366759279742837,0.06042083725333214
kin8nm,dune_bayes,877,0.057173311710357666,0.003974161110818386,0.06114747375249863
kin8nm,dune_bayes,878,0.04666658863425255,0.004170754458755255,0.05083734169602394
kin8nm,dune_bayes,879,0.04531019553542137,0.004920592997223139,0.050230786204338074
kin8nm,dune_bayes,880,0.033843182027339935,0.003783057676628232,0.0376262441277504
kin8nm,dune_bayes,881,0.04569783806800842,0.003829676192253828,0.04952751845121384
kin8nm,dune_bayes,882,0.053197480738162994,0.005619335919618607,0.0588168166577816
kin8nm,dune_bayes,883,0.052409663796424866,0.0033256078604608774,0.0557352714240551
kin8nm,dune_bayes,884,0.04856480658054352,0.004114320036023855,0.05267912894487381
kin8nm,dune_bayes,885,0.04121873155236244,0.0036387068685144186,0.044857438653707504
kin8nm,dune_bayes,886,0.058648135513067245,0.004564344882965088,0.06321247667074203
kin8nm,dune_bayes,887,0.05370460823178291,0.0052436478435993195,0.05894825607538223
kin8nm,dune_bayes,888,0.06111719831824303,0.005763958673924208,0.06688115745782852
kin8nm,dune_bayes,889,0.0431940034031868,0.0036715753376483917,0.04686557501554489
kin8nm,dune_bayes,890,0.06287919729948044,0.004399017430841923,0.06727821379899979
kin8nm,dune_bayes,891,0.038340166211128235,0.003902316791936755,0.04224248230457306
kin8nm,dune_bayes,892,0.06746035814285278,0.0038454625755548477,0.07130581885576248
kin8nm,dune_bayes,893,0.05892995744943619,0.0037536167073994875,0.0626835748553276
kin8nm,dune_bayes,894,0.06784658879041672,0.0039376369677484035,0.07178422808647156
kin8nm,dune_bayes,895,0.05743619054555893,0.004713496658951044,0.06214968487620354
kin8nm,dune_bayes,896,0.0415474995970726,0.00467527424916625,0.04622277244925499
kin8nm,dune_bayes,897,0.0370173379778862,0.005894718691706657,0.04291205853223801
kin8nm,dune_bayes,898,0.04384459927678108,0.004141571465879679,0.047986168414354324
kin8nm,dune_bayes,899,0.03364362195134163,0.005305881146341562,0.03894950449466705
kin8nm,dune_bayes,900,0.05960061773657799,0.0048905652947723866,0.06449118256568909
kin8nm,dune_bayes,901,0.06385491043329239,0.003923884127289057,0.06777878850698471
kin8nm,dune_bayes,902,0.05882703512907028,0.0048569426871836185,0.06368397176265717
kin8nm,dune_bayes,903,0.045188646763563156,0.004409614950418472,0.04959826171398163
kin8nm,dune_bayes,904,0.057706061750650406,0.0038326396606862545,0.0615386962890625
kin8nm,dune_bayes,905,0.03339362516999245,0.005595793016254902,0.038989417254924774
kin8nm,dune_bayes,906,0.042081091552972794,0.0047882329672575,0.04686932638287544
kin8nm,dune_bayes,907,0.06074313446879387,0.004093431401997805,0.06483656913042068
kin8nm,dune_bayes,908,0.057599835097789764,0.0039502643048763275,0.06155009940266609
kin8nm,dune_bayes,909,0.054261382669210434,0.003993338905274868,0.05825472250580788
kin8nm,dune_bayes,910,0.03995656967163086,0.005695567931979895,0.04565213993191719
kin8nm,dune_bayes,911,0.03739716857671738,0.005004495847970247,0.04240166395902634
kin8nm,dune_bayes,912,0.04649963602423668,0.004218432120978832,0.05071806535124779
kin8nm,dune_bayes,913,0.054170265793800354,0.005215326324105263,0.059385593980550766
kin8nm,dune_bayes,914,0.036337073892354965,0.003689119126647711,0.040026187896728516
kin8nm,dune_bayes,915,0.05254683643579483,0.005088140722364187,0.057634979486465454
kin8nm,dune_bayes,916,0.039125796407461166,0.004935442470014095,0.044061239808797836
kin8nm,dune_bayes,917,0.05088788643479347,0.0037482932675629854,0.05463618040084839
kin8nm,dune_bayes,918,0.0452418327331543,0.004623865243047476,0.04986570030450821
kin8nm,dune_bayes,919,0.05996990203857422,0.004733302630484104,0.06470320373773575
kin8nm,dune_bayes,920,0.039568960666656494,0.0037348391488194466,0.043303798884153366
kin8nm,dune_bayes,921,0.047720130532979965,0.005478391889482737,0.053198523819446564
kin8nm,dune_bayes,922,0.05203747749328613,0.004677812568843365,0.05671529099345207
kin8nm,dune_bayes,923,0.04657026752829552,0.004881721455603838,0.05145198851823807
kin8nm,dune_bayes,924,0.040468063205480576,0.004955114796757698,0.04542317986488342
kin8nm,dune_bayes,925,0.04431070014834404,0.003059189300984144,0.04736988618969917
kin8nm,dune_bayes,926,0.04166780039668083,0.0036226895172148943,0.04529048874974251
kin8nm,dune_bayes,927,0.06430429965257645,0.005083454307168722,0.0693877562880516
kin8nm,dune_bayes,928,0.07186318933963776,0.004558354616165161,0.07642155140638351
kin8nm,dune_bayes,929,0.038794711232185364,0.003722853260114789,0.042517561465501785
kin8nm,dune_bayes,930,0.03531576693058014,0.005115562584251165,0.04043133184313774
kin8nm,dune_bayes,931,0.05370010435581207,0.003459170926362276,0.05715927854180336
kin8nm,dune_bayes,932,0.030244385823607445,0.004486802499741316,0.0347311869263649
kin8nm,dune_bayes,933,0.040942318737506866,0.004715087357908487,0.045657407492399216
kin8nm,dune_bayes,934,0.06518525630235672,0.0044043767265975475,0.06958963721990585
kin8nm,dune_bayes,935,0.04161936044692993,0.004619209095835686,0.04623856768012047
kin8nm,dune_bayes,936,0.033529650419950485,0.0037696987856179476,0.037299349904060364
kin8nm,dune_bayes,937,0.02901652082800865,0.004620232153683901,0.033636752516031265
kin8nm,dune_bayes,938,0.04637545719742775,0.0044707623310387135,0.050846219062805176
kin8nm,dune_bayes,939,0.04121500998735428,0.003141726367175579,0.04435673728585243
kin8nm,dune_bayes,940,0.051194824278354645,0.004502474796026945,0.05569729954004288
kin8nm,dune_bayes,941,0.06022995710372925,0.004238778259605169,0.06446873396635056
kin8nm,dune_bayes,942,0.04884222522377968,0.0037879417650401592,0.052630167454481125
kin8nm,dune_bayes,943,0.04566832631826401,0.005886225961148739,0.05155455321073532
kin8nm,dune_bayes,944,0.040999725461006165,0.00517423776909709,0.04617396742105484
kin8nm,dune_bayes,945,0.04355337470769882,0.004163817502558231,0.04771719127893448
kin8nm,dune_bayes,946,0.032398663461208344,0.0040678647346794605,0.03646652773022652
kin8nm,dune_bayes,947,0.06136046350002289,0.004808078985661268,0.06616853922605515
kin8nm,dune_bayes,948,0.06386226415634155,0.005749943666160107,0.06961220502853394
kin8nm,dune_bayes,949,0.049578990787267685,0.004497789312154055,0.054076775908470154
kin8nm,dune_bayes,950,0.06192466616630554,0.0038315067067742348,0.0657561719417572
kin8nm,dune_bayes,951,0.04967636987566948,0.00519128842279315,0.05486765503883362
kin8nm,dune_bayes,952,0.047515396028757095,0.003944750875234604,0.0514601469039917
kin8nm,dune_bayes,953,0.037088580429553986,0.0042393505573272705,0.04132792726159096
kin8nm,dune_bayes,954,0.05451715737581253,0.0048552220687270164,0.05937237665057182
kin8nm,dune_bayes,955,0.04441230744123459,0.005966895259916782,0.050379201769828796
kin8nm,dune_bayes,956,0.03927144035696983,0.005253361538052559,0.04452480003237724
kin8nm,dune_bayes,957,0.039838891476392746,0.0053183832205832005,0.04515727236866951
kin8nm,dune_bayes,958,0.06708908081054688,0.004372206516563892,0.07146129012107849
kin8nm,dune_bayes,959,0.07686109095811844,0.004732208792120218,0.08159329742193222
kin8nm,dune_bayes,960,0.04426368698477745,0.004838146269321442,0.04910183325409889
kin8nm,dune_bayes,961,0.06332137435674667,0.005043259356170893,0.06836463510990143
kin8nm,dune_bayes,962,0.04261845722794533,0.004516587592661381,0.047135043889284134
kin8nm,dune_bayes,963,0.036560092121362686,0.004032994620501995,0.040593087673187256
kin8nm,dune_bayes,964,0.03579023852944374,0.004746770020574331,0.04053700715303421
kin8nm,dune_bayes,965,0.05916525050997734,0.004797769710421562,0.06396301835775375
kin8nm,dune_bayes,966,0.034726742655038834,0.0049468292854726315,0.0396735705435276
kin8nm,dune_bayes,967,0.05807805061340332,0.004614417441189289,0.06269247084856033
kin8nm,dune_bayes,968,0.06415937095880508,0.004566693678498268,0.0687260627746582
kin8nm,dune_bayes,969,0.05961058661341667,0.004532316233962774,0.06414289772510529
kin8nm,dune_bayes,970,0.07046463340520859,0.0042528086341917515,0.0747174397110939
kin8nm,dune_bayes,971,0.06636069715023041,0.00459798239171505,0.0709586814045906
kin8nm,dune_bayes,972,0.04285445809364319,0.004172962158918381,0.04702742025256157
kin8nm,dune_bayes,973,0.04171338677406311,0.00520649878308177,0.046919889748096466
kin8nm,dune_bayes,974,0.03701464831829071,0.004327007569372654,0.04134165868163109
kin8nm,dune_bayes,975,0.06628509610891342,0.004168928600847721,0.07045403122901917
kin8nm,dune_bayes,976,0.0428038164973259,0.003564846469089389,0.046368665993213654
kin8nm,dune_bayes,977,0.0403284914791584,0.004459579940885305,0.04478807374835014
kin8nm,dune_bayes,978,0.056363143026828766,0.004510004073381424,0.06087314710021019
kin8nm,dune_bayes,979,0.05234069749712944,0.00453058909624815,0.056871283799409866
kin8nm,dune_bayes,980,0.04741060733795166,0.003052303334698081,0.050462909042835236
kin8nm,dune_bayes,981,0.05071088671684265,0.004217483568936586,0.05492836982011795
kin8nm,dune_bayes,982,0.03612104430794716,0.004827927332371473,0.04094897210597992
kin8nm,dune_bayes,983,0.06077059358358383,0.004778202623128891,0.06554879248142242
kin8nm,dune_bayes,984,0.04545228183269501,0.005245586391538382,0.050697870552539825
kin8nm,dune_bayes,985,0.04922232776880264,0.004739623051136732,0.05396195128560066
kin8nm,dune_bayes,986,0.02926650457084179,0.005191551521420479,0.03445805609226227
kin8nm,dune_bayes,987,0.031898871064186096,0.005073734559118748,0.03697260469198227
kin8nm,dune_bayes,988,0.05752246081829071,0.004877651575952768,0.06240011006593704
kin8nm,dune_bayes,989,0.05589352548122406,0.003301355056464672,0.05919488146901131
kin8nm,dune_bayes,990,0.06439829617738724,0.004508691374212503,0.0689069852232933
kin8nm,dune_bayes,991,0.036643143743276596,0.00438912445679307,0.04103226959705353
kin8nm,dune_bayes,992,0.04497099295258522,0.0036908332258462906,0.04866182431578636
kin8nm,dune_bayes,993,0.031975701451301575,0.004938166588544846,0.03691386803984642
kin8nm,dune_bayes,994,0.057077325880527496,0.005093018524348736,0.06217034533619881
kin8nm,dune_bayes,995,0.04145766794681549,0.0034756807144731283,0.04493334889411926
kin8nm,dune_bayes,996,0.06142900139093399,0.003606859128922224,0.0650358647108078
kin8nm,dune_bayes,997,0.038984265178442,0.005466745235025883,0.04445100948214531
kin8nm,dune_bayes,998,0.061626698821783066,0.004735973663628101,0.06636267155408859
kin8nm,dune_bayes,999,0.056266363710165024,0.004955663811415434,0.061222027987241745
kin8nm,dune_bayes,1000,0.03440456837415695,0.005089878104627132,0.03949444741010666
kin8nm,dune_bayes,1001,0.051652468740940094,0.004830558318644762,0.05648303031921387
kin8nm,dune_bayes,1002,0.04769961163401604,0.0041725896298885345,0.05187220126390457
kin8nm,dune_bayes,1003,0.051695793867111206,0.003926852252334356,0.0556226409971714
kin8nm,dune_bayes,1004,0.042788051068782806,0.005246684420853853,0.04803473502397537
kin8nm,dune_bayes,1005,0.03471342846751213,0.005041804164648056,0.03975523263216019
kin8nm,dune_bayes,1006,0.0545399971306324,0.005014164373278618,0.05955415964126587
kin8nm,dune_bayes,1007,0.040530458092689514,0.004418684635311365,0.04494914412498474
kin8nm,dune_bayes,1008,0.041885923594236374,0.003138107480481267,0.04502403363585472
kin8nm,dune_bayes,1009,0.04757901281118393,0.004559650085866451,0.052138667553663254
kin8nm,dune_bayes,1010,0.044786419719457626,0.004128146450966597,0.04891456663608551
kin8nm,dune_bayes,1011,0.03646570071578026,0.004861278459429741,0.04132697731256485
kin8nm,dune_bayes,1012,0.03433157503604889,0.004016932100057602,0.03834850713610649
kin8nm,dune_bayes,1013,0.07101680338382721,0.005815259646624327,0.07683206349611282
kin8nm,dune_bayes,1014,0.06660361588001251,0.004031058866530657,0.07063467055559158
kin8nm,dune_bayes,1015,0.03729107975959778,0.004957110155373812,0.0422481931746006
kin8nm,dune_bayes,1016,0.053685080260038376,0.004643066320568323,0.05832814425230026
kin8nm,dune_bayes,1017,0.06300053000450134,0.004963777028024197,0.06796430051326752
kin8nm,dune_bayes,1018,0.038123685866594315,0.003671093378216028,0.041794780641794205
kin8nm,dune_bayes,1019,0.0331595316529274,0.003995424602180719,0.03715495392680168
kin8nm,dune_bayes,1020,0.03205491229891777,0.0042574359104037285,0.036312349140644073
kin8nm,dune_bayes,1021,0.06409157067537308,0.004145979881286621,0.0682375505566597
kin8nm,dune_bayes,1022,0.036664217710494995,0.0044588386081159115,0.04112305864691734
kin8nm,dune_bayes,1023,0.04408520087599754,0.004562957212328911,0.0486481599509716
kin8nm,dune_bayes,1024,0.04659830778837204,0.005287447012960911,0.051885753870010376
kin8nm,dune_bayes,1025,0.04708687588572502,0.0058027044869959354,0.05288958176970482
kin8nm,dune_bayes,1026,0.072508305311203,0.004198006819933653,0.07670631259679794
kin8nm,dune_bayes,1027,0.06006026268005371,0.004521164111793041,0.06458143144845963
kin8nm,dune_bayes,1028,0.0642426609992981,0.0045428103767335415,0.06878547370433807
kin8nm,dune_bayes,1029,0.037170667201280594,0.004900605417788029,0.04207127168774605
kin8nm,dune_bayes,1030,0.03204502910375595,0.00497822742909193,0.037023257464170456
kin8nm,dune_bayes,1031,0.05110149085521698,0.004265120718628168,0.05536661297082901
kin8nm,dune_bayes,1032,0.03363800793886185,0.004478245507925749,0.03811625391244888
kin8nm,dune_bayes,1033,0.030379975214600563,0.005132011137902737,0.035511985421180725
kin8nm,dune_bayes,1034,0.0410454124212265,0.0041977642104029655,0.04524317383766174
kin8nm,dune_bayes,1035,0.05981817469000816,0.004236151464283466,0.06405432522296906
kin8nm,dune_bayes,1036,0.039708998054265976,0.004969369620084763,0.04467836767435074
kin8nm,dune_bayes,1037,0.0346570760011673,0.005356450565159321,0.040013525635004044
kin8nm,dune_bayes,1038,0.03971685841679573,0.006690275389701128,0.04640713706612587
kin8nm,dune_bayes,1039,0.03349309787154198,0.0052507007494568825,0.03874380141496658
kin8nm,dune_bayes,1040,0.03926192969083786,0.005332483910024166,0.0445944108068943
kin8nm,dune_bayes,1041,0.059637051075696945,0.003675369545817375,0.06331241875886917
kin8nm,dune_bayes,1042,0.034159447997808456,0.003939718008041382,0.03809916973114014
kin8nm,dune_bayes,1043,0.030660197138786316,0.004547561053186655,0.035207755863666534
kin8nm,dune_bayes,1044,0.07012882083654404,0.0046949866227805614,0.07482381165027618
kin8nm,dune_bayes,1045,0.04064200073480606,0.004448212683200836,0.0450902134180069
kin8nm,dune_bayes,1046,0.041162677109241486,0.004808799363672733,0.045971475541591644
kin8nm,dune_bayes,1047,0.05560646578669548,0.003741111373528838,0.05934757739305496
kin8nm,dune_bayes,1048,0.06440190225839615,0.005022011231631041,0.06942391395568848
kin8nm,dune_bayes,1049,0.07136175036430359,0.005233928561210632,0.07659567892551422
kin8nm,dune_bayes,1050,0.0611083060503006,0.005711593199521303,0.06681989878416061
kin8nm,dune_bayes,1051,0.04214465245604515,0.003126933006569743,0.04527158662676811
kin8nm,dune_bayes,1052,0.061142757534980774,0.005161427427083254,0.06630418449640274
kin8nm,dune_bayes,1053,0.054250240325927734,0.004938624333590269,0.05918886512517929
kin8nm,dune_bayes,1054,0.057201679795980453,0.004209292121231556,0.061410970985889435
kin8nm,dune_bayes,1055,0.03914837911725044,0.003929431084543467,0.04307781159877777
kin8nm,dune_bayes,1056,0.042346928268671036,0.005412731319665909,0.04775966331362724
kin8nm,dune_bayes,1057,0.03697049245238304,0.004422470461577177,0.041392963379621506
kin8nm,dune_bayes,1058,0.037219416350126266,0.006250780541449785,0.043470196425914764
kin8nm,dune_bayes,1059,0.031588636338710785,0.004358503036201,0.03594713658094406
kin8nm,dune_bayes,1060,0.037569403648376465,0.00409305514767766,0.04166245460510254
kin8nm,dune_bayes,1061,0.04807830601930618,0.004285409115254879,0.052363716065883636
kin8nm,dune_bayes,1062,0.06002290919423103,0.0038135023787617683,0.06383641064167023
kin8nm,dune_bayes,1063,0.04632524400949478,0.004348497837781906,0.05067374184727669
kin8nm,dune_bayes,1064,0.04993124306201935,0.0052116322331130505,0.055142875760793686
kin8nm,dune_bayes,1065,0.047579508274793625,0.004303195513784885,0.051882706582546234
kin8nm,dune_bayes,1066,0.0479564294219017,0.0032335331197828054,0.05118996277451515
kin8nm,dune_bayes,1067,0.036991335451602936,0.003155003534629941,0.04014633968472481
kin8nm,dune_bayes,1068,0.04257160797715187,0.0032964907586574554,0.045868098735809326
kin8nm,dune_bayes,1069,0.04494383558630943,0.004846820142120123,0.04979065805673599
kin8nm,dune_bayes,1070,0.048259034752845764,0.004512493498623371,0.05277153104543686
kin8nm,dune_bayes,1071,0.04663943126797676,0.004558920860290527,0.05119835212826729
kin8nm,dune_bayes,1072,0.05862461403012276,0.0035177189856767654,0.06214233115315437
kin8nm,dune_bayes,1073,0.05881047621369362,0.004793379455804825,0.06360385566949844
kin8nm,dune_bayes,1074,0.0518108531832695,0.004211102146655321,0.056021954864263535
kin8nm,dune_bayes,1075,0.0683511272072792,0.0040387799963355064,0.07238990813493729
kin8nm,dune_bayes,1076,0.050401899963617325,0.004369519185274839,0.05477142333984375
kin8nm,dune_bayes,1077,0.04434576258063316,0.00394618883728981,0.048291951417922974
kin8nm,dune_bayes,1078,0.0669277012348175,0.004589206539094448,0.07151690870523453
kin8nm,dune_bayes,1079,0.05519455298781395,0.005880319979041815,0.0610748715698719
kin8nm,dune_bayes,1080,0.040157802402973175,0.004147054627537727,0.04430485889315605
kin8nm,dune_bayes,1081,0.06027441844344139,0.005116362124681473,0.06539078056812286
kin8nm,dune_bayes,1082,0.07980578392744064,0.004697078373283148,0.08450286090373993
kin8nm,dune_bayes,1083,0.044949717819690704,0.005616510286927223,0.05056622624397278
kin8nm,dune_bayes,1084,0.04322769120335579,0.004388746339827776,0.04761643707752228
kin8nm,dune_bayes,1085,0.058105770498514175,0.0033491377253085375,0.061454907059669495
kin8nm,dune_bayes,1086,0.060646604746580124,0.004332274664193392,0.06497888267040253
kin8nm,dune_bayes,1087,0.06882624328136444,0.005273792892694473,0.07410003989934921
kin8nm,dune_bayes,1088,0.04724545404314995,0.005528940353542566,0.05277439206838608
kin8nm,dune_bayes,1089,0.05432994291186333,0.003895794041454792,0.058225736021995544
kin8nm,dune_bayes,1090,0.05391012877225876,0.005434455815702677,0.0593445859849453
kin8nm,dune_bayes,1091,0.059344179928302765,0.0046897935681045055,0.06403397023677826
kin8nm,dune_bayes,1092,0.036396678537130356,0.005272870417684317,0.04166954755783081
kin8nm,dune_bayes,1093,0.06146221607923508,0.004524915479123592,0.06598713248968124
kin8nm,dune_bayes,1094,0.03310303017497063,0.004147674888372421,0.03725070506334305
kin8nm,dune_bayes,1095,0.035059042274951935,0.00499403802677989,0.04005308076739311
kin8nm,dune_bayes,1096,0.06754811108112335,0.0056824227795004845,0.07323053479194641
kin8nm,dune_bayes,1097,0.06672850251197815,0.004019514191895723,0.07074801623821259
kin8nm,dune_bayes,1098,0.04282207414507866,0.0055425954051315784,0.04836466535925865
kin8nm,dune_bayes,1099,0.06408565491437912,0.004117798525840044,0.06820345669984818
kin8nm,dune_bayes,1100,0.04660409316420555,0.0042281425558030605,0.05083223804831505
kin8nm,dune_bayes,1101,0.03674980625510216,0.0037314787041395903,0.040481287986040115
kin8nm,dune_bayes,1102,0.05383848771452904,0.0028996840119361877,0.05673816800117493
kin8nm,dune_bayes,1103,0.05679373815655708,0.004286373034119606,0.06108011305332184
kin8nm,dune_bayes,1104,0.056999463587999344,0.004292436875402927,0.0612918995320797
kin8nm,dune_bayes,1105,0.04917210713028908,0.004386697895824909,0.05355880782008171
kin8nm,dune_bayes,1106,0.038780029863119125,0.002923430409282446,0.04170346260070801
kin8nm,dune_bayes,1107,0.0395832322537899,0.004973498173058033,0.04455673322081566
kin8nm,dune_bayes,1108,0.044543247669935226,0.005262679886072874,0.04980592802166939
kin8nm,dune_bayes,1109,0.059066109359264374,0.0031345670577138662,0.062200676649808884
kin8nm,dune_bayes,1110,0.049545880407094955,0.0038938347715884447,0.05343971401453018
kin8nm,dune_bayes,1111,0.02954634092748165,0.0049541061744093895,0.034500446170568466
kin8nm,dune_bayes,1112,0.05899238586425781,0.005031550768762827,0.0640239417552948
kin8nm,dune_bayes,1113,0.059361670166254044,0.0042770071886479855,0.06363867968320847
kin8nm,dune_bayes,1114,0.04241615906357765,0.006761912722140551,0.049178071320056915
kin8nm,dune_bayes,1115,0.04800628125667572,0.00453460356220603,0.05254088342189789
kin8nm,dune_bayes,1116,0.04671110212802887,0.00335347349755466,0.0500645749270916
kin8nm,dune_bayes,1117,0.06660248339176178,0.004950325936079025,0.0715528056025505
kin8nm,dune_bayes,1118,0.049890726804733276,0.004804702941328287,0.05469542741775513
kin8nm,dune_bayes,1119,0.04522271454334259,0.0038455305621027946,0.04906824231147766
kin8nm,dune_bayes,1120,0.06829202175140381,0.005291365552693605,0.07358338683843613
kin8nm,dune_bayes,1121,0.04286612942814827,0.004191123880445957,0.04705725237727165
kin8nm,dune_bayes,1122,0.050673726946115494,0.004816205240786076,0.05548993498086929
kin8nm,dune_bayes,1123,0.048319242894649506,0.0038989209569990635,0.05221816524863243
kin8nm,dune_bayes,1124,0.043936267495155334,0.005311233457177877,0.04924749955534935
kin8nm,dune_bayes,1125,0.05613625794649124,0.0033186536747962236,0.05945491045713425
kin8nm,dune_bayes,1126,0.04302751645445824,0.004134670365601778,0.04716218635439873
kin8nm,dune_bayes,1127,0.031967952847480774,0.003402071539312601,0.03537002578377724
kin8nm,dune_bayes,1128,0.0663299560546875,0.005277112126350403,0.0716070756316185
kin8nm,dune_bayes,1129,0.035249024629592896,0.003968679811805487,0.03921770676970482
kin8nm,dune_bayes,1130,0.045351698994636536,0.004833947867155075,0.05018564686179161
kin8nm,dune_bayes,1131,0.03613748028874397,0.004030273761600256,0.04016775265336037
kin8nm,dune_bayes,1132,0.04365570843219757,0.00317505095154047,0.046830758452415466
kin8nm,dune_bayes,1133,0.06106202304363251,0.003994119353592396,0.06505614519119263
kin8nm,dune_bayes,1134,0.05022302642464638,0.003780042752623558,0.054003067314624786
kin8nm,dune_bayes,1135,0.04251989349722862,0.004416898358613253,0.04693679139018059
kin8nm,dune_bayes,1136,0.035231102257966995,0.005465483292937279,0.04069658741354942
kin8nm,dune_bayes,1137,0.056179460138082504,0.0037575960159301758,0.05993705615401268
kin8nm,dune_bayes,1138,0.06216025725007057,0.003729995572939515,0.06589025259017944
kin8nm,dune_bayes,1139,0.0397745817899704,0.005427281837910414,0.0452018603682518
kin8nm,dune_bayes,1140,0.054775383323431015,0.003977615851908922,0.05875299870967865
kin8nm,dune_bayes,1141,0.034809090197086334,0.0057569039054214954,0.04056599736213684
kin8nm,dune_bayes,1142,0.061849527060985565,0.0038700243458151817,0.06571955233812332
kin8nm,dune_bayes,1143,0.04882845655083656,0.004278288688510656,0.053106747567653656
kin8nm,dune_bayes,1144,0.045084502547979355,0.0033084002789109945,0.04839290305972099
kin8nm,dune_bayes,1145,0.05770396813750267,0.003567088395357132,0.0612710565328598
kin8nm,dune_bayes,1146,0.044959258288145065,0.004549792502075434,0.04950904846191406
kin8nm,dune_bayes,1147,0.04069491848349571,0.0037372196093201637,0.0444321371614933
kin8nm,dune_bayes,1148,0.06459468603134155,0.005094943568110466,0.06968962401151657
kin8nm,dune_bayes,1149,0.032405998557806015,0.004832230042666197,0.0372382290661335
kin8nm,dune_bayes,1150,0.0569104440510273,0.003898847848176956,0.060809291899204254
kin8nm,dune_bayes,1151,0.068729467689991,0.005283724050968885,0.07401319593191147
kin8nm,dune_bayes,1152,0.04748411476612091,0.003522402374073863,0.05100651830434799
kin8nm,dune_bayes,1153,0.030640587210655212,0.005294868256896734,0.03593545779585838
kin8nm,dune_bayes,1154,0.04800538718700409,0.004494694527238607,0.05250008404254913
kin8nm,dune_bayes,1155,0.0532873272895813,0.003955704625695944,0.05724303051829338
kin8nm,dune_bayes,1156,0.04701118916273117,0.0038047591224312782,0.050815947353839874
kin8nm,dune_bayes,1157,0.02823011577129364,0.004942398983985186,0.03317251428961754
kin8nm,dune_bayes,1158,0.05020074173808098,0.005653521977365017,0.05585426464676857
kin8nm,dune_bayes,1159,0.05522608011960983,0.004701627884060144,0.05992770940065384
kin8nm,dune_bayes,1160,0.04717711731791496,0.004085486754775047,0.05126260221004486
kin8nm,dune_bayes,1161,0.038050759583711624,0.003979695029556751,0.0420304574072361
kin8nm,dune_bayes,1162,0.04014018550515175,0.00512592913582921,0.04526611790060997
kin8nm,dune_bayes,1163,0.05253729596734047,0.005221359431743622,0.05775865539908409
kin8nm,dune_bayes,1164,0.03328266367316246,0.004324432462453842,0.0376070998609066
kin8nm,dune_bayes,1165,0.044337719678878784,0.0037542928475886583,0.04809201508760452
kin8nm,dune_bayes,1166,0.03524157404899597,0.004082888830453157,0.03932446613907814
kin8nm,dune_bayes,1167,0.04265788942575455,0.005676988512277603,0.04833488166332245
kin8nm,dune_bayes,1168,0.03317129984498024,0.004318694584071636,0.03748999163508415
kin8nm,dune_bayes,1169,0.04641268402338028,0.0041660126298666,0.05057869479060173
kin8nm,dune_bayes,1170,0.039933942258358,0.0038381621707230806,0.043772101402282715
kin8nm,dune_bayes,1171,0.0327141247689724,0.0038451645523309708,0.03655929118394852
kin8nm,dune_bayes,1172,0.03642183542251587,0.00460254680365324,0.041024383157491684
kin8nm,dune_bayes,1173,0.05085455998778343,0.0035533139016479254,0.05440787598490715
kin8nm,dune_bayes,1174,0.04031834378838539,0.004299325402826071,0.0446176677942276
kin8nm,dune_bayes,1175,0.05824818089604378,0.005531729198992252,0.06377991288900375
kin8nm,dune_bayes,1176,0.0415903702378273,0.003189555136486888,0.04477992653846741
kin8nm,dune_bayes,1177,0.06155923753976822,0.0037742680869996548,0.06533350795507431
kin8nm,dune_bayes,1178,0.040712397545576096,0.003450368996709585,0.04416276887059212
kin8nm,dune_bayes,1179,0.034750811755657196,0.00533096119761467,0.040081772953271866
kin8nm,dune_bayes,1180,0.04417470470070839,0.004113008733838797,0.048287712037563324
kin8nm,dune_bayes,1181,0.05839352682232857,0.004154533613473177,0.06254805624485016
kin8nm,dune_bayes,1182,0.048759303987026215,0.005768671631813049,0.054527975618839264
kin8nm,dune_bayes,1183,0.04179394245147705,0.004321795888245106,0.04611573368310928
kin8nm,dune_bayes,1184,0.038429293781518936,0.005572828929871321,0.044002119451761246
kin8nm,dune_bayes,1185,0.039913613349199295,0.004706036765128374,0.04461964964866638
kin8nm,dune_bayes,1186,0.045155659317970276,0.0033007520250976086,0.04845640808343887
kin8nm,dune_bayes,1187,0.038402777165174484,0.0032072640024125576,0.04161004349589348
kin8nm,dune_bayes,1188,0.053248330950737,0.003539255354553461,0.05678758770227432
kin8nm,dune_bayes,1189,0.032082028687000275,0.003829583525657654,0.03591161221265793
kin8nm,dune_bayes,1190,0.05596049502491951,0.0038806009106338024,0.0598411001265049
kin8nm,dune_bayes,1191,0.07331285625696182,0.005013394635170698,0.0783262550830841
kin8nm,dune_bayes,1192,0.07377557456493378,0.004377367440611124,0.07815293967723846
kin8nm,dune_bayes,1193,0.05492714047431946,0.005486521404236555,0.0604136623442173
kin8nm,dune_bayes,1194,0.0653582289814949,0.004327423870563507,0.06968566030263901
kin8nm,dune_bayes,1195,0.06416486203670502,0.0038806255906820297,0.0680454894900322
kin8nm,dune_bayes,1196,0.04389292001724243,0.0043815728276968,0.04827449470758438
kin8nm,dune_bayes,1197,0.040829192847013474,0.004930296912789345,0.04575949162244797
kin8nm,dune_bayes,1198,0.061680275946855545,0.0036840918473899364,0.06536436825990677
kin8nm,dune_bayes,1199,0.05111568793654442,0.0044015515595674515,0.05551724135875702
kin8nm,dune_bayes,1200,0.06587184220552444,0.0037818076089024544,0.06965365260839462
kin8nm,dune_bayes,1201,0.05447770655155182,0.004799187183380127,0.059276893734931946
kin8nm,dune_bayes,1202,0.05678897723555565,0.004533594939857721,0.061322569847106934
kin8nm,dune_bayes,1203,0.04625466465950012,0.0036471281200647354,0.04990179091691971
kin8nm,dune_bayes,1204,0.04401659965515137,0.002645617350935936,0.04666221886873245
kin8nm,dune_bayes,1205,0.06340187042951584,0.0038559928070753813,0.06725786626338959
kin8nm,dune_bayes,1206,0.05546429008245468,0.0050887297838926315,0.06055302172899246
kin8nm,dune_bayes,1207,0.04756605252623558,0.0050661577843129635,0.05263221263885498
kin8nm,dune_bayes,1208,0.048408143222332,0.004250901751220226,0.0526590459048748
kin8nm,dune_bayes,1209,0.06128481402993202,0.006025197450071573,0.06731001287698746
kin8nm,dune_bayes,1210,0.05389276519417763,0.004565067123621702,0.05845783278346062
kin8nm,dune_bayes,1211,0.04022156074643135,0.005633204709738493,0.04585476592183113
kin8nm,dune_bayes,1212,0.06866231560707092,0.0049338084645569324,0.07359612733125687
kin8nm,dune_bayes,1213,0.047086071223020554,0.004975120071321726,0.05206118896603584
kin8nm,dune_bayes,1214,0.04495324566960335,0.004678147844970226,0.04963139444589615
kin8nm,dune_bayes,1215,0.06060822308063507,0.004955417476594448,0.0655636414885521
kin8nm,dune_bayes,1216,0.03348146378993988,0.005489555653184652,0.03897102177143097
kin8nm,dune_bayes,1217,0.04398903250694275,0.004224482458084822,0.048213519155979156
kin8nm,dune_bayes,1218,0.04622270166873932,0.003338191192597151,0.04956089332699776
kin8nm,dune_bayes,1219,0.06391327828168869,0.005002963822335005,0.06891623884439468
kin8nm,dune_bayes,1220,0.03088897466659546,0.005695177707821131,0.03658415377140045
kin8nm,dune_bayes,1221,0.06605631858110428,0.004689749795943499,0.07074607163667679
kin8nm,dune_bayes,1222,0.03805702179670334,0.004561215173453093,0.04261823743581772
kin8nm,dune_bayes,1223,0.04047590121626854,0.006035519763827324,0.04651142284274101
kin8nm,dune_bayes,1224,0.053704939782619476,0.004175179172307253,0.05788011848926544
kin8nm,dune_bayes,1225,0.036790814250707626,0.004396891221404076,0.04118770360946655
kin8nm,dune_bayes,1226,0.03708566725254059,0.0039237323217093945,0.04100940003991127
kin8nm,dune_bayes,1227,0.04371191933751106,0.005307626444846392,0.04901954531669617
kin8nm,dune_bayes,1228,0.03961694613099098,0.00297055346891284,0.04258750006556511
kin8nm,dune_bayes,1229,0.03698824718594551,0.005204667337238789,0.042192913591861725
kin8nm,dune_bayes,1230,0.02982502058148384,0.0037615594919770956,0.03358658030629158
kin8nm,dune_bayes,1231,0.060091860592365265,0.004802186507731676,0.06489404290914536
kin8nm,dune_bayes,1232,0.061163365840911865,0.00387939321808517,0.06504275649785995
kin8nm,dune_bayes,1233,0.046934425830841064,0.004023670684546232,0.050958093255758286
kin8nm,dune_bayes,1234,0.036967720836400986,0.00363487028516829,0.04060259088873863
kin8nm,dune_bayes,1235,0.04426734149456024,0.004726914223283529,0.04899425432085991
kin8nm,dune_bayes,1236,0.07370847463607788,0.005328325554728508,0.07903680205345154
kin8nm,dune_bayes,1237,0.046067014336586,0.0040243384428322315,0.05009135603904724
kin8nm,dune_bayes,1238,0.04278881475329399,0.003951210994273424,0.04674002528190613
kin8nm,dune_bayes,1239,0.04634043201804161,0.0037517992313951254,0.05009223148226738
kin8nm,dune_bayes,1240,0.033136773854494095,0.004535607527941465,0.037672385573387146
kin8nm,dune_bayes,1241,0.055097177624702454,0.0048140874132514,0.05991126596927643
kin8nm,dune_bayes,1242,0.04143713414669037,0.00526146637275815,0.04669860005378723
kin8nm,dune_bayes,1243,0.046757351607084274,0.0036312839947640896,0.0503886342048645
kin8nm,dune_bayes,1244,0.042477797716856,0.003949470352381468,0.04642726853489876
kin8nm,dune_bayes,1245,0.03872312232851982,0.004096783231943846,0.042819906026124954
kin8nm,dune_bayes,1246,0.06100071966648102,0.003931078594177961,0.06493179500102997
kin8nm,dune_bayes,1247,0.0323079451918602,0.0035224107559770346,0.03583035245537758
kin8nm,dune_bayes,1248,0.05567685142159462,0.005887181032449007,0.06156403198838234
kin8nm,dune_bayes,1249,0.057573072612285614,0.004117741249501705,0.061690814793109894
kin8nm,dune_bayes,1250,0.07379771023988724,0.004849937744438648,0.07864765077829361
kin8nm,dune_bayes,1251,0.04302345588803291,0.003437027567997575,0.046460483223199844
kin8nm,dune_bayes,1252,0.05888933688402176,0.0035070134326815605,0.062396351248025894
kin8nm,dune_bayes,1253,0.05715024471282959,0.00449167238548398,0.06164191663265228
kin8nm,dune_bayes,1254,0.06678935140371323,0.004541030153632164,0.07133037596940994
kin8nm,dune_bayes,1255,0.05134395509958267,0.004255249630659819,0.05559920519590378
kin8nm,dune_bayes,1256,0.05770445615053177,0.004989755805581808,0.06269421428442001
kin8nm,dune_bayes,1257,0.04082934558391571,0.005097229033708572,0.04592657461762428
kin8nm,dune_bayes,1258,0.04901472479104996,0.004280750639736652,0.053295474499464035
kin8nm,dune_bayes,1259,0.05973004922270775,0.003999283537268639,0.06372933089733124
kin8nm,dune_bayes,1260,0.057394012808799744,0.004014278762042522,0.06140829250216484
kin8nm,dune_bayes,1261,0.0680854469537735,0.0038264309987425804,0.07191187888383865
kin8nm,dune_bayes,1262,0.0387980155646801,0.004722654353827238,0.043520670384168625
kin8nm,dune_bayes,1263,0.035555049777030945,0.004332744050770998,0.039887793362140656
kin8nm,dune_bayes,1264,0.04914776608347893,0.004827637225389481,0.05397540330886841
kin8nm,dune_bayes,1265,0.03820852190256119,0.004198320209980011,0.0424068421125412
kin8nm,dune_bayes,1266,0.04127233475446701,0.005171576980501413,0.04644390940666199
kin8nm,dune_bayes,1267,0.04033827781677246,0.0037822204176336527,0.04412049800157547
kin8nm,dune_bayes,1268,0.04172981530427933,0.004782991949468851,0.04651280492544174
kin8nm,dune_bayes,1269,0.032954614609479904,0.0045348117128014565,0.037489425390958786
kin8nm,dune_bayes,1270,0.04368828609585762,0.005537251941859722,0.04922553524374962
kin8nm,dune_bayes,1271,0.05141163244843483,0.005867318250238895,0.05727894976735115
kin8nm,dune_bayes,1272,0.05653167515993118,0.0055221086367964745,0.06205378472805023
kin8nm,dune_bayes,1273,0.028694763779640198,0.005463904235512018,0.03415866568684578
kin8nm,dune_bayes,1274,0.02893516980111599,0.004267019685357809,0.033202189952135086
kin8nm,dune_bayes,1275,0.060344845056533813,0.003938181325793266,0.06428302824497223
kin8nm,dune_bayes,1276,0.04725941643118858,0.004155325703322887,0.05141473934054375
kin8nm,dune_bayes,1277,0.03703565523028374,0.0057908580638468266,0.04282651096582413
kin8nm,dune_bayes,1278,0.07030362635850906,0.00543465930968523,0.07573828101158142
kin8nm,dune_bayes,1279,0.032403454184532166,0.004805495031177998,0.03720894828438759
kin8nm,dune_bayes,1280,0.04093105345964432,0.004528551362454891,0.045459602028131485
kin8nm,dune_bayes,1281,0.03278335928916931,0.004419574048370123,0.03720293194055557
kin8nm,dune_bayes,1282,0.03651399165391922,0.005596520844846964,0.04211051017045975
kin8nm,dune_bayes,1283,0.04804706200957298,0.00424934970214963,0.052296411246061325
kin8nm,dune_bayes,1284,0.06031385809183121,0.004561902955174446,0.0648757591843605
kin8nm,dune_bayes,1285,0.06073450297117233,0.004457699600607157,0.06519220024347305
kin8nm,dune_bayes,1286,0.0409645177423954,0.004067828878760338,0.04503234848380089
kin8nm,dune_bayes,1287,0.05241980776190758,0.005141119007021189,0.05756092816591263
kin8nm,dune_bayes,1288,0.04721933230757713,0.0038908955175429583,0.05111022666096687
kin8nm,dune_bayes,1289,0.029088346287608147,0.005921052303165197,0.03500939533114433
kin8nm,dune_bayes,1290,0.029099002480506897,0.004962735343724489,0.0340617373585701
kin8nm,dune_bayes,1291,0.04626143351197243,0.0033008267637342215,0.04956226050853729
kin8nm,dune_bayes,1292,0.06230337545275688,0.005864814389497042,0.06816819310188293
kin8nm,dune_bayes,1293,0.07786306738853455,0.005664254538714886,0.08352731913328171
kin8nm,dune_bayes,1294,0.043101899325847626,0.006422316189855337,0.0495242178440094
kin8nm,dune_bayes,1295,0.029610097408294678,0.004416819661855698,0.034026917070150375
kin8nm,dune_bayes,1296,0.04248623549938202,0.003210279159247875,0.04569651558995247
kin8nm,dune_bayes,1297,0.043524280190467834,0.004584787413477898,0.04810906574130058
kin8nm,dune_bayes,1298,0.051667775958776474,0.0043465145863592625,0.0560142882168293
kin8nm,dune_bayes,1299,0.03331488370895386,0.005525175482034683,0.03884005919098854
kin8nm,dune_bayes,1300,0.042608730494976044,0.003785909153521061,0.04639463871717453
kin8nm,dune_bayes,1301,0.029063811525702477,0.004533093888312578,0.03359690681099892
kin8nm,dune_bayes,1302,0.05510979890823364,0.003921085968613625,0.059030886739492416
kin8nm,dune_bayes,1303,0.05264570564031601,0.004842672031372786,0.057488374412059784
kin8nm,dune_bayes,1304,0.03519819304347038,0.004371106158941984,0.039569299668073654
kin8nm,dune_bayes,1305,0.03827984631061554,0.003729717107489705,0.042009562253952026
kin8nm,dune_bayes,1306,0.03783357888460159,0.0039114151149988174,0.04174499213695526
kin8nm,dune_bayes,1307,0.0548841618001461,0.005095509812235832,0.059979669749736786
kin8nm,dune_bayes,1308,0.05113867670297623,0.003221195889636874,0.05435987189412117
kin8nm,dune_bayes,1309,0.03911694884300232,0.004106402397155762,0.04322335124015808
kin8nm,dune_bayes,1310,0.03684665262699127,0.006096382159739733,0.04294303432106972
kin8nm,dune_bayes,1311,0.04298287257552147,0.004996802657842636,0.047979678958654404
kin8nm,dune_bayes,1312,0.05588700249791145,0.004447732120752335,0.06033473461866379
kin8nm,dune_bayes,1313,0.040619369596242905,0.004640982951968908,0.04526035487651825
kin8nm,dune_bayes,1314,0.04765418916940689,0.004151461645960808,0.05180565267801285
kin8nm,dune_bayes,1315,0.06273499131202698,0.0033375839702785015,0.06607257574796677
kin8nm,dune_bayes,1316,0.04881598427891731,0.004386029671877623,0.05320201441645622
kin8nm,dune_bayes,1317,0.038466762751340866,0.004078007768839598,0.04254477098584175
kin8nm,dune_bayes,1318,0.048263996839523315,0.0036214198917150497,0.051885418593883514
kin8nm,dune_bayes,1319,0.03922448307275772,0.0037251508329063654,0.04294963181018829
kin8nm,dune_bayes,1320,0.06195138394832611,0.0038933586329221725,0.06584474444389343
kin8nm,dune_bayes,1321,0.060455918312072754,0.0037033625412732363,0.06415928155183792
kin8nm,dune_bayes,1322,0.03705686330795288,0.003998941276222467,0.04105580225586891
kin8nm,dune_bayes,1323,0.05760621279478073,0.00459415465593338,0.06220036745071411
kin8nm,dune_bayes,1324,0.04070964828133583,0.0038729761727154255,0.04458262398838997
kin8nm,dune_bayes,1325,0.058684032410383224,0.00472817150875926,0.06341220438480377
kin8nm,dune_bayes,1326,0.06383749097585678,0.004853348713368177,0.06869084388017654
kin8nm,dune_bayes,1327,0.03655240684747696,0.0034923844505101442,0.040044791996479034
kin8nm,dune_bayes,1328,0.04788648709654808,0.006343114655464888,0.054229602217674255
kin8nm,dune_bayes,1329,0.05562318116426468,0.005897815804928541,0.06152099743485451
kin8nm,dune_bayes,1330,0.07582836598157883,0.005363826174288988,0.08119218796491623
kin8nm,dune_bayes,1331,0.0614425428211689,0.003784447442740202,0.06522698700428009
kin8nm,dune_bayes,1332,0.04141712188720703,0.004386307206004858,0.04580342769622803
kin8nm,dune_bayes,1333,0.03142118826508522,0.004922396969050169,0.03634358569979668
kin8nm,dune_bayes,1334,0.03740571439266205,0.005438843742012978,0.042844559997320175
kin8nm,dune_bayes,1335,0.03910455107688904,0.003578047500923276,0.042682599276304245
kin8nm,dune_bayes,1336,0.051271703094244,0.003932729363441467,0.05520443245768547
kin8nm,dune_bayes,1337,0.03323521465063095,0.004070584662258625,0.037305798381567
kin8nm,dune_bayes,1338,0.035604238510131836,0.005117214284837246,0.040721453726291656
kin8nm,dune_bayes,1339,0.06380915641784668,0.003680351423099637,0.06748950481414795
kin8nm,dune_bayes,1340,0.03656952455639839,0.0042142244055867195,0.04078374803066254
kin8nm,dune_bayes,1341,0.027542157098650932,0.005777389742434025,0.03331954777240753
kin8nm,dune_bayes,1342,0.05174487829208374,0.003602101467549801,0.05534697696566582
kin8nm,dune_bayes,1343,0.04855326935648918,0.003984604962170124,0.05253787338733673
kin8nm,dune_bayes,1344,0.05828692764043808,0.003051658160984516,0.06133858487010002
kin8nm,dune_bayes,1345,0.03904494270682335,0.0036573682446032763,0.04270230978727341
kin8nm,dune_bayes,1346,0.05254190415143967,0.0052335914224386215,0.05777549743652344
kin8nm,dune_bayes,1347,0.036751605570316315,0.0053233373910188675,0.04207494109869003
kin8nm,dune_bayes,1348,0.05500095710158348,0.004322119057178497,0.05932307243347168
kin8nm,dune_bayes,1349,0.06922727823257446,0.005152350757271051,0.07437962293624878
kin8nm,dune_bayes,1350,0.04401261731982231,0.006968257483094931,0.05098087340593338
kin8nm,dune_bayes,1351,0.031945742666721344,0.005100649315863848,0.037046391516923904
kin8nm,dune_bayes,1352,0.05972462147474289,0.00466862041503191,0.06439324468374252
kin8nm,dune_bayes,1353,0.05984792113304138,0.003985258284956217,0.06383317708969116
kin8nm,dune_bayes,1354,0.05582704395055771,0.004084811545908451,0.059911854565143585
kin8nm,dune_bayes,1355,0.07280449569225311,0.005291960202157497,0.07809644937515259
kin8nm,dune_bayes,1356,0.051139622926712036,0.005814043339341879,0.05695366486907005
kin8nm,dune_bayes,1357,0.04928211122751236,0.00430690310895443,0.05358901619911194
kin8nm,dune_bayes,1358,0.04224769398570061,0.006228935439139605,0.048476628959178925
kin8nm,dune_bayes,1359,0.037031181156635284,0.003853588132187724,0.04088477045297623
kin8nm,dune_bayes,1360,0.037134889513254166,0.004536889959126711,0.04167178273200989
kin8nm,dune_bayes,1361,0.040170762687921524,0.003976163920015097,0.04414692521095276
kin8nm,dune_bayes,1362,0.03559428080916405,0.004519860725849867,0.0401141420006752
kin8nm,dune_bayes,1363,0.029390400275588036,0.005490990821272135,0.03488139063119888
kin8nm,dune_bayes,1364,0.03660743311047554,0.005124683026224375,0.04173211380839348
kin8nm,dune_bayes,1365,0.039252206683158875,0.004681664053350687,0.04393387585878372
kin8nm,dune_bayes,1366,0.0439063236117363,0.0033843147102743387,0.047290634363889694
kin8nm,dune_bayes,1367,0.07442036271095276,0.004779077600687742,0.07919944077730179
kin8nm,dune_bayes,1368,0.06927523016929626,0.005035067908465862,0.0743102952837944
kin8nm,dune_bayes,1369,0.04398291930556297,0.004480414092540741,0.048463333398103714
kin8nm,dune_bayes,1370,0.06240266561508179,0.003653333755210042,0.06605599820613861
kin8nm,dune_bayes,1371,0.0453316904604435,0.004837092477828264,0.050168778747320175
kin8nm,dune_bayes,1372,0.055429764091968536,0.0046727037988603115,0.060102466493844986
kin8nm,dune_bayes,1373,0.05134750157594681,0.0054628546349704266,0.05681035667657852
kin8nm,dune_bayes,1374,0.04530913010239601,0.004099976271390915,0.049409106373786926
kin8nm,dune_bayes,1375,0.06874716281890869,0.003985023591667414,0.07273218035697937
kin8nm,dune_bayes,1376,0.04748385399580002,0.005387408658862114,0.05287126451730728
kin8nm,dune_bayes,1377,0.03982244431972504,0.004655958153307438,0.0444784015417099
kin8nm,dune_bayes,1378,0.06729870289564133,0.004551461432129145,0.07185015827417374
kin8nm,dune_bayes,1379,0.0402783639729023,0.00547958305105567,0.045757945626974106
kin8nm,dune_bayes,1380,0.047276247292757034,0.004191946238279343,0.05146819353103638
kin8nm,dune_bayes,1381,0.0454762727022171,0.0035988467279821634,0.04907511919736862
kin8nm,dune_bayes,1382,0.05711418762803078,0.004683066159486771,0.06179725378751755
kin8nm,dune_bayes,1383,0.05394746735692024,0.003970228135585785,0.05791769549250603
kin8nm,dune_bayes,1384,0.03879900276660919,0.003838527714833617,0.04263753071427345
kin8nm,dune_bayes,1385,0.04868531599640846,0.004689227789640427,0.05337454006075859
kin8nm,dune_bayes,1386,0.0478205643594265,0.00623678881675005,0.054057348519563675
kin8nm,dune_bayes,1387,0.06989823281764984,0.0052642072550952435,0.07516244053840637
kin8nm,dune_bayes,1388,0.05025417357683182,0.0041115777567029,0.05436575040221214
kin8nm,dune_bayes,1389,0.05714419111609459,0.0049066198989748955,0.06205081194639206
kin8nm,dune_bayes,1390,0.041437387466430664,0.0034366711042821407,0.04487406089901924
kin8nm,dune_bayes,1391,0.06988593190908432,0.004899678751826286,0.07478561252355576
kin8nm,dune_bayes,1392,0.04846445098519325,0.005231731571257114,0.05369618162512779
kin8nm,dune_bayes,1393,0.07058977335691452,0.003872448578476906,0.07446222752332687
kin8nm,dune_bayes,1394,0.05294550210237503,0.004532905295491219,0.0574784055352211
kin8nm,dune_bayes,1395,0.033526461571455,0.0043401592411100864,0.03786662220954895
kin8nm,dune_bayes,1396,0.03521857410669327,0.005395982414484024,0.04061455652117729
kin8nm,dune_bayes,1397,0.03694517910480499,0.004692449234426022,0.04163762927055359
kin8nm,dune_bayes,1398,0.05022648721933365,0.003918114118278027,0.05414460226893425
kin8nm,dune_bayes,1399,0.052165139466524124,0.0041592479683458805,0.05632438883185387
kin8nm,dune_bayes,1400,0.041218992322683334,0.0034911625552922487,0.044710155576467514
kin8nm,dune_bayes,1401,0.04871043562889099,0.004326277412474155,0.05303671211004257
kin8nm,dune_bayes,1402,0.04575379937887192,0.005093572661280632,0.0508473701775074
kin8nm,dune_bayes,1403,0.033739954233169556,0.004285717848688364,0.03802567347884178
kin8nm,dune_bayes,1404,0.05733100324869156,0.005442598834633827,0.06277360022068024
kin8nm,dune_bayes,1405,0.04490815848112106,0.005679069086909294,0.05058722943067551
kin8nm,dune_bayes,1406,0.06370371580123901,0.004459468647837639,0.0681631863117218
kin8nm,dune_bayes,1407,0.04534410312771797,0.005403261631727219,0.05074736475944519
kin8nm,dune_bayes,1408,0.047571826726198196,0.0040480890311300755,0.051619913429021835
kin8nm,dune_bayes,1409,0.04190831631422043,0.0035471327137202024,0.0454554483294487
kin8nm,dune_bayes,1410,0.047810476273298264,0.0038960238453000784,0.051706500351428986
kin8nm,dune_bayes,1411,0.04788823798298836,0.004096498712897301,0.05198473483324051
kin8nm,dune_bayes,1412,0.04837770387530327,0.004602294415235519,0.05297999829053879
kin8nm,dune_bayes,1413,0.05665566772222519,0.003089460777118802,0.05974512919783592
kin8nm,dune_bayes,1414,0.05783124268054962,0.004954670090228319,0.06278591603040695
kin8nm,dune_bayes,1415,0.0436411127448082,0.004453595262020826,0.04809470474720001
kin8nm,dune_bayes,1416,0.03901270031929016,0.004842245019972324,0.04385494440793991
kin8nm,dune_bayes,1417,0.04440729320049286,0.004531548824161291,0.04893884062767029
kin8nm,dune_bayes,1418,0.07072383165359497,0.005335931666195393,0.07605975866317749
kin8nm,dune_bayes,1419,0.06539022922515869,0.003739969339221716,0.06913019716739655
kin8nm,dune_bayes,1420,0.051357876509428024,0.005080041475594044,0.05643791705369949
kin8nm,dune_bayes,1421,0.035416003316640854,0.004198918119072914,0.03961491957306862
kin8nm,dune_bayes,1422,0.0587468221783638,0.003669893369078636,0.06241671368479729
kin8nm,dune_bayes,1423,0.04492044821381569,0.004436919931322336,0.04935736954212189
kin8nm,dune_bayes,1424,0.03347598761320114,0.003766946494579315,0.03724293410778046
kin8nm,dune_bayes,1425,0.050212662667036057,0.0036542892921715975,0.053866952657699585
kin8nm,dune_bayes,1426,0.0452723354101181,0.004261218011379242,0.049533553421497345
kin8nm,dune_bayes,1427,0.04711325466632843,0.0038380578625947237,0.050951309502124786
kin8nm,dune_bayes,1428,0.0656682550907135,0.004504336044192314,0.07017259299755096
kin8nm,dune_bayes,1429,0.04243864119052887,0.005293812602758408,0.04773245379328728
kin8nm,dune_bayes,1430,0.042611632496118546,0.005042896140366793,0.04765452817082405
kin8nm,dune_bayes,1431,0.04387933015823364,0.004538782872259617,0.04841811582446098
kin8nm,dune_bayes,1432,0.03680787608027458,0.006300257984548807,0.04310813546180725
kin8nm,dune_bayes,1433,0.036051154136657715,0.004436358343809843,0.040487516671419144
kin8nm,dune_bayes,1434,0.05784553661942482,0.004899381194263697,0.06274491548538208
kin8nm,dune_bayes,1435,0.04077202081680298,0.003838693955913186,0.04461071640253067
kin8nm,dune_bayes,1436,0.038097478449344635,0.005291609559208155,0.04338908568024635
kin8nm,dune_bayes,1437,0.033234238624572754,0.006074409931898117,0.03930864483118057
kin8nm,dune_bayes,1438,0.056069131940603256,0.004856811370700598,0.06092594563961029
kin8nm,dune_bayes,1439,0.04815209284424782,0.003330124309286475,0.051482219249010086
kin8nm,dune_bayes,1440,0.045839276164770126,0.005035120528191328,0.05087439715862274
kin8nm,dune_bayes,1441,0.056317608803510666,0.003726477501913905,0.06004408374428749
kin8nm,dune_bayes,1442,0.06037828326225281,0.0039330702275037766,0.06431135535240173
kin8nm,dune_bayes,1443,0.05518164485692978,0.004517752211540937,0.059699397534132004
kin8nm,dune_bayes,1444,0.05654814466834068,0.004008125513792038,0.06055627018213272
kin8nm,dune_bayes,1445,0.06293849647045135,0.00426809536293149,0.06720659136772156
kin8nm,dune_bayes,1446,0.053424589335918427,0.0047845179215073586,0.05820911005139351
kin8nm,dune_bayes,1447,0.046697426587343216,0.00480674346908927,0.051504168659448624
kin8nm,dune_bayes,1448,0.05357266962528229,0.004375685006380081,0.05794835463166237
kin8nm,dune_bayes,1449,0.034612659364938736,0.005347591824829578,0.03996024653315544
kin8nm,dune_bayes,1450,0.05718342214822769,0.004399067256599665,0.06158248707652092
kin8nm,dune_bayes,1451,0.05595377832651138,0.0038601995911449194,0.0598139762878418
kin8nm,dune_bayes,1452,0.04091755673289299,0.003707864321768284,0.0446254201233387
kin8nm,dune_bayes,1453,0.06500674784183502,0.0041442266665399075,0.06915097683668137
kin8nm,dune_bayes,1454,0.040023453533649445,0.004798918031156063,0.04482237249612808
kin8nm,dune_bayes,1455,0.04045078158378601,0.00477449968457222,0.04522528126835823
kin8nm,dune_bayes,1456,0.06329534947872162,0.004024669993668795,0.06732001900672913
kin8nm,dune_bayes,1457,0.04208095371723175,0.005214983597397804,0.047295935451984406
kin8nm,dune_bayes,1458,0.04066304862499237,0.004699157550930977,0.0453622080385685
kin8nm,dune_bayes,1459,0.05703115463256836,0.005154153797775507,0.06218530610203743
kin8nm,dune_bayes,1460,0.06211983039975166,0.0031780449207872152,0.06529787182807922
kin8nm,dune_bayes,1461,0.05336851254105568,0.004579861648380756,0.05794837325811386
kin8nm,dune_bayes,1462,0.05791117250919342,0.003483044682070613,0.06139421835541725
kin8nm,dune_bayes,1463,0.0318426638841629,0.0045286002568900585,0.03637126460671425
kin8nm,dune_bayes,1464,0.04677395150065422,0.0037502641789615154,0.050524212419986725
kin8nm,dune_bayes,1465,0.06589841097593307,0.004371208138763905,0.0702696144580841
kin8nm,dune_bayes,1466,0.043636079877614975,0.003887403290718794,0.04752347990870476
kin8nm,dune_bayes,1467,0.046632733196020126,0.004113060422241688,0.05074579641222954
kin8nm,dune_bayes,1468,0.06761246919631958,0.003519577905535698,0.07113204896450043
kin8nm,dune_bayes,1469,0.04309478774666786,0.0047986069694161415,0.04789339378476143
kin8nm,dune_bayes,1470,0.03677862510085106,0.003929651342332363,0.040708281099796295
kin8nm,dune_bayes,1471,0.0503857247531414,0.003982626833021641,0.05436835438013077
kin8nm,dune_bayes,1472,0.034148555248975754,0.004239141475409269,0.03838769719004631
kin8nm,dune_bayes,1473,0.03292640671133995,0.005122639704495668,0.03804904595017433
kin8nm,dune_bayes,1474,0.03616560623049736,0.0043717725202441216,0.04053737595677376
kin8nm,dune_bayes,1475,0.054955292493104935,0.004091137554496527,0.0590464286506176
kin8nm,dune_bayes,1476,0.04368884861469269,0.004019106272608042,0.04770795628428459
kin8nm,dune_bayes,1477,0.052002258598804474,0.004125756211578846,0.056128013879060745
kin8nm,dune_bayes,1478,0.0393097810447216,0.004533330909907818,0.043843112885951996
kin8nm,dune_bayes,1479,0.03986622020602226,0.005114843603223562,0.044981058686971664
kin8nm,dune_bayes,1480,0.033431243151426315,0.004787853918969631,0.03821909427642822
kin8nm,dune_bayes,1481,0.05688668042421341,0.0037103071808815002,0.06059699133038521
kin8nm,dune_bayes,1482,0.04898525029420853,0.0038366829976439476,0.05282193049788475
kin8nm,dune_bayes,1483,0.04219784215092659,0.003707842668518424,0.04590568318963051
kin8nm,dune_bayes,1484,0.07284794002771378,0.004936381708830595,0.07778432220220566
kin8nm,dune_bayes,1485,0.05469172075390816,0.005503355525434017,0.06019507348537445
kin8nm,dune_bayes,1486,0.050147734582424164,0.00393730727955699,0.05408504232764244
kin8nm,dune_bayes,1487,0.0453832782804966,0.005197812803089619,0.05058109015226364
kin8nm,dune_bayes,1488,0.06296820938587189,0.004878864157944918,0.06784707307815552
kin8nm,dune_bayes,1489,0.042029302567243576,0.0032041771337389946,0.045233484357595444
kin8nm,dune_bayes,1490,0.0372617281973362,0.0041786120273172855,0.041440341621637344
kin8nm,dune_bayes,1491,0.034772999584674835,0.006261197384446859,0.04103419557213783
kin8nm,dune_bayes,1492,0.03006281889975071,0.0043284413404762745,0.034391261637210846
kin8nm,dune_bayes,1493,0.0690607875585556,0.004488213453441858,0.07354900240898132
kin8nm,dune_bayes,1494,0.04747626930475235,0.004098107106983662,0.05157437548041344
kin8nm,dune_bayes,1495,0.05508381128311157,0.0049903737381100655,0.06007418781518936
kin8nm,dune_bayes,1496,0.03038611263036728,0.004029517527669668,0.034415628761053085
kin8nm,dune_bayes,1497,0.07435079663991928,0.004695262294262648,0.07904605567455292
kin8nm,dune_bayes,1498,0.06092794984579086,0.0036080526188015938,0.06453600525856018
kin8nm,dune_bayes,1499,0.042880475521087646,0.0038783468771725893,0.04675882309675217
kin8nm,dune_bayes,1500,0.029075689613819122,0.00643982132896781,0.03551550954580307
kin8nm,dune_bayes,1501,0.05368988960981369,0.003774806158617139,0.05746469274163246
kin8nm,dune_bayes,1502,0.03075692616403103,0.004955352749675512,0.03571227937936783
kin8nm,dune_bayes,1503,0.041879840195178986,0.004856978077441454,0.04673682153224945
kin8nm,dune_bayes,1504,0.05036887153983116,0.004285167437046766,0.054654039442539215
kin8nm,dune_bayes,1505,0.03875374794006348,0.005786476191133261,0.044540222734212875
kin8nm,dune_bayes,1506,0.06292656809091568,0.005056395661085844,0.06798295676708221
kin8nm,dune_bayes,1507,0.05294179916381836,0.004696485120803118,0.05763828381896019
kin8nm,dune_bayes,1508,0.04787609726190567,0.004134803544729948,0.05201089754700661
kin8nm,dune_bayes,1509,0.057211220264434814,0.004281697329133749,0.061492919921875
kin8nm,dune_bayes,1510,0.06656347960233688,0.004050443880259991,0.07061392813920975
kin8nm,dune_bayes,1511,0.06715644896030426,0.00448958296328783,0.07164603471755981
kin8nm,dune_bayes,1512,0.05752088502049446,0.004233040846884251,0.061753928661346436
kin8nm,dune_bayes,1513,0.07143084704875946,0.004608460236340761,0.07603930681943893
kin8nm,dune_bayes,1514,0.06594129651784897,0.004598540253937244,0.07053983956575394
kin8nm,dune_bayes,1515,0.05304693803191185,0.005033792927861214,0.05808073282241821
kin8nm,dune_bayes,1516,0.03708997741341591,0.004656281787902117,0.04174625873565674
kin8nm,dune_bayes,1517,0.038178157061338425,0.004106772132217884,0.042284928262233734
kin8nm,dune_bayes,1518,0.05316653475165367,0.004308495670557022,0.05747503042221069
kin8nm,dune_bayes,1519,0.055696677416563034,0.004547839052975178,0.06024451553821564
kin8nm,dune_bayes,1520,0.03773137554526329,0.005848156288266182,0.04357952997088432
kin8nm,dune_bayes,1521,0.05104146897792816,0.0042136311531066895,0.05525510013103485
kin8nm,dune_bayes,1522,0.035651080310344696,0.0044144531711936,0.04006553441286087
kin8nm,dune_bayes,1523,0.04659351333975792,0.003938458859920502,0.05053197592496872
kin8nm,dune_bayes,1524,0.026662243530154228,0.005788958631455898,0.03245120123028755
kin8nm,dune_bayes,1525,0.03394831717014313,0.005407251417636871,0.03935556858778
kin8nm,dune_bayes,1526,0.05718227103352547,0.003010026179254055,0.0601922981441021
kin8nm,dune_bayes,1527,0.03208386152982712,0.005301172379404306,0.037385035306215286
kin8nm,dune_bayes,1528,0.04250282794237137,0.004759237170219421,0.04726206511259079
kin8nm,dune_bayes,1529,0.04540633410215378,0.00367277255281806,0.049079105257987976
kin8nm,dune_bayes,1530,0.045725200325250626,0.004403255879878998,0.05012845620512962
kin8nm,dune_bayes,1531,0.049226876348257065,0.003679417772218585,0.05290629342198372
kin8nm,dune_bayes,1532,0.044986315071582794,0.004540091846138239,0.049526408314704895
kin8nm,dune_bayes,1533,0.048133399337530136,0.004078281112015247,0.05221167951822281
kin8nm,dune_bayes,1534,0.03582422062754631,0.005174660589545965,0.040998879820108414
kin8nm,dune_bayes,1535,0.0516391359269619,0.0043757143430411816,0.05601485073566437
kin8nm,dune_bayes,1536,0.06142228841781616,0.003588174469769001,0.06501046568155289
kin8nm,dune_bayes,1537,0.048420634120702744,0.005430920980870724,0.05385155603289604
kin8nm,dune_bayes,1538,0.06276243925094604,0.004065345507115126,0.06682778149843216
kin8nm,dune_bayes,1539,0.048252373933792114,0.00377836637198925,0.052030738443136215
kin8nm,dune_bayes,1540,0.043820980936288834,0.005401770584285259,0.04922275245189667
kin8nm,dune_bayes,1541,0.041571054607629776,0.00360950012691319,0.0451805554330349
kin8nm,dune_bayes,1542,0.05187935009598732,0.0035811944399029016,0.05546054616570473
kin8nm,dune_bayes,1543,0.05499104782938957,0.0047056907787919044,0.0596967376768589
kin8nm,dune_bayes,1544,0.05244661867618561,0.0034569313284009695,0.05590355023741722
kin8nm,dune_bayes,1545,0.046037085354328156,0.004516375716775656,0.05055345967411995
kin8nm,dune_bayes,1546,0.03788551688194275,0.005225546658039093,0.04311106353998184
kin8nm,dune_bayes,1547,0.05723218247294426,0.0063252924010157585,0.06355747580528259
kin8nm,dune_bayes,1548,0.04550309106707573,0.0037130173295736313,0.04921610653400421
kin8nm,dune_bayes,1549,0.038622789084911346,0.004552834667265415,0.043175626546144485
kin8nm,dune_bayes,1550,0.06743615865707397,0.004866706673055887,0.07230287045240402
kin8nm,dune_bayes,1551,0.03531958535313606,0.005345664452761412,0.04066525399684906
kin8nm,dune_bayes,1552,0.055809468030929565,0.004902318120002747,0.06071178615093231
kin8nm,dune_bayes,1553,0.0413789339363575,0.004498409107327461,0.04587734490633011
kin8nm,dune_bayes,1554,0.05286559835076332,0.003900635987520218,0.05676623061299324
kin8nm,dune_bayes,1555,0.04692317172884941,0.0037440326996147633,0.05066720396280289
kin8nm,dune_bayes,1556,0.042248401790857315,0.00548442080616951,0.047732822597026825
kin8nm,dune_bayes,1557,0.04710116237401962,0.0046763974241912365,0.05177756026387215
kin8nm,dune_bayes,1558,0.04978993162512779,0.0037334163207560778,0.05352334678173065
kin8nm,dune_bayes,1559,0.06249896436929703,0.00388483633287251,0.06638380140066147
kin8nm,dune_bayes,1560,0.040609829127788544,0.004219370894134045,0.044829197227954865
kin8nm,dune_bayes,1561,0.058178357779979706,0.003971368074417114,0.06214972585439682
kin8nm,dune_bayes,1562,0.06602262705564499,0.0042533837258815765,0.07027600705623627
kin8nm,dune_bayes,1563,0.07386654615402222,0.004481479991227388,0.07834802567958832
kin8nm,dune_bayes,1564,0.05693898722529411,0.004002428613603115,0.0609414167702198
kin8nm,dune_bayes,1565,0.05862109363079071,0.005374102853238583,0.06399519741535187
kin8nm,dune_bayes,1566,0.056177012622356415,0.003896678565070033,0.060073692351579666
kin8nm,dune_bayes,1567,0.03923827037215233,0.0048270318657159805,0.04406530037522316
kin8nm,dune_bayes,1568,0.06915570050477982,0.005428418982774019,0.07458411902189255
kin8nm,dune_bayes,1569,0.076738640666008,0.005360803566873074,0.08209944516420364
kin8nm,dune_bayes,1570,0.04360267519950867,0.00491232518106699,0.04851499944925308
kin8nm,dune_bayes,1571,0.030326731503009796,0.004339527804404497,0.034666258841753006
kin8nm,dune_bayes,1572,0.05681466683745384,0.0047583868727087975,0.061573050916194916
kin8nm,dune_bayes,1573,0.0584120936691761,0.004809334874153137,0.06322143226861954
kin8nm,dune_bayes,1574,0.03068671189248562,0.005086924880743027,0.035773638635873795
kin8nm,dune_bayes,1575,0.04194224625825882,0.004196164198219776,0.04613840952515602
kin8nm,dune_bayes,1576,0.03496108204126358,0.00509164622053504,0.04005273059010506
kin8nm,dune_bayes,1577,0.034145697951316833,0.00488086836412549,0.039026565849781036
kin8nm,dune_bayes,1578,0.033854756504297256,0.004582586232572794,0.03843734413385391
kin8nm,dune_bayes,1579,0.04405731335282326,0.003897279966622591,0.04795459285378456
kin8nm,dune_bayes,1580,0.044276151806116104,0.0034354685340076685,0.04771161824464798
kin8nm,dune_bayes,1581,0.061307765543460846,0.0032113161869347095,0.06451908499002457
kin8nm,dune_bayes,1582,0.06272527575492859,0.004304494708776474,0.06702976673841476
kin8nm,dune_bayes,1583,0.03566538169980049,0.004217242356389761,0.03988262638449669
kin8nm,dune_bayes,1584,0.06446889787912369,0.00512707931920886,0.06959597766399384
kin8nm,dune_bayes,1585,0.037886280566453934,0.0039694351144135,0.041855715215206146
kin8nm,dune_bayes,1586,0.04775015264749527,0.003960555884987116,0.05171070992946625
kin8nm,dune_bayes,1587,0.036256976425647736,0.005179750733077526,0.04143672436475754
kin8nm,dune_bayes,1588,0.06686706840991974,0.004687971901148558,0.07155504077672958
kin8nm,dune_bayes,1589,0.03894271329045296,0.0036008430179208517,0.042543552815914154
kin8nm,dune_bayes,1590,0.06501047313213348,0.004921634215861559,0.06993211060762405
kin8nm,dune_bayes,1591,0.05395570397377014,0.004192972555756569,0.05814867839217186
kin8nm,dune_bayes,1592,0.03912819176912308,0.004442586563527584,0.043570779263973236
kin8nm,dune_bayes,1593,0.050350598990917206,0.0042702495120465755,0.05462084710597992
kin8nm,dune_bayes,1594,0.03978455439209938,0.004775462206453085,0.044560015201568604
kin8nm,dune_bayes,1595,0.043164730072021484,0.0037768941838294268,0.04694162309169769
kin8nm,dune_bayes,1596,0.03932838886976242,0.003991980571299791,0.04332037270069122
kin8nm,dune_bayes,1597,0.047196079045534134,0.0038227702025324106,0.0510188452899456
kin8nm,dune_bayes,1598,0.05468589439988136,0.004093764815479517,0.05877966061234474
kin8nm,dune_bayes,1599,0.03573695197701454,0.0051317098550498486,0.04086866229772568
kin8nm,dune_bayes,1600,0.04524770751595497,0.003453782293945551,0.048701491206884384
kin8nm,dune_bayes,1601,0.03891332820057869,0.0044439383782446384,0.04335726425051689
kin8nm,dune_bayes,1602,0.0665045753121376,0.004102461505681276,0.07060703635215759
kin8nm,dune_bayes,1603,0.0393904373049736,0.005388382822275162,0.044778816401958466
kin8nm,dune_bayes,1604,0.03549845516681671,0.003882837248966098,0.03938128799200058
kin8nm,dune_bayes,1605,0.04358062893152237,0.004659078549593687,0.048239707946777344
kin8nm,dune_bayes,1606,0.04183700680732727,0.004170617554336786,0.04600762203335762
kin8nm,dune_bayes,1607,0.06831547617912292,0.004871818702667952,0.07318729907274246
kin8nm,dune_bayes,1608,0.05950586125254631,0.004185337573289871,0.06369119882583618
kin8nm,dune_bayes,1609,0.07010730355978012,0.0042722211219370365,0.07437952607870102
kin8nm,dune_bayes,1610,0.054480645805597305,0.004032562021166086,0.05851321294903755
kin8nm,dune_bayes,1611,0.038841716945171356,0.0038525855634361506,0.042694300413131714
kin8nm,dune_bayes,1612,0.06434135138988495,0.0044347685761749744,0.06877611577510834
kin8nm,dune_bayes,1613,0.048742253333330154,0.005362769588828087,0.05410502105951309
kin8nm,dune_bayes,1614,0.054539069533348083,0.003998243249952793,0.0585373118519783
kin8nm,dune_bayes,1615,0.047933872789144516,0.002899934770539403,0.050833810120821
kin8nm,dune_bayes,1616,0.03567654266953468,0.004651317372918129,0.04032786190509796
kin8nm,dune_bayes,1617,0.04498890042304993,0.005019552540034056,0.05000845342874527
kin8nm,dune_bayes,1618,0.037983644753694534,0.005044240038841963,0.043027885258197784
kin8nm,dune_bayes,1619,0.03354353830218315,0.004826611373573542,0.038370151072740555
kin8nm,dune_bayes,1620,0.04642699286341667,0.0053469231352210045,0.05177391692996025
kin8nm,dune_bayes,1621,0.05679764226078987,0.0037648912984877825,0.060562532395124435
kin8nm,dune_bayes,1622,0.04499395564198494,0.005073136650025845,0.05006708949804306
kin8nm,dune_bayes,1623,0.03275540471076965,0.004032507538795471,0.036787908524274826
kin8nm,dune_bayes,1624,0.058160070329904556,0.0038207906764000654,0.06198086217045784
kin8nm,dune_bayes,1625,0.04707567021250725,0.004103539511561394,0.05117920786142349
kin8nm,dune_bayes,1626,0.030331814661622047,0.0043207257986068726,0.03465253859758377
kin8nm,dune_bayes,1627,0.03763166069984436,0.00413921382278204,0.041770875453948975
kin8nm,dune_bayes,1628,0.03842337056994438,0.005592927802354097,0.04401629790663719
kin8nm,dune_bayes,1629,0.054570794105529785,0.004443512763828039,0.05901430919766426
kin8nm,dune_bayes,1630,0.032816898077726364,0.004460745491087437,0.037277642637491226
kin8nm,dune_bayes,1631,0.05607696250081062,0.004416838753968477,0.06049380078911781
kin8nm,dune_bayes,1632,0.04267873987555504,0.004409245681017637,0.04708798602223396
kin8nm,dune_bayes,1633,0.033281851559877396,0.004521960858255625,0.03780381381511688
kin8nm,dune_bayes,1634,0.051963016390800476,0.004985217936336994,0.056948233395814896
kin8nm,dune_bayes,1635,0.03926335647702217,0.0053686401806771755,0.044631995260715485
kin8nm,dune_bayes,1636,0.03843357041478157,0.00487268902361393,0.04330625757575035
kin8nm,dune_bayes,1637,0.0563773512840271,0.004476252011954784,0.06085360050201416
