dataset,model,observation,parameter,q05,q50,q95
bike,dune_bayes,0,mean,66.47589569091797,73.88705062866211,80.9739429473877
bike,dune_bayes,1,mean,103.31682205200195,110.42988204956055,116.73232498168944
bike,dune_bayes,2,mean,118.24712257385254,124.9920883178711,130.94933547973633
bike,dune_bayes,3,mean,109.72546195983887,117.24867248535156,123.67580604553223
bike,dune_bayes,4,mean,87.30125579833984,95.12153625488281,102.84633865356444
bike,dune_bayes,5,mean,103.21983489990234,110.15291976928711,116.45439949035644
bike,dune_bayes,6,mean,129.21552734375,136.75473022460938,144.3480667114258
bike,dune_bayes,7,mean,137.89286346435546,146.1310577392578,154.64107513427734
bike,dune_bayes,8,mean,125.40034561157226,133.1225128173828,141.50108108520507
bike,dune_bayes,9,mean,149.12233505249023,157.4578094482422,165.82827606201172
bike,dune_bayes,10,mean,159.89126892089843,168.3036117553711,176.36952590942383
bike,dune_bayes,11,mean,153.00678405761718,161.58935546875,169.59314727783203
bike,dune_bayes,12,mean,127.7160041809082,135.51886749267578,143.2138412475586
bike,dune_bayes,13,mean,85.5242530822754,92.43683242797852,99.57451019287109
bike,dune_bayes,14,mean,57.86130599975586,64.91515731811523,72.35027618408202
bike,dune_bayes,15,mean,86.23887748718262,93.01280975341797,99.92218475341797
bike,dune_bayes,16,mean,129.46230850219726,136.94070434570312,144.40953826904297
bike,dune_bayes,17,mean,141.06339111328126,149.14290618896484,156.50548553466797
bike,dune_bayes,18,mean,132.66471481323242,140.3323516845703,147.67757873535157
bike,dune_bayes,19,mean,91.9819351196289,98.5604476928711,105.76119003295898
bike,dune_bayes,20,mean,77.44862823486328,83.94439697265625,91.31979713439941
bike,dune_bayes,21,mean,61.2893424987793,68.48055267333984,75.97342681884766
bike,dune_bayes,22,mean,61.2893424987793,68.48055267333984,75.97342681884766
bike,dune_bayes,23,mean,157.80617752075196,166.24556732177734,174.51176910400392
bike,dune_bayes,24,mean,168.27645950317384,176.7020263671875,184.71149291992188
bike,dune_bayes,25,mean,147.18872756958007,155.63915252685547,163.2786865234375
bike,dune_bayes,26,mean,84.3524959564209,91.05806350708008,98.47059326171875
bike,dune_bayes,27,mean,85.76966705322266,92.55741882324219,99.75306739807128
bike,dune_bayes,28,mean,97.2196159362793,103.98124694824219,110.74082984924316
bike,dune_bayes,29,mean,114.9037311553955,122.15841674804688,129.02101821899413
bike,dune_bayes,30,mean,77.8343276977539,84.42532348632812,91.49758377075194
bike,dune_bayes,31,mean,122.3406810760498,129.74746704101562,137.80890579223632
bike,dune_bayes,32,mean,143.62824630737305,152.08776092529297,160.47873458862304
bike,dune_bayes,33,mean,139.97360916137694,148.4383316040039,156.74236831665038
bike,dune_bayes,34,mean,142.55333404541017,151.22366333007812,159.31798706054687
bike,dune_bayes,35,mean,107.58876724243164,114.6514778137207,121.70104026794434
bike,dune_bayes,36,mean,125.76107292175293,133.74832153320312,141.53986892700195
bike,dune_bayes,37,mean,119.22000274658203,126.44283676147461,134.18758163452148
bike,dune_bayes,38,mean,107.14582481384278,114.23274612426758,121.23376274108887
bike,dune_bayes,39,mean,59.25551528930664,66.69272232055664,73.62327003479004
bike,dune_bayes,40,mean,59.25551528930664,66.69272232055664,73.62327003479004
bike,dune_bayes,41,mean,131.9889709472656,140.57127380371094,149.694287109375
bike,dune_bayes,42,mean,135.29453735351564,143.94304656982422,152.48012771606446
bike,dune_bayes,43,mean,133.50597076416017,142.14807891845703,150.75543746948242
bike,dune_bayes,44,mean,113.52093772888183,121.35969543457031,129.69071350097656
bike,dune_bayes,45,mean,139.21734085083008,147.8216094970703,157.07827682495116
bike,dune_bayes,46,mean,146.3670425415039,155.03945922851562,163.69489059448242
bike,dune_bayes,47,mean,132.8194923400879,141.39584350585938,150.40361862182618
bike,dune_bayes,48,mean,121.97787971496582,129.9974822998047,138.33165740966797
bike,dune_bayes,49,mean,122.41470260620117,130.87257385253906,139.91723251342773
bike,dune_bayes,50,mean,112.72576026916504,120.27085494995117,127.74676628112793
bike,dune_bayes,51,mean,116.21877403259278,123.61529159545898,132.05471267700196
bike,dune_bayes,52,mean,125.40034561157226,133.1225128173828,141.50108108520507
bike,dune_bayes,53,mean,139.88428497314453,148.20474243164062,156.4011215209961
bike,dune_bayes,54,mean,102.34603958129883,109.52156829833984,116.13145065307617
bike,dune_bayes,55,mean,102.34603958129883,109.52156829833984,116.13145065307617
bike,dune_bayes,56,mean,33.431007385253906,42.20849609375,50.43106613159179
bike,dune_bayes,57,mean,122.7381549835205,130.69056701660156,138.989111328125
bike,dune_bayes,58,mean,130.59832000732422,138.72972106933594,148.04683456420898
bike,dune_bayes,59,mean,130.28004531860353,138.4608612060547,147.18056869506836
bike,dune_bayes,60,mean,120.08112564086915,127.68912506103516,136.00591049194335
bike,dune_bayes,61,mean,117.43408546447753,124.6093978881836,132.72209243774415
bike,dune_bayes,62,mean,125.28157768249511,132.85618591308594,141.14679946899415
bike,dune_bayes,63,mean,125.1383056640625,133.00147247314453,141.52862625122071
bike,dune_bayes,64,mean,115.67800254821778,122.84844207763672,130.9893371582031
bike,dune_bayes,65,mean,104.99830436706543,112.32794952392578,120.0485252380371
bike,dune_bayes,66,mean,104.28154144287109,111.7816047668457,119.2830654144287
bike,dune_bayes,67,mean,104.12221603393554,111.60779190063477,119.07533226013183
bike,dune_bayes,68,mean,103.64366035461425,111.02437210083008,118.55330352783203
bike,dune_bayes,69,mean,56.983541870117186,63.84104919433594,71.44532852172851
bike,dune_bayes,70,mean,71.1187355041504,77.74259185791016,85.16551551818847
bike,dune_bayes,71,mean,127.7160041809082,135.51886749267578,143.2138412475586
bike,dune_bayes,72,mean,99.352685546875,106.21788787841797,112.94974555969239
bike,dune_bayes,73,mean,83.30648574829101,89.79448699951172,96.6650966644287
bike,dune_bayes,74,mean,83.03438720703124,89.50814437866211,96.234077835083
bike,dune_bayes,75,mean,162.06910400390626,170.0952606201172,177.81333694458007
bike,dune_bayes,76,mean,116.37919960021972,123.11820602416992,130.11322097778321
bike,dune_bayes,77,mean,117.68907432556152,124.49601364135742,131.11428298950196
bike,dune_bayes,78,mean,117.68907432556152,124.49601364135742,131.11428298950196
bike,dune_bayes,79,mean,115.07277717590333,122.0771255493164,129.46838760375977
bike,dune_bayes,80,mean,114.11698532104492,121.2785758972168,128.5766815185547
bike,dune_bayes,81,mean,136.15749893188476,144.0876007080078,152.08814697265626
bike,dune_bayes,82,mean,126.83582572937011,134.64297485351562,142.58480682373047
bike,dune_bayes,83,mean,130.11536865234376,137.9910888671875,145.9164031982422
bike,dune_bayes,84,mean,130.38483505249025,138.40319061279297,146.33485717773436
bike,dune_bayes,85,mean,115.68039436340332,123.29515838623047,130.81573791503905
bike,dune_bayes,86,mean,122.15187721252441,129.90208435058594,137.96806640625
bike,dune_bayes,87,mean,116.89956970214844,124.47725677490234,132.25935897827148
bike,dune_bayes,88,mean,41.117899322509764,48.98197937011719,56.464883422851564
bike,dune_bayes,89,mean,46.974063110351565,55.55366516113281,63.435093688964834
bike,dune_bayes,90,mean,41.80794219970703,50.536285400390625,58.56718215942383
bike,dune_bayes,91,mean,157.14430618286133,163.72147369384766,169.05518188476563
bike,dune_bayes,92,mean,149.72403717041016,156.76799774169922,162.68722686767578
bike,dune_bayes,93,mean,144.63110885620117,151.8936538696289,158.0253059387207
bike,dune_bayes,94,mean,128.4379020690918,135.078369140625,141.22549362182616
bike,dune_bayes,95,mean,149.80562286376954,158.06875610351562,165.75127487182615
bike,dune_bayes,96,mean,138.8057716369629,146.961181640625,154.54168395996092
bike,dune_bayes,97,mean,120.18303680419922,127.04647827148438,133.94802703857422
bike,dune_bayes,98,mean,116.41044692993164,123.96025466918945,131.1971076965332
bike,dune_bayes,99,mean,142.9316078186035,150.5330810546875,157.2835792541504
bike,dune_bayes,100,mean,94.97451591491699,101.60811233520508,108.6949691772461
bike,dune_bayes,101,mean,130.38643646240234,138.55862426757812,147.48592834472655
bike,dune_bayes,102,mean,155.7712600708008,165.20372009277344,174.5622932434082
bike,dune_bayes,103,mean,117.37617797851563,125.75505447387695,134.60575256347656
bike,dune_bayes,104,mean,121.31798400878907,129.66465759277344,137.91254806518555
bike,dune_bayes,105,mean,140.18865051269532,148.60491943359375,157.39870834350586
bike,dune_bayes,106,mean,116.69672927856445,124.82726287841797,132.6504119873047
bike,dune_bayes,107,mean,91.03028411865235,98.0933837890625,105.40937805175781
bike,dune_bayes,108,mean,91.03028411865235,98.0933837890625,105.40937805175781
bike,dune_bayes,109,mean,80.36606483459472,86.93338012695312,93.94658851623535
bike,dune_bayes,110,mean,126.32046318054199,134.51937103271484,142.6792984008789
bike,dune_bayes,111,mean,144.7939811706543,153.3591079711914,162.89089813232422
bike,dune_bayes,112,mean,123.34657707214356,132.24970245361328,140.6639846801758
bike,dune_bayes,113,mean,134.4219596862793,142.70860290527344,150.84468688964844
bike,dune_bayes,114,mean,74.43442649841309,81.03534698486328,88.60718307495117
bike,dune_bayes,115,mean,158.1997917175293,166.6847381591797,173.78098907470704
bike,dune_bayes,116,mean,80.58410415649413,87.28014755249023,94.22747497558593
bike,dune_bayes,117,mean,48.48585586547852,56.206382751464844,64.27334442138671
bike,dune_bayes,118,mean,44.21634979248047,52.44935607910156,60.70835876464841
bike,dune_bayes,119,mean,44.41304397583008,52.64897155761719,60.834755706787064
bike,dune_bayes,120,mean,41.711221313476564,49.88188171386719,58.113870239257764
bike,dune_bayes,121,mean,52.96958694458008,60.71094512939453,68.4533462524414
bike,dune_bayes,122,mean,36.609520721435544,45.313194274902344,53.32188262939453
bike,dune_bayes,123,mean,56.941375732421875,64.83598709106445,72.45427894592285
bike,dune_bayes,124,mean,71.14156761169434,78.14281463623047,85.54134902954101
bike,dune_bayes,125,mean,95.16423835754395,102.02488708496094,109.2879768371582
bike,dune_bayes,126,mean,97.69530334472657,104.26405715942383,111.03753395080565
bike,dune_bayes,127,mean,100.77849197387695,107.4410285949707,113.92786941528318
bike,dune_bayes,128,mean,103.10495071411133,109.56823348999023,116.28857460021973
bike,dune_bayes,129,mean,79.20390739440919,85.78703308105469,92.8123218536377
bike,dune_bayes,130,mean,63.178052520751955,70.7478256225586,77.82493171691894
bike,dune_bayes,131,mean,108.67838516235352,115.17734146118164,121.7464973449707
bike,dune_bayes,132,mean,94.9837760925293,101.4899673461914,107.85617027282714
bike,dune_bayes,133,mean,91.94622764587402,99.07247924804688,105.7571174621582
bike,dune_bayes,134,mean,93.51188125610352,100.29459381103516,107.15737648010253
bike,dune_bayes,135,mean,88.80994415283203,95.705078125,102.98577995300292
bike,dune_bayes,136,mean,98.63324890136718,105.67131423950195,112.57777557373046
bike,dune_bayes,137,mean,98.63324890136718,105.67131423950195,112.57777557373046
bike,dune_bayes,138,mean,98.35836296081543,105.40592956542969,112.23052101135254
bike,dune_bayes,139,mean,85.07787742614747,91.73481750488281,98.93213119506837
bike,dune_bayes,140,mean,71.97711334228515,78.64632415771484,86.51396865844727
bike,dune_bayes,141,mean,31.340508651733398,40.181121826171875,48.52648849487304
bike,dune_bayes,142,mean,48.30088348388672,56.546714782714844,64.41319503784179
bike,dune_bayes,143,mean,154.2006820678711,162.15536499023438,169.1693572998047
bike,dune_bayes,144,mean,135.50771942138672,143.68080139160156,153.02612380981444
bike,dune_bayes,145,mean,133.6975959777832,141.76050567626953,150.02348709106445
bike,dune_bayes,146,mean,118.12145385742187,125.65443420410156,134.0693717956543
bike,dune_bayes,147,mean,125.44750213623047,133.21944427490234,141.63888702392578
bike,dune_bayes,148,mean,134.43936767578126,142.66539001464844,151.81317749023438
bike,dune_bayes,149,mean,147.1026268005371,155.48998260498047,163.87923202514648
bike,dune_bayes,150,mean,95.20861778259277,101.99456405639648,108.85840682983398
bike,dune_bayes,151,mean,50.49354019165039,58.281410217285156,66.028116607666
bike,dune_bayes,152,mean,124.24682960510253,131.77660369873047,139.17470932006836
bike,dune_bayes,153,mean,145.72999267578126,153.77400970458984,160.92805404663085
bike,dune_bayes,154,mean,67.97075691223145,75.26780700683594,81.86067123413086
bike,dune_bayes,155,mean,31.51295280456543,39.735435485839844,48.227352905273435
bike,dune_bayes,156,mean,31.51295280456543,39.735435485839844,48.227352905273435
bike,dune_bayes,157,mean,31.753076553344727,40.218101501464844,48.57345352172851
bike,dune_bayes,158,mean,34.63258514404297,43.01954650878906,51.375251007080074
bike,dune_bayes,159,mean,34.76592025756836,43.248321533203125,51.653815460205074
bike,dune_bayes,160,mean,33.34642715454102,41.90376281738281,50.22020568847656
bike,dune_bayes,161,mean,52.261924743652344,61.025665283203125,69.50812759399413
bike,dune_bayes,162,mean,95.71668128967285,103.30005264282227,110.35822563171385
bike,dune_bayes,163,mean,107.21883621215821,113.8309555053711,120.25439720153808
bike,dune_bayes,164,mean,108.1758960723877,115.02129364013672,121.61729660034179
bike,dune_bayes,165,mean,126.3544692993164,132.94932556152344,139.4762954711914
bike,dune_bayes,166,mean,92.73532524108887,99.13748931884766,106.37572555541992
bike,dune_bayes,167,mean,54.05586318969726,61.9027099609375,69.64685745239258
bike,dune_bayes,168,mean,45.4317985534668,53.94322967529297,61.854574584960936
bike,dune_bayes,169,mean,42.86388168334961,51.46623229980469,59.40856170654296
bike,dune_bayes,170,mean,28.20686912536621,37.199424743652344,45.57585906982422
bike,dune_bayes,171,mean,105.43896141052247,112.02666854858398,118.34296226501465
bike,dune_bayes,172,mean,97.53250274658203,104.25239181518555,111.20989532470703
bike,dune_bayes,173,mean,66.88163986206055,74.66775512695312,82.21677207946776
bike,dune_bayes,174,mean,48.59798965454102,57.11974334716797,65.30420417785643
bike,dune_bayes,175,mean,65.28419914245606,72.60635375976562,80.29710960388184
bike,dune_bayes,176,mean,133.34458618164064,141.55506896972656,150.6643165588379
bike,dune_bayes,177,mean,149.13224411010742,157.9217529296875,166.8147171020508
bike,dune_bayes,178,mean,135.83494262695314,144.22631072998047,152.99140319824218
bike,dune_bayes,179,mean,141.58001480102538,150.5455322265625,159.893302154541
bike,dune_bayes,180,mean,118.7955322265625,127.15234756469727,135.3137664794922
bike,dune_bayes,181,mean,111.81474609375,119.78593826293945,127.87303314208984
bike,dune_bayes,182,mean,124.92979278564454,133.57157135009766,141.85711059570312
bike,dune_bayes,183,mean,135.49073486328126,144.37581634521484,152.53411102294922
bike,dune_bayes,184,mean,137.4625099182129,145.6772003173828,153.96480636596678
bike,dune_bayes,185,mean,48.567378234863284,56.332000732421875,64.12990226745605
bike,dune_bayes,186,mean,149.9202507019043,158.79357147216797,167.07330245971679
bike,dune_bayes,187,mean,145.6934669494629,154.43697357177734,162.7381393432617
bike,dune_bayes,188,mean,143.32966003417968,152.1468505859375,160.57091369628907
bike,dune_bayes,189,mean,130.38022994995117,139.14024353027344,147.25117111206055
bike,dune_bayes,190,mean,127.28244400024414,135.7296371459961,143.88205261230468
bike,dune_bayes,191,mean,70.07374839782715,76.6770248413086,83.6168399810791
bike,dune_bayes,192,mean,43.02957305908203,50.800941467285156,58.397091674804685
bike,dune_bayes,193,mean,54.952172088623044,62.08683776855469,68.88418502807617
bike,dune_bayes,194,mean,83.03438720703124,89.50814437866211,96.234077835083
bike,dune_bayes,195,mean,153.87485046386718,162.3028335571289,170.6136100769043
bike,dune_bayes,196,mean,152.75932388305665,160.6643524169922,168.66295166015624
bike,dune_bayes,197,mean,121.30865669250488,128.68301391601562,135.976123046875
bike,dune_bayes,198,mean,61.38084869384765,68.55958557128906,75.73612213134766
bike,dune_bayes,199,mean,74.86780319213867,81.5514030456543,88.27759475708008
bike,dune_bayes,200,mean,75.45408897399902,82.09786224365234,88.91652526855468
bike,dune_bayes,201,mean,196.6124580383301,204.7024154663086,212.6486686706543
bike,dune_bayes,202,mean,193.9320495605469,201.9192657470703,209.61328735351563
bike,dune_bayes,203,mean,194.01586837768554,202.30770874023438,209.95215377807617
bike,dune_bayes,204,mean,160.30152969360353,168.6146469116211,175.78365325927734
bike,dune_bayes,205,mean,183.3300765991211,191.86080169677734,199.29995346069336
bike,dune_bayes,206,mean,194.72627792358398,202.88587951660156,210.02657241821288
bike,dune_bayes,207,mean,282.6529846191406,290.3638610839844,299.13622589111327
bike,dune_bayes,208,mean,158.81446990966796,167.2433090209961,175.67179336547852
bike,dune_bayes,209,mean,129.47142181396484,136.97372436523438,144.74603195190429
bike,dune_bayes,210,mean,191.63347320556642,200.0595474243164,207.27073822021484
bike,dune_bayes,211,mean,143.6811195373535,150.8450164794922,156.5296417236328
bike,dune_bayes,212,mean,157.80777130126953,165.13983154296875,170.80544662475586
bike,dune_bayes,213,mean,226.5089080810547,233.51551818847656,239.99657897949217
bike,dune_bayes,214,mean,201.90286560058593,208.37078857421875,213.61963348388673
bike,dune_bayes,215,mean,192.68951873779298,198.47573852539062,203.4352600097656
bike,dune_bayes,216,mean,162.08907623291014,167.22227478027344,172.8501304626465
bike,dune_bayes,217,mean,121.35915756225586,127.25086975097656,133.27239913940429
bike,dune_bayes,218,mean,304.62780303955077,311.97666931152344,320.6671997070313
bike,dune_bayes,219,mean,307.0450042724609,314.39320373535156,323.42123260498045
bike,dune_bayes,220,mean,290.42762451171876,297.3398895263672,305.88949432373045
bike,dune_bayes,221,mean,269.0394622802734,276.22120666503906,284.2835693359375
bike,dune_bayes,222,mean,206.59789505004883,215.09297943115234,223.12182388305663
bike,dune_bayes,223,mean,207.48752975463867,216.0206756591797,224.43459396362303
bike,dune_bayes,224,mean,216.00202026367188,224.3471908569336,232.61865158081054
bike,dune_bayes,225,mean,174.5835273742676,183.22309112548828,192.4378646850586
bike,dune_bayes,226,mean,161.9810562133789,169.76583099365234,178.03108596801758
bike,dune_bayes,227,mean,175.24053649902345,183.1654052734375,191.54351730346679
bike,dune_bayes,228,mean,182.67427825927734,190.22613525390625,198.08882675170898
bike,dune_bayes,229,mean,209.86581268310547,217.49504852294922,225.2104637145996
bike,dune_bayes,230,mean,76.55699310302734,84.5406379699707,91.86318817138671
bike,dune_bayes,231,mean,61.022088623046876,68.04182434082031,75.66775131225586
bike,dune_bayes,232,mean,102.40071601867676,109.62782669067383,116.29552268981934
bike,dune_bayes,233,mean,124.24682960510253,131.77660369873047,139.17470932006836
bike,dune_bayes,234,mean,131.64770278930663,139.29261016845703,146.61103057861328
bike,dune_bayes,235,mean,130.07320709228514,137.90230560302734,145.93481979370117
bike,dune_bayes,236,mean,108.50602188110352,115.72611618041992,123.11548461914062
bike,dune_bayes,237,mean,138.00795516967773,146.17867279052734,154.11264877319337
bike,dune_bayes,238,mean,180.76097564697267,189.0135269165039,196.87297134399412
bike,dune_bayes,239,mean,181.43074798583984,189.63516235351562,197.2622100830078
bike,dune_bayes,240,mean,174.87066802978515,183.19619750976562,191.15032272338868
bike,dune_bayes,241,mean,90.17661094665527,96.82341003417969,103.93308868408202
bike,dune_bayes,242,mean,71.88217391967774,79.06835556030273,86.35343627929686
bike,dune_bayes,243,mean,158.63699111938476,166.04244995117188,172.07562713623048
bike,dune_bayes,244,mean,70.15082969665528,78.53376007080078,86.62113304138182
bike,dune_bayes,245,mean,62.777845764160155,70.60567474365234,78.39910469055175
bike,dune_bayes,246,mean,62.777845764160155,70.60567474365234,78.39910469055175
bike,dune_bayes,247,mean,68.25110206604003,76.23421859741211,83.90278549194335
bike,dune_bayes,248,mean,219.13211059570312,225.26618194580078,230.58242721557616
bike,dune_bayes,249,mean,219.13211059570312,225.26618194580078,230.58242721557616
bike,dune_bayes,250,mean,102.09391365051269,109.17784118652344,116.5629581451416
bike,dune_bayes,251,mean,171.2501480102539,179.7023696899414,187.80599975585938
bike,dune_bayes,252,mean,147.2306770324707,154.09600067138672,161.66851119995118
bike,dune_bayes,253,mean,76.26740455627441,83.34738540649414,90.16094551086425
bike,dune_bayes,254,mean,52.67120208740234,60.748870849609375,68.13792991638184
bike,dune_bayes,255,mean,49.127679443359376,57.142921447753906,64.6077724456787
bike,dune_bayes,256,mean,128.06957473754883,134.5075225830078,140.34356231689452
bike,dune_bayes,257,mean,162.63907623291016,168.9186553955078,174.83482971191407
bike,dune_bayes,258,mean,218.99913177490234,225.6583023071289,232.05732116699218
bike,dune_bayes,259,mean,172.24932403564452,178.47293090820312,184.12708129882813
bike,dune_bayes,260,mean,163.70802688598633,170.05345916748047,175.88723373413086
bike,dune_bayes,261,mean,135.49660949707032,141.91175842285156,147.5953796386719
bike,dune_bayes,262,mean,128.46792907714843,134.82610321044922,140.70878219604492
bike,dune_bayes,263,mean,117.74572525024413,124.44877243041992,131.3110366821289
bike,dune_bayes,264,mean,114.7669864654541,122.71935653686523,129.80710449218748
bike,dune_bayes,265,mean,90.27934913635254,98.0096664428711,105.74706115722655
bike,dune_bayes,266,mean,174.21005477905274,182.4442138671875,189.77490005493163
bike,dune_bayes,267,mean,118.75856285095215,125.94043350219727,132.4204376220703
bike,dune_bayes,268,mean,94.56650123596191,101.09490203857422,108.18693542480469
bike,dune_bayes,269,mean,81.26376419067383,87.85009765625,94.91219711303711
bike,dune_bayes,270,mean,64.4250389099121,71.62553024291992,79.07593307495117
bike,dune_bayes,271,mean,249.05487289428712,256.4986267089844,263.87486877441404
bike,dune_bayes,272,mean,203.03739700317382,211.5615692138672,219.5814956665039
bike,dune_bayes,273,mean,129.7386131286621,138.077392578125,147.1680725097656
bike,dune_bayes,274,mean,135.01419906616212,143.36468505859375,152.02246627807617
bike,dune_bayes,275,mean,139.33101959228514,147.67638397216797,156.3029670715332
bike,dune_bayes,276,mean,149.43011550903321,157.96267700195312,166.26986694335938
bike,dune_bayes,277,mean,162.83567504882814,171.46002197265625,179.72286987304688
bike,dune_bayes,278,mean,166.17216033935546,174.27259826660156,181.41266708374022
bike,dune_bayes,279,mean,122.3914722442627,129.08338165283203,135.2064308166504
bike,dune_bayes,280,mean,64.31558227539062,72.17690658569336,79.231489944458
bike,dune_bayes,281,mean,61.353640747070315,69.85514450073242,76.89081382751463
bike,dune_bayes,282,mean,55.56595993041992,63.61906433105469,71.20180702209473
bike,dune_bayes,283,mean,149.6471420288086,155.1552963256836,160.5599151611328
bike,dune_bayes,284,mean,159.44853897094725,164.92009735107422,170.31583557128906
bike,dune_bayes,285,mean,100.99223480224609,108.72478103637695,115.49160194396973
bike,dune_bayes,286,mean,83.366450881958,91.41493225097656,99.78640785217284
bike,dune_bayes,287,mean,91.46414680480957,99.82801055908203,107.71680564880371
bike,dune_bayes,288,mean,68.39503059387206,76.68230819702148,85.059761428833
bike,dune_bayes,289,mean,36.51659393310547,44.53717041015625,53.50223159790038
bike,dune_bayes,290,mean,66.28440856933594,73.54400634765625,81.45999450683594
bike,dune_bayes,291,mean,66.2791072845459,73.64787292480469,81.63576545715331
bike,dune_bayes,292,mean,165.54828948974608,174.1328125,181.8578094482422
bike,dune_bayes,293,mean,124.87035293579102,132.09674072265625,139.24640808105468
bike,dune_bayes,294,mean,91.9819351196289,98.5604476928711,105.76119003295898
bike,dune_bayes,295,mean,77.56363945007324,84.09060287475586,91.52056503295898
bike,dune_bayes,296,mean,101.93046569824219,108.76681137084961,115.4321964263916
bike,dune_bayes,297,mean,147.45079956054687,155.7569122314453,163.09293060302736
bike,dune_bayes,298,mean,188.47048721313476,196.7728271484375,204.1985076904297
bike,dune_bayes,299,mean,195.15707931518554,203.1603546142578,210.31212005615234
bike,dune_bayes,300,mean,190.97888107299804,199.27191162109375,207.0221389770508
bike,dune_bayes,301,mean,96.6727352142334,103.40914154052734,110.12588539123534
bike,dune_bayes,302,mean,70.3473907470703,77.22903442382812,84.56888923645019
bike,dune_bayes,303,mean,51.950129699707034,59.989036560058594,67.86988639831542
bike,dune_bayes,304,mean,93.1344150543213,99.75374603271484,106.49941825866699
bike,dune_bayes,305,mean,206.46897888183594,214.95355224609375,222.766845703125
bike,dune_bayes,306,mean,213.40598907470704,221.25509643554688,228.76750869750975
bike,dune_bayes,307,mean,232.41400680541992,240.34520721435547,247.84740447998047
bike,dune_bayes,308,mean,199.5346466064453,208.0277099609375,216.36162338256835
bike,dune_bayes,309,mean,63.202876281738284,71.18655776977539,79.4796028137207
bike,dune_bayes,310,mean,63.202876281738284,71.18655776977539,79.4796028137207
bike,dune_bayes,311,mean,62.58916015625,70.53034973144531,78.29389495849608
bike,dune_bayes,312,mean,85.6680908203125,92.30504608154297,99.19660186767577
bike,dune_bayes,313,mean,117.48908805847168,124.20451354980469,130.55582962036132
bike,dune_bayes,314,mean,146.94056091308593,154.4606475830078,160.89149017333983
bike,dune_bayes,315,mean,153.2733154296875,160.85635375976562,167.12040176391602
bike,dune_bayes,316,mean,154.78906478881837,162.51072692871094,169.4161689758301
bike,dune_bayes,317,mean,98.48349456787109,104.74222946166992,111.32467994689941
bike,dune_bayes,318,mean,172.05078048706054,178.11690521240234,183.78316497802734
bike,dune_bayes,319,mean,104.11296615600585,111.46573257446289,117.71506271362304
bike,dune_bayes,320,mean,128.06957473754883,134.5075225830078,140.34356231689452
bike,dune_bayes,321,mean,173.2318214416504,180.18931579589844,186.89918518066406
bike,dune_bayes,322,mean,205.33658981323242,212.95047760009766,219.99161758422852
bike,dune_bayes,323,mean,127.04956893920898,133.86090087890625,140.74305725097656
bike,dune_bayes,324,mean,127.44149971008301,134.32917022705078,141.49672012329103
bike,dune_bayes,325,mean,95.21360282897949,102.2286376953125,108.75571365356446
bike,dune_bayes,326,mean,187.33368148803712,195.25833892822266,202.2403366088867
bike,dune_bayes,327,mean,170.6079299926758,178.2327423095703,184.84132614135743
bike,dune_bayes,328,mean,160.1737258911133,167.9462432861328,174.99128112792968
bike,dune_bayes,329,mean,70.95260086059571,77.86592102050781,85.20711288452148
bike,dune_bayes,330,mean,92.39362983703613,99.09826278686523,106.27320899963378
bike,dune_bayes,331,mean,109.14924583435058,115.63139724731445,121.58405570983886
bike,dune_bayes,332,mean,159.30891799926758,166.9709701538086,173.48250427246094
bike,dune_bayes,333,mean,144.5060028076172,151.54894256591797,157.6307029724121
bike,dune_bayes,334,mean,174.1738739013672,182.32171630859375,189.0238800048828
bike,dune_bayes,335,mean,103.81526184082031,110.21601486206055,116.7241111755371
bike,dune_bayes,336,mean,49.02883453369141,57.279335021972656,65.98785018920898
bike,dune_bayes,337,mean,115.06372108459473,120.89791870117188,127.04260292053222
bike,dune_bayes,338,mean,113.70452537536622,120.07769393920898,126.16557807922364
bike,dune_bayes,339,mean,184.2000289916992,190.53459930419922,195.6938606262207
bike,dune_bayes,340,mean,147.53532485961915,154.05823516845703,160.34780578613282
bike,dune_bayes,341,mean,109.90266227722168,116.04941940307617,122.20632896423339
bike,dune_bayes,342,mean,114.65072784423828,121.0067253112793,126.83598899841309
bike,dune_bayes,343,mean,293.45640258789064,300.2648010253906,308.57877655029296
bike,dune_bayes,344,mean,306.4788116455078,313.7482147216797,322.56314544677736
bike,dune_bayes,345,mean,312.82791900634766,320.2633056640625,328.997819519043
bike,dune_bayes,346,mean,278.2061401367188,284.77716064453125,292.5551513671875
bike,dune_bayes,347,mean,259.4661697387695,265.3048400878906,272.2073379516601
bike,dune_bayes,348,mean,258.8445755004883,265.4311218261719,273.01820373535156
bike,dune_bayes,349,mean,256.0250183105469,262.98248291015625,270.35009613037107
bike,dune_bayes,350,mean,252.52866897583007,259.5650329589844,266.91392211914064
bike,dune_bayes,351,mean,247.18201446533203,254.3113555908203,261.8602355957031
bike,dune_bayes,352,mean,136.1661293029785,143.338134765625,150.7764823913574
bike,dune_bayes,353,mean,118.23175010681152,125.03560638427734,131.84137268066405
bike,dune_bayes,354,mean,108.1758960723877,115.02129364013672,121.61729660034179
bike,dune_bayes,355,mean,121.86262016296386,128.4665756225586,135.0567138671875
bike,dune_bayes,356,mean,195.02521362304688,202.58220672607422,209.93770675659178
bike,dune_bayes,357,mean,103.90422325134277,110.53474426269531,117.13261337280272
bike,dune_bayes,358,mean,208.52343215942383,213.33545684814453,218.36477279663086
bike,dune_bayes,359,mean,208.60485610961913,213.69585418701172,218.6537063598633
bike,dune_bayes,360,mean,122.46997718811035,128.87033081054688,135.44315719604492
bike,dune_bayes,361,mean,106.90638046264648,113.84669494628906,120.92765884399414
bike,dune_bayes,362,mean,112.1530372619629,118.80914306640625,124.99868316650391
bike,dune_bayes,363,mean,220.97922286987304,227.640625,234.12965774536133
bike,dune_bayes,364,mean,184.7577331542969,191.6481170654297,197.08348159790037
bike,dune_bayes,365,mean,93.1344150543213,99.75374603271484,106.49941825866699
bike,dune_bayes,366,mean,84.4421329498291,91.66007995605469,98.82046432495116
bike,dune_bayes,367,mean,74.99744834899903,82.44795227050781,89.84913215637206
bike,dune_bayes,368,mean,81.06240119934083,88.56697463989258,95.63847465515136
bike,dune_bayes,369,mean,114.70334968566894,120.64675903320312,126.75367393493651
bike,dune_bayes,370,mean,96.41192474365235,103.44144439697266,110.49146156311035
bike,dune_bayes,371,mean,50.81991195678711,59.13006591796875,67.48804321289062
bike,dune_bayes,372,mean,78.21772041320801,84.74090576171875,91.6639434814453
bike,dune_bayes,373,mean,151.24681701660157,159.36752319335938,166.88688583374022
bike,dune_bayes,374,mean,173.65795288085937,182.11161041259766,189.66334075927733
bike,dune_bayes,375,mean,168.3546340942383,177.09622192382812,184.9278251647949
bike,dune_bayes,376,mean,156.6268653869629,164.9419937133789,172.94496994018553
bike,dune_bayes,377,mean,152.33716888427733,160.70812225341797,168.7497100830078
bike,dune_bayes,378,mean,149.69848251342773,158.0034408569336,166.24737014770508
bike,dune_bayes,379,mean,177.03877944946288,184.93741607666016,193.08007507324217
bike,dune_bayes,380,mean,144.1674690246582,151.91990661621094,159.68867263793945
bike,dune_bayes,381,mean,141.2488250732422,148.7879638671875,156.60662536621095
bike,dune_bayes,382,mean,123.13307991027833,130.4476547241211,137.38500213623047
bike,dune_bayes,383,mean,113.57794342041015,120.46570587158203,127.32789115905761
bike,dune_bayes,384,mean,76.00242156982422,82.76369094848633,89.73390693664551
bike,dune_bayes,385,mean,112.89930381774903,119.89300918579102,126.67251586914062
bike,dune_bayes,386,mean,171.1236198425293,178.85694885253906,186.9736373901367
bike,dune_bayes,387,mean,162.67010879516602,170.83080291748047,178.84956893920898
bike,dune_bayes,388,mean,164.79059219360352,173.0881805419922,181.1910400390625
bike,dune_bayes,389,mean,115.8970703125,123.11075973510742,130.38238983154298
bike,dune_bayes,390,mean,144.59845581054688,153.02375030517578,161.5564010620117
bike,dune_bayes,391,mean,155.64263610839845,164.24325561523438,172.1288650512695
bike,dune_bayes,392,mean,178.50577239990236,187.16387176513672,195.11890869140626
bike,dune_bayes,393,mean,183.9598304748535,192.2818145751953,200.08807449340821
bike,dune_bayes,394,mean,179.50743713378907,188.1030731201172,196.30410079956056
bike,dune_bayes,395,mean,172.35713577270508,181.17472076416016,189.1939582824707
bike,dune_bayes,396,mean,133.6832473754883,141.69281768798828,149.49853973388673
bike,dune_bayes,397,mean,141.92410736083986,150.18247985839844,158.5703887939453
bike,dune_bayes,398,mean,183.05914611816405,191.64484405517578,199.63290100097655
bike,dune_bayes,399,mean,183.49542465209962,192.04698181152344,199.71335144042968
bike,dune_bayes,400,mean,163.9594970703125,172.27952575683594,179.2525505065918
bike,dune_bayes,401,mean,147.2628059387207,154.85257720947266,161.61176223754882
bike,dune_bayes,402,mean,159.66579360961913,167.3706817626953,174.1026168823242
bike,dune_bayes,403,mean,56.36521606445312,64.29232406616211,72.29082946777343
bike,dune_bayes,404,mean,160.68204498291016,169.27389526367188,176.69749069213867
bike,dune_bayes,405,mean,115.52120246887208,122.33524703979492,128.62749710083008
bike,dune_bayes,406,mean,112.48146514892578,119.05953979492188,125.56369323730469
bike,dune_bayes,407,mean,94.77137107849121,101.13686752319336,107.46288185119629
bike,dune_bayes,408,mean,81.8146743774414,88.73974227905273,95.30114669799805
bike,dune_bayes,409,mean,82.16313095092774,88.96805953979492,95.65812644958496
bike,dune_bayes,410,mean,99.2608428955078,106.16693878173828,112.63622360229492
bike,dune_bayes,411,mean,134.5344039916992,141.2272720336914,147.57858276367188
bike,dune_bayes,412,mean,190.58629150390624,197.9762191772461,204.37925186157227
bike,dune_bayes,413,mean,174.58320693969728,181.91851806640625,187.683927154541
bike,dune_bayes,414,mean,129.3433410644531,135.59078979492188,141.2295944213867
bike,dune_bayes,415,mean,117.66518936157226,123.68466186523438,130.1593505859375
bike,dune_bayes,416,mean,165.89282302856446,172.33213806152344,177.50096893310547
bike,dune_bayes,417,mean,191.59495697021484,198.41214752197266,203.57604904174804
bike,dune_bayes,418,mean,282.4798385620117,289.4408264160156,297.6142150878906
bike,dune_bayes,419,mean,300.0077331542969,307.2704315185547,316.17515563964844
bike,dune_bayes,420,mean,334.3361541748047,342.71466064453125,351.71634063720705
bike,dune_bayes,421,mean,328.03444519042966,336.1850280761719,345.41007232666016
bike,dune_bayes,422,mean,134.0616081237793,141.00537109375,147.4356491088867
bike,dune_bayes,423,mean,84.84074897766114,92.21137237548828,99.84850387573242
bike,dune_bayes,424,mean,96.85297508239746,103.50423049926758,110.23769226074218
bike,dune_bayes,425,mean,194.72627792358398,202.88587951660156,210.02657241821288
bike,dune_bayes,426,mean,202.34253387451173,210.14041900634766,217.28243255615234
bike,dune_bayes,427,mean,245.22259979248048,252.40416717529297,259.7172515869141
bike,dune_bayes,428,mean,200.01324996948242,206.5924530029297,211.98126220703125
bike,dune_bayes,429,mean,217.0810562133789,224.28653717041016,230.5206069946289
bike,dune_bayes,430,mean,189.16783981323243,195.7184295654297,200.84793090820312
bike,dune_bayes,431,mean,91.93479614257812,98.56689453125,105.15025863647459
bike,dune_bayes,432,mean,128.8255729675293,134.9723663330078,140.63571166992188
bike,dune_bayes,433,mean,75.82806129455567,83.36347579956055,91.04499588012693
bike,dune_bayes,434,mean,75.82806129455567,83.36347579956055,91.04499588012693
bike,dune_bayes,435,mean,64.12180442810059,72.10116577148438,80.41704940795897
bike,dune_bayes,436,mean,64.12180442810059,72.10116577148438,80.41704940795897
bike,dune_bayes,437,mean,59.048884582519534,67.13836669921875,75.50869560241698
bike,dune_bayes,438,mean,55.92280578613281,64.23557662963867,71.97654800415039
bike,dune_bayes,439,mean,55.74925765991211,63.90757369995117,71.6208568572998
bike,dune_bayes,440,mean,85.91538352966309,93.7772331237793,100.33506660461425
bike,dune_bayes,441,mean,85.20343322753907,92.97386932373047,99.81517105102539
bike,dune_bayes,442,mean,85.20343322753907,92.97386932373047,99.81517105102539
bike,dune_bayes,443,mean,85.52661895751953,93.38448333740234,100.13203125
bike,dune_bayes,444,mean,71.89709739685058,80.22842788696289,87.32340126037597
bike,dune_bayes,445,mean,78.27244873046875,86.27445220947266,93.1615165710449
bike,dune_bayes,446,mean,78.61192321777344,86.54449462890625,93.73763275146484
bike,dune_bayes,447,mean,93.25233268737793,101.10437774658203,107.96066780090331
bike,dune_bayes,448,mean,166.8434310913086,172.1355438232422,177.46881408691405
bike,dune_bayes,449,mean,156.67961807250975,162.3904266357422,168.11250381469728
bike,dune_bayes,450,mean,121.21453247070312,128.7155303955078,135.10193939208983
bike,dune_bayes,451,mean,118.20840606689453,125.26115036010742,131.98476943969726
bike,dune_bayes,452,mean,118.20840606689453,125.26115036010742,131.98476943969726
bike,dune_bayes,453,mean,117.74572525024413,124.44877243041992,131.3110366821289
bike,dune_bayes,454,mean,233.74959182739258,239.8635482788086,246.231681060791
bike,dune_bayes,455,mean,294.8872375488281,302.27317810058594,309.9838897705078
bike,dune_bayes,456,mean,273.7927978515625,280.7472839355469,287.6763946533203
bike,dune_bayes,457,mean,270.9350158691406,277.27386474609375,284.693310546875
bike,dune_bayes,458,mean,150.52958068847656,156.7308807373047,162.02924575805665
bike,dune_bayes,459,mean,112.52875213623047,118.99190902709961,125.5417106628418
bike,dune_bayes,460,mean,82.57828521728516,90.46180725097656,98.28042068481446
bike,dune_bayes,461,mean,82.41156272888183,90.20782470703125,97.87974166870117
bike,dune_bayes,462,mean,70.68597030639648,78.91707992553711,87.12613372802734
bike,dune_bayes,463,mean,130.11115188598632,135.9695587158203,141.8001350402832
bike,dune_bayes,464,mean,164.84123916625975,170.67807006835938,175.99786682128905
bike,dune_bayes,465,mean,142.1001708984375,147.92684173583984,153.3809371948242
bike,dune_bayes,466,mean,90.52931594848633,97.39592361450195,104.70992774963379
bike,dune_bayes,467,mean,240.11098098754883,246.30626678466797,252.70680389404296
bike,dune_bayes,468,mean,290.44533386230466,297.7631072998047,306.7649353027344
bike,dune_bayes,469,mean,273.7688262939453,280.5895690917969,288.64774322509766
bike,dune_bayes,470,mean,219.807137298584,225.85626220703125,231.56653442382813
bike,dune_bayes,471,mean,180.41821670532227,186.57504272460938,191.24396286010742
bike,dune_bayes,472,mean,146.4672538757324,152.8838882446289,158.83197708129882
bike,dune_bayes,473,mean,159.65297241210936,165.75080108642578,171.13571014404297
bike,dune_bayes,474,mean,108.8289966583252,115.99943161010742,122.6395164489746
bike,dune_bayes,475,mean,91.77516174316406,99.24522018432617,106.09807548522949
bike,dune_bayes,476,mean,218.7368606567383,224.7250213623047,230.36725616455078
bike,dune_bayes,477,mean,189.600927734375,195.36093139648438,200.48618240356444
bike,dune_bayes,478,mean,93.5961898803711,101.55338668823242,109.13145675659179
bike,dune_bayes,479,mean,96.3284870147705,104.79625701904297,112.6028034210205
bike,dune_bayes,480,mean,106.06122817993165,112.80416107177734,118.84487609863281
bike,dune_bayes,481,mean,192.1700065612793,199.51499938964844,206.57276153564453
bike,dune_bayes,482,mean,218.72845764160155,226.06635284423828,233.13270416259766
bike,dune_bayes,483,mean,235.09086990356445,241.77293395996094,249.00091247558595
bike,dune_bayes,484,mean,154.2188293457031,160.2569351196289,165.2239143371582
bike,dune_bayes,485,mean,102.13787689208985,108.90484237670898,115.53171272277831
bike,dune_bayes,486,mean,169.51276626586915,175.2476806640625,180.45624237060548
bike,dune_bayes,487,mean,221.67074584960938,227.63284301757812,232.6120948791504
bike,dune_bayes,488,mean,211.42226867675782,217.29249572753906,222.44305725097655
bike,dune_bayes,489,mean,162.33361282348633,167.4603042602539,173.26406860351562
bike,dune_bayes,490,mean,197.76245346069337,202.65037536621094,207.66608047485352
bike,dune_bayes,491,mean,207.14446792602538,212.02063751220703,216.9833641052246
bike,dune_bayes,492,mean,113.39033432006836,119.8903579711914,126.56978187561035
bike,dune_bayes,493,mean,258.6959655761719,264.5712585449219,271.06413116455076
bike,dune_bayes,494,mean,225.41368103027344,231.02377319335938,236.66338424682615
bike,dune_bayes,495,mean,324.90064392089846,332.6598815917969,341.1321060180664
bike,dune_bayes,496,mean,189.1592529296875,196.6232452392578,202.6057014465332
bike,dune_bayes,497,mean,248.13565216064453,254.76548767089844,262.26446533203125
bike,dune_bayes,498,mean,131.57749862670897,137.99657440185547,143.79824600219726
bike,dune_bayes,499,mean,153.61101150512695,161.1887664794922,167.5682487487793
bike,dune_bayes,500,mean,153.61101150512695,161.1887664794922,167.5682487487793
bike,dune_bayes,501,mean,115.01118278503418,121.30287170410156,127.12506942749023
bike,dune_bayes,502,mean,63.99066009521484,71.73381042480469,80.16795921325684
bike,dune_bayes,503,mean,55.75665283203125,63.91037368774414,71.93112335205078
bike,dune_bayes,504,mean,101.41634063720703,109.28094100952148,115.91735382080077
bike,dune_bayes,505,mean,120.32687873840332,127.76832580566406,134.15412445068358
bike,dune_bayes,506,mean,191.25446472167968,198.14087677001953,204.38323135375975
bike,dune_bayes,507,mean,159.74844512939453,166.8504180908203,172.83727569580077
bike,dune_bayes,508,mean,245.6186408996582,251.63670349121094,258.24304656982423
bike,dune_bayes,509,mean,229.3619758605957,235.21896362304688,241.24934310913085
bike,dune_bayes,510,mean,140.4382751464844,147.84192657470703,154.8860855102539
bike,dune_bayes,511,mean,131.93906326293944,138.8165512084961,145.68954849243164
bike,dune_bayes,512,mean,140.4382751464844,147.84192657470703,154.8860855102539
bike,dune_bayes,513,mean,141.36651840209962,148.3752670288086,155.25687789916992
bike,dune_bayes,514,mean,223.77386627197265,229.66597747802734,235.96442413330078
bike,dune_bayes,515,mean,256.59308166503905,262.847900390625,269.60592193603514
bike,dune_bayes,516,mean,273.4272003173828,279.99652099609375,287.07550659179685
bike,dune_bayes,517,mean,211.301424407959,217.51908111572266,223.2136993408203
bike,dune_bayes,518,mean,194.00981979370118,200.37294006347656,206.3636917114258
bike,dune_bayes,519,mean,227.37423248291014,232.9933624267578,239.1645980834961
bike,dune_bayes,520,mean,178.1930938720703,184.91352081298828,190.8134635925293
bike,dune_bayes,521,mean,186.14548263549804,192.9716567993164,199.26426315307617
bike,dune_bayes,522,mean,224.14825057983398,230.8465118408203,237.0827392578125
bike,dune_bayes,523,mean,275.2438201904297,282.0289764404297,288.9286773681641
bike,dune_bayes,524,mean,263.36950836181643,269.8244934082031,276.68971557617186
bike,dune_bayes,525,mean,208.03934555053712,214.81690216064453,221.04838104248046
bike,dune_bayes,526,mean,193.17816925048828,199.44970703125,205.618603515625
bike,dune_bayes,527,mean,193.39166564941405,199.78820037841797,205.7731246948242
bike,dune_bayes,528,mean,165.83746185302735,172.75371551513672,179.11212463378905
bike,dune_bayes,529,mean,257.71321563720704,264.3727569580078,271.3535552978516
bike,dune_bayes,530,mean,208.03934555053712,214.81690216064453,221.04838104248046
bike,dune_bayes,531,mean,238.75574417114257,244.7593002319336,251.38660049438477
bike,dune_bayes,532,mean,249.2801055908203,255.84078216552734,262.8612060546875
bike,dune_bayes,533,mean,269.9498779296875,276.7210235595703,284.60036621093747
bike,dune_bayes,534,mean,266.51255187988284,273.0602111816406,280.7480667114258
bike,dune_bayes,535,mean,236.32813034057617,242.7707061767578,248.8036735534668
bike,dune_bayes,536,mean,199.75043563842775,206.34329986572266,211.58332595825195
bike,dune_bayes,537,mean,233.1652084350586,240.43514251708984,246.8875534057617
bike,dune_bayes,538,mean,274.257633972168,281.3675842285156,289.2884918212891
bike,dune_bayes,539,mean,249.36254806518554,255.59242248535156,262.7392944335937
bike,dune_bayes,540,mean,147.4850296020508,153.6891326904297,159.30246582031248
bike,dune_bayes,541,mean,146.09645309448243,151.71078491210938,157.4703872680664
bike,dune_bayes,542,mean,126.75495719909668,133.53009033203125,139.93249740600587
bike,dune_bayes,543,mean,126.03060150146484,133.03460693359375,139.39156799316405
bike,dune_bayes,544,mean,126.03060150146484,133.03460693359375,139.39156799316405
bike,dune_bayes,545,mean,148.94788055419923,154.46785736083984,160.15479202270507
bike,dune_bayes,546,mean,129.31107025146486,135.2181854248047,141.4238754272461
bike,dune_bayes,547,mean,129.8492118835449,135.5658950805664,141.60115509033204
bike,dune_bayes,548,mean,132.0788803100586,138.66870880126953,144.78979110717773
bike,dune_bayes,549,mean,257.8717071533203,263.79808044433594,270.36402282714846
bike,dune_bayes,550,mean,247.43426132202148,253.40665435791016,259.89839630126954
bike,dune_bayes,551,mean,209.85364456176757,215.4735565185547,221.11336593627928
bike,dune_bayes,552,mean,177.8457809448242,184.18719482421875,190.12417373657226
bike,dune_bayes,553,mean,152.29597396850585,158.82006072998047,164.9897033691406
bike,dune_bayes,554,mean,288.8090087890625,295.8033905029297,303.4260818481445
bike,dune_bayes,555,mean,297.00538940429686,304.5027770996094,312.6079299926758
bike,dune_bayes,556,mean,70.17721481323242,78.77769470214844,86.99842071533203
bike,dune_bayes,557,mean,182.9100555419922,189.2111053466797,194.43262405395507
bike,dune_bayes,558,mean,166.15278015136718,172.8058319091797,178.32867202758788
bike,dune_bayes,559,mean,147.2859619140625,153.77460479736328,159.70537567138672
bike,dune_bayes,560,mean,139.0034553527832,145.33853912353516,151.13795623779296
bike,dune_bayes,561,mean,121.45247230529785,127.6519775390625,133.40740432739258
bike,dune_bayes,562,mean,115.27359771728516,121.63250350952148,127.66055603027344
bike,dune_bayes,563,mean,115.5906265258789,121.87103652954102,127.88108596801757
bike,dune_bayes,564,mean,213.00213088989258,219.8427963256836,225.96568450927734
bike,dune_bayes,565,mean,279.80576171875,287.2384033203125,295.3659469604492
bike,dune_bayes,566,mean,243.85014953613282,250.57469177246094,257.914289855957
bike,dune_bayes,567,mean,228.71535568237306,235.75011444091797,242.50781021118163
bike,dune_bayes,568,mean,202.072607421875,209.46622467041016,215.3061851501465
bike,dune_bayes,569,mean,137.8460494995117,144.11731719970703,149.6033592224121
bike,dune_bayes,570,mean,108.52330703735352,114.73995971679688,121.13185691833496
bike,dune_bayes,571,mean,82.87763137817383,90.02355194091797,96.83541641235351
bike,dune_bayes,572,mean,284.94289245605466,291.9143524169922,300.28776397705076
bike,dune_bayes,573,mean,108.03821449279785,115.23302459716797,121.8801959991455
bike,dune_bayes,574,mean,116.38248634338379,123.18584442138672,129.39822158813476
bike,dune_bayes,575,mean,257.0138107299805,263.60003662109375,270.79677124023436
bike,dune_bayes,576,mean,278.2489181518555,285.02557373046875,292.9154113769531
bike,dune_bayes,577,mean,216.35611572265626,222.2327117919922,228.09105758666993
bike,dune_bayes,578,mean,256.0034713745117,262.44371032714844,269.53795928955077
bike,dune_bayes,579,mean,263.59203186035154,270.0100402832031,277.22092895507814
bike,dune_bayes,580,mean,268.796858215332,275.2422790527344,282.785905456543
bike,dune_bayes,581,mean,140.6962547302246,146.11605834960938,151.6486930847168
bike,dune_bayes,582,mean,290.816162109375,297.78565979003906,306.21374359130857
bike,dune_bayes,583,mean,242.8118522644043,248.97308349609375,255.33725204467774
bike,dune_bayes,584,mean,155.44203262329103,161.7298126220703,166.95668106079103
bike,dune_bayes,585,mean,141.67144165039062,147.63290405273438,153.0107620239258
bike,dune_bayes,586,mean,234.51136932373046,240.51908111572266,246.6378562927246
bike,dune_bayes,587,mean,290.816162109375,297.78565979003906,306.21374359130857
bike,dune_bayes,588,mean,299.87117767333984,307.4341125488281,316.2111846923828
bike,dune_bayes,589,mean,217.89551391601563,222.76251983642578,227.91659851074218
bike,dune_bayes,590,mean,235.01273498535156,240.96104431152344,247.13579864501952
bike,dune_bayes,591,mean,220.47583618164063,225.9624786376953,231.17820434570314
bike,dune_bayes,592,mean,132.87843170166016,139.20697784423828,145.43563156127928
bike,dune_bayes,593,mean,123.07949752807617,129.3695297241211,135.72086486816406
bike,dune_bayes,594,mean,178.6629295349121,183.8289566040039,189.05778884887695
bike,dune_bayes,595,mean,282.4078872680664,289.0892028808594,296.7555023193359
bike,dune_bayes,596,mean,123.69801292419433,130.4021759033203,136.93227462768556
bike,dune_bayes,597,mean,257.21095886230466,263.27734375,269.4324157714844
bike,dune_bayes,598,mean,232.41257247924804,237.6238250732422,243.49234008789062
bike,dune_bayes,599,mean,178.59543533325194,184.23041534423828,189.63990783691406
bike,dune_bayes,600,mean,142.98395690917968,149.37638092041016,155.60963439941406
bike,dune_bayes,601,mean,143.45849075317383,149.67943572998047,156.1187385559082
bike,dune_bayes,602,mean,152.87473754882814,159.25279998779297,165.38218765258787
bike,dune_bayes,603,mean,158.88540802001953,164.87458038330078,170.6293182373047
bike,dune_bayes,604,mean,142.98395690917968,149.37638092041016,155.60963439941406
bike,dune_bayes,605,mean,139.57231216430665,146.32679748535156,152.9306884765625
bike,dune_bayes,606,mean,143.09739990234374,149.9972915649414,157.24635696411133
bike,dune_bayes,607,mean,152.93762893676757,160.00768280029297,166.61116714477538
bike,dune_bayes,608,mean,137.72693939208983,145.0976333618164,152.51136779785156
bike,dune_bayes,609,mean,139.18322982788087,146.2308349609375,153.336270904541
bike,dune_bayes,610,mean,152.93762893676757,160.00768280029297,166.61116714477538
bike,dune_bayes,611,mean,235.56430358886718,241.5154571533203,247.76545257568358
bike,dune_bayes,612,mean,182.95868377685548,189.117431640625,195.22745895385742
bike,dune_bayes,613,mean,173.56458206176757,180.19430541992188,186.57671890258788
bike,dune_bayes,614,mean,157.38594970703124,164.32694244384766,171.34392547607422
bike,dune_bayes,615,mean,131.65405807495117,138.67176818847656,145.53714752197266
bike,dune_bayes,616,mean,152.87473754882814,159.25279998779297,165.38218765258787
bike,dune_bayes,617,mean,195.8080062866211,201.5832061767578,207.17886276245116
bike,dune_bayes,618,mean,283.85321044921875,290.8569030761719,298.4838363647461
bike,dune_bayes,619,mean,169.98975524902343,176.67335510253906,183.4358901977539
bike,dune_bayes,620,mean,169.21748962402344,176.1138916015625,182.47176971435547
bike,dune_bayes,621,mean,163.10835876464844,169.70628356933594,175.59192276000977
bike,dune_bayes,622,mean,162.73114700317382,169.14393615722656,175.50873413085938
bike,dune_bayes,623,mean,143.31418838500977,149.7831039428711,156.3383804321289
bike,dune_bayes,624,mean,142.25393447875976,148.84629821777344,155.5938507080078
bike,dune_bayes,625,mean,177.9787467956543,184.32402801513672,190.29316024780275
bike,dune_bayes,626,mean,163.10835876464844,169.70628356933594,175.59192276000977
bike,dune_bayes,627,mean,165.94762420654297,173.19065856933594,179.5862922668457
bike,dune_bayes,628,mean,170.54927291870118,177.11156463623047,183.5604393005371
bike,dune_bayes,629,mean,157.56771240234374,163.63690185546875,170.05843505859374
bike,dune_bayes,630,mean,135.3839424133301,142.28726959228516,149.21566467285155
bike,dune_bayes,631,mean,192.55797958374023,198.69554901123047,204.4390426635742
bike,dune_bayes,632,mean,224.94952926635742,230.17168426513672,235.6722885131836
bike,dune_bayes,633,mean,101.63775520324707,108.83290100097656,116.48892059326171
bike,dune_bayes,634,mean,106.90638046264648,113.84669494628906,120.92765884399414
bike,dune_bayes,635,mean,235.2680923461914,240.54625701904297,245.86510543823243
bike,dune_bayes,636,mean,252.76004028320312,258.7087097167969,264.6307708740234
bike,dune_bayes,637,mean,265.9549591064453,272.16346740722656,279.3164321899414
bike,dune_bayes,638,mean,216.13462295532227,221.12925720214844,226.1527130126953
bike,dune_bayes,639,mean,119.67888374328614,126.67409896850586,133.24640960693358
bike,dune_bayes,640,mean,182.4826286315918,188.55109405517578,194.05071640014648
bike,dune_bayes,641,mean,204.49386672973634,210.01306915283203,215.33159942626952
bike,dune_bayes,642,mean,296.0047668457031,303.7460632324219,311.8878402709961
bike,dune_bayes,643,mean,304.1317840576172,312.01158142089844,320.4009643554687
bike,dune_bayes,644,mean,301.8264907836914,309.8302764892578,317.9912109375
bike,dune_bayes,645,mean,216.41235275268554,221.92218780517578,227.74295959472656
bike,dune_bayes,646,mean,159.0445182800293,165.87813568115234,172.2844123840332
bike,dune_bayes,647,mean,239.08592147827147,244.75032806396484,250.77172775268554
bike,dune_bayes,648,mean,290.58043365478517,297.82701110839844,305.74103393554685
bike,dune_bayes,649,mean,259.22691345214844,265.30467224121094,271.96397857666017
bike,dune_bayes,650,mean,189.4137092590332,196.0052947998047,202.7039482116699
bike,dune_bayes,651,mean,170.54927291870118,177.11156463623047,183.5604393005371
bike,dune_bayes,652,mean,154.35981140136718,161.48106384277344,168.3650329589844
bike,dune_bayes,653,mean,186.77529373168946,193.5504379272461,199.90322341918943
bike,dune_bayes,654,mean,180.81999435424805,187.99498748779297,194.46181411743163
bike,dune_bayes,655,mean,312.65783233642577,320.0004119873047,328.44165954589846
bike,dune_bayes,656,mean,278.23913116455077,284.6195373535156,291.5628234863281
bike,dune_bayes,657,mean,265.7273941040039,272.25181579589844,278.98343963623046
bike,dune_bayes,658,mean,237.12390213012696,243.07960510253906,249.21847229003905
bike,dune_bayes,659,mean,222.72122039794922,228.75779724121094,234.6912063598633
bike,dune_bayes,660,mean,185.58091888427734,192.51162719726562,199.1636863708496
bike,dune_bayes,661,mean,175.30965118408204,182.66986846923828,189.8549476623535
bike,dune_bayes,662,mean,210.91745529174804,217.44630432128906,224.0216407775879
bike,dune_bayes,663,mean,223.05443420410157,229.06985473632812,234.88141708374022
bike,dune_bayes,664,mean,289.27332458496096,296.23980712890625,303.6386322021484
bike,dune_bayes,665,mean,201.24926223754883,207.6588592529297,213.67789306640626
bike,dune_bayes,666,mean,217.80596771240235,223.5910873413086,229.48717117309567
bike,dune_bayes,667,mean,192.23402709960936,198.59718322753906,204.87474365234374
bike,dune_bayes,668,mean,162.4389617919922,169.55064392089844,175.8505744934082
bike,dune_bayes,669,mean,190.6040916442871,197.35425567626953,203.7122703552246
bike,dune_bayes,670,mean,204.52397918701172,211.03199768066406,217.7549964904785
bike,dune_bayes,671,mean,265.70261535644534,271.74632263183594,278.5884750366211
bike,dune_bayes,672,mean,254.36603240966798,260.1225280761719,266.8789916992188
bike,dune_bayes,673,mean,202.78422164916992,209.73400115966797,216.63081741333008
bike,dune_bayes,674,mean,189.90825500488282,196.69906616210938,203.84637298583985
bike,dune_bayes,675,mean,191.12550354003906,198.192626953125,204.93402252197265
bike,dune_bayes,676,mean,208.39060134887694,215.56978607177734,222.42475280761718
bike,dune_bayes,677,mean,232.7958740234375,239.40319061279297,246.08809814453124
bike,dune_bayes,678,mean,245.9001205444336,252.2989273071289,258.91334533691406
bike,dune_bayes,679,mean,212.73855285644532,219.59456634521484,226.93839263916016
bike,dune_bayes,680,mean,200.31349182128906,207.50054931640625,214.94314193725586
bike,dune_bayes,681,mean,200.59304962158203,207.80899810791016,215.25881423950196
bike,dune_bayes,682,mean,190.7204833984375,198.17716217041016,205.35571212768554
bike,dune_bayes,683,mean,235.12959060668945,242.0509796142578,248.60394897460938
bike,dune_bayes,684,mean,293.43750152587893,300.85423278808594,308.33885192871094
bike,dune_bayes,685,mean,300.04561920166014,307.51910400390625,315.6319122314453
bike,dune_bayes,686,mean,207.5177749633789,214.69390106201172,221.74223556518555
bike,dune_bayes,687,mean,316.07054290771487,323.70481872558594,331.8747924804687
bike,dune_bayes,688,mean,275.2130294799805,282.0182647705078,288.948095703125
bike,dune_bayes,689,mean,275.2130294799805,282.0182647705078,288.948095703125
bike,dune_bayes,690,mean,228.72254943847656,235.71526336669922,242.6331428527832
bike,dune_bayes,691,mean,218.9111114501953,226.13831329345703,233.33915481567382
bike,dune_bayes,692,mean,296.9834320068359,304.15074157714844,311.6616500854492
bike,dune_bayes,693,mean,232.68615341186523,239.70266723632812,246.9408103942871
bike,dune_bayes,694,mean,260.14757232666017,266.5181579589844,273.2942153930664
bike,dune_bayes,695,mean,307.4155731201172,314.7610626220703,323.47139739990234
bike,dune_bayes,696,mean,299.33593597412107,306.87615966796875,315.46295776367185
bike,dune_bayes,697,mean,326.005549621582,333.7987518310547,342.9507202148437
bike,dune_bayes,698,mean,293.8065948486328,300.8244323730469,309.3750854492187
bike,dune_bayes,699,mean,291.2392547607422,297.97157287597656,306.43932647705077
bike,dune_bayes,700,mean,284.83949279785156,291.7235107421875,300.1511291503906
bike,dune_bayes,701,mean,296.13350982666014,303.11045837402344,311.6961730957031
bike,dune_bayes,702,mean,323.0679504394531,330.98431396484375,339.96585235595705
bike,dune_bayes,703,mean,264.0207489013672,270.43695068359375,277.6580078125
bike,dune_bayes,704,mean,225.3844871520996,230.74949645996094,236.40204162597655
bike,dune_bayes,705,mean,268.6069091796875,275.15126037597656,282.72400817871096
bike,dune_bayes,706,mean,292.3076675415039,299.65716552734375,307.91632080078125
bike,dune_bayes,707,mean,259.77254180908204,266.18817138671875,272.58409271240237
bike,dune_bayes,708,mean,233.25917282104493,238.9108428955078,244.94953155517578
bike,dune_bayes,709,mean,242.91081771850585,248.62020874023438,254.59877853393556
bike,dune_bayes,710,mean,228.60390396118163,234.50067901611328,240.69639892578124
bike,dune_bayes,711,mean,234.92663192749023,240.9962387084961,247.22201538085938
bike,dune_bayes,712,mean,220.25091323852538,226.30368041992188,232.5668632507324
bike,dune_bayes,713,mean,222.1924705505371,228.2959213256836,234.26793899536133
bike,dune_bayes,714,mean,311.773616027832,319.28822326660156,327.7951965332031
bike,dune_bayes,715,mean,286.99732666015626,294.10740661621094,301.4175750732422
bike,dune_bayes,716,mean,225.94624557495118,231.50558471679688,237.18072814941405
bike,dune_bayes,717,mean,306.46160278320315,313.64996337890625,321.74927978515626
bike,dune_bayes,718,mean,191.72958068847657,198.64908599853516,205.74266510009767
bike,dune_bayes,719,mean,283.66522827148435,290.37060546875,297.678628540039
bike,dune_bayes,720,mean,326.2227096557617,334.27484130859375,342.5732940673828
bike,dune_bayes,721,mean,267.82582397460936,274.4981994628906,281.27711486816406
bike,dune_bayes,722,mean,332.1882843017578,340.0988006591797,348.5171752929688
bike,dune_bayes,723,mean,341.883073425293,350.26783752441406,358.49151306152345
bike,dune_bayes,724,mean,318.5274124145508,326.4097442626953,334.9464874267578
bike,dune_bayes,725,mean,327.43484954833986,335.5927734375,343.91492919921876
bike,dune_bayes,726,mean,278.30299224853513,285.0116424560547,292.07463226318356
bike,dune_bayes,727,mean,270.4807373046875,276.98023986816406,284.22733917236326
bike,dune_bayes,728,mean,293.16631774902345,300.1658477783203,307.8072082519531
bike,dune_bayes,729,mean,306.8019271850586,314.4618835449219,322.7239562988281
bike,dune_bayes,730,mean,254.0654327392578,259.88462829589844,266.5751358032227
bike,dune_bayes,731,mean,202.02490997314453,208.8337631225586,215.73109893798826
bike,dune_bayes,732,mean,213.43572158813475,220.84270477294922,227.84534759521483
bike,dune_bayes,733,mean,232.25147399902343,238.80944061279297,245.3575584411621
bike,dune_bayes,734,mean,207.95502624511718,214.7801055908203,222.08369216918945
bike,dune_bayes,735,mean,218.08188858032227,224.2298583984375,230.24320220947266
bike,dune_bayes,736,mean,243.7605239868164,249.91111755371094,256.16639251708983
bike,dune_bayes,737,mean,208.96589279174805,214.58281707763672,219.6682113647461
bike,dune_bayes,738,mean,208.97427291870116,214.71997833251953,219.8479476928711
bike,dune_bayes,739,mean,309.4957809448242,317.09906005859375,325.8623306274414
bike,dune_bayes,740,mean,301.3421966552734,308.3733215332031,317.0972137451172
bike,dune_bayes,741,mean,293.12779388427737,300.1143035888672,308.41420898437497
bike,dune_bayes,742,mean,252.7552917480469,258.63673400878906,264.7513854980469
bike,dune_bayes,743,mean,218.70708160400392,224.25616455078125,229.14240798950195
bike,dune_bayes,744,mean,278.9292678833008,285.74786376953125,293.6159149169922
bike,dune_bayes,745,mean,293.8428955078125,300.7837371826172,309.07855224609375
bike,dune_bayes,746,mean,283.36397857666014,290.0975341796875,298.1002990722656
bike,dune_bayes,747,mean,283.0454727172852,289.72618103027344,297.5976593017578
bike,dune_bayes,748,mean,278.9171447753906,285.66334533691406,293.03468933105466
bike,dune_bayes,749,mean,217.76092147827148,223.2989501953125,228.4947509765625
bike,dune_bayes,750,mean,192.0759536743164,197.24303436279297,202.1674903869629
bike,dune_bayes,751,mean,236.44562377929688,241.88570404052734,247.8591583251953
bike,dune_bayes,752,mean,258.28810119628906,264.3293762207031,270.8602951049805
bike,dune_bayes,753,mean,263.4659896850586,269.51544189453125,276.14711914062497
bike,dune_bayes,754,mean,287.7239715576172,294.6075439453125,302.1553131103516
bike,dune_bayes,755,mean,267.5099792480469,273.794921875,280.7102310180664
bike,dune_bayes,756,mean,212.62004776000975,218.93476104736328,225.33848876953124
bike,dune_bayes,757,mean,200.15747756958007,206.9359359741211,213.56493759155273
bike,dune_bayes,758,mean,200.15747756958007,206.9359359741211,213.56493759155273
bike,dune_bayes,759,mean,149.9174446105957,157.18119049072266,164.3351837158203
bike,dune_bayes,760,mean,163.25572814941407,170.51934814453125,177.41143722534179
bike,dune_bayes,761,mean,196.13358383178712,202.5733871459961,209.47016220092772
bike,dune_bayes,762,mean,196.13358383178712,202.5733871459961,209.47016220092772
bike,dune_bayes,763,mean,264.53014984130857,270.7174377441406,277.74740447998045
bike,dune_bayes,764,mean,293.2578720092773,300.3060607910156,308.47318267822266
bike,dune_bayes,765,mean,253.83149642944335,260.3535919189453,267.15799102783205
bike,dune_bayes,766,mean,251.1093894958496,258.2486267089844,264.87423553466795
bike,dune_bayes,767,mean,222.98667373657227,229.41297149658203,235.95229415893553
bike,dune_bayes,768,mean,227.35617141723634,234.0614013671875,240.5240921020508
bike,dune_bayes,769,mean,264.53014984130857,270.7174377441406,277.74740447998045
bike,dune_bayes,770,mean,218.58168334960936,225.2132568359375,232.27411193847655
bike,dune_bayes,771,mean,210.91745529174804,217.44630432128906,224.0216407775879
bike,dune_bayes,772,mean,171.10187911987305,177.74331665039062,184.11587448120116
bike,dune_bayes,773,mean,223.05443420410157,229.06985473632812,234.88141708374022
bike,dune_bayes,774,mean,186.1817413330078,192.91500854492188,199.52947540283202
bike,dune_bayes,775,mean,210.91745529174804,217.44630432128906,224.0216407775879
bike,dune_bayes,776,mean,235.08401260375976,241.59812927246094,248.20224151611328
bike,dune_bayes,777,mean,266.5840072631836,273.13414001464844,280.1068283081055
bike,dune_bayes,778,mean,251.41885223388672,257.9425964355469,264.8341079711914
bike,dune_bayes,779,mean,239.17366714477538,245.77821350097656,252.59389953613282
bike,dune_bayes,780,mean,224.9786117553711,232.0814208984375,238.91983337402343
bike,dune_bayes,781,mean,237.99368896484376,244.7363739013672,251.50946731567382
bike,dune_bayes,782,mean,251.75555419921875,258.16571044921875,265.1193817138672
bike,dune_bayes,783,mean,239.39091796875,246.08002471923828,253.05879440307618
bike,dune_bayes,784,mean,250.23595123291017,256.96142578125,263.7716461181641
bike,dune_bayes,785,mean,263.0219467163086,269.5513000488281,276.2856018066406
bike,dune_bayes,786,mean,264.3232162475586,270.9947814941406,278.02051849365233
bike,dune_bayes,787,mean,235.52371673583986,242.0123748779297,248.55378265380858
bike,dune_bayes,788,mean,210.11531448364258,216.80419921875,223.3211898803711
bike,dune_bayes,789,mean,235.70893325805665,242.2807846069336,249.01791687011718
bike,dune_bayes,790,mean,317.44285888671874,324.8840637207031,333.48029479980465
bike,dune_bayes,791,mean,315.3615188598633,322.9134826660156,331.7052963256836
bike,dune_bayes,792,mean,293.69639892578124,301.0719451904297,308.90103607177736
bike,dune_bayes,793,mean,259.3854064941406,265.8882141113281,272.31675720214844
bike,dune_bayes,794,mean,305.80073699951174,313.4939422607422,321.7748764038086
bike,dune_bayes,795,mean,282.2813262939453,289.51953125,297.30116271972656
bike,dune_bayes,796,mean,266.7367477416992,273.67889404296875,281.0020690917969
bike,dune_bayes,797,mean,228.55940017700195,234.00658416748047,239.6633155822754
bike,dune_bayes,798,mean,249.9360137939453,255.65377044677734,261.6757308959961
bike,dune_bayes,799,mean,270.73485107421874,277.44593811035156,284.45329132080076
bike,dune_bayes,800,mean,301.8264907836914,309.8302764892578,317.9912109375
bike,dune_bayes,801,mean,285.26744384765624,292.46563720703125,300.5832214355469
bike,dune_bayes,802,mean,224.02507476806642,230.21774291992188,236.71586227416992
bike,dune_bayes,803,mean,207.0461166381836,213.0529022216797,219.45252151489257
bike,dune_bayes,804,mean,285.1608856201172,292.4136199951172,300.017724609375
bike,dune_bayes,805,mean,276.5676467895508,283.27294921875,290.427180480957
bike,dune_bayes,806,mean,286.1133666992188,293.3903350830078,301.16434783935546
bike,dune_bayes,807,mean,254.08183212280272,260.94256591796875,267.1356719970703
bike,dune_bayes,808,mean,240.1388801574707,246.950439453125,253.03596725463868
bike,dune_bayes,809,mean,210.91745529174804,217.44630432128906,224.0216407775879
bike,dune_bayes,810,mean,215.77299423217772,222.6271514892578,229.4309455871582
bike,dune_bayes,811,mean,319.31873016357423,326.97564697265625,335.15004272460936
bike,dune_bayes,812,mean,318.7399642944336,326.1755065917969,334.3801071166992
bike,dune_bayes,813,mean,222.51038131713867,229.4750747680664,236.4094223022461
bike,dune_bayes,814,mean,211.38418426513672,218.00279998779297,224.7852035522461
bike,dune_bayes,815,mean,323.8566177368164,331.7504119873047,340.132421875
bike,dune_bayes,816,mean,334.3329574584961,342.6526641845703,351.04107971191405
bike,dune_bayes,817,mean,293.0779769897461,300.4438171386719,308.5410125732422
bike,dune_bayes,818,mean,224.6408836364746,229.5310516357422,234.97839431762696
bike,dune_bayes,819,mean,305.62510986328124,312.9689483642578,321.76572265625
bike,dune_bayes,820,mean,308.8321701049805,316.4426727294922,325.09560241699216
bike,dune_bayes,821,mean,281.1174346923828,288.17982482910156,295.6501968383789
bike,dune_bayes,822,mean,281.1174346923828,288.17982482910156,295.6501968383789
bike,dune_bayes,823,mean,269.4889739990234,276.2931823730469,283.4029342651367
bike,dune_bayes,824,mean,273.6143035888672,280.2022399902344,287.5113250732422
bike,dune_bayes,825,mean,304.8008743286133,312.28570556640625,320.7903778076172
bike,dune_bayes,826,mean,341.3529800415039,349.4688262939453,357.9628463745117
bike,dune_bayes,827,mean,340.36356048583986,348.8022766113281,357.1794204711914
bike,dune_bayes,828,mean,337.39133605957034,345.76246643066406,354.2015411376953
bike,dune_bayes,829,mean,303.3597106933594,310.85662841796875,319.2733978271484
bike,dune_bayes,830,mean,237.13899307250978,243.574462890625,249.86177673339844
bike,dune_bayes,831,mean,338.0497222900391,346.59625244140625,355.8884674072266
bike,dune_bayes,832,mean,263.6967498779297,269.93377685546875,276.63072662353517
bike,dune_bayes,833,mean,270.16255950927734,276.76080322265625,284.03934783935546
bike,dune_bayes,834,mean,302.419010925293,309.76068115234375,317.7750534057617
bike,dune_bayes,835,mean,208.15222625732423,215.17882537841797,222.26877365112304
bike,dune_bayes,836,mean,207.95502624511718,214.7801055908203,222.08369216918945
bike,dune_bayes,837,mean,215.16863937377929,221.7750701904297,228.37222442626953
bike,dune_bayes,838,mean,202.50790100097657,209.33544921875,216.41737899780273
bike,dune_bayes,839,mean,202.43047943115235,209.03114318847656,215.88227005004882
bike,dune_bayes,840,mean,295.68114013671874,303.0657653808594,311.094548034668
bike,dune_bayes,841,mean,287.1606506347656,294.4789733886719,301.8354034423828
bike,dune_bayes,842,mean,255.21664123535157,261.5455017089844,268.1632736206055
bike,dune_bayes,843,mean,235.54332427978517,242.08778381347656,247.99075622558593
bike,dune_bayes,844,mean,267.14629821777345,273.5114440917969,280.13409729003905
bike,dune_bayes,845,mean,319.60045471191404,327.52276611328125,335.86798400878905
bike,dune_bayes,846,mean,277.23254852294923,283.65672302246094,290.53360443115236
bike,dune_bayes,847,mean,239.17366714477538,245.77821350097656,252.59389953613282
bike,dune_bayes,848,mean,234.58345413208008,241.29534912109375,247.6835159301758
bike,dune_bayes,849,mean,224.9535011291504,231.92919158935547,238.81432876586913
bike,dune_bayes,850,mean,264.3232162475586,270.9947814941406,278.02051849365233
bike,dune_bayes,851,mean,239.86100692749022,246.3419189453125,253.31720809936522
bike,dune_bayes,852,mean,192.8285110473633,199.93301391601562,207.03231811523438
bike,dune_bayes,853,mean,197.5915840148926,204.4854736328125,211.22665939331054
bike,dune_bayes,854,mean,303.71149291992185,311.3701171875,319.18150482177737
bike,dune_bayes,855,mean,327.62550964355466,335.3900451660156,343.84706115722656
bike,dune_bayes,856,mean,333.3761291503906,341.6503143310547,349.8661972045898
bike,dune_bayes,857,mean,259.779931640625,266.2266387939453,272.82423706054686
bike,dune_bayes,858,mean,222.21702575683594,229.2166290283203,236.13654174804688
bike,dune_bayes,859,mean,234.2612747192383,240.94906616210938,247.46692276000977
bike,dune_bayes,860,mean,254.80242767333985,261.4122772216797,268.4677932739258
bike,dune_bayes,861,mean,277.138688659668,284.15118408203125,291.0495895385742
bike,dune_bayes,862,mean,216.54773559570313,224.70482635498047,231.22841873168943
bike,dune_bayes,863,mean,210.11531448364258,216.80419921875,223.3211898803711
bike,dune_bayes,864,mean,211.45922470092773,218.42472076416016,225.1173583984375
bike,dune_bayes,865,mean,218.9477798461914,225.44847106933594,231.7506446838379
bike,dune_bayes,866,mean,207.7629020690918,214.45249938964844,221.8504539489746
bike,dune_bayes,867,mean,195.1157356262207,202.0496063232422,209.3362159729004
bike,dune_bayes,868,mean,202.78422164916992,209.73400115966797,216.63081741333008
bike,dune_bayes,869,mean,330.44569244384763,338.62522888183594,347.7536560058594
bike,dune_bayes,870,mean,264.9788131713867,271.0491027832031,278.0978530883789
bike,dune_bayes,871,mean,275.051692199707,281.6824035644531,288.666520690918
bike,dune_bayes,872,mean,238.2901840209961,244.6648941040039,251.1313575744629
bike,dune_bayes,873,mean,290.6139572143555,297.9094696044922,305.3853851318359
bike,dune_bayes,874,mean,313.7736312866211,321.7642517089844,330.23487548828126
bike,dune_bayes,875,mean,323.49066467285155,331.3398132324219,339.9436325073242
bike,dune_bayes,876,mean,267.09841003417966,273.2183837890625,280.23109741210936
bike,dune_bayes,877,mean,226.8768669128418,233.14744567871094,239.62178802490234
bike,dune_bayes,878,mean,236.22852172851563,242.51073455810547,249.2939712524414
bike,dune_bayes,879,mean,307.2931167602539,314.6611022949219,322.54990844726564
bike,dune_bayes,880,mean,225.28545379638672,232.24695587158203,239.1324966430664
bike,dune_bayes,881,mean,225.88911819458008,232.59735107421875,239.44080276489257
bike,dune_bayes,882,mean,281.387158203125,287.99383544921875,294.9671142578125
bike,dune_bayes,883,mean,291.09834442138674,298.10752868652344,305.6681503295898
bike,dune_bayes,884,mean,304.057878112793,311.5875549316406,319.453874206543
bike,dune_bayes,885,mean,329.36171569824216,337.1093292236328,345.62736358642576
bike,dune_bayes,886,mean,322.062971496582,329.59288024902344,337.92738037109376
bike,dune_bayes,887,mean,298.10619049072267,305.8208770751953,313.81024475097655
bike,dune_bayes,888,mean,291.72729034423827,298.70574951171875,306.08199005126954
bike,dune_bayes,889,mean,316.023828125,323.63134765625,332.1066864013672
bike,dune_bayes,890,mean,327.5564529418945,335.45086669921875,343.6343597412109
bike,dune_bayes,891,mean,315.1478271484375,323.0751037597656,331.35863037109374
bike,dune_bayes,892,mean,215.77299423217772,222.6271514892578,229.4309455871582
bike,dune_bayes,893,mean,263.0867889404297,269.35011291503906,275.8396759033203
bike,dune_bayes,894,mean,257.21095886230466,263.27734375,269.4324157714844
bike,dune_bayes,895,mean,326.50350799560545,334.46063232421875,342.9939422607422
bike,dune_bayes,896,mean,321.50755004882814,329.2416076660156,337.7748199462891
bike,dune_bayes,897,mean,282.4249694824219,289.14674377441406,296.84232025146486
bike,dune_bayes,898,mean,217.80596771240235,223.5910873413086,229.48717117309567
bike,dune_bayes,899,mean,217.43200912475587,223.24237060546875,229.15128555297852
bike,dune_bayes,900,mean,242.78367462158204,248.56829833984375,254.8973419189453
bike,dune_bayes,901,mean,279.4030197143555,286.01593017578125,293.3326873779297
bike,dune_bayes,902,mean,257.37095642089844,263.46356201171875,269.9190902709961
bike,dune_bayes,903,mean,289.82283477783204,296.89088439941406,304.69826354980466
bike,dune_bayes,904,mean,313.12218017578124,320.4878387451172,329.2594696044922
bike,dune_bayes,905,mean,216.0540901184082,221.52127838134766,227.35315399169923
bike,dune_bayes,906,mean,213.89857330322266,219.83905792236328,226.10397567749024
bike,dune_bayes,907,mean,244.66705703735352,250.4986572265625,256.8294403076172
bike,dune_bayes,908,mean,280.51656036376954,287.76988220214844,294.9223571777344
bike,dune_bayes,909,mean,305.80073699951174,313.4939422607422,321.7748764038086
bike,dune_bayes,910,mean,308.5280990600586,316.3481140136719,324.72352294921876
bike,dune_bayes,911,mean,214.1132942199707,220.06166076660156,226.45176849365234
bike,dune_bayes,912,mean,214.1132942199707,220.06166076660156,226.45176849365234
bike,dune_bayes,913,mean,220.25091323852538,226.30368041992188,232.5668632507324
bike,dune_bayes,914,mean,250.02838745117188,255.88481903076172,262.5201614379883
bike,dune_bayes,915,mean,288.6822479248047,296.1391143798828,303.5013717651367
bike,dune_bayes,916,mean,231.85202026367188,238.52513122558594,245.1565399169922
bike,dune_bayes,917,mean,218.9477798461914,225.44847106933594,231.7506446838379
bike,dune_bayes,918,mean,286.47901306152346,293.02601623535156,300.44351654052736
bike,dune_bayes,919,mean,296.75159149169923,303.8501281738281,311.1039764404297
bike,dune_bayes,920,mean,305.421044921875,312.7473907470703,320.61720886230466
bike,dune_bayes,921,mean,247.49258575439453,253.85713958740234,260.77020263671875
bike,dune_bayes,922,mean,234.2612747192383,240.94906616210938,247.46692276000977
bike,dune_bayes,923,mean,275.43214263916013,282.2047119140625,289.07885894775393
bike,dune_bayes,924,mean,216.7865119934082,224.1253433227539,231.52693099975585
bike,dune_bayes,925,mean,249.5945556640625,256.5976104736328,263.37989349365233
bike,dune_bayes,926,mean,251.82590942382814,259.0416259765625,265.9199157714844
bike,dune_bayes,927,mean,306.24876403808594,313.50743103027344,321.13290252685545
bike,dune_bayes,928,mean,248.5427017211914,255.3104705810547,262.57706146240236
bike,dune_bayes,929,mean,221.3959617614746,228.5803451538086,235.73075180053712
bike,dune_bayes,930,mean,224.93678359985353,232.15067291259766,239.60589752197265
bike,dune_bayes,931,mean,258.9930053710938,265.6276550292969,272.8979553222656
bike,dune_bayes,932,mean,301.7531494140625,308.80335998535156,316.1801986694336
bike,dune_bayes,933,mean,237.8258483886719,245.04589080810547,252.10366516113282
bike,dune_bayes,934,mean,242.19424896240236,249.12506103515625,256.03189544677736
bike,dune_bayes,935,mean,267.4057098388672,274.17059326171875,280.9264419555664
bike,dune_bayes,936,mean,332.2549682617188,340.27088928222656,348.6662872314453
bike,dune_bayes,937,mean,285.98390502929686,292.5053405761719,300.00768585205077
bike,dune_bayes,938,mean,262.516650390625,269.18760681152344,276.2118927001953
bike,dune_bayes,939,mean,272.13607635498045,279.0461883544922,286.36247100830076
bike,dune_bayes,940,mean,262.516650390625,269.18760681152344,276.2118927001953
bike,dune_bayes,941,mean,262.3766723632813,269.11814880371094,276.0713256835937
bike,dune_bayes,942,mean,283.0499755859375,289.626708984375,297.0561950683594
bike,dune_bayes,943,mean,293.35181427001953,300.7663116455078,308.35203704833987
bike,dune_bayes,944,mean,301.8361221313477,309.32757568359375,317.31740417480466
bike,dune_bayes,945,mean,314.34019775390624,322.29156494140625,330.7553436279297
bike,dune_bayes,946,mean,309.1077850341797,316.88951110839844,325.1783142089844
bike,dune_bayes,947,mean,251.82590942382814,259.0416259765625,265.9199157714844
bike,dune_bayes,948,mean,231.34733657836915,238.35787963867188,245.69838790893556
bike,dune_bayes,949,mean,290.2895538330078,296.9158020019531,304.2894317626953
bike,dune_bayes,950,mean,229.9484977722168,236.68631744384766,243.6372688293457
bike,dune_bayes,951,mean,237.12023010253907,244.03971099853516,251.023282623291
bike,dune_bayes,952,mean,241.10804138183593,247.96411895751953,254.7894058227539
bike,dune_bayes,953,mean,207.67002182006837,214.7762451171875,221.72445526123045
bike,dune_bayes,954,mean,318.2260345458984,325.8958282470703,334.51063842773436
bike,dune_bayes,955,mean,332.04405364990237,340.3625030517578,348.644677734375
bike,dune_bayes,956,mean,336.2570205688477,344.49578857421875,353.13267669677737
bike,dune_bayes,957,mean,314.8186981201172,322.0685577392578,330.4222152709961
bike,dune_bayes,958,mean,306.33296356201174,313.73321533203125,321.70184326171875
bike,dune_bayes,959,mean,298.50719451904297,305.7507781982422,313.5709533691406
bike,dune_bayes,960,mean,277.5596389770508,284.02943420410156,291.2502136230469
bike,dune_bayes,961,mean,283.7803451538086,290.53668212890625,297.8498901367187
bike,dune_bayes,962,mean,300.1831817626953,307.3557434082031,315.34404296875
bike,dune_bayes,963,mean,325.96153259277344,334.02403259277344,342.48229064941404
bike,dune_bayes,964,mean,306.8444259643555,314.1272277832031,322.3269866943359
bike,dune_bayes,965,mean,288.95013427734375,296.2170867919922,303.8396026611328
bike,dune_bayes,966,mean,247.49258575439453,253.85713958740234,260.77020263671875
bike,dune_bayes,967,mean,298.08970794677737,305.38743591308594,312.67151794433596
bike,dune_bayes,968,mean,313.413818359375,320.50172424316406,328.53260192871096
bike,dune_bayes,969,mean,312.34080810546874,319.6544189453125,327.61778564453124
bike,dune_bayes,970,mean,304.1061416625977,311.5372314453125,319.3017272949219
bike,dune_bayes,971,mean,288.6296447753906,295.0854797363281,302.48094787597654
bike,dune_bayes,972,mean,243.19847106933594,250.15557861328125,257.04341583251954
bike,dune_bayes,973,mean,232.68615341186523,239.70266723632812,246.9408103942871
bike,dune_bayes,974,mean,333.12795104980466,340.9859313964844,349.5348098754883
bike,dune_bayes,975,mean,344.2198760986328,352.6114959716797,361.14772338867186
bike,dune_bayes,976,mean,288.012353515625,295.30763244628906,302.7250213623047
bike,dune_bayes,977,mean,261.1923492431641,267.30494689941406,274.45652923583987
bike,dune_bayes,978,mean,321.7097106933594,329.6741943359375,338.08092346191404
bike,dune_bayes,979,mean,336.94535064697266,345.5530700683594,354.59381713867185
bike,dune_bayes,980,mean,336.4190277099609,344.9164733886719,353.7846984863281
bike,dune_bayes,981,mean,338.37083435058594,346.6205139160156,355.68345947265624
bike,dune_bayes,982,mean,267.1429779052734,273.7427062988281,280.81921234130857
bike,dune_bayes,983,mean,256.8600189208984,263.49034118652344,270.430126953125
bike,dune_bayes,984,mean,303.99149627685546,311.5619812011719,319.7554595947266
bike,dune_bayes,985,mean,341.5877288818359,350.0425720214844,358.9391754150391
bike,dune_bayes,986,mean,341.53477783203124,350.06309509277344,358.9543853759766
bike,dune_bayes,987,mean,234.2612747192383,240.94906616210938,247.46692276000977
bike,dune_bayes,988,mean,225.88911819458008,232.59735107421875,239.44080276489257
bike,dune_bayes,989,mean,210.2563446044922,216.93741607666016,223.55872192382813
bike,dune_bayes,990,mean,318.5274124145508,326.4097442626953,334.9464874267578
bike,dune_bayes,991,mean,341.00682220458987,349.4241638183594,358.0547760009766
bike,dune_bayes,992,mean,244.69740524291993,250.9373016357422,257.83914642333986
bike,dune_bayes,993,mean,226.70337371826173,232.8137435913086,239.12296371459962
bike,dune_bayes,994,mean,271.3352813720703,277.5392608642578,284.50830078125
bike,dune_bayes,995,mean,281.9689636230469,288.54058837890625,295.5134567260742
bike,dune_bayes,996,mean,338.9076217651367,347.27630615234375,355.7625030517578
bike,dune_bayes,997,mean,338.3078338623047,346.7687072753906,355.0002899169922
bike,dune_bayes,998,mean,345.3288314819336,353.6406555175781,362.3615020751953
bike,dune_bayes,999,mean,345.3288314819336,353.6406555175781,362.3615020751953
bike,dune_bayes,1000,mean,345.3288314819336,353.6406555175781,362.3615020751953
bike,dune_bayes,1001,mean,342.0544998168945,350.67034912109375,359.16669006347655
bike,dune_bayes,1002,mean,308.11171875,315.8539581298828,323.8098846435547
bike,dune_bayes,1003,mean,308.11171875,315.8539581298828,323.8098846435547
bike,dune_bayes,1004,mean,289.7735336303711,297.0612030029297,304.61403198242186
bike,dune_bayes,1005,mean,284.4596252441406,290.91651916503906,298.0633575439453
bike,dune_bayes,1006,mean,219.9500946044922,226.97660064697266,233.88336944580078
bike,dune_bayes,1007,mean,207.8518280029297,214.9913101196289,222.13790740966797
bike,dune_bayes,1008,mean,207.5177749633789,214.69390106201172,221.74223556518555
bike,dune_bayes,1009,mean,198.07155532836913,205.3185577392578,212.63073272705077
bike,dune_bayes,1010,mean,198.07155532836913,205.3185577392578,212.63073272705077
bike,dune_bayes,1011,mean,206.83664932250977,214.07305908203125,221.52394104003906
bike,dune_bayes,1012,mean,206.83664932250977,214.07305908203125,221.52394104003906
bike,dune_bayes,1013,mean,274.864306640625,281.6181640625,288.6012588500976
bike,dune_bayes,1014,mean,212.99978408813476,219.22856903076172,225.5192413330078
bike,dune_bayes,1015,mean,256.59308166503905,262.847900390625,269.60592193603514
bike,dune_bayes,1016,mean,215.89466094970703,222.32025909423828,229.24139480590821
bike,dune_bayes,1017,mean,212.73855285644532,219.59456634521484,226.93839263916016
bike,dune_bayes,1018,mean,229.95172882080078,236.93216705322266,243.92464981079098
bike,dune_bayes,1019,mean,226.83368911743165,233.75946044921875,241.09112319946288
bike,dune_bayes,1020,mean,226.70131759643556,233.4965362548828,240.5991630554199
bike,dune_bayes,1021,mean,224.9786117553711,232.0814208984375,238.91983337402343
bike,dune_bayes,1022,mean,322.065364074707,329.649169921875,338.1026153564453
bike,dune_bayes,1023,mean,330.1391799926758,338.2966613769531,346.8572174072266
bike,dune_bayes,1024,mean,324.3491516113281,332.51768493652344,340.94412689208986
bike,dune_bayes,1025,mean,255.2517997741699,262.24317932128906,268.62794342041013
bike,dune_bayes,1026,mean,286.7636154174805,293.4090270996094,300.64154052734375
bike,dune_bayes,1027,mean,312.0119232177734,319.6170654296875,327.84203338623047
bike,dune_bayes,1028,mean,295.4527252197266,302.7582244873047,310.1850555419922
bike,dune_bayes,1029,mean,307.52664947509766,315.17633056640625,323.1907531738281
bike,dune_bayes,1030,mean,318.5274124145508,326.4097442626953,334.9464874267578
bike,dune_bayes,1031,mean,296.8354736328125,304.14195251464844,311.80727539062497
bike,dune_bayes,1032,mean,305.9084503173828,313.3587341308594,321.4767929077148
bike,dune_bayes,1033,mean,337.1326736450195,345.4534149169922,353.9518051147461
bike,dune_bayes,1034,mean,325.8832061767578,334.26812744140625,342.72411193847654
bike,dune_bayes,1035,mean,317.2060089111328,324.91705322265625,333.6213638305664
bike,dune_bayes,1036,mean,331.5092712402344,339.7077941894531,348.39684143066404
bike,dune_bayes,1037,mean,334.3329574584961,342.6526641845703,351.04107971191405
bike,dune_bayes,1038,mean,334.57921905517577,343.0402374267578,351.43446960449216
bike,dune_bayes,1039,mean,320.61078186035155,328.3684997558594,336.883984375
bike,dune_bayes,1040,mean,271.49268798828126,277.6065673828125,284.7629119873047
bike,dune_bayes,1041,mean,271.0286178588867,277.36537170410156,284.5470916748047
bike,dune_bayes,1042,mean,251.81141967773436,257.4533386230469,263.49589080810546
bike,dune_bayes,1043,mean,334.33839263916013,342.64794921875,351.2453887939453
bike,dune_bayes,1044,mean,319.15743865966795,326.5723876953125,335.23692321777344
bike,dune_bayes,1045,mean,312.67581329345705,320.2043151855469,328.71771545410155
bike,dune_bayes,1046,mean,268.47910461425784,275.03704833984375,282.15185699462893
bike,dune_bayes,1047,mean,253.69611129760742,259.66041564941406,266.21849365234374
bike,dune_bayes,1048,mean,219.93853530883788,227.00906372070312,234.05550231933594
bike,dune_bayes,1049,mean,232.7958740234375,239.40319061279297,246.08809814453124
bike,dune_bayes,1050,mean,213.7972381591797,221.33694458007812,228.48928985595703
bike,dune_bayes,1051,mean,213.7972381591797,221.33694458007812,228.48928985595703
bike,dune_bayes,1052,mean,201.4716781616211,208.92365264892578,216.0750991821289
bike,dune_bayes,1053,mean,223.48355026245116,230.34962463378906,237.56618576049803
bike,dune_bayes,1054,mean,257.8365768432617,264.1717529296875,271.13966369628906
bike,dune_bayes,1055,mean,184.61105728149414,192.55677032470703,199.26848602294922
bike,dune_bayes,1056,mean,191.22528686523438,197.84934997558594,204.42728652954102
bike,dune_bayes,1057,mean,247.43426132202148,253.40665435791016,259.89839630126954
bike,dune_bayes,1058,mean,238.34238510131837,244.2641143798828,250.80918731689454
bike,dune_bayes,1059,mean,218.08188858032227,224.2298583984375,230.24320220947266
bike,dune_bayes,1060,mean,263.3948150634766,269.426025390625,275.9569549560547
bike,dune_bayes,1061,mean,322.3947525024414,330.1923370361328,338.87718658447267
bike,dune_bayes,1062,mean,311.13468780517576,318.58062744140625,326.99122314453126
bike,dune_bayes,1063,mean,285.1608856201172,292.4136199951172,300.017724609375
bike,dune_bayes,1064,mean,264.55692901611326,271.2344207763672,277.8321731567383
bike,dune_bayes,1065,mean,205.77453079223633,212.28583526611328,218.31231002807615
bike,dune_bayes,1066,mean,301.5883255004883,308.8958282470703,316.73980712890625
bike,dune_bayes,1067,mean,312.7974914550781,320.16827392578125,328.63555908203125
bike,dune_bayes,1068,mean,319.73407592773435,327.1650390625,335.73509216308594
bike,dune_bayes,1069,mean,256.2438262939453,262.5641174316406,269.1690383911133
bike,dune_bayes,1070,mean,257.9716430664063,264.44688415527344,271.38544921875
bike,dune_bayes,1071,mean,303.31880340576174,310.6669921875,318.49894561767576
bike,dune_bayes,1072,mean,210.2563446044922,216.93741607666016,223.55872192382813
bike,dune_bayes,1073,mean,242.44432907104493,248.55889129638672,255.25286865234375
bike,dune_bayes,1074,mean,203.87938537597657,210.84120178222656,217.5181915283203
bike,dune_bayes,1075,mean,269.64292907714844,276.36448669433594,282.9666381835938
bike,dune_bayes,1076,mean,285.5461944580078,292.62339782714844,300.0154144287109
bike,dune_bayes,1077,mean,200.12160415649413,207.4003143310547,213.89655838012695
bike,dune_bayes,1078,mean,194.83398208618163,201.97801971435547,209.03907012939453
bike,dune_bayes,1079,mean,273.13573150634767,280.0232849121094,287.3502670288086
bike,dune_bayes,1080,mean,232.6757553100586,239.08502197265625,245.753662109375
bike,dune_bayes,1081,mean,219.29861373901366,226.07282257080078,233.1561592102051
bike,dune_bayes,1082,mean,219.21385116577147,225.8303680419922,232.93136138916014
bike,dune_bayes,1083,mean,208.39060134887694,215.56978607177734,222.42475280761718
bike,dune_bayes,1084,mean,239.84705810546876,246.72449493408203,253.73708877563476
bike,dune_bayes,1085,mean,274.3727737426758,280.5368957519531,288.143505859375
bike,dune_bayes,1086,mean,286.4608779907227,293.15411376953125,300.66478118896487
bike,dune_bayes,1087,mean,216.3538360595703,223.7951431274414,231.10841598510743
bike,dune_bayes,1088,mean,226.70131759643556,233.4965362548828,240.5991630554199
bike,dune_bayes,1089,mean,245.75364608764647,252.0455093383789,258.79151458740233
bike,dune_bayes,1090,mean,258.692854309082,264.8875274658203,271.41578369140626
bike,dune_bayes,1091,mean,296.47686767578125,303.7116241455078,311.83471527099607
bike,dune_bayes,1092,mean,324.2783599853516,332.1042938232422,340.92490234375
bike,dune_bayes,1093,mean,305.40043487548826,313.1151580810547,321.8841491699219
bike,dune_bayes,1094,mean,295.9158142089844,303.28271484375,311.8610549926758
bike,dune_bayes,1095,mean,269.7826675415039,276.66978454589844,283.80374603271486
bike,dune_bayes,1096,mean,291.3612319946289,298.7671813964844,306.9506072998047
bike,dune_bayes,1097,mean,319.03712768554686,327.0071563720703,335.8222320556641
bike,dune_bayes,1098,mean,318.1633697509766,325.98985290527344,334.6636993408203
bike,dune_bayes,1099,mean,283.1443389892578,290.114990234375,297.9557220458984
bike,dune_bayes,1100,mean,214.45682525634766,219.42020416259766,224.86804428100587
bike,dune_bayes,1101,mean,194.48495330810547,199.79298400878906,205.25778427124024
bike,dune_bayes,1102,mean,298.9426025390625,306.5103454589844,314.24939727783203
bike,dune_bayes,1103,mean,289.0706985473633,296.0446472167969,303.43045501708986
bike,dune_bayes,1104,mean,211.62887420654297,219.14138793945312,225.727685546875
bike,dune_bayes,1105,mean,220.55825729370116,227.9798812866211,235.13233642578123
bike,dune_bayes,1106,mean,214.09965438842772,220.89479064941406,227.36129608154297
bike,dune_bayes,1107,mean,185.81498641967772,192.61109924316406,199.24599685668946
bike,dune_bayes,1108,mean,233.29462280273438,240.23765563964844,247.1173988342285
bike,dune_bayes,1109,mean,271.7510330200195,278.7194519042969,285.57438507080076
bike,dune_bayes,1110,mean,275.2130294799805,282.0182647705078,288.948095703125
bike,dune_bayes,1111,mean,229.54082107543945,236.32025909423828,243.4830535888672
bike,dune_bayes,1112,mean,216.41134948730468,223.9050521850586,231.15277633666992
bike,dune_bayes,1113,mean,196.2243766784668,204.63604736328125,211.65224838256836
bike,dune_bayes,1114,mean,197.78198165893554,205.0518798828125,211.88249588012695
bike,dune_bayes,1115,mean,224.508699798584,231.57659149169922,238.13846969604492
bike,dune_bayes,1116,mean,272.5778289794922,279.2327117919922,286.38593139648435
bike,dune_bayes,1117,mean,266.2333679199219,272.4492645263672,279.36622467041013
bike,dune_bayes,1118,mean,288.8024536132813,295.8943786621094,303.96605529785154
bike,dune_bayes,1119,mean,288.2371063232422,295.18115234375,303.09739685058594
bike,dune_bayes,1120,mean,304.8008743286133,312.28570556640625,320.7903778076172
bike,dune_bayes,1121,mean,255.84973678588867,261.6897277832031,268.0679046630859
bike,dune_bayes,1122,mean,185.76746673583983,190.89540100097656,196.2321632385254
bike,dune_bayes,1123,mean,255.84973678588867,261.6897277832031,268.0679046630859
bike,dune_bayes,1124,mean,183.41623916625977,189.5948944091797,195.4635452270508
bike,dune_bayes,1125,mean,193.06414260864258,199.0322036743164,204.6487693786621
bike,dune_bayes,1126,mean,167.75775146484375,173.80429077148438,179.79962844848632
bike,dune_bayes,1127,mean,224.48451538085936,230.5968246459961,236.09393920898438
bike,dune_bayes,1128,mean,308.33909606933594,315.80198669433594,324.1808837890625
bike,dune_bayes,1129,mean,311.773616027832,319.28822326660156,327.7951965332031
bike,dune_bayes,1130,mean,194.32904663085938,199.6687240600586,205.0992057800293
bike,dune_bayes,1131,mean,199.09502258300782,205.48104095458984,211.37527389526366
bike,dune_bayes,1132,mean,273.80042419433596,280.2083435058594,287.36119842529297
bike,dune_bayes,1133,mean,216.5217399597168,222.29837799072266,228.13738708496095
bike,dune_bayes,1134,mean,198.89998626708984,205.35862731933594,212.00287246704102
bike,dune_bayes,1135,mean,265.7273941040039,272.25181579589844,278.98343963623046
bike,dune_bayes,1136,mean,214.1132942199707,220.06166076660156,226.45176849365234
bike,dune_bayes,1137,mean,264.7096282958984,270.4098815917969,277.34471740722654
bike,dune_bayes,1138,mean,249.13960037231445,255.79822540283203,262.5778076171875
bike,dune_bayes,1139,mean,244.53548049926758,251.26476287841797,257.8017776489258
bike,dune_bayes,1140,mean,223.49852905273437,229.81302642822266,236.1241256713867
bike,dune_bayes,1141,mean,223.49852905273437,229.81302642822266,236.1241256713867
bike,dune_bayes,1142,mean,216.13340682983397,222.5969696044922,229.45251235961913
bike,dune_bayes,1143,mean,240.89280014038087,247.49684143066406,253.91038436889647
bike,dune_bayes,1144,mean,199.96165466308594,207.1734619140625,214.5555252075195
bike,dune_bayes,1145,mean,199.77761840820312,207.0249252319336,214.30958557128903
bike,dune_bayes,1146,mean,169.14519577026368,176.37066650390625,182.7753463745117
bike,dune_bayes,1147,mean,157.39273529052736,164.53884887695312,170.8784652709961
bike,dune_bayes,1148,mean,157.02184829711913,163.80716705322266,170.28461074829102
bike,dune_bayes,1149,mean,157.34295120239258,164.1578369140625,170.39849243164062
bike,dune_bayes,1150,mean,157.34295120239258,164.1578369140625,170.39849243164062
bike,dune_bayes,1151,mean,169.3328399658203,176.39297485351562,181.98799209594725
bike,dune_bayes,1152,mean,157.37724227905272,164.6710968017578,170.98802337646484
bike,dune_bayes,1153,mean,163.04273834228516,170.20291900634766,176.33535919189453
bike,dune_bayes,1154,mean,163.02367706298827,170.40606689453125,176.461328125
bike,dune_bayes,1155,mean,186.1817413330078,192.91500854492188,199.52947540283202
bike,dune_bayes,1156,mean,163.25572814941407,170.51934814453125,177.41143722534179
bike,dune_bayes,1157,mean,185.0932815551758,191.8313446044922,198.7210624694824
bike,dune_bayes,1158,mean,176.29010848999025,183.7152557373047,190.6152099609375
bike,dune_bayes,1159,mean,186.6823760986328,193.8022003173828,201.19415664672852
bike,dune_bayes,1160,mean,186.61630554199218,193.71537017822266,201.04685745239257
bike,dune_bayes,1161,mean,199.31878585815429,206.4493865966797,213.7408187866211
bike,dune_bayes,1162,mean,194.42744827270508,202.26853942871094,208.60719299316406
bike,dune_bayes,1163,mean,183.72344207763672,191.7588653564453,198.4966728210449
bike,dune_bayes,1164,mean,182.0843948364258,189.42852783203125,197.0585060119629
bike,dune_bayes,1165,mean,187.12773513793945,194.04293823242188,201.14288024902342
bike,dune_bayes,1166,mean,181.30553970336913,188.8323516845703,196.50549392700194
bike,dune_bayes,1167,mean,237.7906051635742,244.5990982055664,251.3961410522461
bike,dune_bayes,1168,mean,202.0009536743164,209.23087310791016,216.40189514160156
bike,dune_bayes,1169,mean,165.6607864379883,172.8366470336914,179.61380462646483
bike,dune_bayes,1170,mean,233.83293609619142,239.9223861694336,246.2679145812988
bike,dune_bayes,1171,mean,181.90076599121093,189.14430236816406,196.24188690185545
bike,dune_bayes,1172,mean,294.43430786132814,302.34739685058594,309.8970947265625
bike,dune_bayes,1173,mean,228.60390396118163,234.50067901611328,240.69639892578124
bike,dune_bayes,1174,mean,169.21748962402344,176.1138916015625,182.47176971435547
bike,dune_bayes,1175,mean,230.27821655273436,236.69688415527344,242.44105682373046
bike,dune_bayes,1176,mean,274.258447265625,280.5487518310547,287.51224517822266
bike,dune_bayes,1177,mean,285.9908081054688,293.0795135498047,300.75953521728513
bike,dune_bayes,1178,mean,271.74802856445314,278.1343994140625,285.24555053710935
bike,dune_bayes,1179,mean,185.81498641967772,192.61109924316406,199.24599685668946
bike,dune_bayes,1180,mean,183.83804779052736,190.30316162109375,196.8766357421875
bike,dune_bayes,1181,mean,169.21748962402344,176.1138916015625,182.47176971435547
bike,dune_bayes,1182,mean,241.63102340698242,247.9266128540039,254.28095016479492
bike,dune_bayes,1183,mean,297.21522521972656,304.26686096191406,312.0850631713867
bike,dune_bayes,1184,mean,266.34479064941405,272.60984802246094,279.5987976074219
bike,dune_bayes,1185,mean,243.27615203857422,249.7950668334961,256.2549423217773
bike,dune_bayes,1186,mean,267.6174346923828,273.81126403808594,280.6568359375
bike,dune_bayes,1187,mean,216.26146087646484,222.1466522216797,228.00380630493163
bike,dune_bayes,1188,mean,193.52933197021486,200.13619995117188,206.45697784423828
bike,dune_bayes,1189,mean,224.14825057983398,230.8465118408203,237.0827392578125
bike,dune_bayes,1190,mean,152.1079460144043,157.52908325195312,163.00153808593748
bike,dune_bayes,1191,mean,125.54053344726563,131.37105560302734,137.38656311035157
bike,dune_bayes,1192,mean,125.28083457946778,131.02519989013672,136.8740364074707
bike,dune_bayes,1193,mean,106.20690002441407,112.49745559692383,118.9852508544922
bike,dune_bayes,1194,mean,191.5782485961914,197.96871948242188,203.06132125854492
bike,dune_bayes,1195,mean,249.41332473754883,255.83807373046875,262.3874572753906
bike,dune_bayes,1196,mean,146.09645309448243,151.71078491210938,157.4703872680664
bike,dune_bayes,1197,mean,167.13994903564452,172.42030334472656,177.69461822509766
bike,dune_bayes,1198,mean,118.76970481872559,125.76172637939453,132.13801116943358
bike,dune_bayes,1199,mean,118.12898559570313,125.2259521484375,131.48424835205077
bike,dune_bayes,1200,mean,127.12764434814453,133.7138671875,139.5697334289551
bike,dune_bayes,1201,mean,224.02659301757814,228.9951629638672,234.3786506652832
bike,dune_bayes,1202,mean,193.87384490966798,199.16571807861328,204.55461044311522
bike,dune_bayes,1203,mean,159.03760681152343,164.77608489990234,170.27224578857422
bike,dune_bayes,1204,mean,216.32561721801758,221.40404510498047,226.48399124145507
bike,dune_bayes,1205,mean,162.4445671081543,168.8534393310547,174.98824539184568
bike,dune_bayes,1206,mean,206.7628646850586,212.87234497070312,219.1060432434082
bike,dune_bayes,1207,mean,192.23402709960936,198.59718322753906,204.87474365234374
bike,dune_bayes,1208,mean,151.712654876709,158.57289123535156,165.11657104492187
bike,dune_bayes,1209,mean,159.6071975708008,166.7868423461914,173.49324722290038
bike,dune_bayes,1210,mean,225.4158187866211,231.79141235351562,237.99854888916016
bike,dune_bayes,1211,mean,175.30965118408204,182.66986846923828,189.8549476623535
bike,dune_bayes,1212,mean,185.7980972290039,193.06958770751953,200.5068717956543
bike,dune_bayes,1213,mean,179.83878479003906,187.02368927001953,194.03455657958983
bike,dune_bayes,1214,mean,179.74935302734374,186.84613037109375,193.88886260986328
bike,dune_bayes,1215,mean,175.6905960083008,183.0756607055664,190.13186111450196
bike,dune_bayes,1216,mean,176.0191551208496,183.31837463378906,190.5149833679199
bike,dune_bayes,1217,mean,174.5704116821289,181.8845672607422,189.31887130737303
bike,dune_bayes,1218,mean,187.12773513793945,194.04293823242188,201.14288024902342
bike,dune_bayes,1219,mean,187.12773513793945,194.04293823242188,201.14288024902342
bike,dune_bayes,1220,mean,185.7980972290039,193.06958770751953,200.5068717956543
bike,dune_bayes,1221,mean,174.5704116821289,181.8845672607422,189.31887130737303
bike,dune_bayes,1222,mean,165.12834548950195,172.39879608154297,179.28348999023436
bike,dune_bayes,1223,mean,169.3310646057129,176.76246643066406,183.51223678588866
bike,dune_bayes,1224,mean,182.8050064086914,189.71669006347656,196.59815826416016
bike,dune_bayes,1225,mean,222.98667373657227,229.41297149658203,235.95229415893553
bike,dune_bayes,1226,mean,222.98667373657227,229.41297149658203,235.95229415893553
bike,dune_bayes,1227,mean,188.6480712890625,195.96080017089844,203.09838409423827
bike,dune_bayes,1228,mean,213.69810256958007,221.11843872070312,227.73192596435547
bike,dune_bayes,1229,mean,202.43047943115235,209.03114318847656,215.88227005004882
bike,dune_bayes,1230,mean,185.7980972290039,193.06958770751953,200.5068717956543
bike,dune_bayes,1231,mean,235.08401260375976,241.59812927246094,248.20224151611328
bike,dune_bayes,1232,mean,243.89048614501954,250.08216857910156,256.71925964355466
bike,dune_bayes,1233,mean,211.4870231628418,218.1808090209961,224.6895294189453
bike,dune_bayes,1234,mean,186.61630554199218,193.71537017822266,201.04685745239257
bike,dune_bayes,1235,mean,197.5915840148926,204.4854736328125,211.22665939331054
bike,dune_bayes,1236,mean,185.58091888427734,192.51162719726562,199.1636863708496
bike,dune_bayes,1237,mean,185.0932815551758,191.8313446044922,198.7210624694824
bike,dune_bayes,1238,mean,185.0932815551758,191.8313446044922,198.7210624694824
bike,dune_bayes,1239,mean,185.0932815551758,191.8313446044922,198.7210624694824
bike,dune_bayes,1240,mean,180.51772842407226,187.60720825195312,194.48686599731445
bike,dune_bayes,1241,mean,187.80399551391602,195.03546142578125,201.75611572265623
bike,dune_bayes,1242,mean,236.22852172851563,242.51073455810547,249.2939712524414
bike,dune_bayes,1243,mean,268.46710510253905,274.72100830078125,281.7614974975586
bike,dune_bayes,1244,mean,193.58866195678712,200.4895248413086,206.8095817565918
bike,dune_bayes,1245,mean,187.18255462646485,194.0599594116211,200.5844657897949
bike,dune_bayes,1246,mean,180.81999435424805,187.99498748779297,194.46181411743163
bike,dune_bayes,1247,mean,252.4526336669922,258.33758544921875,264.6325744628906
bike,dune_bayes,1248,mean,270.81226654052733,277.2110595703125,284.5189865112305
bike,dune_bayes,1249,mean,168.32286682128907,173.8365707397461,179.15581741333008
bike,dune_bayes,1250,mean,195.236173248291,200.7015838623047,206.11179122924804
bike,dune_bayes,1251,mean,230.39171981811523,235.99044799804688,241.5492820739746
bike,dune_bayes,1252,mean,265.5780426025391,271.7834777832031,279.07295379638674
bike,dune_bayes,1253,mean,260.67341766357424,267.295654296875,273.9994750976563
bike,dune_bayes,1254,mean,221.6092658996582,227.83077239990234,233.0526985168457
bike,dune_bayes,1255,mean,169.7589584350586,174.9256362915039,180.255135345459
bike,dune_bayes,1256,mean,169.93738479614257,175.7001724243164,181.3014373779297
bike,dune_bayes,1257,mean,180.03168334960938,186.20374298095703,191.5787010192871
bike,dune_bayes,1258,mean,172.76280670166017,179.22274017333984,184.89989852905273
bike,dune_bayes,1259,mean,111.71575889587402,118.67984390258789,124.98667449951171
bike,dune_bayes,1260,mean,101.05773162841797,108.50217056274414,115.11184654235839
bike,dune_bayes,1261,mean,92.96421508789062,100.25643539428711,106.6774257659912
bike,dune_bayes,1262,mean,73.4296989440918,81.8894157409668,89.89664268493652
bike,dune_bayes,1263,mean,67.48102264404297,75.7236213684082,82.93333778381346
bike,dune_bayes,1264,mean,89.62515106201172,96.70768356323242,103.13724555969237
bike,dune_bayes,1265,mean,96.63518409729004,103.9866714477539,111.06838111877441
bike,dune_bayes,1266,mean,126.04435577392579,132.48431396484375,138.4079216003418
bike,dune_bayes,1267,mean,144.04356079101564,150.25074005126953,155.95986862182616
bike,dune_bayes,1268,mean,87.37003097534179,94.74225997924805,101.31178512573241
bike,dune_bayes,1269,mean,106.6682674407959,113.37363815307617,119.66327476501465
bike,dune_bayes,1270,mean,86.2783935546875,93.62892532348633,100.30125465393066
bike,dune_bayes,1271,mean,74.4832332611084,82.18215942382812,89.39586296081542
bike,dune_bayes,1272,mean,97.99980201721192,104.73208618164062,111.32811355590819
bike,dune_bayes,1273,mean,88.51768798828125,95.5631217956543,102.86837959289551
bike,dune_bayes,1274,mean,97.99980201721192,104.73208618164062,111.32811355590819
bike,dune_bayes,1275,mean,108.52330703735352,114.73995971679688,121.13185691833496
bike,dune_bayes,1276,mean,111.88852958679199,118.59151077270508,125.22528457641602
bike,dune_bayes,1277,mean,112.87668342590332,119.43770217895508,125.60371437072753
bike,dune_bayes,1278,mean,102.13787689208985,108.90484237670898,115.53171272277831
bike,dune_bayes,1279,mean,96.36163711547852,103.36951065063477,110.21050415039062
bike,dune_bayes,1280,mean,172.14604873657225,177.3083953857422,182.58954620361328
bike,dune_bayes,1281,mean,111.81879043579102,118.78706359863281,125.79243965148926
bike,dune_bayes,1282,mean,120.61871070861817,127.08867263793945,133.43585968017578
bike,dune_bayes,1283,mean,218.83677291870117,224.4729766845703,229.57153549194337
bike,dune_bayes,1284,mean,283.9099746704102,290.86231994628906,298.75491790771486
bike,dune_bayes,1285,mean,284.2739486694336,291.25341796875,299.0713424682617
bike,dune_bayes,1286,mean,168.81625900268554,174.51213836669922,179.856103515625
bike,dune_bayes,1287,mean,171.59674530029298,177.06470489501953,181.83696823120118
bike,dune_bayes,1288,mean,122.46997718811035,128.87033081054688,135.44315719604492
bike,dune_bayes,1289,mean,110.31584701538085,117.19754409790039,124.03664741516113
bike,dune_bayes,1290,mean,102.7351058959961,109.91055679321289,116.85613021850585
bike,dune_bayes,1291,mean,256.78294677734374,263.3175354003906,269.87157592773434
bike,dune_bayes,1292,mean,226.2839584350586,231.18852996826172,236.3608642578125
bike,dune_bayes,1293,mean,176.9057289123535,182.1789321899414,187.30673828125
bike,dune_bayes,1294,mean,126.03060150146484,133.03460693359375,139.39156799316405
bike,dune_bayes,1295,mean,126.03060150146484,133.03460693359375,139.39156799316405
bike,dune_bayes,1296,mean,154.3698257446289,160.43846130371094,166.69535598754882
bike,dune_bayes,1297,mean,163.92471008300782,170.2866973876953,176.37484893798828
bike,dune_bayes,1298,mean,288.6437515258789,296.2820739746094,304.5958938598633
bike,dune_bayes,1299,mean,275.38811645507815,282.1060791015625,289.72839813232423
bike,dune_bayes,1300,mean,284.2397003173828,291.38580322265625,299.28900451660155
bike,dune_bayes,1301,mean,163.92471008300782,170.2866973876953,176.37484893798828
bike,dune_bayes,1302,mean,119.08219184875489,126.18634414672852,132.93752822875976
bike,dune_bayes,1303,mean,109.05097465515136,116.13900375366211,123.00522270202636
bike,dune_bayes,1304,mean,284.2397003173828,291.38580322265625,299.28900451660155
bike,dune_bayes,1305,mean,290.0860107421875,297.3077850341797,305.43042755126953
bike,dune_bayes,1306,mean,282.2813262939453,289.51953125,297.30116271972656
bike,dune_bayes,1307,mean,242.91081771850585,248.62020874023438,254.59877853393556
bike,dune_bayes,1308,mean,128.28888244628905,135.25423431396484,142.15270309448243
bike,dune_bayes,1309,mean,118.54187355041503,125.51180648803711,132.39265975952148
bike,dune_bayes,1310,mean,112.75692977905274,119.83689498901367,126.98582801818847
bike,dune_bayes,1311,mean,154.0654495239258,160.97566986083984,167.68060531616212
bike,dune_bayes,1312,mean,291.7705322265625,299.0108947753906,307.4254928588867
bike,dune_bayes,1313,mean,305.2820022583008,312.9070129394531,321.2433624267578
bike,dune_bayes,1314,mean,296.7476303100586,304.29615783691406,312.5452911376953
bike,dune_bayes,1315,mean,189.44710388183594,195.69135284423828,201.95678176879883
bike,dune_bayes,1316,mean,146.5297836303711,153.17796325683594,159.79519424438476
bike,dune_bayes,1317,mean,152.0840980529785,158.4558868408203,164.56633758544922
bike,dune_bayes,1318,mean,152.01397705078125,158.31741333007812,164.48754196166993
bike,dune_bayes,1319,mean,176.55849609375,182.8573989868164,188.85401916503906
bike,dune_bayes,1320,mean,219.37299118041992,224.60140991210938,230.20646057128906
bike,dune_bayes,1321,mean,210.47186126708985,216.08402252197266,221.75960006713868
bike,dune_bayes,1322,mean,185.98779983520507,192.35159301757812,198.32074966430662
bike,dune_bayes,1323,mean,193.65301589965821,199.53219604492188,205.41720809936524
bike,dune_bayes,1324,mean,177.62280349731446,183.83560180664062,189.85411376953124
bike,dune_bayes,1325,mean,163.05340957641602,170.59639739990234,176.4621383666992
bike,dune_bayes,1326,mean,150.99052963256835,158.03942108154297,164.69516220092774
bike,dune_bayes,1327,mean,155.8143112182617,162.6123275756836,169.1729766845703
bike,dune_bayes,1328,mean,160.16192169189452,167.30573272705078,173.75466842651366
bike,dune_bayes,1329,mean,172.61714706420898,179.86498260498047,186.47499923706053
bike,dune_bayes,1330,mean,285.12975311279297,291.77915954589844,299.71489410400386
bike,dune_bayes,1331,mean,258.65575103759767,265.2348937988281,272.60251770019534
bike,dune_bayes,1332,mean,258.7507049560547,265.4848175048828,273.03474578857424
bike,dune_bayes,1333,mean,189.24869613647462,195.20323944091797,200.40119094848632
bike,dune_bayes,1334,mean,277.8084350585938,285.5205383300781,293.9098098754883
bike,dune_bayes,1335,mean,280.2438461303711,287.01173400878906,295.49705200195314
bike,dune_bayes,1336,mean,255.32118530273436,261.78871154785156,269.1534118652344
bike,dune_bayes,1337,mean,223.33082580566406,229.89263916015625,236.66176223754883
bike,dune_bayes,1338,mean,208.98196411132812,215.66793060302734,222.09605178833007
bike,dune_bayes,1339,mean,171.8052520751953,177.86334228515625,183.4098861694336
bike,dune_bayes,1340,mean,125.35909652709961,131.63052368164062,137.4042175292969
bike,dune_bayes,1341,mean,161.2098831176758,167.38932037353516,172.5248764038086
bike,dune_bayes,1342,mean,269.1193542480469,275.93089294433594,284.0766799926758
bike,dune_bayes,1343,mean,279.54295349121094,286.0984649658203,294.2165985107422
bike,dune_bayes,1344,mean,292.1554916381836,299.3544921875,308.0618392944336
bike,dune_bayes,1345,mean,270.7943710327148,277.78472900390625,285.29471893310546
bike,dune_bayes,1346,mean,249.67831115722657,256.5809783935547,263.81004028320314
bike,dune_bayes,1347,mean,220.33216552734376,226.4398651123047,232.00996322631835
bike,dune_bayes,1348,mean,131.27716369628905,137.9384307861328,144.67449188232422
bike,dune_bayes,1349,mean,285.9574279785156,293.0225372314453,301.3419662475586
bike,dune_bayes,1350,mean,271.9038940429688,278.2105712890625,285.79271087646487
bike,dune_bayes,1351,mean,242.1367515563965,247.39657592773438,253.24063262939453
bike,dune_bayes,1352,mean,226.3987548828125,231.3645782470703,236.49614562988282
bike,dune_bayes,1353,mean,169.2424415588379,174.775634765625,180.18340301513672
bike,dune_bayes,1354,mean,169.77774810791016,175.3898468017578,180.82406158447264
bike,dune_bayes,1355,mean,160.50772399902343,167.62147521972656,174.07381744384764
bike,dune_bayes,1356,mean,142.1478141784668,148.66942596435547,154.36332473754882
bike,dune_bayes,1357,mean,121.9772403717041,128.4800262451172,135.0793800354004
bike,dune_bayes,1358,mean,202.3227195739746,209.09137725830078,214.65371932983396
bike,dune_bayes,1359,mean,216.67965698242188,223.85317993164062,230.1065788269043
bike,dune_bayes,1360,mean,210.86674957275392,217.7078094482422,223.5034439086914
bike,dune_bayes,1361,mean,184.14795455932617,190.85711669921875,196.06422958374023
bike,dune_bayes,1362,mean,146.5901321411133,153.09415435791016,158.3924819946289
bike,dune_bayes,1363,mean,143.74264602661134,150.01171112060547,155.52815017700195
bike,dune_bayes,1364,mean,187.72836608886718,193.54381561279297,198.76380920410156
bike,dune_bayes,1365,mean,212.9079734802246,219.56423950195312,225.44595413208006
bike,dune_bayes,1366,mean,188.11167068481444,194.0246353149414,199.2424118041992
bike,dune_bayes,1367,mean,71.61410331726074,79.50322341918945,86.80861129760741
bike,dune_bayes,1368,mean,108.8289966583252,115.99943161010742,122.6395164489746
bike,dune_bayes,1369,mean,218.30157012939452,223.8788299560547,229.30767974853515
bike,dune_bayes,1370,mean,134.21263046264647,141.0351791381836,147.1589714050293
bike,dune_bayes,1371,mean,102.88994445800782,109.5894546508789,115.9654582977295
bike,dune_bayes,1372,mean,87.51583137512208,94.8438835144043,102.02768707275389
bike,dune_bayes,1373,mean,226.91913070678712,232.0882110595703,237.41228790283202
bike,dune_bayes,1374,mean,188.07501754760742,192.97342681884766,197.85488815307616
bike,dune_bayes,1375,mean,138.949959564209,145.34475708007812,152.05504455566407
bike,dune_bayes,1376,mean,138.54595184326172,144.36463928222656,150.45555191040037
bike,dune_bayes,1377,mean,88.62866439819337,95.9779167175293,103.08079833984375
bike,dune_bayes,1378,mean,220.33216552734376,226.4398651123047,232.00996322631835
bike,dune_bayes,1379,mean,139.29545974731445,144.9019317626953,150.7077209472656
bike,dune_bayes,1380,mean,151.356640625,156.89779663085938,162.21570053100587
bike,dune_bayes,1381,mean,181.93001327514648,187.09353637695312,191.87212677001952
bike,dune_bayes,1382,mean,204.33866195678712,209.64474487304688,214.30869140625
bike,dune_bayes,1383,mean,131.27716369628905,137.9384307861328,144.67449188232422
bike,dune_bayes,1384,mean,142.98395690917968,149.37638092041016,155.60963439941406
bike,dune_bayes,1385,mean,157.56771240234374,163.63690185546875,170.05843505859374
bike,dune_bayes,1386,mean,143.6451400756836,150.01918029785156,156.00810775756835
bike,dune_bayes,1387,mean,122.64042816162109,129.3493423461914,136.29599685668944
bike,dune_bayes,1388,mean,102.28692741394043,109.01316833496094,115.74716415405273
bike,dune_bayes,1389,mean,166.4819564819336,174.14893341064453,180.71075286865235
bike,dune_bayes,1390,mean,166.2665542602539,173.8088836669922,180.2333076477051
bike,dune_bayes,1391,mean,84.37028465270996,91.10054779052734,98.2555118560791
bike,dune_bayes,1392,mean,57.72207946777344,66.29708862304688,73.58272743225096
bike,dune_bayes,1393,mean,48.17172088623047,56.70121765136719,64.66830711364746
bike,dune_bayes,1394,mean,48.050444793701175,56.61811828613281,64.34848251342773
bike,dune_bayes,1395,mean,50.68226547241211,59.42974090576172,67.69599113464353
bike,dune_bayes,1396,mean,50.48912734985352,59.32789611816406,67.43180618286132
bike,dune_bayes,1397,mean,50.46598892211914,59.047607421875,66.71668281555175
bike,dune_bayes,1398,mean,46.85834732055664,54.96117401123047,62.26389236450195
bike,dune_bayes,1399,mean,68.78649215698242,76.21281814575195,83.11659126281738
bike,dune_bayes,1400,mean,151.18955154418944,157.78158569335938,164.2567123413086
bike,dune_bayes,1401,mean,163.91815032958985,170.94081115722656,177.4982421875
bike,dune_bayes,1402,mean,198.41163024902343,206.04705810546875,213.14992294311523
bike,dune_bayes,1403,mean,204.17716598510742,211.45116424560547,218.81666946411133
bike,dune_bayes,1404,mean,51.33322677612305,59.566856384277344,67.18789558410643
bike,dune_bayes,1405,mean,50.923737335205075,59.369232177734375,67.25972518920898
bike,dune_bayes,1406,mean,40.96030502319336,49.729942321777344,57.66945343017578
bike,dune_bayes,1407,mean,44.10067291259766,52.88569641113281,60.85106430053711
bike,dune_bayes,1408,mean,57.809777069091794,66.2276611328125,74.0683750152588
bike,dune_bayes,1409,mean,143.3714630126953,150.55477905273438,156.09922409057617
bike,dune_bayes,1410,mean,99.15833129882813,105.53334045410156,111.99959526062011
bike,dune_bayes,1411,mean,77.80371627807617,85.25312042236328,92.23005142211912
bike,dune_bayes,1412,mean,92.63176727294922,99.13698959350586,105.74101982116699
bike,dune_bayes,1413,mean,200.99464263916016,207.14527893066406,212.08381729125978
bike,dune_bayes,1414,mean,225.98616790771484,232.38065338134766,238.32965011596679
bike,dune_bayes,1415,mean,183.55348892211913,189.94044494628906,195.0588691711426
bike,dune_bayes,1416,mean,122.45940208435059,128.66938018798828,134.86240463256834
bike,dune_bayes,1417,mean,209.4553466796875,215.80109405517578,221.12209930419922
bike,dune_bayes,1418,mean,97.89659614562989,104.56235885620117,111.2646125793457
bike,dune_bayes,1419,mean,219.807137298584,225.85626220703125,231.56653442382813
bike,dune_bayes,1420,mean,170.53689575195312,176.36946868896484,181.07002487182618
bike,dune_bayes,1421,mean,132.14058837890624,137.75718688964844,143.80704727172852
bike,dune_bayes,1422,mean,113.29625587463379,119.69900512695312,125.84147033691406
bike,dune_bayes,1423,mean,102.13787689208985,108.90484237670898,115.53171272277831
bike,dune_bayes,1424,mean,88.2285987854004,95.53167724609375,102.4035171508789
bike,dune_bayes,1425,mean,134.31643981933593,139.86891174316406,145.72685928344725
bike,dune_bayes,1426,mean,198.45275421142577,205.58494567871094,211.4425392150879
bike,dune_bayes,1427,mean,202.29146728515624,210.04446411132812,217.11034545898437
bike,dune_bayes,1428,mean,171.44317169189452,179.6917495727539,186.90025177001954
bike,dune_bayes,1429,mean,149.29156341552735,157.61224365234375,164.94931411743164
bike,dune_bayes,1430,mean,122.94546051025391,129.78614807128906,137.01287231445312
bike,dune_bayes,1431,mean,142.361328125,149.2784881591797,156.02901916503907
bike,dune_bayes,1432,mean,47.65069808959961,56.06758117675781,63.846435928344725
bike,dune_bayes,1433,mean,49.127679443359376,57.142921447753906,64.6077724456787
bike,dune_bayes,1434,mean,188.69729919433593,194.54983520507812,199.9038101196289
bike,dune_bayes,1435,mean,61.610617065429686,69.97272872924805,77.89662132263183
bike,dune_bayes,1436,mean,61.610617065429686,69.97272872924805,77.89662132263183
bike,dune_bayes,1437,mean,63.73018531799316,71.47572708129883,79.78069190979004
bike,dune_bayes,1438,mean,180.41821670532227,186.57504272460938,191.24396286010742
bike,dune_bayes,1439,mean,122.45940208435059,128.66938018798828,134.86240463256834
bike,dune_bayes,1440,mean,264.0207489013672,270.43695068359375,277.6580078125
bike,dune_bayes,1441,mean,200.2702392578125,206.5318832397461,211.33452453613282
bike,dune_bayes,1442,mean,80.21884078979492,87.81562423706055,95.24770927429199
bike,dune_bayes,1443,mean,67.77742729187011,75.7919921875,83.5193058013916
bike,dune_bayes,1444,mean,67.45371704101562,75.63444519042969,83.4561740875244
bike,dune_bayes,1445,mean,219.52053298950196,225.60126495361328,231.29935531616212
bike,dune_bayes,1446,mean,219.52053298950196,225.60126495361328,231.29935531616212
bike,dune_bayes,1447,mean,235.06466369628907,241.084228515625,247.1562141418457
bike,dune_bayes,1448,mean,95.42768859863281,102.49957656860352,109.57124366760253
bike,dune_bayes,1449,mean,95.42768859863281,102.49957656860352,109.57124366760253
bike,dune_bayes,1450,mean,81.24116134643555,88.81143188476562,96.24533920288086
bike,dune_bayes,1451,mean,89.16131362915038,96.52059936523438,103.90446243286132
bike,dune_bayes,1452,mean,114.10152091979981,120.94935989379883,127.84786376953124
bike,dune_bayes,1453,mean,89.8265209197998,96.96300888061523,103.86827392578124
bike,dune_bayes,1454,mean,153.60217208862304,161.11527252197266,167.38907012939453
bike,dune_bayes,1455,mean,137.0077018737793,144.14684295654297,149.91098251342774
bike,dune_bayes,1456,mean,130.15259017944337,136.94557189941406,143.90295639038087
bike,dune_bayes,1457,mean,164.72174530029298,172.89817810058594,181.29367294311524
bike,dune_bayes,1458,mean,184.2020248413086,192.80205535888672,200.8685661315918
bike,dune_bayes,1459,mean,177.06649780273438,185.50918579101562,193.63102416992186
bike,dune_bayes,1460,mean,161.79666748046876,169.49437713623047,177.01247482299803
bike,dune_bayes,1461,mean,104.03058128356933,110.60104370117188,117.00273818969725
bike,dune_bayes,1462,mean,64.71892166137695,72.10600662231445,78.82314376831054
bike,dune_bayes,1463,mean,253.72601699829102,260.371337890625,267.8817199707031
bike,dune_bayes,1464,mean,181.15518798828126,187.71109771728516,193.79408950805663
bike,dune_bayes,1465,mean,186.75147247314453,193.8244171142578,199.9053192138672
bike,dune_bayes,1466,mean,186.50640106201172,193.48786163330078,199.61280670166016
bike,dune_bayes,1467,mean,258.2221435546875,264.9410095214844,272.712255859375
bike,dune_bayes,1468,mean,152.1079460144043,157.52908325195312,163.00153808593748
bike,dune_bayes,1469,mean,268.317138671875,274.80479431152344,281.9648666381836
bike,dune_bayes,1470,mean,217.47709045410156,222.8121795654297,228.06125564575194
bike,dune_bayes,1471,mean,196.1843017578125,201.3967056274414,206.63505859375
bike,dune_bayes,1472,mean,140.5889434814453,146.62615203857422,152.82050476074218
bike,dune_bayes,1473,mean,116.78239822387695,123.32551574707031,130.47830200195312
bike,dune_bayes,1474,mean,116.58669624328613,123.18684768676758,130.42466201782227
bike,dune_bayes,1475,mean,126.59981880187988,133.21466827392578,139.87688522338868
bike,dune_bayes,1476,mean,133.4653579711914,139.84117126464844,146.09357986450195
bike,dune_bayes,1477,mean,147.62991943359376,154.1350326538086,160.38268508911133
bike,dune_bayes,1478,mean,144.08509521484376,151.1043701171875,156.93878936767578
bike,dune_bayes,1479,mean,147.15718841552734,154.8561553955078,161.4113983154297
bike,dune_bayes,1480,mean,155.47199096679688,163.85601806640625,171.32754135131836
bike,dune_bayes,1481,mean,151.49988861083983,159.85143280029297,167.00173568725586
bike,dune_bayes,1482,mean,140.58838348388673,148.5215606689453,155.55589904785157
bike,dune_bayes,1483,mean,128.59490432739258,135.72445678710938,142.7380058288574
bike,dune_bayes,1484,mean,110.01715850830078,116.7505111694336,123.33495330810547
bike,dune_bayes,1485,mean,134.87817611694337,142.73554229736328,150.49847793579102
bike,dune_bayes,1486,mean,131.63343353271483,138.8437728881836,146.46173782348632
bike,dune_bayes,1487,mean,194.8894302368164,202.30770874023438,209.1293601989746
bike,dune_bayes,1488,mean,199.3188575744629,207.07228088378906,214.22675628662108
bike,dune_bayes,1489,mean,187.76083755493164,195.12250518798828,202.2394172668457
bike,dune_bayes,1490,mean,144.4335510253906,150.44873809814453,156.3130615234375
bike,dune_bayes,1491,mean,140.29826965332032,146.32688903808594,151.9316078186035
bike,dune_bayes,1492,mean,215.92173767089844,220.73430633544922,225.9679084777832
bike,dune_bayes,1493,mean,119.08219184875489,126.18634414672852,132.93752822875976
bike,dune_bayes,1494,mean,103.08670234680176,110.11067962646484,117.25879592895508
bike,dune_bayes,1495,mean,117.51934928894043,124.07404708862305,130.8757781982422
bike,dune_bayes,1496,mean,141.23860855102538,147.2597198486328,153.26330337524413
bike,dune_bayes,1497,mean,96.62239990234374,103.7352523803711,110.5845329284668
bike,dune_bayes,1498,mean,81.88728866577148,89.55243301391602,97.21396980285644
bike,dune_bayes,1499,mean,88.45417060852051,95.87583923339844,103.33290176391601
bike,dune_bayes,1500,mean,106.04497489929199,113.08060836791992,120.67462921142578
bike,dune_bayes,1501,mean,101.63775520324707,108.83290100097656,116.48892059326171
bike,dune_bayes,1502,mean,112.15209007263184,118.93461227416992,126.42393569946289
bike,dune_bayes,1503,mean,147.35741653442383,153.7627716064453,160.35119171142577
bike,dune_bayes,1504,mean,147.35741653442383,153.7627716064453,160.35119171142577
bike,dune_bayes,1505,mean,170.5373748779297,176.39730834960938,181.90272598266603
bike,dune_bayes,1506,mean,175.79455032348633,182.90895080566406,188.95607528686523
bike,dune_bayes,1507,mean,147.6119873046875,154.25965118408203,160.5160690307617
bike,dune_bayes,1508,mean,195.65248413085936,203.4157485961914,210.20488357543945
bike,dune_bayes,1509,mean,232.95796585083008,239.8399887084961,246.94317245483398
bike,dune_bayes,1510,mean,162.76361618041992,169.07152557373047,174.94578399658204
bike,dune_bayes,1511,mean,88.61409225463868,95.76973724365234,102.05175285339354
bike,dune_bayes,1512,mean,78.05164604187011,84.84440612792969,91.98502731323242
bike,dune_bayes,1513,mean,63.26995582580567,70.99493789672852,78.63825607299805
bike,dune_bayes,1514,mean,84.76794509887695,91.81201171875,99.11389007568359
bike,dune_bayes,1515,mean,230.63771896362306,237.25820922851562,243.49863967895507
bike,dune_bayes,1516,mean,251.9611831665039,258.434326171875,265.8085647583008
bike,dune_bayes,1517,mean,243.34966354370118,250.14916229248047,257.1140899658203
bike,dune_bayes,1518,mean,101.7758975982666,108.2337875366211,114.8397605895996
bike,dune_bayes,1519,mean,85.3710433959961,92.81758499145508,100.09872398376464
bike,dune_bayes,1520,mean,120.3283145904541,126.82913208007812,132.7306770324707
bike,dune_bayes,1521,mean,85.3710433959961,92.81758499145508,100.09872398376464
bike,dune_bayes,1522,mean,282.16246032714844,289.6081237792969,297.6973541259766
bike,dune_bayes,1523,mean,169.48471908569337,174.61355590820312,179.82584686279296
bike,dune_bayes,1524,mean,157.24515914916992,162.84647369384766,168.02211303710936
bike,dune_bayes,1525,mean,169.6205093383789,175.14444732666016,180.49487838745117
bike,dune_bayes,1526,mean,90.34479598999023,97.54070663452148,105.1290313720703
bike,dune_bayes,1527,mean,96.7410514831543,103.77009963989258,110.91173591613769
bike,dune_bayes,1528,mean,68.05204048156739,75.61634826660156,82.83383255004881
bike,dune_bayes,1529,mean,115.27359771728516,121.63250350952148,127.66055603027344
bike,dune_bayes,1530,mean,166.88108520507814,175.20001983642578,182.34932861328124
bike,dune_bayes,1531,mean,155.12994842529298,163.35393524169922,170.56609420776368
bike,dune_bayes,1532,mean,132.40179061889648,139.6724624633789,145.85065994262695
bike,dune_bayes,1533,mean,129.4719497680664,137.05178833007812,143.71279907226562
bike,dune_bayes,1534,mean,111.34779510498046,118.20446395874023,124.8930564880371
bike,dune_bayes,1535,mean,95.16423835754395,102.02488708496094,109.2879768371582
bike,dune_bayes,1536,mean,159.11176223754882,166.87095642089844,173.3916923522949
bike,dune_bayes,1537,mean,50.248959350585935,58.71922302246094,66.66261978149413
bike,dune_bayes,1538,mean,83.75719146728515,90.56412887573242,97.54343681335449
bike,dune_bayes,1539,mean,179.16668472290038,186.64926147460938,192.56181259155272
bike,dune_bayes,1540,mean,196.57314758300782,203.86237335205078,210.1513542175293
bike,dune_bayes,1541,mean,199.55214233398436,206.95582580566406,213.6205940246582
bike,dune_bayes,1542,mean,182.74132537841797,190.94822692871094,197.81877975463868
bike,dune_bayes,1543,mean,95.14200859069824,101.86648178100586,108.24477424621581
bike,dune_bayes,1544,mean,67.2087501525879,74.58866500854492,81.36424980163574
bike,dune_bayes,1545,mean,81.8146743774414,88.73974227905273,95.30114669799805
bike,dune_bayes,1546,mean,118.63080558776855,125.06872177124023,131.3312141418457
bike,dune_bayes,1547,mean,74.2031234741211,81.59008026123047,88.52975234985351
bike,dune_bayes,1548,mean,41.69962158203125,50.22715759277344,58.106582641601555
bike,dune_bayes,1549,mean,74.45115509033204,82.10736846923828,88.78519325256347
bike,dune_bayes,1550,mean,152.1739128112793,158.3785858154297,163.66137161254883
bike,dune_bayes,1551,mean,86.40787544250489,93.78840637207031,100.43289909362792
bike,dune_bayes,1552,mean,71.79183731079101,79.68479537963867,86.9017333984375
bike,dune_bayes,1553,mean,67.77742729187011,75.7919921875,83.5193058013916
bike,dune_bayes,1554,mean,63.4162239074707,71.37660598754883,79.15587272644042
bike,dune_bayes,1555,mean,80.97653388977051,88.44822311401367,95.38496322631835
bike,dune_bayes,1556,mean,80.97653388977051,88.44822311401367,95.38496322631835
bike,dune_bayes,1557,mean,112.87668342590332,119.43770217895508,125.60371437072753
bike,dune_bayes,1558,mean,124.24752998352051,131.15576934814453,137.36018142700195
bike,dune_bayes,1559,mean,123.69801292419433,130.4021759033203,136.93227462768556
bike,dune_bayes,1560,mean,117.92532005310059,124.8044204711914,131.50406646728516
bike,dune_bayes,1561,mean,113.6498306274414,120.57346725463867,127.45838890075683
bike,dune_bayes,1562,mean,113.18112411499024,119.82764053344727,126.95897598266602
bike,dune_bayes,1563,mean,103.8629825592041,111.36378479003906,118.47524757385254
bike,dune_bayes,1564,mean,99.21129112243652,106.42936706542969,113.60984611511228
bike,dune_bayes,1565,mean,98.99287872314453,106.01882553100586,113.41288528442382
bike,dune_bayes,1566,mean,65.81453285217285,74.22222518920898,82.65778923034668
bike,dune_bayes,1567,mean,47.59410095214844,55.99961853027344,64.27592010498043
bike,dune_bayes,1568,mean,102.15034523010254,108.75045013427734,115.48887214660644
bike,dune_bayes,1569,mean,111.44406814575196,118.32194900512695,125.03327674865723
bike,dune_bayes,1570,mean,104.09035186767578,110.92657470703125,117.74409027099608
bike,dune_bayes,1571,mean,144.51043701171875,152.76797485351562,160.25573959350587
bike,dune_bayes,1572,mean,109.63311080932617,116.47894668579102,123.00496520996093
bike,dune_bayes,1573,mean,97.4341049194336,103.81817245483398,110.49201774597168
bike,dune_bayes,1574,mean,92.73532524108887,99.13748931884766,106.37572555541992
bike,dune_bayes,1575,mean,56.941375732421875,64.83598709106445,72.45427894592285
bike,dune_bayes,1576,mean,56.941375732421875,64.83598709106445,72.45427894592285
bike,dune_bayes,1577,mean,93.95912017822266,100.36397933959961,107.00079498291014
bike,dune_bayes,1578,mean,99.95650825500488,106.47285842895508,113.00007934570311
bike,dune_bayes,1579,mean,174.2552032470703,182.06426239013672,188.67534713745115
bike,dune_bayes,1580,mean,125.78766670227051,132.49356079101562,138.78527374267577
bike,dune_bayes,1581,mean,81.623530960083,88.62398529052734,95.87856407165526
bike,dune_bayes,1582,mean,60.44331741333008,68.08007431030273,75.26327095031738
bike,dune_bayes,1583,mean,108.53222045898437,115.0746955871582,121.66968460083008
bike,dune_bayes,1584,mean,108.53222045898437,115.0746955871582,121.66968460083008
bike,dune_bayes,1585,mean,91.03218994140624,97.22273254394531,103.9946475982666
bike,dune_bayes,1586,mean,129.84409561157227,136.5079345703125,143.08186416625975
bike,dune_bayes,1587,mean,173.6371757507324,182.21070861816406,190.70242462158203
bike,dune_bayes,1588,mean,170.62847290039062,179.13225555419922,187.66891555786134
bike,dune_bayes,1589,mean,155.95012130737305,164.59761810302734,172.93243408203125
bike,dune_bayes,1590,mean,149.69848251342773,158.0034408569336,166.24737014770508
bike,dune_bayes,1591,mean,106.73161697387695,113.64804458618164,120.97466354370117
bike,dune_bayes,1592,mean,135.78208084106444,143.64303588867188,151.67213287353516
bike,dune_bayes,1593,mean,166.41325759887695,174.22307586669922,183.24369354248046
bike,dune_bayes,1594,mean,166.41325759887695,174.22307586669922,183.24369354248046
bike,dune_bayes,1595,mean,113.57794342041015,120.46570587158203,127.32789115905761
bike,dune_bayes,1596,mean,62.891841125488284,70.09799575805664,77.71072349548339
bike,dune_bayes,1597,mean,40.04316711425781,48.24584197998047,56.16089782714843
bike,dune_bayes,1598,mean,109.36964149475098,116.39567184448242,122.84256744384766
bike,dune_bayes,1599,mean,148.45416107177735,156.35210418701172,162.96765365600587
bike,dune_bayes,1600,mean,148.45416107177735,156.35210418701172,162.96765365600587
bike,dune_bayes,1601,mean,137.5047409057617,144.9255828857422,151.49243392944334
bike,dune_bayes,1602,mean,137.5047409057617,144.9255828857422,151.49243392944334
bike,dune_bayes,1603,mean,53.84797668457031,62.23323059082031,70.16226539611816
bike,dune_bayes,1604,mean,140.3616149902344,147.64439392089844,153.8131591796875
bike,dune_bayes,1605,mean,113.89610328674317,120.42708206176758,126.45096549987792
bike,dune_bayes,1606,mean,147.62991943359376,154.1350326538086,160.38268508911133
bike,dune_bayes,1607,mean,182.88238220214845,189.43779754638672,194.76687240600586
bike,dune_bayes,1608,mean,192.371728515625,197.58293914794922,202.7291717529297
bike,dune_bayes,1609,mean,202.13048553466797,207.55371856689453,212.34899520874023
bike,dune_bayes,1610,mean,148.5316390991211,154.22425842285156,160.3627731323242
bike,dune_bayes,1611,mean,222.90956649780273,230.1366424560547,236.4580520629883
bike,dune_bayes,1612,mean,166.97869949340821,175.5987091064453,182.55319900512694
bike,dune_bayes,1613,mean,166.45561599731445,174.90162658691406,182.31536102294922
bike,dune_bayes,1614,mean,91.35201835632324,97.9370231628418,104.42435760498047
bike,dune_bayes,1615,mean,118.62071304321289,125.45285415649414,132.660400390625
bike,dune_bayes,1616,mean,144.45465011596679,152.42693328857422,160.4044967651367
bike,dune_bayes,1617,mean,61.9214599609375,69.3826904296875,76.18354759216308
bike,dune_bayes,1618,mean,104.6406364440918,111.4329833984375,118.2037410736084
bike,dune_bayes,1619,mean,126.30810089111328,133.27896118164062,140.3329315185547
bike,dune_bayes,1620,mean,155.12994842529298,163.35393524169922,170.56609420776368
bike,dune_bayes,1621,mean,190.70158157348632,198.63382720947266,205.1874206542969
bike,dune_bayes,1622,mean,173.62823486328125,181.2021255493164,187.54815216064452
bike,dune_bayes,1623,mean,142.89793319702147,149.98712158203125,155.58488693237305
bike,dune_bayes,1624,mean,151.16864166259765,158.63140869140625,164.8314971923828
bike,dune_bayes,1625,mean,173.42419815063477,180.1997833251953,185.5092643737793
bike,dune_bayes,1626,mean,146.30789337158203,152.50804901123047,157.8923042297363
bike,dune_bayes,1627,mean,146.30789337158203,152.50804901123047,157.8923042297363
bike,dune_bayes,1628,mean,102.34520683288574,108.67326736450195,115.01025657653808
bike,dune_bayes,1629,mean,107.52492218017578,113.91893768310547,120.6707118988037
bike,dune_bayes,1630,mean,108.41861000061036,115.94983291625977,123.04053421020508
bike,dune_bayes,1631,mean,144.08571166992186,150.49258422851562,156.6963020324707
bike,dune_bayes,1632,mean,106.90638046264648,113.84669494628906,120.92765884399414
bike,dune_bayes,1633,mean,140.1145462036133,146.3050765991211,152.61683502197266
bike,dune_bayes,1634,mean,127.68247261047364,134.071533203125,140.66076431274413
bike,dune_bayes,1635,mean,74.92031135559083,82.66310501098633,90.30147171020508
bike,dune_bayes,1636,mean,96.41192474365235,103.44144439697266,110.49146156311035
bike,dune_bayes,1637,mean,96.17378005981445,103.14069747924805,110.19793815612793
bike,dune_bayes,1638,mean,80.24412727355957,87.46703720092773,93.74238166809081
bike,dune_bayes,1639,mean,167.83927993774415,176.0030288696289,183.7582794189453
bike,dune_bayes,1640,mean,117.53777656555175,124.21467971801758,130.8444450378418
bike,dune_bayes,1641,mean,49.543017578125,57.512489318847656,65.02565536499023
bike,dune_bayes,1642,mean,61.60703582763672,69.6566390991211,76.55345611572265
bike,dune_bayes,1643,mean,125.96359672546387,132.6298065185547,139.16613388061523
bike,dune_bayes,1644,mean,169.1515251159668,176.92474365234375,184.44148635864258
bike,dune_bayes,1645,mean,125.43062019348145,132.1217498779297,138.89054794311522
bike,dune_bayes,1646,mean,80.85788917541504,87.94083023071289,94.7142120361328
bike,dune_bayes,1647,mean,107.16910247802734,113.89660263061523,120.41137351989747
bike,dune_bayes,1648,mean,108.13931655883789,114.6383285522461,120.80629539489746
bike,dune_bayes,1649,mean,96.62239990234374,103.7352523803711,110.5845329284668
bike,dune_bayes,1650,mean,163.48303909301757,172.18487548828125,180.5130630493164
bike,dune_bayes,1651,mean,156.11157302856446,164.46996307373047,172.33234481811525
bike,dune_bayes,1652,mean,144.62364349365234,152.79373931884766,160.6566390991211
bike,dune_bayes,1653,mean,137.5858055114746,145.47907257080078,153.6069679260254
bike,dune_bayes,1654,mean,132.33839950561523,140.17630767822266,148.0600845336914
bike,dune_bayes,1655,mean,121.06680488586426,128.42858123779297,135.86756744384766
bike,dune_bayes,1656,mean,113.08556060791015,120.29922485351562,127.5867259979248
bike,dune_bayes,1657,mean,93.20389709472656,100.01401901245117,106.67575149536133
bike,dune_bayes,1658,mean,132.55663146972657,139.79855346679688,146.6356170654297
bike,dune_bayes,1659,mean,128.12191314697264,135.01797485351562,141.45390853881835
bike,dune_bayes,1660,mean,81.01337814331055,87.60738754272461,94.63875579833984
bike,dune_bayes,1661,mean,81.01337814331055,87.60738754272461,94.63875579833984
bike,dune_bayes,1662,mean,70.17567863464356,77.12271118164062,84.40667266845702
bike,dune_bayes,1663,mean,155.5119316101074,163.73709869384766,171.1604797363281
bike,dune_bayes,1664,mean,113.89610328674317,120.42708206176758,126.45096549987792
bike,dune_bayes,1665,mean,122.01963806152344,128.3126678466797,133.96602935791014
bike,dune_bayes,1666,mean,144.87833786010742,150.6639633178711,156.5861343383789
bike,dune_bayes,1667,mean,233.30660705566407,240.9740447998047,247.7728172302246
bike,dune_bayes,1668,mean,198.34400939941406,204.7038116455078,210.3876754760742
bike,dune_bayes,1669,mean,46.410649108886716,54.806602478027344,62.636365509033205
bike,dune_bayes,1670,mean,144.87833786010742,150.6639633178711,156.5861343383789
bike,dune_bayes,1671,mean,212.5678337097168,218.8445587158203,224.80377807617188
bike,dune_bayes,1672,mean,162.18125610351564,168.1719512939453,173.8677215576172
bike,dune_bayes,1673,mean,188.63878784179687,195.02938842773438,200.91246643066407
bike,dune_bayes,1674,mean,180.12417221069336,188.78082275390625,197.17706680297852
bike,dune_bayes,1675,mean,152.39076385498046,161.14824676513672,169.84716415405273
bike,dune_bayes,1676,mean,149.22637481689452,157.47262573242188,166.08910598754883
bike,dune_bayes,1677,mean,134.83008270263673,143.0749969482422,151.2719657897949
bike,dune_bayes,1678,mean,108.98909759521484,116.1254768371582,123.62135887145996
bike,dune_bayes,1679,mean,108.71411781311035,116.00357437133789,123.4879306793213
bike,dune_bayes,1680,mean,141.81141357421876,150.67977905273438,160.01203231811522
bike,dune_bayes,1681,mean,141.81141357421876,150.67977905273438,160.01203231811522
bike,dune_bayes,1682,mean,135.2612617492676,144.2680435180664,153.92071304321288
bike,dune_bayes,1683,mean,146.7018196105957,156.06219482421875,165.47690124511718
bike,dune_bayes,1684,mean,139.22505874633788,147.67442321777344,156.67604217529296
bike,dune_bayes,1685,mean,126.47711944580078,134.79256439208984,143.70229797363282
bike,dune_bayes,1686,mean,132.21801147460937,140.5578155517578,149.86379165649413
bike,dune_bayes,1687,mean,122.80864906311035,131.35218048095703,139.8592788696289
bike,dune_bayes,1688,mean,118.90871734619141,127.26936721801758,135.7447380065918
bike,dune_bayes,1689,mean,139.53824462890626,147.87673950195312,155.79861602783203
bike,dune_bayes,1690,mean,142.54302444458008,150.8093032836914,158.86454849243165
bike,dune_bayes,1691,mean,128.20298538208007,136.2076187133789,143.80382080078124
bike,dune_bayes,1692,mean,102.34603958129883,109.52156829833984,116.13145065307617
bike,dune_bayes,1693,mean,64.4250389099121,71.62553024291992,79.07593307495117
bike,dune_bayes,1694,mean,143.90974655151368,151.97267150878906,159.3135269165039
bike,dune_bayes,1695,mean,166.45561599731445,174.90162658691406,182.31536102294922
bike,dune_bayes,1696,mean,182.38114395141602,190.78997039794922,198.13168716430664
bike,dune_bayes,1697,mean,181.79039993286133,190.01817321777344,197.29167404174805
bike,dune_bayes,1698,mean,110.19984741210938,117.14599227905273,123.65647201538086
bike,dune_bayes,1699,mean,71.20367088317872,78.06342315673828,85.2619083404541
bike,dune_bayes,1700,mean,159.5088897705078,167.25155639648438,173.8372604370117
bike,dune_bayes,1701,mean,197.67949752807618,205.21700286865234,211.35558395385743
bike,dune_bayes,1702,mean,186.59418029785155,194.28976440429688,200.4747230529785
bike,dune_bayes,1703,mean,159.0882225036621,166.5961151123047,173.0611343383789
bike,dune_bayes,1704,mean,157.28344039916993,164.9921875,171.34758071899415
bike,dune_bayes,1705,mean,70.87610130310058,78.31240463256836,85.08344955444335
bike,dune_bayes,1706,mean,70.87610130310058,78.31240463256836,85.08344955444335
bike,dune_bayes,1707,mean,55.5194709777832,63.266754150390625,70.16587715148925
bike,dune_bayes,1708,mean,232.8660110473633,239.7620620727539,246.3418395996094
bike,dune_bayes,1709,mean,134.73810882568358,141.7149429321289,148.68670806884765
bike,dune_bayes,1710,mean,151.99146728515626,159.077880859375,166.32135543823242
bike,dune_bayes,1711,mean,191.62365493774413,199.6972198486328,207.2405548095703
bike,dune_bayes,1712,mean,135.1114959716797,141.98301696777344,149.1839241027832
bike,dune_bayes,1713,mean,116.27497482299805,123.22257232666016,130.20056381225587
bike,dune_bayes,1714,mean,92.6801586151123,99.36743545532227,106.3585994720459
bike,dune_bayes,1715,mean,89.82823028564454,96.33887481689453,103.54761695861816
bike,dune_bayes,1716,mean,119.51421203613282,126.42876815795898,132.9939758300781
bike,dune_bayes,1717,mean,67.65957832336426,74.74330520629883,82.09774360656738
bike,dune_bayes,1718,mean,46.37845230102539,54.40434265136719,62.43223342895507
bike,dune_bayes,1719,mean,37.458691406250004,45.86643981933594,54.168949890136716
bike,dune_bayes,1720,mean,202.2275833129883,209.8021011352539,216.4769317626953
bike,dune_bayes,1721,mean,202.0033386230469,209.5748519897461,215.97427368164062
bike,dune_bayes,1722,mean,56.941375732421875,64.83598709106445,72.45427894592285
bike,dune_bayes,1723,mean,55.15103607177734,63.03032684326172,70.69717292785644
bike,dune_bayes,1724,mean,46.66256561279297,54.940773010253906,62.68744659423828
bike,dune_bayes,1725,mean,63.99066009521484,71.73381042480469,80.16795921325684
bike,dune_bayes,1726,mean,75.82806129455567,83.36347579956055,91.04499588012693
bike,dune_bayes,1727,mean,68.25110206604003,76.23421859741211,83.90278549194335
bike,dune_bayes,1728,mean,75.05111465454101,82.0521240234375,89.36921730041503
bike,dune_bayes,1729,mean,149.36561660766603,158.11875915527344,167.29796142578124
bike,dune_bayes,1730,mean,157.81659088134765,166.95188903808594,175.91949691772462
bike,dune_bayes,1731,mean,157.7753143310547,167.0293960571289,176.05317077636718
bike,dune_bayes,1732,mean,113.74189414978028,121.33810424804688,128.91398544311522
bike,dune_bayes,1733,mean,120.03753395080567,128.00360107421875,135.8477729797363
bike,dune_bayes,1734,mean,138.99341506958007,147.19253540039062,155.54839172363282
bike,dune_bayes,1735,mean,134.83008270263673,143.0749969482422,151.2719657897949
bike,dune_bayes,1736,mean,126.83582572937011,134.64297485351562,142.58480682373047
bike,dune_bayes,1737,mean,104.98765144348144,112.40914916992188,120.05133514404297
bike,dune_bayes,1738,mean,104.610640335083,111.92123794555664,119.22234344482422
bike,dune_bayes,1739,mean,135.06638259887694,143.53614044189453,152.29760513305663
bike,dune_bayes,1740,mean,144.15975036621094,152.648193359375,161.64932708740236
bike,dune_bayes,1741,mean,154.13949432373047,162.40847778320312,171.46303787231446
bike,dune_bayes,1742,mean,131.8779739379883,139.99271392822266,148.0532371520996
bike,dune_bayes,1743,mean,93.03568687438965,99.9806900024414,107.09736709594726
bike,dune_bayes,1744,mean,142.81300430297853,151.18726348876953,159.9604034423828
bike,dune_bayes,1745,mean,138.39862213134765,146.6911392211914,155.40471954345702
bike,dune_bayes,1746,mean,131.79759826660157,139.06295776367188,146.8059341430664
bike,dune_bayes,1747,mean,79.51123580932617,86.27259826660156,93.51238059997559
bike,dune_bayes,1748,mean,110.11446189880371,116.67708587646484,123.28141441345214
bike,dune_bayes,1749,mean,78.28322792053223,85.81708908081055,92.85703620910644
bike,dune_bayes,1750,mean,70.66570243835449,78.30499267578125,86.12732429504395
bike,dune_bayes,1751,mean,172.51940841674804,178.24501037597656,183.47504653930665
bike,dune_bayes,1752,mean,150.81866226196288,156.47835540771484,162.08354721069335
bike,dune_bayes,1753,mean,174.2826072692871,183.46182250976562,191.60960693359374
bike,dune_bayes,1754,mean,156.38584594726564,164.91775512695312,173.243733215332
bike,dune_bayes,1755,mean,156.20372467041017,164.55628967285156,172.5725456237793
bike,dune_bayes,1756,mean,156.38584594726564,164.91775512695312,173.243733215332
bike,dune_bayes,1757,mean,166.06946716308593,175.51162719726562,184.18842468261718
bike,dune_bayes,1758,mean,157.79184188842774,166.76022338867188,175.53949356079102
bike,dune_bayes,1759,mean,105.86330070495606,113.17953491210938,120.5567398071289
bike,dune_bayes,1760,mean,140.1500144958496,148.0984649658203,155.63671569824217
bike,dune_bayes,1761,mean,144.62942810058593,152.7153091430664,160.61194381713867
bike,dune_bayes,1762,mean,137.693611907959,145.68492889404297,153.60485153198243
bike,dune_bayes,1763,mean,136.4696304321289,144.16588592529297,151.24753646850587
bike,dune_bayes,1764,mean,102.9251148223877,109.83198547363281,116.47824401855468
bike,dune_bayes,1765,mean,107.80544509887696,114.58834838867188,121.36531982421874
bike,dune_bayes,1766,mean,141.95075759887695,150.40532684326172,158.49152450561522
bike,dune_bayes,1767,mean,38.99433288574219,47.16278839111328,55.16175308227539
bike,dune_bayes,1768,mean,32.4902099609375,40.94414520263672,48.89518203735351
bike,dune_bayes,1769,mean,32.4902099609375,40.94414520263672,48.89518203735351
bike,dune_bayes,1770,mean,53.72910766601562,61.54865264892578,68.61118659973144
bike,dune_bayes,1771,mean,51.6515754699707,59.862464904785156,67.4320785522461
bike,dune_bayes,1772,mean,49.036591339111325,56.829833984375,64.00875282287598
bike,dune_bayes,1773,mean,59.96117172241211,67.26989364624023,74.11022758483885
bike,dune_bayes,1774,mean,48.903202056884766,56.617706298828125,63.791817092895506
bike,dune_bayes,1775,mean,47.70651092529297,55.312530517578125,62.55463180541991
bike,dune_bayes,1776,mean,38.22382354736328,46.86280822753906,54.8898208618164
bike,dune_bayes,1777,mean,40.96030502319336,49.729942321777344,57.66945343017578
bike,dune_bayes,1778,mean,42.96738204956055,51.33165740966797,59.895400238037105
bike,dune_bayes,1779,mean,38.11992645263672,46.5343017578125,55.15564880371092
bike,dune_bayes,1780,mean,44.243463134765626,52.6490478515625,61.360453796386714
bike,dune_bayes,1781,mean,45.49867248535156,53.74413299560547,62.43738479614256
bike,dune_bayes,1782,mean,45.49867248535156,53.74413299560547,62.43738479614256
bike,dune_bayes,1783,mean,55.03221435546875,63.055599212646484,71.36307411193845
bike,dune_bayes,1784,mean,63.01456146240234,70.8790054321289,78.78254203796386
bike,dune_bayes,1785,mean,52.17236404418945,60.31913757324219,68.71650810241698
bike,dune_bayes,1786,mean,124.29083404541015,130.08731842041016,136.03981018066406
bike,dune_bayes,1787,mean,108.50380821228028,115.01880645751953,121.14282531738282
bike,dune_bayes,1788,mean,104.68370704650879,111.36229705810547,118.15475997924804
bike,dune_bayes,1789,mean,77.00385971069336,84.1374626159668,91.46628456115722
bike,dune_bayes,1790,mean,77.83584060668946,84.6841049194336,91.87317924499511
bike,dune_bayes,1791,mean,63.4162239074707,71.37660598754883,79.15587272644042
bike,dune_bayes,1792,mean,123.15046157836915,129.3088836669922,135.5001693725586
bike,dune_bayes,1793,mean,131.12331619262696,136.95330047607422,143.3368278503418
bike,dune_bayes,1794,mean,103.1862133026123,110.09872436523438,116.26498069763183
bike,dune_bayes,1795,mean,98.40955619812011,105.3293342590332,112.40666503906247
bike,dune_bayes,1796,mean,191.23295135498046,198.79656982421875,205.12901916503907
bike,dune_bayes,1797,mean,175.4046371459961,183.33466339111328,189.97978897094725
bike,dune_bayes,1798,mean,155.48031463623047,163.66961669921875,170.98396682739258
bike,dune_bayes,1799,mean,107.79069709777832,114.46277236938477,120.69609794616699
bike,dune_bayes,1800,mean,77.40299415588379,84.34479904174805,91.20087089538575
bike,dune_bayes,1801,mean,82.16313095092774,88.96805953979492,95.65812644958496
bike,dune_bayes,1802,mean,135.6486083984375,142.21871185302734,148.81525497436522
bike,dune_bayes,1803,mean,184.1650375366211,192.6840057373047,200.9402099609375
bike,dune_bayes,1804,mean,151.42518920898436,159.27671813964844,168.30621109008788
bike,dune_bayes,1805,mean,139.8882095336914,147.92469024658203,156.17138366699217
bike,dune_bayes,1806,mean,186.71343765258788,195.1421890258789,203.39568710327148
bike,dune_bayes,1807,mean,189.8251510620117,198.07858276367188,206.58759994506835
bike,dune_bayes,1808,mean,163.50477905273436,172.15371704101562,180.29493026733397
bike,dune_bayes,1809,mean,121.3735595703125,128.7157974243164,136.17754974365235
bike,dune_bayes,1810,mean,176.48763122558594,185.04093170166016,192.8349197387695
bike,dune_bayes,1811,mean,158.42673873901367,167.00927734375,174.13761672973632
bike,dune_bayes,1812,mean,110.38914756774902,117.36411666870117,124.16259880065918
bike,dune_bayes,1813,mean,150.68783874511718,158.83566284179688,166.09327774047853
bike,dune_bayes,1814,mean,143.57649688720704,151.33306121826172,158.45944442749024
bike,dune_bayes,1815,mean,109.63311080932617,116.47894668579102,123.00496520996093
bike,dune_bayes,1816,mean,194.67334518432617,202.45542907714844,209.2732894897461
bike,dune_bayes,1817,mean,211.38352279663087,218.70880889892578,225.0981887817383
bike,dune_bayes,1818,mean,104.04686470031739,110.4371452331543,116.90752792358397
bike,dune_bayes,1819,mean,295.8446548461914,302.7683410644531,311.3257385253906
bike,dune_bayes,1820,mean,281.3006561279297,288.18511962890625,296.2894027709961
bike,dune_bayes,1821,mean,211.23651580810548,216.94143676757812,222.0450454711914
bike,dune_bayes,1822,mean,180.69538192749025,186.90199279785156,191.51311187744142
bike,dune_bayes,1823,mean,189.16783981323243,195.7184295654297,200.84793090820312
bike,dune_bayes,1824,mean,141.67144165039062,147.63290405273438,153.0107620239258
bike,dune_bayes,1825,mean,76.81290321350097,84.71279907226562,92.23646354675293
bike,dune_bayes,1826,mean,104.58977699279785,111.15768432617188,118.06397285461425
bike,dune_bayes,1827,mean,110.31584701538085,117.19754409790039,124.03664741516113
bike,dune_bayes,1828,mean,175.83140411376954,183.01140594482422,189.1152702331543
bike,dune_bayes,1829,mean,167.3315216064453,175.92906188964844,183.6667007446289
bike,dune_bayes,1830,mean,129.7113395690918,137.2044219970703,144.00184860229493
bike,dune_bayes,1831,mean,124.9171142578125,132.4491195678711,139.46588592529298
bike,dune_bayes,1832,mean,124.8228889465332,132.32952880859375,139.30194396972655
bike,dune_bayes,1833,mean,141.31492919921874,149.11466217041016,156.09642791748047
bike,dune_bayes,1834,mean,81.8146743774414,88.73974227905273,95.30114669799805
bike,dune_bayes,1835,mean,45.88559417724609,54.01921844482422,61.49496765136717
bike,dune_bayes,1836,mean,91.3551456451416,98.16778182983398,104.56611518859862
bike,dune_bayes,1837,mean,124.48091697692871,131.06597900390625,137.18944396972657
bike,dune_bayes,1838,mean,42.62574157714844,50.951744079589844,58.929762268066405
bike,dune_bayes,1839,mean,95.14200859069824,101.86648178100586,108.24477424621581
bike,dune_bayes,1840,mean,135.9643356323242,142.98246002197266,150.44438095092772
bike,dune_bayes,1841,mean,122.11262702941895,128.79112243652344,135.55280151367188
bike,dune_bayes,1842,mean,41.64978256225586,49.863006591796875,57.96994628906249
bike,dune_bayes,1843,mean,182.6927032470703,190.49205017089844,197.32049484252929
bike,dune_bayes,1844,mean,186.6933937072754,194.5117645263672,200.71836853027344
bike,dune_bayes,1845,mean,178.6368309020996,186.38648986816406,192.9496109008789
bike,dune_bayes,1846,mean,131.47569198608397,138.36287689208984,144.39353103637694
bike,dune_bayes,1847,mean,92.39362983703613,99.09826278686523,106.27320899963378
bike,dune_bayes,1848,mean,159.66579360961913,167.3706817626953,174.1026168823242
bike,dune_bayes,1849,mean,81.90653839111329,88.38521194458008,95.10378112792968
bike,dune_bayes,1850,mean,51.38160247802735,59.64463806152344,67.57046089172363
bike,dune_bayes,1851,mean,59.70974426269532,67.13686752319336,74.63965454101563
bike,dune_bayes,1852,mean,65.63505744934082,72.95323944091797,80.48204727172852
bike,dune_bayes,1853,mean,78.82800178527832,85.58498001098633,92.90664215087891
bike,dune_bayes,1854,mean,124.89788055419922,132.3105239868164,140.14270782470703
bike,dune_bayes,1855,mean,137.69910736083983,145.84246063232422,153.84953842163085
bike,dune_bayes,1856,mean,155.96137008666992,164.246337890625,172.07132873535156
bike,dune_bayes,1857,mean,174.78743667602538,182.94271087646484,190.30530395507813
bike,dune_bayes,1858,mean,127.27101783752441,134.3648452758789,140.79666137695312
bike,dune_bayes,1859,mean,103.01949272155761,110.14947509765625,116.82209358215331
bike,dune_bayes,1860,mean,145.13811492919922,153.16500854492188,160.30606384277343
bike,dune_bayes,1861,mean,162.9616798400879,171.29993438720703,178.39792251586914
bike,dune_bayes,1862,mean,116.11732063293456,122.68589782714844,128.98300018310545
bike,dune_bayes,1863,mean,129.83591003417968,136.973388671875,143.3105911254883
bike,dune_bayes,1864,mean,64.68348922729493,72.52620697021484,79.46312065124512
bike,dune_bayes,1865,mean,61.2375602722168,69.07598114013672,75.89086456298828
bike,dune_bayes,1866,mean,39.75911178588867,48.17772674560547,56.16135787963867
bike,dune_bayes,1867,mean,56.747869873046874,64.4930534362793,71.91295356750489
bike,dune_bayes,1868,mean,65.97812194824219,73.88513946533203,81.47246170043944
bike,dune_bayes,1869,mean,79.08690872192383,86.95103454589844,94.30024757385253
bike,dune_bayes,1870,mean,138.0552520751953,146.81342315673828,156.13110885620117
bike,dune_bayes,1871,mean,126.63150749206542,135.14669799804688,144.1702751159668
bike,dune_bayes,1872,mean,126.4816650390625,134.89820861816406,143.70465240478515
bike,dune_bayes,1873,mean,132.6036247253418,141.60424041748047,151.38376846313477
bike,dune_bayes,1874,mean,115.87973518371582,123.16289520263672,131.35644607543944
bike,dune_bayes,1875,mean,105.3327709197998,112.62986755371094,120.23450393676758
bike,dune_bayes,1876,mean,182.70905990600585,191.0911636352539,198.68283309936524
bike,dune_bayes,1877,mean,189.9298065185547,198.38921356201172,205.76454162597656
bike,dune_bayes,1878,mean,137.9460662841797,145.53435516357422,152.52775650024415
bike,dune_bayes,1879,mean,190.65680541992188,198.44393157958984,204.7992042541504
bike,dune_bayes,1880,mean,205.454434967041,213.2005386352539,219.95379486083985
bike,dune_bayes,1881,mean,158.88934020996095,166.34200286865234,172.63485946655274
bike,dune_bayes,1882,mean,158.16241149902345,165.70426177978516,171.83722076416015
bike,dune_bayes,1883,mean,186.70275802612304,194.6104736328125,201.05782470703124
bike,dune_bayes,1884,mean,201.52429428100587,209.06278228759766,215.32660446166992
bike,dune_bayes,1885,mean,178.15975646972657,185.7814178466797,192.14392547607423
bike,dune_bayes,1886,mean,146.24254913330077,153.55654907226562,159.72431488037108
bike,dune_bayes,1887,mean,93.14646797180175,99.70256423950195,106.45320434570311
bike,dune_bayes,1888,mean,93.14646797180175,99.70256423950195,106.45320434570311
bike,dune_bayes,1889,mean,93.67626495361328,100.07442474365234,106.84210891723633
bike,dune_bayes,1890,mean,93.95912017822266,100.36397933959961,107.00079498291014
bike,dune_bayes,1891,mean,73.55897979736328,81.47077560424805,89.16874694824219
bike,dune_bayes,1892,mean,53.987631225585936,61.92338562011719,70.43258552551269
bike,dune_bayes,1893,mean,52.803443145751956,61.07909393310547,69.23784408569335
bike,dune_bayes,1894,mean,132.4840431213379,139.36222076416016,146.29084701538085
bike,dune_bayes,1895,mean,146.25253829956054,153.30426788330078,160.79271850585937
bike,dune_bayes,1896,mean,135.325186920166,142.95501708984375,150.86859664916992
bike,dune_bayes,1897,mean,131.36884078979492,138.58744049072266,145.86183471679686
bike,dune_bayes,1898,mean,153.54089279174804,160.7959213256836,168.32996978759766
bike,dune_bayes,1899,mean,135.9643356323242,142.98246002197266,150.44438095092772
bike,dune_bayes,1900,mean,40.130758666992186,48.36992645263672,56.29745025634765
bike,dune_bayes,1901,mean,124.3116569519043,131.7534637451172,140.21102752685547
bike,dune_bayes,1902,mean,114.29887237548829,121.56329727172852,129.13823013305662
bike,dune_bayes,1903,mean,147.1501907348633,154.76394653320312,162.2268974304199
bike,dune_bayes,1904,mean,96.11133155822753,102.68505477905273,109.90721435546875
bike,dune_bayes,1905,mean,91.9819351196289,98.5604476928711,105.76119003295898
bike,dune_bayes,1906,mean,63.247589874267575,70.57656478881836,78.11802024841309
bike,dune_bayes,1907,mean,82.17641563415528,88.74397277832031,95.76285858154297
bike,dune_bayes,1908,mean,155.5119316101074,163.73709869384766,171.1604797363281
bike,dune_bayes,1909,mean,141.56669921875,149.5469970703125,156.70270004272462
bike,dune_bayes,1910,mean,155.5119316101074,163.73709869384766,171.1604797363281
bike,dune_bayes,1911,mean,183.281893157959,191.78009796142578,199.1568229675293
bike,dune_bayes,1912,mean,103.05863761901855,109.3128776550293,115.68112525939941
bike,dune_bayes,1913,mean,109.41274986267089,115.95222473144531,122.22354469299316
bike,dune_bayes,1914,mean,259.18216705322266,266.48924255371094,274.2242370605469
bike,dune_bayes,1915,mean,197.6391799926758,204.7294921875,210.16072769165038
bike,dune_bayes,1916,mean,235.60810470581055,242.93852996826172,249.97022857666016
bike,dune_bayes,1917,mean,217.0810562133789,224.28653717041016,230.5206069946289
bike,dune_bayes,1918,mean,114.70334968566894,120.64675903320312,126.75367393493651
bike,dune_bayes,1919,mean,75.61927947998046,83.02759170532227,90.71419372558593
bike,dune_bayes,1920,mean,142.5051300048828,148.17784118652344,153.81090240478517
bike,dune_bayes,1921,mean,265.01154174804685,271.3723907470703,279.0339691162109
bike,dune_bayes,1922,mean,172.99662017822266,179.42698669433594,184.21711044311525
bike,dune_bayes,1923,mean,97.10792503356933,104.0453872680664,110.98918151855469
bike,dune_bayes,1924,mean,107.2029411315918,113.7523307800293,120.58053817749024
bike,dune_bayes,1925,mean,89.8265209197998,96.96300888061523,103.86827392578124
bike,dune_bayes,1926,mean,160.22813339233397,165.7047119140625,170.98600387573242
bike,dune_bayes,1927,mean,112.99601440429687,119.62473678588867,126.1260269165039
bike,dune_bayes,1928,mean,165.5799690246582,171.61080169677734,176.99678573608398
bike,dune_bayes,1929,mean,153.91393814086913,161.32781219482422,169.0599395751953
bike,dune_bayes,1930,mean,153.43462142944335,161.37323760986328,169.306974029541
bike,dune_bayes,1931,mean,144.73043823242188,152.90377807617188,161.35862197875977
bike,dune_bayes,1932,mean,170.97817916870116,179.46995544433594,188.2110969543457
bike,dune_bayes,1933,mean,172.4529182434082,180.912353515625,189.40843658447264
bike,dune_bayes,1934,mean,142.81300430297853,151.18726348876953,159.9604034423828
bike,dune_bayes,1935,mean,141.9206298828125,149.60340881347656,157.86980743408202
bike,dune_bayes,1936,mean,141.9206298828125,149.60340881347656,157.86980743408202
bike,dune_bayes,1937,mean,134.58477554321288,142.50397491455078,150.51288604736328
bike,dune_bayes,1938,mean,119.6007095336914,127.12289810180664,134.6253463745117
bike,dune_bayes,1939,mean,150.17201080322266,158.19664001464844,166.1664680480957
bike,dune_bayes,1940,mean,155.8370262145996,163.5950469970703,171.5919219970703
bike,dune_bayes,1941,mean,181.41696395874024,189.55441284179688,197.5981002807617
bike,dune_bayes,1942,mean,157.6865119934082,165.1390151977539,172.40237426757812
bike,dune_bayes,1943,mean,153.10641708374024,160.6324691772461,168.4053207397461
bike,dune_bayes,1944,mean,107.20046768188476,114.09151840209961,120.94773979187012
bike,dune_bayes,1945,mean,156.14261169433593,164.21610260009766,171.36937026977537
bike,dune_bayes,1946,mean,271.0564468383789,278.1206817626953,286.0058929443359
bike,dune_bayes,1947,mean,182.5857276916504,189.7239227294922,195.18298873901367
bike,dune_bayes,1948,mean,173.98595809936523,180.6005630493164,185.80656356811522
bike,dune_bayes,1949,mean,138.52855224609374,144.76215362548828,150.1577880859375
bike,dune_bayes,1950,mean,146.81186141967774,154.94891357421875,162.68185577392578
bike,dune_bayes,1951,mean,155.82927322387695,164.089111328125,171.72198410034179
bike,dune_bayes,1952,mean,182.94864044189453,190.87332916259766,198.00519866943358
bike,dune_bayes,1953,mean,200.97260513305665,208.91133880615234,215.8293601989746
bike,dune_bayes,1954,mean,210.57349548339843,218.54046630859375,225.37127609252929
bike,dune_bayes,1955,mean,209.740478515625,217.87628173828125,224.88961791992188
bike,dune_bayes,1956,mean,148.06333236694337,155.68048858642578,162.05047073364258
bike,dune_bayes,1957,mean,88.56349029541016,95.22188568115234,102.05250854492186
bike,dune_bayes,1958,mean,63.26995582580567,70.99493789672852,78.63825607299805
bike,dune_bayes,1959,mean,72.31026992797851,79.84626007080078,86.8001468658447
bike,dune_bayes,1960,mean,76.50143318176269,84.92241668701172,93.0507598876953
bike,dune_bayes,1961,mean,104.79332809448242,111.50636672973633,118.2599552154541
bike,dune_bayes,1962,mean,97.10792503356933,104.0453872680664,110.98918151855469
bike,dune_bayes,1963,mean,104.38845024108886,111.30181503295898,117.94168357849121
bike,dune_bayes,1964,mean,99.26493606567382,106.6696891784668,113.96875381469725
bike,dune_bayes,1965,mean,117.92532005310059,124.8044204711914,131.50406646728516
bike,dune_bayes,1966,mean,107.55406188964844,114.29254913330078,121.22824707031249
bike,dune_bayes,1967,mean,220.79212646484376,226.34689331054688,231.49926986694337
bike,dune_bayes,1968,mean,269.49505310058595,276.00804138183594,283.7635223388672
bike,dune_bayes,1969,mean,227.10358123779298,234.2460174560547,240.71320571899415
bike,dune_bayes,1970,mean,203.66045532226562,211.15674591064453,217.70962448120116
bike,dune_bayes,1971,mean,166.7222137451172,174.4161376953125,180.67966079711914
bike,dune_bayes,1972,mean,159.30891799926758,166.9709701538086,173.48250427246094
bike,dune_bayes,1973,mean,92.39362983703613,99.09826278686523,106.27320899963378
bike,dune_bayes,1974,mean,82.01517753601074,89.38098907470703,97.00190849304198
bike,dune_bayes,1975,mean,80.21884078979492,87.81562423706055,95.24770927429199
bike,dune_bayes,1976,mean,71.88902969360352,80.07503509521484,87.16009559631347
bike,dune_bayes,1977,mean,71.38116149902343,79.44443130493164,86.7523509979248
bike,dune_bayes,1978,mean,92.40580673217774,100.15377807617188,106.92554931640625
bike,dune_bayes,1979,mean,222.02543029785156,229.56590270996094,236.5336685180664
bike,dune_bayes,1980,mean,233.1129234313965,240.34225463867188,247.7612091064453
bike,dune_bayes,1981,mean,208.94921340942383,216.365234375,224.03884506225586
bike,dune_bayes,1982,mean,198.40478973388673,206.7503433227539,214.6351188659668
bike,dune_bayes,1983,mean,172.51874923706055,179.91078186035156,187.3399871826172
bike,dune_bayes,1984,mean,157.84318161010742,164.7397689819336,172.1146156311035
bike,dune_bayes,1985,mean,136.27576217651367,143.3670883178711,150.90904846191407
bike,dune_bayes,1986,mean,176.63783645629883,185.38611602783203,194.23359603881835
bike,dune_bayes,1987,mean,132.88713150024415,140.60082244873047,147.84342193603516
bike,dune_bayes,1988,mean,124.24682960510253,131.77660369873047,139.17470932006836
bike,dune_bayes,1989,mean,100.3374641418457,107.36201095581055,114.12843704223633
bike,dune_bayes,1990,mean,119.73977851867676,126.71319580078125,133.58204727172853
bike,dune_bayes,1991,mean,122.84589653015136,130.31668090820312,137.36540451049805
bike,dune_bayes,1992,mean,147.29562759399414,156.07432556152344,165.5458122253418
bike,dune_bayes,1993,mean,130.68170776367188,138.2157745361328,145.89744186401367
bike,dune_bayes,1994,mean,138.36214065551758,146.46337127685547,154.0564323425293
bike,dune_bayes,1995,mean,148.73876266479493,156.4898910522461,163.29426116943358
bike,dune_bayes,1996,mean,129.36370925903321,136.961181640625,143.5511405944824
bike,dune_bayes,1997,mean,124.9171142578125,132.4491195678711,139.46588592529298
bike,dune_bayes,1998,mean,245.22259979248048,252.40416717529297,259.7172515869141
bike,dune_bayes,1999,mean,270.27008666992185,277.23048400878906,285.260481262207
bike,dune_bayes,2000,mean,172.58055953979493,178.43634796142578,183.6992660522461
bike,dune_bayes,2001,mean,180.10517425537108,185.6489028930664,191.09716186523437
bike,dune_bayes,2002,mean,285.0431793212891,292.5708465576172,300.9303176879883
bike,dune_bayes,2003,mean,291.7274688720703,299.3061218261719,307.9436599731445
bike,dune_bayes,2004,mean,260.9102722167969,267.55763244628906,274.46864471435543
bike,dune_bayes,2005,mean,167.13398666381835,175.86820220947266,183.8663314819336
bike,dune_bayes,2006,mean,194.12609939575196,202.64667510986328,210.44443054199218
bike,dune_bayes,2007,mean,145.9141098022461,153.78060913085938,161.99041061401368
bike,dune_bayes,2008,mean,146.1383430480957,154.2346420288086,162.50409469604492
bike,dune_bayes,2009,mean,104.03058128356933,110.60104370117188,117.00273818969725
bike,dune_bayes,2010,mean,104.03058128356933,110.60104370117188,117.00273818969725
bike,dune_bayes,2011,mean,147.43391494750978,154.41442108154297,162.038419342041
bike,dune_bayes,2012,mean,195.65248413085936,203.4157485961914,210.20488357543945
bike,dune_bayes,2013,mean,256.4276382446289,263.1400451660156,270.7222732543945
bike,dune_bayes,2014,mean,244.98171615600586,251.8279037475586,259.33600463867185
bike,dune_bayes,2015,mean,136.48147735595703,143.5501251220703,149.43350067138672
bike,dune_bayes,2016,mean,202.7537483215332,210.06544494628906,216.00670471191407
bike,dune_bayes,2017,mean,180.36445159912108,185.40582275390625,190.77152099609376
bike,dune_bayes,2018,mean,180.36445159912108,185.40582275390625,190.77152099609376
bike,dune_bayes,2019,mean,131.9535270690918,138.3768768310547,144.30402984619138
bike,dune_bayes,2020,mean,169.6205093383789,175.14444732666016,180.49487838745117
bike,dune_bayes,2021,mean,283.4968017578125,290.5220947265625,298.37586822509763
bike,dune_bayes,2022,mean,236.5323699951172,241.78946685791016,247.31098022460938
bike,dune_bayes,2023,mean,317.93121032714845,325.9631652832031,334.9473083496094
bike,dune_bayes,2024,mean,314.3900863647461,322.14727783203125,330.91794738769534
bike,dune_bayes,2025,mean,280.0734924316406,286.6750793457031,294.96600952148435
bike,dune_bayes,2026,mean,220.47583618164063,225.9624786376953,231.17820434570314
bike,dune_bayes,2027,mean,199.64150848388672,205.29759979248047,210.1864822387695
bike,dune_bayes,2028,mean,128.8529022216797,134.93832397460938,141.15475311279297
bike,dune_bayes,2029,mean,148.3131446838379,154.0126495361328,160.30934829711913
bike,dune_bayes,2030,mean,187.6580436706543,192.64815521240234,197.64289474487305
bike,dune_bayes,2031,mean,271.2362228393555,277.6013488769531,285.03468322753906
bike,dune_bayes,2032,mean,320.3133041381836,328.4138641357422,337.3428237915039
bike,dune_bayes,2033,mean,198.709765625,203.83654022216797,209.03691787719725
bike,dune_bayes,2034,mean,130.80248107910157,136.62325286865234,142.34611282348632
bike,dune_bayes,2035,mean,112.52875213623047,118.99190902709961,125.5417106628418
bike,dune_bayes,2036,mean,97.91395683288575,105.18909454345703,112.11083145141599
bike,dune_bayes,2037,mean,157.2891616821289,163.03140258789062,168.87158584594727
bike,dune_bayes,2038,mean,147.25770263671876,153.21372985839844,159.68360214233397
bike,dune_bayes,2039,mean,121.39159202575684,128.12615203857422,135.14687728881836
bike,dune_bayes,2040,mean,121.39159202575684,128.12615203857422,135.14687728881836
bike,dune_bayes,2041,mean,103.09445610046387,110.53619766235352,117.6338451385498
bike,dune_bayes,2042,mean,109.05097465515136,116.13900375366211,123.00522270202636
bike,dune_bayes,2043,mean,93.87603607177735,101.7034683227539,108.6669147491455
bike,dune_bayes,2044,mean,94.52340774536133,102.22669982910156,109.32791175842284
bike,dune_bayes,2045,mean,109.40469055175781,116.84391021728516,123.60140075683594
bike,dune_bayes,2046,mean,155.2075164794922,161.19996643066406,167.28855743408204
bike,dune_bayes,2047,mean,254.6117401123047,260.5842590332031,266.9875457763672
bike,dune_bayes,2048,mean,100.38674468994141,108.04259490966797,114.95170936584472
bike,dune_bayes,2049,mean,213.06776275634766,218.15463256835938,223.3409767150879
bike,dune_bayes,2050,mean,123.54474143981933,130.02556610107422,136.54031295776366
bike,dune_bayes,2051,mean,283.1443389892578,290.114990234375,297.9557220458984
bike,dune_bayes,2052,mean,184.83437576293946,191.43223571777344,197.52560958862304
bike,dune_bayes,2053,mean,220.41232833862304,225.9250259399414,231.612052154541
bike,dune_bayes,2054,mean,158.48499603271483,164.40302276611328,170.2998275756836
bike,dune_bayes,2055,mean,143.45849075317383,149.67943572998047,156.1187385559082
bike,dune_bayes,2056,mean,183.41623916625977,189.5948944091797,195.4635452270508
bike,dune_bayes,2057,mean,218.90097045898438,224.17832946777344,229.7121208190918
bike,dune_bayes,2058,mean,167.82873916625977,173.91417694091797,179.99166870117188
bike,dune_bayes,2059,mean,159.24033889770507,165.1646957397461,170.91028900146483
bike,dune_bayes,2060,mean,158.48499603271483,164.40302276611328,170.2998275756836
bike,dune_bayes,2061,mean,158.48499603271483,164.40302276611328,170.2998275756836
bike,dune_bayes,2062,mean,192.44871520996094,198.55915069580078,204.2837532043457
bike,dune_bayes,2063,mean,247.08419189453124,253.06155395507812,259.33803710937497
bike,dune_bayes,2064,mean,177.62280349731446,183.83560180664062,189.85411376953124
bike,dune_bayes,2065,mean,170.11319961547852,176.79373168945312,183.58560104370116
bike,dune_bayes,2066,mean,216.5217399597168,222.29837799072266,228.13738708496095
bike,dune_bayes,2067,mean,308.0329055786133,315.4854278564453,323.9469757080078
bike,dune_bayes,2068,mean,300.21424560546876,307.7662658691406,316.057763671875
bike,dune_bayes,2069,mean,264.85677642822264,270.8708190917969,277.8435592651367
bike,dune_bayes,2070,mean,232.97530517578124,238.452392578125,244.37666244506835
bike,dune_bayes,2071,mean,174.57890930175782,180.58721923828125,186.413134765625
bike,dune_bayes,2072,mean,139.57231216430665,146.32679748535156,152.9306884765625
bike,dune_bayes,2073,mean,150.1269989013672,156.87986755371094,163.19854431152345
bike,dune_bayes,2074,mean,135.4453437805176,142.41848754882812,149.110676574707
bike,dune_bayes,2075,mean,100.14579772949219,107.89921951293945,115.21020774841308
bike,dune_bayes,2076,mean,100.67642364501953,108.50180053710938,115.89287338256835
bike,dune_bayes,2077,mean,91.49279861450195,99.89510345458984,107.83430290222168
bike,dune_bayes,2078,mean,129.8492118835449,135.5658950805664,141.60115509033204
bike,dune_bayes,2079,mean,243.58027725219728,250.8289566040039,258.29348144531247
bike,dune_bayes,2080,mean,239.74676208496095,247.59746551513672,255.30584259033202
bike,dune_bayes,2081,mean,242.59422912597657,250.2771987915039,257.8885467529297
bike,dune_bayes,2082,mean,189.8236442565918,198.42044830322266,206.3183822631836
bike,dune_bayes,2083,mean,183.6634262084961,192.59612274169922,201.23835449218748
bike,dune_bayes,2084,mean,160.38651351928712,168.71776580810547,176.86577835083008
bike,dune_bayes,2085,mean,145.68190002441406,154.37548828125,162.22043533325194
bike,dune_bayes,2086,mean,155.21711044311525,163.48522186279297,171.10623397827146
bike,dune_bayes,2087,mean,223.89979248046876,232.25286102294922,239.21670989990233
bike,dune_bayes,2088,mean,215.65237426757812,223.39151000976562,230.3762985229492
bike,dune_bayes,2089,mean,166.98854293823243,175.45748138427734,182.39250717163085
bike,dune_bayes,2090,mean,253.08519897460937,258.9189453125,264.9342330932617
bike,dune_bayes,2091,mean,198.25100021362306,203.03314208984375,208.03586196899414
bike,dune_bayes,2092,mean,230.63771896362306,237.25820922851562,243.49863967895507
bike,dune_bayes,2093,mean,249.5446418762207,256.3440704345703,263.4800170898437
bike,dune_bayes,2094,mean,203.30146484375,210.50650024414062,216.53574295043944
bike,dune_bayes,2095,mean,153.61101150512695,161.1887664794922,167.5682487487793
bike,dune_bayes,2096,mean,120.84385375976562,127.45889663696289,133.54867401123047
bike,dune_bayes,2097,mean,131.47569198608397,138.36287689208984,144.39353103637694
bike,dune_bayes,2098,mean,164.17133026123048,171.2016143798828,176.89838790893555
bike,dune_bayes,2099,mean,147.04598007202148,153.46062469482422,159.24075469970703
bike,dune_bayes,2100,mean,146.5901321411133,153.09415435791016,158.3924819946289
bike,dune_bayes,2101,mean,92.96421508789062,100.25643539428711,106.6774257659912
bike,dune_bayes,2102,mean,101.05773162841797,108.50217056274414,115.11184654235839
bike,dune_bayes,2103,mean,78.93567123413087,86.60510635375977,93.59579696655273
bike,dune_bayes,2104,mean,110.06009864807129,117.01469421386719,123.19875526428223
bike,dune_bayes,2105,mean,95.7139877319336,102.67780303955078,108.96172714233398
bike,dune_bayes,2106,mean,161.2098831176758,167.38932037353516,172.5248764038086
bike,dune_bayes,2107,mean,225.26680603027344,231.61040496826172,237.59373626708984
bike,dune_bayes,2108,mean,218.5205871582031,224.17454528808594,229.565584564209
bike,dune_bayes,2109,mean,187.66150970458983,192.95957946777344,198.18449935913085
bike,dune_bayes,2110,mean,116.22284812927246,122.76340103149414,129.3262062072754
bike,dune_bayes,2111,mean,189.45176620483397,197.30254364013672,203.81944580078124
bike,dune_bayes,2112,mean,223.16893310546874,230.44923400878906,237.15094146728515
bike,dune_bayes,2113,mean,108.00834999084472,114.49592971801758,120.74641494750976
bike,dune_bayes,2114,mean,282.9849426269531,290.0842742919922,297.8869598388672
bike,dune_bayes,2115,mean,217.82064666748047,224.18661499023438,229.95030212402344
bike,dune_bayes,2116,mean,199.64150848388672,205.29759979248047,210.1864822387695
bike,dune_bayes,2117,mean,141.28522338867188,147.12848663330078,152.68624267578124
bike,dune_bayes,2118,mean,141.28522338867188,147.12848663330078,152.68624267578124
bike,dune_bayes,2119,mean,138.9543128967285,144.6602325439453,150.48979415893555
bike,dune_bayes,2120,mean,249.31231155395508,255.431640625,261.9186447143555
bike,dune_bayes,2121,mean,273.66536102294924,280.5723571777344,287.9017623901367
bike,dune_bayes,2122,mean,289.03419036865233,295.9606628417969,303.9343780517578
bike,dune_bayes,2123,mean,297.0437255859375,304.21229553222656,313.06119537353516
bike,dune_bayes,2124,mean,240.55796279907227,248.15531158447266,255.40438690185547
bike,dune_bayes,2125,mean,226.5392318725586,234.04563903808594,241.09070510864257
bike,dune_bayes,2126,mean,178.73530197143555,186.76864624023438,193.7830322265625
bike,dune_bayes,2127,mean,154.52466888427733,162.18775177001953,168.99648208618163
bike,dune_bayes,2128,mean,205.34883193969728,213.10965728759766,219.79993286132813
bike,dune_bayes,2129,mean,224.9792510986328,232.16876220703125,238.88368225097656
bike,dune_bayes,2130,mean,245.88547286987304,252.7661590576172,259.8775131225586
bike,dune_bayes,2131,mean,237.07273559570314,244.47296142578125,251.40462417602538
bike,dune_bayes,2132,mean,179.87597274780273,187.32523345947266,193.33280410766602
bike,dune_bayes,2133,mean,184.60326538085937,191.94644927978516,198.35312881469727
bike,dune_bayes,2134,mean,144.7741485595703,152.89292907714844,160.46936721801757
bike,dune_bayes,2135,mean,216.78470840454102,224.18959045410156,231.08411178588867
bike,dune_bayes,2136,mean,243.10329971313476,250.4677734375,257.79896850585936
bike,dune_bayes,2137,mean,210.0293281555176,217.61188507080078,225.2743698120117
bike,dune_bayes,2138,mean,181.41696395874024,189.55441284179688,197.5981002807617
bike,dune_bayes,2139,mean,167.5971420288086,175.50914764404297,183.61493835449218
bike,dune_bayes,2140,mean,220.40180130004882,227.9403076171875,235.2842170715332
bike,dune_bayes,2141,mean,231.13593673706055,238.54218292236328,245.75655212402344
bike,dune_bayes,2142,mean,262.9795547485352,270.06463623046875,278.3604339599609
bike,dune_bayes,2143,mean,272.1913787841797,279.2602233886719,287.1568664550781
bike,dune_bayes,2144,mean,273.19001922607424,280.4586639404297,288.34951934814455
bike,dune_bayes,2145,mean,219.86345367431642,227.30426788330078,234.63018798828125
bike,dune_bayes,2146,mean,174.64236145019532,182.31681060791016,189.79990310668944
bike,dune_bayes,2147,mean,304.45218658447266,311.61940002441406,320.1806838989258
bike,dune_bayes,2148,mean,239.8688751220703,246.51023864746094,253.45330352783202
bike,dune_bayes,2149,mean,226.88935470581055,234.3069076538086,240.8840560913086
bike,dune_bayes,2150,mean,269.68988647460935,276.88250732421875,285.17601318359374
bike,dune_bayes,2151,mean,243.2596092224121,250.50430297851562,257.557145690918
bike,dune_bayes,2152,mean,108.90878524780274,115.01480484008789,121.15275726318359
bike,dune_bayes,2153,mean,102.34520683288574,108.67326736450195,115.01025657653808
bike,dune_bayes,2154,mean,101.95256385803222,108.36174774169922,114.86741256713867
bike,dune_bayes,2155,mean,240.42556915283203,247.31230926513672,254.4078514099121
bike,dune_bayes,2156,mean,264.9261993408203,271.96583557128906,279.5068084716797
bike,dune_bayes,2157,mean,194.6589569091797,203.21831512451172,210.6629508972168
bike,dune_bayes,2158,mean,174.12931594848632,183.22772216796875,191.02160873413087
bike,dune_bayes,2159,mean,149.20971145629883,157.4117889404297,164.56781616210935
bike,dune_bayes,2160,mean,143.6811195373535,150.8450164794922,156.5296417236328
bike,dune_bayes,2161,mean,166.88108520507814,175.20001983642578,182.34932861328124
bike,dune_bayes,2162,mean,122.77078399658203,129.41349029541016,135.6374084472656
bike,dune_bayes,2163,mean,122.3914722442627,129.08338165283203,135.2064308166504
bike,dune_bayes,2164,mean,250.6888229370117,258.05223083496094,265.42134857177734
bike,dune_bayes,2165,mean,250.6888229370117,258.05223083496094,265.42134857177734
bike,dune_bayes,2166,mean,127.49199638366699,133.96630859375,139.76393661499023
bike,dune_bayes,2167,mean,146.24254913330077,153.55654907226562,159.72431488037108
bike,dune_bayes,2168,mean,173.42822799682617,180.87843322753906,187.19830017089845
bike,dune_bayes,2169,mean,210.37913970947267,217.94790649414062,224.1759765625
bike,dune_bayes,2170,mean,268.765641784668,275.63018798828125,283.24248046875
bike,dune_bayes,2171,mean,269.08732147216796,275.7828063964844,283.5167999267578
bike,dune_bayes,2172,mean,153.3764274597168,159.5869369506836,165.29045333862305
bike,dune_bayes,2173,mean,117.65436668395996,123.81863403320312,129.67086791992188
bike,dune_bayes,2174,mean,105.36685409545899,112.2068099975586,118.23299980163573
bike,dune_bayes,2175,mean,105.36685409545899,112.2068099975586,118.23299980163573
bike,dune_bayes,2176,mean,105.61894912719727,112.4930419921875,118.5213638305664
bike,dune_bayes,2177,mean,197.22232208251953,203.29827117919922,208.87799911499025
bike,dune_bayes,2178,mean,305.03734893798827,312.6129608154297,321.5372024536133
bike,dune_bayes,2179,mean,293.47929229736326,300.28167724609375,308.67708587646484
bike,dune_bayes,2180,mean,277.8964385986328,284.7050018310547,292.63921508789065
bike,dune_bayes,2181,mean,253.4732322692871,259.6462707519531,266.9041687011719
bike,dune_bayes,2182,mean,225.3844871520996,230.74949645996094,236.40204162597655
bike,dune_bayes,2183,mean,225.3844871520996,230.74949645996094,236.40204162597655
bike,dune_bayes,2184,mean,225.0285903930664,230.42832946777344,236.1599380493164
bike,dune_bayes,2185,mean,208.25733337402343,213.2627944946289,218.58338088989257
bike,dune_bayes,2186,mean,175.8167381286621,180.83971405029297,185.9659767150879
bike,dune_bayes,2187,mean,225.48125381469725,231.13449096679688,236.82729263305663
bike,dune_bayes,2188,mean,307.34149475097655,314.8380889892578,323.4833419799805
bike,dune_bayes,2189,mean,311.33211517333984,319.22381591796875,327.96276397705077
bike,dune_bayes,2190,mean,303.5905517578125,311.1521301269531,319.8262054443359
bike,dune_bayes,2191,mean,275.17881469726564,281.8746337890625,289.5268081665039
bike,dune_bayes,2192,mean,254.2328025817871,260.2997741699219,266.7406234741211
bike,dune_bayes,2193,mean,296.7218780517578,304.01670837402344,312.23435668945314
bike,dune_bayes,2194,mean,269.7632400512695,276.404052734375,283.717431640625
bike,dune_bayes,2195,mean,229.777734375,235.42816925048828,241.4703399658203
bike,dune_bayes,2196,mean,175.90723724365233,181.78386688232422,187.58375854492186
bike,dune_bayes,2197,mean,224.07145080566406,229.5760726928711,235.75761642456052
bike,dune_bayes,2198,mean,308.7456619262695,316.61968994140625,325.0914474487305
bike,dune_bayes,2199,mean,262.21840209960936,268.1382598876953,274.8794403076172
bike,dune_bayes,2200,mean,176.38232345581054,182.73186492919922,188.67088623046874
bike,dune_bayes,2201,mean,293.51451263427737,300.9817352294922,309.1944854736328
bike,dune_bayes,2202,mean,259.5982162475586,265.56874084472656,272.2635528564453
bike,dune_bayes,2203,mean,284.9790512084961,292.18751525878906,300.61712646484375
bike,dune_bayes,2204,mean,289.9341049194336,296.9525604248047,305.6149047851562
bike,dune_bayes,2205,mean,299.0816818237305,306.45042419433594,315.20170440673826
bike,dune_bayes,2206,mean,314.37073974609376,322.0504913330078,331.2932144165039
bike,dune_bayes,2207,mean,308.2335571289062,315.7363586425781,325.01902770996094
bike,dune_bayes,2208,mean,294.73094635009767,301.7208709716797,310.3649505615234
bike,dune_bayes,2209,mean,279.4396774291992,286.320556640625,294.2329956054688
bike,dune_bayes,2210,mean,179.66477432250977,185.7641143798828,190.71611709594725
bike,dune_bayes,2211,mean,138.9543128967285,144.6602325439453,150.48979415893555
bike,dune_bayes,2212,mean,121.35915756225586,127.25086975097656,133.27239913940429
bike,dune_bayes,2213,mean,120.94397163391113,126.96875762939453,133.07980575561524
bike,dune_bayes,2214,mean,118.45894622802734,125.11376953125,131.7600959777832
bike,dune_bayes,2215,mean,233.70570068359376,239.70635986328125,245.89982681274415
bike,dune_bayes,2216,mean,255.0602798461914,261.36834716796875,268.56738739013673
bike,dune_bayes,2217,mean,275.0141235351563,281.9556579589844,289.88719482421874
bike,dune_bayes,2218,mean,285.5827346801758,292.42369079589844,300.7410400390625
bike,dune_bayes,2219,mean,275.96752014160154,282.63108825683594,290.5353759765625
bike,dune_bayes,2220,mean,220.14330520629883,225.6770248413086,230.86144104003904
bike,dune_bayes,2221,mean,112.99601440429687,119.62473678588867,126.1260269165039
bike,dune_bayes,2222,mean,122.46997718811035,128.87033081054688,135.44315719604492
bike,dune_bayes,2223,mean,283.9099746704102,290.86231994628906,298.75491790771486
bike,dune_bayes,2224,mean,258.9592514038086,265.0366973876953,271.9886047363281
bike,dune_bayes,2225,mean,198.4839660644531,203.5768051147461,208.7308319091797
bike,dune_bayes,2226,mean,148.80915908813478,155.1051254272461,161.19235610961914
bike,dune_bayes,2227,mean,303.5905517578125,311.1521301269531,319.8262054443359
bike,dune_bayes,2228,mean,149.07143325805663,155.46994018554688,161.30126342773437
bike,dune_bayes,2229,mean,117.86058235168457,124.8920669555664,131.12809982299802
bike,dune_bayes,2230,mean,127.02416229248047,133.4217987060547,139.33320312499998
bike,dune_bayes,2231,mean,93.53911056518555,101.44309997558594,108.7222457885742
bike,dune_bayes,2232,mean,73.87372245788575,82.58417510986328,90.86447944641114
bike,dune_bayes,2233,mean,73.86367721557617,82.51043701171875,90.67403450012206
bike,dune_bayes,2234,mean,88.17130050659179,96.31376266479492,103.84613952636718
bike,dune_bayes,2235,mean,70.7909610748291,78.51569747924805,86.44487190246582
bike,dune_bayes,2236,mean,73.52128677368164,80.84775924682617,88.15600776672363
bike,dune_bayes,2237,mean,73.08633155822754,80.6993293762207,87.75873832702636
bike,dune_bayes,2238,mean,100.42152366638183,107.26494979858398,113.97567596435546
bike,dune_bayes,2239,mean,132.48532485961914,139.3052520751953,146.12006225585938
bike,dune_bayes,2240,mean,77.27309341430664,84.622314453125,91.52187957763672
bike,dune_bayes,2241,mean,94.28178443908692,100.6817626953125,107.58933906555175
bike,dune_bayes,2242,mean,228.16865463256835,235.7742462158203,242.5279899597168
bike,dune_bayes,2243,mean,244.31781692504882,251.7093048095703,259.08628234863284
bike,dune_bayes,2244,mean,200.34475173950196,207.75628662109375,214.1753387451172
bike,dune_bayes,2245,mean,195.85848846435547,203.22967529296875,209.7319305419922
bike,dune_bayes,2246,mean,113.1351707458496,119.5939826965332,125.92963104248047
bike,dune_bayes,2247,mean,113.1351707458496,119.5939826965332,125.92963104248047
bike,dune_bayes,2248,mean,101.00130615234374,107.6136589050293,114.54356307983397
bike,dune_bayes,2249,mean,97.89659614562989,104.56235885620117,111.2646125793457
bike,dune_bayes,2250,mean,172.6855438232422,179.61227416992188,184.9378807067871
bike,dune_bayes,2251,mean,252.13772201538086,259.04869079589844,266.46865234375
bike,dune_bayes,2252,mean,255.26208114624023,261.7660675048828,269.26304321289064
bike,dune_bayes,2253,mean,279.0530029296875,285.6591796875,293.54427032470704
bike,dune_bayes,2254,mean,298.67615661621096,305.75994873046875,314.8278503417969
bike,dune_bayes,2255,mean,298.3712356567383,305.5794372558594,314.429360961914
bike,dune_bayes,2256,mean,226.87957000732422,232.74618530273438,238.52301712036132
bike,dune_bayes,2257,mean,132.1327766418457,138.77959442138672,144.9328857421875
bike,dune_bayes,2258,mean,150.85537414550782,156.79199981689453,162.82518844604493
bike,dune_bayes,2259,mean,178.84642639160157,184.47452545166016,189.8715408325195
bike,dune_bayes,2260,mean,194.3733642578125,202.38959503173828,209.1850372314453
bike,dune_bayes,2261,mean,211.57228469848633,218.93728637695312,225.587744140625
bike,dune_bayes,2262,mean,259.2416488647461,266.5438537597656,274.5266448974609
bike,dune_bayes,2263,mean,216.59144439697266,223.9645233154297,230.73321914672852
bike,dune_bayes,2264,mean,152.7269729614258,159.6105728149414,166.8930236816406
bike,dune_bayes,2265,mean,179.316153717041,186.70233917236328,193.90707092285157
bike,dune_bayes,2266,mean,194.58558731079103,201.55392456054688,208.4908546447754
bike,dune_bayes,2267,mean,175.78826217651368,182.5870590209961,189.0570182800293
bike,dune_bayes,2268,mean,123.90659713745117,130.27598571777344,136.31617584228516
bike,dune_bayes,2269,mean,120.66326522827148,127.20899200439453,132.87918090820312
bike,dune_bayes,2270,mean,267.93981018066404,274.5386505126953,282.08319396972655
bike,dune_bayes,2271,mean,138.9543128967285,144.6602325439453,150.48979415893555
bike,dune_bayes,2272,mean,132.48817291259766,138.07142639160156,144.02834167480466
bike,dune_bayes,2273,mean,179.87597274780273,187.32523345947266,193.33280410766602
bike,dune_bayes,2274,mean,201.3969841003418,208.68643951416016,214.86586685180663
bike,dune_bayes,2275,mean,210.58874130249023,216.27520751953125,221.2647819519043
bike,dune_bayes,2276,mean,221.15165252685546,226.98043060302734,232.18403167724608
bike,dune_bayes,2277,mean,207.95189056396484,214.50272369384766,220.75483398437498
bike,dune_bayes,2278,mean,303.4298828125,310.69300842285156,318.7568878173828
bike,dune_bayes,2279,mean,169.21748962402344,176.1138916015625,182.47176971435547
bike,dune_bayes,2280,mean,193.65301589965821,199.53219604492188,205.41720809936524
bike,dune_bayes,2281,mean,123.94914054870605,130.69034576416016,137.17131881713865
bike,dune_bayes,2282,mean,167.16541290283203,172.9882049560547,178.99818420410156
bike,dune_bayes,2283,mean,176.4640769958496,182.4591522216797,188.38079757690429
bike,dune_bayes,2284,mean,194.81714324951173,200.11336517333984,205.50255889892577
bike,dune_bayes,2285,mean,242.27381896972656,248.01901245117188,254.17158432006835
bike,dune_bayes,2286,mean,207.0461166381836,213.0529022216797,219.45252151489257
bike,dune_bayes,2287,mean,201.399658203125,208.30443572998047,214.40103149414062
bike,dune_bayes,2288,mean,200.20937118530273,206.09585571289062,212.14848251342772
bike,dune_bayes,2289,mean,199.09502258300782,205.48104095458984,211.37527389526366
bike,dune_bayes,2290,mean,216.84429168701172,222.64865112304688,228.37302017211914
bike,dune_bayes,2291,mean,285.02855529785154,292.0763397216797,299.5503936767578
bike,dune_bayes,2292,mean,192.51600341796876,198.88412475585938,205.212784576416
bike,dune_bayes,2293,mean,151.6457046508789,158.68708038330078,166.0870246887207
bike,dune_bayes,2294,mean,223.8018310546875,230.1364974975586,236.4413230895996
bike,dune_bayes,2295,mean,215.23956604003905,221.55398559570312,227.87404327392576
bike,dune_bayes,2296,mean,198.67031555175782,204.98601531982422,211.24340133666993
bike,dune_bayes,2297,mean,190.99433212280275,197.07575225830078,203.1622657775879
bike,dune_bayes,2298,mean,166.07072982788085,172.49154663085938,178.53545608520508
bike,dune_bayes,2299,mean,166.26877059936524,173.0775146484375,178.91231307983398
bike,dune_bayes,2300,mean,165.8659423828125,172.11691284179688,178.36266174316407
bike,dune_bayes,2301,mean,155.9174430847168,162.43724060058594,168.84608154296876
bike,dune_bayes,2302,mean,155.9174430847168,162.43724060058594,168.84608154296876
bike,dune_bayes,2303,mean,166.44856796264648,172.14681243896484,177.94630584716796
bike,dune_bayes,2304,mean,168.449959564209,174.15892791748047,179.47236328125
bike,dune_bayes,2305,mean,123.07949752807617,129.3695297241211,135.72086486816406
bike,dune_bayes,2306,mean,122.63132247924804,129.03275299072266,135.4708610534668
bike,dune_bayes,2307,mean,140.1145462036133,146.3050765991211,152.61683502197266
bike,dune_bayes,2308,mean,228.26088256835936,234.04431915283203,239.65047607421874
bike,dune_bayes,2309,mean,223.77386627197265,229.66597747802734,235.96442413330078
bike,dune_bayes,2310,mean,243.0097213745117,248.74535369873047,255.18142700195312
bike,dune_bayes,2311,mean,170.54927291870118,177.11156463623047,183.5604393005371
bike,dune_bayes,2312,mean,192.51600341796876,198.88412475585938,205.212784576416
bike,dune_bayes,2313,mean,191.22528686523438,197.84934997558594,204.42728652954102
bike,dune_bayes,2314,mean,271.0286178588867,277.36537170410156,284.5470916748047
bike,dune_bayes,2315,mean,140.5814971923828,145.90760803222656,151.61590499877929
bike,dune_bayes,2316,mean,141.05333099365234,146.53328704833984,152.20890731811522
bike,dune_bayes,2317,mean,236.14434814453125,243.3255386352539,249.6213996887207
bike,dune_bayes,2318,mean,270.27008666992185,277.23048400878906,285.260481262207
bike,dune_bayes,2319,mean,261.2004028320313,268.0395050048828,275.703173828125
bike,dune_bayes,2320,mean,234.84860382080078,241.4565658569336,248.2811767578125
bike,dune_bayes,2321,mean,199.32136993408204,205.55420684814453,210.93516311645507
bike,dune_bayes,2322,mean,183.08173828125,190.04349517822266,195.526220703125
bike,dune_bayes,2323,mean,188.0989547729492,195.3924331665039,201.07792739868165
bike,dune_bayes,2324,mean,183.42806091308594,190.6147918701172,196.25146713256837
bike,dune_bayes,2325,mean,212.75364151000977,219.6869659423828,225.79164276123046
bike,dune_bayes,2326,mean,278.49230041503904,285.5753173828125,293.6708099365234
bike,dune_bayes,2327,mean,308.9963745117187,316.566650390625,325.72999877929686
bike,dune_bayes,2328,mean,178.32995986938477,184.0594024658203,189.13017883300782
bike,dune_bayes,2329,mean,138.2576675415039,144.56710052490234,150.1677276611328
bike,dune_bayes,2330,mean,282.64076538085936,289.58934020996094,297.46776428222654
bike,dune_bayes,2331,mean,194.21939926147462,199.61361694335938,204.87403869628906
bike,dune_bayes,2332,mean,195.08718338012696,200.3069305419922,205.36266326904297
bike,dune_bayes,2333,mean,213.92734069824218,218.85430145263672,224.02462005615234
bike,dune_bayes,2334,mean,240.1881416320801,245.8835220336914,251.8990165710449
bike,dune_bayes,2335,mean,292.03760681152346,299.43971252441406,307.58614654541014
bike,dune_bayes,2336,mean,299.2527191162109,307.04803466796875,315.14688568115236
bike,dune_bayes,2337,mean,243.12015609741212,248.81280517578125,254.5838706970215
bike,dune_bayes,2338,mean,215.59269638061522,221.35417938232422,226.70680770874023
bike,dune_bayes,2339,mean,162.73114700317382,169.14393615722656,175.50873413085938
bike,dune_bayes,2340,mean,171.76376724243164,178.58271026611328,184.7447998046875
bike,dune_bayes,2341,mean,217.80596771240235,223.5910873413086,229.48717117309567
bike,dune_bayes,2342,mean,178.58356399536132,185.41030883789062,192.00453338623046
bike,dune_bayes,2343,mean,192.55797958374023,198.69554901123047,204.4390426635742
bike,dune_bayes,2344,mean,170.54927291870118,177.11156463623047,183.5604393005371
bike,dune_bayes,2345,mean,178.1307830810547,184.998046875,191.77024307250977
bike,dune_bayes,2346,mean,223.3564598083496,229.4215087890625,235.55659866333008
bike,dune_bayes,2347,mean,237.34982376098634,243.3599090576172,249.7523452758789
bike,dune_bayes,2348,mean,183.83804779052736,190.30316162109375,196.8766357421875
bike,dune_bayes,2349,mean,282.4678787231445,289.6359558105469,296.9531845092773
bike,dune_bayes,2350,mean,283.46752777099607,290.3191833496094,297.5371368408203
bike,dune_bayes,2351,mean,293.4202026367187,300.7416229248047,308.4699905395508
bike,dune_bayes,2352,mean,211.16906967163087,217.09430694580078,222.95221862792968
bike,dune_bayes,2353,mean,207.63497009277344,213.03998565673828,218.52329177856444
bike,dune_bayes,2354,mean,276.8762466430664,283.68243408203125,291.50160369873043
bike,dune_bayes,2355,mean,299.0664947509766,306.1807403564453,314.78998413085935
bike,dune_bayes,2356,mean,260.5505004882813,266.8899688720703,274.06708679199215
bike,dune_bayes,2357,mean,148.3410758972168,153.89349365234375,159.87356185913086
bike,dune_bayes,2358,mean,139.47409133911134,145.12518310546875,150.96520080566404
bike,dune_bayes,2359,mean,138.80693969726562,144.46640014648438,150.4924591064453
bike,dune_bayes,2360,mean,286.3319381713867,293.3304443359375,301.6672958374023
bike,dune_bayes,2361,mean,297.750439453125,305.2823486328125,314.0751983642578
bike,dune_bayes,2362,mean,303.3589126586914,311.0879211425781,319.7220825195312
bike,dune_bayes,2363,mean,296.3751022338867,303.62123107910156,312.0858413696289
bike,dune_bayes,2364,mean,285.9574279785156,293.0225372314453,301.3419662475586
bike,dune_bayes,2365,mean,279.12064056396486,286.1194763183594,294.34840698242186
bike,dune_bayes,2366,mean,246.6263740539551,252.60186767578125,258.65538482666017
bike,dune_bayes,2367,mean,157.4093132019043,163.2122802734375,168.59815368652343
bike,dune_bayes,2368,mean,224.37741775512694,230.31396484375,236.16236953735353
bike,dune_bayes,2369,mean,317.63806610107423,325.72706604003906,334.4663864135742
bike,dune_bayes,2370,mean,321.0673309326172,329.2347717285156,337.8825744628906
bike,dune_bayes,2371,mean,318.4950180053711,326.5498352050781,335.2331939697265
bike,dune_bayes,2372,mean,305.74356231689455,313.3533172607422,321.85480041503905
bike,dune_bayes,2373,mean,240.91581115722656,247.1404037475586,253.58885345458984
bike,dune_bayes,2374,mean,184.49706115722657,189.84784698486328,194.98320465087892
bike,dune_bayes,2375,mean,165.48606719970704,170.9830093383789,176.7071044921875
bike,dune_bayes,2376,mean,185.94891357421875,190.8734588623047,195.7503791809082
bike,dune_bayes,2377,mean,311.40299224853516,319.37921142578125,328.186946105957
bike,dune_bayes,2378,mean,171.84019622802734,178.63924407958984,184.93133163452148
bike,dune_bayes,2379,mean,171.66568908691406,178.30914306640625,184.51459426879882
bike,dune_bayes,2380,mean,192.8665412902832,199.19931030273438,205.48581161499024
bike,dune_bayes,2381,mean,217.16933975219726,222.93048095703125,228.79611892700194
bike,dune_bayes,2382,mean,170.82350845336913,177.4758529663086,183.72904968261716
bike,dune_bayes,2383,mean,170.11319961547852,176.79373168945312,183.58560104370116
bike,dune_bayes,2384,mean,199.09502258300782,205.48104095458984,211.37527389526366
bike,dune_bayes,2385,mean,265.3739868164063,271.7451629638672,278.5341278076172
bike,dune_bayes,2386,mean,261.475048828125,267.98040771484375,274.51583709716795
bike,dune_bayes,2387,mean,238.04203186035156,243.99454498291016,250.3703659057617
bike,dune_bayes,2388,mean,207.0461166381836,213.0529022216797,219.45252151489257
bike,dune_bayes,2389,mean,207.0461166381836,213.0529022216797,219.45252151489257
bike,dune_bayes,2390,mean,171.66568908691406,178.30914306640625,184.51459426879882
bike,dune_bayes,2391,mean,183.83804779052736,190.30316162109375,196.8766357421875
bike,dune_bayes,2392,mean,183.83804779052736,190.30316162109375,196.8766357421875
bike,dune_bayes,2393,mean,199.50483627319335,205.89083862304688,212.44982757568357
bike,dune_bayes,2394,mean,185.0932815551758,191.8313446044922,198.7210624694824
bike,dune_bayes,2395,mean,192.23402709960936,198.59718322753906,204.87474365234374
bike,dune_bayes,2396,mean,288.4345474243164,295.39601135253906,302.84041290283204
bike,dune_bayes,2397,mean,288.239599609375,295.2528991699219,302.59974060058596
bike,dune_bayes,2398,mean,192.58468933105468,199.34881591796875,206.24811859130858
bike,dune_bayes,2399,mean,274.03284454345703,280.42303466796875,287.2858749389648
bike,dune_bayes,2400,mean,274.03284454345703,280.42303466796875,287.2858749389648
bike,dune_bayes,2401,mean,219.13199996948242,225.6631088256836,232.29214477539062
bike,dune_bayes,2402,mean,202.43047943115235,209.03114318847656,215.88227005004882
bike,dune_bayes,2403,mean,195.1157356262207,202.0496063232422,209.3362159729004
bike,dune_bayes,2404,mean,190.30152282714843,197.02017974853516,203.9816665649414
bike,dune_bayes,2405,mean,197.4653518676758,204.2267303466797,210.81298446655273
bike,dune_bayes,2406,mean,190.72018661499024,197.5371322631836,204.1772163391113
bike,dune_bayes,2407,mean,291.0590591430664,298.5433044433594,305.9202224731445
bike,dune_bayes,2408,mean,232.9711601257324,239.59066009521484,246.41592712402343
bike,dune_bayes,2409,mean,232.9711601257324,239.59066009521484,246.41592712402343
bike,dune_bayes,2410,mean,196.8675682067871,203.57534790039062,210.28767318725585
bike,dune_bayes,2411,mean,196.76692276000978,203.2416229248047,209.95596466064453
bike,dune_bayes,2412,mean,202.78422164916992,209.73400115966797,216.63081741333008
bike,dune_bayes,2413,mean,258.901220703125,264.9686279296875,272.0746704101563
bike,dune_bayes,2414,mean,281.8158721923828,288.4366912841797,295.76324768066405
bike,dune_bayes,2415,mean,282.00109405517577,288.8583221435547,296.0870895385742
bike,dune_bayes,2416,mean,190.36352157592773,197.07501983642578,203.51243362426757
bike,dune_bayes,2417,mean,232.49622192382813,239.38131713867188,245.7667999267578
bike,dune_bayes,2418,mean,261.7515106201172,268.55413818359375,275.40597076416014
bike,dune_bayes,2419,mean,284.44657440185546,291.1503143310547,298.6624160766602
bike,dune_bayes,2420,mean,274.8336639404297,281.01316833496094,288.4264633178711
bike,dune_bayes,2421,mean,247.75513763427733,254.63577270507812,261.2902496337891
bike,dune_bayes,2422,mean,235.52371673583986,242.0123748779297,248.55378265380858
bike,dune_bayes,2423,mean,248.39920043945312,254.75371551513672,261.63227233886715
bike,dune_bayes,2424,mean,311.9848892211914,319.49070739746094,327.6033340454102
bike,dune_bayes,2425,mean,312.4800506591797,319.9986572265625,328.0807403564453
bike,dune_bayes,2426,mean,201.0576370239258,207.02396392822266,213.0597312927246
bike,dune_bayes,2427,mean,217.89551391601563,222.76251983642578,227.91659851074218
bike,dune_bayes,2428,mean,231.91220932006837,237.58016204833984,243.58180541992186
bike,dune_bayes,2429,mean,231.15248641967773,237.24476623535156,243.0920181274414
bike,dune_bayes,2430,mean,210.97529983520508,216.7575454711914,222.70016174316407
bike,dune_bayes,2431,mean,326.3871841430664,334.27862548828125,342.8087921142578
bike,dune_bayes,2432,mean,216.26146087646484,222.1466522216797,228.00380630493163
bike,dune_bayes,2433,mean,198.4425132751465,205.2767562866211,212.32491760253907
bike,dune_bayes,2434,mean,219.51050415039063,226.32041931152344,232.96051483154298
bike,dune_bayes,2435,mean,157.38594970703124,164.32694244384766,171.34392547607422
bike,dune_bayes,2436,mean,195.65440673828124,201.11691284179688,206.34465942382812
bike,dune_bayes,2437,mean,166.8434310913086,172.1355438232422,177.46881408691405
bike,dune_bayes,2438,mean,257.0640411376953,263.2760772705078,270.23746185302736
bike,dune_bayes,2439,mean,294.17005920410156,301.2148742675781,309.5818145751953
bike,dune_bayes,2440,mean,207.87821884155272,212.9827880859375,218.3464714050293
bike,dune_bayes,2441,mean,197.70261764526367,202.62779235839844,207.6946678161621
bike,dune_bayes,2442,mean,173.77382278442383,179.5075225830078,185.1221839904785
bike,dune_bayes,2443,mean,249.58943252563478,255.8597412109375,262.17576599121094
bike,dune_bayes,2444,mean,227.34886932373047,232.7950439453125,237.92048110961915
bike,dune_bayes,2445,mean,226.91913070678712,232.0882110595703,237.41228790283202
bike,dune_bayes,2446,mean,267.4028564453125,273.72523498535156,281.15733337402344
bike,dune_bayes,2447,mean,288.05153198242186,295.151611328125,303.5663467407227
bike,dune_bayes,2448,mean,291.7438262939453,298.7587890625,307.2398651123047
bike,dune_bayes,2449,mean,260.3615264892578,266.5195770263672,273.5761245727539
bike,dune_bayes,2450,mean,151.25014038085936,157.16680908203125,162.95480194091795
bike,dune_bayes,2451,mean,141.60112991333008,148.01792907714844,153.53427200317384
bike,dune_bayes,2452,mean,179.8878402709961,185.07569122314453,190.2507423400879
bike,dune_bayes,2453,mean,264.7883544921875,271.08851623535156,278.27232971191404
bike,dune_bayes,2454,mean,210.42522506713868,215.60443878173828,220.34635467529296
bike,dune_bayes,2455,mean,186.5466339111328,191.9041976928711,197.02286758422852
bike,dune_bayes,2456,mean,130.41322708129883,136.4713592529297,142.7763412475586
bike,dune_bayes,2457,mean,283.1200286865234,289.90185546875,298.1558242797852
bike,dune_bayes,2458,mean,195.8080062866211,201.5832061767578,207.17886276245116
bike,dune_bayes,2459,mean,187.18459091186523,192.52593231201172,198.07090225219727
bike,dune_bayes,2460,mean,168.110684967041,173.70624542236328,179.09028396606445
bike,dune_bayes,2461,mean,167.16541290283203,172.9882049560547,178.99818420410156
bike,dune_bayes,2462,mean,303.3597106933594,310.85662841796875,319.2733978271484
bike,dune_bayes,2463,mean,304.75899505615234,312.0585174560547,320.86492614746095
bike,dune_bayes,2464,mean,168.4402976989746,173.78406524658203,179.16856689453124
bike,dune_bayes,2465,mean,265.4843551635742,271.3990783691406,278.547119140625
bike,dune_bayes,2466,mean,305.8639373779297,313.2364959716797,321.9713104248047
bike,dune_bayes,2467,mean,213.2902618408203,218.25933837890625,223.4411361694336
bike,dune_bayes,2468,mean,259.27532653808595,265.55206298828125,271.98665313720704
bike,dune_bayes,2469,mean,336.7813293457031,345.05384826660156,353.70947265625
bike,dune_bayes,2470,mean,341.2115478515625,349.65223693847656,358.2887878417969
bike,dune_bayes,2471,mean,336.1149597167969,344.5064239501953,353.20252227783203
bike,dune_bayes,2472,mean,336.4368041992187,344.7555236816406,353.63368835449216
bike,dune_bayes,2473,mean,311.988346862793,319.8817443847656,328.5265411376953
bike,dune_bayes,2474,mean,313.83640747070314,321.8570098876953,330.61467895507815
bike,dune_bayes,2475,mean,334.2904479980469,342.3868713378906,351.19174041748045
bike,dune_bayes,2476,mean,264.9788131713867,271.0491027832031,278.0978530883789
bike,dune_bayes,2477,mean,253.69611129760742,259.66041564941406,266.21849365234374
bike,dune_bayes,2478,mean,225.4158187866211,231.79141235351562,237.99854888916016
bike,dune_bayes,2479,mean,212.99978408813476,219.22856903076172,225.5192413330078
bike,dune_bayes,2480,mean,322.786393737793,330.5106201171875,339.3961410522461
bike,dune_bayes,2481,mean,319.74463806152346,327.2333068847656,335.9100372314453
bike,dune_bayes,2482,mean,303.0558792114258,310.39349365234375,318.52724304199216
bike,dune_bayes,2483,mean,274.5670333862305,280.85276794433594,287.7176742553711
bike,dune_bayes,2484,mean,238.34238510131837,244.2641143798828,250.80918731689454
bike,dune_bayes,2485,mean,186.1817413330078,192.91500854492188,199.52947540283202
bike,dune_bayes,2486,mean,193.87152023315429,200.90282440185547,207.4882095336914
bike,dune_bayes,2487,mean,193.6618392944336,200.5728988647461,207.1730644226074
bike,dune_bayes,2488,mean,211.6616439819336,219.42250061035156,225.8702651977539
bike,dune_bayes,2489,mean,198.73651962280275,205.89599609375,212.71482315063477
bike,dune_bayes,2490,mean,214.9063575744629,221.8192901611328,228.71371994018554
bike,dune_bayes,2491,mean,198.27464141845704,205.4244613647461,212.64266510009764
bike,dune_bayes,2492,mean,199.78801345825195,206.1920166015625,212.9427505493164
bike,dune_bayes,2493,mean,316.8720367431641,324.3526306152344,333.3183288574219
bike,dune_bayes,2494,mean,323.3878433227539,331.44044494628906,340.6063018798828
bike,dune_bayes,2495,mean,321.6978454589844,329.7154846191406,338.9458099365234
bike,dune_bayes,2496,mean,321.67924041748046,329.59593200683594,338.7818969726562
bike,dune_bayes,2497,mean,266.2333679199219,272.4492645263672,279.36622467041013
bike,dune_bayes,2498,mean,266.4528060913086,272.59849548339844,279.4820068359375
bike,dune_bayes,2499,mean,235.8371696472168,241.38125610351562,246.9615905761719
bike,dune_bayes,2500,mean,246.71380004882812,252.461181640625,258.56146545410155
bike,dune_bayes,2501,mean,296.41137847900393,303.51519775390625,311.49015350341796
bike,dune_bayes,2502,mean,226.2453758239746,231.83429718017578,237.76047134399414
bike,dune_bayes,2503,mean,193.65301589965821,199.53219604492188,205.41720809936524
bike,dune_bayes,2504,mean,161.42068328857422,167.8769760131836,174.36857833862305
bike,dune_bayes,2505,mean,262.21840209960936,268.1382598876953,274.8794403076172
bike,dune_bayes,2506,mean,282.94554138183594,289.7816162109375,297.6554183959961
bike,dune_bayes,2507,mean,315.1015884399414,322.86004638671875,331.5130905151367
bike,dune_bayes,2508,mean,298.0370895385742,305.4232940673828,313.7801055908203
bike,dune_bayes,2509,mean,246.83148422241212,253.1857681274414,260.04860229492186
bike,dune_bayes,2510,mean,194.05211868286133,199.26787567138672,204.63160858154296
bike,dune_bayes,2511,mean,195.08718338012696,200.3069305419922,205.36266326904297
bike,dune_bayes,2512,mean,222.05374145507812,227.06725311279297,232.65726470947266
bike,dune_bayes,2513,mean,312.6359664916992,320.53306579589844,329.04123840332034
bike,dune_bayes,2514,mean,312.6359664916992,320.53306579589844,329.04123840332034
bike,dune_bayes,2515,mean,285.5200592041016,292.7169647216797,300.6551940917969
bike,dune_bayes,2516,mean,257.0640411376953,263.2760772705078,270.23746185302736
bike,dune_bayes,2517,mean,203.67920455932617,208.70657348632812,214.2644401550293
bike,dune_bayes,2518,mean,220.29492568969727,225.68775939941406,231.26067657470702
bike,dune_bayes,2519,mean,251.7360382080078,258.17738342285156,264.6979125976562
bike,dune_bayes,2520,mean,266.7367477416992,273.67889404296875,281.0020690917969
bike,dune_bayes,2521,mean,280.3281936645508,287.3453369140625,295.09045257568357
bike,dune_bayes,2522,mean,272.53497619628905,279.390380859375,286.4914154052734
bike,dune_bayes,2523,mean,195.67473373413085,201.1787109375,206.81024093627929
bike,dune_bayes,2524,mean,178.84642639160157,184.47452545166016,189.8715408325195
bike,dune_bayes,2525,mean,178.84642639160157,184.47452545166016,189.8715408325195
bike,dune_bayes,2526,mean,159.97847366333008,165.80968475341797,171.6697685241699
bike,dune_bayes,2527,mean,226.2453758239746,231.83429718017578,237.76047134399414
bike,dune_bayes,2528,mean,273.5940338134766,280.12451171875,287.18178405761716
bike,dune_bayes,2529,mean,228.72254943847656,235.71526336669922,242.6331428527832
bike,dune_bayes,2530,mean,202.0009536743164,209.23087310791016,216.40189514160156
bike,dune_bayes,2531,mean,249.5945556640625,256.5976104736328,263.37989349365233
bike,dune_bayes,2532,mean,217.73329315185546,224.8270263671875,231.87191848754884
bike,dune_bayes,2533,mean,332.9490600585938,340.8479766845703,349.02882537841793
bike,dune_bayes,2534,mean,261.49261779785155,268.4664764404297,275.2070770263672
bike,dune_bayes,2535,mean,280.7898941040039,287.4209289550781,294.6563415527344
bike,dune_bayes,2536,mean,308.11171875,315.8539581298828,323.8098846435547
bike,dune_bayes,2537,mean,337.56434936523436,345.98802185058594,354.74757080078126
bike,dune_bayes,2538,mean,295.7723358154297,302.9768829345703,310.48951568603513
bike,dune_bayes,2539,mean,241.63102340698242,247.9266128540039,254.28095016479492
bike,dune_bayes,2540,mean,200.7681655883789,208.1292266845703,215.06786575317383
bike,dune_bayes,2541,mean,202.50790100097657,209.33544921875,216.41737899780273
bike,dune_bayes,2542,mean,240.08063507080078,246.0344009399414,252.29817428588865
bike,dune_bayes,2543,mean,315.5990280151367,323.6377410888672,332.10408172607424
bike,dune_bayes,2544,mean,328.53150939941406,336.7877960205078,345.4418548583984
bike,dune_bayes,2545,mean,301.4351776123047,309.08750915527344,317.37008819580075
bike,dune_bayes,2546,mean,285.26744384765624,292.46563720703125,300.5832214355469
bike,dune_bayes,2547,mean,228.60390396118163,234.50067901611328,240.69639892578124
bike,dune_bayes,2548,mean,313.2423782348633,321.0749816894531,329.4159973144531
bike,dune_bayes,2549,mean,334.67269439697264,343.0536651611328,351.92255859375
bike,dune_bayes,2550,mean,334.46337127685547,342.694580078125,351.51795501708983
bike,dune_bayes,2551,mean,309.12655487060545,316.9830017089844,325.36566772460935
bike,dune_bayes,2552,mean,288.26510467529295,295.6278991699219,303.07063446044924
bike,dune_bayes,2553,mean,277.29351806640625,284.1048889160156,291.56189422607423
bike,dune_bayes,2554,mean,268.46710510253905,274.72100830078125,281.7614974975586
bike,dune_bayes,2555,mean,244.38816299438477,250.70475006103516,257.50988006591797
bike,dune_bayes,2556,mean,242.83448028564453,249.04308319091797,255.65770111083984
bike,dune_bayes,2557,mean,331.8176605224609,339.8633270263672,348.7053970336914
bike,dune_bayes,2558,mean,323.3489044189453,331.215576171875,340.3735641479492
bike,dune_bayes,2559,mean,314.92543334960936,322.7482147216797,331.7046646118164
bike,dune_bayes,2560,mean,228.21046981811523,234.39209747314453,239.98754425048827
bike,dune_bayes,2561,mean,266.22838439941404,272.95762634277344,280.1859298706055
bike,dune_bayes,2562,mean,319.6004974365234,327.4851379394531,336.8413650512695
bike,dune_bayes,2563,mean,263.8569869995117,270.3475799560547,277.66490325927737
bike,dune_bayes,2564,mean,281.77210388183596,288.44288635253906,296.6427505493164
bike,dune_bayes,2565,mean,265.7602310180664,272.3500213623047,279.53819427490237
bike,dune_bayes,2566,mean,284.87383422851565,291.63702392578125,299.5182159423828
bike,dune_bayes,2567,mean,299.34761810302734,306.33338928222656,314.91687774658203
bike,dune_bayes,2568,mean,326.25408630371095,334.12550354003906,342.8481216430664
bike,dune_bayes,2569,mean,329.5204620361328,337.7147521972656,346.36610107421876
bike,dune_bayes,2570,mean,340.38053436279296,348.6842498779297,357.3699249267578
bike,dune_bayes,2571,mean,311.68531341552733,319.26922607421875,327.8212982177734
bike,dune_bayes,2572,mean,281.9258102416992,288.86216735839844,296.4630493164062
bike,dune_bayes,2573,mean,245.70027847290038,251.28919982910156,257.2045394897461
bike,dune_bayes,2574,mean,343.0305603027344,351.1769104003906,359.8295654296875
bike,dune_bayes,2575,mean,337.39141845703125,345.8052062988281,354.22020568847654
bike,dune_bayes,2576,mean,297.18406829833987,304.6323547363281,312.4049957275391
bike,dune_bayes,2577,mean,302.00084228515624,309.4436950683594,317.49242401123047
bike,dune_bayes,2578,mean,296.3576950073242,303.84510803222656,311.60614624023435
bike,dune_bayes,2579,mean,290.72991333007815,297.80548095703125,305.1067489624023
bike,dune_bayes,2580,mean,341.4077407836914,349.7459259033203,357.99177703857424
bike,dune_bayes,2581,mean,195.32296981811524,202.3521728515625,209.53439788818358
bike,dune_bayes,2582,mean,337.3608932495117,345.7821960449219,354.59020843505857
bike,dune_bayes,2583,mean,235.12959060668945,242.0509796142578,248.60394897460938
bike,dune_bayes,2584,mean,332.1042770385742,340.21824645996094,348.8348663330078
bike,dune_bayes,2585,mean,332.5032363891602,340.6769104003906,349.3932708740234
bike,dune_bayes,2586,mean,337.54068145751955,346.00770568847656,354.6981597900391
bike,dune_bayes,2587,mean,291.6456665039062,298.90626525878906,306.67494201660156
bike,dune_bayes,2588,mean,338.93297882080077,347.3121337890625,355.8430419921875
bike,dune_bayes,2589,mean,334.9616165161133,343.3193664550781,351.59188079833984
bike,dune_bayes,2590,mean,315.60059356689453,323.40171813964844,331.8839569091797
bike,dune_bayes,2591,mean,296.3576950073242,303.84510803222656,311.60614624023435
bike,dune_bayes,2592,mean,275.72720489501955,282.6041259765625,289.9913558959961
bike,dune_bayes,2593,mean,308.11171875,315.8539581298828,323.8098846435547
bike,dune_bayes,2594,mean,341.1059143066406,349.41993713378906,357.79163513183596
bike,dune_bayes,2595,mean,336.3698028564453,344.5016632080078,353.16612854003904
bike,dune_bayes,2596,mean,292.82752380371096,299.98646545410156,307.59090728759764
bike,dune_bayes,2597,mean,293.113818359375,300.45729064941406,308.46850128173827
bike,dune_bayes,2598,mean,309.7019378662109,317.0636749267578,325.27620391845704
bike,dune_bayes,2599,mean,335.8903869628906,344.103271484375,352.7897552490234
bike,dune_bayes,2600,mean,325.98632965087893,333.47642517089844,341.9505645751953
bike,dune_bayes,2601,mean,293.1629974365234,300.17706298828125,307.7209243774414
bike,dune_bayes,2602,mean,295.9133499145508,303.0865478515625,310.92757110595704
bike,dune_bayes,2603,mean,297.7170669555664,304.7995300292969,312.67223968505857
bike,dune_bayes,2604,mean,275.72720489501955,282.6041259765625,289.9913558959961
bike,dune_bayes,2605,mean,313.4870330810547,320.85435485839844,328.87220001220703
bike,dune_bayes,2606,mean,337.56434936523436,345.98802185058594,354.74757080078126
bike,dune_bayes,2607,mean,337.44675903320314,345.50140380859375,353.74161529541016
bike,dune_bayes,2608,mean,327.332568359375,335.1170196533203,343.6897964477539
bike,dune_bayes,2609,mean,287.7076354980469,294.3836669921875,301.7369110107422
bike,dune_bayes,2610,mean,295.4527252197266,302.7582244873047,310.1850555419922
bike,dune_bayes,2611,mean,250.98376846313477,257.6816101074219,264.6401824951172
bike,dune_bayes,2612,mean,260.69135131835935,267.23121643066406,273.92025299072264
bike,dune_bayes,2613,mean,311.0284591674805,318.6166687011719,326.77643737792965
bike,dune_bayes,2614,mean,328.7083679199219,336.55690002441406,344.87857208251955
bike,dune_bayes,2615,mean,341.67937622070315,350.2286682128906,358.90123443603517
bike,dune_bayes,2616,mean,340.92833557128904,349.31903076171875,357.88682861328124
bike,dune_bayes,2617,mean,335.61715240478514,343.75872802734375,352.0469604492188
bike,dune_bayes,2618,mean,262.92699737548827,269.4727783203125,276.50658721923827
bike,dune_bayes,2619,mean,239.18499603271485,245.86075592041016,252.7924377441406
bike,dune_bayes,2620,mean,262.516650390625,269.18760681152344,276.2118927001953
bike,dune_bayes,2621,mean,287.288232421875,293.71533203125,301.39531860351565
bike,dune_bayes,2622,mean,336.0574676513672,344.3282165527344,353.1983184814453
bike,dune_bayes,2623,mean,271.3914138793945,278.74220275878906,286.02591400146486
bike,dune_bayes,2624,mean,266.22569274902344,272.63352966308594,279.8200912475586
bike,dune_bayes,2625,mean,246.8914321899414,253.92395782470703,260.6916870117187
bike,dune_bayes,2626,mean,210.91745529174804,217.44630432128906,224.0216407775879
bike,dune_bayes,2627,mean,211.18711471557617,217.69468688964844,224.3921691894531
bike,dune_bayes,2628,mean,288.7057250976562,295.70611572265625,303.10731811523436
bike,dune_bayes,2629,mean,304.8197357177734,312.4111022949219,320.50883331298826
bike,dune_bayes,2630,mean,287.83577423095704,294.8372802734375,302.29040985107423
bike,dune_bayes,2631,mean,219.9500946044922,226.97660064697266,233.88336944580078
bike,dune_bayes,2632,mean,234.2612747192383,240.94906616210938,247.46692276000977
bike,dune_bayes,2633,mean,274.03284454345703,280.42303466796875,287.2858749389648
bike,dune_bayes,2634,mean,313.9310699462891,321.5769500732422,329.9379852294922
bike,dune_bayes,2635,mean,306.33296356201174,313.73321533203125,321.70184326171875
bike,dune_bayes,2636,mean,197.91277694702148,204.67151641845703,211.5843780517578
bike,dune_bayes,2637,mean,321.89556884765625,329.9032897949219,338.4866180419922
bike,dune_bayes,2638,mean,332.04405364990237,340.3625030517578,348.644677734375
bike,dune_bayes,2639,mean,296.3576950073242,303.84510803222656,311.60614624023435
bike,dune_bayes,2640,mean,274.9159133911133,281.17063903808594,287.9497360229492
bike,dune_bayes,2641,mean,255.69845886230468,262.1127624511719,268.5217514038086
bike,dune_bayes,2642,mean,251.6063606262207,257.5745544433594,263.9637741088867
bike,dune_bayes,2643,mean,325.2096969604492,333.171875,341.69655151367186
bike,dune_bayes,2644,mean,328.15044860839845,336.2793884277344,344.575732421875
bike,dune_bayes,2645,mean,281.4492156982422,288.654052734375,296.06453704833984
bike,dune_bayes,2646,mean,300.56425018310546,308.21922302246094,316.08877716064455
bike,dune_bayes,2647,mean,327.7025680541992,335.6185302734375,344.2006561279297
bike,dune_bayes,2648,mean,303.8771179199219,311.2972869873047,319.46937255859376
bike,dune_bayes,2649,mean,211.2625274658203,218.0024642944336,224.601065826416
bike,dune_bayes,2650,mean,256.8600189208984,263.49034118652344,270.430126953125
bike,dune_bayes,2651,mean,269.97469635009764,276.674072265625,283.929866027832
bike,dune_bayes,2652,mean,204.64483184814452,212.01084899902344,219.5750633239746
bike,dune_bayes,2653,mean,260.28101043701173,266.8615417480469,273.847216796875
bike,dune_bayes,2654,mean,312.35475769042966,320.05799865722656,328.35180206298827
bike,dune_bayes,2655,mean,332.52710876464846,340.3950500488281,349.1665344238281
bike,dune_bayes,2656,mean,228.00370025634766,235.10958862304688,242.4153335571289
bike,dune_bayes,2657,mean,227.26426162719727,234.41378021240234,241.6721160888672
bike,dune_bayes,2658,mean,220.81831130981445,227.6953582763672,234.35870056152342
bike,dune_bayes,2659,mean,283.9609710693359,291.3872985839844,298.79835815429686
bike,dune_bayes,2660,mean,318.44842529296875,325.9457702636719,334.1609741210938
bike,dune_bayes,2661,mean,275.43214263916013,282.2047119140625,289.07885894775393
bike,dune_bayes,2662,mean,246.43946990966796,253.2147979736328,259.8491455078125
bike,dune_bayes,2663,mean,338.35430908203125,346.6153259277344,354.82069396972656
bike,dune_bayes,2664,mean,335.75079650878905,344.1046142578125,352.3783386230469
bike,dune_bayes,2665,mean,260.14757232666017,266.5181579589844,273.2942153930664
bike,dune_bayes,2666,mean,275.2130294799805,282.0182647705078,288.948095703125
bike,dune_bayes,2667,mean,335.1360488891602,342.9745330810547,351.28917541503904
bike,dune_bayes,2668,mean,259.6058349609375,266.10382080078125,272.6312622070312
bike,dune_bayes,2669,mean,246.5154815673828,253.35537719726562,259.96725311279295
bike,dune_bayes,2670,mean,256.89855041503904,263.15525817871094,269.8411071777344
bike,dune_bayes,2671,mean,284.08426361083986,290.59690856933594,297.92513885498045
bike,dune_bayes,2672,mean,315.13487396240237,323.1369934082031,331.38519287109375
bike,dune_bayes,2673,mean,321.84723205566405,329.3303527832031,337.72520446777344
bike,dune_bayes,2674,mean,204.14324417114258,211.36988830566406,218.22809524536132
bike,dune_bayes,2675,mean,202.79757080078124,209.86455535888672,216.70902786254882
bike,dune_bayes,2676,mean,203.4325149536133,210.39366912841797,217.24348373413085
bike,dune_bayes,2677,mean,219.13171920776367,226.512939453125,233.48159790039062
bike,dune_bayes,2678,mean,219.53495712280272,226.7692413330078,233.19581909179686
bike,dune_bayes,2679,mean,206.1934341430664,213.30545043945312,219.84245071411132
bike,dune_bayes,2680,mean,200.11219635009766,207.26192474365234,213.84100341796875
bike,dune_bayes,2681,mean,197.4653518676758,204.2267303466797,210.81298446655273
bike,dune_bayes,2682,mean,176.92328948974608,183.80970764160156,190.08894958496091
bike,dune_bayes,2683,mean,183.05423431396486,189.84530639648438,196.6977653503418
bike,dune_bayes,2684,mean,198.07155532836913,205.3185577392578,212.63073272705077
bike,dune_bayes,2685,mean,218.0157844543457,224.99732208251953,232.0818923950195
bike,dune_bayes,2686,mean,241.55248565673827,248.43817138671875,255.2124366760254
bike,dune_bayes,2687,mean,273.5940338134766,280.12451171875,287.18178405761716
bike,dune_bayes,2688,mean,271.27638549804686,277.51158142089844,284.35899810791017
bike,dune_bayes,2689,mean,221.66102828979493,228.27564239501953,234.8746955871582
bike,dune_bayes,2690,mean,210.91745529174804,217.44630432128906,224.0216407775879
bike,dune_bayes,2691,mean,302.1591232299805,309.83355712890625,317.78907623291013
bike,dune_bayes,2692,mean,295.8741027832031,303.06317138671875,310.2787689208984
bike,dune_bayes,2693,mean,303.5955291748047,310.97161865234375,318.9060974121094
bike,dune_bayes,2694,mean,260.5094696044922,266.9422302246094,273.5943298339844
bike,dune_bayes,2695,mean,260.8918914794922,267.4247131347656,274.47239379882814
bike,dune_bayes,2696,mean,261.05972442626955,267.79466247558594,274.77691650390625
bike,dune_bayes,2697,mean,278.86607360839844,285.3936462402344,292.15931243896483
bike,dune_bayes,2698,mean,247.70140991210937,253.80274963378906,260.14315032958984
bike,dune_bayes,2699,mean,332.52107696533204,340.7876281738281,349.1941116333008
bike,dune_bayes,2700,mean,330.0394226074219,338.1187286376953,346.7361358642578
bike,dune_bayes,2701,mean,226.70337371826173,232.8137435913086,239.12296371459962
bike,dune_bayes,2702,mean,236.22852172851563,242.51073455810547,249.2939712524414
bike,dune_bayes,2703,mean,306.98932189941405,314.1031494140625,321.9237976074219
bike,dune_bayes,2704,mean,330.41904296875,338.29820251464844,346.6525543212891
bike,dune_bayes,2705,mean,246.5154815673828,253.35537719726562,259.96725311279295
bike,dune_bayes,2706,mean,247.73937759399413,254.24617767333984,261.1610046386719
bike,dune_bayes,2707,mean,262.4529693603516,269.0545959472656,275.6291870117187
bike,dune_bayes,2708,mean,317.03675689697263,324.5389862060547,332.8198516845703
bike,dune_bayes,2709,mean,318.85787506103514,326.25038146972656,334.4856384277344
bike,dune_bayes,2710,mean,327.332568359375,335.1170196533203,343.6897964477539
bike,dune_bayes,2711,mean,261.49261779785155,268.4664764404297,275.2070770263672
bike,dune_bayes,2712,mean,267.7070281982422,274.0108184814453,281.33309173583984
bike,dune_bayes,2713,mean,223.27775115966796,230.02587890625,237.34649887084962
bike,dune_bayes,2714,mean,244.172509765625,250.90369415283203,257.5971343994141
bike,dune_bayes,2715,mean,322.97975769042966,330.8525390625,339.2512924194336
bike,dune_bayes,2716,mean,318.6048645019531,326.56591796875,335.18401489257815
bike,dune_bayes,2717,mean,208.39060134887694,215.56978607177734,222.42475280761718
bike,dune_bayes,2718,mean,266.0078689575195,273.1300048828125,280.33653717041017
bike,dune_bayes,2719,mean,314.62424926757814,323.02027893066406,331.32259674072264
bike,dune_bayes,2720,mean,233.29462280273438,240.23765563964844,247.1173988342285
bike,dune_bayes,2721,mean,209.2271812438965,216.27082061767578,223.10076217651365
bike,dune_bayes,2722,mean,292.93141174316406,300.16102600097656,307.6156295776367
bike,dune_bayes,2723,mean,309.59422912597654,316.829833984375,324.92002258300784
bike,dune_bayes,2724,mean,210.11531448364258,216.80419921875,223.3211898803711
bike,dune_bayes,2725,mean,210.11531448364258,216.80419921875,223.3211898803711
bike,dune_bayes,2726,mean,204.92047119140625,211.46180725097656,217.90751113891602
bike,dune_bayes,2727,mean,212.99978408813476,219.22856903076172,225.5192413330078
bike,dune_bayes,2728,mean,256.3519058227539,262.821044921875,269.3079437255859
bike,dune_bayes,2729,mean,246.5154815673828,253.35537719726562,259.96725311279295
bike,dune_bayes,2730,mean,210.11531448364258,216.80419921875,223.3211898803711
bike,dune_bayes,2731,mean,209.2271812438965,216.27082061767578,223.10076217651365
bike,dune_bayes,2732,mean,293.770768737793,301.31300354003906,309.0401947021484
bike,dune_bayes,2733,mean,316.023828125,323.63134765625,332.1066864013672
bike,dune_bayes,2734,mean,235.52371673583986,242.0123748779297,248.55378265380858
bike,dune_bayes,2735,mean,234.2612747192383,240.94906616210938,247.46692276000977
bike,dune_bayes,2736,mean,259.779931640625,266.2266387939453,272.82423706054686
bike,dune_bayes,2737,mean,313.4863845825195,320.7432403564453,328.8189331054688
bike,dune_bayes,2738,mean,263.73450469970703,270.2486572265625,277.0033325195312
bike,dune_bayes,2739,mean,254.73183212280273,261.2225036621094,268.23406372070315
bike,dune_bayes,2740,mean,229.95172882080078,236.93216705322266,243.92464981079098
bike,dune_bayes,2741,mean,325.1835083007812,333.3885803222656,341.75694885253904
bike,dune_bayes,2742,mean,284.34521484375,290.7920684814453,298.0027740478516
bike,dune_bayes,2743,mean,249.00901565551757,255.4117660522461,262.2722137451172
bike,dune_bayes,2744,mean,262.13694763183594,268.4555358886719,275.7001480102539
bike,dune_bayes,2745,mean,238.23432083129882,245.0969009399414,251.66440124511718
bike,dune_bayes,2746,mean,224.18874282836913,231.2440948486328,238.2753952026367
bike,dune_bayes,2747,mean,251.41885223388672,257.9425964355469,264.8341079711914
bike,dune_bayes,2748,mean,263.0219467163086,269.5513000488281,276.2856018066406
bike,dune_bayes,2749,mean,315.1478271484375,323.0751037597656,331.35863037109374
bike,dune_bayes,2750,mean,263.4452529907227,269.91998291015625,276.52865447998045
bike,dune_bayes,2751,mean,234.58345413208008,241.29534912109375,247.6835159301758
bike,dune_bayes,2752,mean,234.58345413208008,241.29534912109375,247.6835159301758
bike,dune_bayes,2753,mean,262.4529693603516,269.0545959472656,275.6291870117187
bike,dune_bayes,2754,mean,295.2446884155273,302.51451110839844,310.05741729736326
bike,dune_bayes,2755,mean,264.3232162475586,270.9947814941406,278.02051849365233
bike,dune_bayes,2756,mean,227.92981567382813,235.0123519897461,242.14878463745117
bike,dune_bayes,2757,mean,227.92981567382813,235.0123519897461,242.14878463745117
bike,dune_bayes,2758,mean,208.07260284423828,215.26934814453125,222.30391540527341
bike,dune_bayes,2759,mean,296.5703552246094,303.8909454345703,311.1982162475586
bike,dune_bayes,2760,mean,260.69135131835935,267.23121643066406,273.92025299072264
bike,dune_bayes,2761,mean,237.99368896484376,244.7363739013672,251.50946731567382
bike,dune_bayes,2762,mean,246.93936004638672,253.58441162109375,260.31777038574216
bike,dune_bayes,2763,mean,225.28545379638672,232.24695587158203,239.1324966430664
bike,dune_bayes,2764,mean,214.81973266601562,221.64681243896484,228.61572799682617
bike,dune_bayes,2765,mean,338.27001953125,346.5652770996094,354.8998733520508
bike,dune_bayes,2766,mean,295.7723358154297,302.9768829345703,310.48951568603513
bike,dune_bayes,2767,mean,238.04203186035156,243.99454498291016,250.3703659057617
bike,dune_bayes,2768,mean,235.08401260375976,241.59812927246094,248.20224151611328
bike,dune_bayes,2769,mean,202.89214019775392,209.96951293945312,216.6893928527832
bike,dune_bayes,2770,mean,261.65032653808595,268.6169891357422,275.5128829956055
bike,dune_bayes,2771,mean,285.3024307250977,292.0411071777344,299.1561645507812
bike,dune_bayes,2772,mean,239.92982711791993,246.5699920654297,253.50158538818357
bike,dune_bayes,2773,mean,224.0101005554199,230.19330596923828,236.79492645263673
bike,dune_bayes,2774,mean,196.76692276000978,203.2416229248047,209.95596466064453
bike,dune_bayes,2775,mean,263.9342636108398,270.4219055175781,277.29109649658204
bike,dune_bayes,2776,mean,281.60365142822263,288.1261444091797,295.5266967773438
bike,dune_bayes,2777,mean,200.59304962158203,207.80899810791016,215.25881423950196
bike,dune_bayes,2778,mean,204.17059173583985,210.49213409423828,217.11695556640623
bike,dune_bayes,2779,mean,228.89116744995118,234.85226440429688,240.97124710083008
bike,dune_bayes,2780,mean,239.08592147827147,244.75032806396484,250.77172775268554
bike,dune_bayes,2781,mean,271.938703918457,278.772705078125,285.78251495361326
bike,dune_bayes,2782,mean,299.89439544677737,307.55389404296875,315.7361434936523
bike,dune_bayes,2783,mean,289.53837432861326,296.7801513671875,304.90312347412106
bike,dune_bayes,2784,mean,257.5683227539063,264.27809143066406,271.0005874633789
bike,dune_bayes,2785,mean,246.57093887329103,252.37351989746094,258.38648986816406
bike,dune_bayes,2786,mean,231.43883819580077,237.2823944091797,243.34065170288085
bike,dune_bayes,2787,mean,271.570085144043,277.7601013183594,284.7578430175781
bike,dune_bayes,2788,mean,235.70893325805665,242.2807846069336,249.01791687011718
bike,dune_bayes,2789,mean,215.77299423217772,222.6271514892578,229.4309455871582
bike,dune_bayes,2790,mean,205.8717933654785,212.2509307861328,219.0415496826172
bike,dune_bayes,2791,mean,210.11531448364258,216.80419921875,223.3211898803711
bike,dune_bayes,2792,mean,233.29462280273438,240.23765563964844,247.1173988342285
bike,dune_bayes,2793,mean,224.9786117553711,232.0814208984375,238.91983337402343
bike,dune_bayes,2794,mean,274.9145568847656,281.2913360595703,288.31749725341797
bike,dune_bayes,2795,mean,237.71714401245117,243.71092224121094,250.25319061279296
bike,dune_bayes,2796,mean,306.33296356201174,313.73321533203125,321.70184326171875
bike,dune_bayes,2797,mean,298.50719451904297,305.7507781982422,313.5709533691406
bike,dune_bayes,2798,mean,266.7347717285156,272.90782165527344,279.9595260620117
bike,dune_bayes,2799,mean,232.80232620239258,238.5443344116211,244.93708190917968
bike,dune_bayes,2800,mean,332.04405364990237,340.3625030517578,348.644677734375
bike,dune_bayes,2801,mean,331.34251098632814,339.3898010253906,347.9158966064453
bike,dune_bayes,2802,mean,316.5421417236328,324.32557678222656,332.9460739135742
bike,dune_bayes,2803,mean,241.42993621826173,247.0499496459961,253.01063537597656
bike,dune_bayes,2804,mean,207.0461166381836,213.0529022216797,219.45252151489257
bike,dune_bayes,2805,mean,323.8055908203125,331.80743408203125,340.3994079589844
bike,dune_bayes,2806,mean,336.24488525390626,344.55116271972656,353.3177795410156
bike,dune_bayes,2807,mean,211.18711471557617,217.69468688964844,224.3921691894531
bike,dune_bayes,2808,mean,184.45319747924805,191.68191528320312,198.89177627563475
bike,dune_bayes,2809,mean,190.36352157592773,197.07501983642578,203.51243362426757
bike,dune_bayes,2810,mean,245.54477233886718,251.53018188476562,258.0968048095703
bike,dune_bayes,2811,mean,288.9152008056641,296.28369140625,304.4917388916015
bike,dune_bayes,2812,mean,318.4637954711914,326.6047058105469,335.17572631835935
bike,dune_bayes,2813,mean,319.32653656005857,327.1664733886719,335.56747589111325
bike,dune_bayes,2814,mean,318.91062927246094,326.8467559814453,335.40711669921876
bike,dune_bayes,2815,mean,263.73546600341797,270.2833251953125,277.05276641845705
bike,dune_bayes,2816,mean,228.60390396118163,234.50067901611328,240.69639892578124
bike,dune_bayes,2817,mean,202.43047943115235,209.03114318847656,215.88227005004882
bike,dune_bayes,2818,mean,191.22528686523438,197.84934997558594,204.42728652954102
bike,dune_bayes,2819,mean,246.71248092651368,252.44628143310547,258.5435256958008
bike,dune_bayes,2820,mean,274.9962097167969,281.43040466308594,288.2654769897461
bike,dune_bayes,2821,mean,200.11219635009766,207.26192474365234,213.84100341796875
bike,dune_bayes,2822,mean,191.22528686523438,197.84934997558594,204.42728652954102
bike,dune_bayes,2823,mean,176.38232345581054,182.73186492919922,188.67088623046874
bike,dune_bayes,2824,mean,176.55849609375,182.8573989868164,188.85401916503906
bike,dune_bayes,2825,mean,281.4492156982422,288.654052734375,296.06453704833984
bike,dune_bayes,2826,mean,221.28849029541016,227.8035430908203,233.7884796142578
bike,dune_bayes,2827,mean,205.77453079223633,212.28583526611328,218.31231002807615
bike,dune_bayes,2828,mean,205.77453079223633,212.28583526611328,218.31231002807615
bike,dune_bayes,2829,mean,215.33019256591797,221.65393829345703,227.3110679626465
bike,dune_bayes,2830,mean,205.77453079223633,212.28583526611328,218.31231002807615
bike,dune_bayes,2831,mean,222.1924705505371,228.2959213256836,234.26793899536133
bike,dune_bayes,2832,mean,304.6993896484375,312.01171875,320.0003067016602
bike,dune_bayes,2833,mean,309.68541717529297,317.2376251220703,325.5913055419922
bike,dune_bayes,2834,mean,198.71111221313475,205.25653076171875,211.8628707885742
bike,dune_bayes,2835,mean,320.85320434570315,328.7813262939453,337.02675170898436
bike,dune_bayes,2836,mean,311.0284591674805,318.6166687011719,326.77643737792965
bike,dune_bayes,2837,mean,292.3184844970703,299.5871124267578,307.3011001586914
bike,dune_bayes,2838,mean,309.71771850585935,317.09130859375,325.3544891357422
bike,dune_bayes,2839,mean,256.59308166503905,262.847900390625,269.60592193603514
bike,dune_bayes,2840,mean,264.55692901611326,271.2344207763672,277.8321731567383
bike,dune_bayes,2841,mean,210.4821304321289,216.8795166015625,223.63527145385743
bike,dune_bayes,2842,mean,195.55577697753907,202.55414581298828,209.8555061340332
bike,dune_bayes,2843,mean,216.95212020874024,224.13524627685547,231.06749114990234
bike,dune_bayes,2844,mean,195.32296981811524,202.3521728515625,209.53439788818358
bike,dune_bayes,2845,mean,192.3853614807129,199.28539276123047,206.09942779541015
bike,dune_bayes,2846,mean,197.91271438598633,204.7016830444336,211.3887939453125
bike,dune_bayes,2847,mean,271.7510330200195,278.7194519042969,285.57438507080076
bike,dune_bayes,2848,mean,307.3367889404297,315.01087951660156,323.0190902709961
bike,dune_bayes,2849,mean,296.43817443847655,303.68812561035156,311.08938751220705
bike,dune_bayes,2850,mean,202.89214019775392,209.96951293945312,216.6893928527832
bike,dune_bayes,2851,mean,207.57098388671875,214.39093017578125,220.9807586669922
bike,dune_bayes,2852,mean,333.43382568359374,341.51202392578125,350.0379806518555
bike,dune_bayes,2853,mean,321.0066833496094,328.89173889160156,337.50774841308595
bike,dune_bayes,2854,mean,307.4874664306641,314.9361572265625,323.2413818359375
bike,dune_bayes,2855,mean,298.24171447753906,305.42567443847656,313.3361312866211
bike,dune_bayes,2856,mean,235.54332427978517,242.08778381347656,247.99075622558593
bike,dune_bayes,2857,mean,216.84429168701172,222.64865112304688,228.37302017211914
bike,dune_bayes,2858,mean,210.72170028686523,216.42481231689453,222.22314529418944
bike,dune_bayes,2859,mean,315.76500701904297,323.6462707519531,331.9883728027344
bike,dune_bayes,2860,mean,310.1816680908203,317.9734802246094,326.169595336914
bike,dune_bayes,2861,mean,316.5421417236328,324.32557678222656,332.9460739135742
bike,dune_bayes,2862,mean,320.5466766357422,328.4549560546875,336.94269104003905
bike,dune_bayes,2863,mean,311.661865234375,319.5913543701172,327.9272857666015
bike,dune_bayes,2864,mean,221.28849029541016,227.8035430908203,233.7884796142578
bike,dune_bayes,2865,mean,318.0884246826172,326.1270446777344,334.57533264160156
bike,dune_bayes,2866,mean,197.91277694702148,204.67151641845703,211.5843780517578
bike,dune_bayes,2867,mean,198.20416946411132,204.99935913085938,211.96184005737305
bike,dune_bayes,2868,mean,197.44337615966796,204.34214782714844,211.15633850097657
bike,dune_bayes,2869,mean,248.9936096191406,256.04331970214844,262.7204193115234
bike,dune_bayes,2870,mean,272.41236114501953,279.28955078125,285.9904586791992
bike,dune_bayes,2871,mean,333.3761291503906,341.6503143310547,349.8661972045898
bike,dune_bayes,2872,mean,235.64774017333986,242.3189468383789,248.9963539123535
bike,dune_bayes,2873,mean,216.947843170166,224.31075286865234,231.38837432861328
bike,dune_bayes,2874,mean,293.3319091796875,300.4845886230469,308.10122833251955
bike,dune_bayes,2875,mean,309.1077850341797,316.88951110839844,325.1783142089844
bike,dune_bayes,2876,mean,300.04561920166014,307.51910400390625,315.6319122314453
bike,dune_bayes,2877,mean,198.85204010009767,206.4490203857422,214.10669708251953
bike,dune_bayes,2878,mean,194.1882766723633,201.95319366455078,209.85272445678712
bike,dune_bayes,2879,mean,208.11198883056642,215.8679428100586,223.05927505493165
bike,dune_bayes,2880,mean,239.74299087524415,246.53491973876953,253.44414215087892
bike,dune_bayes,2881,mean,272.3052444458008,278.4722595214844,285.6793670654297
bike,dune_bayes,2882,mean,261.8237670898437,267.9224090576172,275.06955871582034
bike,dune_bayes,2883,mean,257.8365768432617,264.1717529296875,271.13966369628906
bike,dune_bayes,2884,mean,215.19476242065429,222.2401123046875,229.7757568359375
bike,dune_bayes,2885,mean,218.9111114501953,226.13831329345703,233.33915481567382
bike,dune_bayes,2886,mean,202.79757080078124,209.86455535888672,216.70902786254882
bike,dune_bayes,2887,mean,202.0009536743164,209.23087310791016,216.40189514160156
bike,dune_bayes,2888,mean,207.67002182006837,214.7762451171875,221.72445526123045
bike,dune_bayes,2889,mean,297.4412445068359,304.64404296875,312.2101165771484
bike,dune_bayes,2890,mean,254.94374084472656,261.9608917236328,268.82249450683594
bike,dune_bayes,2891,mean,254.31194839477538,260.9278106689453,267.98083953857423
bike,dune_bayes,2892,mean,243.1061668395996,249.70703887939453,256.99826965332034
bike,dune_bayes,2893,mean,276.182878112793,282.7337951660156,289.72201080322264
bike,dune_bayes,2894,mean,294.290104675293,301.8060607910156,309.48148345947266
bike,dune_bayes,2895,mean,254.73183212280273,261.2225036621094,268.23406372070315
bike,dune_bayes,2896,mean,263.95655364990233,270.6963806152344,277.7665328979492
bike,dune_bayes,2897,mean,243.19847106933594,250.15557861328125,257.04341583251954
bike,dune_bayes,2898,mean,221.92456283569337,229.1137237548828,236.37771377563476
bike,dune_bayes,2899,mean,227.92981567382813,235.0123519897461,242.14878463745117
bike,dune_bayes,2900,mean,216.7865119934082,224.1253433227539,231.52693099975585
bike,dune_bayes,2901,mean,217.73329315185546,224.8270263671875,231.87191848754884
bike,dune_bayes,2902,mean,198.44739990234376,205.72187042236328,212.6472267150879
bike,dune_bayes,2903,mean,230.20089111328124,237.02444458007812,244.04117660522462
bike,dune_bayes,2904,mean,251.41885223388672,257.9425964355469,264.8341079711914
bike,dune_bayes,2905,mean,198.20416946411132,204.99935913085938,211.96184005737305
bike,dune_bayes,2906,mean,198.20416946411132,204.99935913085938,211.96184005737305
bike,dune_bayes,2907,mean,197.91277694702148,204.67151641845703,211.5843780517578
bike,dune_bayes,2908,mean,191.72958068847657,198.64908599853516,205.74266510009767
bike,dune_bayes,2909,mean,191.72958068847657,198.64908599853516,205.74266510009767
bike,dune_bayes,2910,mean,210.2563446044922,216.93741607666016,223.55872192382813
bike,dune_bayes,2911,mean,225.28545379638672,232.24695587158203,239.1324966430664
bike,dune_bayes,2912,mean,238.23432083129882,245.0969009399414,251.66440124511718
bike,dune_bayes,2913,mean,286.97914428710936,293.7225036621094,300.9029266357422
bike,dune_bayes,2914,mean,274.9892303466797,281.4219665527344,288.39969024658205
bike,dune_bayes,2915,mean,235.08401260375976,241.59812927246094,248.20224151611328
bike,dune_bayes,2916,mean,201.20905380249025,208.71997833251953,215.91018142700196
bike,dune_bayes,2917,mean,201.83005599975587,209.1621322631836,216.29973526000975
bike,dune_bayes,2918,mean,201.4716781616211,208.92365264892578,216.0750991821289
bike,dune_bayes,2919,mean,233.36706466674804,240.5159912109375,247.30758361816407
bike,dune_bayes,2920,mean,168.7454574584961,175.61634826660156,181.6496925354004
bike,dune_bayes,2921,mean,192.47038803100585,198.1300506591797,203.72584838867186
bike,dune_bayes,2922,mean,182.91325302124022,188.82769012451172,194.4499954223633
bike,dune_bayes,2923,mean,283.7128448486328,291.26243591308594,299.2020294189453
bike,dune_bayes,2924,mean,319.5482971191406,327.80213928222656,336.4891906738281
bike,dune_bayes,2925,mean,189.5080078125,194.46552276611328,199.57917022705078
bike,dune_bayes,2926,mean,289.7047119140625,296.58204650878906,304.6078277587891
bike,dune_bayes,2927,mean,309.7682540893555,317.3235321044922,326.3737762451172
bike,dune_bayes,2928,mean,294.3976852416992,301.4384002685547,309.9231231689453
bike,dune_bayes,2929,mean,251.49479446411132,257.45184326171875,264.0638732910156
bike,dune_bayes,2930,mean,236.48948974609374,242.09076690673828,247.89385757446288
bike,dune_bayes,2931,mean,235.01273498535156,240.96104431152344,247.13579864501952
bike,dune_bayes,2932,mean,210.6283447265625,215.7530517578125,220.44402923583985
bike,dune_bayes,2933,mean,138.80693969726562,144.46640014648438,150.4924591064453
bike,dune_bayes,2934,mean,244.48490371704102,249.99749755859375,255.76344604492186
bike,dune_bayes,2935,mean,226.3987548828125,231.3645782470703,236.49614562988282
bike,dune_bayes,2936,mean,232.03830261230468,237.01880645751953,242.68767700195312
bike,dune_bayes,2937,mean,314.52429351806643,322.4593200683594,331.1864608764648
bike,dune_bayes,2938,mean,242.1367515563965,247.39657592773438,253.24063262939453
bike,dune_bayes,2939,mean,157.56771240234374,163.63690185546875,170.05843505859374
bike,dune_bayes,2940,mean,176.4640769958496,182.4591522216797,188.38079757690429
bike,dune_bayes,2941,mean,235.50087890625,240.99951171875,246.71659240722656
bike,dune_bayes,2942,mean,194.32904663085938,199.6687240600586,205.0992057800293
bike,dune_bayes,2943,mean,169.21748962402344,176.1138916015625,182.47176971435547
bike,dune_bayes,2944,mean,283.46752777099607,290.3191833496094,297.5371368408203
bike,dune_bayes,2945,mean,293.4202026367187,300.7416229248047,308.4699905395508
bike,dune_bayes,2946,mean,256.93079376220703,262.807861328125,269.357926940918
bike,dune_bayes,2947,mean,223.77386627197265,229.66597747802734,235.96442413330078
bike,dune_bayes,2948,mean,205.43999786376952,212.00709533691406,218.3031089782715
bike,dune_bayes,2949,mean,208.26785049438476,214.20005798339844,220.37372512817382
bike,dune_bayes,2950,mean,233.5051483154297,239.6546630859375,245.99273300170898
bike,dune_bayes,2951,mean,234.46957473754884,240.88026428222656,247.26630249023438
bike,dune_bayes,2952,mean,301.99925842285154,309.68577575683594,318.2826507568359
bike,dune_bayes,2953,mean,301.3621139526367,308.7236785888672,317.2565216064453
bike,dune_bayes,2954,mean,241.7856315612793,247.78247833251953,254.2577651977539
bike,dune_bayes,2955,mean,203.39311904907225,208.8142852783203,213.91684341430664
bike,dune_bayes,2956,mean,164.40392150878907,170.31863403320312,176.23613510131835
bike,dune_bayes,2957,mean,205.00342712402343,209.94153594970703,215.0515884399414
bike,dune_bayes,2958,mean,268.55934448242186,274.9214324951172,282.22503662109375
bike,dune_bayes,2959,mean,178.03100509643554,183.36598205566406,188.74124755859376
bike,dune_bayes,2960,mean,177.39565200805663,183.1050033569336,188.74785537719725
bike,dune_bayes,2961,mean,214.45682525634766,219.42020416259766,224.86804428100587
bike,dune_bayes,2962,mean,233.07435302734376,238.79871368408203,245.24371185302735
bike,dune_bayes,2963,mean,242.53203048706055,248.30210876464844,254.58268661499022
bike,dune_bayes,2964,mean,216.5217399597168,222.29837799072266,228.13738708496095
bike,dune_bayes,2965,mean,199.96706619262696,206.56298065185547,213.00382766723632
bike,dune_bayes,2966,mean,200.15747756958007,206.9359359741211,213.56493759155273
bike,dune_bayes,2967,mean,181.13324203491212,188.51971435546875,195.00887145996091
bike,dune_bayes,2968,mean,181.13324203491212,188.51971435546875,195.00887145996091
bike,dune_bayes,2969,mean,236.5615005493164,243.96956634521484,250.94890594482422
bike,dune_bayes,2970,mean,181.55023727416992,189.86451721191406,196.04638290405273
bike,dune_bayes,2971,mean,187.18255462646485,194.0599594116211,200.5844657897949
bike,dune_bayes,2972,mean,186.77529373168946,193.5504379272461,199.90322341918943
bike,dune_bayes,2973,mean,186.47515716552735,193.20470428466797,199.7036293029785
bike,dune_bayes,2974,mean,186.77529373168946,193.5504379272461,199.90322341918943
bike,dune_bayes,2975,mean,207.1892105102539,212.70496368408203,218.09669647216796
bike,dune_bayes,2976,mean,189.71445541381837,194.9405059814453,200.2126609802246
bike,dune_bayes,2977,mean,218.70708160400392,224.25616455078125,229.14240798950195
bike,dune_bayes,2978,mean,291.27369689941406,298.6365509033203,307.3619903564453
bike,dune_bayes,2979,mean,235.06466369628907,241.084228515625,247.1562141418457
bike,dune_bayes,2980,mean,201.39020080566405,206.59530639648438,211.34808883666992
bike,dune_bayes,2981,mean,190.20217819213866,195.3056182861328,200.1097526550293
bike,dune_bayes,2982,mean,127.68247261047364,134.071533203125,140.66076431274413
bike,dune_bayes,2983,mean,128.8529022216797,134.93832397460938,141.15475311279297
bike,dune_bayes,2984,mean,127.68247261047364,134.071533203125,140.66076431274413
bike,dune_bayes,2985,mean,281.66859436035156,288.8323211669922,296.8322280883789
bike,dune_bayes,2986,mean,283.36397857666014,290.0975341796875,298.1002990722656
bike,dune_bayes,2987,mean,277.9364730834961,284.65586853027344,292.4538330078125
bike,dune_bayes,2988,mean,177.05340652465821,182.71715545654297,188.29597015380858
bike,dune_bayes,2989,mean,177.05340652465821,182.71715545654297,188.29597015380858
bike,dune_bayes,2990,mean,167.16541290283203,172.9882049560547,178.99818420410156
bike,dune_bayes,2991,mean,268.30333404541017,274.16673278808594,280.8242446899414
bike,dune_bayes,2992,mean,273.3508728027344,279.56346130371094,286.31019439697263
bike,dune_bayes,2993,mean,242.78367462158204,248.56829833984375,254.8973419189453
bike,dune_bayes,2994,mean,210.72170028686523,216.42481231689453,222.22314529418944
bike,dune_bayes,2995,mean,168.7454574584961,175.61634826660156,181.6496925354004
bike,dune_bayes,2996,mean,175.12802505493164,181.98851776123047,188.09833602905275
bike,dune_bayes,2997,mean,284.68152770996096,292.18650817871094,299.24023590087893
bike,dune_bayes,2998,mean,234.77093887329102,241.29727172851562,247.63681182861328
bike,dune_bayes,2999,mean,257.6477508544922,264.18833923339844,271.53381195068357
bike,dune_bayes,3000,mean,197.91975479125978,203.2858428955078,208.51859741210936
bike,dune_bayes,3001,mean,160.64266052246094,166.01163482666016,171.13871154785156
bike,dune_bayes,3002,mean,271.9736083984375,278.85980224609375,286.68583221435546
bike,dune_bayes,3003,mean,119.94987068176269,126.3055419921875,132.30966033935545
bike,dune_bayes,3004,mean,132.48817291259766,138.07142639160156,144.02834167480466
bike,dune_bayes,3005,mean,246.4692642211914,252.44336700439453,258.4988082885742
bike,dune_bayes,3006,mean,273.235578918457,279.8429870605469,287.38611907958983
bike,dune_bayes,3007,mean,195.67473373413085,201.1787109375,206.81024093627929
bike,dune_bayes,3008,mean,195.45624771118165,200.9451141357422,206.51994857788085
bike,dune_bayes,3009,mean,177.8641326904297,183.5687026977539,188.99574279785156
bike,dune_bayes,3010,mean,232.41257247924804,237.6238250732422,243.49234008789062
bike,dune_bayes,3011,mean,308.8923675537109,316.1487731933594,324.61920776367185
bike,dune_bayes,3012,mean,303.7466445922852,310.9360656738281,319.16553955078126
bike,dune_bayes,3013,mean,237.71714401245117,243.71092224121094,250.25319061279296
bike,dune_bayes,3014,mean,183.83804779052736,190.30316162109375,196.8766357421875
bike,dune_bayes,3015,mean,245.50148391723633,251.77975463867188,257.67510986328125
bike,dune_bayes,3016,mean,238.04203186035156,243.99454498291016,250.3703659057617
bike,dune_bayes,3017,mean,232.80232620239258,238.5443344116211,244.93708190917968
bike,dune_bayes,3018,mean,200.12160415649413,207.4003143310547,213.89655838012695
bike,dune_bayes,3019,mean,199.50483627319335,205.89083862304688,212.44982757568357
bike,dune_bayes,3020,mean,187.26414642333984,194.49968719482422,200.85544281005858
bike,dune_bayes,3021,mean,170.11319961547852,176.79373168945312,183.58560104370116
bike,dune_bayes,3022,mean,284.1350402832031,290.8847198486328,298.2269454956055
bike,dune_bayes,3023,mean,258.6498168945312,264.6710662841797,271.47848358154295
bike,dune_bayes,3024,mean,252.2696273803711,257.8384094238281,264.2131378173828
bike,dune_bayes,3025,mean,215.91910781860352,221.08172607421875,226.30886993408203
bike,dune_bayes,3026,mean,208.90596771240234,214.02749633789062,219.32484741210936
bike,dune_bayes,3027,mean,253.98042373657228,260.34149169921875,267.4478164672852
bike,dune_bayes,3028,mean,217.69320526123047,223.14165496826172,228.7683219909668
bike,dune_bayes,3029,mean,196.97621307373046,202.52117919921875,207.97238235473634
bike,dune_bayes,3030,mean,261.8833892822266,268.2622375488281,275.57777099609376
bike,dune_bayes,3031,mean,284.37270202636716,291.1651611328125,299.3620941162109
bike,dune_bayes,3032,mean,291.5519485473633,298.6850128173828,307.0592361450195
bike,dune_bayes,3033,mean,148.62430877685546,154.01365661621094,159.95141067504883
bike,dune_bayes,3034,mean,127.68247261047364,134.071533203125,140.66076431274413
bike,dune_bayes,3035,mean,129.8492118835449,135.5658950805664,141.60115509033204
bike,dune_bayes,3036,mean,138.80693969726562,144.46640014648438,150.4924591064453
bike,dune_bayes,3037,mean,226.2906364440918,231.76170349121094,237.30170822143555
bike,dune_bayes,3038,mean,276.62556915283204,283.3820343017578,291.28760986328126
bike,dune_bayes,3039,mean,185.7980972290039,193.06958770751953,200.5068717956543
bike,dune_bayes,3040,mean,174.5704116821289,181.8845672607422,189.31887130737303
bike,dune_bayes,3041,mean,186.6823760986328,193.8022003173828,201.19415664672852
bike,dune_bayes,3042,mean,180.1082893371582,187.38191986083984,194.3528091430664
bike,dune_bayes,3043,mean,199.78801345825195,206.1920166015625,212.9427505493164
bike,dune_bayes,3044,mean,254.08183212280272,260.94256591796875,267.1356719970703
bike,dune_bayes,3045,mean,185.7980972290039,193.06958770751953,200.5068717956543
bike,dune_bayes,3046,mean,186.61630554199218,193.71537017822266,201.04685745239257
bike,dune_bayes,3047,mean,210.60026931762695,217.2613754272461,223.7422737121582
bike,dune_bayes,3048,mean,279.01483764648435,285.57249450683594,292.34948272705077
bike,dune_bayes,3049,mean,267.40069580078125,273.50384521484375,280.33678283691404
bike,dune_bayes,3050,mean,266.69237518310547,273.0006103515625,280.04724884033203
bike,dune_bayes,3051,mean,167.16541290283203,172.9882049560547,178.99818420410156
bike,dune_bayes,3052,mean,241.54734954833984,246.95391082763672,252.84170455932616
bike,dune_bayes,3053,mean,272.65836944580076,279.46290588378906,286.66339416503905
bike,dune_bayes,3054,mean,304.8008743286133,312.28570556640625,320.7903778076172
bike,dune_bayes,3055,mean,200.47055435180664,206.33924865722656,212.36546630859374
bike,dune_bayes,3056,mean,174.9658966064453,181.6999282836914,187.78366928100584
bike,dune_bayes,3057,mean,207.6648292541504,213.61980438232422,219.59557800292967
bike,dune_bayes,3058,mean,275.5245101928711,282.8909149169922,290.92878875732424
bike,dune_bayes,3059,mean,233.4737319946289,240.3631362915039,246.93321838378907
bike,dune_bayes,3060,mean,160.59867401123046,166.7710418701172,172.01979141235353
bike,dune_bayes,3061,mean,180.80523986816405,186.91353607177734,192.19496841430663
bike,dune_bayes,3062,mean,128.87047576904297,135.19854736328125,141.08419342041014
bike,dune_bayes,3063,mean,100.76962051391601,108.07118606567383,114.30190811157226
bike,dune_bayes,3064,mean,85.34242706298828,93.08641052246094,99.90889434814453
bike,dune_bayes,3065,mean,72.34134140014649,80.48429870605469,87.46645164489745
bike,dune_bayes,3066,mean,79.94764976501465,87.45175552368164,94.05627708435057
bike,dune_bayes,3067,mean,106.6682674407959,113.37363815307617,119.66327476501465
bike,dune_bayes,3068,mean,120.15203247070312,126.37004852294922,132.26463775634767
bike,dune_bayes,3069,mean,142.94485626220703,148.84056091308594,154.43716201782226
bike,dune_bayes,3070,mean,111.1213150024414,117.94241333007812,123.92663879394532
bike,dune_bayes,3071,mean,96.17378005981445,103.14069747924805,110.19793815612793
bike,dune_bayes,3072,mean,82.58309364318848,90.33624649047852,98.07805213928222
bike,dune_bayes,3073,mean,81.76062812805176,89.13092041015625,96.73006591796874
bike,dune_bayes,3074,mean,148.94734268188478,154.46305084228516,160.37787780761718
bike,dune_bayes,3075,mean,148.3131446838379,154.0126495361328,160.30934829711913
bike,dune_bayes,3076,mean,122.46997718811035,128.87033081054688,135.44315719604492
bike,dune_bayes,3077,mean,121.39159202575684,128.12615203857422,135.14687728881836
bike,dune_bayes,3078,mean,122.46997718811035,128.87033081054688,135.44315719604492
bike,dune_bayes,3079,mean,122.46997718811035,128.87033081054688,135.44315719604492
bike,dune_bayes,3080,mean,159.03760681152343,164.77608489990234,170.27224578857422
bike,dune_bayes,3081,mean,280.7126159667969,287.49267578125,295.64041900634766
bike,dune_bayes,3082,mean,270.04052581787107,276.5762634277344,284.0610656738281
bike,dune_bayes,3083,mean,174.43282012939454,180.58384704589844,185.3975860595703
bike,dune_bayes,3084,mean,159.5088897705078,167.25155639648438,173.8372604370117
bike,dune_bayes,3085,mean,220.4567497253418,227.8929214477539,234.55376434326172
bike,dune_bayes,3086,mean,220.4567497253418,227.8929214477539,234.55376434326172
bike,dune_bayes,3087,mean,245.88547286987304,252.7661590576172,259.8775131225586
bike,dune_bayes,3088,mean,241.44011001586915,248.38967895507812,255.5464111328125
bike,dune_bayes,3089,mean,239.36722640991212,246.15961456298828,253.01450271606444
bike,dune_bayes,3090,mean,97.99980201721192,104.73208618164062,111.32811355590819
bike,dune_bayes,3091,mean,239.34950256347656,246.2737274169922,253.1094528198242
bike,dune_bayes,3092,mean,259.0888671875,266.13523864746094,273.93019104003906
bike,dune_bayes,3093,mean,217.29020309448242,224.70599365234375,231.13361282348632
bike,dune_bayes,3094,mean,143.6811195373535,150.8450164794922,156.5296417236328
bike,dune_bayes,3095,mean,219.69342803955078,226.7909927368164,233.8600730895996
bike,dune_bayes,3096,mean,232.6435920715332,239.61602783203125,246.44403305053712
bike,dune_bayes,3097,mean,239.6891128540039,246.18138122558594,253.26326828002928
bike,dune_bayes,3098,mean,154.1271224975586,160.28734588623047,166.1858688354492
bike,dune_bayes,3099,mean,100.76962051391601,108.07118606567383,114.30190811157226
bike,dune_bayes,3100,mean,100.4548553466797,107.66547012329102,114.17315788269043
bike,dune_bayes,3101,mean,126.71643028259277,133.12136840820312,139.03452529907227
bike,dune_bayes,3102,mean,169.48471908569337,174.61355590820312,179.82584686279296
bike,dune_bayes,3103,mean,232.79058151245118,238.30487060546875,244.09111404418945
bike,dune_bayes,3104,mean,183.76551361083983,189.38990020751953,194.89596786499024
bike,dune_bayes,3105,mean,225.94866333007812,231.47299194335938,237.05570755004882
bike,dune_bayes,3106,mean,177.8641326904297,183.5687026977539,188.99574279785156
bike,dune_bayes,3107,mean,202.33251953125,207.99300384521484,212.77296676635743
bike,dune_bayes,3108,mean,150.9217987060547,156.6631622314453,161.83463897705076
bike,dune_bayes,3109,mean,141.34265365600587,147.2742919921875,152.71982498168944
bike,dune_bayes,3110,mean,162.57390594482422,168.51394653320312,173.74997482299804
bike,dune_bayes,3111,mean,201.4953987121582,207.77326202392578,212.7431427001953
bike,dune_bayes,3112,mean,169.51276626586915,175.2476806640625,180.45624237060548
bike,dune_bayes,3113,mean,111.88852958679199,118.59151077270508,125.22528457641602
bike,dune_bayes,3114,mean,242.3991325378418,248.28858184814453,254.65108489990234
bike,dune_bayes,3115,mean,227.40362014770508,232.62751007080078,237.88436279296874
bike,dune_bayes,3116,mean,114.10152091979981,120.94935989379883,127.84786376953124
bike,dune_bayes,3117,mean,155.3800956726074,162.3045654296875,168.96434097290037
bike,dune_bayes,3118,mean,232.80232620239258,238.5443344116211,244.93708190917968
bike,dune_bayes,3119,mean,162.11516647338868,168.51705932617188,174.87907943725585
bike,dune_bayes,3120,mean,125.73542671203613,132.08201599121094,138.1873016357422
bike,dune_bayes,3121,mean,116.867041015625,123.52310943603516,129.5041633605957
bike,dune_bayes,3122,mean,134.5901840209961,141.30152130126953,147.40990447998047
bike,dune_bayes,3123,mean,99.00672760009766,106.30796813964844,113.0901569366455
bike,dune_bayes,3124,mean,224.01587677001953,230.05892944335938,235.86609802246093
bike,dune_bayes,3125,mean,258.6121368408203,264.7508850097656,272.1046539306641
bike,dune_bayes,3126,mean,257.0138107299805,263.60003662109375,270.79677124023436
bike,dune_bayes,3127,mean,257.9102355957031,264.4317169189453,271.8649963378906
bike,dune_bayes,3128,mean,246.0366195678711,252.6734161376953,259.66820068359374
bike,dune_bayes,3129,mean,181.10972213745117,187.15130615234375,192.5268356323242
bike,dune_bayes,3130,mean,143.39201736450195,149.6606216430664,155.16079406738282
bike,dune_bayes,3131,mean,239.88659286499023,246.69605255126953,253.3583755493164
bike,dune_bayes,3132,mean,246.48524703979493,253.02266693115234,260.0212738037109
bike,dune_bayes,3133,mean,144.75761032104492,150.99874877929688,156.48094329833984
bike,dune_bayes,3134,mean,105.08427619934082,111.49720764160156,117.99148216247558
bike,dune_bayes,3135,mean,149.60114288330078,155.50625610351562,161.39534683227538
bike,dune_bayes,3136,mean,170.23941955566406,175.90453338623047,180.86979064941406
bike,dune_bayes,3137,mean,200.70699920654297,206.04511260986328,210.55156860351562
bike,dune_bayes,3138,mean,129.31107025146486,135.2181854248047,141.4238754272461
bike,dune_bayes,3139,mean,148.3410758972168,153.89349365234375,159.87356185913086
bike,dune_bayes,3140,mean,168.4402976989746,173.78406524658203,179.16856689453124
bike,dune_bayes,3141,mean,278.2266326904297,284.6597137451172,292.3386260986328
bike,dune_bayes,3142,mean,286.16358184814453,293.26841735839844,301.38453521728513
bike,dune_bayes,3143,mean,185.76746673583983,190.89540100097656,196.2321632385254
bike,dune_bayes,3144,mean,196.1843017578125,201.3967056274414,206.63505859375
bike,dune_bayes,3145,mean,158.12576293945312,163.921875,169.72193984985353
bike,dune_bayes,3146,mean,184.4759048461914,190.14746856689453,195.7090103149414
bike,dune_bayes,3147,mean,152.29597396850585,158.82006072998047,164.9897033691406
bike,dune_bayes,3148,mean,152.0840980529785,158.4558868408203,164.56633758544922
bike,dune_bayes,3149,mean,153.44126663208007,159.48953247070312,165.768359375
bike,dune_bayes,3150,mean,159.24033889770507,165.1646957397461,170.91028900146483
bike,dune_bayes,3151,mean,152.29597396850585,158.82006072998047,164.9897033691406
bike,dune_bayes,3152,mean,152.01397705078125,158.31741333007812,164.48754196166993
bike,dune_bayes,3153,mean,161.68697204589844,168.18083953857422,174.75646896362304
bike,dune_bayes,3154,mean,161.42068328857422,167.8769760131836,174.36857833862305
bike,dune_bayes,3155,mean,214.45682525634766,219.42020416259766,224.86804428100587
bike,dune_bayes,3156,mean,232.03830261230468,237.01880645751953,242.68767700195312
bike,dune_bayes,3157,mean,245.70027847290038,251.28919982910156,257.2045394897461
bike,dune_bayes,3158,mean,177.8641326904297,183.5687026977539,188.99574279785156
bike,dune_bayes,3159,mean,140.25209579467773,146.64784240722656,153.26828155517578
bike,dune_bayes,3160,mean,148.3251693725586,154.42121124267578,160.81610412597655
bike,dune_bayes,3161,mean,274.8953430175781,281.5038604736328,289.4417236328125
bike,dune_bayes,3162,mean,214.78690414428712,220.0869369506836,225.45182342529296
bike,dune_bayes,3163,mean,214.78690414428712,220.0869369506836,225.45182342529296
bike,dune_bayes,3164,mean,186.81377563476562,192.46087646484375,197.62494735717775
bike,dune_bayes,3165,mean,189.8815704345703,195.96383666992188,201.31178817749023
bike,dune_bayes,3166,mean,96.30926208496093,104.58305358886719,112.44750480651854
bike,dune_bayes,3167,mean,73.79717140197754,81.22718811035156,88.89535179138183
bike,dune_bayes,3168,mean,179.01322174072266,183.88096618652344,188.60877304077147
bike,dune_bayes,3169,mean,71.92774314880371,79.50210952758789,86.67340965270996
bike,dune_bayes,3170,mean,183.29832763671874,190.33477783203125,195.9327751159668
bike,dune_bayes,3171,mean,174.8850440979004,181.5132064819336,186.91585159301758
bike,dune_bayes,3172,mean,174.32378463745118,181.5638885498047,187.37818450927733
bike,dune_bayes,3173,mean,143.13165206909179,150.21280670166016,155.83160629272462
bike,dune_bayes,3174,mean,108.50380821228028,115.01880645751953,121.14282531738282
bike,dune_bayes,3175,mean,142.89793319702147,149.98712158203125,155.58488693237305
bike,dune_bayes,3176,mean,156.22058639526367,162.92611694335938,167.9650924682617
bike,dune_bayes,3177,mean,165.54037475585938,172.50514221191406,177.89855346679687
bike,dune_bayes,3178,mean,143.3714630126953,150.55477905273438,156.09922409057617
bike,dune_bayes,3179,mean,137.0077018737793,144.14684295654297,149.91098251342774
bike,dune_bayes,3180,mean,93.28745460510254,99.8458251953125,106.60173454284669
bike,dune_bayes,3181,mean,93.95912017822266,100.36397933959961,107.00079498291014
bike,dune_bayes,3182,mean,93.67626495361328,100.07442474365234,106.84210891723633
bike,dune_bayes,3183,mean,174.18959197998046,182.1227035522461,188.77159118652344
bike,dune_bayes,3184,mean,198.5800422668457,206.47794342041016,213.27992782592773
bike,dune_bayes,3185,mean,143.99099884033203,150.72508239746094,157.47728576660157
bike,dune_bayes,3186,mean,153.3063537597656,160.3395004272461,167.73854598999023
bike,dune_bayes,3187,mean,158.08470001220704,165.09304809570312,172.20691986083983
bike,dune_bayes,3188,mean,165.326611328125,173.0399169921875,180.7828369140625
bike,dune_bayes,3189,mean,164.62693939208984,172.23146057128906,179.6082962036133
bike,dune_bayes,3190,mean,164.56832046508788,172.13185119628906,179.47567291259764
bike,dune_bayes,3191,mean,102.14117240905762,108.73144149780273,115.15500144958496
bike,dune_bayes,3192,mean,171.21356124877929,178.65808868408203,185.49881973266602
bike,dune_bayes,3193,mean,168.76009674072264,176.04973602294922,183.3094612121582
bike,dune_bayes,3194,mean,139.57897491455077,146.71088409423828,153.8932029724121
bike,dune_bayes,3195,mean,126.3544692993164,132.94932556152344,139.4762954711914
bike,dune_bayes,3196,mean,160.1737258911133,167.9462432861328,174.99128112792968
bike,dune_bayes,3197,mean,124.25119857788086,131.44782257080078,138.20492782592774
bike,dune_bayes,3198,mean,106.55218086242675,113.53658676147461,120.23061103820801
bike,dune_bayes,3199,mean,93.17926902770996,99.76993942260742,106.76507873535157
bike,dune_bayes,3200,mean,160.24515380859376,168.25035095214844,175.3423614501953
bike,dune_bayes,3201,mean,133.81437301635742,141.87488555908203,149.30417709350584
bike,dune_bayes,3202,mean,133.81437301635742,141.87488555908203,149.30417709350584
bike,dune_bayes,3203,mean,145.8212417602539,153.78884887695312,160.93189086914063
bike,dune_bayes,3204,mean,141.541983795166,149.47222900390625,156.5184341430664
bike,dune_bayes,3205,mean,141.541983795166,149.47222900390625,156.5184341430664
bike,dune_bayes,3206,mean,151.24681701660157,159.36752319335938,166.88688583374022
bike,dune_bayes,3207,mean,155.2613883972168,163.49383544921875,170.8330078125
bike,dune_bayes,3208,mean,173.1912582397461,181.8896713256836,189.92187194824217
bike,dune_bayes,3209,mean,205.67434692382812,213.92091369628906,221.93206329345702
bike,dune_bayes,3210,mean,195.60787963867188,204.09405517578125,211.71625213623045
bike,dune_bayes,3211,mean,160.52125244140626,168.9871597290039,176.319571685791
bike,dune_bayes,3212,mean,141.15384063720703,148.80217742919922,155.56298599243163
bike,dune_bayes,3213,mean,97.4341049194336,103.81817245483398,110.49201774597168
bike,dune_bayes,3214,mean,147.59261474609374,155.3722152709961,162.69426651000975
bike,dune_bayes,3215,mean,220.20734176635742,227.4005889892578,233.71086883544922
bike,dune_bayes,3216,mean,219.80835494995117,227.00609588623047,233.46178283691407
bike,dune_bayes,3217,mean,90.52931594848633,97.39592361450195,104.70992774963379
bike,dune_bayes,3218,mean,82.74781608581543,89.9619255065918,96.37211532592774
bike,dune_bayes,3219,mean,68.8758445739746,76.54426574707031,83.61582984924317
bike,dune_bayes,3220,mean,244.23973693847657,250.7923583984375,258.22260131835935
bike,dune_bayes,3221,mean,196.32020645141603,202.4222183227539,208.11509628295897
bike,dune_bayes,3222,mean,131.6548957824707,138.0738525390625,143.94256820678712
bike,dune_bayes,3223,mean,79.12329177856445,86.56415176391602,93.91883544921875
bike,dune_bayes,3224,mean,60.646446228027344,68.55818557739258,76.16315841674805
bike,dune_bayes,3225,mean,65.96411209106445,73.96407318115234,81.2196590423584
bike,dune_bayes,3226,mean,125.02193946838379,131.44402313232422,137.16478881835937
bike,dune_bayes,3227,mean,246.0392967224121,252.21076202392578,259.3519027709961
bike,dune_bayes,3228,mean,197.92484283447266,203.6588134765625,208.91055755615233
bike,dune_bayes,3229,mean,128.87047576904297,135.19854736328125,141.08419342041014
bike,dune_bayes,3230,mean,92.40580673217774,100.15377807617188,106.92554931640625
bike,dune_bayes,3231,mean,146.15216674804688,152.146484375,157.77822265625
bike,dune_bayes,3232,mean,232.90507278442382,238.57083892822266,244.4234275817871
bike,dune_bayes,3233,mean,214.50828018188477,219.8716049194336,225.11719284057617
bike,dune_bayes,3234,mean,214.78690414428712,220.0869369506836,225.45182342529296
bike,dune_bayes,3235,mean,166.92738647460936,172.89791107177734,178.30931396484374
bike,dune_bayes,3236,mean,83.03647346496582,91.1253890991211,99.22255325317381
bike,dune_bayes,3237,mean,76.22451210021973,84.01646041870117,91.75577583312987
bike,dune_bayes,3238,mean,121.11908187866212,128.62008666992188,135.76264572143555
bike,dune_bayes,3239,mean,107.89103813171387,114.6786880493164,121.48236465454102
bike,dune_bayes,3240,mean,94.56650123596191,101.09490203857422,108.18693542480469
bike,dune_bayes,3241,mean,81.26376419067383,87.85009765625,94.91219711303711
bike,dune_bayes,3242,mean,110.39736709594726,117.09869384765625,123.96726264953614
bike,dune_bayes,3243,mean,117.01855773925782,123.66307067871094,129.9234733581543
bike,dune_bayes,3244,mean,106.50498237609864,113.0244369506836,119.40529823303223
bike,dune_bayes,3245,mean,121.88703727722168,128.55559539794922,134.63015365600586
bike,dune_bayes,3246,mean,143.6811195373535,150.8450164794922,156.5296417236328
bike,dune_bayes,3247,mean,126.71687660217285,133.2755889892578,139.2774345397949
bike,dune_bayes,3248,mean,105.52923278808593,112.21269226074219,118.42493476867675
bike,dune_bayes,3249,mean,105.43896141052247,112.02666854858398,118.34296226501465
bike,dune_bayes,3250,mean,178.6368309020996,186.38648986816406,192.9496109008789
bike,dune_bayes,3251,mean,141.07198486328124,148.4807357788086,155.01216888427734
bike,dune_bayes,3252,mean,79.218998336792,86.16132736206055,92.55406913757324
bike,dune_bayes,3253,mean,152.7269729614258,159.6105728149414,166.8930236816406
bike,dune_bayes,3254,mean,164.33858108520508,171.84490203857422,179.17770462036134
bike,dune_bayes,3255,mean,187.41970977783203,194.87998962402344,202.03992919921876
bike,dune_bayes,3256,mean,111.2358413696289,117.52302932739258,123.56118354797363
bike,dune_bayes,3257,mean,91.10110626220703,97.87203216552734,104.36840896606445
bike,dune_bayes,3258,mean,69.51580581665038,77.30947875976562,84.01122016906739
bike,dune_bayes,3259,mean,64.68348922729493,72.52620697021484,79.46312065124512
bike,dune_bayes,3260,mean,65.03133964538574,72.77559661865234,79.53228073120117
bike,dune_bayes,3261,mean,80.8049186706543,88.20287704467773,94.94479331970214
bike,dune_bayes,3262,mean,144.92371292114257,150.7927474975586,156.8160316467285
bike,dune_bayes,3263,mean,126.04435577392579,132.48431396484375,138.4079216003418
bike,dune_bayes,3264,mean,121.76389923095704,127.94055938720703,133.7204475402832
bike,dune_bayes,3265,mean,122.01963806152344,128.3126678466797,133.96602935791014
bike,dune_bayes,3266,mean,121.76389923095704,127.94055938720703,133.7204475402832
bike,dune_bayes,3267,mean,122.01963806152344,128.3126678466797,133.96602935791014
bike,dune_bayes,3268,mean,122.39057159423828,128.62154388427734,134.51142501831055
bike,dune_bayes,3269,mean,157.14430618286133,163.72147369384766,169.05518188476563
bike,dune_bayes,3270,mean,102.69193801879882,109.05004119873047,115.36151313781738
bike,dune_bayes,3271,mean,85.46154441833497,92.41465759277344,99.40046348571776
bike,dune_bayes,3272,mean,107.52492218017578,113.91893768310547,120.6707118988037
bike,dune_bayes,3273,mean,58.8101921081543,66.86515426635742,74.76852836608886
bike,dune_bayes,3274,mean,58.8101921081543,66.86515426635742,74.76852836608886
bike,dune_bayes,3275,mean,58.61662673950195,66.75361251831055,74.64724235534668
bike,dune_bayes,3276,mean,206.76336898803712,214.16265106201172,220.33238830566407
bike,dune_bayes,3277,mean,214.00980224609376,221.55118560791016,227.764990234375
bike,dune_bayes,3278,mean,225.2292724609375,232.56095123291016,239.02056961059571
bike,dune_bayes,3279,mean,157.28344039916993,164.9921875,171.34758071899415
bike,dune_bayes,3280,mean,152.89478759765626,160.61467742919922,167.2174530029297
bike,dune_bayes,3281,mean,55.5194709777832,63.266754150390625,70.16587715148925
bike,dune_bayes,3282,mean,73.81017990112305,80.67517471313477,87.94494590759277
bike,dune_bayes,3283,mean,70.3473907470703,77.22903442382812,84.56888923645019
bike,dune_bayes,3284,mean,58.459371185302736,66.46251678466797,74.23416748046876
bike,dune_bayes,3285,mean,58.459371185302736,66.46251678466797,74.23416748046876
bike,dune_bayes,3286,mean,127.49199638366699,133.96630859375,139.76393661499023
bike,dune_bayes,3287,mean,227.49565658569335,234.6478729248047,241.53257064819337
bike,dune_bayes,3288,mean,215.22567443847657,222.3775405883789,228.89850921630858
bike,dune_bayes,3289,mean,192.03684692382814,200.43085479736328,208.15563507080077
bike,dune_bayes,3290,mean,169.20147705078125,177.63516235351562,186.21944732666014
bike,dune_bayes,3291,mean,154.3677848815918,162.6510238647461,171.26579666137695
bike,dune_bayes,3292,mean,146.25687255859376,154.64701080322266,163.0558219909668
bike,dune_bayes,3293,mean,150.09175720214844,158.49604034423828,166.996875
bike,dune_bayes,3294,mean,145.9141098022461,153.78060913085938,161.99041061401368
bike,dune_bayes,3295,mean,137.95409698486327,146.01498413085938,153.90488357543944
bike,dune_bayes,3296,mean,132.60024642944336,140.31116485595703,148.5369529724121
bike,dune_bayes,3297,mean,121.92976951599121,129.43736267089844,136.61306533813476
bike,dune_bayes,3298,mean,153.25251388549805,160.97116088867188,168.77804565429688
bike,dune_bayes,3299,mean,149.1911293029785,156.93462371826172,164.71335067749024
bike,dune_bayes,3300,mean,103.10495071411133,109.56823348999023,116.28857460021973
bike,dune_bayes,3301,mean,77.41630706787109,84.14619064331055,90.97552947998047
bike,dune_bayes,3302,mean,76.6203483581543,83.45485305786133,91.01033744812011
bike,dune_bayes,3303,mean,202.6639434814453,210.31560516357422,217.0423469543457
bike,dune_bayes,3304,mean,216.23540954589845,223.91238403320312,230.88754119873047
bike,dune_bayes,3305,mean,98.76280212402344,105.17154312133789,111.6356029510498
bike,dune_bayes,3306,mean,72.53311424255371,80.12425231933594,87.13699989318845
bike,dune_bayes,3307,mean,77.27309341430664,84.622314453125,91.52187957763672
bike,dune_bayes,3308,mean,64.6655158996582,72.07088851928711,79.57088928222656
bike,dune_bayes,3309,mean,120.20016822814941,127.4400749206543,134.31647720336915
bike,dune_bayes,3310,mean,166.91084976196288,175.5761260986328,182.79829101562498
bike,dune_bayes,3311,mean,91.9819351196289,98.5604476928711,105.76119003295898
bike,dune_bayes,3312,mean,89.06019554138183,95.74911499023438,103.25800704956055
bike,dune_bayes,3313,mean,169.84124221801758,178.09996032714844,185.21030883789064
bike,dune_bayes,3314,mean,148.45416107177735,156.35210418701172,162.96765365600587
bike,dune_bayes,3315,mean,84.47885284423828,91.16071701049805,98.14109535217285
bike,dune_bayes,3316,mean,81.01337814331055,87.60738754272461,94.63875579833984
bike,dune_bayes,3317,mean,45.4317985534668,53.94322967529297,61.854574584960936
bike,dune_bayes,3318,mean,189.482674407959,196.97259521484375,203.42780838012695
bike,dune_bayes,3319,mean,107.24816665649413,114.00685501098633,120.3908706665039
bike,dune_bayes,3320,mean,82.33451538085937,89.23526000976562,96.25738220214843
bike,dune_bayes,3321,mean,59.45502853393555,67.38872909545898,74.72211303710937
bike,dune_bayes,3322,mean,48.46629180908203,56.733360290527344,64.20876426696778
bike,dune_bayes,3323,mean,87.52453956604003,94.89175415039062,101.82922439575195
bike,dune_bayes,3324,mean,73.25059356689454,80.77959442138672,88.389107131958
bike,dune_bayes,3325,mean,45.308780670166016,53.7490234375,61.56438827514648
bike,dune_bayes,3326,mean,45.990013885498044,54.405357360839844,62.31559677124023
bike,dune_bayes,3327,mean,121.75664291381835,128.13976287841797,133.65204696655272
bike,dune_bayes,3328,mean,120.40907249450683,126.64583587646484,132.5750503540039
bike,dune_bayes,3329,mean,87.51583137512208,94.8438835144043,102.02768707275389
bike,dune_bayes,3330,mean,73.86464729309083,81.9753532409668,89.6495864868164
bike,dune_bayes,3331,mean,67.45371704101562,75.63444519042969,83.4561740875244
bike,dune_bayes,3332,mean,256.78294677734374,263.3175354003906,269.87157592773434
bike,dune_bayes,3333,mean,121.86207313537598,128.0290298461914,134.21766967773436
bike,dune_bayes,3334,mean,149.57188568115234,155.20924377441406,160.99432220458985
bike,dune_bayes,3335,mean,207.95157012939453,212.64917755126953,217.60244750976562
bike,dune_bayes,3336,mean,192.371728515625,197.58293914794922,202.7291717529297
bike,dune_bayes,3337,mean,202.33251953125,207.99300384521484,212.77296676635743
bike,dune_bayes,3338,mean,170.62970581054688,175.84062957763672,180.87159957885743
bike,dune_bayes,3339,mean,192.87474899291993,198.37730407714844,203.42571334838865
bike,dune_bayes,3340,mean,214.61644897460937,222.00198364257812,228.57707901000975
bike,dune_bayes,3341,mean,133.43556442260743,141.26007843017578,148.68641510009766
bike,dune_bayes,3342,mean,125.6163288116455,133.09527587890625,140.56075210571288
bike,dune_bayes,3343,mean,149.7291618347168,157.74347686767578,164.64717025756835
bike,dune_bayes,3344,mean,94.0954158782959,100.58705139160156,107.25138130187987
bike,dune_bayes,3345,mean,82.17641563415528,88.74397277832031,95.76285858154297
bike,dune_bayes,3346,mean,85.06358413696289,91.56686401367188,98.433198928833
bike,dune_bayes,3347,mean,67.82352752685547,75.27679443359375,82.50664710998534
bike,dune_bayes,3348,mean,83.63932571411132,90.23678588867188,97.37589569091797
bike,dune_bayes,3349,mean,86.86580924987793,93.40901947021484,100.14840927124023
bike,dune_bayes,3350,mean,71.88902969360352,80.07503509521484,87.16009559631347
bike,dune_bayes,3351,mean,71.89709739685058,80.22842788696289,87.32340126037597
bike,dune_bayes,3352,mean,65.95864562988281,74.33576965332031,81.83845100402831
bike,dune_bayes,3353,mean,94.59834213256836,102.61634063720703,109.80040130615232
bike,dune_bayes,3354,mean,86.4141170501709,93.97418594360352,100.79585189819335
bike,dune_bayes,3355,mean,72.761962890625,80.82034683227539,87.83057174682617
bike,dune_bayes,3356,mean,66.71143379211426,74.83689880371094,82.33324508666992
bike,dune_bayes,3357,mean,71.89709739685058,80.22842788696289,87.32340126037597
bike,dune_bayes,3358,mean,81.31387748718262,88.9466438293457,96.42526245117188
bike,dune_bayes,3359,mean,108.28447685241699,115.29655456542969,122.41095085144042
bike,dune_bayes,3360,mean,138.05011596679688,144.34593963623047,150.92310256958007
bike,dune_bayes,3361,mean,144.00652694702148,150.45562744140625,156.71960372924804
bike,dune_bayes,3362,mean,140.55676345825196,147.0320816040039,153.01710510253906
bike,dune_bayes,3363,mean,137.44268035888672,143.50621795654297,149.3597839355469
bike,dune_bayes,3364,mean,103.9098346710205,110.34431457519531,116.95049171447754
bike,dune_bayes,3365,mean,116.26955795288086,122.83882141113281,129.63897171020508
bike,dune_bayes,3366,mean,154.055126953125,161.88038635253906,168.98647918701172
bike,dune_bayes,3367,mean,141.07198486328124,148.4807357788086,155.01216888427734
bike,dune_bayes,3368,mean,124.13426094055175,131.1420440673828,137.79393768310547
bike,dune_bayes,3369,mean,111.60977516174316,118.23624420166016,124.67426795959473
bike,dune_bayes,3370,mean,128.58143005371093,135.6320343017578,142.14655838012695
bike,dune_bayes,3371,mean,163.9594970703125,172.27952575683594,179.2525505065918
bike,dune_bayes,3372,mean,159.2855209350586,167.06957244873047,173.70474166870116
bike,dune_bayes,3373,mean,124.52001190185547,131.89915466308594,138.66693267822265
bike,dune_bayes,3374,mean,181.56530227661133,189.6286392211914,196.87439880371093
bike,dune_bayes,3375,mean,159.35290985107423,167.39984130859375,174.37120666503907
bike,dune_bayes,3376,mean,108.87420501708985,115.76167678833008,122.53174819946288
bike,dune_bayes,3377,mean,70.50028076171876,77.4271240234375,84.58864822387694
bike,dune_bayes,3378,mean,70.625687789917,77.50237655639648,85.0019374847412
bike,dune_bayes,3379,mean,137.0077018737793,144.14684295654297,149.91098251342774
bike,dune_bayes,3380,mean,83.28192443847657,89.89001083374023,97.00572395324707
bike,dune_bayes,3381,mean,78.05164604187011,84.84440612792969,91.98502731323242
bike,dune_bayes,3382,mean,55.654659271240234,63.89391326904297,71.12044868469238
bike,dune_bayes,3383,mean,48.670047760009766,56.889183044433594,64.28032112121582
bike,dune_bayes,3384,mean,70.7092960357666,78.20223617553711,84.96093292236328
bike,dune_bayes,3385,mean,70.87610130310058,78.31240463256836,85.08344955444335
bike,dune_bayes,3386,mean,145.83225021362304,152.17229461669922,158.11311569213868
bike,dune_bayes,3387,mean,126.85354804992676,133.4995574951172,139.32693481445312
bike,dune_bayes,3388,mean,88.61409225463868,95.76973724365234,102.05175285339354
bike,dune_bayes,3389,mean,71.61410331726074,79.50322341918945,86.80861129760741
bike,dune_bayes,3390,mean,71.0284194946289,78.7971420288086,86.33437042236328
bike,dune_bayes,3391,mean,71.0284194946289,78.7971420288086,86.33437042236328
bike,dune_bayes,3392,mean,71.0284194946289,78.7971420288086,86.33437042236328
bike,dune_bayes,3393,mean,78.52665061950684,86.36405944824219,93.19484214782715
bike,dune_bayes,3394,mean,92.96421508789062,100.25643539428711,106.6774257659912
bike,dune_bayes,3395,mean,91.16150283813477,98.48209381103516,105.70014686584473
bike,dune_bayes,3396,mean,100.76962051391601,108.07118606567383,114.30190811157226
bike,dune_bayes,3397,mean,88.20191879272461,95.73182678222656,102.6127872467041
bike,dune_bayes,3398,mean,95.42768859863281,102.49957656860352,109.57124366760253
bike,dune_bayes,3399,mean,96.16291389465331,103.23560333251953,110.02984809875488
bike,dune_bayes,3400,mean,99.21129112243652,106.42936706542969,113.60984611511228
bike,dune_bayes,3401,mean,181.93001327514648,187.09353637695312,191.87212677001952
bike,dune_bayes,3402,mean,153.63991622924806,161.16104125976562,167.44203567504883
bike,dune_bayes,3403,mean,70.625687789917,77.50237655639648,85.0019374847412
bike,dune_bayes,3404,mean,70.17567863464356,77.12271118164062,84.40667266845702
bike,dune_bayes,3405,mean,98.47402267456054,104.94607162475586,111.52484855651855
bike,dune_bayes,3406,mean,166.32417373657228,173.13289642333984,178.74065399169922
bike,dune_bayes,3407,mean,183.08173828125,190.04349517822266,195.526220703125
bike,dune_bayes,3408,mean,121.19927787780762,127.90734100341797,133.93991928100584
bike,dune_bayes,3409,mean,147.3218864440918,155.04886627197266,161.74573287963867
bike,dune_bayes,3410,mean,118.18409309387206,125.94776916503906,132.63549728393554
bike,dune_bayes,3411,mean,110.70805740356445,117.45294952392578,124.40551033020019
bike,dune_bayes,3412,mean,93.74016609191895,100.71086120605469,107.89445075988769
bike,dune_bayes,3413,mean,138.68110122680665,146.40625,153.542472076416
bike,dune_bayes,3414,mean,131.80982131958007,138.69412231445312,144.72375106811523
bike,dune_bayes,3415,mean,121.11908187866212,128.62008666992188,135.76264572143555
bike,dune_bayes,3416,mean,152.42536697387695,160.61505889892578,168.22888946533203
bike,dune_bayes,3417,mean,142.39889068603514,150.6287384033203,159.43270263671874
bike,dune_bayes,3418,mean,142.19641494750977,150.37222290039062,158.99911346435547
bike,dune_bayes,3419,mean,142.47006378173828,150.76722717285156,159.96289138793946
bike,dune_bayes,3420,mean,166.08662185668945,174.56169891357422,183.10767669677733
bike,dune_bayes,3421,mean,157.71176452636718,165.98394012451172,174.4716941833496
bike,dune_bayes,3422,mean,150.2199935913086,158.2801284790039,166.28411178588865
bike,dune_bayes,3423,mean,142.32584915161132,150.43675994873047,159.1870376586914
bike,dune_bayes,3424,mean,130.6739303588867,138.09542083740234,145.49057006835938
bike,dune_bayes,3425,mean,122.59197692871093,130.2447280883789,137.76912612915038
bike,dune_bayes,3426,mean,118.50926666259765,125.91741943359375,133.2083656311035
bike,dune_bayes,3427,mean,152.78360900878906,160.36221313476562,168.047940826416
bike,dune_bayes,3428,mean,161.90629196166992,169.76930236816406,177.54366607666014
bike,dune_bayes,3429,mean,175.91867065429688,184.38053131103516,192.57982940673827
bike,dune_bayes,3430,mean,150.92604446411133,158.71883392333984,166.33627548217774
bike,dune_bayes,3431,mean,63.247589874267575,70.57656478881836,78.11802024841309
bike,dune_bayes,3432,mean,59.210635375976565,67.11229705810547,75.00810470581054
bike,dune_bayes,3433,mean,52.9007308959961,60.50236511230469,68.37985038757324
bike,dune_bayes,3434,mean,42.45815811157227,50.820343017578125,58.870497131347655
bike,dune_bayes,3435,mean,47.65069808959961,56.06758117675781,63.846435928344725
bike,dune_bayes,3436,mean,63.58693351745605,71.32169723510742,78.82290992736816
bike,dune_bayes,3437,mean,79.48057670593262,86.78134155273438,93.19826965332031
bike,dune_bayes,3438,mean,106.82380867004395,113.34475708007812,119.69049758911133
bike,dune_bayes,3439,mean,98.49613800048829,105.2422866821289,112.12083358764647
bike,dune_bayes,3440,mean,81.42522201538085,88.14794921875,95.27837677001953
bike,dune_bayes,3441,mean,48.649957275390626,56.557945251464844,64.56148681640624
bike,dune_bayes,3442,mean,50.36787796020508,58.178558349609375,66.49033737182617
bike,dune_bayes,3443,mean,43.85504150390625,51.77043151855469,60.37956390380858
bike,dune_bayes,3444,mean,57.18748245239258,65.01803588867188,73.40072059631348
bike,dune_bayes,3445,mean,57.18748245239258,65.01803588867188,73.40072059631348
bike,dune_bayes,3446,mean,47.8531982421875,56.158416748046875,64.64604187011717
bike,dune_bayes,3447,mean,83.13037223815918,90.34972381591797,98.29043388366699
bike,dune_bayes,3448,mean,98.81195182800293,105.63556289672852,112.64249076843261
bike,dune_bayes,3449,mean,125.43642158508301,132.94541931152344,140.67980346679687
bike,dune_bayes,3450,mean,129.81791458129882,137.5198516845703,145.22434005737304
bike,dune_bayes,3451,mean,105.87739524841308,112.80714797973633,119.4433204650879
bike,dune_bayes,3452,mean,107.80544509887696,114.58834838867188,121.36531982421874
bike,dune_bayes,3453,mean,106.27065811157226,113.27054595947266,119.85349121093749
bike,dune_bayes,3454,mean,106.27065811157226,113.27054595947266,119.85349121093749
bike,dune_bayes,3455,mean,93.30910797119141,99.96156311035156,106.82624168395996
bike,dune_bayes,3456,mean,81.54512329101563,88.12773132324219,94.95747184753418
bike,dune_bayes,3457,mean,81.01337814331055,87.60738754272461,94.63875579833984
bike,dune_bayes,3458,mean,66.47589569091797,73.88705062866211,80.9739429473877
bike,dune_bayes,3459,mean,67.2087501525879,74.58866500854492,81.36424980163574
bike,dune_bayes,3460,mean,30.48283271789551,39.03863525390625,47.459781646728516
bike,dune_bayes,3461,mean,48.46629180908203,56.733360290527344,64.20876426696778
bike,dune_bayes,3462,mean,79.67917251586914,86.92014694213867,93.26704330444336
bike,dune_bayes,3463,mean,63.67543525695801,71.2532730102539,78.3433006286621
bike,dune_bayes,3464,mean,119.16559181213378,126.14007949829102,134.0588165283203
bike,dune_bayes,3465,mean,118.23175010681152,125.03560638427734,131.84137268066405
bike,dune_bayes,3466,mean,153.87485046386718,162.3028335571289,170.6136100769043
bike,dune_bayes,3467,mean,118.80319595336914,126.26787948608398,133.5948341369629
bike,dune_bayes,3468,mean,110.62228317260742,117.8656234741211,125.09078407287598
bike,dune_bayes,3469,mean,70.94439964294433,77.4294319152832,84.99542045593262
bike,dune_bayes,3470,mean,85.7948844909668,92.43311309814453,99.4367691040039
bike,dune_bayes,3471,mean,71.1187355041504,77.74259185791016,85.16551551818847
bike,dune_bayes,3472,mean,103.73141860961914,110.65211868286133,117.38772773742676
bike,dune_bayes,3473,mean,146.30150756835937,154.35721588134766,161.74236297607422
bike,dune_bayes,3474,mean,136.4696304321289,144.16588592529297,151.24753646850587
bike,dune_bayes,3475,mean,110.19984741210938,117.14599227905273,123.65647201538086
bike,dune_bayes,0,dispersion,1.1901748061180115,1.7171229124069214,2.3562469840049745
bike,dune_bayes,1,dispersion,0.7842241138219833,1.1159940361976624,1.524233716726303
bike,dune_bayes,2,dispersion,0.7110023200511932,1.0451785326004028,1.4300789475440978
bike,dune_bayes,3,dispersion,0.7522299081087113,1.1163873672485352,1.5281413137912745
bike,dune_bayes,4,dispersion,0.8604890584945679,1.2887403964996338,1.7884197711944574
bike,dune_bayes,5,dispersion,0.7905559599399566,1.1303008794784546,1.5564853131771086
bike,dune_bayes,6,dispersion,0.6089543640613556,0.9648585319519043,1.3589973509311675
bike,dune_bayes,7,dispersion,0.6606082409620285,1.050112545490265,1.4924264967441558
bike,dune_bayes,8,dispersion,0.8861168146133422,1.297055184841156,1.7130693435668944
bike,dune_bayes,9,dispersion,0.6010356545448303,0.9775773286819458,1.3955572605133049
bike,dune_bayes,10,dispersion,0.522529223561287,0.87119922041893,1.222770947217941
bike,dune_bayes,11,dispersion,0.6373243898153306,1.0122929811477661,1.4507562816143034
bike,dune_bayes,12,dispersion,0.9164676666259766,1.344208836555481,1.858342117071151
bike,dune_bayes,13,dispersion,1.5328620493412017,1.9427756071090698,2.4178364396095273
bike,dune_bayes,14,dispersion,1.8718413054943084,2.3854126930236816,2.870845484733581
bike,dune_bayes,15,dispersion,1.4114444434642792,1.8121663928031921,2.2431552529335024
bike,dune_bayes,16,dispersion,0.8124366044998169,1.1319449543952942,1.4577644348144527
bike,dune_bayes,17,dispersion,0.6808654516935349,0.99001544713974,1.3049111306667327
bike,dune_bayes,18,dispersion,0.8354861199855804,1.188367784023285,1.5734487831592558
bike,dune_bayes,19,dispersion,1.3172060489654542,1.7606011629104614,2.291872024536133
bike,dune_bayes,20,dispersion,1.5337458789348601,1.9555301070213318,2.4500531554222107
bike,dune_bayes,21,dispersion,1.7682733595371247,2.263512372970581,2.754450988769531
bike,dune_bayes,22,dispersion,1.7682733595371247,2.263512372970581,2.754450988769531
bike,dune_bayes,23,dispersion,0.5047420680522918,0.8494178652763367,1.2306828379631032
bike,dune_bayes,24,dispersion,0.49263154566288,0.828296959400177,1.2479404687881466
bike,dune_bayes,25,dispersion,0.6773863792419433,1.0342443585395813,1.4367677867412567
bike,dune_bayes,26,dispersion,1.4919108331203461,1.9704556465148926,2.5323527336120604
bike,dune_bayes,27,dispersion,1.5228615641593934,1.9394634366035461,2.3935477733612056
bike,dune_bayes,28,dispersion,1.3346590161323548,1.7883862257003784,2.3411935329437257
bike,dune_bayes,29,dispersion,1.060366576910019,1.4235695600509644,1.85555020570755
bike,dune_bayes,30,dispersion,1.5242545247077943,1.9287576079368591,2.3579406142234802
bike,dune_bayes,31,dispersion,0.9055097609758378,1.2789242267608643,1.6601084232330319
bike,dune_bayes,32,dispersion,0.6880573868751526,1.07537180185318,1.4753798365592956
bike,dune_bayes,33,dispersion,0.7205873966217041,1.1034643054008484,1.5010397791862486
bike,dune_bayes,34,dispersion,0.7447444707155227,1.1307356357574463,1.534196704626083
bike,dune_bayes,35,dispersion,1.2250001549720764,1.615984857082367,2.0672321081161495
bike,dune_bayes,36,dispersion,0.9675880461931229,1.3561739921569824,1.7757495224475854
bike,dune_bayes,37,dispersion,1.0258102416992188,1.4071145057678223,1.7819061875343323
bike,dune_bayes,38,dispersion,0.8434179574251175,1.288253128528595,1.7742679059505462
bike,dune_bayes,39,dispersion,1.3662697911262511,1.8750473856925964,2.469902551174164
bike,dune_bayes,40,dispersion,1.3662697911262511,1.8750473856925964,2.469902551174164
bike,dune_bayes,41,dispersion,0.614384999871254,0.9917584955692291,1.4511437475681301
bike,dune_bayes,42,dispersion,0.6144551753997803,0.9880938529968262,1.447711426019668
bike,dune_bayes,43,dispersion,0.6402798652648926,1.032497227191925,1.5055996537208554
bike,dune_bayes,44,dispersion,0.8075573027133942,1.2373483180999756,1.7035034239292142
bike,dune_bayes,45,dispersion,0.46119811534881594,0.8364454209804535,1.3854451537132262
bike,dune_bayes,46,dispersion,0.42264539897441866,0.7567241787910461,1.2084366738796233
bike,dune_bayes,47,dispersion,0.576494637131691,0.9399402737617493,1.4221516907215117
bike,dune_bayes,48,dispersion,0.7150087475776673,1.110391080379486,1.540198391675949
bike,dune_bayes,49,dispersion,0.6181395620107651,1.0417802333831787,1.6014333367347717
bike,dune_bayes,50,dispersion,0.8428738504648209,1.2647894620895386,1.7258258819580077
bike,dune_bayes,51,dispersion,1.043191784620285,1.4671634435653687,1.9163217425346373
bike,dune_bayes,52,dispersion,0.8861168146133422,1.297055184841156,1.7130693435668944
bike,dune_bayes,53,dispersion,0.7363821417093277,1.123562753200531,1.5128910720348359
bike,dune_bayes,54,dispersion,1.2381255686283112,1.609759271144867,2.0561202764511104
bike,dune_bayes,55,dispersion,1.2381255686283112,1.609759271144867,2.0561202764511104
bike,dune_bayes,56,dispersion,1.9478530406951904,2.6278936862945557,3.2643267035484307
bike,dune_bayes,57,dispersion,0.8023296743631363,1.2235751748085022,1.722383117675781
bike,dune_bayes,58,dispersion,0.6186276942491532,1.1075246930122375,1.7669081807136533
bike,dune_bayes,59,dispersion,0.7059079289436341,1.1297004222869873,1.6678535163402557
bike,dune_bayes,60,dispersion,0.9194426834583282,1.3384029865264893,1.7943791925907133
bike,dune_bayes,61,dispersion,1.075792795419693,1.4711757898330688,1.869265592098236
bike,dune_bayes,62,dispersion,0.9026449859142304,1.3193409442901611,1.7089390635490407
bike,dune_bayes,63,dispersion,0.9019417047500611,1.3202504515647888,1.7558544576168058
bike,dune_bayes,64,dispersion,1.1126806735992432,1.525114119052887,1.9305976271629333
bike,dune_bayes,65,dispersion,1.2970722377300263,1.70872300863266,2.1250267863273615
bike,dune_bayes,66,dispersion,1.3278706789016723,1.752293348312378,2.2083375692367553
bike,dune_bayes,67,dispersion,1.3274554073810578,1.7668887972831726,2.232528901100159
bike,dune_bayes,68,dispersion,1.3332650661468506,1.8034304976463318,2.3739101886749268
bike,dune_bayes,69,dispersion,1.8942059338092805,2.39555823802948,2.8833237051963807
bike,dune_bayes,70,dispersion,1.6794515609741212,2.1410235166549683,2.5873608112335202
bike,dune_bayes,71,dispersion,0.9164676666259766,1.344208836555481,1.858342117071151
bike,dune_bayes,72,dispersion,1.2759629428386687,1.7258793711662292,2.272611916065216
bike,dune_bayes,73,dispersion,1.1544992923736572,1.6434904336929321,2.1870787143707275
bike,dune_bayes,74,dispersion,1.1379705250263215,1.5988935828208923,2.1167158842086793
bike,dune_bayes,75,dispersion,0.3441890701651573,0.5832287073135376,0.8950033098459242
bike,dune_bayes,76,dispersion,0.6847035974264145,1.1126484870910645,1.6039890944957729
bike,dune_bayes,77,dispersion,0.6891210019588471,1.036088228225708,1.415342032909393
bike,dune_bayes,78,dispersion,0.6891210019588471,1.036088228225708,1.415342032909393
bike,dune_bayes,79,dispersion,0.678722158074379,1.0211068391799927,1.4451313555240628
bike,dune_bayes,80,dispersion,0.7023367375135422,1.0627375841140747,1.4761440873146057
bike,dune_bayes,81,dispersion,0.5796748548746109,0.9587224721908569,1.3795016109943388
bike,dune_bayes,82,dispersion,0.6364072054624558,0.9793978929519653,1.38721929192543
bike,dune_bayes,83,dispersion,0.6345613300800323,1.0090566277503967,1.4405966937541959
bike,dune_bayes,84,dispersion,0.6271756947040558,0.9904429018497467,1.4182458102703093
bike,dune_bayes,85,dispersion,0.7812549114227295,1.1955402493476868,1.6713594019412992
bike,dune_bayes,86,dispersion,0.7083168715238571,1.0822137594223022,1.508414494991302
bike,dune_bayes,87,dispersion,0.7481317639350892,1.130443274974823,1.55805087685585
bike,dune_bayes,88,dispersion,1.439990520477295,2.0372432470321655,2.6135688900947565
bike,dune_bayes,89,dispersion,1.7214904010295868,2.348961591720581,2.940514349937439
bike,dune_bayes,90,dispersion,1.7658191800117493,2.3280491828918457,2.8920170068740845
bike,dune_bayes,91,dispersion,0.632043007016182,0.8719508945941925,1.1185631096363067
bike,dune_bayes,92,dispersion,0.5801953375339508,0.8651247918605804,1.2153131008148192
bike,dune_bayes,93,dispersion,0.6256856173276901,0.9045877754688263,1.2315369009971615
bike,dune_bayes,94,dispersion,0.7957452237606049,1.0851975679397583,1.3995307862758635
bike,dune_bayes,95,dispersion,0.5125426858663559,0.8151351809501648,1.2250187754631041
bike,dune_bayes,96,dispersion,0.5676519960165024,0.9177541136741638,1.4044564366340637
bike,dune_bayes,97,dispersion,0.9474662989377975,1.2790782451629639,1.6072231769561767
bike,dune_bayes,98,dispersion,0.9260066241025925,1.293821632862091,1.6938175439834595
bike,dune_bayes,99,dispersion,0.7072368919849396,1.0201998949050903,1.360295844078064
bike,dune_bayes,100,dispersion,1.1618421971797943,1.5449714660644531,1.9533741831779479
bike,dune_bayes,101,dispersion,0.6841408312320709,1.1214898228645325,1.6937888026237486
bike,dune_bayes,102,dispersion,0.4345419064164162,0.8786463141441345,1.5324713289737695
bike,dune_bayes,103,dispersion,0.831812509894371,1.2706097960472107,1.8134082555770872
bike,dune_bayes,104,dispersion,0.8442353367805481,1.2897048592567444,1.8110379576683042
bike,dune_bayes,105,dispersion,0.6152233421802521,1.0281464457511902,1.5068819880485531
bike,dune_bayes,106,dispersion,0.8761156171560287,1.31625634431839,1.8080171883106229
bike,dune_bayes,107,dispersion,1.1888545036315918,1.6886287331581116,2.251623845100403
bike,dune_bayes,108,dispersion,1.1888545036315918,1.6886287331581116,2.251623845100403
bike,dune_bayes,109,dispersion,1.2738019108772278,1.7697997093200684,2.3210694789886475
bike,dune_bayes,110,dispersion,0.688830953836441,1.0724296569824219,1.51274431347847
bike,dune_bayes,111,dispersion,0.47548956573009493,0.8614834547042847,1.3727801799774162
bike,dune_bayes,112,dispersion,1.127052217721939,1.611006736755371,2.2061747550964355
bike,dune_bayes,113,dispersion,0.8715062826871872,1.2722848653793335,1.6895249664783478
bike,dune_bayes,114,dispersion,1.4983203530311584,1.9592247009277344,2.4108757019042963
bike,dune_bayes,115,dispersion,0.5537612706422805,0.8936375081539154,1.3236121773719784
bike,dune_bayes,116,dispersion,1.462255722284317,1.8523428440093994,2.272247231006622
bike,dune_bayes,117,dispersion,1.6743200600147248,2.187182664871216,2.6969686508178707
bike,dune_bayes,118,dispersion,1.597884088754654,2.1513850688934326,2.71861377954483
bike,dune_bayes,119,dispersion,1.5630171060562135,2.1406688690185547,2.748490488529205
bike,dune_bayes,120,dispersion,1.6311467945575715,2.216972827911377,2.8455169796943665
bike,dune_bayes,121,dispersion,1.7529776096343994,2.2842929363250732,2.7471829771995537
bike,dune_bayes,122,dispersion,1.89051713347435,2.4854015111923218,3.0570634484291075
bike,dune_bayes,123,dispersion,1.6607531368732453,2.2360843420028687,2.8168293237686153
bike,dune_bayes,124,dispersion,1.4684808671474456,1.9013733863830566,2.32778822183609
bike,dune_bayes,125,dispersion,1.0704489707946778,1.5215367078781128,2.0024925827980042
bike,dune_bayes,126,dispersion,0.9446836322546005,1.4059839844703674,1.9063735365867613
bike,dune_bayes,127,dispersion,0.8780692040920257,1.2857148051261902,1.737150293588638
bike,dune_bayes,128,dispersion,0.831833526492119,1.2933061718940735,1.8275285363197324
bike,dune_bayes,129,dispersion,1.0441758513450623,1.4871690273284912,1.9925968289375302
bike,dune_bayes,130,dispersion,1.2466720759868621,1.7939149141311646,2.4419485569000243
bike,dune_bayes,131,dispersion,0.7629500746726989,1.1364362239837646,1.572703981399536
bike,dune_bayes,132,dispersion,0.9147850841283798,1.2775881886482239,1.7263704478740691
bike,dune_bayes,133,dispersion,0.8888046950101852,1.2857809662818909,1.7615334153175348
bike,dune_bayes,134,dispersion,1.2782547652721405,1.6360363960266113,2.007791471481323
bike,dune_bayes,135,dispersion,1.293637865781784,1.7188961505889893,2.164494931697845
bike,dune_bayes,136,dispersion,1.2775943219661712,1.6650420427322388,2.054316449165344
bike,dune_bayes,137,dispersion,1.2775943219661712,1.6650420427322388,2.054316449165344
bike,dune_bayes,138,dispersion,1.3047024488449097,1.6960633993148804,2.0883202314376828
bike,dune_bayes,139,dispersion,1.5114875137805939,1.9219167828559875,2.387786865234375
bike,dune_bayes,140,dispersion,1.6289890170097352,2.1419894695281982,2.7422913908958435
bike,dune_bayes,141,dispersion,2.0072699189186096,2.6956547498703003,3.3327876091003406
bike,dune_bayes,142,dispersion,1.7378483593463898,2.252569794654846,2.755949819087982
bike,dune_bayes,143,dispersion,0.44318408221006395,0.7773595750331879,1.2511698424816127
bike,dune_bayes,144,dispersion,0.6108680933713914,1.0637857913970947,1.6836091160774225
bike,dune_bayes,145,dispersion,0.7966440141201019,1.1977660655975342,1.5879989266395562
bike,dune_bayes,146,dispersion,0.9635398626327515,1.3936915397644043,1.8590859115123746
bike,dune_bayes,147,dispersion,0.8741282045841217,1.2843899726867676,1.711021900177002
bike,dune_bayes,148,dispersion,0.6749611794948578,1.1192241311073303,1.6952301502227782
bike,dune_bayes,149,dispersion,0.6041814863681794,0.9819382131099701,1.4039500415325157
bike,dune_bayes,150,dispersion,1.390610933303833,1.8490090370178223,2.4101674795150756
bike,dune_bayes,151,dispersion,1.8534533739089967,2.3828810453414917,2.859651756286621
bike,dune_bayes,152,dispersion,0.923660871386528,1.2782137989997864,1.6372742772102356
bike,dune_bayes,153,dispersion,0.6652985394001008,0.9835714399814606,1.2963287591934203
bike,dune_bayes,154,dispersion,1.1544065356254578,1.620681345462799,2.1736984729766844
bike,dune_bayes,155,dispersion,1.4875977098941804,2.1249672174453735,2.8411799073219295
bike,dune_bayes,156,dispersion,1.4875977098941804,2.1249672174453735,2.8411799073219295
bike,dune_bayes,157,dispersion,1.4740762531757354,2.090864658355713,2.7795416593551634
bike,dune_bayes,158,dispersion,1.405169701576233,2.0160354375839233,2.6877970337867736
bike,dune_bayes,159,dispersion,1.3903222024440764,1.9947415590286255,2.6626285076141354
bike,dune_bayes,160,dispersion,1.4372441470623016,2.098046064376831,2.876188480854034
bike,dune_bayes,161,dispersion,0.9939838379621506,1.5875846147537231,2.250101959705353
bike,dune_bayes,162,dispersion,0.75808345079422,1.1802306771278381,1.713612139225006
bike,dune_bayes,163,dispersion,0.7843462616205216,1.1847910284996033,1.6298017978668211
bike,dune_bayes,164,dispersion,0.7586038798093796,1.1075639128684998,1.5080394923686982
bike,dune_bayes,165,dispersion,0.6023124396800995,0.9142314493656158,1.2612151861190795
bike,dune_bayes,166,dispersion,1.285419261455536,1.7208248972892761,2.246298837661743
bike,dune_bayes,167,dispersion,1.7282729923725129,2.311389207839966,2.9049739480018615
bike,dune_bayes,168,dispersion,1.7844853222370147,2.4169890880584717,3.0094744205474853
bike,dune_bayes,169,dispersion,1.8466688871383667,2.4951024055480957,3.0905946373939512
bike,dune_bayes,170,dispersion,1.943528985977173,2.6612329483032227,3.3369908571243285
bike,dune_bayes,171,dispersion,1.0983559668064118,1.440793216228485,1.864610743522644
bike,dune_bayes,172,dispersion,1.167516851425171,1.573381781578064,2.0887580275535584
bike,dune_bayes,173,dispersion,1.4884765028953553,1.952054500579834,2.4373177528381347
bike,dune_bayes,174,dispersion,1.6271805822849275,2.1624659299850464,2.704675483703613
bike,dune_bayes,175,dispersion,1.3877418994903565,1.8672420382499695,2.34579222202301
bike,dune_bayes,176,dispersion,0.5987285524606705,1.0553672909736633,1.665049618482589
bike,dune_bayes,177,dispersion,0.49876993149518967,0.8869652450084686,1.4537879347801208
bike,dune_bayes,178,dispersion,0.7483147561550141,1.1734828352928162,1.6311763167381284
bike,dune_bayes,179,dispersion,0.6444504261016846,1.121294379234314,1.7353686332702636
bike,dune_bayes,180,dispersion,1.1654832422733308,1.612177848815918,2.0782186150550843
bike,dune_bayes,181,dispersion,1.279885894060135,1.7041738033294678,2.1851674675941464
bike,dune_bayes,182,dispersion,1.0635663747787476,1.5322960019111633,2.114060890674591
bike,dune_bayes,183,dispersion,0.8933206230401993,1.360724925994873,1.916825801134109
bike,dune_bayes,184,dispersion,0.7834007978439331,1.1830464005470276,1.5811362266540525
bike,dune_bayes,185,dispersion,1.9132025361061096,2.4497820138931274,2.9300325036048886
bike,dune_bayes,186,dispersion,0.684629088640213,1.1101908087730408,1.5505161345005032
bike,dune_bayes,187,dispersion,0.7722189903259278,1.2078038454055786,1.6714300572872156
bike,dune_bayes,188,dispersion,0.8174333840608597,1.2744380831718445,1.7697429001331322
bike,dune_bayes,189,dispersion,0.9788932561874389,1.4473308324813843,2.0025537490844716
bike,dune_bayes,190,dispersion,1.011100596189499,1.4316238760948181,1.902741092443466
bike,dune_bayes,191,dispersion,1.2793541967868804,1.7982699275016785,2.3804086446762085
bike,dune_bayes,192,dispersion,1.6337201476097107,2.252352714538574,2.958736038208008
bike,dune_bayes,193,dispersion,1.504737490415573,2.055067539215088,2.6967031478881833
bike,dune_bayes,194,dispersion,1.1379705250263215,1.5988935828208923,2.1167158842086793
bike,dune_bayes,195,dispersion,0.36934734582901,0.6429249048233032,1.0156120002269744
bike,dune_bayes,196,dispersion,0.4175580650568008,0.7097818851470947,1.0520668089389802
bike,dune_bayes,197,dispersion,0.6848883211612702,1.059014916419983,1.4821941971778867
bike,dune_bayes,198,dispersion,1.3049716174602508,1.8258758187294006,2.4113541364669797
bike,dune_bayes,199,dispersion,1.1794586062431336,1.6519888639450073,2.2077956914901735
bike,dune_bayes,200,dispersion,1.1857569754123687,1.612263798713684,2.130137324333191
bike,dune_bayes,201,dispersion,0.22929913997650148,0.41503188014030457,0.6668900936841964
bike,dune_bayes,202,dispersion,0.23542833626270296,0.4238937944173813,0.6751401036977768
bike,dune_bayes,203,dispersion,0.21865388080477716,0.4108086824417114,0.688985052704811
bike,dune_bayes,204,dispersion,0.4837721958756447,0.7574805021286011,1.0643790721893307
bike,dune_bayes,205,dispersion,0.3323910877108574,0.5799421966075897,0.9656213939189909
bike,dune_bayes,206,dispersion,0.31437653452157976,0.5468254685401917,0.8723434388637539
bike,dune_bayes,207,dispersion,0.1906449869275093,0.42320966720581055,0.8500579237937925
bike,dune_bayes,208,dispersion,0.5324711054563522,0.9034692645072937,1.296009933948517
bike,dune_bayes,209,dispersion,0.8599195808172226,1.2397770881652832,1.5941283822059629
bike,dune_bayes,210,dispersion,0.3262921467423439,0.5665129721164703,0.872879946231842
bike,dune_bayes,211,dispersion,0.7146468162536621,0.9687939286231995,1.2124726355075834
bike,dune_bayes,212,dispersion,0.6094799280166626,0.8506546914577484,1.0823658585548395
bike,dune_bayes,213,dispersion,0.37017567455768585,0.5528777837753296,0.8011288642883296
bike,dune_bayes,214,dispersion,0.4814361959695816,0.7039507925510406,0.9506190568208691
bike,dune_bayes,215,dispersion,0.555849352478981,0.7939097285270691,1.0510443568229675
bike,dune_bayes,216,dispersion,0.7912459433078766,1.0294963717460632,1.26597009897232
bike,dune_bayes,217,dispersion,1.0108966946601867,1.3143280744552612,1.6183472394943237
bike,dune_bayes,218,dispersion,0.23674820363521576,0.3975169360637665,0.6442497193813324
bike,dune_bayes,219,dispersion,0.21159082502126694,0.3834466487169266,0.6509054481983184
bike,dune_bayes,220,dispersion,0.2927768170833588,0.48419347405433655,0.7450692147016523
bike,dune_bayes,221,dispersion,0.2641915500164032,0.46998463571071625,0.7835050165653227
bike,dune_bayes,222,dispersion,0.17387698143720628,0.37680158019065857,0.7087282270193095
bike,dune_bayes,223,dispersion,0.14678554385900497,0.35898657143116,0.7727127224206923
bike,dune_bayes,224,dispersion,0.14999466910958292,0.34559328854084015,0.7192744702100748
bike,dune_bayes,225,dispersion,0.2177148826420307,0.48545555770397186,0.943549898266792
bike,dune_bayes,226,dispersion,0.37578921616077426,0.6581887602806091,1.0115071713924402
bike,dune_bayes,227,dispersion,0.30894134342670443,0.5911044478416443,0.9741870224475857
bike,dune_bayes,228,dispersion,0.28835462480783464,0.535824716091156,0.8502700567245484
bike,dune_bayes,229,dispersion,0.21210004910826682,0.3861488997936249,0.635104951262474
bike,dune_bayes,230,dispersion,0.9102636605501175,1.358603060245514,1.9082839012145996
bike,dune_bayes,231,dispersion,1.6999344110488892,2.1824780702590942,2.6619524955749507
bike,dune_bayes,232,dispersion,1.2317986249923707,1.6049860715866089,2.037703049182892
bike,dune_bayes,233,dispersion,0.923660871386528,1.2782137989997864,1.6372742772102356
bike,dune_bayes,234,dispersion,0.8559104889631272,1.2216887474060059,1.5790906608104702
bike,dune_bayes,235,dispersion,0.793120875954628,1.1839132905006409,1.579221612215042
bike,dune_bayes,236,dispersion,1.2035103559494018,1.6047280430793762,2.000178945064545
bike,dune_bayes,237,dispersion,0.7992487072944641,1.240964412689209,1.7692349493503565
bike,dune_bayes,238,dispersion,0.42525575757026673,0.7508345246315002,1.1941898941993712
bike,dune_bayes,239,dispersion,0.4157486349344254,0.717976838350296,1.1063975632190701
bike,dune_bayes,240,dispersion,0.44867078512907027,0.7726414799690247,1.1815553486347197
bike,dune_bayes,241,dispersion,1.3676689386367797,1.7491459846496582,2.168756067752838
bike,dune_bayes,242,dispersion,1.38482968211174,1.821755826473236,2.290397715568542
bike,dune_bayes,243,dispersion,0.5531445145606995,0.8004845380783081,1.0804857373237609
bike,dune_bayes,244,dispersion,1.1649771809577942,1.6646144390106201,2.1775821924209593
bike,dune_bayes,245,dispersion,1.4053879916667937,1.8994830250740051,2.42153285741806
bike,dune_bayes,246,dispersion,1.4053879916667937,1.8994830250740051,2.42153285741806
bike,dune_bayes,247,dispersion,1.344539326429367,1.831548810005188,2.352690851688385
bike,dune_bayes,248,dispersion,0.49043788611888883,0.7739477753639221,1.122608035802841
bike,dune_bayes,249,dispersion,0.49043788611888883,0.7739477753639221,1.122608035802841
bike,dune_bayes,250,dispersion,0.765470027923584,1.1726303100585938,1.6600641429424283
bike,dune_bayes,251,dispersion,0.28362190127372744,0.5111576020717621,0.8245841294527053
bike,dune_bayes,252,dispersion,0.4311503082513809,0.6872004270553589,0.9958319365978241
bike,dune_bayes,253,dispersion,1.0172518968582154,1.444000482559204,1.9263171315193175
bike,dune_bayes,254,dispersion,1.2411933064460754,1.7659672498703003,2.3689627051353455
bike,dune_bayes,255,dispersion,1.3064728319644927,1.8511841297149658,2.462663173675537
bike,dune_bayes,256,dispersion,0.627099871635437,0.9072930812835693,1.2472209393978115
bike,dune_bayes,257,dispersion,0.42698927968740463,0.6797283589839935,0.9719251394271848
bike,dune_bayes,258,dispersion,0.2870009526610374,0.4608556032180786,0.690456700325012
bike,dune_bayes,259,dispersion,0.40893495827913284,0.6034402549266815,0.8528503477573393
bike,dune_bayes,260,dispersion,0.42117094397544863,0.6322620213031769,0.8866126745939255
bike,dune_bayes,261,dispersion,0.5870100140571595,0.850725382566452,1.1545398354530332
bike,dune_bayes,262,dispersion,0.6165699928998947,0.890924334526062,1.213682150840759
bike,dune_bayes,263,dispersion,1.1199255526065826,1.4630351066589355,1.8651429414749143
bike,dune_bayes,264,dispersion,0.7749553769826889,1.3112022876739502,1.9248429715633388
bike,dune_bayes,265,dispersion,1.0117530465126037,1.4694799184799194,1.951268023252487
bike,dune_bayes,266,dispersion,0.4550379663705826,0.7495511770248413,1.121620786190033
bike,dune_bayes,267,dispersion,0.9596563696861268,1.3626538515090942,1.8458726108074177
bike,dune_bayes,268,dispersion,1.2180527329444886,1.575360119342804,1.9623717784881591
bike,dune_bayes,269,dispersion,1.416959148645401,1.8090786337852478,2.2047785997390745
bike,dune_bayes,270,dispersion,1.654373437166214,2.121382713317871,2.562875688076019
bike,dune_bayes,271,dispersion,0.32434807866811755,0.5696977376937866,0.9254743576049804
bike,dune_bayes,272,dispersion,0.24919991344213488,0.5046806335449219,0.9045281112194057
bike,dune_bayes,273,dispersion,0.7773795694112777,1.2672740817070007,1.8372918009757992
bike,dune_bayes,274,dispersion,0.7738759845495224,1.2289660573005676,1.6768848061561574
bike,dune_bayes,275,dispersion,0.7316070646047592,1.1671671867370605,1.6152681231498716
bike,dune_bayes,276,dispersion,0.70656059384346,1.1256448030471802,1.6077213048934933
bike,dune_bayes,277,dispersion,0.553568834066391,0.9663046300411224,1.4868702471256257
bike,dune_bayes,278,dispersion,0.4849073588848114,0.7448211908340454,1.0252260744571684
bike,dune_bayes,279,dispersion,0.86754170358181,1.1604130864143372,1.4720552086830134
bike,dune_bayes,280,dispersion,1.1440258860588073,1.634806752204895,2.204233741760254
bike,dune_bayes,281,dispersion,1.0784499526023865,1.571711540222168,2.12157301902771
bike,dune_bayes,282,dispersion,1.1349689543247223,1.6371405720710754,2.2243812203407285
bike,dune_bayes,283,dispersion,0.5718167185783386,0.8325361013412476,1.1334391415119172
bike,dune_bayes,284,dispersion,0.5514276802539826,0.8069401979446411,1.1276606321334839
bike,dune_bayes,285,dispersion,0.7879419714212418,1.158277153968811,1.587994974851608
bike,dune_bayes,286,dispersion,0.8197716176509857,1.2914088368415833,1.7971333146095276
bike,dune_bayes,287,dispersion,0.8080693781375885,1.2526382207870483,1.7427612245082849
bike,dune_bayes,288,dispersion,0.9080274343490601,1.3992575407028198,1.9307758390903462
bike,dune_bayes,289,dispersion,1.6736812531948089,2.2648539543151855,2.878277420997619
bike,dune_bayes,290,dispersion,1.4060163855552674,1.94568932056427,2.530568540096283
bike,dune_bayes,291,dispersion,1.3899373888969422,1.9390206336975098,2.5556281089782713
bike,dune_bayes,292,dispersion,0.4790080323815346,0.7827631831169128,1.1047093331813813
bike,dune_bayes,293,dispersion,0.9239763081073761,1.2773024439811707,1.686828017234802
bike,dune_bayes,294,dispersion,1.3172060489654542,1.7606011629104614,2.291872024536133
bike,dune_bayes,295,dispersion,1.5282650291919708,1.9489172101020813,2.4225782632827757
bike,dune_bayes,296,dispersion,1.216252088546753,1.6611014604568481,2.1956010818481446
bike,dune_bayes,297,dispersion,0.6559125155210495,0.9914139807224274,1.3461798310279844
bike,dune_bayes,298,dispersion,0.382938301563263,0.6458055078983307,0.9534899979829786
bike,dune_bayes,299,dispersion,0.36556501537561414,0.6352918446063995,0.9734819948673248
bike,dune_bayes,300,dispersion,0.3836441323161125,0.6980001926422119,1.1514693319797515
bike,dune_bayes,301,dispersion,1.2324933171272279,1.5956234335899353,2.0338614821434016
bike,dune_bayes,302,dispersion,1.5325182318687438,1.9849478006362915,2.430674600601196
bike,dune_bayes,303,dispersion,1.6531791508197784,2.145050525665283,2.6282700657844535
bike,dune_bayes,304,dispersion,1.1284708976745605,1.4928897023200989,1.8392582535743713
bike,dune_bayes,305,dispersion,0.3037202090024948,0.5760237872600555,0.9049646526575084
bike,dune_bayes,306,dispersion,0.3204883962869644,0.5771162807941437,0.9303215742111204
bike,dune_bayes,307,dispersion,0.2511353150010109,0.4814644753932953,0.8167584061622618
bike,dune_bayes,308,dispersion,0.30485218912363055,0.5984495878219604,0.9483067959547042
bike,dune_bayes,309,dispersion,1.3669862747192383,1.8548200130462646,2.392672562599181
bike,dune_bayes,310,dispersion,1.3669862747192383,1.8548200130462646,2.392672562599181
bike,dune_bayes,311,dispersion,1.41169216632843,1.914717972278595,2.4374760985374446
bike,dune_bayes,312,dispersion,1.3205705046653748,1.6890043020248413,2.0617599487304683
bike,dune_bayes,313,dispersion,0.87633955180645,1.2084625959396362,1.5662106037139887
bike,dune_bayes,314,dispersion,0.6257933050394058,0.8990995287895203,1.1819405138492582
bike,dune_bayes,315,dispersion,0.5927351117134094,0.8449573516845703,1.1134804248809815
bike,dune_bayes,316,dispersion,0.5725294440984726,0.840133786201477,1.0992022275924682
bike,dune_bayes,317,dispersion,0.8640904247760773,1.2472310066223145,1.7181730985641477
bike,dune_bayes,318,dispersion,0.4110432922840119,0.6210120022296906,0.8652789652347561
bike,dune_bayes,319,dispersion,0.7931250602006912,1.2061212062835693,1.7174837946891783
bike,dune_bayes,320,dispersion,0.627099871635437,0.9072930812835693,1.2472209393978115
bike,dune_bayes,321,dispersion,0.285841628909111,0.5097877085208893,0.8404212832450866
bike,dune_bayes,322,dispersion,0.21273444592952728,0.3994626998901367,0.6860339581966397
bike,dune_bayes,323,dispersion,0.5822571843862534,0.8649857640266418,1.213049727678299
bike,dune_bayes,324,dispersion,0.5477476745843888,0.8392944633960724,1.2259025514125823
bike,dune_bayes,325,dispersion,0.8704845160245895,1.2531678676605225,1.6943246185779568
bike,dune_bayes,326,dispersion,0.40647314488887787,0.6917234063148499,1.0961835026741027
bike,dune_bayes,327,dispersion,0.5019650250673294,0.755055844783783,1.0461644470691678
bike,dune_bayes,328,dispersion,0.5328103393316269,0.7946973443031311,1.0663264513015747
bike,dune_bayes,329,dispersion,1.501168692111969,1.9300813674926758,2.3613579154014586
bike,dune_bayes,330,dispersion,1.2119318544864655,1.651088297367096,2.1827463865280152
bike,dune_bayes,331,dispersion,1.0504947066307069,1.3449286222457886,1.6568163156509397
bike,dune_bayes,332,dispersion,0.556017717719078,0.8060223758220673,1.0554144501686096
bike,dune_bayes,333,dispersion,0.650944197177887,0.918088436126709,1.2040631175041199
bike,dune_bayes,334,dispersion,0.420961432158947,0.6650439202785492,0.9604602694511414
bike,dune_bayes,335,dispersion,1.021122121810913,1.3548345565795898,1.7173563838005064
bike,dune_bayes,336,dispersion,1.4894117295742035,1.9937317371368408,2.516869282722473
bike,dune_bayes,337,dispersion,1.003205531835556,1.3181136846542358,1.644159299135208
bike,dune_bayes,338,dispersion,1.0595227301120758,1.3682315349578857,1.7074503302574158
bike,dune_bayes,339,dispersion,0.5371446698904038,0.7406153082847595,0.9639479130506515
bike,dune_bayes,340,dispersion,0.6403360694646836,0.9305084645748138,1.2759123265743255
bike,dune_bayes,341,dispersion,1.0279132366180421,1.322462797164917,1.630843275785446
bike,dune_bayes,342,dispersion,1.0218303501605988,1.2993664741516113,1.5995500981807702
bike,dune_bayes,343,dispersion,0.27646115571260454,0.45312076807022095,0.6932435244321823
bike,dune_bayes,344,dispersion,0.2116374269127846,0.3748489022254944,0.6364498347043991
bike,dune_bayes,345,dispersion,0.19424904510378838,0.34045177698135376,0.5773481339216231
bike,dune_bayes,346,dispersion,0.37500959932804107,0.5867609083652496,0.856163054704666
bike,dune_bayes,347,dispersion,0.46009993702173235,0.6564206480979919,0.8848784148693084
bike,dune_bayes,348,dispersion,0.2642705366015434,0.4182974398136139,0.653813511133194
bike,dune_bayes,349,dispersion,0.22473087310791015,0.37908513844013214,0.6352003365755078
bike,dune_bayes,350,dispersion,0.18743796944618227,0.356820672750473,0.6459172338247295
bike,dune_bayes,351,dispersion,0.17869540974497797,0.344716876745224,0.6378978133201598
bike,dune_bayes,352,dispersion,0.500703090429306,0.7764000296592712,1.1019468545913693
bike,dune_bayes,353,dispersion,0.6696084469556809,1.007017195224762,1.3752696216106408
bike,dune_bayes,354,dispersion,0.7586038798093796,1.1075639128684998,1.5080394923686982
bike,dune_bayes,355,dispersion,0.6449754267930985,0.974522739648819,1.3373842656612394
bike,dune_bayes,356,dispersion,0.26623385548591616,0.4825684428215027,0.7707105398178098
bike,dune_bayes,357,dispersion,0.9758820444345474,1.3379090428352356,1.7368582665920258
bike,dune_bayes,358,dispersion,0.7348429203033447,0.9477334022521973,1.1865434765815732
bike,dune_bayes,359,dispersion,0.7129338026046753,0.930937260389328,1.1853482902050019
bike,dune_bayes,360,dispersion,1.1156414866447448,1.5024133920669556,1.9391554713249206
bike,dune_bayes,361,dispersion,1.150326269865036,1.5621113777160645,2.0382503032684327
bike,dune_bayes,362,dispersion,1.102608758211136,1.4329476952552795,1.7925981640815731
bike,dune_bayes,363,dispersion,0.4157502084970474,0.6445614099502563,0.9051033347845074
bike,dune_bayes,364,dispersion,0.4584061875939369,0.6960694193840027,0.975390443205833
bike,dune_bayes,365,dispersion,1.1284708976745605,1.4928897023200989,1.8392582535743713
bike,dune_bayes,366,dispersion,1.1683686077594757,1.5654857754707336,1.9563751876354216
bike,dune_bayes,367,dispersion,1.3235999703407288,1.7576386332511902,2.2073865652084343
bike,dune_bayes,368,dispersion,1.273601484298706,1.7022777199745178,2.176532578468323
bike,dune_bayes,369,dispersion,1.0311048448085784,1.3369461297988892,1.6468113005161285
bike,dune_bayes,370,dispersion,1.0950175762176513,1.4703328013420105,1.8361682057380673
bike,dune_bayes,371,dispersion,1.4597720801830292,1.991612732410431,2.5285033583641052
bike,dune_bayes,372,dispersion,1.5064111471176147,1.9063720703125,2.3163712382316586
bike,dune_bayes,373,dispersion,0.551281800866127,0.849047839641571,1.1762626647949215
bike,dune_bayes,374,dispersion,0.42599155008792877,0.6882731020450592,0.9808010667562483
bike,dune_bayes,375,dispersion,0.40993888676166534,0.697490930557251,1.0619339764118194
bike,dune_bayes,376,dispersion,0.49973360151052476,0.8283063769340515,1.1802900433540338
bike,dune_bayes,377,dispersion,0.5587003529071808,0.8975392878055573,1.259298241138458
bike,dune_bayes,378,dispersion,0.41923634260892867,0.7051026821136475,1.0816981077194214
bike,dune_bayes,379,dispersion,0.2972051605582237,0.5298283398151398,0.8212978452444076
bike,dune_bayes,380,dispersion,0.45462558716535567,0.7323658764362335,1.067043524980545
bike,dune_bayes,381,dispersion,0.49601623266935346,0.8029105365276337,1.1574750244617462
bike,dune_bayes,382,dispersion,0.6415421366691589,0.9886522889137268,1.3644037127494812
bike,dune_bayes,383,dispersion,0.7450975567102432,1.1129698753356934,1.5285426199436183
bike,dune_bayes,384,dispersion,1.1267281115055083,1.5662944316864014,2.0909954786300657
bike,dune_bayes,385,dispersion,0.7568332642316818,1.1476848125457764,1.5726564288139337
bike,dune_bayes,386,dispersion,0.3235932633280754,0.6041226983070374,0.9770250052213667
bike,dune_bayes,387,dispersion,0.36133415549993514,0.6313146948814392,0.9447022795677184
bike,dune_bayes,388,dispersion,0.34548141062259674,0.6021362245082855,0.9236801058053968
bike,dune_bayes,389,dispersion,1.0035525619983674,1.3592841029167175,1.6931396722793577
bike,dune_bayes,390,dispersion,0.6746503084897996,1.0880966782569885,1.5264552175998685
bike,dune_bayes,391,dispersion,0.5872092068195344,0.9583452343940735,1.343151730298996
bike,dune_bayes,392,dispersion,0.4101484224200249,0.7086252272129059,1.0385511398315428
bike,dune_bayes,393,dispersion,0.38389444798231126,0.6663631498813629,0.9708494722843168
bike,dune_bayes,394,dispersion,0.3840698659420013,0.6829446256160736,1.0129585266113277
bike,dune_bayes,395,dispersion,0.4671721935272217,0.7991078794002533,1.1967598080635067
bike,dune_bayes,396,dispersion,0.8303404897451401,1.2172381281852722,1.5907271206378937
bike,dune_bayes,397,dispersion,0.6512887388467788,1.0282996892929077,1.4235632896423338
bike,dune_bayes,398,dispersion,0.36506613045930864,0.6431353390216827,0.9599976301193236
bike,dune_bayes,399,dispersion,0.3917424589395523,0.672598272562027,0.9901616424322128
bike,dune_bayes,400,dispersion,0.5154936999082566,0.8416215479373932,1.2574254274368284
bike,dune_bayes,401,dispersion,0.6464468568563462,1.0068941712379456,1.4317810595035552
bike,dune_bayes,402,dispersion,0.5529152631759644,0.8274625241756439,1.1010660111904145
bike,dune_bayes,403,dispersion,1.5055325210094452,1.9877809882164001,2.4598217129707334
bike,dune_bayes,404,dispersion,0.4472182601690292,0.720920979976654,1.1189457297325132
bike,dune_bayes,405,dispersion,1.0045985400676727,1.316619098186493,1.7125887691974637
bike,dune_bayes,406,dispersion,0.6958353281021118,1.1231030225753784,1.6040235579013822
bike,dune_bayes,407,dispersion,0.9184436559677124,1.2926536202430725,1.7628684639930725
bike,dune_bayes,408,dispersion,1.051090168952942,1.4653760194778442,1.9775758445262908
bike,dune_bayes,409,dispersion,1.0467846810817718,1.448304295539856,1.9385787725448607
bike,dune_bayes,410,dispersion,0.8216511338949204,1.183425784111023,1.6055473148822785
bike,dune_bayes,411,dispersion,0.5447028011083603,0.8263653218746185,1.1385012924671172
bike,dune_bayes,412,dispersion,0.29576378464698794,0.4815266579389572,0.7123610466718674
bike,dune_bayes,413,dispersion,0.5002372980117797,0.7244868576526642,0.9500239074230192
bike,dune_bayes,414,dispersion,0.8329221338033677,1.1103402376174927,1.3949635326862326
bike,dune_bayes,415,dispersion,0.9207785338163376,1.2294510006904602,1.5632429659366607
bike,dune_bayes,416,dispersion,0.590831282734871,0.8292626738548279,1.0721399009227752
bike,dune_bayes,417,dispersion,0.5052521973848343,0.7168759107589722,0.9648466408252715
bike,dune_bayes,418,dispersion,0.2712659701704979,0.47475074231624603,0.7574063152074811
bike,dune_bayes,419,dispersion,0.21046000644564627,0.40059471130371094,0.7045173346996306
bike,dune_bayes,420,dispersion,0.10568460561335087,0.23109926283359528,0.48762650042772276
bike,dune_bayes,421,dispersion,0.13204212337732316,0.27435413002967834,0.5408331513404843
bike,dune_bayes,422,dispersion,0.9600919723510742,1.3523206114768982,1.7517111659049986
bike,dune_bayes,423,dispersion,1.0807129263877868,1.518666923046112,2.0189855337142943
bike,dune_bayes,424,dispersion,1.2301863431930542,1.5847797393798828,2.00379866361618
bike,dune_bayes,425,dispersion,0.31437653452157976,0.5468254685401917,0.8723434388637539
bike,dune_bayes,426,dispersion,0.3029667347669601,0.526995986700058,0.839313071966171
bike,dune_bayes,427,dispersion,0.259758448600769,0.4812466651201248,0.7813502520322799
bike,dune_bayes,428,dispersion,0.4808981627225876,0.6733180582523346,0.8959430158138273
bike,dune_bayes,429,dispersion,0.34632060676813126,0.5428426265716553,0.7935866951942442
bike,dune_bayes,430,dispersion,0.5750905483961105,0.8578091561794281,1.1875490427017208
bike,dune_bayes,431,dispersion,1.2159663617610932,1.5809739232063293,1.9644006550312036
bike,dune_bayes,432,dispersion,0.870772859454155,1.142396867275238,1.4071394205093382
bike,dune_bayes,433,dispersion,1.2648996531963348,1.684487760066986,2.1100412964820863
bike,dune_bayes,434,dispersion,1.2648996531963348,1.684487760066986,2.1100412964820863
bike,dune_bayes,435,dispersion,1.3137843251228332,1.793409526348114,2.255056881904602
bike,dune_bayes,436,dispersion,1.3137843251228332,1.793409526348114,2.255056881904602
bike,dune_bayes,437,dispersion,1.378228634595871,1.8690744638442993,2.3385636687278737
bike,dune_bayes,438,dispersion,1.0881841063499451,1.6066187620162964,2.1803910732269287
bike,dune_bayes,439,dispersion,1.1135823845863342,1.6182675957679749,2.200500893592834
bike,dune_bayes,440,dispersion,0.9230312198400498,1.31699937582016,1.7940823316574093
bike,dune_bayes,441,dispersion,0.9490120202302933,1.371958613395691,1.888446176052093
bike,dune_bayes,442,dispersion,0.9490120202302933,1.371958613395691,1.888446176052093
bike,dune_bayes,443,dispersion,0.9428860992193222,1.343607783317566,1.8292487442493435
bike,dune_bayes,444,dispersion,1.019090735912323,1.4735517501831055,2.0221809029579156
bike,dune_bayes,445,dispersion,0.9700038075447083,1.4311164021492004,1.9757759809494015
bike,dune_bayes,446,dispersion,0.9634428322315216,1.3913074135780334,1.919163709878921
bike,dune_bayes,447,dispersion,0.8948866695165634,1.2955639958381653,1.7657731115818023
bike,dune_bayes,448,dispersion,0.6467770338058472,0.9517925381660461,1.286650252342223
bike,dune_bayes,449,dispersion,0.6960743427276611,1.0451486110687256,1.4158530056476588
bike,dune_bayes,450,dispersion,0.6979587882757187,1.120886743068695,1.5495540678501123
bike,dune_bayes,451,dispersion,1.0509751439094543,1.419873595237732,1.8416932880878447
bike,dune_bayes,452,dispersion,1.0509751439094543,1.419873595237732,1.8416932880878447
bike,dune_bayes,453,dispersion,1.1199255526065826,1.4630351066589355,1.8651429414749143
bike,dune_bayes,454,dispersion,0.5676927238702774,0.8707329034805298,1.2243479371070862
bike,dune_bayes,455,dispersion,0.2354855716228485,0.4026750773191452,0.6479859024286269
bike,dune_bayes,456,dispersion,0.2889757350087166,0.5371599793434143,0.8801111876964569
bike,dune_bayes,457,dispersion,0.4141966313123703,0.6421179473400116,0.9003394633531565
bike,dune_bayes,458,dispersion,0.8267173290252685,1.197386920452118,1.563479697704315
bike,dune_bayes,459,dispersion,1.0964358448982239,1.4144551157951355,1.7568904399871825
bike,dune_bayes,460,dispersion,1.1565429866313934,1.5918576121330261,2.029086136817932
bike,dune_bayes,461,dispersion,1.1857231259346008,1.6026048064231873,2.0341307520866394
bike,dune_bayes,462,dispersion,1.2387184798717499,1.6916838884353638,2.1599995374679564
bike,dune_bayes,463,dispersion,1.0141071200370788,1.29810631275177,1.5982212364673614
bike,dune_bayes,464,dispersion,0.6915163695812225,0.9157394170761108,1.1425849616527552
bike,dune_bayes,465,dispersion,0.8835110753774643,1.1274352669715881,1.368109917640686
bike,dune_bayes,466,dispersion,1.212983900308609,1.663191795349121,2.1645977616310117
bike,dune_bayes,467,dispersion,0.4213722780346871,0.6122589111328125,0.8525981187820434
bike,dune_bayes,468,dispersion,0.29975584894418716,0.5367681086063385,0.9010012239217757
bike,dune_bayes,469,dispersion,0.3186849966645241,0.573922336101532,0.9344943791627884
bike,dune_bayes,470,dispersion,0.4829419568181038,0.6760837435722351,0.9062942236661911
bike,dune_bayes,471,dispersion,0.6801021963357925,0.9072707295417786,1.1769914209842682
bike,dune_bayes,472,dispersion,0.609264612197876,0.9507626295089722,1.4091208994388575
bike,dune_bayes,473,dispersion,0.5204971194267273,0.829596608877182,1.2254388034343715
bike,dune_bayes,474,dispersion,0.8136809676885606,1.214063584804535,1.7450981199741364
bike,dune_bayes,475,dispersion,0.8964407920837403,1.307574212551117,1.8160687983036041
bike,dune_bayes,476,dispersion,0.37099309861660007,0.5420543849468231,0.7900801569223402
bike,dune_bayes,477,dispersion,0.4183849096298218,0.6847670078277588,1.0035866498947144
bike,dune_bayes,478,dispersion,0.7498836010694504,1.1620137095451355,1.6383202970027921
bike,dune_bayes,479,dispersion,0.735201409459114,1.1901720762252808,1.695700019598007
bike,dune_bayes,480,dispersion,0.7926767408847809,1.1174723505973816,1.5138142585754393
bike,dune_bayes,481,dispersion,0.22670614644885065,0.42895759642124176,0.7430354595184324
bike,dune_bayes,482,dispersion,0.20477318912744522,0.37901997566223145,0.6507240712642669
bike,dune_bayes,483,dispersion,0.25943385511636735,0.4545298367738724,0.6966902971267699
bike,dune_bayes,484,dispersion,0.7630241304636002,1.0210916996002197,1.3087449431419371
bike,dune_bayes,485,dispersion,1.1192629754543304,1.5897584557533264,2.098478996753692
bike,dune_bayes,486,dispersion,0.746071708202362,1.0603427290916443,1.4082216322422028
bike,dune_bayes,487,dispersion,0.5079158067703247,0.7135602235794067,0.9582855761051177
bike,dune_bayes,488,dispersion,0.5468992054462433,0.7371016442775726,0.9582757174968719
bike,dune_bayes,489,dispersion,0.7677347630262374,1.0137564539909363,1.2626567065715786
bike,dune_bayes,490,dispersion,0.8449846863746643,1.0913581848144531,1.3351746559143063
bike,dune_bayes,491,dispersion,0.7795529454946518,1.03230220079422,1.3130986154079434
bike,dune_bayes,492,dispersion,1.1311869084835053,1.4855402708053589,1.903360605239868
bike,dune_bayes,493,dispersion,0.4812612995505333,0.6843931078910828,0.9381364732980726
bike,dune_bayes,494,dispersion,0.7790655344724655,1.0767030715942383,1.4104974150657652
bike,dune_bayes,495,dispersion,0.14249566271901132,0.26259319484233856,0.4752208441495894
bike,dune_bayes,496,dispersion,0.418859526515007,0.63172248005867,0.8801583588123321
bike,dune_bayes,497,dispersion,0.3222811669111252,0.5179594159126282,0.791333582997322
bike,dune_bayes,498,dispersion,0.837210601568222,1.1093424558639526,1.356150650978088
bike,dune_bayes,499,dispersion,0.5667141079902649,0.8234227299690247,1.1194239139556883
bike,dune_bayes,500,dispersion,0.5667141079902649,0.8234227299690247,1.1194239139556883
bike,dune_bayes,501,dispersion,0.9930414825677871,1.2784250974655151,1.57806795835495
bike,dune_bayes,502,dispersion,1.346889704465866,1.8020797967910767,2.2795037269592284
bike,dune_bayes,503,dispersion,1.072252666950226,1.5752654075622559,2.1747933387756344
bike,dune_bayes,504,dispersion,0.8284873306751251,1.2150898575782776,1.6737312495708458
bike,dune_bayes,505,dispersion,0.7722695857286453,1.1691352725028992,1.6211954116821288
bike,dune_bayes,506,dispersion,0.5712735414505005,0.9527001082897186,1.3525330126285553
bike,dune_bayes,507,dispersion,0.7247564733028412,1.1349130272865295,1.5681884109973907
bike,dune_bayes,508,dispersion,0.37628103196620943,0.5918863415718079,0.8857629865407942
bike,dune_bayes,509,dispersion,0.5015861541032791,0.7715815007686615,1.1255331754684443
bike,dune_bayes,510,dispersion,1.089556622505188,1.6040230989456177,2.1651306271553032
bike,dune_bayes,511,dispersion,1.1246079862117768,1.5444666743278503,2.022490274906158
bike,dune_bayes,512,dispersion,1.089556622505188,1.6040230989456177,2.1651306271553032
bike,dune_bayes,513,dispersion,1.1093203961849212,1.5479782223701477,2.034029674530029
bike,dune_bayes,514,dispersion,0.7625086337327958,1.0231013894081116,1.3350992798805235
bike,dune_bayes,515,dispersion,0.4986353173851967,0.711442232131958,0.9707422405481337
bike,dune_bayes,516,dispersion,0.35825576037168505,0.5514654219150543,0.8123119711875912
bike,dune_bayes,517,dispersion,0.7859813630580902,1.0688852667808533,1.3895248889923093
bike,dune_bayes,518,dispersion,0.8771096408367157,1.2068352699279785,1.5386142551898956
bike,dune_bayes,519,dispersion,0.6980247557163238,0.9527248740196228,1.2481626331806182
bike,dune_bayes,520,dispersion,0.9027830868959427,1.2789143323898315,1.6745837211608885
bike,dune_bayes,521,dispersion,0.9029235690832138,1.276708722114563,1.642913371324539
bike,dune_bayes,522,dispersion,0.6638781279325485,0.9685920476913452,1.314481723308563
bike,dune_bayes,523,dispersion,0.32945216298103336,0.5295383632183075,0.7941498517990111
bike,dune_bayes,524,dispersion,0.4160924792289734,0.6260950267314911,0.8895495444536208
bike,dune_bayes,525,dispersion,0.8197831839323044,1.133533000946045,1.4818696975708008
bike,dune_bayes,526,dispersion,0.9810607016086579,1.3004722595214844,1.6738471686840055
bike,dune_bayes,527,dispersion,0.9601568788290025,1.281299650669098,1.6623808741569517
bike,dune_bayes,528,dispersion,1.0248944461345673,1.4072714447975159,1.8280752599239345
bike,dune_bayes,529,dispersion,0.37656146883964536,0.6448002457618713,0.9989692002534858
bike,dune_bayes,530,dispersion,0.8197831839323044,1.133533000946045,1.4818696975708008
bike,dune_bayes,531,dispersion,0.5887400478124618,0.8458880484104156,1.150778418779373
bike,dune_bayes,532,dispersion,0.33734944760799407,0.520603209733963,0.7730732411146163
bike,dune_bayes,533,dispersion,0.3076904803514481,0.49688489735126495,0.7642298072576523
bike,dune_bayes,534,dispersion,0.32628651708364487,0.5144526660442352,0.7719852715730665
bike,dune_bayes,535,dispersion,0.3739712297916412,0.5889881551265717,0.8471265137195585
bike,dune_bayes,536,dispersion,0.49232235401868824,0.6908423602581024,0.9165015429258346
bike,dune_bayes,537,dispersion,0.22630693763494492,0.3934551924467087,0.6672159433364867
bike,dune_bayes,538,dispersion,0.23063087165355683,0.38916291296482086,0.6260058254003523
bike,dune_bayes,539,dispersion,0.28134049773216246,0.45789651572704315,0.7164031594991682
bike,dune_bayes,540,dispersion,0.6372322380542755,0.912835568189621,1.2569725096225732
bike,dune_bayes,541,dispersion,0.6771988987922668,0.9920136630535126,1.3542457282543174
bike,dune_bayes,542,dispersion,0.7919836401939392,1.1843852400779724,1.6628817200660706
bike,dune_bayes,543,dispersion,0.7911205738782883,1.2342634797096252,1.7656442105770112
bike,dune_bayes,544,dispersion,0.7911205738782883,1.2342634797096252,1.7656442105770112
bike,dune_bayes,545,dispersion,0.9492418378591537,1.2184056043624878,1.516596722602844
bike,dune_bayes,546,dispersion,1.0327572762966155,1.337077260017395,1.6799786448478697
bike,dune_bayes,547,dispersion,1.0239383399486541,1.3194246292114258,1.6315496087074277
bike,dune_bayes,548,dispersion,0.9343452334403992,1.2926738858222961,1.6632672369480133
bike,dune_bayes,549,dispersion,0.5254422485828399,0.7320426404476166,0.9715468049049377
bike,dune_bayes,550,dispersion,0.5920650124549866,0.8172036707401276,1.0843599021434782
bike,dune_bayes,551,dispersion,0.8792786151170731,1.1954596042633057,1.5286492943763732
bike,dune_bayes,552,dispersion,1.0070701360702514,1.3259010910987854,1.6814835727214807
bike,dune_bayes,553,dispersion,1.104903870820999,1.4576287865638733,1.8554274260997772
bike,dune_bayes,554,dispersion,0.23644309714436532,0.4267943501472473,0.7127388119697567
bike,dune_bayes,555,dispersion,0.22489599660038948,0.3994658589363098,0.6711785674095153
bike,dune_bayes,556,dispersion,1.1337728440761565,1.6512735486030579,2.186355412006378
bike,dune_bayes,557,dispersion,0.4936741918325424,0.7711942195892334,1.1154507875442503
bike,dune_bayes,558,dispersion,0.5431375533342362,0.8044970035552979,1.107801741361618
bike,dune_bayes,559,dispersion,0.6726812660694123,0.9437970817089081,1.2356077611446379
bike,dune_bayes,560,dispersion,0.7799937725067139,1.0402473211288452,1.2866339445114134
bike,dune_bayes,561,dispersion,0.9495191931724548,1.2197373509407043,1.4938379406929017
bike,dune_bayes,562,dispersion,0.9656424254179001,1.2618094682693481,1.5564468443393706
bike,dune_bayes,563,dispersion,0.93948814868927,1.2472244501113892,1.5394658088684077
bike,dune_bayes,564,dispersion,0.3669865131378174,0.5668576657772064,0.8078851431608196
bike,dune_bayes,565,dispersion,0.21910809949040413,0.4393340200185776,0.7939766287803649
bike,dune_bayes,566,dispersion,0.34542483985424044,0.5346746146678925,0.7971754431724547
bike,dune_bayes,567,dispersion,0.3656307443976402,0.5505583882331848,0.8010340362787247
bike,dune_bayes,568,dispersion,0.4310981944203377,0.6290615499019623,0.8665109902620315
bike,dune_bayes,569,dispersion,0.8423508316278457,1.09780752658844,1.4136087894439697
bike,dune_bayes,570,dispersion,1.0800778925418855,1.4097753763198853,1.7858099102973937
bike,dune_bayes,571,dispersion,1.294505763053894,1.6942721009254456,2.145749247074127
bike,dune_bayes,572,dispersion,0.26277080923318863,0.46487221121788025,0.7465695917606353
bike,dune_bayes,573,dispersion,0.8315680086612701,1.225212812423706,1.6938645780086514
bike,dune_bayes,574,dispersion,0.7952726632356644,1.1446456909179688,1.5931698679924011
bike,dune_bayes,575,dispersion,0.2782175377011299,0.48674169182777405,0.8271535933017728
bike,dune_bayes,576,dispersion,0.23038234040141106,0.38938429951667786,0.6350789219141005
bike,dune_bayes,577,dispersion,0.4062429293990136,0.6512285768985748,1.016975826025009
bike,dune_bayes,578,dispersion,0.3145342901349068,0.4961668699979782,0.7780862122774124
bike,dune_bayes,579,dispersion,0.304336404800415,0.48026658594608307,0.7609130531549453
bike,dune_bayes,580,dispersion,0.2777871981263161,0.4607546329498291,0.7383862674236296
bike,dune_bayes,581,dispersion,0.8928753644227981,1.165782630443573,1.4353408753871915
bike,dune_bayes,582,dispersion,0.28582056909799575,0.46600954234600067,0.7017357558012006
bike,dune_bayes,583,dispersion,0.449098202586174,0.6458321809768677,0.8857929527759552
bike,dune_bayes,584,dispersion,0.7054980874061585,0.9424794018268585,1.1859071493148803
bike,dune_bayes,585,dispersion,0.8975280970335007,1.1421642899513245,1.408908802270889
bike,dune_bayes,586,dispersion,0.4528524190187454,0.6770107448101044,0.9335409939289091
bike,dune_bayes,587,dispersion,0.28582056909799575,0.46600954234600067,0.7017357558012006
bike,dune_bayes,588,dispersion,0.2859378710389137,0.47928033769130707,0.7630924910306928
bike,dune_bayes,589,dispersion,0.6774726241827012,0.8984842002391815,1.1337435841560362
bike,dune_bayes,590,dispersion,0.5104068964719772,0.7743522822856903,1.1113525152206416
bike,dune_bayes,591,dispersion,0.5799673110246658,0.7818802893161774,1.0150756299495696
bike,dune_bayes,592,dispersion,1.1103109836578369,1.4596161842346191,1.8542579174041747
bike,dune_bayes,593,dispersion,1.1215628206729888,1.4630427360534668,1.8714671075344083
bike,dune_bayes,594,dispersion,0.939248788356781,1.2127812504768372,1.4983207464218138
bike,dune_bayes,595,dispersion,0.3630193799734116,0.5684595108032227,0.8428159952163695
bike,dune_bayes,596,dispersion,1.0786397218704225,1.4037152528762817,1.7758830308914182
bike,dune_bayes,597,dispersion,0.46506022065877917,0.673096090555191,0.9240947753190992
bike,dune_bayes,598,dispersion,0.6888280361890793,0.9127722978591919,1.1632855474948882
bike,dune_bayes,599,dispersion,0.990386089682579,1.2714404463768005,1.5695344388484953
bike,dune_bayes,600,dispersion,1.1020232796669007,1.4304545521736145,1.8284620940685272
bike,dune_bayes,601,dispersion,1.0818938314914703,1.40842205286026,1.7952519476413724
bike,dune_bayes,602,dispersion,1.0897852659225464,1.4382261037826538,1.8305750250816344
bike,dune_bayes,603,dispersion,1.0744544744491578,1.4085755348205566,1.7725862026214598
bike,dune_bayes,604,dispersion,1.1020232796669007,1.4304545521736145,1.8284620940685272
bike,dune_bayes,605,dispersion,0.7928889870643616,1.2174885272979736,1.6832743406295776
bike,dune_bayes,606,dispersion,0.8163703352212905,1.2813817858695984,1.8034045279026019
bike,dune_bayes,607,dispersion,0.8044772148132324,1.258474886417389,1.753524309396742
bike,dune_bayes,608,dispersion,0.8118330538272858,1.328158974647522,1.960993337631225
bike,dune_bayes,609,dispersion,0.828310325741768,1.2657614350318909,1.8132887601852417
bike,dune_bayes,610,dispersion,0.8044772148132324,1.258474886417389,1.753524309396742
bike,dune_bayes,611,dispersion,0.43953561335802077,0.6864512860774994,1.0105818271636964
bike,dune_bayes,612,dispersion,0.6518276810646058,1.0058523416519165,1.401386910676956
bike,dune_bayes,613,dispersion,0.7620112627744675,1.1664328575134277,1.6737651288509368
bike,dune_bayes,614,dispersion,0.8103444784879684,1.270584523677826,1.8509394645690918
bike,dune_bayes,615,dispersion,1.12457976937294,1.551634430885315,2.0454341650009153
bike,dune_bayes,616,dispersion,1.0897852659225464,1.4382261037826538,1.8305750250816344
bike,dune_bayes,617,dispersion,0.8345896512269974,1.1226037740707397,1.4540331602096557
bike,dune_bayes,618,dispersion,0.35370448380708697,0.5769043266773224,0.8975445955991742
bike,dune_bayes,619,dispersion,1.0721711277961732,1.478515625,1.9236090540885922
bike,dune_bayes,620,dispersion,1.0629223525524139,1.5284985899925232,2.0530768871307363
bike,dune_bayes,621,dispersion,0.9760433375835419,1.3603740334510803,1.757451319694519
bike,dune_bayes,622,dispersion,1.0527989566326141,1.3924593329429626,1.7674500703811644
bike,dune_bayes,623,dispersion,1.075228077173233,1.4542333483695984,1.8847418725490568
bike,dune_bayes,624,dispersion,1.1139841437339784,1.5213081240653992,1.9937614798545837
bike,dune_bayes,625,dispersion,0.9794875651597977,1.3127501606941223,1.6542266726493833
bike,dune_bayes,626,dispersion,0.9760433375835419,1.3603740334510803,1.757451319694519
bike,dune_bayes,627,dispersion,0.9607206434011459,1.3859403133392334,1.800964832305908
bike,dune_bayes,628,dispersion,1.0715557217597962,1.4504599571228027,1.8334985673427577
bike,dune_bayes,629,dispersion,1.0310134768486023,1.4847504496574402,1.9587283372879027
bike,dune_bayes,630,dispersion,1.08591485619545,1.5888115167617798,2.1228020906448357
bike,dune_bayes,631,dispersion,0.9737983882427216,1.3266975283622742,1.6899103343486785
bike,dune_bayes,632,dispersion,0.7120273262262344,0.9382285177707672,1.1868835508823394
bike,dune_bayes,633,dispersion,1.121569186449051,1.6399296522140503,2.1914670228958126
bike,dune_bayes,634,dispersion,1.150326269865036,1.5621113777160645,2.0382503032684327
bike,dune_bayes,635,dispersion,0.6326736360788345,0.8369459807872772,1.0810229063034058
bike,dune_bayes,636,dispersion,0.4962193891406059,0.6996873915195465,0.9369529455900192
bike,dune_bayes,637,dispersion,0.43891345262527465,0.6289313733577728,0.8570832937955856
bike,dune_bayes,638,dispersion,0.7599196285009384,1.0199176669120789,1.282018780708313
bike,dune_bayes,639,dispersion,0.8210890680551529,1.214221715927124,1.6701119184494018
bike,dune_bayes,640,dispersion,0.675640219449997,1.0009852647781372,1.4089624285697935
bike,dune_bayes,641,dispersion,0.5225442230701447,0.794941633939743,1.1355857849121094
bike,dune_bayes,642,dispersion,0.18184273317456245,0.34792639315128326,0.6432592421770096
bike,dune_bayes,643,dispersion,0.15627182722091676,0.307120218873024,0.5789531409740446
bike,dune_bayes,644,dispersion,0.15997368320822716,0.2708911895751953,0.4749812379479408
bike,dune_bayes,645,dispersion,0.5692269653081894,0.8619065880775452,1.2139546871185303
bike,dune_bayes,646,dispersion,0.7760965198278428,1.195867121219635,1.646137231588363
bike,dune_bayes,647,dispersion,0.45484564304351804,0.7009145319461823,1.035927528142929
bike,dune_bayes,648,dispersion,0.20234878361225128,0.3314446657896042,0.556853187084198
bike,dune_bayes,649,dispersion,0.34269414097070694,0.5479195415973663,0.837835371494293
bike,dune_bayes,650,dispersion,0.709221288561821,1.099823772907257,1.5808252573013304
bike,dune_bayes,651,dispersion,1.0715557217597962,1.4504599571228027,1.8334985673427577
bike,dune_bayes,652,dispersion,1.0850562810897828,1.5665936470031738,2.1156114697456347
bike,dune_bayes,653,dispersion,1.0000576555728913,1.3530910015106201,1.7601350486278533
bike,dune_bayes,654,dispersion,1.0092696964740753,1.395967721939087,1.823280656337738
bike,dune_bayes,655,dispersion,0.17352916523814202,0.2927122116088867,0.47957121431827526
bike,dune_bayes,656,dispersion,0.3636143013834953,0.5324379205703735,0.7543069571256636
bike,dune_bayes,657,dispersion,0.4670106053352356,0.6745446920394897,0.9276165217161171
bike,dune_bayes,658,dispersion,0.6867565304040909,0.9480250179767609,1.2690488636493682
bike,dune_bayes,659,dispersion,0.7954843491315842,1.0859904885292053,1.420969408750534
bike,dune_bayes,660,dispersion,1.0076521396636964,1.4293670654296875,1.8704369544982906
bike,dune_bayes,661,dispersion,1.0289260387420653,1.48939710855484,1.9746482372283936
bike,dune_bayes,662,dispersion,0.8396756172180175,1.1827179193496704,1.5742752492427825
bike,dune_bayes,663,dispersion,0.7847427785396576,1.0573800206184387,1.3853356063365936
bike,dune_bayes,664,dispersion,0.26866281479597093,0.4245682656764984,0.6458555668592452
bike,dune_bayes,665,dispersion,0.8842417538166046,1.1893349885940552,1.5250778555870055
bike,dune_bayes,666,dispersion,0.8068295300006867,1.0708613991737366,1.3778973340988159
bike,dune_bayes,667,dispersion,0.9890659809112549,1.3670498728752136,1.7806004166603089
bike,dune_bayes,668,dispersion,0.7553570389747619,1.203787922859192,1.673098242282867
bike,dune_bayes,669,dispersion,0.6369019418954849,1.0151751637458801,1.454423332214355
bike,dune_bayes,670,dispersion,0.6223812609910966,0.9609116911888123,1.3828669548034667
bike,dune_bayes,671,dispersion,0.28482730537652967,0.4580121487379074,0.7106971323490142
bike,dune_bayes,672,dispersion,0.3435918644070626,0.5415713787078857,0.8283911883831024
bike,dune_bayes,673,dispersion,0.6090337872505188,0.9861868619918823,1.428498345613479
bike,dune_bayes,674,dispersion,0.706550458073616,1.1275063753128052,1.6457777857780453
bike,dune_bayes,675,dispersion,0.639119666814804,1.0333129167556763,1.5013411879539489
bike,dune_bayes,676,dispersion,0.5567574948072433,0.9157250225543976,1.3466963112354278
bike,dune_bayes,677,dispersion,0.42828087210655214,0.6984045505523682,1.0541398763656615
bike,dune_bayes,678,dispersion,0.3404463559389114,0.5719491243362427,0.8732474863529204
bike,dune_bayes,679,dispersion,0.541475459933281,0.9041770994663239,1.3358626544475551
bike,dune_bayes,680,dispersion,0.6314552158117295,1.0210843682289124,1.5195038616657257
bike,dune_bayes,681,dispersion,0.6126580834388733,1.00601327419281,1.487312090396881
bike,dune_bayes,682,dispersion,0.6326573371887207,1.0622652769088745,1.5588377654552459
bike,dune_bayes,683,dispersion,0.43402150124311445,0.7176612019538879,1.1259978771209715
bike,dune_bayes,684,dispersion,0.15607048720121383,0.26618242263793945,0.45297012925147995
bike,dune_bayes,685,dispersion,0.13647356629371643,0.2654481530189514,0.509450080990791
bike,dune_bayes,686,dispersion,0.82877277135849,1.2264869809150696,1.6663711547851559
bike,dune_bayes,687,dispersion,0.15702800005674364,0.28365282714366913,0.4998941466212273
bike,dune_bayes,688,dispersion,0.3567729488015175,0.5488719940185547,0.7982237994670865
bike,dune_bayes,689,dispersion,0.3567729488015175,0.5488719940185547,0.7982237994670865
bike,dune_bayes,690,dispersion,0.6608770191669464,0.9957244098186493,1.4031002700328827
bike,dune_bayes,691,dispersion,0.6997991025447845,1.016811192035675,1.4051457583904265
bike,dune_bayes,692,dispersion,0.18911695703864098,0.3273264318704605,0.5303160607814786
bike,dune_bayes,693,dispersion,0.6117754250764846,0.8990027010440826,1.245130854845047
bike,dune_bayes,694,dispersion,0.46952188163995745,0.6889088451862335,0.98509681224823
bike,dune_bayes,695,dispersion,0.24176263213157653,0.4392566978931427,0.7379361033439635
bike,dune_bayes,696,dispersion,0.283668926358223,0.45986761152744293,0.7168096631765365
bike,dune_bayes,697,dispersion,0.1549566224217415,0.293461412191391,0.5287286907434462
bike,dune_bayes,698,dispersion,0.28199577033519746,0.4642513245344162,0.7068421214818951
bike,dune_bayes,699,dispersion,0.2798658773303032,0.4591739624738693,0.7001234143972395
bike,dune_bayes,700,dispersion,0.27514226287603377,0.46782436966896057,0.7366977155208582
bike,dune_bayes,701,dispersion,0.26774308234453204,0.44277796149253845,0.701179391145706
bike,dune_bayes,702,dispersion,0.17477136477828026,0.31961093842983246,0.5546105772256851
bike,dune_bayes,703,dispersion,0.409157957136631,0.6347366571426392,0.9069911956787109
bike,dune_bayes,704,dispersion,0.4061528652906418,0.5910481512546539,0.8566529661417006
bike,dune_bayes,705,dispersion,0.27979202568531036,0.46467727422714233,0.753818356990814
bike,dune_bayes,706,dispersion,0.20585469454526903,0.36553584039211273,0.6238362550735472
bike,dune_bayes,707,dispersion,0.33217966854572295,0.5141798257827759,0.7761471211910247
bike,dune_bayes,708,dispersion,0.4795448273420334,0.7208980917930603,1.0563036620616912
bike,dune_bayes,709,dispersion,0.4405191704630852,0.661855936050415,0.9916308581829066
bike,dune_bayes,710,dispersion,0.5145004034042359,0.8033999502658844,1.1798192918300627
bike,dune_bayes,711,dispersion,0.4592465713620186,0.7174465358257294,1.0459441900253295
bike,dune_bayes,712,dispersion,0.5477461844682694,0.8526878654956818,1.2324316203594208
bike,dune_bayes,713,dispersion,0.7991162091493607,1.117092788219452,1.4800284981727598
bike,dune_bayes,714,dispersion,0.21560805067420008,0.3573930710554123,0.5790823489427561
bike,dune_bayes,715,dispersion,0.31906497925519944,0.47703029215335846,0.7104681909084318
bike,dune_bayes,716,dispersion,0.776569214463234,1.0397356152534485,1.3419740974903105
bike,dune_bayes,717,dispersion,0.20781416743993758,0.3343442231416702,0.5347902446985241
bike,dune_bayes,718,dispersion,0.9541259825229644,1.4356001019477844,1.9699707388877854
bike,dune_bayes,719,dispersion,0.32867399603128433,0.4804645925760269,0.7101610422134399
bike,dune_bayes,720,dispersion,0.1283109590411186,0.22119195759296417,0.39486998766660686
bike,dune_bayes,721,dispersion,0.3716854780912399,0.5713441967964172,0.8481967240571975
bike,dune_bayes,722,dispersion,0.10463106073439121,0.1835261881351471,0.3296726271510124
bike,dune_bayes,723,dispersion,0.08987675309181213,0.16590151190757751,0.3088413119316101
bike,dune_bayes,724,dispersion,0.16613119095563889,0.27668747305870056,0.4614238336682317
bike,dune_bayes,725,dispersion,0.1312403656542301,0.2456575334072113,0.4560670778155325
bike,dune_bayes,726,dispersion,0.2367872416973114,0.3837625980377197,0.6176787436008453
bike,dune_bayes,727,dispersion,0.2520213320851326,0.431195467710495,0.694773444533348
bike,dune_bayes,728,dispersion,0.1660934865474701,0.28036077320575714,0.4735410988330839
bike,dune_bayes,729,dispersion,0.12487029731273651,0.2331085205078125,0.42155666947364806
bike,dune_bayes,730,dispersion,0.34643311947584154,0.5570140779018402,0.8425897002220153
bike,dune_bayes,731,dispersion,0.6495692759752274,1.033161461353302,1.519614028930664
bike,dune_bayes,732,dispersion,0.5014556437730789,0.8330491483211517,1.2444861769676208
bike,dune_bayes,733,dispersion,0.45267720222473146,0.7358458936214447,1.1035659849643706
bike,dune_bayes,734,dispersion,0.5818207323551178,0.9515023231506348,1.399660527706146
bike,dune_bayes,735,dispersion,0.765116086602211,1.0387912392616272,1.358891749382019
bike,dune_bayes,736,dispersion,0.4433008596301079,0.7246932685375214,1.093930572271347
bike,dune_bayes,737,dispersion,0.6091870427131653,0.8834934234619141,1.202339947223663
bike,dune_bayes,738,dispersion,0.5904777765274049,0.8773850202560425,1.2241938352584838
bike,dune_bayes,739,dispersion,0.23461814746260642,0.42851316928863525,0.721811971068382
bike,dune_bayes,740,dispersion,0.24644313305616378,0.4134024679660797,0.6503716081380841
bike,dune_bayes,741,dispersion,0.2816267266869545,0.4574366956949234,0.7026766508817672
bike,dune_bayes,742,dispersion,0.4301986902952194,0.6422999203205109,0.892109405994415
bike,dune_bayes,743,dispersion,0.6316670089960098,0.8263520300388336,1.0757213056087493
bike,dune_bayes,744,dispersion,0.35574346482753755,0.549742192029953,0.7965380102396009
bike,dune_bayes,745,dispersion,0.2595455139875412,0.4376854747533798,0.7102841764688491
bike,dune_bayes,746,dispersion,0.34428445994853973,0.527004599571228,0.7732592195272443
bike,dune_bayes,747,dispersion,0.35591635257005694,0.5405241847038269,0.7929326623678206
bike,dune_bayes,748,dispersion,0.32210383117198943,0.5225166380405426,0.786258792877197
bike,dune_bayes,749,dispersion,0.6208742707967758,0.8816574215888977,1.182911080121994
bike,dune_bayes,750,dispersion,0.7037125378847122,0.9093971252441406,1.1405621409416193
bike,dune_bayes,751,dispersion,0.6812253683805466,0.9034172296524048,1.171829479932785
bike,dune_bayes,752,dispersion,0.5014971643686295,0.6956514418125153,0.9526526540517807
bike,dune_bayes,753,dispersion,0.44118148237466814,0.6390018463134766,0.8906493872404098
bike,dune_bayes,754,dispersion,0.29988674223423006,0.4579842686653137,0.6759474188089369
bike,dune_bayes,755,dispersion,0.40771104097366334,0.5954804420471191,0.8535382062196727
bike,dune_bayes,756,dispersion,0.8634355217218399,1.1962777376174927,1.5746575295925136
bike,dune_bayes,757,dispersion,0.8820341467857361,1.2272197008132935,1.5969376683235166
bike,dune_bayes,758,dispersion,0.8820341467857361,1.2272197008132935,1.5969376683235166
bike,dune_bayes,759,dispersion,1.0920260071754455,1.5908530354499817,2.1617020010948176
bike,dune_bayes,760,dispersion,1.0802910804748536,1.5548157095909119,2.1320402026176453
bike,dune_bayes,761,dispersion,0.6871263444423675,1.0816239714622498,1.5676828205585476
bike,dune_bayes,762,dispersion,0.6871263444423675,1.0816239714622498,1.5676828205585476
bike,dune_bayes,763,dispersion,0.29994939267635345,0.49182477593421936,0.7808441072702407
bike,dune_bayes,764,dispersion,0.18531800508499147,0.32750289142131805,0.5687057584524154
bike,dune_bayes,765,dispersion,0.34594132006168365,0.5743211507797241,0.9022401273250577
bike,dune_bayes,766,dispersion,0.36643763482570646,0.6305249929428101,1.0200707137584684
bike,dune_bayes,767,dispersion,0.5312664479017257,0.8371741771697998,1.2365806281566618
bike,dune_bayes,768,dispersion,0.5036634162068367,0.8036235272884369,1.211462092399597
bike,dune_bayes,769,dispersion,0.29994939267635345,0.49182477593421936,0.7808441072702407
bike,dune_bayes,770,dispersion,0.5376370549201965,0.8706529438495636,1.302547997236252
bike,dune_bayes,771,dispersion,0.8396756172180175,1.1827179193496704,1.5742752492427825
bike,dune_bayes,772,dispersion,1.0533773839473723,1.4081522226333618,1.78656433224678
bike,dune_bayes,773,dispersion,0.7847427785396576,1.0573800206184387,1.3853356063365936
bike,dune_bayes,774,dispersion,1.0193138003349305,1.4002883434295654,1.8099203526973722
bike,dune_bayes,775,dispersion,0.8396756172180175,1.1827179193496704,1.5742752492427825
bike,dune_bayes,776,dispersion,0.6585054725408555,0.9260150492191315,1.247769391536712
bike,dune_bayes,777,dispersion,0.3819478914141655,0.5613562762737274,0.813233071565628
bike,dune_bayes,778,dispersion,0.505436646938324,0.7214412093162537,0.9982383102178566
bike,dune_bayes,779,dispersion,0.6031703948974609,0.8587765991687775,1.1624702692031859
bike,dune_bayes,780,dispersion,0.7144661962985992,1.0438804030418396,1.438479173183441
bike,dune_bayes,781,dispersion,0.614594680070877,0.9112494885921478,1.2809098780155181
bike,dune_bayes,782,dispersion,0.48699037432670594,0.7044176757335663,1.002045464515686
bike,dune_bayes,783,dispersion,0.59214468896389,0.8413411974906921,1.1408473849296565
bike,dune_bayes,784,dispersion,0.5201547294855118,0.7656843364238739,1.0835599660873412
bike,dune_bayes,785,dispersion,0.43442236483097074,0.6462322473526001,0.9380437374114988
bike,dune_bayes,786,dispersion,0.3937996312975883,0.5811318755149841,0.8397727966308589
bike,dune_bayes,787,dispersion,0.6475900173187256,0.911055326461792,1.2202476441860197
bike,dune_bayes,788,dispersion,0.8568825602531434,1.222112774848938,1.657054716348648
bike,dune_bayes,789,dispersion,0.6338195145130158,0.8949783444404602,1.1961485624313355
bike,dune_bayes,790,dispersion,0.16337263360619547,0.2739771455526352,0.4662237480282783
bike,dune_bayes,791,dispersion,0.19305622652173043,0.31864675879478455,0.531574872136116
bike,dune_bayes,792,dispersion,0.298472011089325,0.504707932472229,0.801003301143646
bike,dune_bayes,793,dispersion,0.3400871992111206,0.5244774520397186,0.7987642943859099
bike,dune_bayes,794,dispersion,0.13709280714392663,0.24406935274600983,0.4415412828326225
bike,dune_bayes,795,dispersion,0.24296743273735047,0.39540188014507294,0.644831585884094
bike,dune_bayes,796,dispersion,0.28807861953973773,0.5185909867286682,0.892268931865692
bike,dune_bayes,797,dispersion,0.509839603304863,0.7588917911052704,1.1090999662876122
bike,dune_bayes,798,dispersion,0.3932399913668633,0.5974674224853516,0.8832990765571592
bike,dune_bayes,799,dispersion,0.2889200285077095,0.4774380028247833,0.7798206955194472
bike,dune_bayes,800,dispersion,0.15997368320822716,0.2708911895751953,0.4749812379479408
bike,dune_bayes,801,dispersion,0.21307907700538636,0.4037042260169983,0.7213921517133711
bike,dune_bayes,802,dispersion,0.7284816414117813,0.9948701858520508,1.3218356609344482
bike,dune_bayes,803,dispersion,0.9049594521522522,1.2293607592582703,1.6016492724418638
bike,dune_bayes,804,dispersion,0.33186649829149245,0.5476832985877991,0.8504665195941924
bike,dune_bayes,805,dispersion,0.3885994657874107,0.5945095121860504,0.8581160038709634
bike,dune_bayes,806,dispersion,0.3184235796332359,0.5263831913471222,0.8242048889398573
bike,dune_bayes,807,dispersion,0.5270058035850524,0.8275704085826874,1.1892542719841002
bike,dune_bayes,808,dispersion,0.6321658343076706,0.9769342243671417,1.3783916115760804
bike,dune_bayes,809,dispersion,0.8396756172180175,1.1827179193496704,1.5742752492427825
bike,dune_bayes,810,dispersion,0.7713402211666107,1.1040262579917908,1.485615932941436
bike,dune_bayes,811,dispersion,0.15568054392933844,0.2828112989664078,0.5045961946249008
bike,dune_bayes,812,dispersion,0.1357554703950882,0.22777985036373138,0.38650709390640237
bike,dune_bayes,813,dispersion,0.6956918895244598,0.9996656179428101,1.3650676250457763
bike,dune_bayes,814,dispersion,0.8221921682357788,1.1421002745628357,1.514708113670349
bike,dune_bayes,815,dispersion,0.16083021312952042,0.28191763162612915,0.4869750320911406
bike,dune_bayes,816,dispersion,0.11930222436785698,0.2202083244919777,0.4054833382368087
bike,dune_bayes,817,dispersion,0.29756375402212143,0.4632580429315567,0.6980589121580122
bike,dune_bayes,818,dispersion,0.7368788719177246,0.9789225161075592,1.2418315589427944
bike,dune_bayes,819,dispersion,0.23488299623131753,0.38118161261081696,0.6122844398021697
bike,dune_bayes,820,dispersion,0.22525113672018052,0.3648538589477539,0.591472327709198
bike,dune_bayes,821,dispersion,0.3696301832795143,0.6021168828010559,0.9224934756755825
bike,dune_bayes,822,dispersion,0.3696301832795143,0.6021168828010559,0.9224934756755825
bike,dune_bayes,823,dispersion,0.43850316256284716,0.6898342370986938,1.0341690838336943
bike,dune_bayes,824,dispersion,0.4163772642612457,0.6372175514698029,0.901821321249008
bike,dune_bayes,825,dispersion,0.25031457617878916,0.40293480455875397,0.6488414764404297
bike,dune_bayes,826,dispersion,0.10967292524874211,0.20699913054704666,0.3922287672758102
bike,dune_bayes,827,dispersion,0.11475259363651276,0.21740025281906128,0.40258300453424456
bike,dune_bayes,828,dispersion,0.12050917781889439,0.22426309436559677,0.41579289734363545
bike,dune_bayes,829,dispersion,0.25569449812173844,0.45568235218524933,0.747886925935745
bike,dune_bayes,830,dispersion,0.4646676808595657,0.7549957931041718,1.1804906666278834
bike,dune_bayes,831,dispersion,0.07844444997608661,0.1706175059080124,0.3617840513586997
bike,dune_bayes,832,dispersion,0.30914465934038166,0.5004903376102448,0.7730662763118743
bike,dune_bayes,833,dispersion,0.2546843320131302,0.43671759963035583,0.71845383644104
bike,dune_bayes,834,dispersion,0.11795012764632702,0.21047251671552658,0.3697334975004195
bike,dune_bayes,835,dispersion,0.5679843157529831,0.932999849319458,1.3861348867416379
bike,dune_bayes,836,dispersion,0.5818207323551178,0.9515023231506348,1.399660527706146
bike,dune_bayes,837,dispersion,0.5737080544233322,0.9244007468223572,1.3691621661186217
bike,dune_bayes,838,dispersion,0.6253201842308045,0.9997659027576447,1.4469155550003046
bike,dune_bayes,839,dispersion,0.6427817612886428,1.0177216529846191,1.4764271259307862
bike,dune_bayes,840,dispersion,0.15955656170845034,0.3068899065256119,0.5712940931320185
bike,dune_bayes,841,dispersion,0.19662408903241158,0.34397685527801514,0.5920052468776702
bike,dune_bayes,842,dispersion,0.5372595995664596,0.7810757458209991,1.08610907793045
bike,dune_bayes,843,dispersion,0.6768229365348816,1.02688866853714,1.430531847476959
bike,dune_bayes,844,dispersion,0.4469099655747414,0.6529969871044159,0.9140684127807612
bike,dune_bayes,845,dispersion,0.16103961765766145,0.27854499220848083,0.48258697986602783
bike,dune_bayes,846,dispersion,0.3212458401918411,0.48404592275619507,0.7101396560668946
bike,dune_bayes,847,dispersion,0.6031703948974609,0.8587765991687775,1.1624702692031859
bike,dune_bayes,848,dispersion,0.6615808933973313,0.9427669942378998,1.2925172150135036
bike,dune_bayes,849,dispersion,0.7108078330755234,1.0513416528701782,1.458328282833099
bike,dune_bayes,850,dispersion,0.3937996312975883,0.5811318755149841,0.8397727966308589
bike,dune_bayes,851,dispersion,0.572589099407196,0.8263806700706482,1.144454449415207
bike,dune_bayes,852,dispersion,0.9391892999410629,1.366960346698761,1.8136459171771995
bike,dune_bayes,853,dispersion,0.9283980667591095,1.3352145552635193,1.7633576154708859
bike,dune_bayes,854,dispersion,0.21088485568761825,0.33870498836040497,0.538761374354362
bike,dune_bayes,855,dispersion,0.12028179913759232,0.20836792141199112,0.3644924208521841
bike,dune_bayes,856,dispersion,0.10896802954375745,0.1949564516544342,0.35218083709478365
bike,dune_bayes,857,dispersion,0.47103533148765564,0.7055716216564178,1.0103583931922913
bike,dune_bayes,858,dispersion,0.719550758600235,1.0163731575012207,1.3778782069683075
bike,dune_bayes,859,dispersion,0.6612784057855606,0.9665496349334717,1.3394593656063079
bike,dune_bayes,860,dispersion,0.4403826355934143,0.6511793732643127,0.9366484284400938
bike,dune_bayes,861,dispersion,0.281256577372551,0.4475404918193817,0.6850277423858642
bike,dune_bayes,862,dispersion,0.6265647947788239,0.9900221824645996,1.4782806396484371
bike,dune_bayes,863,dispersion,0.8568825602531434,1.222112774848938,1.657054716348648
bike,dune_bayes,864,dispersion,0.7898459881544113,1.122662901878357,1.5059231340885162
bike,dune_bayes,865,dispersion,0.7957803666591644,1.0913976430892944,1.4401851356029507
bike,dune_bayes,866,dispersion,0.6086047559976578,0.9679312705993652,1.4320853054523468
bike,dune_bayes,867,dispersion,0.6700118839740753,1.0674028396606445,1.568943691253662
bike,dune_bayes,868,dispersion,0.6090337872505188,0.9861868619918823,1.428498345613479
bike,dune_bayes,869,dispersion,0.08272652514278889,0.1761687844991684,0.36479184776544565
bike,dune_bayes,870,dispersion,0.295948238670826,0.4857242703437805,0.7546495020389556
bike,dune_bayes,871,dispersion,0.25644934028387073,0.41246476769447327,0.657325142621994
bike,dune_bayes,872,dispersion,0.44499301463365554,0.7241918444633484,1.0998946905136107
bike,dune_bayes,873,dispersion,0.1792566828429699,0.3020658642053604,0.5041639357805252
bike,dune_bayes,874,dispersion,0.10300441682338715,0.18691173195838928,0.3473903492093086
bike,dune_bayes,875,dispersion,0.0850660216063261,0.15809807181358337,0.29823213368654244
bike,dune_bayes,876,dispersion,0.44062584787607195,0.6265493035316467,0.8602030843496322
bike,dune_bayes,877,dispersion,0.7307014137506485,0.9996243715286255,1.3127018630504603
bike,dune_bayes,878,dispersion,0.6184847742319107,0.8802337646484375,1.203202211856842
bike,dune_bayes,879,dispersion,0.1481311798095703,0.263102650642395,0.4378174319863311
bike,dune_bayes,880,dispersion,0.7111769109964371,1.025027871131897,1.4172627329826355
bike,dune_bayes,881,dispersion,0.7049642503261566,1.0099968314170837,1.3646885871887207
bike,dune_bayes,882,dispersion,0.3348932877182961,0.4943506568670273,0.7126561760902405
bike,dune_bayes,883,dispersion,0.2835133090615273,0.4240063577890396,0.6495232313871383
bike,dune_bayes,884,dispersion,0.2054291106760502,0.3257189244031906,0.5277282208204267
bike,dune_bayes,885,dispersion,0.1038883700966835,0.18316803127527237,0.3265876591205595
bike,dune_bayes,886,dispersion,0.13377131670713424,0.22733282297849655,0.39179208576679203
bike,dune_bayes,887,dispersion,0.2441091649234295,0.41908247768878937,0.68460199534893
bike,dune_bayes,888,dispersion,0.26621163040399554,0.4065592437982559,0.6136800080537794
bike,dune_bayes,889,dispersion,0.16354855000972748,0.271904394030571,0.45712554007768613
bike,dune_bayes,890,dispersion,0.13368869349360465,0.2344711422920227,0.40921684205532055
bike,dune_bayes,891,dispersion,0.17321605384349822,0.2887696772813797,0.4812679931521413
bike,dune_bayes,892,dispersion,0.7713402211666107,1.1040262579917908,1.485615932941436
bike,dune_bayes,893,dispersion,0.43949790596961974,0.6390011608600616,0.8926257818937299
bike,dune_bayes,894,dispersion,0.46506022065877917,0.673096090555191,0.9240947753190992
bike,dune_bayes,895,dispersion,0.1425648510456085,0.2594987154006958,0.463769996166229
bike,dune_bayes,896,dispersion,0.16702017411589623,0.2903791218996048,0.505198299884796
bike,dune_bayes,897,dispersion,0.36059523820877076,0.5588168799877167,0.809950429201126
bike,dune_bayes,898,dispersion,0.8068295300006867,1.0708613991737366,1.3778973340988159
bike,dune_bayes,899,dispersion,0.8196689873933792,1.0848347544670105,1.398263692855835
bike,dune_bayes,900,dispersion,0.6019307643175125,0.8324699401855469,1.0997439324855802
bike,dune_bayes,901,dispersion,0.3741400599479675,0.5508028268814087,0.7825613647699355
bike,dune_bayes,902,dispersion,0.5306715220212936,0.743787407875061,0.9949885725975036
bike,dune_bayes,903,dispersion,0.30667531192302705,0.47279274463653564,0.7042435020208356
bike,dune_bayes,904,dispersion,0.19115488976240158,0.3202739804983139,0.5308649808168411
bike,dune_bayes,905,dispersion,0.5788076370954514,0.8766111731529236,1.244617676734924
bike,dune_bayes,906,dispersion,0.5899986356496811,0.910671055316925,1.3021622180938717
bike,dune_bayes,907,dispersion,0.41679404824972155,0.6490917503833771,0.9682060152292251
bike,dune_bayes,908,dispersion,0.23827860206365586,0.3835659623146057,0.6141995996236798
bike,dune_bayes,909,dispersion,0.13709280714392663,0.24406935274600983,0.4415412828326225
bike,dune_bayes,910,dispersion,0.12911778688430786,0.22724654525518417,0.4124285146594046
bike,dune_bayes,911,dispersion,0.5834380745887756,0.8908112049102783,1.279835021495819
bike,dune_bayes,912,dispersion,0.5834380745887756,0.8908112049102783,1.279835021495819
bike,dune_bayes,913,dispersion,0.5477461844682694,0.8526878654956818,1.2324316203594208
bike,dune_bayes,914,dispersion,0.37502826750278473,0.5798165798187256,0.8739389061927795
bike,dune_bayes,915,dispersion,0.18168344497680666,0.2996441423892975,0.5047010153532028
bike,dune_bayes,916,dispersion,0.45818047076463697,0.742052286863327,1.1283632159233092
bike,dune_bayes,917,dispersion,0.7957803666591644,1.0913976430892944,1.4401851356029507
bike,dune_bayes,918,dispersion,0.2871819719672203,0.4271365702152252,0.6364268064498899
bike,dune_bayes,919,dispersion,0.2028212569653988,0.3315092623233795,0.5227668583393096
bike,dune_bayes,920,dispersion,0.16761578023433685,0.28329019248485565,0.4622696295380592
bike,dune_bayes,921,dispersion,0.5612063318490982,0.7998772263526917,1.0971624970436096
bike,dune_bayes,922,dispersion,0.6612784057855606,0.9665496349334717,1.3394593656063079
bike,dune_bayes,923,dispersion,0.3397198423743248,0.5176606178283691,0.7678208410739898
bike,dune_bayes,924,dispersion,0.7377333462238311,1.1669495105743408,1.6555445611476893
bike,dune_bayes,925,dispersion,0.5169671088457107,0.7926920652389526,1.141210216283798
bike,dune_bayes,926,dispersion,0.4846682742238045,0.7887667715549469,1.173847323656082
bike,dune_bayes,927,dispersion,0.17551816180348395,0.28180378675460815,0.4546823158860203
bike,dune_bayes,928,dispersion,0.445836266875267,0.6740075349807739,0.9716893494129181
bike,dune_bayes,929,dispersion,0.6978227257728576,1.0555042624473572,1.491739386320114
bike,dune_bayes,930,dispersion,0.6512049466371537,0.97487011551857,1.3954137504100799
bike,dune_bayes,931,dispersion,0.381547623872757,0.5809087753295898,0.8517995685338974
bike,dune_bayes,932,dispersion,0.16717301458120346,0.27668945491313934,0.444379577040672
bike,dune_bayes,933,dispersion,0.5341196417808532,0.815520316362381,1.1747476041316982
bike,dune_bayes,934,dispersion,0.5414990723133087,0.8269031643867493,1.184611928462982
bike,dune_bayes,935,dispersion,0.3743530049920082,0.5816527307033539,0.8645130306482315
bike,dune_bayes,936,dispersion,0.06762603856623173,0.1300826147198677,0.2550258517265317
bike,dune_bayes,937,dispersion,0.17123058661818505,0.2907662093639374,0.4814689069986342
bike,dune_bayes,938,dispersion,0.26925004869699476,0.4682139605283737,0.7691396623849869
bike,dune_bayes,939,dispersion,0.2273664280772209,0.39838166534900665,0.671136838197708
bike,dune_bayes,940,dispersion,0.26925004869699476,0.4682139605283737,0.7691396623849869
bike,dune_bayes,941,dispersion,0.2710422948002815,0.47268128395080566,0.7759716898202895
bike,dune_bayes,942,dispersion,0.1928720735013485,0.3379428833723068,0.5608523070812225
bike,dune_bayes,943,dispersion,0.14565921500325202,0.2511182129383087,0.4287872120738028
bike,dune_bayes,944,dispersion,0.12543485797941686,0.2167631909251213,0.3837683767080307
bike,dune_bayes,945,dispersion,0.10377883203327656,0.18474167585372925,0.3428679078817365
bike,dune_bayes,946,dispersion,0.11788796596229077,0.20908232033252716,0.37946477383375143
bike,dune_bayes,947,dispersion,0.4846682742238045,0.7887667715549469,1.173847323656082
bike,dune_bayes,948,dispersion,0.6151093751192093,0.9832603335380554,1.4552928745746612
bike,dune_bayes,949,dispersion,0.2508207380771637,0.37588341534137726,0.575199568271637
bike,dune_bayes,950,dispersion,0.6509887486696243,0.9404429197311401,1.282415974140167
bike,dune_bayes,951,dispersion,0.6137544929981231,0.9643211960792542,1.4047111511230468
bike,dune_bayes,952,dispersion,0.574039289355278,0.8688661754131317,1.2430669724941252
bike,dune_bayes,953,dispersion,0.8210266172885895,1.2199183106422424,1.6490325927734373
bike,dune_bayes,954,dispersion,0.17642198204994203,0.29586802423000336,0.4979936793446539
bike,dune_bayes,955,dispersion,0.13060290813446046,0.2372979074716568,0.4205047249794005
bike,dune_bayes,956,dispersion,0.11998562179505826,0.24165456742048264,0.4596265152096744
bike,dune_bayes,957,dispersion,0.1683109976351261,0.2759547382593155,0.4633836448192596
bike,dune_bayes,958,dispersion,0.20792348682880402,0.3351109176874161,0.5397253602743148
bike,dune_bayes,959,dispersion,0.22266992628574372,0.36658285558223724,0.5721129447221756
bike,dune_bayes,960,dispersion,0.380490343272686,0.5546064078807831,0.7920587599277494
bike,dune_bayes,961,dispersion,0.34157704859972005,0.5031681060791016,0.7262332707643507
bike,dune_bayes,962,dispersion,0.24568184912204744,0.3878861516714096,0.6059624403715133
bike,dune_bayes,963,dispersion,0.1579289898276329,0.3072507381439209,0.5614097535610199
bike,dune_bayes,964,dispersion,0.2267105184495449,0.38900935649871826,0.63655326962471
bike,dune_bayes,965,dispersion,0.3164593011140823,0.49733418226242065,0.7412014484405516
bike,dune_bayes,966,dispersion,0.5612063318490982,0.7998772263526917,1.0971624970436096
bike,dune_bayes,967,dispersion,0.199701676517725,0.31734699010849,0.5025410652160645
bike,dune_bayes,968,dispersion,0.1603422701358795,0.2611427754163742,0.43276351690292353
bike,dune_bayes,969,dispersion,0.16421285793185234,0.2635011225938797,0.4414801552891731
bike,dune_bayes,970,dispersion,0.19566963762044906,0.30558979511260986,0.4971101209521293
bike,dune_bayes,971,dispersion,0.2672160267829895,0.3999113291501999,0.6041399121284484
bike,dune_bayes,972,dispersion,0.5263705909252167,0.7754024863243103,1.0813406586647032
bike,dune_bayes,973,dispersion,0.6117754250764846,0.8990027010440826,1.245130854845047
bike,dune_bayes,974,dispersion,0.09408373646438122,0.16846860945224762,0.30186747461557345
bike,dune_bayes,975,dispersion,0.07871335186064243,0.14886556565761566,0.28180274814367295
bike,dune_bayes,976,dispersion,0.19507481828331946,0.32523632049560547,0.5365633010864257
bike,dune_bayes,977,dispersion,0.28241555839776994,0.46598251163959503,0.7283474892377853
bike,dune_bayes,978,dispersion,0.08922719359397888,0.16769300401210785,0.32003227621316904
bike,dune_bayes,979,dispersion,0.0675049725919962,0.14374089241027832,0.3057971835136411
bike,dune_bayes,980,dispersion,0.06961116157472133,0.13476498425006866,0.2692154988646507
bike,dune_bayes,981,dispersion,0.06885334625840187,0.13323818147182465,0.25884614437818526
bike,dune_bayes,982,dispersion,0.27764120548963545,0.471825510263443,0.7733888477087018
bike,dune_bayes,983,dispersion,0.3198692470788956,0.5402955710887909,0.8675887256860731
bike,dune_bayes,984,dispersion,0.1333577439188957,0.26142270863056183,0.5060975193977355
bike,dune_bayes,985,dispersion,0.06337338015437126,0.12361718341708183,0.24653103128075596
bike,dune_bayes,986,dispersion,0.0665402203798294,0.13111865520477295,0.26361425518989556
bike,dune_bayes,987,dispersion,0.6612784057855606,0.9665496349334717,1.3394593656063079
bike,dune_bayes,988,dispersion,0.7049642503261566,1.0099968314170837,1.3646885871887207
bike,dune_bayes,989,dispersion,0.8530508369207382,1.2136524319648743,1.6220975697040554
bike,dune_bayes,990,dispersion,0.16613119095563889,0.27668747305870056,0.4614238336682317
bike,dune_bayes,991,dispersion,0.08618142493069172,0.16222582757472992,0.31709271520376203
bike,dune_bayes,992,dispersion,0.566971606016159,0.7994585335254669,1.0984306693077084
bike,dune_bayes,993,dispersion,0.7415676325559616,1.0172667503356934,1.3317752838134764
bike,dune_bayes,994,dispersion,0.3842813834547997,0.5610722899436951,0.8116031736135481
bike,dune_bayes,995,dispersion,0.3192624315619469,0.47451701760292053,0.7025082319974898
bike,dune_bayes,996,dispersion,0.09831331484019756,0.1828225776553154,0.34885309636592854
bike,dune_bayes,997,dispersion,0.10464829616248608,0.19301467388868332,0.3507458627223967
bike,dune_bayes,998,dispersion,0.08361051008105279,0.16012006253004074,0.3092240720987318
bike,dune_bayes,999,dispersion,0.08361051008105279,0.16012006253004074,0.3092240720987318
bike,dune_bayes,1000,dispersion,0.08361051008105279,0.16012006253004074,0.3092240720987318
bike,dune_bayes,1001,dispersion,0.09631441123783589,0.18284357339143753,0.34645141512155525
bike,dune_bayes,1002,dispersion,0.19773909449577332,0.3212083429098129,0.5237396866083142
bike,dune_bayes,1003,dispersion,0.19773909449577332,0.3212083429098129,0.5237396866083142
bike,dune_bayes,1004,dispersion,0.298871348798275,0.47182291746139526,0.7119693100452422
bike,dune_bayes,1005,dispersion,0.3064567521214485,0.46183282136917114,0.6722506880760193
bike,dune_bayes,1006,dispersion,0.7593031406402588,1.1615529656410217,1.646045285463333
bike,dune_bayes,1007,dispersion,0.809974980354309,1.1993708610534668,1.6238739550113674
bike,dune_bayes,1008,dispersion,0.82877277135849,1.2264869809150696,1.6663711547851559
bike,dune_bayes,1009,dispersion,0.8860144466161728,1.3148058652877808,1.7671704769134509
bike,dune_bayes,1010,dispersion,0.8860144466161728,1.3148058652877808,1.7671704769134509
bike,dune_bayes,1011,dispersion,0.803762024641037,1.2733691334724426,1.7912021517753598
bike,dune_bayes,1012,dispersion,0.803762024641037,1.2733691334724426,1.7912021517753598
bike,dune_bayes,1013,dispersion,0.3257773846387863,0.49604447185993195,0.7437277644872665
bike,dune_bayes,1014,dispersion,0.8568892508745194,1.1794549822807312,1.564587390422821
bike,dune_bayes,1015,dispersion,0.4986353173851967,0.711442232131958,0.9707422405481337
bike,dune_bayes,1016,dispersion,0.5583090901374818,0.8879610896110535,1.296126168966293
bike,dune_bayes,1017,dispersion,0.541475459933281,0.9041770994663239,1.3358626544475551
bike,dune_bayes,1018,dispersion,0.4140350580215454,0.7078072130680084,1.101703268289566
bike,dune_bayes,1019,dispersion,0.44249210804700856,0.7394308149814606,1.1307052969932554
bike,dune_bayes,1020,dispersion,0.4474876388907433,0.7535078525543213,1.1590764880180358
bike,dune_bayes,1021,dispersion,0.7144661962985992,1.0438804030418396,1.438479173183441
bike,dune_bayes,1022,dispersion,0.13156579658389092,0.22621692717075348,0.3943082734942436
bike,dune_bayes,1023,dispersion,0.11157229952514172,0.19722826033830643,0.35314116179943067
bike,dune_bayes,1024,dispersion,0.14212802574038505,0.24525084346532822,0.4343880131840705
bike,dune_bayes,1025,dispersion,0.5035705596208573,0.8021791279315948,1.1672740638256072
bike,dune_bayes,1026,dispersion,0.27289474159479143,0.4157841354608536,0.6177505552768706
bike,dune_bayes,1027,dispersion,0.17242521271109582,0.28080496191978455,0.4712709739804268
bike,dune_bayes,1028,dispersion,0.24873933643102647,0.38343098759651184,0.5923925817012785
bike,dune_bayes,1029,dispersion,0.20449699088931084,0.3393981009721756,0.5517918437719345
bike,dune_bayes,1030,dispersion,0.16613119095563889,0.27668747305870056,0.4614238336682317
bike,dune_bayes,1031,dispersion,0.26081147640943525,0.4056512266397476,0.6319732218980789
bike,dune_bayes,1032,dispersion,0.21071716472506524,0.34369195997714996,0.5483718425035476
bike,dune_bayes,1033,dispersion,0.10976328849792481,0.20411252230405807,0.3787967950105664
bike,dune_bayes,1034,dispersion,0.1665158934891224,0.29752542078495026,0.5107606798410415
bike,dune_bayes,1035,dispersion,0.19721293896436692,0.3512343168258667,0.5926082223653792
bike,dune_bayes,1036,dispersion,0.14001459628343582,0.2760595232248306,0.5151230037212364
bike,dune_bayes,1037,dispersion,0.11930222436785698,0.2202083244919777,0.4054833382368087
bike,dune_bayes,1038,dispersion,0.12849519923329353,0.23766424506902695,0.4222226172685622
bike,dune_bayes,1039,dispersion,0.18162685558199884,0.3109770566225052,0.5205600351095196
bike,dune_bayes,1040,dispersion,0.42268066555261613,0.625320702791214,0.8732776969671247
bike,dune_bayes,1041,dispersion,0.4255599930882454,0.6356986165046692,0.8995816618204115
bike,dune_bayes,1042,dispersion,0.5319284617900848,0.7564817070960999,1.0160988450050352
bike,dune_bayes,1043,dispersion,0.12928967848420142,0.258038654923439,0.4846244797110551
bike,dune_bayes,1044,dispersion,0.16283069923520088,0.2816309779882431,0.48066905140876737
bike,dune_bayes,1045,dispersion,0.19886302277445794,0.3273071348667145,0.5373481363058087
bike,dune_bayes,1046,dispersion,0.3002756923437119,0.4910426139831543,0.8005198568105697
bike,dune_bayes,1047,dispersion,0.35039863735437393,0.5727096199989319,0.8674565643072126
bike,dune_bayes,1048,dispersion,0.44277290999889374,0.7761476635932922,1.1777094662189482
bike,dune_bayes,1049,dispersion,0.42828087210655214,0.6984045505523682,1.0541398763656615
bike,dune_bayes,1050,dispersion,0.44395772367715836,0.809710681438446,1.236285251379013
bike,dune_bayes,1051,dispersion,0.44395772367715836,0.809710681438446,1.236285251379013
bike,dune_bayes,1052,dispersion,0.562722897529602,0.9330864548683167,1.3751885056495667
bike,dune_bayes,1053,dispersion,0.4649858132004738,0.7698182165622711,1.1515040934085845
bike,dune_bayes,1054,dispersion,0.3066984131932259,0.5142847001552582,0.7950364500284195
bike,dune_bayes,1055,dispersion,0.5556704223155975,1.0087050795555115,1.5491600334644318
bike,dune_bayes,1056,dispersion,0.9778869032859803,1.4256173372268677,1.9418178021907806
bike,dune_bayes,1057,dispersion,0.5920650124549866,0.8172036707401276,1.0843599021434782
bike,dune_bayes,1058,dispersion,0.6405297338962556,0.8781067728996277,1.1735217273235319
bike,dune_bayes,1059,dispersion,0.765116086602211,1.0387912392616272,1.358891749382019
bike,dune_bayes,1060,dispersion,0.4489079937338829,0.6402212977409363,0.9002581328153606
bike,dune_bayes,1061,dispersion,0.14219427481293678,0.24602875858545303,0.4286613911390301
bike,dune_bayes,1062,dispersion,0.19550913497805594,0.32247449457645416,0.5258383601903915
bike,dune_bayes,1063,dispersion,0.33186649829149245,0.5476832985877991,0.8504665195941924
bike,dune_bayes,1064,dispersion,0.4645277872681618,0.729086697101593,1.0792904317378997
bike,dune_bayes,1065,dispersion,0.8926502138376237,1.3080502152442932,1.786609798669815
bike,dune_bayes,1066,dispersion,0.25201152786612513,0.41345342993736267,0.6612979620695112
bike,dune_bayes,1067,dispersion,0.19958834499120712,0.34784117341041565,0.5835095107555388
bike,dune_bayes,1068,dispersion,0.15112571865320207,0.2549687623977661,0.4371954098343849
bike,dune_bayes,1069,dispersion,0.5107672214508057,0.7275180518627167,0.985045513510704
bike,dune_bayes,1070,dispersion,0.46613714545965196,0.6715733408927917,0.9440656989812849
bike,dune_bayes,1071,dispersion,0.19587402939796447,0.3186713606119156,0.51165511906147
bike,dune_bayes,1072,dispersion,0.8530508369207382,1.2136524319648743,1.6220975697040554
bike,dune_bayes,1073,dispersion,0.6241029590368271,0.8660227358341217,1.1546461284160614
bike,dune_bayes,1074,dispersion,0.8866987198591232,1.3342083096504211,1.8430930793285367
bike,dune_bayes,1075,dispersion,0.41741456687450407,0.6315432190895081,0.898578351736068
bike,dune_bayes,1076,dispersion,0.22440486773848536,0.42104263603687286,0.7147956818342208
bike,dune_bayes,1077,dispersion,0.8607957184314728,1.2015057802200317,1.5862680435180663
bike,dune_bayes,1078,dispersion,0.6862241089344024,1.1300740838050842,1.6851253390312195
bike,dune_bayes,1079,dispersion,0.25106937512755395,0.46418634057044983,0.7897588729858396
bike,dune_bayes,1080,dispersion,0.4459266766905785,0.7170358896255493,1.0820347487926483
bike,dune_bayes,1081,dispersion,0.5040172398090362,0.8207230567932129,1.21363884806633
bike,dune_bayes,1082,dispersion,0.5070271402597427,0.8374923467636108,1.2449441552162168
bike,dune_bayes,1083,dispersion,0.5567574948072433,0.9157250225543976,1.3466963112354278
bike,dune_bayes,1084,dispersion,0.3602590784430504,0.6007318794727325,0.9257310867309567
bike,dune_bayes,1085,dispersion,0.2053358644247055,0.34427882730960846,0.556544342637062
bike,dune_bayes,1086,dispersion,0.16264504715800285,0.2783747464418411,0.46637877076864237
bike,dune_bayes,1087,dispersion,0.4727906882762909,0.7930760979652405,1.20427708029747
bike,dune_bayes,1088,dispersion,0.4474876388907433,0.7535078525543213,1.1590764880180358
bike,dune_bayes,1089,dispersion,0.35072456300258636,0.5760171115398407,0.886895081400871
bike,dune_bayes,1090,dispersion,0.4635417446494103,0.671747237443924,0.9371839046478272
bike,dune_bayes,1091,dispersion,0.25435285866260526,0.4153056740760803,0.6388499379158019
bike,dune_bayes,1092,dispersion,0.16591280177235604,0.29881951212882996,0.5226534873247145
bike,dune_bayes,1093,dispersion,0.245609862357378,0.41695526242256165,0.6652653872966766
bike,dune_bayes,1094,dispersion,0.28196387439966203,0.46400924026966095,0.7104853242635725
bike,dune_bayes,1095,dispersion,0.42283661663532257,0.6756731271743774,1.0107525885105133
bike,dune_bayes,1096,dispersion,0.316745413839817,0.5377973020076752,0.84880710542202
bike,dune_bayes,1097,dispersion,0.19772597029805183,0.348790779709816,0.5756883293390274
bike,dune_bayes,1098,dispersion,0.19530662670731544,0.334128201007843,0.5584428966045379
bike,dune_bayes,1099,dispersion,0.34154348224401476,0.5209905207157135,0.7405452251434326
bike,dune_bayes,1100,dispersion,0.828141701221466,1.0906546115875244,1.35789503455162
bike,dune_bayes,1101,dispersion,0.9284812927246093,1.2460036873817444,1.5685359835624693
bike,dune_bayes,1102,dispersion,0.1959995895624161,0.3514050394296646,0.5924505621194839
bike,dune_bayes,1103,dispersion,0.2746285542845726,0.42907319962978363,0.6463078200817104
bike,dune_bayes,1104,dispersion,0.7469179332256317,1.0824548602104187,1.4905979812145234
bike,dune_bayes,1105,dispersion,0.6862102866172791,1.1021620035171509,1.5892702758312223
bike,dune_bayes,1106,dispersion,0.780739974975586,1.0882631540298462,1.438887596130371
bike,dune_bayes,1107,dispersion,1.0088853895664216,1.420166790485382,1.849180370569229
bike,dune_bayes,1108,dispersion,0.6606577694416046,1.021327555179596,1.4574190378189085
bike,dune_bayes,1109,dispersion,0.3822980895638466,0.6186048090457916,0.9467345625162124
bike,dune_bayes,1110,dispersion,0.3567729488015175,0.5488719940185547,0.7982237994670865
bike,dune_bayes,1111,dispersion,0.6582079350948333,0.9542098939418793,1.3038232088088988
bike,dune_bayes,1112,dispersion,0.4654873341321945,0.7884528338909149,1.1917831480503078
bike,dune_bayes,1113,dispersion,0.48123669475317,0.9370148479938507,1.4907718539237973
bike,dune_bayes,1114,dispersion,0.5319984495639801,0.9394267201423645,1.4005879640579222
bike,dune_bayes,1115,dispersion,0.4090389683842659,0.7344355881214142,1.1180858850479123
bike,dune_bayes,1116,dispersion,0.22601081505417825,0.3976188004016876,0.6460359752178186
bike,dune_bayes,1117,dispersion,0.4223122626543045,0.6192627847194672,0.8521800726652142
bike,dune_bayes,1118,dispersion,0.31404152810573577,0.4846835881471634,0.7182803660631178
bike,dune_bayes,1119,dispersion,0.335142956674099,0.5085220336914062,0.7561896950006483
bike,dune_bayes,1120,dispersion,0.25031457617878916,0.40293480455875397,0.6488414764404297
bike,dune_bayes,1121,dispersion,0.5235446214675903,0.7508645355701447,1.0076597988605498
bike,dune_bayes,1122,dispersion,0.9405614674091339,1.2539966702461243,1.5689243853092192
bike,dune_bayes,1123,dispersion,0.5235446214675903,0.7508645355701447,1.0076597988605498
bike,dune_bayes,1124,dispersion,0.9804468721151351,1.4002442359924316,1.8657916903495788
bike,dune_bayes,1125,dispersion,0.9079228699207306,1.2986831068992615,1.729263859987259
bike,dune_bayes,1126,dispersion,1.0599578320980072,1.4315268397331238,1.8351535737514495
bike,dune_bayes,1127,dispersion,0.7602786988019944,1.1239606738090515,1.529975128173828
bike,dune_bayes,1128,dispersion,0.2344364643096924,0.38595500588417053,0.6178942590951916
bike,dune_bayes,1129,dispersion,0.21560805067420008,0.3573930710554123,0.5790823489427561
bike,dune_bayes,1130,dispersion,0.9296516358852387,1.2554471492767334,1.5874228596687316
bike,dune_bayes,1131,dispersion,0.929659190773964,1.3504056334495544,1.823087918758392
bike,dune_bayes,1132,dispersion,0.4095923751592636,0.5947043299674988,0.8392607033252716
bike,dune_bayes,1133,dispersion,0.8411292880773544,1.1511414647102356,1.4939070641994476
bike,dune_bayes,1134,dispersion,0.9491664946079255,1.322338044643402,1.738283723592758
bike,dune_bayes,1135,dispersion,0.4670106053352356,0.6745446920394897,0.9276165217161171
bike,dune_bayes,1136,dispersion,0.5834380745887756,0.8908112049102783,1.279835021495819
bike,dune_bayes,1137,dispersion,0.301226107776165,0.4767821878194809,0.735621964931488
bike,dune_bayes,1138,dispersion,0.3067044496536255,0.5290042757987976,0.8213587343692778
bike,dune_bayes,1139,dispersion,0.3780380204319954,0.6201812028884888,0.9458968311548233
bike,dune_bayes,1140,dispersion,0.520037105679512,0.8295420706272125,1.2039370715618134
bike,dune_bayes,1141,dispersion,0.520037105679512,0.8295420706272125,1.2039370715618134
bike,dune_bayes,1142,dispersion,0.5427561312913894,0.8702967166900635,1.278427630662918
bike,dune_bayes,1143,dispersion,0.41151728928089143,0.6643915772438049,1.0032568037509917
bike,dune_bayes,1144,dispersion,0.6466173440217973,1.0359964966773987,1.5545820295810695
bike,dune_bayes,1145,dispersion,0.6394083976745606,1.0392301082611084,1.5720754206180572
bike,dune_bayes,1146,dispersion,0.6368164539337159,1.0726272463798523,1.5359078168869016
bike,dune_bayes,1147,dispersion,0.93231882750988,1.3756226301193237,1.8365612268447868
bike,dune_bayes,1148,dispersion,1.0398626804351807,1.4243181943893433,1.827695471048355
bike,dune_bayes,1149,dispersion,0.9929629474878312,1.398610770702362,1.8152051210403437
bike,dune_bayes,1150,dispersion,0.9929629474878312,1.398610770702362,1.8152051210403437
bike,dune_bayes,1151,dispersion,0.8570892959833145,1.2744107246398926,1.716529095172882
bike,dune_bayes,1152,dispersion,0.9025150746107101,1.3664741516113281,1.8543497562408446
bike,dune_bayes,1153,dispersion,0.8859668254852295,1.3224068880081177,1.7878872752189632
bike,dune_bayes,1154,dispersion,0.8577073693275452,1.3184067010879517,1.8033433258533473
bike,dune_bayes,1155,dispersion,1.0193138003349305,1.4002883434295654,1.8099203526973722
bike,dune_bayes,1156,dispersion,1.0802910804748536,1.5548157095909119,2.1320402026176453
bike,dune_bayes,1157,dispersion,1.0146374821662902,1.4774382710456848,2.0212045669555656
bike,dune_bayes,1158,dispersion,1.0101679265499115,1.412323534488678,1.8788307547569274
bike,dune_bayes,1159,dispersion,0.986112916469574,1.420153558254242,1.8759183049201964
bike,dune_bayes,1160,dispersion,0.9863506525754928,1.427554726600647,1.9022584497928614
bike,dune_bayes,1161,dispersion,0.8499394029378892,1.2327186465263367,1.6562553763389583
bike,dune_bayes,1162,dispersion,0.8029152870178222,1.219542920589447,1.6874584436416624
bike,dune_bayes,1163,dispersion,0.8667617231607437,1.302761971950531,1.765422987937927
bike,dune_bayes,1164,dispersion,0.9870117753744125,1.4410089254379272,1.9221286952495564
bike,dune_bayes,1165,dispersion,0.9834002763032913,1.3955268263816833,1.8331885576248166
bike,dune_bayes,1166,dispersion,0.9857013523578644,1.4838551878929138,2.0785569667816155
bike,dune_bayes,1167,dispersion,0.6185331016778947,0.9214695692062378,1.2983318448066712
bike,dune_bayes,1168,dispersion,0.8577787637710571,1.3318918347358704,1.87287061214447
bike,dune_bayes,1169,dispersion,0.7704441517591477,1.2418622374534607,1.7810554206371307
bike,dune_bayes,1170,dispersion,0.47833959460258485,0.7629578709602356,1.1299757897853846
bike,dune_bayes,1171,dispersion,0.7404101461172103,1.2197402119636536,1.791775166988372
bike,dune_bayes,1172,dispersion,0.16527403891086578,0.2834970951080322,0.48425355553627003
bike,dune_bayes,1173,dispersion,0.5145004034042359,0.8033999502658844,1.1798192918300627
bike,dune_bayes,1174,dispersion,1.0629223525524139,1.5284985899925232,2.0530768871307363
bike,dune_bayes,1175,dispersion,0.7180091440677643,1.078285813331604,1.4824257493019102
bike,dune_bayes,1176,dispersion,0.39927069246768954,0.5819271504878998,0.8177643954753875
bike,dune_bayes,1177,dispersion,0.33636784404516223,0.5195642411708832,0.7752388149499893
bike,dune_bayes,1178,dispersion,0.43060436099767685,0.6342689394950867,0.8907021790742874
bike,dune_bayes,1179,dispersion,1.0088853895664216,1.420166790485382,1.849180370569229
bike,dune_bayes,1180,dispersion,1.0114374160766602,1.4546533226966858,1.9696914732456205
bike,dune_bayes,1181,dispersion,1.0629223525524139,1.5284985899925232,2.0530768871307363
bike,dune_bayes,1182,dispersion,0.6358130276203156,0.8976474106311798,1.226365131139755
bike,dune_bayes,1183,dispersion,0.2559099555015564,0.3981514722108841,0.610305458307266
bike,dune_bayes,1184,dispersion,0.45894977152347566,0.6546186804771423,0.9084465593099593
bike,dune_bayes,1185,dispersion,0.6074596881866455,0.8680069446563721,1.2030845046043395
bike,dune_bayes,1186,dispersion,0.4397211015224457,0.633743941783905,0.8810634434223172
bike,dune_bayes,1187,dispersion,0.8484528303146363,1.1626132726669312,1.5148697376251221
bike,dune_bayes,1188,dispersion,0.9197217911481858,1.266993224620819,1.6275918662548061
bike,dune_bayes,1189,dispersion,0.6638781279325485,0.9685920476913452,1.314481723308563
bike,dune_bayes,1190,dispersion,0.8187107145786285,1.0596835613250732,1.2965156495571135
bike,dune_bayes,1191,dispersion,0.9005513548851013,1.1936672925949097,1.4902597665786739
bike,dune_bayes,1192,dispersion,0.91896753013134,1.2094347476959229,1.4913691937923423
bike,dune_bayes,1193,dispersion,1.097409188747406,1.4058507680892944,1.7372493624687195
bike,dune_bayes,1194,dispersion,0.5327416956424713,0.7306365072727203,0.965696650743484
bike,dune_bayes,1195,dispersion,0.41357739418745043,0.6107976138591766,0.8590744823217391
bike,dune_bayes,1196,dispersion,0.6771988987922668,0.9920136630535126,1.3542457282543174
bike,dune_bayes,1197,dispersion,0.6297643065452576,0.936348557472229,1.2598936915397645
bike,dune_bayes,1198,dispersion,0.7493185371160507,1.112223744392395,1.5105507075786586
bike,dune_bayes,1199,dispersion,0.7770893603563309,1.1349743008613586,1.5553960204124448
bike,dune_bayes,1200,dispersion,0.7054302245378494,1.0322070717811584,1.3955493688583371
bike,dune_bayes,1201,dispersion,0.47387879639863967,0.6893073916435242,0.9942844539880749
bike,dune_bayes,1202,dispersion,0.6187001556158066,0.9090704917907715,1.2917611479759217
bike,dune_bayes,1203,dispersion,1.0103419184684754,1.2898154854774475,1.5962870955467223
bike,dune_bayes,1204,dispersion,0.7616736888885498,0.9975326955318451,1.2491468906402587
bike,dune_bayes,1205,dispersion,1.0661155343055726,1.4069976806640625,1.7900327801704405
bike,dune_bayes,1206,dispersion,0.9033580511808396,1.2462003231048584,1.6210340917110442
bike,dune_bayes,1207,dispersion,0.9890659809112549,1.3670498728752136,1.7806004166603089
bike,dune_bayes,1208,dispersion,1.1028434813022614,1.4994264245033264,1.9497013092041013
bike,dune_bayes,1209,dispersion,1.087141788005829,1.5336585640907288,2.0216270923614497
bike,dune_bayes,1210,dispersion,0.7606795907020569,1.0741673707962036,1.4440704584121704
bike,dune_bayes,1211,dispersion,1.0289260387420653,1.48939710855484,1.9746482372283936
bike,dune_bayes,1212,dispersion,0.9867283880710602,1.4629489183425903,2.0359642505645748
bike,dune_bayes,1213,dispersion,1.033589380979538,1.4598646759986877,1.9028408706188196
bike,dune_bayes,1214,dispersion,1.0283839225769043,1.467414915561676,1.9316519677639004
bike,dune_bayes,1215,dispersion,1.0286250710487366,1.4604538083076477,1.9346463620662688
bike,dune_bayes,1216,dispersion,1.021937221288681,1.4376488327980042,1.9114467322826385
bike,dune_bayes,1217,dispersion,1.028483235836029,1.5234091877937317,2.1207600712776182
bike,dune_bayes,1218,dispersion,0.9834002763032913,1.3955268263816833,1.8331885576248166
bike,dune_bayes,1219,dispersion,0.9834002763032913,1.3955268263816833,1.8331885576248166
bike,dune_bayes,1220,dispersion,0.9867283880710602,1.4629489183425903,2.0359642505645748
bike,dune_bayes,1221,dispersion,1.028483235836029,1.5234091877937317,2.1207600712776182
bike,dune_bayes,1222,dispersion,0.7838878512382508,1.2636502981185913,1.8578687846660613
bike,dune_bayes,1223,dispersion,0.7882119715213776,1.242914617061615,1.818177556991577
bike,dune_bayes,1224,dispersion,0.7426420092582703,1.162292718887329,1.7167870819568634
bike,dune_bayes,1225,dispersion,0.5312664479017257,0.8371741771697998,1.2365806281566618
bike,dune_bayes,1226,dispersion,0.5312664479017257,0.8371741771697998,1.2365806281566618
bike,dune_bayes,1227,dispersion,0.7105033010244369,1.1737276911735535,1.7602812230586997
bike,dune_bayes,1228,dispersion,0.5754483580589295,0.9673210680484772,1.4792745232582085
bike,dune_bayes,1229,dispersion,0.6427817612886428,1.0177216529846191,1.4764271259307862
bike,dune_bayes,1230,dispersion,0.9867283880710602,1.4629489183425903,2.0359642505645748
bike,dune_bayes,1231,dispersion,0.6585054725408555,0.9260150492191315,1.247769391536712
bike,dune_bayes,1232,dispersion,0.6044197738170624,0.8506158888339996,1.1500978589057922
bike,dune_bayes,1233,dispersion,0.8504370391368866,1.2087329626083374,1.6391347110271453
bike,dune_bayes,1234,dispersion,0.9863506525754928,1.427554726600647,1.9022584497928614
bike,dune_bayes,1235,dispersion,0.9283980667591095,1.3352145552635193,1.7633576154708859
bike,dune_bayes,1236,dispersion,1.0076521396636964,1.4293670654296875,1.8704369544982906
bike,dune_bayes,1237,dispersion,1.0146374821662902,1.4774382710456848,2.0212045669555656
bike,dune_bayes,1238,dispersion,1.0146374821662902,1.4774382710456848,2.0212045669555656
bike,dune_bayes,1239,dispersion,1.0146374821662902,1.4774382710456848,2.0212045669555656
bike,dune_bayes,1240,dispersion,1.0314417004585266,1.4175370335578918,1.8523280560970303
bike,dune_bayes,1241,dispersion,0.942009562253952,1.3351230025291443,1.7667273640632628
bike,dune_bayes,1242,dispersion,0.6184847742319107,0.8802337646484375,1.203202211856842
bike,dune_bayes,1243,dispersion,0.41289184093475345,0.59264275431633,0.8451628029346465
bike,dune_bayes,1244,dispersion,0.8845562607049943,1.2408416867256165,1.6213626980781553
bike,dune_bayes,1245,dispersion,0.9602349936962128,1.316767394542694,1.7194507062435147
bike,dune_bayes,1246,dispersion,1.0092696964740753,1.395967721939087,1.823280656337738
bike,dune_bayes,1247,dispersion,0.5605680674314499,0.7726755738258362,1.0230284452438354
bike,dune_bayes,1248,dispersion,0.4171502873301506,0.6505769491195679,0.927779096364975
bike,dune_bayes,1249,dispersion,1.0129954814910889,1.3374649286270142,1.6779833793640135
bike,dune_bayes,1250,dispersion,0.9187933504581451,1.176307499408722,1.4584127128124236
bike,dune_bayes,1251,dispersion,0.694087114930153,1.0235586166381836,1.3922238707542416
bike,dune_bayes,1252,dispersion,0.445107464492321,0.6409743130207062,0.882731583714485
bike,dune_bayes,1253,dispersion,0.368925079703331,0.5781038105487823,0.8540060937404632
bike,dune_bayes,1254,dispersion,0.48385884165763854,0.7031680047512054,0.9483683347702022
bike,dune_bayes,1255,dispersion,0.5210097432136536,0.7848991751670837,1.1007023274898524
bike,dune_bayes,1256,dispersion,0.410566458106041,0.6843496561050415,1.0457613646984099
bike,dune_bayes,1257,dispersion,0.36199372410774233,0.6010559499263763,0.9470739394426342
bike,dune_bayes,1258,dispersion,0.36230706274509433,0.5975580215454102,0.9396654188632965
bike,dune_bayes,1259,dispersion,0.7055408775806427,1.0425581336021423,1.4451572120189664
bike,dune_bayes,1260,dispersion,0.8106442600488662,1.1692167520523071,1.5892124652862543
bike,dune_bayes,1261,dispersion,0.8590918362140656,1.2416977286338806,1.7081380188465118
bike,dune_bayes,1262,dispersion,0.8885641485452652,1.3607328534126282,1.8425999820232366
bike,dune_bayes,1263,dispersion,0.9658100932836533,1.4401272535324097,1.9688196361064907
bike,dune_bayes,1264,dispersion,0.8920372903347016,1.260635256767273,1.7250808477401725
bike,dune_bayes,1265,dispersion,0.7480293393135071,1.1257501244544983,1.5894455313682556
bike,dune_bayes,1266,dispersion,0.6092985242605209,0.900832325220108,1.243478888273239
bike,dune_bayes,1267,dispersion,0.5413119494915009,0.7844820916652679,1.0706234455108643
bike,dune_bayes,1268,dispersion,0.898268547654152,1.2906859517097473,1.7635759234428405
bike,dune_bayes,1269,dispersion,0.7375589907169342,1.0808129906654358,1.4688268363475796
bike,dune_bayes,1270,dispersion,0.93201142847538,1.35370272397995,1.8734385907649993
bike,dune_bayes,1271,dispersion,1.3338746368885042,1.7782692313194275,2.2542598724365233
bike,dune_bayes,1272,dispersion,1.1785356283187867,1.5311830639839172,1.9348966300487518
bike,dune_bayes,1273,dispersion,1.213181346654892,1.690356969833374,2.214991784095764
bike,dune_bayes,1274,dispersion,1.1785356283187867,1.5311830639839172,1.9348966300487518
bike,dune_bayes,1275,dispersion,1.0800778925418855,1.4097753763198853,1.7858099102973937
bike,dune_bayes,1276,dispersion,1.06707404255867,1.473994255065918,1.9615479171276091
bike,dune_bayes,1277,dispersion,1.0794651567935944,1.4155641198158264,1.7929580330848693
bike,dune_bayes,1278,dispersion,1.1192629754543304,1.5897584557533264,2.098478996753692
bike,dune_bayes,1279,dispersion,1.1813020825386047,1.5810280442237854,2.0349329113960266
bike,dune_bayes,1280,dispersion,0.7615168035030365,1.0032377243041992,1.2543471574783323
bike,dune_bayes,1281,dispersion,1.0953027307987213,1.5716688632965088,2.0982112765312193
bike,dune_bayes,1282,dispersion,1.0865215897560119,1.4378591775894165,1.8417400956153869
bike,dune_bayes,1283,dispersion,0.5932806491851806,0.815520703792572,1.0740561127662658
bike,dune_bayes,1284,dispersion,0.319416306912899,0.4994829595088959,0.7408682733774179
bike,dune_bayes,1285,dispersion,0.3040859133005142,0.490324467420578,0.7421649575233458
bike,dune_bayes,1286,dispersion,1.018097561597824,1.2945610880851746,1.5982835412025451
bike,dune_bayes,1287,dispersion,0.7472522646188736,0.9496358633041382,1.1792082786560059
bike,dune_bayes,1288,dispersion,1.1156414866447448,1.5024133920669556,1.9391554713249206
bike,dune_bayes,1289,dispersion,1.0876883685588836,1.5326911211013794,2.0410350561141963
bike,dune_bayes,1290,dispersion,1.1232776880264281,1.6098672747612,2.1479134917259213
bike,dune_bayes,1291,dispersion,0.4873072594404221,0.7531417906284332,1.1020345211029048
bike,dune_bayes,1292,dispersion,0.6708488523960113,0.9232945144176483,1.1988703489303587
bike,dune_bayes,1293,dispersion,0.8468733817338944,1.1852328181266785,1.5806526780128478
bike,dune_bayes,1294,dispersion,0.7911205738782883,1.2342634797096252,1.7656442105770112
bike,dune_bayes,1295,dispersion,0.7911205738782883,1.2342634797096252,1.7656442105770112
bike,dune_bayes,1296,dispersion,0.7475686341524124,1.1430729031562805,1.6383247077465055
bike,dune_bayes,1297,dispersion,0.7434512078762054,1.1435126662254333,1.647142070531845
bike,dune_bayes,1298,dispersion,0.20958777517080307,0.39803776144981384,0.7135354012250898
bike,dune_bayes,1299,dispersion,0.2600562199950218,0.43949300050735474,0.7111177086830137
bike,dune_bayes,1300,dispersion,0.23136301189661027,0.4038049876689911,0.6757147908210753
bike,dune_bayes,1301,dispersion,0.7434512078762054,1.1435126662254333,1.647142070531845
bike,dune_bayes,1302,dispersion,0.8267719209194183,1.2414889335632324,1.7115503430366508
bike,dune_bayes,1303,dispersion,0.8518899232149124,1.316077470779419,1.8703406870365142
bike,dune_bayes,1304,dispersion,0.23136301189661027,0.4038049876689911,0.6757147908210753
bike,dune_bayes,1305,dispersion,0.21349044740200043,0.3563062250614166,0.595540729165077
bike,dune_bayes,1306,dispersion,0.24296743273735047,0.39540188014507294,0.644831585884094
bike,dune_bayes,1307,dispersion,0.4405191704630852,0.661855936050415,0.9916308581829066
bike,dune_bayes,1308,dispersion,0.8179078698158264,1.2850772738456726,1.8178775012493127
bike,dune_bayes,1309,dispersion,0.834152415394783,1.2887147665023804,1.839147055149078
bike,dune_bayes,1310,dispersion,0.847468101978302,1.3249679803848267,1.9140521407127375
bike,dune_bayes,1311,dispersion,0.787743279337883,1.227337658405304,1.7623347163200376
bike,dune_bayes,1312,dispersion,0.20195138603448867,0.3578700125217438,0.6156167179346084
bike,dune_bayes,1313,dispersion,0.15727502927184106,0.2913225144147873,0.5131626963615418
bike,dune_bayes,1314,dispersion,0.18539295718073845,0.33482763171195984,0.5805461853742598
bike,dune_bayes,1315,dispersion,0.7124954849481583,1.0863510966300964,1.549889659881591
bike,dune_bayes,1316,dispersion,1.112529641389847,1.497271716594696,1.9333067357540128
bike,dune_bayes,1317,dispersion,1.0960900723934173,1.4758689403533936,1.902228009700775
bike,dune_bayes,1318,dispersion,1.0939013242721558,1.4870967268943787,1.912179243564605
bike,dune_bayes,1319,dispersion,1.048894613981247,1.4199124574661255,1.8117136478424072
bike,dune_bayes,1320,dispersion,0.8153433531522751,1.0816361904144287,1.3728999495506287
bike,dune_bayes,1321,dispersion,0.8727243840694427,1.1541382670402527,1.4620164573192596
bike,dune_bayes,1322,dispersion,0.9912137597799302,1.3099759817123413,1.6786154866218566
bike,dune_bayes,1323,dispersion,0.9659119248390198,1.2606603503227234,1.576075077056884
bike,dune_bayes,1324,dispersion,1.0339747965335846,1.3539395332336426,1.6990547180175781
bike,dune_bayes,1325,dispersion,0.8311965614557266,1.318034052848816,1.8219035506248473
bike,dune_bayes,1326,dispersion,1.1039361715316773,1.537420630455017,2.0097349643707276
bike,dune_bayes,1327,dispersion,1.1048174798488617,1.4947699904441833,1.9228106558322902
bike,dune_bayes,1328,dispersion,1.0852270305156708,1.516429603099823,1.964375376701355
bike,dune_bayes,1329,dispersion,1.0734880805015565,1.4667097330093384,1.9122155010700226
bike,dune_bayes,1330,dispersion,0.2885889381170273,0.47710059583187103,0.756387221813202
bike,dune_bayes,1331,dispersion,0.3316936895251274,0.5184411704540253,0.7793005764484405
bike,dune_bayes,1332,dispersion,0.3151686802506447,0.5045001804828644,0.770886805653572
bike,dune_bayes,1333,dispersion,0.38486333191394806,0.5665266513824463,0.8120579570531845
bike,dune_bayes,1334,dispersion,0.1522555485367775,0.3306960314512253,0.66204574406147
bike,dune_bayes,1335,dispersion,0.2059907741844654,0.3480219393968582,0.5974027156829833
bike,dune_bayes,1336,dispersion,0.2528658270835876,0.4093960076570511,0.6490878850221633
bike,dune_bayes,1337,dispersion,0.27052049785852433,0.4413803368806839,0.6683863222599029
bike,dune_bayes,1338,dispersion,0.2922664538025856,0.48239248991012573,0.7194051772356032
bike,dune_bayes,1339,dispersion,0.413869297504425,0.6314996182918549,0.8862139105796811
bike,dune_bayes,1340,dispersion,0.6709666460752487,0.9398583173751831,1.284649908542633
bike,dune_bayes,1341,dispersion,0.5261669218540191,0.7470735609531403,1.0113422513008117
bike,dune_bayes,1342,dispersion,0.22319773063063622,0.364921510219574,0.6101579070091246
bike,dune_bayes,1343,dispersion,0.21531596928834915,0.36161527037620544,0.6119255274534225
bike,dune_bayes,1344,dispersion,0.16707203015685082,0.3151116520166397,0.5686885714530944
bike,dune_bayes,1345,dispersion,0.21685903146862984,0.3844778388738632,0.6509922206401824
bike,dune_bayes,1346,dispersion,0.2377171076834202,0.4298170357942581,0.7344863235950466
bike,dune_bayes,1347,dispersion,0.4636028602719307,0.6533890664577484,0.8912286818027495
bike,dune_bayes,1348,dispersion,1.0767752051353454,1.5496647357940674,2.065492486953735
bike,dune_bayes,1349,dispersion,0.32115520536899567,0.5183303356170654,0.7834610164165495
bike,dune_bayes,1350,dispersion,0.40031915307044985,0.5945467054843903,0.8396081596612927
bike,dune_bayes,1351,dispersion,0.6189291715621948,0.8526605665683746,1.1012052476406096
bike,dune_bayes,1352,dispersion,0.6675486832857133,0.9154746830463409,1.1806976914405822
bike,dune_bayes,1353,dispersion,0.9908459663391114,1.2678827047348022,1.5742425203323365
bike,dune_bayes,1354,dispersion,0.944714292883873,1.244146704673767,1.5412321865558622
bike,dune_bayes,1355,dispersion,1.0798620462417603,1.49093759059906,1.9400659680366512
bike,dune_bayes,1356,dispersion,0.9005460441112518,1.2792068719863892,1.6498874008655546
bike,dune_bayes,1357,dispersion,0.8261088132858276,1.2312517762184143,1.6823191344738007
bike,dune_bayes,1358,dispersion,0.3969432428479195,0.6701983213424683,1.0491275966167448
bike,dune_bayes,1359,dispersion,0.30755764693021775,0.5617126226425171,0.9400942683219908
bike,dune_bayes,1360,dispersion,0.36956788748502734,0.6202059388160706,0.9319911926984784
bike,dune_bayes,1361,dispersion,0.5183151632547378,0.7294248342514038,0.9638801276683807
bike,dune_bayes,1362,dispersion,0.7551017314195633,0.9941774904727936,1.2241030573844909
bike,dune_bayes,1363,dispersion,0.5522616893053055,0.8030200004577637,1.094475895166397
bike,dune_bayes,1364,dispersion,0.41188291013240813,0.6402120888233185,0.9190900325775145
bike,dune_bayes,1365,dispersion,0.3074446767568588,0.47078394889831543,0.6916105836629867
bike,dune_bayes,1366,dispersion,0.40603618919849394,0.6178557276725769,0.8720203191041945
bike,dune_bayes,1367,dispersion,1.0301122307777404,1.4900436997413635,2.0543676733970635
bike,dune_bayes,1368,dispersion,0.8136809676885606,1.214063584804535,1.7450981199741364
bike,dune_bayes,1369,dispersion,0.3933771878480911,0.5745438635349274,0.8278220564126968
bike,dune_bayes,1370,dispersion,0.7405254453420639,1.1594160199165344,1.6509857535362242
bike,dune_bayes,1371,dispersion,1.1429143309593202,1.5329190492630005,1.9645258784294126
bike,dune_bayes,1372,dispersion,1.1994279325008392,1.7012755870819092,2.262161350250244
bike,dune_bayes,1373,dispersion,0.6583783358335495,0.8712395131587982,1.101792085170746
bike,dune_bayes,1374,dispersion,0.8582377195358276,1.1100735068321228,1.3832910776138305
bike,dune_bayes,1375,dispersion,1.0270466089248658,1.4767610430717468,1.9572443842887879
bike,dune_bayes,1376,dispersion,1.0297295331954956,1.348846673965454,1.7248491466045373
bike,dune_bayes,1377,dispersion,1.230873018503189,1.6162244081497192,2.0565578937530513
bike,dune_bayes,1378,dispersion,0.4636028602719307,0.6533890664577484,0.8912286818027495
bike,dune_bayes,1379,dispersion,0.9596118777990341,1.2396294474601746,1.531861191987991
bike,dune_bayes,1380,dispersion,0.867797577381134,1.0948501825332642,1.3299843072891235
bike,dune_bayes,1381,dispersion,0.7225528299808502,0.9245204627513885,1.1452564895153041
bike,dune_bayes,1382,dispersion,0.6819559603929519,0.8836336731910706,1.1132831513881682
bike,dune_bayes,1383,dispersion,1.0767752051353454,1.5496647357940674,2.065492486953735
bike,dune_bayes,1384,dispersion,1.1020232796669007,1.4304545521736145,1.8284620940685272
bike,dune_bayes,1385,dispersion,1.0310134768486023,1.4847504496574402,1.9587283372879027
bike,dune_bayes,1386,dispersion,0.637678736448288,1.002776026725769,1.4481503546237944
bike,dune_bayes,1387,dispersion,0.7039978802204132,1.1126939058303833,1.60745410323143
bike,dune_bayes,1388,dispersion,1.0714792132377624,1.419615089893341,1.77655987739563
bike,dune_bayes,1389,dispersion,0.5100326627492905,0.7607389092445374,1.0160734117031092
bike,dune_bayes,1390,dispersion,0.528269237279892,0.7767590880393982,1.0387586176395414
bike,dune_bayes,1391,dispersion,1.2130190193653108,1.5948582887649536,1.9954135477542876
bike,dune_bayes,1392,dispersion,1.0829014003276825,1.5855610966682434,2.1293933749198914
bike,dune_bayes,1393,dispersion,1.1288726925849915,1.6943605542182922,2.3176955223083495
bike,dune_bayes,1394,dispersion,1.1582070767879487,1.704071283340454,2.292055833339691
bike,dune_bayes,1395,dispersion,1.0618709444999694,1.6825889348983765,2.373903286457061
bike,dune_bayes,1396,dispersion,1.099921327829361,1.6925033926963806,2.3621158599853507
bike,dune_bayes,1397,dispersion,1.1755414605140686,1.7188259363174438,2.325999903678893
bike,dune_bayes,1398,dispersion,1.3130445897579193,1.8787189722061157,2.4444276928901663
bike,dune_bayes,1399,dispersion,1.1183583915233613,1.5734639763832092,2.0733934760093686
bike,dune_bayes,1400,dispersion,0.4389911815524101,0.6711786687374115,0.9537326723337173
bike,dune_bayes,1401,dispersion,0.3869963794946671,0.5987010300159454,0.857190802693367
bike,dune_bayes,1402,dispersion,0.2659850239753723,0.44844453036785126,0.6741455912590024
bike,dune_bayes,1403,dispersion,0.2514673963189125,0.4457872360944748,0.7014053046703338
bike,dune_bayes,1404,dispersion,1.2799533009529114,1.853584110736847,2.5386615037918085
bike,dune_bayes,1405,dispersion,1.6847223341464996,2.193612813949585,2.7123403310775753
bike,dune_bayes,1406,dispersion,1.7478440225124359,2.402950167655945,3.0271607756614682
bike,dune_bayes,1407,dispersion,1.6743116796016693,2.319596767425537,2.9344990730285643
bike,dune_bayes,1408,dispersion,1.523850256204605,2.0961692333221436,2.6695116758346558
bike,dune_bayes,1409,dispersion,0.7296777993440628,0.9895620048046112,1.2434100985527037
bike,dune_bayes,1410,dispersion,1.1436628699302673,1.4657243490219116,1.809490704536438
bike,dune_bayes,1411,dispersion,1.3085337102413177,1.6979380249977112,2.1074175000190736
bike,dune_bayes,1412,dispersion,1.1890419661998748,1.5364802479743958,1.8953024625778199
bike,dune_bayes,1413,dispersion,0.5559804648160934,0.75565966963768,0.9718767911195753
bike,dune_bayes,1414,dispersion,0.42438916116952896,0.6117064356803894,0.8540823429822921
bike,dune_bayes,1415,dispersion,0.5716359108686447,0.7741131484508514,1.0022682666778564
bike,dune_bayes,1416,dispersion,0.9900752753019333,1.359466314315796,1.8034289598464965
bike,dune_bayes,1417,dispersion,0.5039346486330032,0.6967636048793793,0.9268308460712432
bike,dune_bayes,1418,dispersion,1.1828880488872529,1.5391982793807983,1.964797455072403
bike,dune_bayes,1419,dispersion,0.4829419568181038,0.6760837435722351,0.9062942236661911
bike,dune_bayes,1420,dispersion,0.7726896464824676,0.9918603301048279,1.2469431221485137
bike,dune_bayes,1421,dispersion,0.9759580850601196,1.2613574862480164,1.600310456752777
bike,dune_bayes,1422,dispersion,1.0739300489425658,1.3988089561462402,1.7481820344924928
bike,dune_bayes,1423,dispersion,1.1192629754543304,1.5897584557533264,2.098478996753692
bike,dune_bayes,1424,dispersion,1.2164981245994568,1.6463487148284912,2.127128040790558
bike,dune_bayes,1425,dispersion,0.8326197773218155,1.1375327706336975,1.455016738176346
bike,dune_bayes,1426,dispersion,0.40042233616113665,0.6079541146755219,0.8617010831832884
bike,dune_bayes,1427,dispersion,0.31084552854299546,0.5366714298725128,0.8186081826686858
bike,dune_bayes,1428,dispersion,0.4315496951341629,0.681780070066452,0.9642112940549847
bike,dune_bayes,1429,dispersion,0.5445087909698486,0.8442516922950745,1.1722535252571102
bike,dune_bayes,1430,dispersion,0.5857174575328827,0.8918400704860687,1.300841069221496
bike,dune_bayes,1431,dispersion,0.48501891642808914,0.8065993189811707,1.2146336436271665
bike,dune_bayes,1432,dispersion,1.3456030726432802,1.9315418004989624,2.6214878201484675
bike,dune_bayes,1433,dispersion,1.3064728319644927,1.8511841297149658,2.462663173675537
bike,dune_bayes,1434,dispersion,0.4097619727253914,0.5908812880516052,0.8244635939598084
bike,dune_bayes,1435,dispersion,1.3910953104496002,1.9713414311408997,2.565123200416565
bike,dune_bayes,1436,dispersion,1.3910953104496002,1.9713414311408997,2.565123200416565
bike,dune_bayes,1437,dispersion,1.3530958652496339,1.8347358107566833,2.3588996171951293
bike,dune_bayes,1438,dispersion,0.6801021963357925,0.9072707295417786,1.1769914209842682
bike,dune_bayes,1439,dispersion,0.9900752753019333,1.359466314315796,1.8034289598464965
bike,dune_bayes,1440,dispersion,0.409157957136631,0.6347366571426392,0.9069911956787109
bike,dune_bayes,1441,dispersion,0.5826453864574432,0.7919783890247345,1.012032479047775
bike,dune_bayes,1442,dispersion,1.243300199508667,1.7664726376533508,2.3315570473670952
bike,dune_bayes,1443,dispersion,1.38991037607193,1.9265581369400024,2.487592494487762
bike,dune_bayes,1444,dispersion,1.3245145201683044,1.8891485333442688,2.476900744438171
bike,dune_bayes,1445,dispersion,0.49119140207767487,0.6921233832836151,0.931256705522537
bike,dune_bayes,1446,dispersion,0.49119140207767487,0.6921233832836151,0.931256705522537
bike,dune_bayes,1447,dispersion,0.4513937920331955,0.6464367210865021,0.8955210000276564
bike,dune_bayes,1448,dispersion,1.1572728872299194,1.6410765051841736,2.201253294944763
bike,dune_bayes,1449,dispersion,1.1572728872299194,1.6410765051841736,2.201253294944763
bike,dune_bayes,1450,dispersion,1.2478284895420075,1.700118601322174,2.2039249420166014
bike,dune_bayes,1451,dispersion,1.2031866669654847,1.6436055898666382,2.133137238025665
bike,dune_bayes,1452,dispersion,1.095822709798813,1.4278144240379333,1.804086923599243
bike,dune_bayes,1453,dispersion,1.2132844746112823,1.5766910910606384,1.9710602343082426
bike,dune_bayes,1454,dispersion,0.5741635292768479,0.8256892561912537,1.1169201135635374
bike,dune_bayes,1455,dispersion,0.7709303200244904,1.0413049459457397,1.3174936950206755
bike,dune_bayes,1456,dispersion,0.5296636164188385,0.8092546463012695,1.1732779860496514
bike,dune_bayes,1457,dispersion,0.26797924786806104,0.5170048177242279,0.9323715239763256
bike,dune_bayes,1458,dispersion,0.2152552418410778,0.42777153849601746,0.7679391980171202
bike,dune_bayes,1459,dispersion,0.2409843906760216,0.46691708266735077,0.8100885480642318
bike,dune_bayes,1460,dispersion,0.356830421090126,0.6137032508850098,0.917733499407768
bike,dune_bayes,1461,dispersion,0.8323515743017197,1.2173406481742859,1.6548075318336484
bike,dune_bayes,1462,dispersion,1.2144503712654113,1.6903219819068909,2.2663049578666685
bike,dune_bayes,1463,dispersion,0.22204634100198745,0.3710884004831314,0.6106671810150144
bike,dune_bayes,1464,dispersion,0.3367603838443756,0.5221196711063385,0.758542227745056
bike,dune_bayes,1465,dispersion,0.2981729432940483,0.48231321573257446,0.7153583824634552
bike,dune_bayes,1466,dispersion,0.30655444860458375,0.48892541229724884,0.7231878876686095
bike,dune_bayes,1467,dispersion,0.19506470561027528,0.3493957221508026,0.6191029667854306
bike,dune_bayes,1468,dispersion,0.8187107145786285,1.0596835613250732,1.2965156495571135
bike,dune_bayes,1469,dispersion,0.3375425234436989,0.5545551776885986,0.8432925999164581
bike,dune_bayes,1470,dispersion,0.6785557717084885,0.9091827869415283,1.1740204095840452
bike,dune_bayes,1471,dispersion,0.8377559721469879,1.1832374334335327,1.5567465066909785
bike,dune_bayes,1472,dispersion,1.0761164128780365,1.388633370399475,1.75211067199707
bike,dune_bayes,1473,dispersion,1.1367785453796386,1.533352255821228,1.9869710385799404
bike,dune_bayes,1474,dispersion,1.138528937101364,1.542089581489563,2.0075875401496885
bike,dune_bayes,1475,dispersion,1.124646282196045,1.5206130146980286,1.9716873347759243
bike,dune_bayes,1476,dispersion,1.08973571062088,1.4098692536354065,1.7858874440193175
bike,dune_bayes,1477,dispersion,0.6215196490287781,0.9216955304145813,1.2899962604045865
bike,dune_bayes,1478,dispersion,0.6948724508285522,0.9482474625110626,1.208908611536026
bike,dune_bayes,1479,dispersion,0.5976803272962571,0.8762460649013519,1.1806189358234402
bike,dune_bayes,1480,dispersion,0.465447461605072,0.7575209438800812,1.1771390080451964
bike,dune_bayes,1481,dispersion,0.6139001190662384,0.9325792193412781,1.2655731201171871
bike,dune_bayes,1482,dispersion,0.7104110509157181,1.0307982563972473,1.3357849359512328
bike,dune_bayes,1483,dispersion,0.8701999127864838,1.203813374042511,1.5861745715141295
bike,dune_bayes,1484,dispersion,1.0688135862350465,1.4106352925300598,1.7660615503787993
bike,dune_bayes,1485,dispersion,0.5309910297393798,0.828369677066803,1.1700361549854275
bike,dune_bayes,1486,dispersion,0.5270909875631332,0.8176125884056091,1.1853805541992186
bike,dune_bayes,1487,dispersion,0.27830141931772234,0.46393412351608276,0.688408002257347
bike,dune_bayes,1488,dispersion,0.23728729411959648,0.41479112207889557,0.6588257253170012
bike,dune_bayes,1489,dispersion,0.28294742554426194,0.47961197793483734,0.7155056834220886
bike,dune_bayes,1490,dispersion,0.5277057647705078,0.7747040390968323,1.0762580633163452
bike,dune_bayes,1491,dispersion,0.5734976351261138,0.8429305851459503,1.1714132666587829
bike,dune_bayes,1492,dispersion,0.4697124809026718,0.6709164977073669,0.9434051573276514
bike,dune_bayes,1493,dispersion,0.8267719209194183,1.2414889335632324,1.7115503430366508
bike,dune_bayes,1494,dispersion,1.1447610974311828,1.5568096041679382,2.014666759967804
bike,dune_bayes,1495,dispersion,1.125411981344223,1.4788994193077087,1.9049663126468657
bike,dune_bayes,1496,dispersion,1.0448165476322173,1.3474442958831787,1.6880297541618345
bike,dune_bayes,1497,dispersion,1.1662755012512207,1.561898648738861,1.9956983983516692
bike,dune_bayes,1498,dispersion,1.2420688092708587,1.6438832879066467,2.1030240297317504
bike,dune_bayes,1499,dispersion,1.1736031413078307,1.6898326873779297,2.2660850644111634
bike,dune_bayes,1500,dispersion,1.1149610698223114,1.6125353574752808,2.1571551561355586
bike,dune_bayes,1501,dispersion,1.121569186449051,1.6399296522140503,2.1914670228958126
bike,dune_bayes,1502,dispersion,1.142128449678421,1.5702141523361206,2.0580192565917965
bike,dune_bayes,1503,dispersion,1.0971694767475129,1.4481101632118225,1.8730360090732574
bike,dune_bayes,1504,dispersion,1.0971694767475129,1.4481101632118225,1.8730360090732574
bike,dune_bayes,1505,dispersion,0.7312875419855118,1.0908647179603577,1.4437329649925228
bike,dune_bayes,1506,dispersion,0.4225693494081497,0.698353111743927,1.066483700275421
bike,dune_bayes,1507,dispersion,0.5762326061725617,0.916031688451767,1.3264000833034513
bike,dune_bayes,1508,dispersion,0.25068322420120237,0.43193237483501434,0.6726280808448791
bike,dune_bayes,1509,dispersion,0.2302094005048275,0.38614577054977417,0.6158008158206939
bike,dune_bayes,1510,dispersion,0.42637820541858673,0.6703813076019287,0.94785897731781
bike,dune_bayes,1511,dispersion,0.9189334452152252,1.3193495869636536,1.8123370587825776
bike,dune_bayes,1512,dispersion,1.4103682696819306,1.8127151727676392,2.2525343775749205
bike,dune_bayes,1513,dispersion,1.5493496537208558,2.0100784301757812,2.4638313174247743
bike,dune_bayes,1514,dispersion,1.2733538806438447,1.7378081679344177,2.2489253282546993
bike,dune_bayes,1515,dispersion,0.4061916843056679,0.5862792134284973,0.8294061690568924
bike,dune_bayes,1516,dispersion,0.343159607052803,0.5310861170291901,0.7895021826028824
bike,dune_bayes,1517,dispersion,0.34801584035158156,0.5644353032112122,0.8401609599590302
bike,dune_bayes,1518,dispersion,1.1352590084075929,1.489324688911438,1.8879781186580655
bike,dune_bayes,1519,dispersion,0.9437276154756546,1.3968095779418945,1.9679694414138786
bike,dune_bayes,1520,dispersion,0.7472985327243805,1.0596384406089783,1.4867623865604398
bike,dune_bayes,1521,dispersion,0.9437276154756546,1.3968095779418945,1.9679694414138786
bike,dune_bayes,1522,dispersion,0.1743932142853737,0.347814679145813,0.6252185672521591
bike,dune_bayes,1523,dispersion,0.5476126968860626,0.8031549751758575,1.1043517887592313
bike,dune_bayes,1524,dispersion,0.6320691108703613,0.9180831611156464,1.2492198050022125
bike,dune_bayes,1525,dispersion,0.9718574225902558,1.2542911171913147,1.5566832423210144
bike,dune_bayes,1526,dispersion,1.172288078069687,1.567585051059723,1.9994969367980955
bike,dune_bayes,1527,dispersion,1.0705562949180603,1.4455078840255737,1.8321146845817564
bike,dune_bayes,1528,dispersion,1.4263802886009216,1.8625234961509705,2.284724950790405
bike,dune_bayes,1529,dispersion,0.9656424254179001,1.2618094682693481,1.5564468443393706
bike,dune_bayes,1530,dispersion,0.44655707329511646,0.7017590999603271,1.0164026856422423
bike,dune_bayes,1531,dispersion,0.5113143891096115,0.7895046174526215,1.107213884592056
bike,dune_bayes,1532,dispersion,0.7292110413312912,1.0275893211364746,1.3484950542449947
bike,dune_bayes,1533,dispersion,0.737319016456604,1.0580926537513733,1.403746962547302
bike,dune_bayes,1534,dispersion,0.9469936162233352,1.3099852204322815,1.700407427549362
bike,dune_bayes,1535,dispersion,1.0704489707946778,1.5215367078781128,2.0024925827980042
bike,dune_bayes,1536,dispersion,0.5719807267189027,0.8516973853111267,1.182513004541397
bike,dune_bayes,1537,dispersion,1.6525526165962219,2.2658369541168213,2.8488305449485773
bike,dune_bayes,1538,dispersion,1.2516002416610719,1.6442728638648987,2.0195465326309203
bike,dune_bayes,1539,dispersion,0.5017372220754623,0.7269949913024902,0.9802627265453335
bike,dune_bayes,1540,dispersion,0.4226997628808022,0.6566683351993561,0.9452142119407654
bike,dune_bayes,1541,dispersion,0.3912122130393982,0.6557364761829376,1.026918429136276
bike,dune_bayes,1542,dispersion,0.39131729006767274,0.6181244254112244,0.8917951136827463
bike,dune_bayes,1543,dispersion,0.9027649611234665,1.2683396935462952,1.7040651917457579
bike,dune_bayes,1544,dispersion,1.1974908113479614,1.6796066164970398,2.243165266513824
bike,dune_bayes,1545,dispersion,1.051090168952942,1.4653760194778442,1.9775758445262908
bike,dune_bayes,1546,dispersion,0.6851597279310226,0.9934154450893402,1.3706952512264252
bike,dune_bayes,1547,dispersion,1.0776555716991425,1.5652698874473572,2.1750149965286254
bike,dune_bayes,1548,dispersion,1.3639168083667754,1.9909633994102478,2.721217310428619
bike,dune_bayes,1549,dispersion,1.022360873222351,1.4524151682853699,1.9794658124446864
bike,dune_bayes,1550,dispersion,0.5382144659757614,0.7732520997524261,1.0450314939022063
bike,dune_bayes,1551,dispersion,0.9357116550207139,1.3426302671432495,1.8567377269268035
bike,dune_bayes,1552,dispersion,1.0337161719799042,1.486929714679718,2.039854300022125
bike,dune_bayes,1553,dispersion,1.38991037607193,1.9265581369400024,2.487592494487762
bike,dune_bayes,1554,dispersion,1.4644162774085998,1.9439643025398254,2.430935752391815
bike,dune_bayes,1555,dispersion,1.2705888628959656,1.7133700847625732,2.199531543254852
bike,dune_bayes,1556,dispersion,1.2705888628959656,1.7133700847625732,2.199531543254852
bike,dune_bayes,1557,dispersion,1.0794651567935944,1.4155641198158264,1.7929580330848693
bike,dune_bayes,1558,dispersion,1.0062136948108673,1.3731656074523926,1.771102720499038
bike,dune_bayes,1559,dispersion,1.0786397218704225,1.4037152528762817,1.7758830308914182
bike,dune_bayes,1560,dispersion,1.0965217351913452,1.444800853729248,1.8582976400852202
bike,dune_bayes,1561,dispersion,1.097746241092682,1.4654555320739746,1.9061533033847806
bike,dune_bayes,1562,dispersion,1.125032263994217,1.5043915510177612,1.954188299179077
bike,dune_bayes,1563,dispersion,1.0744925320148468,1.4758306741714478,1.9294730961322784
bike,dune_bayes,1564,dispersion,1.1324519872665406,1.5018187165260315,1.9129378616809845
bike,dune_bayes,1565,dispersion,1.137882363796234,1.522790551185608,1.9424781799316404
bike,dune_bayes,1566,dispersion,1.1437793970108032,1.7118895649909973,2.3890530109405517
bike,dune_bayes,1567,dispersion,1.4655082941055297,2.0485384464263916,2.667735934257507
bike,dune_bayes,1568,dispersion,1.1031478703022004,1.4309925436973572,1.7864753782749174
bike,dune_bayes,1569,dispersion,0.9334905266761779,1.3008447289466858,1.6929830431938158
bike,dune_bayes,1570,dispersion,1.1247953236103059,1.488660752773285,1.8530696868896483
bike,dune_bayes,1571,dispersion,0.5725973814725875,0.8909245729446411,1.267294454574585
bike,dune_bayes,1572,dispersion,1.0773535788059234,1.4244372844696045,1.815121978521346
bike,dune_bayes,1573,dispersion,1.2213622510433197,1.5769616961479187,1.9467914342880246
bike,dune_bayes,1574,dispersion,1.285419261455536,1.7208248972892761,2.246298837661743
bike,dune_bayes,1575,dispersion,1.6607531368732453,2.2360843420028687,2.8168293237686153
bike,dune_bayes,1576,dispersion,1.6607531368732453,2.2360843420028687,2.8168293237686153
bike,dune_bayes,1577,dispersion,1.2215293943881989,1.5575308203697205,1.9059481263160702
bike,dune_bayes,1578,dispersion,1.0777439057826996,1.415789783000946,1.7589764893054962
bike,dune_bayes,1579,dispersion,0.43794044107198715,0.6745662093162537,0.9427894592285155
bike,dune_bayes,1580,dispersion,0.8708809107542038,1.2337123155593872,1.6715073466300965
bike,dune_bayes,1581,dispersion,1.321382212638855,1.794324815273285,2.3143879652023314
bike,dune_bayes,1582,dispersion,1.2103201687335967,1.709389865398407,2.2875444531440734
bike,dune_bayes,1583,dispersion,0.7644144088029862,1.148323655128479,1.588629055023193
bike,dune_bayes,1584,dispersion,0.7644144088029862,1.148323655128479,1.588629055023193
bike,dune_bayes,1585,dispersion,0.9599163144826889,1.3903238773345947,1.886720788478851
bike,dune_bayes,1586,dispersion,0.5607102662324905,0.8327222168445587,1.173691129684448
bike,dune_bayes,1587,dispersion,0.24700986817479134,0.4866969585418701,0.8408796370029449
bike,dune_bayes,1588,dispersion,0.26438875794410704,0.5144782960414886,0.877501782774925
bike,dune_bayes,1589,dispersion,0.3598135501146317,0.6322519481182098,1.0096693456172943
bike,dune_bayes,1590,dispersion,0.41923634260892867,0.7051026821136475,1.0816981077194214
bike,dune_bayes,1591,dispersion,0.8392799735069275,1.3298180103302002,1.8806427896022795
bike,dune_bayes,1592,dispersion,0.5435087025165558,0.9324324131011963,1.4026494443416593
bike,dune_bayes,1593,dispersion,0.35136893987655643,0.6691676080226898,1.0969709336757658
bike,dune_bayes,1594,dispersion,0.35136893987655643,0.6691676080226898,1.0969709336757658
bike,dune_bayes,1595,dispersion,0.7450975567102432,1.1129698753356934,1.5285426199436183
bike,dune_bayes,1596,dispersion,1.6735845446586608,2.236377716064453,2.8426233768463134
bike,dune_bayes,1597,dispersion,1.9851859211921692,2.5285873413085938,3.0580030679702754
bike,dune_bayes,1598,dispersion,1.0920615196228027,1.431313395500183,1.8516992628574367
bike,dune_bayes,1599,dispersion,0.6360012084245682,0.9303501546382904,1.2033367931842802
bike,dune_bayes,1600,dispersion,0.6360012084245682,0.9303501546382904,1.2033367931842802
bike,dune_bayes,1601,dispersion,0.738507479429245,1.0480849742889404,1.3377914130687714
bike,dune_bayes,1602,dispersion,0.738507479429245,1.0480849742889404,1.3377914130687714
bike,dune_bayes,1603,dispersion,1.5879786610603333,2.184881091117859,2.7644456744194033
bike,dune_bayes,1604,dispersion,0.7161818951368332,1.0722591876983643,1.4861260652542105
bike,dune_bayes,1605,dispersion,1.033355700969696,1.331843078136444,1.6990257740020747
bike,dune_bayes,1606,dispersion,0.6215196490287781,0.9216955304145813,1.2899962604045865
bike,dune_bayes,1607,dispersion,0.4685572490096092,0.7635388076305389,1.1519289910793304
bike,dune_bayes,1608,dispersion,0.6633811801671982,0.8939330577850342,1.1461511015892027
bike,dune_bayes,1609,dispersion,0.6333530485630036,0.8781741261482239,1.1513450145721436
bike,dune_bayes,1610,dispersion,1.0236466586589814,1.3342860341072083,1.6910706400871276
bike,dune_bayes,1611,dispersion,0.3246836572885513,0.5443104803562164,0.8181193500757217
bike,dune_bayes,1612,dispersion,0.4313854038715363,0.6857223510742188,1.0422687947750089
bike,dune_bayes,1613,dispersion,0.4428313925862312,0.7123551666736603,1.021858823299408
bike,dune_bayes,1614,dispersion,0.9658861756324768,1.3472864031791687,1.8144267201423645
bike,dune_bayes,1615,dispersion,0.6530160665512086,0.9696641564369202,1.3539468646049493
bike,dune_bayes,1616,dispersion,0.4272608086466789,0.7066805362701416,1.0850852012634276
bike,dune_bayes,1617,dispersion,1.2724049150943757,1.7587825059890747,2.347728168964386
bike,dune_bayes,1618,dispersion,0.8032426625490189,1.1709542274475098,1.5886032164096833
bike,dune_bayes,1619,dispersion,0.6211531668901443,0.9576497375965118,1.3399123132228847
bike,dune_bayes,1620,dispersion,0.5113143891096115,0.7895046174526215,1.107213884592056
bike,dune_bayes,1621,dispersion,0.3905716821551323,0.6007767021656036,0.8558752626180647
bike,dune_bayes,1622,dispersion,0.4837419465184212,0.7214309275150299,0.9650670170783995
bike,dune_bayes,1623,dispersion,0.7415296137332916,1.0151938796043396,1.318921399116516
bike,dune_bayes,1624,dispersion,0.641613918542862,0.9776492118835449,1.3803044617176052
bike,dune_bayes,1625,dispersion,0.5967810243368149,0.8362459242343903,1.1197473466396328
bike,dune_bayes,1626,dispersion,0.7935565203428269,1.0255658626556396,1.2640930652618407
bike,dune_bayes,1627,dispersion,0.7935565203428269,1.0255658626556396,1.2640930652618407
bike,dune_bayes,1628,dispersion,1.1348044574260712,1.4598668813705444,1.8167461335659028
bike,dune_bayes,1629,dispersion,1.0723909080028533,1.473087728023529,1.9486783623695372
bike,dune_bayes,1630,dispersion,1.0361533105373382,1.4375471472740173,1.8635210931301114
bike,dune_bayes,1631,dispersion,1.0102356791496276,1.3688409924507141,1.7622237801551819
bike,dune_bayes,1632,dispersion,1.150326269865036,1.5621113777160645,2.0382503032684327
bike,dune_bayes,1633,dispersion,1.0767057240009308,1.418868601322174,1.8008030772209165
bike,dune_bayes,1634,dispersion,1.009700858592987,1.4151637554168701,1.8792733848094936
bike,dune_bayes,1635,dispersion,1.2993908643722534,1.7492116689682007,2.2436432838439937
bike,dune_bayes,1636,dispersion,1.0950175762176513,1.4703328013420105,1.8361682057380673
bike,dune_bayes,1637,dispersion,1.1377984941005708,1.4918283820152283,1.8585753500461577
bike,dune_bayes,1638,dispersion,0.9902209907770158,1.398222029209137,1.8829513907432551
bike,dune_bayes,1639,dispersion,0.31125427037477493,0.5377899408340454,0.8324474692344664
bike,dune_bayes,1640,dispersion,0.6863185107707978,1.0528252720832825,1.4507661700248717
bike,dune_bayes,1641,dispersion,1.2806300163269042,1.8290069103240967,2.4316994786262507
bike,dune_bayes,1642,dispersion,1.1392065584659576,1.6252699494361877,2.127417957782745
bike,dune_bayes,1643,dispersion,0.6028155237436295,0.930967390537262,1.29327113032341
bike,dune_bayes,1644,dispersion,0.31375925689935685,0.5301259160041809,0.8009654998779295
bike,dune_bayes,1645,dispersion,0.6038105428218842,0.9535134136676788,1.3433874368667602
bike,dune_bayes,1646,dispersion,1.0405973851680757,1.5198546648025513,2.085054731369018
bike,dune_bayes,1647,dispersion,0.9905485540628434,1.334678053855896,1.6907692611217495
bike,dune_bayes,1648,dispersion,1.0812680840492248,1.3940313458442688,1.7934311926364896
bike,dune_bayes,1649,dispersion,1.1662755012512207,1.561898648738861,1.9956983983516692
bike,dune_bayes,1650,dispersion,0.4219042032957077,0.7282629013061523,1.168931370973587
bike,dune_bayes,1651,dispersion,0.534886771440506,0.8571887314319611,1.1904554247856136
bike,dune_bayes,1652,dispersion,0.6610951125621796,1.0155823826789856,1.3740914344787598
bike,dune_bayes,1653,dispersion,0.7297656923532486,1.0950918793678284,1.4659101843833922
bike,dune_bayes,1654,dispersion,0.7993822604417801,1.1681143045425415,1.5146656870841977
bike,dune_bayes,1655,dispersion,1.0032175481319427,1.3807559609413147,1.789715188741684
bike,dune_bayes,1656,dispersion,1.0511889457702637,1.4246405959129333,1.7733442962169648
bike,dune_bayes,1657,dispersion,1.2993914008140564,1.6571610569953918,2.038931858539581
bike,dune_bayes,1658,dispersion,0.8193676590919494,1.1430455446243286,1.5053272187709807
bike,dune_bayes,1659,dispersion,0.8611649990081787,1.176146686077118,1.536732119321823
bike,dune_bayes,1660,dispersion,1.437568575143814,1.8439873456954956,2.2962185978889464
bike,dune_bayes,1661,dispersion,1.437568575143814,1.8439873456954956,2.2962185978889464
bike,dune_bayes,1662,dispersion,1.535698229074478,1.9861047863960266,2.4613176345825196
bike,dune_bayes,1663,dispersion,0.4790801554918289,0.7640739977359772,1.15102059841156
bike,dune_bayes,1664,dispersion,1.033355700969696,1.331843078136444,1.6990257740020747
bike,dune_bayes,1665,dispersion,0.894922798871994,1.1836742162704468,1.4722248315811153
bike,dune_bayes,1666,dispersion,0.5157735824584961,0.7584037184715271,1.07099996805191
bike,dune_bayes,1667,dispersion,0.1953092597424984,0.38164450228214264,0.6886739075183868
bike,dune_bayes,1668,dispersion,0.31292570233345035,0.48620305955410004,0.7514201819896695
bike,dune_bayes,1669,dispersion,1.257620507478714,1.8166347742080688,2.444383370876312
bike,dune_bayes,1670,dispersion,0.5157735824584961,0.7584037184715271,1.07099996805191
bike,dune_bayes,1671,dispersion,0.32098483145236967,0.49802593886852264,0.7260185211896896
bike,dune_bayes,1672,dispersion,0.46882366836071016,0.7066430449485779,0.9853077352046965
bike,dune_bayes,1673,dispersion,0.3251412555575371,0.5013067126274109,0.7586114317178725
bike,dune_bayes,1674,dispersion,0.22089354023337365,0.45138777792453766,0.800675022602081
bike,dune_bayes,1675,dispersion,0.3597548320889473,0.6847902238368988,1.1460462152957915
bike,dune_bayes,1676,dispersion,0.44669624865055085,0.7464612126350403,1.1346429347991942
bike,dune_bayes,1677,dispersion,0.5348332822322845,0.8602023124694824,1.2548505723476404
bike,dune_bayes,1678,dispersion,1.0942911505699158,1.4918823838233948,1.9083113074302671
bike,dune_bayes,1679,dispersion,1.1687131106853486,1.575277864933014,1.9661770999431607
bike,dune_bayes,1680,dispersion,0.5758638828992844,1.0450575351715088,1.6847297549247742
bike,dune_bayes,1681,dispersion,0.5758638828992844,1.0450575351715088,1.6847297549247742
bike,dune_bayes,1682,dispersion,0.6262034922838211,1.1619001030921936,1.8675183236598967
bike,dune_bayes,1683,dispersion,0.6066583096981049,1.0905147790908813,1.7093649089336391
bike,dune_bayes,1684,dispersion,0.8060146003961564,1.253885567188263,1.718551582098006
bike,dune_bayes,1685,dispersion,0.9110349744558335,1.392720878124237,1.893112564086914
bike,dune_bayes,1686,dispersion,0.935698339343071,1.4476996660232544,1.964893293380737
bike,dune_bayes,1687,dispersion,1.143011647462845,1.5997573733329773,2.061008560657501
bike,dune_bayes,1688,dispersion,1.1593626320362092,1.6250476837158203,2.0779765486717223
bike,dune_bayes,1689,dispersion,0.7665178328752518,1.1469473838806152,1.5230121910572052
bike,dune_bayes,1690,dispersion,0.7567325413227082,1.1430980563163757,1.569871062040329
bike,dune_bayes,1691,dispersion,0.919996640086174,1.3046119809150696,1.7333782613277433
bike,dune_bayes,1692,dispersion,1.2381255686283112,1.609759271144867,2.0561202764511104
bike,dune_bayes,1693,dispersion,1.654373437166214,2.121382713317871,2.562875688076019
bike,dune_bayes,1694,dispersion,0.6268272757530212,0.934492290019989,1.2396256744861602
bike,dune_bayes,1695,dispersion,0.4428313925862312,0.7123551666736603,1.021858823299408
bike,dune_bayes,1696,dispersion,0.3751366525888443,0.6272723078727722,0.9277368396520614
bike,dune_bayes,1697,dispersion,0.4025767043232918,0.666607528924942,0.946947258710861
bike,dune_bayes,1698,dispersion,1.0653764963150025,1.3927310109138489,1.7256258130073547
bike,dune_bayes,1699,dispersion,1.565225613117218,2.0040851831436157,2.4657981514930722
bike,dune_bayes,1700,dispersion,0.5295055985450745,0.7894199192523956,1.053282594680786
bike,dune_bayes,1701,dispersion,0.3952794745564461,0.6088819801807404,0.8464079558849333
bike,dune_bayes,1702,dispersion,0.4218880295753479,0.6390834152698517,0.8824685424566268
bike,dune_bayes,1703,dispersion,0.567328080534935,0.8212035000324249,1.060343432426452
bike,dune_bayes,1704,dispersion,0.5881143152713776,0.9130644202232361,1.3096921205520626
bike,dune_bayes,1705,dispersion,1.1416481077671052,1.5913327932357788,2.133901119232177
bike,dune_bayes,1706,dispersion,1.1416481077671052,1.5913327932357788,2.133901119232177
bike,dune_bayes,1707,dispersion,1.29551962018013,1.8288885951042175,2.417174017429352
bike,dune_bayes,1708,dispersion,0.252485017478466,0.40372462570667267,0.6413656771183013
bike,dune_bayes,1709,dispersion,0.5405995190143585,0.8449063301086426,1.1894722521305081
bike,dune_bayes,1710,dispersion,0.4300025805830956,0.6835262179374695,0.9697972565889358
bike,dune_bayes,1711,dispersion,0.24194981902837753,0.4320918768644333,0.68632934987545
bike,dune_bayes,1712,dispersion,0.5320449024438858,0.8350846767425537,1.1641128003597259
bike,dune_bayes,1713,dispersion,1.0238146364688874,1.3659079670906067,1.7240742981433868
bike,dune_bayes,1714,dispersion,1.3182111978530884,1.705946147441864,2.1397953629493713
bike,dune_bayes,1715,dispersion,1.3922006726264953,1.787520170211792,2.2442312121391295
bike,dune_bayes,1716,dispersion,0.9739340960979461,1.3153310418128967,1.715468823909759
bike,dune_bayes,1717,dispersion,1.5725126445293427,2.0134661197662354,2.4560410141944886
bike,dune_bayes,1718,dispersion,1.8075523614883422,2.356200098991394,2.8874022364616394
bike,dune_bayes,1719,dispersion,1.8784700214862824,2.4165284633636475,2.973948431015015
bike,dune_bayes,1720,dispersion,0.33735245913267137,0.5480098128318787,0.8192239731550216
bike,dune_bayes,1721,dispersion,0.3598454475402832,0.5596598982810974,0.8166631311178207
bike,dune_bayes,1722,dispersion,1.6607531368732453,2.2360843420028687,2.8168293237686153
bike,dune_bayes,1723,dispersion,1.7351560711860656,2.2365915775299072,2.7047603249549867
bike,dune_bayes,1724,dispersion,1.7898803055286407,2.3218289613723755,2.8240854144096375
bike,dune_bayes,1725,dispersion,1.346889704465866,1.8020797967910767,2.2795037269592284
bike,dune_bayes,1726,dispersion,1.2648996531963348,1.684487760066986,2.1100412964820863
bike,dune_bayes,1727,dispersion,1.344539326429367,1.831548810005188,2.352690851688385
bike,dune_bayes,1728,dispersion,1.3691926956176759,1.7948116660118103,2.2052642822265622
bike,dune_bayes,1729,dispersion,0.4432459980249405,0.8845131099224091,1.5200337171554552
bike,dune_bayes,1730,dispersion,0.4177897974848747,0.7988252937793732,1.3647891402244565
bike,dune_bayes,1731,dispersion,0.4057096287608147,0.7988840341567993,1.389523923397064
bike,dune_bayes,1732,dispersion,0.8232802152633667,1.2444217205047607,1.7312400102615355
bike,dune_bayes,1733,dispersion,0.7483719676733017,1.2028082609176636,1.743382793664932
bike,dune_bayes,1734,dispersion,0.5196321398019791,0.8408020734786987,1.2349732100963593
bike,dune_bayes,1735,dispersion,0.5348332822322845,0.8602023124694824,1.2548505723476404
bike,dune_bayes,1736,dispersion,0.6364072054624558,0.9793978929519653,1.38721929192543
bike,dune_bayes,1737,dispersion,0.8721057891845703,1.3066096901893616,1.7914196133613585
bike,dune_bayes,1738,dispersion,0.9267076641321182,1.347995400428772,1.811482101678848
bike,dune_bayes,1739,dispersion,0.5591321885585785,0.909290075302124,1.3435559093952174
bike,dune_bayes,1740,dispersion,0.48595086485147476,0.8252651393413544,1.2552441060543056
bike,dune_bayes,1741,dispersion,0.4347096666693687,0.7618982493877411,1.1736901044845574
bike,dune_bayes,1742,dispersion,0.6416636347770691,1.024726688861847,1.4676692008972165
bike,dune_bayes,1743,dispersion,1.085520201921463,1.5456247329711914,2.0464353680610654
bike,dune_bayes,1744,dispersion,0.4107923835515976,0.7322441339492798,1.2126991748809814
bike,dune_bayes,1745,dispersion,0.4507012203335762,0.7712907493114471,1.2322187602519987
bike,dune_bayes,1746,dispersion,0.5187347143888473,0.80661940574646,1.2026011347770689
bike,dune_bayes,1747,dispersion,1.2938589870929718,1.697398602962494,2.096685421466827
bike,dune_bayes,1748,dispersion,0.9193018347024918,1.2652503848075867,1.651454073190689
bike,dune_bayes,1749,dispersion,1.2537191808223724,1.659905195236206,2.061480617523193
bike,dune_bayes,1750,dispersion,1.2635355770587922,1.7158433198928833,2.149260628223418
bike,dune_bayes,1751,dispersion,0.6232345819473266,0.8938802778720856,1.167541068792343
bike,dune_bayes,1752,dispersion,0.7677399337291717,1.1047243475914001,1.4358884692192075
bike,dune_bayes,1753,dispersion,0.33218827545642854,0.622287780046463,1.0839042782783506
bike,dune_bayes,1754,dispersion,0.4457591861486435,0.7650941610336304,1.2445094227790832
bike,dune_bayes,1755,dispersion,0.482748743891716,0.7861540913581848,1.190078884363174
bike,dune_bayes,1756,dispersion,0.4457591861486435,0.7650941610336304,1.2445094227790832
bike,dune_bayes,1757,dispersion,0.36605788916349413,0.7018097341060638,1.2125207722187035
bike,dune_bayes,1758,dispersion,0.45346693545579914,0.807783454656601,1.3082846879959105
bike,dune_bayes,1759,dispersion,1.28594211935997,1.7087531089782715,2.1679507017135617
bike,dune_bayes,1760,dispersion,0.7199366450309753,1.070757269859314,1.4204655110836026
bike,dune_bayes,1761,dispersion,0.5913168251514435,0.9416110813617706,1.3281002700328823
bike,dune_bayes,1762,dispersion,0.6635326385498047,1.004279375076294,1.379458564519882
bike,dune_bayes,1763,dispersion,0.7749461710453034,1.1090259552001953,1.4417192041873932
bike,dune_bayes,1764,dispersion,1.1992090225219727,1.5659059286117554,1.9842257618904113
bike,dune_bayes,1765,dispersion,0.997974494099617,1.3773909211158752,1.7786650598049163
bike,dune_bayes,1766,dispersion,0.7698502480983734,1.1715899109840393,1.621188199520111
bike,dune_bayes,1767,dispersion,1.5543118715286255,2.1602545976638794,2.8028191328048697
bike,dune_bayes,1768,dispersion,1.5626926720142365,2.1743232011795044,2.843352854251861
bike,dune_bayes,1769,dispersion,1.5626926720142365,2.1743232011795044,2.843352854251861
bike,dune_bayes,1770,dispersion,1.2941823184490204,1.8298449516296387,2.36764976978302
bike,dune_bayes,1771,dispersion,1.2617328226566316,1.8277584314346313,2.462272179126739
bike,dune_bayes,1772,dispersion,1.4158935725688935,1.9771894812583923,2.5233399391174314
bike,dune_bayes,1773,dispersion,1.343130671977997,1.851959228515625,2.401780068874359
bike,dune_bayes,1774,dispersion,1.435736709833145,1.9932295083999634,2.5567844629287713
bike,dune_bayes,1775,dispersion,1.5053334295749665,2.068991184234619,2.6920922875404356
bike,dune_bayes,1776,dispersion,1.8142087578773498,2.488349676132202,3.1114813089370723
bike,dune_bayes,1777,dispersion,1.7478440225124359,2.402950167655945,3.0271607756614682
bike,dune_bayes,1778,dispersion,1.717371505498886,2.2409180402755737,2.7594419002532957
bike,dune_bayes,1779,dispersion,1.699588829278946,2.2467308044433594,2.803964579105377
bike,dune_bayes,1780,dispersion,1.6414666950702668,2.138581395149231,2.683152675628662
bike,dune_bayes,1781,dispersion,1.501459187269211,2.0486388206481934,2.6011883258819575
bike,dune_bayes,1782,dispersion,1.501459187269211,2.0486388206481934,2.6011883258819575
bike,dune_bayes,1783,dispersion,1.3930481672286987,1.909395456314087,2.4325003027915955
bike,dune_bayes,1784,dispersion,1.4064343452453614,1.8810781240463257,2.392966628074646
bike,dune_bayes,1785,dispersion,1.4804084360599519,2.0249407291412354,2.6026329398155212
bike,dune_bayes,1786,dispersion,0.9881959378719329,1.262607455253601,1.5516091108322143
bike,dune_bayes,1787,dispersion,1.0807423651218415,1.383619487285614,1.7365831732749932
bike,dune_bayes,1788,dispersion,1.1025196850299834,1.4947617053985596,1.9866902828216548
bike,dune_bayes,1789,dispersion,1.378389948606491,1.873394787311554,2.4124464631080627
bike,dune_bayes,1790,dispersion,1.4078445076942443,1.8231064081192017,2.2770315527915956
bike,dune_bayes,1791,dispersion,1.4644162774085998,1.9439643025398254,2.430935752391815
bike,dune_bayes,1792,dispersion,1.000167128443718,1.3154672384262085,1.687190270423889
bike,dune_bayes,1793,dispersion,0.9542730212211609,1.3195024132728577,1.7451575219631195
bike,dune_bayes,1794,dispersion,1.1452884316444396,1.503863513469696,1.9063484072685242
bike,dune_bayes,1795,dispersion,1.167021131515503,1.5597978830337524,2.017211139202118
bike,dune_bayes,1796,dispersion,0.34952267110347746,0.6216911971569061,1.0382144689559933
bike,dune_bayes,1797,dispersion,0.3776220306754112,0.653515636920929,1.0641084969043726
bike,dune_bayes,1798,dispersion,0.4933736562728882,0.7740346789360046,1.14865825176239
bike,dune_bayes,1799,dispersion,0.7782520174980164,1.142825722694397,1.54888659119606
bike,dune_bayes,1800,dispersion,1.0953878104686736,1.5974504947662354,2.1761326551437374
bike,dune_bayes,1801,dispersion,1.0467846810817718,1.448304295539856,1.9385787725448607
bike,dune_bayes,1802,dispersion,0.5223644614219666,0.7802935540676117,1.1095742762088774
bike,dune_bayes,1803,dispersion,0.2307586096227169,0.4514475464820862,0.757398188114166
bike,dune_bayes,1804,dispersion,0.4387127459049225,0.8312220573425293,1.287733674049377
bike,dune_bayes,1805,dispersion,0.5452223300933838,0.9180617332458496,1.3378490924835202
bike,dune_bayes,1806,dispersion,0.24599495008587838,0.45718783140182495,0.7419198811054228
bike,dune_bayes,1807,dispersion,0.20160712152719498,0.42882612347602844,0.7758268117904662
bike,dune_bayes,1808,dispersion,0.3177680835127831,0.5749285519123077,0.9394879192113874
bike,dune_bayes,1809,dispersion,0.9861940413713455,1.3636175990104675,1.7360407590866087
bike,dune_bayes,1810,dispersion,0.4377887323498726,0.7498317658901215,1.1183084547519677
bike,dune_bayes,1811,dispersion,0.5494784474372864,0.8587473928928375,1.1809378802776336
bike,dune_bayes,1812,dispersion,1.0478280663490296,1.3699396252632141,1.689187914133072
bike,dune_bayes,1813,dispersion,0.5824855744838715,0.889924943447113,1.199311888217926
bike,dune_bayes,1814,dispersion,0.663570636510849,0.9640369117259979,1.2557421147823333
bike,dune_bayes,1815,dispersion,1.0773535788059234,1.4244372844696045,1.815121978521346
bike,dune_bayes,1816,dispersion,0.35435737371444703,0.5710372924804688,0.8441728532314299
bike,dune_bayes,1817,dispersion,0.3401352718472481,0.5349622964859009,0.7963798254728316
bike,dune_bayes,1818,dispersion,1.1194346725940705,1.4621859788894653,1.8419713914394378
bike,dune_bayes,1819,dispersion,0.27519392520189284,0.45266593992710114,0.6979812681674952
bike,dune_bayes,1820,dispersion,0.32393212914466857,0.5131211280822754,0.749018323421478
bike,dune_bayes,1821,dispersion,0.55702163875103,0.7504686713218689,0.9718491941690445
bike,dune_bayes,1822,dispersion,0.6691951721906662,0.8948722183704376,1.12712522149086
bike,dune_bayes,1823,dispersion,0.5750905483961105,0.8578091561794281,1.1875490427017208
bike,dune_bayes,1824,dispersion,0.8975280970335007,1.1421642899513245,1.408908802270889
bike,dune_bayes,1825,dispersion,1.2538497924804688,1.7916781306266785,2.370624256134033
bike,dune_bayes,1826,dispersion,1.0697038710117341,1.4195566177368164,1.7703125357627867
bike,dune_bayes,1827,dispersion,1.0876883685588836,1.5326911211013794,2.0410350561141963
bike,dune_bayes,1828,dispersion,0.41849344670772554,0.6956506967544556,1.0875137329101559
bike,dune_bayes,1829,dispersion,0.3736300393939018,0.6622115671634674,1.1211764037609098
bike,dune_bayes,1830,dispersion,0.7282333910465241,1.052220344543457,1.436510944366455
bike,dune_bayes,1831,dispersion,0.7852797597646713,1.1218080520629883,1.4858558714389796
bike,dune_bayes,1832,dispersion,0.7958632618188858,1.1266655325889587,1.4825888454914091
bike,dune_bayes,1833,dispersion,0.635522773861885,0.929009735584259,1.2432238936424247
bike,dune_bayes,1834,dispersion,1.051090168952942,1.4653760194778442,1.9775758445262908
bike,dune_bayes,1835,dispersion,1.3629836022853852,1.9295355081558228,2.5560747265815733
bike,dune_bayes,1836,dispersion,0.8911307781934739,1.267409324645996,1.7076106786727903
bike,dune_bayes,1837,dispersion,0.6330288648605347,0.9181104004383087,1.2513628780841826
bike,dune_bayes,1838,dispersion,1.3474948406219482,1.9293861389160156,2.582514107227325
bike,dune_bayes,1839,dispersion,0.9027649611234665,1.2683396935462952,1.7040651917457579
bike,dune_bayes,1840,dispersion,0.5102045476436615,0.7882840037345886,1.1230255365371702
bike,dune_bayes,1841,dispersion,0.6392701119184494,0.9612161815166473,1.3131765246391296
bike,dune_bayes,1842,dispersion,1.9297551393508912,2.49026620388031,3.037364709377288
bike,dune_bayes,1843,dispersion,0.4159889191389084,0.6482972502708435,0.9083943754434586
bike,dune_bayes,1844,dispersion,0.41082435101270676,0.6263500452041626,0.8799399614334102
bike,dune_bayes,1845,dispersion,0.4414852008223534,0.6737914681434631,0.92590194940567
bike,dune_bayes,1846,dispersion,0.8174726754426956,1.103687822818756,1.3928522527217866
bike,dune_bayes,1847,dispersion,1.2119318544864655,1.651088297367096,2.1827463865280152
bike,dune_bayes,1848,dispersion,0.5529152631759644,0.8274625241756439,1.1010660111904145
bike,dune_bayes,1849,dispersion,1.409805530309677,1.791351556777954,2.185060477256775
bike,dune_bayes,1850,dispersion,1.6702494084835053,2.1741031408309937,2.6657509446144094
bike,dune_bayes,1851,dispersion,1.5409469127655029,2.0220792293548584,2.4965412616729736
bike,dune_bayes,1852,dispersion,1.5165485084056853,1.985624372959137,2.448764777183533
bike,dune_bayes,1853,dispersion,1.420469379425049,1.834817349910736,2.2660560488700865
bike,dune_bayes,1854,dispersion,0.8800484567880631,1.2378486394882202,1.5875471889972683
bike,dune_bayes,1855,dispersion,0.6560993671417237,0.9948157370090485,1.3912856280803678
bike,dune_bayes,1856,dispersion,0.5008418738842011,0.8055044710636139,1.1570635080337521
bike,dune_bayes,1857,dispersion,0.4455871760845184,0.7373404204845428,1.0614940106868744
bike,dune_bayes,1858,dispersion,0.8537118583917618,1.2313570976257324,1.675304400920867
bike,dune_bayes,1859,dispersion,1.2036978244781493,1.5679152607917786,1.9376818537712097
bike,dune_bayes,1860,dispersion,0.6850533902645111,1.0135475397109985,1.3833627462387084
bike,dune_bayes,1861,dispersion,0.5281107872724533,0.8336086571216583,1.1966512501239774
bike,dune_bayes,1862,dispersion,0.9925294011831284,1.3037323951721191,1.6375534057617185
bike,dune_bayes,1863,dispersion,0.8214102894067764,1.187976062297821,1.6270722627639767
bike,dune_bayes,1864,dispersion,1.13012552857399,1.6054325699806213,2.1719181180000304
bike,dune_bayes,1865,dispersion,1.1588827788829803,1.6508885025978088,2.199600827693939
bike,dune_bayes,1866,dispersion,1.4051449179649353,1.9766936898231506,2.6397022008895874
bike,dune_bayes,1867,dispersion,1.2812461316585542,1.7879469394683838,2.374767673015594
bike,dune_bayes,1868,dispersion,1.0576821088790893,1.5679168701171875,2.1920551180839536
bike,dune_bayes,1869,dispersion,0.9085870176553726,1.4123725295066833,2.032513236999512
bike,dune_bayes,1870,dispersion,0.4152422294020653,0.7989600896835327,1.4080112278461454
bike,dune_bayes,1871,dispersion,0.6416699379682541,1.0346929430961609,1.5640402138233183
bike,dune_bayes,1872,dispersion,0.6789112985134125,1.071276843547821,1.5302483975887298
bike,dune_bayes,1873,dispersion,0.4573009043931961,0.9220008850097656,1.64681014418602
bike,dune_bayes,1874,dispersion,1.0837306678295135,1.502147614955902,1.9078381478786466
bike,dune_bayes,1875,dispersion,1.2621773183345795,1.684412658214569,2.089387583732605
bike,dune_bayes,1876,dispersion,0.40454627573490143,0.7099640369415283,1.0821216940879816
bike,dune_bayes,1877,dispersion,0.36732221245765684,0.6316642761230469,0.9406185060739516
bike,dune_bayes,1878,dispersion,0.7151782780885696,1.00625878572464,1.3071403920650482
bike,dune_bayes,1879,dispersion,0.39502018243074416,0.6143296658992767,0.8665694236755369
bike,dune_bayes,1880,dispersion,0.3219247192144394,0.532645046710968,0.8072699636220931
bike,dune_bayes,1881,dispersion,0.5817824691534043,0.839885413646698,1.0857493102550506
bike,dune_bayes,1882,dispersion,0.6084277868270874,0.86878901720047,1.1661912381649016
bike,dune_bayes,1883,dispersion,0.3943679302930832,0.6116090714931488,0.8790718823671341
bike,dune_bayes,1884,dispersion,0.3781556010246277,0.588561624288559,0.8333477914333342
bike,dune_bayes,1885,dispersion,0.46733880043029785,0.7016726136207581,0.956223565340042
bike,dune_bayes,1886,dispersion,0.6723316490650177,0.9475345313549042,1.2100377559661861
bike,dune_bayes,1887,dispersion,1.2361110866069793,1.6123120188713074,2.019973790645599
bike,dune_bayes,1888,dispersion,1.2361110866069793,1.6123120188713074,2.019973790645599
bike,dune_bayes,1889,dispersion,1.2322392165660858,1.5783764719963074,1.9505314111709593
bike,dune_bayes,1890,dispersion,1.2215293943881989,1.5575308203697205,1.9059481263160702
bike,dune_bayes,1891,dispersion,1.3196336388587953,1.8382228016853333,2.4045805096626274
bike,dune_bayes,1892,dispersion,1.5143951594829559,1.997305989265442,2.503602921962738
bike,dune_bayes,1893,dispersion,1.550437319278717,2.0756595134735107,2.6051415681838987
bike,dune_bayes,1894,dispersion,0.683476522564888,1.0134462714195251,1.4234477341175076
bike,dune_bayes,1895,dispersion,0.45804208517074585,0.7306811809539795,1.0299732983112333
bike,dune_bayes,1896,dispersion,0.5140023589134216,0.8041180968284607,1.173223358392715
bike,dune_bayes,1897,dispersion,0.5468039721250534,0.8442835211753845,1.1960152268409727
bike,dune_bayes,1898,dispersion,0.39728171825408937,0.6599276065826416,0.9737448692321777
bike,dune_bayes,1899,dispersion,0.5102045476436615,0.7882840037345886,1.1230255365371702
bike,dune_bayes,1900,dispersion,1.3776157796382904,1.9588627815246582,2.5948659420013427
bike,dune_bayes,1901,dispersion,0.5353427082300186,0.8950906693935394,1.3845829248428343
bike,dune_bayes,1902,dispersion,0.6777353912591935,1.0463780164718628,1.5144162714481353
bike,dune_bayes,1903,dispersion,0.45642760396003723,0.7518640756607056,1.11693462729454
bike,dune_bayes,1904,dispersion,1.2226557791233064,1.6460885405540466,2.1630805492401124
bike,dune_bayes,1905,dispersion,1.3172060489654542,1.7606011629104614,2.291872024536133
bike,dune_bayes,1906,dispersion,1.63884779214859,2.196621060371399,2.7913051724433897
bike,dune_bayes,1907,dispersion,1.3773151636123657,1.7692811489105225,2.1587761282920837
bike,dune_bayes,1908,dispersion,0.4790801554918289,0.7640739977359772,1.15102059841156
bike,dune_bayes,1909,dispersion,0.5857123643159866,0.901839017868042,1.289994668960571
bike,dune_bayes,1910,dispersion,0.4790801554918289,0.7640739977359772,1.15102059841156
bike,dune_bayes,1911,dispersion,0.33654145896434784,0.5836507678031921,0.9571536302566527
bike,dune_bayes,1912,dispersion,1.1025105834007263,1.412297010421753,1.7468530535697935
bike,dune_bayes,1913,dispersion,1.0223477602005004,1.3276216387748718,1.6390622675418853
bike,dune_bayes,1914,dispersion,0.23588467463850976,0.45872266590595245,0.7820369511842727
bike,dune_bayes,1915,dispersion,0.4540241628885269,0.6476303935050964,0.8749377965927124
bike,dune_bayes,1916,dispersion,0.3059233069419861,0.4970444291830063,0.7634198546409605
bike,dune_bayes,1917,dispersion,0.34632060676813126,0.5428426265716553,0.7935866951942442
bike,dune_bayes,1918,dispersion,1.0311048448085784,1.3369461297988892,1.6468113005161285
bike,dune_bayes,1919,dispersion,1.3016579866409301,1.7026086449623108,2.1377763032913206
bike,dune_bayes,1920,dispersion,0.8584685027599335,1.1053508520126343,1.3381367683410645
bike,dune_bayes,1921,dispersion,0.32693811506032944,0.5291032791137695,0.7876486301422119
bike,dune_bayes,1922,dispersion,0.6678219050168991,0.9043898284435272,1.1880329072475433
bike,dune_bayes,1923,dispersion,1.1649701237678527,1.539302945137024,1.9380318820476525
bike,dune_bayes,1924,dispersion,0.9791071444749833,1.3339423537254333,1.7254342913627625
bike,dune_bayes,1925,dispersion,1.2132844746112823,1.5766910910606384,1.9710602343082426
bike,dune_bayes,1926,dispersion,0.8669812470674515,1.1152321100234985,1.4079246938228607
bike,dune_bayes,1927,dispersion,1.1264089286327361,1.512432038784027,1.9463920354843138
bike,dune_bayes,1928,dispersion,0.5760309666395187,0.8635776042938232,1.206259912252426
bike,dune_bayes,1929,dispersion,0.3906583160161972,0.6389335989952087,0.9410171121358871
bike,dune_bayes,1930,dispersion,0.3821216464042664,0.6392747163772583,0.9767804354429244
bike,dune_bayes,1931,dispersion,0.37420017421245577,0.6757918894290924,1.1244144797325129
bike,dune_bayes,1932,dispersion,0.23953865617513656,0.4999718964099884,0.9189036220312117
bike,dune_bayes,1933,dispersion,0.25044479966163635,0.5058002471923828,0.8936502009630202
bike,dune_bayes,1934,dispersion,0.4107923835515976,0.7322441339492798,1.2126991748809814
bike,dune_bayes,1935,dispersion,0.5055624127388001,0.8194870948791504,1.1947265923023223
bike,dune_bayes,1936,dispersion,0.5055624127388001,0.8194870948791504,1.1947265923023223
bike,dune_bayes,1937,dispersion,0.5598747849464416,0.8882949352264404,1.2746805906295775
bike,dune_bayes,1938,dispersion,0.6895042598247528,1.0475056171417236,1.4498998939990992
bike,dune_bayes,1939,dispersion,0.406650947034359,0.678826779127121,1.03763108253479
bike,dune_bayes,1940,dispersion,0.3988011583685875,0.6793025135993958,1.0160807967185974
bike,dune_bayes,1941,dispersion,0.2684992864727974,0.4802871495485306,0.7570102870464325
bike,dune_bayes,1942,dispersion,0.38191425502300264,0.64814293384552,0.9522583335638045
bike,dune_bayes,1943,dispersion,0.39962270706892017,0.6652644872665405,0.97993725836277
bike,dune_bayes,1944,dispersion,1.0786737978458405,1.4220958948135376,1.7775079190731047
bike,dune_bayes,1945,dispersion,0.5293131202459336,0.8121269047260284,1.1064597725868224
bike,dune_bayes,1946,dispersion,0.22960291281342507,0.4502455145120621,0.7721243828535073
bike,dune_bayes,1947,dispersion,0.5230960309505462,0.7277482450008392,0.9587954401969909
bike,dune_bayes,1948,dispersion,0.5839574873447418,0.8149383068084717,1.0598415315151215
bike,dune_bayes,1949,dispersion,0.8283635526895523,1.0717493295669556,1.3091572523117065
bike,dune_bayes,1950,dispersion,0.5839637845754624,0.906643807888031,1.249806648492813
bike,dune_bayes,1951,dispersion,0.5086674362421035,0.814020574092865,1.143020451068878
bike,dune_bayes,1952,dispersion,0.41388224214315417,0.6986429989337921,1.0275842249393456
bike,dune_bayes,1953,dispersion,0.3546730920672417,0.6116553843021393,0.926694270968437
bike,dune_bayes,1954,dispersion,0.34074104875326156,0.5861269235610962,0.907257130742073
bike,dune_bayes,1955,dispersion,0.3403055131435394,0.61278036236763,0.9994319975376128
bike,dune_bayes,1956,dispersion,0.6625319600105286,0.9601731896400452,1.2875871419906613
bike,dune_bayes,1957,dispersion,1.3012942314147948,1.6907572746276855,2.1131434202194215
bike,dune_bayes,1958,dispersion,1.5493496537208558,2.0100784301757812,2.4638313174247743
bike,dune_bayes,1959,dispersion,1.3922480285167695,1.809967279434204,2.2282930135726926
bike,dune_bayes,1960,dispersion,1.113667780160904,1.5992699265480042,2.0890636086463923
bike,dune_bayes,1961,dispersion,1.0498536467552186,1.4026188850402832,1.7744812846183777
bike,dune_bayes,1962,dispersion,1.1649701237678527,1.539302945137024,1.9380318820476525
bike,dune_bayes,1963,dispersion,1.144824928045273,1.501274585723877,1.8965831756591793
bike,dune_bayes,1964,dispersion,1.0902928590774537,1.4890514612197876,1.9118142843246455
bike,dune_bayes,1965,dispersion,1.0965217351913452,1.444800853729248,1.8582976400852202
bike,dune_bayes,1966,dispersion,1.142718368768692,1.5298012495040894,1.9682566881179808
bike,dune_bayes,1967,dispersion,0.5641274869441986,0.7660407423973083,0.9917674988508224
bike,dune_bayes,1968,dispersion,0.33077615946531297,0.5151400864124298,0.7622186422348022
bike,dune_bayes,1969,dispersion,0.3259864360094071,0.5253996849060059,0.7798408746719356
bike,dune_bayes,1970,dispersion,0.32437715083360674,0.5481738746166229,0.8673602640628815
bike,dune_bayes,1971,dispersion,0.5031242787837982,0.7445149123668671,1.00051788687706
bike,dune_bayes,1972,dispersion,0.556017717719078,0.8060223758220673,1.0554144501686096
bike,dune_bayes,1973,dispersion,1.2119318544864655,1.651088297367096,2.1827463865280152
bike,dune_bayes,1974,dispersion,1.2572628080844879,1.6310690641403198,2.0556959748268127
bike,dune_bayes,1975,dispersion,1.243300199508667,1.7664726376533508,2.3315570473670952
bike,dune_bayes,1976,dispersion,1.0173922777175903,1.482086718082428,2.044244539737701
bike,dune_bayes,1977,dispersion,1.0079225033521653,1.531123399734497,2.1666572570800775
bike,dune_bayes,1978,dispersion,0.890281355381012,1.3727192282676697,1.94649937748909
bike,dune_bayes,1979,dispersion,0.2383163280785084,0.4156312048435211,0.6378921955823895
bike,dune_bayes,1980,dispersion,0.1832771420478821,0.3523905426263809,0.6242097616195678
bike,dune_bayes,1981,dispersion,0.23949394524097445,0.47245609760284424,0.8029463589191437
bike,dune_bayes,1982,dispersion,0.20558115541934968,0.3974173963069916,0.6821621686220168
bike,dune_bayes,1983,dispersion,0.32312240451574326,0.5544416606426239,0.8237639069557189
bike,dune_bayes,1984,dispersion,0.38292627334594725,0.6285978853702545,0.9221930772066116
bike,dune_bayes,1985,dispersion,0.4939624831080437,0.7658966779708862,1.1128693819046018
bike,dune_bayes,1986,dispersion,0.20895153284072876,0.4617616534233093,0.8860372602939603
bike,dune_bayes,1987,dispersion,0.8237804353237153,1.176891565322876,1.5192413866519927
bike,dune_bayes,1988,dispersion,0.923660871386528,1.2782137989997864,1.6372742772102356
bike,dune_bayes,1989,dispersion,1.2842933714389801,1.6480003595352173,2.053678810596466
bike,dune_bayes,1990,dispersion,0.9692689746618272,1.2941541075706482,1.6482987880706783
bike,dune_bayes,1991,dispersion,0.7821605741977692,1.1326488256454468,1.5583376407623288
bike,dune_bayes,1992,dispersion,0.4791443392634392,0.9323092997074127,1.572770458459854
bike,dune_bayes,1993,dispersion,0.8701832950115205,1.284440815448761,1.7913709282875059
bike,dune_bayes,1994,dispersion,0.7586397022008896,1.1677892208099365,1.6527005612850185
bike,dune_bayes,1995,dispersion,0.6230137705802917,0.9069336354732513,1.1788068771362303
bike,dune_bayes,1996,dispersion,0.7477932512760163,1.0613418817520142,1.3999414503574372
bike,dune_bayes,1997,dispersion,0.7852797597646713,1.1218080520629883,1.4858558714389796
bike,dune_bayes,1998,dispersion,0.259758448600769,0.4812466651201248,0.7813502520322799
bike,dune_bayes,1999,dispersion,0.2678893581032753,0.48413901031017303,0.7859760552644728
bike,dune_bayes,2000,dispersion,0.6020989269018173,0.8891617655754089,1.1766755759716028
bike,dune_bayes,2001,dispersion,0.6494383394718171,0.9776694476604462,1.3677154421806335
bike,dune_bayes,2002,dispersion,0.21430687755346298,0.4492404907941818,0.8511023133993145
bike,dune_bayes,2003,dispersion,0.19720319360494615,0.4149066209793091,0.8347010701894758
bike,dune_bayes,2004,dispersion,0.32093443125486376,0.5593027472496033,0.8800281733274459
bike,dune_bayes,2005,dispersion,0.3654883950948715,0.660427451133728,1.1261982977390288
bike,dune_bayes,2006,dispersion,0.3011258214712143,0.5482921898365021,0.8811762481927872
bike,dune_bayes,2007,dispersion,0.452479100227356,0.7392690777778625,1.1028697550296782
bike,dune_bayes,2008,dispersion,0.43759481459856037,0.7199045121669769,1.1041609466075897
bike,dune_bayes,2009,dispersion,0.8323515743017197,1.2173406481742859,1.6548075318336484
bike,dune_bayes,2010,dispersion,0.8323515743017197,1.2173406481742859,1.6548075318336484
bike,dune_bayes,2011,dispersion,0.42495773881673815,0.6762009859085083,0.9795392662286755
bike,dune_bayes,2012,dispersion,0.25068322420120237,0.43193237483501434,0.6726280808448791
bike,dune_bayes,2013,dispersion,0.20844969302415847,0.36051928997039795,0.6078927665948866
bike,dune_bayes,2014,dispersion,0.21090068593621256,0.36680081486701965,0.609938523173332
bike,dune_bayes,2015,dispersion,0.7837133914232254,1.076542317867279,1.3956851780414579
bike,dune_bayes,2016,dispersion,0.40162910968065263,0.6013498902320862,0.8334753543138499
bike,dune_bayes,2017,dispersion,0.8303755044937134,1.1158696413040161,1.4183586478233337
bike,dune_bayes,2018,dispersion,0.8303755044937134,1.1158696413040161,1.4183586478233337
bike,dune_bayes,2019,dispersion,0.990968981385231,1.3088709115982056,1.6815654516220093
bike,dune_bayes,2020,dispersion,0.9718574225902558,1.2542911171913147,1.5566832423210144
bike,dune_bayes,2021,dispersion,0.3383758619427681,0.5178811252117157,0.7548544198274612
bike,dune_bayes,2022,dispersion,0.5730489641427994,0.7926591634750366,1.042513132095337
bike,dune_bayes,2023,dispersion,0.21485369130969048,0.3803018182516098,0.6533094316720962
bike,dune_bayes,2024,dispersion,0.2211509555578232,0.4091678559780121,0.7101808071136473
bike,dune_bayes,2025,dispersion,0.3487559214234352,0.5668065845966339,0.8566044777631759
bike,dune_bayes,2026,dispersion,0.5799673110246658,0.7818802893161774,1.0150756299495696
bike,dune_bayes,2027,dispersion,0.647410798072815,0.9416589140892029,1.2813324809074396
bike,dune_bayes,2028,dispersion,1.0362011909484863,1.35857492685318,1.7243237018585205
bike,dune_bayes,2029,dispersion,1.0164503812789918,1.3447534441947937,1.7112013161182402
bike,dune_bayes,2030,dispersion,0.8697409361600876,1.1327984929084778,1.4261501789093018
bike,dune_bayes,2031,dispersion,0.40854989290237426,0.6233464181423187,0.8896818339824676
bike,dune_bayes,2032,dispersion,0.19971352964639663,0.3552771061658859,0.6007778853178021
bike,dune_bayes,2033,dispersion,0.7680701464414597,1.0245498418807983,1.2863320291042326
bike,dune_bayes,2034,dispersion,0.9682718604803086,1.2680750489234924,1.5787864983081816
bike,dune_bayes,2035,dispersion,1.0964358448982239,1.4144551157951355,1.7568904399871825
bike,dune_bayes,2036,dispersion,1.0765154123306275,1.4624308347702026,1.8521948516368865
bike,dune_bayes,2037,dispersion,0.9149505436420441,1.2965549230575562,1.6764206171035758
bike,dune_bayes,2038,dispersion,0.982792803645134,1.3982054591178894,1.8313587903976436
bike,dune_bayes,2039,dispersion,1.0873852014541625,1.555325448513031,2.0679797887802125
bike,dune_bayes,2040,dispersion,1.0873852014541625,1.555325448513031,2.0679797887802125
bike,dune_bayes,2041,dispersion,0.8661294877529144,1.3432530760765076,1.9270969688892357
bike,dune_bayes,2042,dispersion,0.8518899232149124,1.316077470779419,1.8703406870365142
bike,dune_bayes,2043,dispersion,0.8924605876207352,1.3772770166397095,1.9701612651348106
bike,dune_bayes,2044,dispersion,0.8878085434436799,1.3327924609184265,1.8557810604572293
bike,dune_bayes,2045,dispersion,0.8465393900871278,1.2587964534759521,1.7323599874973294
bike,dune_bayes,2046,dispersion,0.7488809138536453,1.1049200892448425,1.5653360426425933
bike,dune_bayes,2047,dispersion,0.3271489813923836,0.5140303373336792,0.7769267231225967
bike,dune_bayes,2048,dispersion,0.8694161653518677,1.2778158783912659,1.7676561057567595
bike,dune_bayes,2049,dispersion,0.5398423403501511,0.8067855536937714,1.1558599591255185
bike,dune_bayes,2050,dispersion,1.099323171377182,1.420020043849945,1.7901816010475158
bike,dune_bayes,2051,dispersion,0.34154348224401476,0.5209905207157135,0.7405452251434326
bike,dune_bayes,2052,dispersion,1.0238062143325806,1.377450942993164,1.7465742111206053
bike,dune_bayes,2053,dispersion,0.748892867565155,1.0010642409324646,1.2940903723239898
bike,dune_bayes,2054,dispersion,1.0685239732265472,1.4383877515792847,1.8262104332447051
bike,dune_bayes,2055,dispersion,1.0818938314914703,1.40842205286026,1.7952519476413724
bike,dune_bayes,2056,dispersion,0.9804468721151351,1.4002442359924316,1.8657916903495788
bike,dune_bayes,2057,dispersion,0.8107535779476166,1.1161541938781738,1.4387936532497405
bike,dune_bayes,2058,dispersion,1.0622337996959685,1.4240214824676514,1.8112732887268066
bike,dune_bayes,2059,dispersion,1.0642410278320313,1.3900795578956604,1.7476338565349576
bike,dune_bayes,2060,dispersion,1.0685239732265472,1.4383877515792847,1.8262104332447051
bike,dune_bayes,2061,dispersion,1.0685239732265472,1.4383877515792847,1.8262104332447051
bike,dune_bayes,2062,dispersion,0.9829152196645737,1.336748719215393,1.7028984487056726
bike,dune_bayes,2063,dispersion,0.6093486100435257,0.8370169103145599,1.1204243838787076
bike,dune_bayes,2064,dispersion,1.0339747965335846,1.3539395332336426,1.6990547180175781
bike,dune_bayes,2065,dispersion,1.067454981803894,1.4753530025482178,1.8900083959102625
bike,dune_bayes,2066,dispersion,0.8411292880773544,1.1511414647102356,1.4939070641994476
bike,dune_bayes,2067,dispersion,0.23492918759584427,0.39443419873714447,0.6411433279514311
bike,dune_bayes,2068,dispersion,0.26780149191617963,0.42652954161167145,0.6660363554954528
bike,dune_bayes,2069,dispersion,0.4569254070520401,0.6896040141582489,0.9572644025087355
bike,dune_bayes,2070,dispersion,0.6340076863765717,0.8620710670948029,1.1380370199680327
bike,dune_bayes,2071,dispersion,0.7222684621810913,1.099226713180542,1.553444808721542
bike,dune_bayes,2072,dispersion,0.7928889870643616,1.2174885272979736,1.6832743406295776
bike,dune_bayes,2073,dispersion,0.7601945132017136,1.1830147504806519,1.611717844009399
bike,dune_bayes,2074,dispersion,0.7432698845863343,1.1534473299980164,1.619759041070938
bike,dune_bayes,2075,dispersion,0.8281035989522935,1.2627127170562744,1.7852838993072508
bike,dune_bayes,2076,dispersion,0.7921873480081558,1.233056902885437,1.7573500394821167
bike,dune_bayes,2077,dispersion,0.8004168301820755,1.245352327823639,1.7492397308349608
bike,dune_bayes,2078,dispersion,1.0239383399486541,1.3194246292114258,1.6315496087074277
bike,dune_bayes,2079,dispersion,0.2282698430120945,0.47084787487983704,0.83541100025177
bike,dune_bayes,2080,dispersion,0.19649238362908364,0.4455418884754181,0.8704238891601562
bike,dune_bayes,2081,dispersion,0.19772012010216714,0.4413140118122101,0.8445959836244582
bike,dune_bayes,2082,dispersion,0.3168773740530014,0.579634040594101,0.920983326435089
bike,dune_bayes,2083,dispersion,0.29988640993833543,0.5938406586647034,1.0530445933341979
bike,dune_bayes,2084,dispersion,0.5019033446907997,0.8501405715942383,1.2405611276626585
bike,dune_bayes,2085,dispersion,0.6835708081722259,1.0575948357582092,1.4318421840667723
bike,dune_bayes,2086,dispersion,0.5668499529361725,0.9037235677242279,1.2669432699680327
bike,dune_bayes,2087,dispersion,0.31136947572231294,0.5868622362613678,0.9827646762132639
bike,dune_bayes,2088,dispersion,0.32345351576805115,0.5765141248703003,0.9186471581459043
bike,dune_bayes,2089,dispersion,0.44363968819379807,0.6923167407512665,1.0283194363117214
bike,dune_bayes,2090,dispersion,0.47446544766426085,0.6840701699256897,0.9355346143245697
bike,dune_bayes,2091,dispersion,0.8260286092758179,1.0666728019714355,1.3078034222126005
bike,dune_bayes,2092,dispersion,0.4061916843056679,0.5862792134284973,0.8294061690568924
bike,dune_bayes,2093,dispersion,0.30433934926986694,0.5052472949028015,0.7825261950492858
bike,dune_bayes,2094,dispersion,0.37358035743236545,0.5805417001247406,0.8309756964445113
bike,dune_bayes,2095,dispersion,0.5667141079902649,0.8234227299690247,1.1194239139556883
bike,dune_bayes,2096,dispersion,0.9469590604305267,1.2518064379692078,1.6284902870655054
bike,dune_bayes,2097,dispersion,0.8174726754426956,1.103687822818756,1.3928522527217866
bike,dune_bayes,2098,dispersion,0.6035104840993881,0.9047501385211945,1.2811232686042786
bike,dune_bayes,2099,dispersion,0.7022388637065887,0.9590107798576355,1.2177430689334865
bike,dune_bayes,2100,dispersion,0.7551017314195633,0.9941774904727936,1.2241030573844909
bike,dune_bayes,2101,dispersion,0.8590918362140656,1.2416977286338806,1.7081380188465118
bike,dune_bayes,2102,dispersion,0.8106442600488662,1.1692167520523071,1.5892124652862543
bike,dune_bayes,2103,dispersion,0.954218003153801,1.3809173107147217,1.8780813694000242
bike,dune_bayes,2104,dispersion,0.8085461288690567,1.1424304842948914,1.5655515670776365
bike,dune_bayes,2105,dispersion,0.8556900173425674,1.215482771396637,1.6538119494915
bike,dune_bayes,2106,dispersion,0.5261669218540191,0.7470735609531403,1.0113422513008117
bike,dune_bayes,2107,dispersion,0.3246348187327385,0.4919741451740265,0.7401901036500929
bike,dune_bayes,2108,dispersion,0.3936089485883713,0.5636360943317413,0.8238051772117614
bike,dune_bayes,2109,dispersion,0.5482813745737076,0.7870038747787476,1.1238905370235444
bike,dune_bayes,2110,dispersion,0.8328548312187195,1.1901744604110718,1.6200454294681548
bike,dune_bayes,2111,dispersion,0.3515792369842529,0.5960010290145874,0.9445449233055111
bike,dune_bayes,2112,dispersion,0.31500933319330215,0.5112518668174744,0.7697645664215084
bike,dune_bayes,2113,dispersion,1.0862539529800415,1.4044108986854553,1.8152806639671326
bike,dune_bayes,2114,dispersion,0.27444053888320924,0.46816669404506683,0.7561723679304122
bike,dune_bayes,2115,dispersion,0.49235787987709045,0.766030877828598,1.1036993980407714
bike,dune_bayes,2116,dispersion,0.647410798072815,0.9416589140892029,1.2813324809074396
bike,dune_bayes,2117,dispersion,0.8883840262889862,1.1684074401855469,1.4922353446483612
bike,dune_bayes,2118,dispersion,0.8883840262889862,1.1684074401855469,1.4922353446483612
bike,dune_bayes,2119,dispersion,0.9764778077602386,1.2538692355155945,1.5991548120975494
bike,dune_bayes,2120,dispersion,0.41312900036573413,0.6270783543586731,0.8733716845512388
bike,dune_bayes,2121,dispersion,0.3006780728697777,0.5204900503158569,0.8195768654346466
bike,dune_bayes,2122,dispersion,0.2968341425061226,0.47419631481170654,0.7139759033918378
bike,dune_bayes,2123,dispersion,0.24755788147449495,0.42968079447746277,0.7165752619504927
bike,dune_bayes,2124,dispersion,0.2723778039216995,0.46821075677871704,0.7638027518987651
bike,dune_bayes,2125,dispersion,0.25019191205501556,0.4786091595888138,0.8040954172611233
bike,dune_bayes,2126,dispersion,0.41496293842792514,0.6461454629898071,0.9132492125034332
bike,dune_bayes,2127,dispersion,0.5841818422079086,0.8560389578342438,1.1133605659008026
bike,dune_bayes,2128,dispersion,0.3328726127743721,0.5399203598499298,0.8117713004350662
bike,dune_bayes,2129,dispersion,0.34885447919368745,0.5461999475955963,0.7938583314418788
bike,dune_bayes,2130,dispersion,0.3398414239287376,0.5525442659854889,0.8345245987176894
bike,dune_bayes,2131,dispersion,0.31042940467596053,0.49368320405483246,0.7602545797824858
bike,dune_bayes,2132,dispersion,0.47844738960266114,0.698022723197937,0.9251780122518537
bike,dune_bayes,2133,dispersion,0.4506868228316307,0.7290017604827881,1.1003279149532317
bike,dune_bayes,2134,dispersion,0.5606754213571549,0.881794273853302,1.2865366995334624
bike,dune_bayes,2135,dispersion,0.29148705154657367,0.5020879209041595,0.779980534315109
bike,dune_bayes,2136,dispersion,0.2750767916440964,0.4702649265527725,0.7672541737556458
bike,dune_bayes,2137,dispersion,0.20897807255387307,0.3825213313102722,0.6363629519939421
bike,dune_bayes,2138,dispersion,0.2684992864727974,0.4802871495485306,0.7570102870464325
bike,dune_bayes,2139,dispersion,0.33350311517715453,0.5962221622467041,0.8951511144638058
bike,dune_bayes,2140,dispersion,0.20080525577068328,0.36836133897304535,0.6236703097820282
bike,dune_bayes,2141,dispersion,0.17444584518671039,0.34470614790916443,0.6381025224924087
bike,dune_bayes,2142,dispersion,0.16675851419568063,0.3322736769914627,0.6395684093236922
bike,dune_bayes,2143,dispersion,0.19026316404342652,0.3475377857685089,0.6259815722703933
bike,dune_bayes,2144,dispersion,0.1803642638027668,0.3421351760625839,0.6217365652322764
bike,dune_bayes,2145,dispersion,0.21822429075837135,0.38727813959121704,0.6285628080368041
bike,dune_bayes,2146,dispersion,0.3175974622368813,0.5785097181797028,0.9398070245981216
bike,dune_bayes,2147,dispersion,0.15411554351449014,0.29649119079113007,0.5714373409748077
bike,dune_bayes,2148,dispersion,0.24122593849897386,0.3903423398733139,0.6265297114849088
bike,dune_bayes,2149,dispersion,0.32842469960451126,0.5249480307102203,0.7787933647632598
bike,dune_bayes,2150,dispersion,0.20888808667659758,0.4457937926054001,0.8364930510520935
bike,dune_bayes,2151,dispersion,0.26099907159805297,0.4829696714878082,0.791177988052368
bike,dune_bayes,2152,dispersion,1.0845366656780242,1.3976958394050598,1.7382283210754395
bike,dune_bayes,2153,dispersion,1.1348044574260712,1.4598668813705444,1.8167461335659028
bike,dune_bayes,2154,dispersion,1.136333268880844,1.4767149686813354,1.8626437485218046
bike,dune_bayes,2155,dispersion,0.3553360983729362,0.6072340607643127,0.9508412092924118
bike,dune_bayes,2156,dispersion,0.2517715603113174,0.4535244405269623,0.7724551767110822
bike,dune_bayes,2157,dispersion,0.28839971721172336,0.5365989208221436,0.9148539543151853
bike,dune_bayes,2158,dispersion,0.3690144628286362,0.6411081850528717,1.0238359570503233
bike,dune_bayes,2159,dispersion,0.5592021197080612,0.8487526774406433,1.1700280666351315
bike,dune_bayes,2160,dispersion,0.7146468162536621,0.9687939286231995,1.2124726355075834
bike,dune_bayes,2161,dispersion,0.44655707329511646,0.7017590999603271,1.0164026856422423
bike,dune_bayes,2162,dispersion,0.8269534528255462,1.146879255771637,1.4836760699748992
bike,dune_bayes,2163,dispersion,0.86754170358181,1.1604130864143372,1.4720552086830134
bike,dune_bayes,2164,dispersion,0.2533343225717545,0.4600629359483719,0.7676697254180908
bike,dune_bayes,2165,dispersion,0.2533343225717545,0.4600629359483719,0.7676697254180908
bike,dune_bayes,2166,dispersion,0.8851323843002319,1.150500237941742,1.4176937222480772
bike,dune_bayes,2167,dispersion,0.6723316490650177,0.9475345313549042,1.2100377559661861
bike,dune_bayes,2168,dispersion,0.503907710313797,0.7359185814857483,0.98470439016819
bike,dune_bayes,2169,dispersion,0.3678635269403458,0.572338193655014,0.8121693849563598
bike,dune_bayes,2170,dispersion,0.29754248410463335,0.48387154936790466,0.7530899822711945
bike,dune_bayes,2171,dispersion,0.31188448518514633,0.5263905823230743,0.8128967911005015
bike,dune_bayes,2172,dispersion,0.49734161347150807,0.740843266248703,1.0361160993576048
bike,dune_bayes,2173,dispersion,0.7152534037828445,1.0363889336585999,1.4563475430011745
bike,dune_bayes,2174,dispersion,0.8122816890478134,1.1507740020751953,1.5866564035415647
bike,dune_bayes,2175,dispersion,0.8122816890478134,1.1507740020751953,1.5866564035415647
bike,dune_bayes,2176,dispersion,0.8021949499845504,1.1376413106918335,1.5424082517623892
bike,dune_bayes,2177,dispersion,0.35805336087942125,0.5432538986206055,0.7719114392995833
bike,dune_bayes,2178,dispersion,0.13473203554749488,0.2781538963317871,0.5483190476894374
bike,dune_bayes,2179,dispersion,0.18973743990063668,0.3278474360704422,0.5624561905860899
bike,dune_bayes,2180,dispersion,0.2403158910572529,0.39929525554180145,0.6630979478359221
bike,dune_bayes,2181,dispersion,0.2985078439116478,0.47437117993831635,0.7433397710323333
bike,dune_bayes,2182,dispersion,0.4061528652906418,0.5910481512546539,0.8566529661417006
bike,dune_bayes,2183,dispersion,0.4061528652906418,0.5910481512546539,0.8566529661417006
bike,dune_bayes,2184,dispersion,0.4128245323896408,0.6047089099884033,0.8842199206352234
bike,dune_bayes,2185,dispersion,0.47011474668979647,0.6783963143825531,0.972045975923538
bike,dune_bayes,2186,dispersion,0.5975106149911881,0.8735243678092957,1.2153221487998953
bike,dune_bayes,2187,dispersion,0.4072043433785439,0.5795435309410095,0.8455157876014706
bike,dune_bayes,2188,dispersion,0.14792534932494164,0.26035861670970917,0.4698058277368544
bike,dune_bayes,2189,dispersion,0.12227239608764648,0.2326097935438156,0.436033035814762
bike,dune_bayes,2190,dispersion,0.14878300353884696,0.26709188520908356,0.4838368996977805
bike,dune_bayes,2191,dispersion,0.26251215040683745,0.4150693565607071,0.6657880485057829
bike,dune_bayes,2192,dispersion,0.3470113679766655,0.5290775001049042,0.7895086675882338
bike,dune_bayes,2193,dispersion,0.16120851114392282,0.29548685252666473,0.5150514274835581
bike,dune_bayes,2194,dispersion,0.2566076159477234,0.42489026486873627,0.6741523444652556
bike,dune_bayes,2195,dispersion,0.45758026242256167,0.6862466335296631,0.9963829070329666
bike,dune_bayes,2196,dispersion,0.6757333934307098,1.0184699892997742,1.3958790659904476
bike,dune_bayes,2197,dispersion,0.5156598061323165,0.7773437798023224,1.1128882348537443
bike,dune_bayes,2198,dispersion,0.1201366376131773,0.22297338396310806,0.40694582313299166
bike,dune_bayes,2199,dispersion,0.49508039802312853,0.6972831785678864,0.9519363075494766
bike,dune_bayes,2200,dispersion,1.0391885876655578,1.426862120628357,1.8345286846160886
bike,dune_bayes,2201,dispersion,0.2891569435596466,0.45713010430336,0.6963681399822232
bike,dune_bayes,2202,dispersion,0.4468999609351158,0.6447870135307312,0.8878990173339844
bike,dune_bayes,2203,dispersion,0.23379162773489953,0.4523935616016388,0.7865728169679639
bike,dune_bayes,2204,dispersion,0.2580141291022301,0.44890306890010834,0.7238349467515942
bike,dune_bayes,2205,dispersion,0.2559030070900917,0.43338948488235474,0.6881920605897901
bike,dune_bayes,2206,dispersion,0.20187757015228272,0.3643634021282196,0.6233030080795287
bike,dune_bayes,2207,dispersion,0.22171201258897782,0.3939743936061859,0.6541563808917997
bike,dune_bayes,2208,dispersion,0.26661720871925354,0.44635437428951263,0.7096112608909605
bike,dune_bayes,2209,dispersion,0.2737473398447037,0.46425969898700714,0.7358385443687439
bike,dune_bayes,2210,dispersion,0.6587353616952896,0.950886070728302,1.2696977138519283
bike,dune_bayes,2211,dispersion,0.9764778077602386,1.2538692355155945,1.5991548120975494
bike,dune_bayes,2212,dispersion,1.0108966946601867,1.3143280744552612,1.6183472394943237
bike,dune_bayes,2213,dispersion,1.0425359427928924,1.3283187747001648,1.642904657125473
bike,dune_bayes,2214,dispersion,1.0346383154392242,1.451931118965149,1.9190586745738982
bike,dune_bayes,2215,dispersion,0.44897536635398866,0.7167642116546631,1.0529009699821472
bike,dune_bayes,2216,dispersion,0.419408056139946,0.6823982894420624,1.0131046712398526
bike,dune_bayes,2217,dispersion,0.3677592664957047,0.6201023459434509,0.949547919631004
bike,dune_bayes,2218,dispersion,0.3375398933887482,0.5407366156578064,0.8236897349357604
bike,dune_bayes,2219,dispersion,0.3714578241109848,0.5916796028614044,0.8670605391263957
bike,dune_bayes,2220,dispersion,0.5740354567766189,0.8000557720661163,1.0501658678054808
bike,dune_bayes,2221,dispersion,1.1264089286327361,1.512432038784027,1.9463920354843138
bike,dune_bayes,2222,dispersion,1.1156414866447448,1.5024133920669556,1.9391554713249206
bike,dune_bayes,2223,dispersion,0.319416306912899,0.4994829595088959,0.7408682733774179
bike,dune_bayes,2224,dispersion,0.4693992152810097,0.6658435761928558,0.9114278882741927
bike,dune_bayes,2225,dispersion,0.7941591680049896,1.0329473614692688,1.2875092267990107
bike,dune_bayes,2226,dispersion,0.7087022721767425,1.0824064016342163,1.4738005757331847
bike,dune_bayes,2227,dispersion,0.14878300353884696,0.26709188520908356,0.4838368996977805
bike,dune_bayes,2228,dispersion,0.696188673377037,1.0687349438667297,1.47084082365036
bike,dune_bayes,2229,dispersion,0.7999619901180267,1.148658275604248,1.5770770311355589
bike,dune_bayes,2230,dispersion,0.7193413317203522,1.0495114922523499,1.4224863052368162
bike,dune_bayes,2231,dispersion,0.7747760057449341,1.1670923829078674,1.6462278246879574
bike,dune_bayes,2232,dispersion,0.8071927040815353,1.31256765127182,1.8881663024425503
bike,dune_bayes,2233,dispersion,0.8133001834154129,1.3179879784584045,1.8837082266807552
bike,dune_bayes,2234,dispersion,0.7365255028009415,1.1981456279754639,1.7218151628971095
bike,dune_bayes,2235,dispersion,1.238067078590393,1.7063947916030884,2.166139936447143
bike,dune_bayes,2236,dispersion,1.288069885969162,1.7158821821212769,2.1375546932220457
bike,dune_bayes,2237,dispersion,1.313086861371994,1.7394044399261475,2.152243912220001
bike,dune_bayes,2238,dispersion,0.986358818411827,1.368996798992157,1.812439179420471
bike,dune_bayes,2239,dispersion,0.7052868425846099,1.0202586650848389,1.407621556520462
bike,dune_bayes,2240,dispersion,1.344098788499832,1.7507201433181763,2.1883909940719604
bike,dune_bayes,2241,dispersion,1.2021017253398896,1.5333581566810608,1.881004899740219
bike,dune_bayes,2242,dispersion,0.25798687636852263,0.4762737452983856,0.770605558156967
bike,dune_bayes,2243,dispersion,0.2619286522269249,0.4602101594209671,0.7617483347654339
bike,dune_bayes,2244,dispersion,0.3991880640387535,0.6336905360221863,0.9308082699775695
bike,dune_bayes,2245,dispersion,0.4181645467877388,0.680324524641037,1.0442835450172423
bike,dune_bayes,2246,dispersion,1.0149671733379364,1.3829458951950073,1.8486240684986113
bike,dune_bayes,2247,dispersion,1.0149671733379364,1.3829458951950073,1.8486240684986113
bike,dune_bayes,2248,dispersion,1.1302476525306702,1.5381332039833069,2.023359286785125
bike,dune_bayes,2249,dispersion,1.1828880488872529,1.5391982793807983,1.964797455072403
bike,dune_bayes,2250,dispersion,0.5822695672512055,0.8716905415058136,1.2409076929092404
bike,dune_bayes,2251,dispersion,0.34333749264478686,0.596066415309906,0.9467692524194717
bike,dune_bayes,2252,dispersion,0.3366856202483177,0.5432662963867188,0.8123095929622649
bike,dune_bayes,2253,dispersion,0.2925528287887573,0.48251403868198395,0.7606852114200591
bike,dune_bayes,2254,dispersion,0.2452164486050606,0.4269522577524185,0.7211928516626358
bike,dune_bayes,2255,dispersion,0.24940655902028086,0.4353460967540741,0.7097090393304821
bike,dune_bayes,2256,dispersion,0.5129301279783249,0.7255263030529022,0.9659909367561337
bike,dune_bayes,2257,dispersion,0.9103852391242981,1.2841001749038696,1.6647527456283566
bike,dune_bayes,2258,dispersion,1.0566616892814635,1.3666769862174988,1.717894172668457
bike,dune_bayes,2259,dispersion,0.972643694281578,1.249923586845398,1.553204220533371
bike,dune_bayes,2260,dispersion,0.3123935028910637,0.5578926205635071,0.9275693506002424
bike,dune_bayes,2261,dispersion,0.3124388098716736,0.5260551571846008,0.791455516219139
bike,dune_bayes,2262,dispersion,0.22928128018975258,0.45556195080280304,0.7903021365404128
bike,dune_bayes,2263,dispersion,0.30849852710962294,0.5095679461956024,0.7775279372930526
bike,dune_bayes,2264,dispersion,0.4196501597762108,0.653778612613678,0.9411157965660095
bike,dune_bayes,2265,dispersion,0.3070315927267075,0.5334991812705994,0.7963006019592285
bike,dune_bayes,2266,dispersion,0.2823589563369751,0.486885130405426,0.7293360263109205
bike,dune_bayes,2267,dispersion,0.34339833408594134,0.6015489399433136,0.9418735414743422
bike,dune_bayes,2268,dispersion,0.6616457581520081,1.022764801979065,1.496469736099243
bike,dune_bayes,2269,dispersion,0.7479204952716827,1.0352725982666016,1.443201011419296
bike,dune_bayes,2270,dispersion,0.23803967013955116,0.4134887605905533,0.66428265273571
bike,dune_bayes,2271,dispersion,0.9764778077602386,1.2538692355155945,1.5991548120975494
bike,dune_bayes,2272,dispersion,0.9750968635082244,1.2440987825393677,1.5374163389205933
bike,dune_bayes,2273,dispersion,0.47844738960266114,0.698022723197937,0.9251780122518537
bike,dune_bayes,2274,dispersion,0.43337485045194624,0.656407356262207,0.9173738449811932
bike,dune_bayes,2275,dispersion,0.5764362692832947,0.7882639169692993,1.0142086148262024
bike,dune_bayes,2276,dispersion,0.5371623992919922,0.7353999018669128,0.9586941152811048
bike,dune_bayes,2277,dispersion,0.8480074107646942,1.1512760519981384,1.489371085166931
bike,dune_bayes,2278,dispersion,0.2257308065891266,0.3609033226966858,0.5681295752525326
bike,dune_bayes,2279,dispersion,1.0629223525524139,1.5284985899925232,2.0530768871307363
bike,dune_bayes,2280,dispersion,0.9659119248390198,1.2606603503227234,1.576075077056884
bike,dune_bayes,2281,dispersion,1.0619350016117095,1.3914828896522522,1.7812054276466367
bike,dune_bayes,2282,dispersion,0.9726379245519639,1.3925486207008362,1.8262071430683129
bike,dune_bayes,2283,dispersion,0.9741137593984603,1.3907296061515808,1.829863244295119
bike,dune_bayes,2284,dispersion,0.9371789842844009,1.227731704711914,1.5246363639831542
bike,dune_bayes,2285,dispersion,0.6412455618381501,0.8640170991420746,1.1323917984962464
bike,dune_bayes,2286,dispersion,0.9049594521522522,1.2293607592582703,1.6016492724418638
bike,dune_bayes,2287,dispersion,0.8194397270679474,1.1533679366111755,1.5207760095596314
bike,dune_bayes,2288,dispersion,0.9407802432775497,1.2917835712432861,1.6569603145122527
bike,dune_bayes,2289,dispersion,0.929659190773964,1.3504056334495544,1.823087918758392
bike,dune_bayes,2290,dispersion,0.8331709980964661,1.1355077624320984,1.457339686155319
bike,dune_bayes,2291,dispersion,0.2582811966538429,0.45989924669265747,0.756755521893501
bike,dune_bayes,2292,dispersion,0.9934668242931366,1.3489088416099548,1.7291427373886108
bike,dune_bayes,2293,dispersion,0.818450728058815,1.3046146035194397,1.9237692177295682
bike,dune_bayes,2294,dispersion,0.5102000415325165,0.8130082786083221,1.1769344627857206
bike,dune_bayes,2295,dispersion,0.4991321533918381,0.810472160577774,1.1783145666122437
bike,dune_bayes,2296,dispersion,0.6090595781803131,0.9560692608356476,1.3592207491397859
bike,dune_bayes,2297,dispersion,0.6491165608167648,1.0021638870239258,1.4062248468399046
bike,dune_bayes,2298,dispersion,0.7143656402826309,1.1041650176048279,1.5250032246112821
bike,dune_bayes,2299,dispersion,0.6867028057575226,1.0704799890518188,1.4771733641624452
bike,dune_bayes,2300,dispersion,0.7304609954357147,1.1247864365577698,1.549281162023544
bike,dune_bayes,2301,dispersion,0.7530354470014572,1.146734356880188,1.565854352712631
bike,dune_bayes,2302,dispersion,0.7530354470014572,1.146734356880188,1.565854352712631
bike,dune_bayes,2303,dispersion,0.6891271114349365,1.0449535846710205,1.4241677343845365
bike,dune_bayes,2304,dispersion,1.0137401461601256,1.3169116973876953,1.6328334689140318
bike,dune_bayes,2305,dispersion,1.1215628206729888,1.4630427360534668,1.8714671075344083
bike,dune_bayes,2306,dispersion,1.1207152724266052,1.4905206561088562,1.9118940889835354
bike,dune_bayes,2307,dispersion,1.0767057240009308,1.418868601322174,1.8008030772209165
bike,dune_bayes,2308,dispersion,0.4748237565159798,0.6644702553749084,0.9111475646495815
bike,dune_bayes,2309,dispersion,0.7625086337327958,1.0231013894081116,1.3350992798805235
bike,dune_bayes,2310,dispersion,0.5880822688341141,0.8219793736934662,1.0892669200897214
bike,dune_bayes,2311,dispersion,1.0715557217597962,1.4504599571228027,1.8334985673427577
bike,dune_bayes,2312,dispersion,0.9934668242931366,1.3489088416099548,1.7291427373886108
bike,dune_bayes,2313,dispersion,0.9778869032859803,1.4256173372268677,1.9418178021907806
bike,dune_bayes,2314,dispersion,0.4255599930882454,0.6356986165046692,0.8995816618204115
bike,dune_bayes,2315,dispersion,0.9118708938360214,1.176817774772644,1.442108881473541
bike,dune_bayes,2316,dispersion,0.8604129314422607,1.1412850618362427,1.4371159791946408
bike,dune_bayes,2317,dispersion,0.309224845468998,0.5651724934577942,0.907875645160675
bike,dune_bayes,2318,dispersion,0.2678893581032753,0.48413901031017303,0.7859760552644728
bike,dune_bayes,2319,dispersion,0.2947383105754852,0.4909704327583313,0.7758472621440887
bike,dune_bayes,2320,dispersion,0.38304593563079836,0.5669986009597778,0.8204706013202667
bike,dune_bayes,2321,dispersion,0.5117516249418259,0.7172881364822388,0.9551335126161574
bike,dune_bayes,2322,dispersion,0.5041797995567322,0.7086523473262787,0.9293682008981703
bike,dune_bayes,2323,dispersion,0.4803415149450302,0.6823342740535736,0.9154296875
bike,dune_bayes,2324,dispersion,0.470287860929966,0.6832993626594543,0.9166343718767165
bike,dune_bayes,2325,dispersion,0.3828717336058617,0.5770569145679474,0.8218633502721785
bike,dune_bayes,2326,dispersion,0.24361795037984849,0.44906285405158997,0.7602122813463208
bike,dune_bayes,2327,dispersion,0.23108473122119905,0.402799129486084,0.6688640147447585
bike,dune_bayes,2328,dispersion,0.47666323482990264,0.7002447545528412,0.9678841233253477
bike,dune_bayes,2329,dispersion,0.6520294576883316,0.9375844299793243,1.317536103725433
bike,dune_bayes,2330,dispersion,0.23064741343259812,0.40867382287979126,0.6782857149839397
bike,dune_bayes,2331,dispersion,0.6044981300830841,0.8883606195449829,1.2370936453342436
bike,dune_bayes,2332,dispersion,0.5940472990274429,0.8495984375476837,1.179872268438339
bike,dune_bayes,2333,dispersion,0.5267960131168365,0.7658407092094421,1.0788489937782286
bike,dune_bayes,2334,dispersion,0.40450305193662645,0.6033602952957153,0.8822131067514418
bike,dune_bayes,2335,dispersion,0.2027621328830719,0.3453204035758972,0.5861163616180419
bike,dune_bayes,2336,dispersion,0.13941672220826148,0.2770763784646988,0.5012612372636793
bike,dune_bayes,2337,dispersion,0.5518381327390671,0.7745421230792999,1.0329572856426237
bike,dune_bayes,2338,dispersion,0.7109843164682388,0.9757432639598846,1.271017867326736
bike,dune_bayes,2339,dispersion,1.0527989566326141,1.3924593329429626,1.7674500703811644
bike,dune_bayes,2340,dispersion,0.9656648576259613,1.3454905152320862,1.7381552398204803
bike,dune_bayes,2341,dispersion,0.8068295300006867,1.0708613991737366,1.3778973340988159
bike,dune_bayes,2342,dispersion,1.051146286725998,1.428171992301941,1.825492078065872
bike,dune_bayes,2343,dispersion,0.9737983882427216,1.3266975283622742,1.6899103343486785
bike,dune_bayes,2344,dispersion,1.0715557217597962,1.4504599571228027,1.8334985673427577
bike,dune_bayes,2345,dispersion,1.0347752094268798,1.4541523456573486,1.8946110785007477
bike,dune_bayes,2346,dispersion,0.7746207326650619,1.0412551760673523,1.3511882066726684
bike,dune_bayes,2347,dispersion,0.683664882183075,0.926829606294632,1.2306146383285523
bike,dune_bayes,2348,dispersion,1.0114374160766602,1.4546533226966858,1.9696914732456205
bike,dune_bayes,2349,dispersion,0.35531414598226546,0.543867290019989,0.7839733868837355
bike,dune_bayes,2350,dispersion,0.34582164138555527,0.5149732232093811,0.7474646687507629
bike,dune_bayes,2351,dispersion,0.28268160074949267,0.43859757483005524,0.6685192257165908
bike,dune_bayes,2352,dispersion,0.8229851722717285,1.089167833328247,1.399812638759613
bike,dune_bayes,2353,dispersion,0.7308676838874817,0.9936756491661072,1.2817460596561432
bike,dune_bayes,2354,dispersion,0.3504715010523796,0.5453157126903534,0.7928580641746521
bike,dune_bayes,2355,dispersion,0.26084245890378954,0.43123485147953033,0.6730710834264754
bike,dune_bayes,2356,dispersion,0.3952684387564659,0.6199693977832794,0.8937177807092666
bike,dune_bayes,2357,dispersion,0.9609191834926605,1.250061273574829,1.5895685136318207
bike,dune_bayes,2358,dispersion,1.0109489381313324,1.2989179491996765,1.608677875995636
bike,dune_bayes,2359,dispersion,1.0283628523349762,1.3355321288108826,1.688538569211959
bike,dune_bayes,2360,dispersion,0.31857690066099165,0.5073112547397614,0.7541716635227201
bike,dune_bayes,2361,dispersion,0.279643589258194,0.46772652864456177,0.7218742132186888
bike,dune_bayes,2362,dispersion,0.2532724827528,0.42491011321544647,0.6713462442159652
bike,dune_bayes,2363,dispersion,0.2753205865621567,0.450003519654274,0.6973619163036345
bike,dune_bayes,2364,dispersion,0.32115520536899567,0.5183303356170654,0.7834610164165495
bike,dune_bayes,2365,dispersion,0.3437233626842499,0.5932312309741974,0.9286237716674803
bike,dune_bayes,2366,dispersion,0.42658778131008146,0.640293300151825,0.8870139330625528
bike,dune_bayes,2367,dispersion,0.6184103906154633,0.8979063034057617,1.241534101963043
bike,dune_bayes,2368,dispersion,0.36980634927749634,0.5381158590316772,0.7973492562770843
bike,dune_bayes,2369,dispersion,0.13399395123124122,0.26111848652362823,0.4839306384325027
bike,dune_bayes,2370,dispersion,0.12335655651986599,0.2391156628727913,0.4455431506037711
bike,dune_bayes,2371,dispersion,0.12744576930999757,0.2452678233385086,0.45907770693302147
bike,dune_bayes,2372,dispersion,0.16390923410654068,0.29508766531944275,0.5233099251985549
bike,dune_bayes,2373,dispersion,0.34578321129083633,0.5865490436553955,0.9637445896863936
bike,dune_bayes,2374,dispersion,0.6205920249223709,0.917881041765213,1.300237363576889
bike,dune_bayes,2375,dispersion,0.6837761402130127,1.0020074248313904,1.3998391389846796
bike,dune_bayes,2376,dispersion,0.5919636070728302,0.8495423197746277,1.1766855537891383
bike,dune_bayes,2377,dispersion,0.1170983236283064,0.23036104440689087,0.4374085396528244
bike,dune_bayes,2378,dispersion,0.9545534431934357,1.3443707823753357,1.7270533263683312
bike,dune_bayes,2379,dispersion,1.00947904586792,1.3585199117660522,1.7405978500843042
bike,dune_bayes,2380,dispersion,1.0037291824817658,1.3285472989082336,1.7021914064884185
bike,dune_bayes,2381,dispersion,0.8312311142683029,1.1079729795455933,1.4299840986728667
bike,dune_bayes,2382,dispersion,1.0731100022792817,1.4245308637619019,1.8130812406539916
bike,dune_bayes,2383,dispersion,1.067454981803894,1.4753530025482178,1.8900083959102625
bike,dune_bayes,2384,dispersion,0.929659190773964,1.3504056334495544,1.823087918758392
bike,dune_bayes,2385,dispersion,0.4744637742638588,0.6964568495750427,0.9781439483165738
bike,dune_bayes,2386,dispersion,0.5054650038480759,0.7170527279376984,0.9790171116590496
bike,dune_bayes,2387,dispersion,0.656981211900711,0.8978980183601379,1.1836206614971159
bike,dune_bayes,2388,dispersion,0.9049594521522522,1.2293607592582703,1.6016492724418638
bike,dune_bayes,2389,dispersion,0.9049594521522522,1.2293607592582703,1.6016492724418638
bike,dune_bayes,2390,dispersion,1.00947904586792,1.3585199117660522,1.7405978500843042
bike,dune_bayes,2391,dispersion,1.0114374160766602,1.4546533226966858,1.9696914732456205
bike,dune_bayes,2392,dispersion,1.0114374160766602,1.4546533226966858,1.9696914732456205
bike,dune_bayes,2393,dispersion,0.9484165698289871,1.286470651626587,1.663433575630188
bike,dune_bayes,2394,dispersion,1.0146374821662902,1.4774382710456848,2.0212045669555656
bike,dune_bayes,2395,dispersion,0.9890659809112549,1.3670498728752136,1.7806004166603089
bike,dune_bayes,2396,dispersion,0.29908522069454196,0.44899360835552216,0.670828127861023
bike,dune_bayes,2397,dispersion,0.27921212166547776,0.441984087228775,0.6687906533479686
bike,dune_bayes,2398,dispersion,0.9751690477132797,1.3781647086143494,1.7964806735515584
bike,dune_bayes,2399,dispersion,0.36892107874155045,0.5395827293395996,0.7774812012910842
bike,dune_bayes,2400,dispersion,0.36892107874155045,0.5395827293395996,0.7774812012910842
bike,dune_bayes,2401,dispersion,0.7809419602155686,1.0726779699325562,1.4199034452438353
bike,dune_bayes,2402,dispersion,0.6427817612886428,1.0177216529846191,1.4764271259307862
bike,dune_bayes,2403,dispersion,0.6700118839740753,1.0674028396606445,1.568943691253662
bike,dune_bayes,2404,dispersion,0.7032456189393997,1.1090258359909058,1.602415436506271
bike,dune_bayes,2405,dispersion,0.6103570014238358,0.9852417707443237,1.4157841920852658
bike,dune_bayes,2406,dispersion,0.6636979043483734,1.0722472667694092,1.5387184739112854
bike,dune_bayes,2407,dispersion,0.17010481506586075,0.284760057926178,0.4811928048729896
bike,dune_bayes,2408,dispersion,0.42320161163806913,0.685611218214035,1.0314624965190886
bike,dune_bayes,2409,dispersion,0.42320161163806913,0.685611218214035,1.0314624965190886
bike,dune_bayes,2410,dispersion,0.6458462089300155,1.0327562093734741,1.471661257743835
bike,dune_bayes,2411,dispersion,0.6617352992296219,1.0492023229599,1.4962385892868029
bike,dune_bayes,2412,dispersion,0.6090337872505188,0.9861868619918823,1.428498345613479
bike,dune_bayes,2413,dispersion,0.292412006855011,0.47624756395816803,0.7426187962293624
bike,dune_bayes,2414,dispersion,0.20587048605084418,0.3409000486135483,0.5458796828985214
bike,dune_bayes,2415,dispersion,0.1975208565592766,0.3286384493112564,0.5368249177932738
bike,dune_bayes,2416,dispersion,0.6693725645542145,1.0398898720741272,1.4765568375587463
bike,dune_bayes,2417,dispersion,0.4874162897467613,0.7998142242431641,1.2565788447856903
bike,dune_bayes,2418,dispersion,0.3178279757499695,0.5535165965557098,0.9098377227783202
bike,dune_bayes,2419,dispersion,0.1730345033109188,0.2960084229707718,0.4881571099162101
bike,dune_bayes,2420,dispersion,0.21195384860038757,0.35257232189178467,0.5682139545679091
bike,dune_bayes,2421,dispersion,0.3484725967049599,0.5789686143398285,0.8920903474092481
bike,dune_bayes,2422,dispersion,0.6475900173187256,0.911055326461792,1.2202476441860197
bike,dune_bayes,2423,dispersion,0.5243000894784927,0.7511451542377472,1.050252693891525
bike,dune_bayes,2424,dispersion,0.14810142740607263,0.2678755223751068,0.4613164260983466
bike,dune_bayes,2425,dispersion,0.13001997470855714,0.25798434019088745,0.48291330188512793
bike,dune_bayes,2426,dispersion,0.9261491179466248,1.226552665233612,1.561600488424301
bike,dune_bayes,2427,dispersion,0.6774726241827012,0.8984842002391815,1.1337435841560362
bike,dune_bayes,2428,dispersion,0.7332235008478165,0.9974899590015411,1.3037602961063384
bike,dune_bayes,2429,dispersion,0.7306007295846939,1.0336424708366394,1.3700028896331786
bike,dune_bayes,2430,dispersion,0.8465629518032074,1.1099675297737122,1.4073920905590056
bike,dune_bayes,2431,dispersion,0.14748191982507705,0.26250000298023224,0.4616680994629856
bike,dune_bayes,2432,dispersion,0.8484528303146363,1.1626132726669312,1.5148697376251221
bike,dune_bayes,2433,dispersion,0.9004428833723068,1.277766466140747,1.6840230703353876
bike,dune_bayes,2434,dispersion,0.7374348461627961,1.033865749835968,1.3941464841365814
bike,dune_bayes,2435,dispersion,0.8103444784879684,1.270584523677826,1.8509394645690918
bike,dune_bayes,2436,dispersion,0.5384292393922806,0.8079316914081573,1.1409478545188902
bike,dune_bayes,2437,dispersion,0.6467770338058472,0.9517925381660461,1.286650252342223
bike,dune_bayes,2438,dispersion,0.3021300002932549,0.47323352098464966,0.7294391125440597
bike,dune_bayes,2439,dispersion,0.18999061807990075,0.3261025696992874,0.5542850941419599
bike,dune_bayes,2440,dispersion,0.4720480516552925,0.691078394651413,1.0101774930953977
bike,dune_bayes,2441,dispersion,0.5457178294658661,0.7863055467605591,1.1126934409141533
bike,dune_bayes,2442,dispersion,0.6258861213922501,0.9569295644760132,1.3949159085750578
bike,dune_bayes,2443,dispersion,0.50351881980896,0.775743156671524,1.1252016544342036
bike,dune_bayes,2444,dispersion,0.63966663479805,0.8345734775066376,1.0733654916286468
bike,dune_bayes,2445,dispersion,0.6583783358335495,0.8712395131587982,1.101792085170746
bike,dune_bayes,2446,dispersion,0.40337384194135667,0.5956632196903229,0.8401844620704646
bike,dune_bayes,2447,dispersion,0.23518287688493728,0.44948993623256683,0.7711676388978954
bike,dune_bayes,2448,dispersion,0.24125997871160507,0.4417412132024765,0.7315341383218763
bike,dune_bayes,2449,dispersion,0.4085102990269661,0.6053809821605682,0.8462942302227018
bike,dune_bayes,2450,dispersion,1.047252607345581,1.3459011316299438,1.6826607584953306
bike,dune_bayes,2451,dispersion,1.019354099035263,1.316847324371338,1.671716958284378
bike,dune_bayes,2452,dispersion,0.8758805900812149,1.1364152431488037,1.4021442711353302
bike,dune_bayes,2453,dispersion,0.39715076684951783,0.6034820973873138,0.8613631576299663
bike,dune_bayes,2454,dispersion,0.6606667160987854,0.904649406671524,1.1703275442123413
bike,dune_bayes,2455,dispersion,0.8393537729978562,1.1835677027702332,1.577053469419479
bike,dune_bayes,2456,dispersion,1.0748226940631866,1.421387255191803,1.8151829063892362
bike,dune_bayes,2457,dispersion,0.3435657858848572,0.5469573736190796,0.8068583667278286
bike,dune_bayes,2458,dispersion,0.8345896512269974,1.1226037740707397,1.4540331602096557
bike,dune_bayes,2459,dispersion,0.8591296434402466,1.1437914967536926,1.448564779758453
bike,dune_bayes,2460,dispersion,1.011978816986084,1.344912827014923,1.7059778690338134
bike,dune_bayes,2461,dispersion,0.9726379245519639,1.3925486207008362,1.8262071430683129
bike,dune_bayes,2462,dispersion,0.25569449812173844,0.45568235218524933,0.747886925935745
bike,dune_bayes,2463,dispersion,0.23176803067326546,0.39743055403232574,0.6381575971841809
bike,dune_bayes,2464,dispersion,0.9479761332273483,1.2353351712226868,1.544639092683792
bike,dune_bayes,2465,dispersion,0.4493153065443039,0.6593809127807617,0.9144076615571973
bike,dune_bayes,2466,dispersion,0.23054492250084876,0.37528860569000244,0.6003528594970701
bike,dune_bayes,2467,dispersion,0.5413177847862244,0.7991442978382111,1.1369584858417505
bike,dune_bayes,2468,dispersion,0.34996721893548965,0.535042941570282,0.8213329195976256
bike,dune_bayes,2469,dispersion,0.08226997144520283,0.15892881155014038,0.30913855284452435
bike,dune_bayes,2470,dispersion,0.06539801880717278,0.13634005934000015,0.2848086342215538
bike,dune_bayes,2471,dispersion,0.0823320809751749,0.15977486222982407,0.30919498205184937
bike,dune_bayes,2472,dispersion,0.0790677696466446,0.1552962139248848,0.2966304779052734
bike,dune_bayes,2473,dispersion,0.13737089931964874,0.24070612341165543,0.43308328539133056
bike,dune_bayes,2474,dispersion,0.12677219659090042,0.2420526146888733,0.44401246458291976
bike,dune_bayes,2475,dispersion,0.0771208219230175,0.14801596105098724,0.2836113214492797
bike,dune_bayes,2476,dispersion,0.295948238670826,0.4857242703437805,0.7546495020389556
bike,dune_bayes,2477,dispersion,0.35039863735437393,0.5727096199989319,0.8674565643072126
bike,dune_bayes,2478,dispersion,0.7606795907020569,1.0741673707962036,1.4440704584121704
bike,dune_bayes,2479,dispersion,0.8568892508745194,1.1794549822807312,1.564587390422821
bike,dune_bayes,2480,dispersion,0.1330926835536957,0.2426583170890808,0.43499829918146127
bike,dune_bayes,2481,dispersion,0.14853701442480088,0.2549561709165573,0.437829592823982
bike,dune_bayes,2482,dispersion,0.22981433048844338,0.3702952116727829,0.5830506682395935
bike,dune_bayes,2483,dispersion,0.3940739095211029,0.5708390772342682,0.7971028983592986
bike,dune_bayes,2484,dispersion,0.6405297338962556,0.8781067728996277,1.1735217273235319
bike,dune_bayes,2485,dispersion,1.0193138003349305,1.4002883434295654,1.8099203526973722
bike,dune_bayes,2486,dispersion,0.9188064306974411,1.282956838607788,1.6788196086883542
bike,dune_bayes,2487,dispersion,0.9341922491788864,1.2930882573127747,1.7052545964717865
bike,dune_bayes,2488,dispersion,0.7151964753866196,1.073395848274231,1.4911715507507317
bike,dune_bayes,2489,dispersion,0.8705117851495743,1.2378156185150146,1.6440247237682342
bike,dune_bayes,2490,dispersion,0.7948827624320984,1.155795693397522,1.5760593175888056
bike,dune_bayes,2491,dispersion,0.8810581386089325,1.307443082332611,1.760268175601959
bike,dune_bayes,2492,dispersion,0.9332743644714355,1.2619501948356628,1.6329857945442194
bike,dune_bayes,2493,dispersion,0.1605358526110649,0.30816297233104706,0.5507040113210676
bike,dune_bayes,2494,dispersion,0.13879184201359748,0.281180277466774,0.5437679380178451
bike,dune_bayes,2495,dispersion,0.14238555505871772,0.2846953123807907,0.5470495015382765
bike,dune_bayes,2496,dispersion,0.1477452464401722,0.29004040360450745,0.5417895644903182
bike,dune_bayes,2497,dispersion,0.4223122626543045,0.6192627847194672,0.8521800726652142
bike,dune_bayes,2498,dispersion,0.40903387367725375,0.6048337817192078,0.84781494140625
bike,dune_bayes,2499,dispersion,0.5775761604309082,0.7964607179164886,1.0503849864006043
bike,dune_bayes,2500,dispersion,0.5844880849123001,0.7923397719860077,1.023657476902008
bike,dune_bayes,2501,dispersion,0.2668097674846649,0.41658757627010345,0.6419692784547805
bike,dune_bayes,2502,dispersion,0.7654950022697449,1.0198355913162231,1.304551637172699
bike,dune_bayes,2503,dispersion,0.9659119248390198,1.2606603503227234,1.576075077056884
bike,dune_bayes,2504,dispersion,1.0921164095401763,1.47883939743042,1.8951022684574126
bike,dune_bayes,2505,dispersion,0.49508039802312853,0.6972831785678864,0.9519363075494766
bike,dune_bayes,2506,dispersion,0.3485122576355934,0.5315974354743958,0.7628828138113021
bike,dune_bayes,2507,dispersion,0.2032627508044243,0.34122297167778015,0.563436049222946
bike,dune_bayes,2508,dispersion,0.27378762513399124,0.43572962284088135,0.6762726187705993
bike,dune_bayes,2509,dispersion,0.34308861643075944,0.5881940126419067,0.9758622527122492
bike,dune_bayes,2510,dispersion,0.6179259717464447,0.9032776653766632,1.2722431659698485
bike,dune_bayes,2511,dispersion,0.5940472990274429,0.8495984375476837,1.179872268438339
bike,dune_bayes,2512,dispersion,0.5198259264230728,0.7508095502853394,1.0685962975025174
bike,dune_bayes,2513,dispersion,0.13418148308992386,0.24585997313261032,0.43761477470397947
bike,dune_bayes,2514,dispersion,0.13418148308992386,0.24585997313261032,0.43761477470397947
bike,dune_bayes,2515,dispersion,0.22844777554273604,0.37243756651878357,0.6200036913156507
bike,dune_bayes,2516,dispersion,0.3021300002932549,0.47323352098464966,0.7294391125440597
bike,dune_bayes,2517,dispersion,0.5904327124357224,0.8599298000335693,1.197673964500427
bike,dune_bayes,2518,dispersion,0.5127221047878265,0.8262273371219635,1.246602833271026
bike,dune_bayes,2519,dispersion,0.35979708284139633,0.6169220805168152,1.0052718639373779
bike,dune_bayes,2520,dispersion,0.28807861953973773,0.5185909867286682,0.892268931865692
bike,dune_bayes,2521,dispersion,0.2435780368745327,0.3915104866027832,0.6382113605737686
bike,dune_bayes,2522,dispersion,0.25765443295240403,0.41996464133262634,0.6620317250490189
bike,dune_bayes,2523,dispersion,0.8766038089990617,1.1433048248291016,1.4195769369602196
bike,dune_bayes,2524,dispersion,0.972643694281578,1.249923586845398,1.553204220533371
bike,dune_bayes,2525,dispersion,0.972643694281578,1.249923586845398,1.553204220533371
bike,dune_bayes,2526,dispersion,1.0325956702232362,1.3400739431381226,1.682009655237198
bike,dune_bayes,2527,dispersion,0.7654950022697449,1.0198355913162231,1.304551637172699
bike,dune_bayes,2528,dispersion,0.37813287377357485,0.5550379157066345,0.8002726554870604
bike,dune_bayes,2529,dispersion,0.6608770191669464,0.9957244098186493,1.4031002700328827
bike,dune_bayes,2530,dispersion,0.8577787637710571,1.3318918347358704,1.87287061214447
bike,dune_bayes,2531,dispersion,0.5169671088457107,0.7926920652389526,1.141210216283798
bike,dune_bayes,2532,dispersion,0.7479139298200608,1.1108271479606628,1.5447949349880217
bike,dune_bayes,2533,dispersion,0.11442563831806182,0.2033565193414688,0.36214477270841583
bike,dune_bayes,2534,dispersion,0.43341524302959444,0.7026191055774689,1.0606507420539855
bike,dune_bayes,2535,dispersion,0.35451329201459886,0.5172234177589417,0.7497797369956969
bike,dune_bayes,2536,dispersion,0.19773909449577332,0.3212083429098129,0.5237396866083142
bike,dune_bayes,2537,dispersion,0.08631822988390923,0.16444426029920578,0.31378525644540767
bike,dune_bayes,2538,dispersion,0.24340013563632965,0.37134528160095215,0.5797594547271728
bike,dune_bayes,2539,dispersion,0.6358130276203156,0.8976474106311798,1.226365131139755
bike,dune_bayes,2540,dispersion,0.6452296197414398,1.084423840045929,1.631835347414016
bike,dune_bayes,2541,dispersion,0.6253201842308045,0.9997659027576447,1.4469155550003046
bike,dune_bayes,2542,dispersion,0.4168668508529663,0.6526625752449036,0.9767475396394729
bike,dune_bayes,2543,dispersion,0.11541960649192333,0.20152031630277634,0.3666368678212164
bike,dune_bayes,2544,dispersion,0.08993508890271187,0.16863998025655746,0.31315262317657433
bike,dune_bayes,2545,dispersion,0.16390649378299713,0.31562624871730804,0.5931286245584487
bike,dune_bayes,2546,dispersion,0.21307907700538636,0.4037042260169983,0.7213921517133711
bike,dune_bayes,2547,dispersion,0.5145004034042359,0.8033999502658844,1.1798192918300627
bike,dune_bayes,2548,dispersion,0.12700972482562065,0.25471705198287964,0.49532632231712326
bike,dune_bayes,2549,dispersion,0.07017050981521607,0.141281358897686,0.2784221187233923
bike,dune_bayes,2550,dispersion,0.07374833710491657,0.1462589129805565,0.2852766454219818
bike,dune_bayes,2551,dispersion,0.12546939700841903,0.21892797946929932,0.39372216761112205
bike,dune_bayes,2552,dispersion,0.18881971761584282,0.31680983304977417,0.5226823806762695
bike,dune_bayes,2553,dispersion,0.2382705554366112,0.40835630893707275,0.675333985686302
bike,dune_bayes,2554,dispersion,0.41289184093475345,0.59264275431633,0.8451628029346465
bike,dune_bayes,2555,dispersion,0.5824914574623108,0.8180752694606781,1.1054517269134518
bike,dune_bayes,2556,dispersion,0.5977802395820617,0.8281322419643402,1.124781304597854
bike,dune_bayes,2557,dispersion,0.11816774979233742,0.24222272634506226,0.46538817435503005
bike,dune_bayes,2558,dispersion,0.14427217096090317,0.2870609164237976,0.53583145737648
bike,dune_bayes,2559,dispersion,0.19250576570630074,0.35042814910411835,0.5951909154653549
bike,dune_bayes,2560,dispersion,0.4558191865682602,0.6563162505626678,0.8996686607599254
bike,dune_bayes,2561,dispersion,0.31487475931644443,0.537181556224823,0.8342084944248199
bike,dune_bayes,2562,dispersion,0.15528030768036843,0.30864495038986206,0.5752860218286511
bike,dune_bayes,2563,dispersion,0.4114706560969353,0.6407510638237,0.9106984168291091
bike,dune_bayes,2564,dispersion,0.31360034495592115,0.5001499801874161,0.7414534449577331
bike,dune_bayes,2565,dispersion,0.36624887883663176,0.556562066078186,0.8041932731866837
bike,dune_bayes,2566,dispersion,0.29711454957723615,0.48128069937229156,0.7437645852565765
bike,dune_bayes,2567,dispersion,0.23725122809410096,0.412433460354805,0.676002538204193
bike,dune_bayes,2568,dispersion,0.15054020881652833,0.27632611989974976,0.4901510030031201
bike,dune_bayes,2569,dispersion,0.14046742022037506,0.25727811455726624,0.45707169622182797
bike,dune_bayes,2570,dispersion,0.09722446203231812,0.1958378255367279,0.3824042126536368
bike,dune_bayes,2571,dispersion,0.22094325944781304,0.3861667364835739,0.637321412563324
bike,dune_bayes,2572,dispersion,0.3619712471961975,0.5721442401409149,0.8340898990631103
bike,dune_bayes,2573,dispersion,0.6193097263574601,0.8651752471923828,1.1410753548145292
bike,dune_bayes,2574,dispersion,0.09030366875231266,0.17497775703668594,0.33455674648284905
bike,dune_bayes,2575,dispersion,0.10427401922643185,0.1924390122294426,0.3631843805313108
bike,dune_bayes,2576,dispersion,0.25554688572883605,0.4011155217885971,0.6248925805091857
bike,dune_bayes,2577,dispersion,0.24812798872590067,0.401967316865921,0.6309150785207748
bike,dune_bayes,2578,dispersion,0.26518826335668566,0.41988731920719147,0.6446142405271529
bike,dune_bayes,2579,dispersion,0.29107519835233686,0.43960022926330566,0.6631225466728206
bike,dune_bayes,2580,dispersion,0.08261463642120362,0.15084527432918549,0.2812774240970611
bike,dune_bayes,2581,dispersion,0.6488316386938096,1.0555201172828674,1.546981835365295
bike,dune_bayes,2582,dispersion,0.06493800170719624,0.12871601432561874,0.25359073281288136
bike,dune_bayes,2583,dispersion,0.43402150124311445,0.7176612019538879,1.1259978771209715
bike,dune_bayes,2584,dispersion,0.06848257407546043,0.13144893199205399,0.2526427209377288
bike,dune_bayes,2585,dispersion,0.06420040503144264,0.12442628294229507,0.24303124696016312
bike,dune_bayes,2586,dispersion,0.05695779751986265,0.11283907294273376,0.22532352358102797
bike,dune_bayes,2587,dispersion,0.3004830777645111,0.5030120611190796,0.8024520814418792
bike,dune_bayes,2588,dispersion,0.10229522921144962,0.1912691742181778,0.3575175359845158
bike,dune_bayes,2589,dispersion,0.109133667871356,0.19793768972158432,0.35508906692266445
bike,dune_bayes,2590,dispersion,0.1852484680712223,0.31228749454021454,0.5229436933994291
bike,dune_bayes,2591,dispersion,0.26518826335668566,0.41988731920719147,0.6446142405271529
bike,dune_bayes,2592,dispersion,0.3804865390062332,0.6215761601924896,0.9485912948846816
bike,dune_bayes,2593,dispersion,0.19773909449577332,0.3212083429098129,0.5237396866083142
bike,dune_bayes,2594,dispersion,0.0989814568310976,0.18582289665937424,0.3394741132855415
bike,dune_bayes,2595,dispersion,0.11392184458673,0.22867199033498764,0.44330835342407215
bike,dune_bayes,2596,dispersion,0.20217234119772912,0.3787519037723541,0.6574312776327131
bike,dune_bayes,2597,dispersion,0.17271209061145784,0.3280288130044937,0.6105321675539014
bike,dune_bayes,2598,dispersion,0.12326765097677708,0.24396728724241257,0.4740243077278136
bike,dune_bayes,2599,dispersion,0.0581695320084691,0.11493514850735664,0.2278322711586952
bike,dune_bayes,2600,dispersion,0.0797632284462452,0.14331357926130295,0.2732595786452293
bike,dune_bayes,2601,dispersion,0.15426666364073754,0.2631828337907791,0.44396782368421533
bike,dune_bayes,2602,dispersion,0.2720243722200394,0.44131796061992645,0.6804188787937164
bike,dune_bayes,2603,dispersion,0.23782743364572526,0.3853495866060257,0.5970772594213486
bike,dune_bayes,2604,dispersion,0.3804865390062332,0.6215761601924896,0.9485912948846816
bike,dune_bayes,2605,dispersion,0.15124706849455832,0.253411203622818,0.4255221560597417
bike,dune_bayes,2606,dispersion,0.08631822988390923,0.16444426029920578,0.31378525644540767
bike,dune_bayes,2607,dispersion,0.09864129088819028,0.17922379076480865,0.3281303748488425
bike,dune_bayes,2608,dispersion,0.1247270043939352,0.2128852754831314,0.370522078871727
bike,dune_bayes,2609,dispersion,0.2764503613114357,0.4229709655046463,0.6321251571178436
bike,dune_bayes,2610,dispersion,0.24873933643102647,0.38343098759651184,0.5923925817012785
bike,dune_bayes,2611,dispersion,0.5124324798583985,0.7360817790031433,1.0105623781681061
bike,dune_bayes,2612,dispersion,0.45537108033895496,0.6561887264251709,0.9094965279102325
bike,dune_bayes,2613,dispersion,0.20025799795985222,0.33175911009311676,0.5466196328401566
bike,dune_bayes,2614,dispersion,0.13848030418157578,0.2480815052986145,0.4371378198266029
bike,dune_bayes,2615,dispersion,0.09905706346035004,0.18877051770687103,0.3620467141270637
bike,dune_bayes,2616,dispersion,0.09493930228054523,0.193612203001976,0.38369268178939814
bike,dune_bayes,2617,dispersion,0.10426376089453697,0.18795950710773468,0.33955585509538644
bike,dune_bayes,2618,dispersion,0.2653324410319328,0.46072055399417877,0.7360332876443862
bike,dune_bayes,2619,dispersion,0.3860095515847206,0.6440742909908295,0.9911528706550594
bike,dune_bayes,2620,dispersion,0.26925004869699476,0.4682139605283737,0.7691396623849869
bike,dune_bayes,2621,dispersion,0.1672259107232094,0.2931022047996521,0.48801017254590984
bike,dune_bayes,2622,dispersion,0.06673979237675667,0.1286482736468315,0.2585071101784704
bike,dune_bayes,2623,dispersion,0.2330320194363594,0.4313805550336838,0.7614183813333512
bike,dune_bayes,2624,dispersion,0.23724397942423822,0.3970112204551697,0.6329461455345153
bike,dune_bayes,2625,dispersion,0.3617349356412888,0.6092934608459473,0.9815844625234603
bike,dune_bayes,2626,dispersion,0.8396756172180175,1.1827179193496704,1.5742752492427825
bike,dune_bayes,2627,dispersion,0.8280257076025009,1.1633684635162354,1.5384599745273588
bike,dune_bayes,2628,dispersion,0.28948095440864563,0.43775103986263275,0.6524153232574461
bike,dune_bayes,2629,dispersion,0.22837418243288993,0.3744659870862961,0.5951699703931806
bike,dune_bayes,2630,dispersion,0.31301261484622955,0.4707484245300293,0.700724300742149
bike,dune_bayes,2631,dispersion,0.7593031406402588,1.1615529656410217,1.646045285463333
bike,dune_bayes,2632,dispersion,0.6612784057855606,0.9665496349334717,1.3394593656063079
bike,dune_bayes,2633,dispersion,0.36892107874155045,0.5395827293395996,0.7774812012910842
bike,dune_bayes,2634,dispersion,0.1769719921052456,0.29162226617336273,0.48497122228145584
bike,dune_bayes,2635,dispersion,0.20792348682880402,0.3351109176874161,0.5397253602743148
bike,dune_bayes,2636,dispersion,0.9343632698059082,1.3161113262176514,1.7252772212028502
bike,dune_bayes,2637,dispersion,0.1486393548548222,0.25083985924720764,0.43623577356338494
bike,dune_bayes,2638,dispersion,0.13060290813446046,0.2372979074716568,0.4205047249794005
bike,dune_bayes,2639,dispersion,0.26518826335668566,0.41988731920719147,0.6446142405271529
bike,dune_bayes,2640,dispersion,0.38228585124015807,0.5577717125415802,0.7873948484659195
bike,dune_bayes,2641,dispersion,0.5327499717473984,0.8201140463352203,1.1836400330066679
bike,dune_bayes,2642,dispersion,0.5733954846858978,0.8089190423488617,1.0998586237430572
bike,dune_bayes,2643,dispersion,0.15928330644965172,0.2830490171909332,0.4888530477881431
bike,dune_bayes,2644,dispersion,0.14466207325458527,0.25850810110569,0.45371826738119125
bike,dune_bayes,2645,dispersion,0.36284337788820265,0.5859880149364471,0.8991106688976287
bike,dune_bayes,2646,dispersion,0.25245447754859923,0.43564216792583466,0.7128915816545486
bike,dune_bayes,2647,dispersion,0.1399003177881241,0.24411294609308243,0.4279341280460356
bike,dune_bayes,2648,dispersion,0.25195990949869157,0.40643496811389923,0.6445909082889556
bike,dune_bayes,2649,dispersion,0.5379650384187699,0.8619638979434967,1.2539625406265253
bike,dune_bayes,2650,dispersion,0.3198692470788956,0.5402955710887909,0.8675887256860731
bike,dune_bayes,2651,dispersion,0.2584667518734932,0.43901897966861725,0.7301250010728834
bike,dune_bayes,2652,dispersion,0.6022395730018616,0.985532134771347,1.4913168668746943
bike,dune_bayes,2653,dispersion,0.28912410885095596,0.49099019169807434,0.7806648641824722
bike,dune_bayes,2654,dispersion,0.11042461320757865,0.20752780139446259,0.378313100337982
bike,dune_bayes,2655,dispersion,0.06632249951362611,0.12802983075380325,0.24860439375042911
bike,dune_bayes,2656,dispersion,0.3787271350622177,0.6825837790966034,1.0634198307991027
bike,dune_bayes,2657,dispersion,0.4251130223274231,0.7058911919593811,1.073723769187927
bike,dune_bayes,2658,dispersion,0.7700068533420563,1.0975194573402405,1.5012613713741303
bike,dune_bayes,2659,dispersion,0.29550802856683733,0.4879010319709778,0.7819504231214519
bike,dune_bayes,2660,dispersion,0.14069887697696687,0.23414647579193115,0.3986597791314125
bike,dune_bayes,2661,dispersion,0.3397198423743248,0.5176606178283691,0.7678208410739898
bike,dune_bayes,2662,dispersion,0.5597751498222351,0.8420477509498596,1.197375190258026
bike,dune_bayes,2663,dispersion,0.09953131377696992,0.1821320727467537,0.32965735048055644
bike,dune_bayes,2664,dispersion,0.10023264959454536,0.18181943893432617,0.33338661789894086
bike,dune_bayes,2665,dispersion,0.46952188163995745,0.6889088451862335,0.98509681224823
bike,dune_bayes,2666,dispersion,0.3567729488015175,0.5488719940185547,0.7982237994670865
bike,dune_bayes,2667,dispersion,0.10401169806718827,0.18567335605621338,0.3421321809291839
bike,dune_bayes,2668,dispersion,0.4702607050538063,0.7112447023391724,1.0196453630924223
bike,dune_bayes,2669,dispersion,0.5595367103815079,0.8332790434360504,1.1815533816814423
bike,dune_bayes,2670,dispersion,0.5071447551250458,0.7353704273700714,1.035280215740204
bike,dune_bayes,2671,dispersion,0.31894767135381696,0.4718847721815109,0.6936506152153014
bike,dune_bayes,2672,dispersion,0.16562819108366966,0.2761187255382538,0.46498253941535944
bike,dune_bayes,2673,dispersion,0.13586812242865562,0.2326531782746315,0.40065007060766217
bike,dune_bayes,2674,dispersion,0.8216725885868073,1.1815770268440247,1.5938920319080352
bike,dune_bayes,2675,dispersion,0.8826826184988021,1.2860793471336365,1.7307136595249175
bike,dune_bayes,2676,dispersion,0.8714987933635712,1.2363420724868774,1.6596306085586545
bike,dune_bayes,2677,dispersion,0.6749739855527878,0.9930695295333862,1.3835218489170074
bike,dune_bayes,2678,dispersion,0.7037136673927307,1.0119662284851074,1.382286190986633
bike,dune_bayes,2679,dispersion,0.8253080010414123,1.1603114604949951,1.5325837612152096
bike,dune_bayes,2680,dispersion,0.8659268915653229,1.208423376083374,1.5837989866733548
bike,dune_bayes,2681,dispersion,0.6103570014238358,0.9852417707443237,1.4157841920852658
bike,dune_bayes,2682,dispersion,0.6865440160036087,1.105423629283905,1.5450670421123502
bike,dune_bayes,2683,dispersion,0.7334324002265931,1.162055492401123,1.694960629940033
bike,dune_bayes,2684,dispersion,0.8860144466161728,1.3148058652877808,1.7671704769134509
bike,dune_bayes,2685,dispersion,0.7465951889753342,1.0938634872436523,1.51691957116127
bike,dune_bayes,2686,dispersion,0.567843708395958,0.8385079503059387,1.1824639141559599
bike,dune_bayes,2687,dispersion,0.37813287377357485,0.5550379157066345,0.8002726554870604
bike,dune_bayes,2688,dispersion,0.39864410609006884,0.5801669657230377,0.823128542304039
bike,dune_bayes,2689,dispersion,0.7552535384893417,1.0672534108161926,1.4253080666065214
bike,dune_bayes,2690,dispersion,0.8396756172180175,1.1827179193496704,1.5742752492427825
bike,dune_bayes,2691,dispersion,0.20317686945199967,0.3518728166818619,0.5984591841697692
bike,dune_bayes,2692,dispersion,0.2261640675365925,0.3529263436794281,0.5404483705759047
bike,dune_bayes,2693,dispersion,0.1868602514266968,0.31591807305812836,0.508785992860794
bike,dune_bayes,2694,dispersion,0.4626875534653664,0.6714622676372528,0.9544763863086698
bike,dune_bayes,2695,dispersion,0.4449326768517494,0.6404392123222351,0.9034696459770201
bike,dune_bayes,2696,dispersion,0.43486565798521043,0.630634993314743,0.8948056161403654
bike,dune_bayes,2697,dispersion,0.3405480459332466,0.5039625763893127,0.7514962822198867
bike,dune_bayes,2698,dispersion,0.5869676291942596,0.8049216568470001,1.0707794845104217
bike,dune_bayes,2699,dispersion,0.13719993606209754,0.25245609879493713,0.44754236489534355
bike,dune_bayes,2700,dispersion,0.1426604777574539,0.2812034636735916,0.5225812852382657
bike,dune_bayes,2701,dispersion,0.7415676325559616,1.0172667503356934,1.3317752838134764
bike,dune_bayes,2702,dispersion,0.6184847742319107,0.8802337646484375,1.203202211856842
bike,dune_bayes,2703,dispersion,0.1637066960334778,0.268917053937912,0.4383270755410194
bike,dune_bayes,2704,dispersion,0.09819846339523793,0.17392560094594955,0.3107676997780798
bike,dune_bayes,2705,dispersion,0.5595367103815079,0.8332790434360504,1.1815533816814423
bike,dune_bayes,2706,dispersion,0.5561817348003387,0.7835035622119904,1.0641134679317474
bike,dune_bayes,2707,dispersion,0.4355951860547066,0.6670910120010376,0.9757779985666274
bike,dune_bayes,2708,dispersion,0.14533961042761803,0.24222904443740845,0.407478719949722
bike,dune_bayes,2709,dispersion,0.13310138136148453,0.22598623484373093,0.3872053667902943
bike,dune_bayes,2710,dispersion,0.1247270043939352,0.2128852754831314,0.370522078871727
bike,dune_bayes,2711,dispersion,0.43341524302959444,0.7026191055774689,1.0606507420539855
bike,dune_bayes,2712,dispersion,0.2749231427907944,0.4609714299440384,0.7353825688362121
bike,dune_bayes,2713,dispersion,0.4736588597297669,0.7876690924167633,1.18472067117691
bike,dune_bayes,2714,dispersion,0.38847980797290804,0.6309614777565002,0.9770411550998687
bike,dune_bayes,2715,dispersion,0.08987471982836723,0.16691339015960693,0.30806120634078965
bike,dune_bayes,2716,dispersion,0.09580402486026288,0.17558642476797104,0.32919936329126354
bike,dune_bayes,2717,dispersion,0.5567574948072433,0.9157250225543976,1.3466963112354278
bike,dune_bayes,2718,dispersion,0.2762289479374886,0.49543382227420807,0.8435230880975723
bike,dune_bayes,2719,dispersion,0.11579708270728588,0.21320858597755432,0.39325290173292154
bike,dune_bayes,2720,dispersion,0.6606577694416046,1.021327555179596,1.4574190378189085
bike,dune_bayes,2721,dispersion,0.8313783377408981,1.2786736488342285,1.7828470170497894
bike,dune_bayes,2722,dispersion,0.27239861339330673,0.42548976838588715,0.6414754569530485
bike,dune_bayes,2723,dispersion,0.1774441920220852,0.2920357882976532,0.48066255301237104
bike,dune_bayes,2724,dispersion,0.8568825602531434,1.222112774848938,1.657054716348648
bike,dune_bayes,2725,dispersion,0.8568825602531434,1.222112774848938,1.657054716348648
bike,dune_bayes,2726,dispersion,0.9055720448493958,1.2727681994438171,1.6843012630939478
bike,dune_bayes,2727,dispersion,0.8568892508745194,1.1794549822807312,1.564587390422821
bike,dune_bayes,2728,dispersion,0.5099883884191513,0.7601694166660309,1.0702199816703795
bike,dune_bayes,2729,dispersion,0.5595367103815079,0.8332790434360504,1.1815533816814423
bike,dune_bayes,2730,dispersion,0.8568825602531434,1.222112774848938,1.657054716348648
bike,dune_bayes,2731,dispersion,0.8313783377408981,1.2786736488342285,1.7828470170497894
bike,dune_bayes,2732,dispersion,0.25367227047681806,0.42842917144298553,0.701158308982849
bike,dune_bayes,2733,dispersion,0.16354855000972748,0.271904394030571,0.45712554007768613
bike,dune_bayes,2734,dispersion,0.6475900173187256,0.911055326461792,1.2202476441860197
bike,dune_bayes,2735,dispersion,0.6612784057855606,0.9665496349334717,1.3394593656063079
bike,dune_bayes,2736,dispersion,0.47103533148765564,0.7055716216564178,1.0103583931922913
bike,dune_bayes,2737,dispersion,0.15404746532440186,0.2561699450016022,0.4263872608542442
bike,dune_bayes,2738,dispersion,0.42416159659624103,0.6152113378047943,0.8638345897197721
bike,dune_bayes,2739,dispersion,0.4513636499643326,0.6616071164608002,0.9545539855957029
bike,dune_bayes,2740,dispersion,0.4140350580215454,0.7078072130680084,1.101703268289566
bike,dune_bayes,2741,dispersion,0.0742573630064726,0.14543434977531433,0.28285289853811263
bike,dune_bayes,2742,dispersion,0.18135727047920228,0.304535374045372,0.5006600141525267
bike,dune_bayes,2743,dispersion,0.32370851933956146,0.5403075218200684,0.8306978881359095
bike,dune_bayes,2744,dispersion,0.24747711047530174,0.4299582839012146,0.6857850015163419
bike,dune_bayes,2745,dispersion,0.6117965519428253,0.8917271196842194,1.2409497976303099
bike,dune_bayes,2746,dispersion,0.705895259976387,1.1019864678382874,1.5868741631507872
bike,dune_bayes,2747,dispersion,0.505436646938324,0.7214412093162537,0.9982383102178566
bike,dune_bayes,2748,dispersion,0.43442236483097074,0.6462322473526001,0.9380437374114988
bike,dune_bayes,2749,dispersion,0.17321605384349822,0.2887696772813797,0.4812679931521413
bike,dune_bayes,2750,dispersion,0.42983624786138536,0.6300018727779388,0.9104763478040695
bike,dune_bayes,2751,dispersion,0.6615808933973313,0.9427669942378998,1.2925172150135036
bike,dune_bayes,2752,dispersion,0.6615808933973313,0.9427669942378998,1.2925172150135036
bike,dune_bayes,2753,dispersion,0.4355951860547066,0.6670910120010376,0.9757779985666274
bike,dune_bayes,2754,dispersion,0.25268476009368895,0.39717842638492584,0.6091137081384658
bike,dune_bayes,2755,dispersion,0.3937996312975883,0.5811318755149841,0.8397727966308589
bike,dune_bayes,2756,dispersion,0.663527324795723,1.038793921470642,1.5214371621608733
bike,dune_bayes,2757,dispersion,0.663527324795723,1.038793921470642,1.5214371621608733
bike,dune_bayes,2758,dispersion,0.8188620805740356,1.1780120730400085,1.603087937831878
bike,dune_bayes,2759,dispersion,0.2217227838933468,0.3491840660572052,0.5482947289943695
bike,dune_bayes,2760,dispersion,0.45537108033895496,0.6561887264251709,0.9094965279102325
bike,dune_bayes,2761,dispersion,0.614594680070877,0.9112494885921478,1.2809098780155181
bike,dune_bayes,2762,dispersion,0.56290602684021,0.8168843388557434,1.1423278987407683
bike,dune_bayes,2763,dispersion,0.7111769109964371,1.025027871131897,1.4172627329826355
bike,dune_bayes,2764,dispersion,0.800300121307373,1.1642746925354004,1.6000023901462554
bike,dune_bayes,2765,dispersion,0.10047972947359085,0.18429701030254364,0.3345451489090919
bike,dune_bayes,2766,dispersion,0.24340013563632965,0.37134528160095215,0.5797594547271728
bike,dune_bayes,2767,dispersion,0.656981211900711,0.8978980183601379,1.1836206614971159
bike,dune_bayes,2768,dispersion,0.6585054725408555,0.9260150492191315,1.247769391536712
bike,dune_bayes,2769,dispersion,0.8743226319551468,1.2772889733314514,1.7090859293937684
bike,dune_bayes,2770,dispersion,0.39350390881299974,0.6041432023048401,0.870062655210495
bike,dune_bayes,2771,dispersion,0.27049178779125216,0.43051178753376007,0.6499154984951019
bike,dune_bayes,2772,dispersion,0.5702848166227341,0.8126445412635803,1.1250183880329128
bike,dune_bayes,2773,dispersion,0.5015571266412735,0.7892161309719086,1.1511259198188781
bike,dune_bayes,2774,dispersion,0.6617352992296219,1.0492023229599,1.4962385892868029
bike,dune_bayes,2775,dispersion,0.30184107422828677,0.5071214437484741,0.8174618035554885
bike,dune_bayes,2776,dispersion,0.21040428429841995,0.3479648232460022,0.5609375834465025
bike,dune_bayes,2777,dispersion,0.6126580834388733,1.00601327419281,1.487312090396881
bike,dune_bayes,2778,dispersion,0.6412648528814315,0.9990127980709076,1.4355378389358517
bike,dune_bayes,2779,dispersion,0.5086301237344742,0.7867221236228943,1.1582520842552184
bike,dune_bayes,2780,dispersion,0.45484564304351804,0.7009145319461823,1.035927528142929
bike,dune_bayes,2781,dispersion,0.2804259419441223,0.43876947462558746,0.6890357762575148
bike,dune_bayes,2782,dispersion,0.16719129905104638,0.3225915879011154,0.6015441805124282
bike,dune_bayes,2783,dispersion,0.2040155664086342,0.3561740219593048,0.6180008322000501
bike,dune_bayes,2784,dispersion,0.344944404065609,0.5926363170146942,0.9558589220046997
bike,dune_bayes,2785,dispersion,0.6203566819429398,0.8855748176574707,1.193923807144165
bike,dune_bayes,2786,dispersion,0.7329935520887375,1.0220171213150024,1.3354248166084286
bike,dune_bayes,2787,dispersion,0.38700020760297776,0.5618922710418701,0.7983859837055206
bike,dune_bayes,2788,dispersion,0.6338195145130158,0.8949783444404602,1.1961485624313355
bike,dune_bayes,2789,dispersion,0.7713402211666107,1.1040262579917908,1.485615932941436
bike,dune_bayes,2790,dispersion,0.8849161833524705,1.2153096199035645,1.5870412230491637
bike,dune_bayes,2791,dispersion,0.8568825602531434,1.222112774848938,1.657054716348648
bike,dune_bayes,2792,dispersion,0.6606577694416046,1.021327555179596,1.4574190378189085
bike,dune_bayes,2793,dispersion,0.7144661962985992,1.0438804030418396,1.438479173183441
bike,dune_bayes,2794,dispersion,0.3415641397237778,0.5047737956047058,0.7552513271570204
bike,dune_bayes,2795,dispersion,0.6677789658308029,0.9127792716026306,1.202050483226776
bike,dune_bayes,2796,dispersion,0.20792348682880402,0.3351109176874161,0.5397253602743148
bike,dune_bayes,2797,dispersion,0.22266992628574372,0.36658285558223724,0.5721129447221756
bike,dune_bayes,2798,dispersion,0.45012022852897643,0.6427136659622192,0.8844902098178863
bike,dune_bayes,2799,dispersion,0.7004404127597809,0.9442186951637268,1.2292058408260342
bike,dune_bayes,2800,dispersion,0.13060290813446046,0.2372979074716568,0.4205047249794005
bike,dune_bayes,2801,dispersion,0.13375865742564202,0.26268133521080017,0.49568428993225083
bike,dune_bayes,2802,dispersion,0.18918585702776908,0.33510781824588776,0.5679302126169201
bike,dune_bayes,2803,dispersion,0.66031733751297,0.9214431941509247,1.2270658075809477
bike,dune_bayes,2804,dispersion,0.9049594521522522,1.2293607592582703,1.6016492724418638
bike,dune_bayes,2805,dispersion,0.14293978065252305,0.24266086518764496,0.4149244070053099
bike,dune_bayes,2806,dispersion,0.09063605889678002,0.18005777895450592,0.3483331441879271
bike,dune_bayes,2807,dispersion,0.8280257076025009,1.1633684635162354,1.5384599745273588
bike,dune_bayes,2808,dispersion,0.6941498577594757,1.1271820664405823,1.6373159348964688
bike,dune_bayes,2809,dispersion,0.6693725645542145,1.0398898720741272,1.4765568375587463
bike,dune_bayes,2810,dispersion,0.37874082922935487,0.5971831977367401,0.8933676481246947
bike,dune_bayes,2811,dispersion,0.19533922076225282,0.37295158207416534,0.6750511676073074
bike,dune_bayes,2812,dispersion,0.11854373849928379,0.21434959024190903,0.39359481036663024
bike,dune_bayes,2813,dispersion,0.1113096110522747,0.20563266426324844,0.37674265354871744
bike,dune_bayes,2814,dispersion,0.11279142685234547,0.2108340859413147,0.3825209438800812
bike,dune_bayes,2815,dispersion,0.32588192969560625,0.5241510570049286,0.8327074289321897
bike,dune_bayes,2816,dispersion,0.5145004034042359,0.8033999502658844,1.1798192918300627
bike,dune_bayes,2817,dispersion,0.6427817612886428,1.0177216529846191,1.4764271259307862
bike,dune_bayes,2818,dispersion,0.9778869032859803,1.4256173372268677,1.9418178021907806
bike,dune_bayes,2819,dispersion,0.6197545230388641,0.8757583796977997,1.1875774562358856
bike,dune_bayes,2820,dispersion,0.37209451496601104,0.5456368923187256,0.7933382183313369
bike,dune_bayes,2821,dispersion,0.8659268915653229,1.208423376083374,1.5837989866733548
bike,dune_bayes,2822,dispersion,0.9778869032859803,1.4256173372268677,1.9418178021907806
bike,dune_bayes,2823,dispersion,1.0391885876655578,1.426862120628357,1.8345286846160886
bike,dune_bayes,2824,dispersion,1.048894613981247,1.4199124574661255,1.8117136478424072
bike,dune_bayes,2825,dispersion,0.36284337788820265,0.5859880149364471,0.8991106688976287
bike,dune_bayes,2826,dispersion,0.7764388144016265,1.1673223972320557,1.5968253135681147
bike,dune_bayes,2827,dispersion,0.8926502138376237,1.3080502152442932,1.786609798669815
bike,dune_bayes,2828,dispersion,0.8926502138376237,1.3080502152442932,1.786609798669815
bike,dune_bayes,2829,dispersion,0.8203422665596009,1.2118732333183289,1.6364254832267757
bike,dune_bayes,2830,dispersion,0.8926502138376237,1.3080502152442932,1.786609798669815
bike,dune_bayes,2831,dispersion,0.7991162091493607,1.117092788219452,1.4800284981727598
bike,dune_bayes,2832,dispersion,0.23151511624455454,0.3811885416507721,0.6088516235351562
bike,dune_bayes,2833,dispersion,0.21237578317523004,0.356607049703598,0.5867341697216034
bike,dune_bayes,2834,dispersion,0.947056895494461,1.334458827972412,1.7555455744266506
bike,dune_bayes,2835,dispersion,0.17045434713363647,0.31875765323638916,0.5604690968990319
bike,dune_bayes,2836,dispersion,0.20025799795985222,0.33175911009311676,0.5466196328401566
bike,dune_bayes,2837,dispersion,0.29546568244695665,0.4827270805835724,0.7353431344032287
bike,dune_bayes,2838,dispersion,0.21048536971211435,0.3586714267730713,0.5983297020196914
bike,dune_bayes,2839,dispersion,0.4986353173851967,0.711442232131958,0.9707422405481337
bike,dune_bayes,2840,dispersion,0.4645277872681618,0.729086697101593,1.0792904317378997
bike,dune_bayes,2841,dispersion,0.5970486104488373,0.9377348721027374,1.3490225732326504
bike,dune_bayes,2842,dispersion,0.6320287764072419,1.036797285079956,1.5083847761154172
bike,dune_bayes,2843,dispersion,0.43959488719701767,0.7885416746139526,1.224229872226715
bike,dune_bayes,2844,dispersion,0.6488316386938096,1.0555201172828674,1.546981835365295
bike,dune_bayes,2845,dispersion,0.9734707415103913,1.383575677871704,1.83186627626419
bike,dune_bayes,2846,dispersion,0.9319034427404403,1.3861318826675415,1.900820922851562
bike,dune_bayes,2847,dispersion,0.3822980895638466,0.6186048090457916,0.9467345625162124
bike,dune_bayes,2848,dispersion,0.20552403554320336,0.34339021146297455,0.5624450385570524
bike,dune_bayes,2849,dispersion,0.2286524787545204,0.3533898591995239,0.5428814202547071
bike,dune_bayes,2850,dispersion,0.8743226319551468,1.2772889733314514,1.7090859293937684
bike,dune_bayes,2851,dispersion,0.8593323528766632,1.2396413087844849,1.6536620080471038
bike,dune_bayes,2852,dispersion,0.11392434686422348,0.20878726989030838,0.38044269233942024
bike,dune_bayes,2853,dispersion,0.15816170051693917,0.2668653428554535,0.4566186562180518
bike,dune_bayes,2854,dispersion,0.22773824557662012,0.36553898453712463,0.5932936429977417
bike,dune_bayes,2855,dispersion,0.27120105028152464,0.4471805989742279,0.6965415358543391
bike,dune_bayes,2856,dispersion,0.6768229365348816,1.02688866853714,1.430531847476959
bike,dune_bayes,2857,dispersion,0.8331709980964661,1.1355077624320984,1.457339686155319
bike,dune_bayes,2858,dispersion,0.8595005452632904,1.1269044280052185,1.4298055708408353
bike,dune_bayes,2859,dispersion,0.1925101451575756,0.352588027715683,0.6063151687383648
bike,dune_bayes,2860,dispersion,0.21775791719555854,0.3912343382835388,0.6608859986066816
bike,dune_bayes,2861,dispersion,0.18918585702776908,0.33510781824588776,0.5679302126169201
bike,dune_bayes,2862,dispersion,0.17707095816731452,0.31070828437805176,0.5234160631895063
bike,dune_bayes,2863,dispersion,0.2095162332057953,0.34635159373283386,0.5735099285840988
bike,dune_bayes,2864,dispersion,0.7764388144016265,1.1673223972320557,1.5968253135681147
bike,dune_bayes,2865,dispersion,0.1660216197371483,0.2837114483118057,0.4826942682266234
bike,dune_bayes,2866,dispersion,0.9343632698059082,1.3161113262176514,1.7252772212028502
bike,dune_bayes,2867,dispersion,0.9259382486343384,1.2945088744163513,1.7099878549575804
bike,dune_bayes,2868,dispersion,0.9281906902790069,1.3440815806388855,1.79626806974411
bike,dune_bayes,2869,dispersion,0.5195532143115997,0.8371020257472992,1.2281502068042751
bike,dune_bayes,2870,dispersion,0.38649127036333086,0.5914444029331207,0.8486470639705651
bike,dune_bayes,2871,dispersion,0.10896802954375745,0.1949564516544342,0.35218083709478365
bike,dune_bayes,2872,dispersion,0.4260695487260819,0.6974188983440399,1.074794888496399
bike,dune_bayes,2873,dispersion,0.5418281733989716,0.9329513311386108,1.439118337631225
bike,dune_bayes,2874,dispersion,0.15948241502046584,0.27274827659130096,0.4587918713688848
bike,dune_bayes,2875,dispersion,0.11788796596229077,0.20908232033252716,0.37946477383375143
bike,dune_bayes,2876,dispersion,0.13647356629371643,0.2654481530189514,0.509450080990791
bike,dune_bayes,2877,dispersion,0.6299333691596984,1.0899734497070312,1.6569554805755609
bike,dune_bayes,2878,dispersion,0.6440848469734192,1.112717628479004,1.7026187896728506
bike,dune_bayes,2879,dispersion,0.5679268896579742,0.9995225965976715,1.5501573741436
bike,dune_bayes,2880,dispersion,0.3655875474214554,0.6135452389717102,0.9431153625249862
bike,dune_bayes,2881,dispersion,0.22869217544794082,0.3779328316450119,0.6048169970512389
bike,dune_bayes,2882,dispersion,0.27140986174345016,0.4445520043373108,0.6983737409114836
bike,dune_bayes,2883,dispersion,0.3066984131932259,0.5142847001552582,0.7950364500284195
bike,dune_bayes,2884,dispersion,0.5362789869308472,0.8748797476291656,1.3215206384658813
bike,dune_bayes,2885,dispersion,0.6997991025447845,1.016811192035675,1.4051457583904265
bike,dune_bayes,2886,dispersion,0.8826826184988021,1.2860793471336365,1.7307136595249175
bike,dune_bayes,2887,dispersion,0.8577787637710571,1.3318918347358704,1.87287061214447
bike,dune_bayes,2888,dispersion,0.8210266172885895,1.2199183106422424,1.6490325927734373
bike,dune_bayes,2889,dispersion,0.18550612032413483,0.3350132405757904,0.5547148734331131
bike,dune_bayes,2890,dispersion,0.4019597351551056,0.631686806678772,0.9179280787706373
bike,dune_bayes,2891,dispersion,0.46885349303483964,0.6761698722839355,0.9509362488985057
bike,dune_bayes,2892,dispersion,0.5336178809404373,0.7759913802146912,1.085179704427719
bike,dune_bayes,2893,dispersion,0.351353569328785,0.5205512046813965,0.7574462026357649
bike,dune_bayes,2894,dispersion,0.24609569907188417,0.3961901068687439,0.60944407582283
bike,dune_bayes,2895,dispersion,0.4513636499643326,0.6616071164608002,0.9545539855957029
bike,dune_bayes,2896,dispersion,0.4047103151679039,0.5911604762077332,0.8470850795507429
bike,dune_bayes,2897,dispersion,0.5263705909252167,0.7754024863243103,1.0813406586647032
bike,dune_bayes,2898,dispersion,0.6957585483789445,1.0169313549995422,1.4074415326118466
bike,dune_bayes,2899,dispersion,0.663527324795723,1.038793921470642,1.5214371621608733
bike,dune_bayes,2900,dispersion,0.7377333462238311,1.1669495105743408,1.6555445611476893
bike,dune_bayes,2901,dispersion,0.7479139298200608,1.1108271479606628,1.5447949349880217
bike,dune_bayes,2902,dispersion,0.8833393961191177,1.2911528944969177,1.716151958703994
bike,dune_bayes,2903,dispersion,0.6360979378223419,0.9232643842697144,1.269436991214752
bike,dune_bayes,2904,dispersion,0.505436646938324,0.7214412093162537,0.9982383102178566
bike,dune_bayes,2905,dispersion,0.9259382486343384,1.2945088744163513,1.7099878549575804
bike,dune_bayes,2906,dispersion,0.9259382486343384,1.2945088744163513,1.7099878549575804
bike,dune_bayes,2907,dispersion,0.9343632698059082,1.3161113262176514,1.7252772212028502
bike,dune_bayes,2908,dispersion,0.9541259825229644,1.4356001019477844,1.9699707388877854
bike,dune_bayes,2909,dispersion,0.9541259825229644,1.4356001019477844,1.9699707388877854
bike,dune_bayes,2910,dispersion,0.8530508369207382,1.2136524319648743,1.6220975697040554
bike,dune_bayes,2911,dispersion,0.7111769109964371,1.025027871131897,1.4172627329826355
bike,dune_bayes,2912,dispersion,0.6117965519428253,0.8917271196842194,1.2409497976303099
bike,dune_bayes,2913,dispersion,0.2633193120360374,0.4072611778974533,0.6088874638080595
bike,dune_bayes,2914,dispersion,0.3384310871362686,0.5030484795570374,0.7474043399095532
bike,dune_bayes,2915,dispersion,0.6585054725408555,0.9260150492191315,1.247769391536712
bike,dune_bayes,2916,dispersion,0.5797485381364823,0.9493061602115631,1.4031262576580046
bike,dune_bayes,2917,dispersion,0.5392554044723511,0.9259615540504456,1.3732242345809937
bike,dune_bayes,2918,dispersion,0.562722897529602,0.9330864548683167,1.3751885056495667
bike,dune_bayes,2919,dispersion,0.3635263562202454,0.6508671045303345,1.0099022626876828
bike,dune_bayes,2920,dispersion,0.7082980424165726,1.1241240501403809,1.5581486225128167
bike,dune_bayes,2921,dispersion,0.6247647255659103,0.9312033653259277,1.2969380140304565
bike,dune_bayes,2922,dispersion,0.6665563672780991,0.9827910661697388,1.3711318850517271
bike,dune_bayes,2923,dispersion,0.22186258882284166,0.4244214743375778,0.7499080210924147
bike,dune_bayes,2924,dispersion,0.11774320788681507,0.22267064452171326,0.4193521365523338
bike,dune_bayes,2925,dispersion,0.7719539821147918,1.0260580778121948,1.2835908651351926
bike,dune_bayes,2926,dispersion,0.26598590016365053,0.4560163915157318,0.7408007770776748
bike,dune_bayes,2927,dispersion,0.2012709952890873,0.36981596052646637,0.6386862874031065
bike,dune_bayes,2928,dispersion,0.26545955091714857,0.4423760622739792,0.6911785691976547
bike,dune_bayes,2929,dispersion,0.4547587811946869,0.6520013809204102,0.906164115667343
bike,dune_bayes,2930,dispersion,0.5079746067523956,0.7229568958282471,0.9695121377706526
bike,dune_bayes,2931,dispersion,0.5104068964719772,0.7743522822856903,1.1113525152206416
bike,dune_bayes,2932,dispersion,0.6620923340320587,0.89694944024086,1.1491878807544709
bike,dune_bayes,2933,dispersion,1.0283628523349762,1.3355321288108826,1.688538569211959
bike,dune_bayes,2934,dispersion,0.5538235783576966,0.7809966206550598,1.0404314398765564
bike,dune_bayes,2935,dispersion,0.6675486832857133,0.9154746830463409,1.1806976914405822
bike,dune_bayes,2936,dispersion,0.7065148770809173,0.955330491065979,1.2221966624259946
bike,dune_bayes,2937,dispersion,0.20669908821582794,0.3504587858915329,0.5840673595666885
bike,dune_bayes,2938,dispersion,0.6189291715621948,0.8526605665683746,1.1012052476406096
bike,dune_bayes,2939,dispersion,1.0310134768486023,1.4847504496574402,1.9587283372879027
bike,dune_bayes,2940,dispersion,0.9741137593984603,1.3907296061515808,1.829863244295119
bike,dune_bayes,2941,dispersion,0.699996554851532,0.9644616544246674,1.2678167700767518
bike,dune_bayes,2942,dispersion,0.9296516358852387,1.2554471492767334,1.5874228596687316
bike,dune_bayes,2943,dispersion,1.0629223525524139,1.5284985899925232,2.0530768871307363
bike,dune_bayes,2944,dispersion,0.34582164138555527,0.5149732232093811,0.7474646687507629
bike,dune_bayes,2945,dispersion,0.28268160074949267,0.43859757483005524,0.6685192257165908
bike,dune_bayes,2946,dispersion,0.5506238400936126,0.7834608554840088,1.0595891594886777
bike,dune_bayes,2947,dispersion,0.7625086337327958,1.0231013894081116,1.3350992798805235
bike,dune_bayes,2948,dispersion,0.6391592681407928,1.0078191757202148,1.4823229491710659
bike,dune_bayes,2949,dispersion,0.5631569027900696,0.8718326687812805,1.2241272926330566
bike,dune_bayes,2950,dispersion,0.3152487248182297,0.5754791498184204,0.9589207798242566
bike,dune_bayes,2951,dispersion,0.32722950875759127,0.49290549755096436,0.7424676537513732
bike,dune_bayes,2952,dispersion,0.15068685859441758,0.2836475372314453,0.513299536705017
bike,dune_bayes,2953,dispersion,0.17468207329511642,0.30708974599838257,0.5288519710302352
bike,dune_bayes,2954,dispersion,0.35974967628717425,0.5552213788032532,0.8520551681518554
bike,dune_bayes,2955,dispersion,0.5371788620948792,0.8515132665634155,1.2758453786373134
bike,dune_bayes,2956,dispersion,0.68346466422081,1.0475727319717407,1.5276758491992948
bike,dune_bayes,2957,dispersion,0.5366166919469834,0.7746780216693878,1.0809532165527342
bike,dune_bayes,2958,dispersion,0.29791662842035294,0.46800467371940613,0.7505981385707855
bike,dune_bayes,2959,dispersion,0.9404607236385346,1.2409043312072754,1.5784218311309814
bike,dune_bayes,2960,dispersion,1.0034065753221513,1.3428236246109009,1.7027689933776855
bike,dune_bayes,2961,dispersion,0.828141701221466,1.0906546115875244,1.35789503455162
bike,dune_bayes,2962,dispersion,0.6843766689300537,0.9282582402229309,1.2204476714134216
bike,dune_bayes,2963,dispersion,0.626881068944931,0.8497183918952942,1.107790595293045
bike,dune_bayes,2964,dispersion,0.8411292880773544,1.1511414647102356,1.4939070641994476
bike,dune_bayes,2965,dispersion,0.915393739938736,1.2430660128593445,1.6176442205905912
bike,dune_bayes,2966,dispersion,0.8820341467857361,1.2272197008132935,1.5969376683235166
bike,dune_bayes,2967,dispersion,0.960761308670044,1.3554672598838806,1.78178676366806
bike,dune_bayes,2968,dispersion,0.960761308670044,1.3554672598838806,1.78178676366806
bike,dune_bayes,2969,dispersion,0.4387844815850258,0.7925799787044525,1.2923422634601582
bike,dune_bayes,2970,dispersion,0.7935592442750931,1.282935619354248,1.8066110014915464
bike,dune_bayes,2971,dispersion,0.9602349936962128,1.316767394542694,1.7194507062435147
bike,dune_bayes,2972,dispersion,1.0000576555728913,1.3530910015106201,1.7601350486278533
bike,dune_bayes,2973,dispersion,1.0211597442626954,1.3798704743385315,1.7831645727157592
bike,dune_bayes,2974,dispersion,1.0000576555728913,1.3530910015106201,1.7601350486278533
bike,dune_bayes,2975,dispersion,0.7599227547645568,1.0099186301231384,1.281989514827728
bike,dune_bayes,2976,dispersion,0.713309133052826,0.9999250769615173,1.3096566498279572
bike,dune_bayes,2977,dispersion,0.6316670089960098,0.8263520300388336,1.0757213056087493
bike,dune_bayes,2978,dispersion,0.31023510098457335,0.5403365790843964,0.8743893295526498
bike,dune_bayes,2979,dispersion,0.4513937920331955,0.6464367210865021,0.8955210000276564
bike,dune_bayes,2980,dispersion,0.6560679495334625,0.8592419326305389,1.07472163438797
bike,dune_bayes,2981,dispersion,0.7637016534805298,1.0086776614189148,1.2899783253669737
bike,dune_bayes,2982,dispersion,1.009700858592987,1.4151637554168701,1.8792733848094936
bike,dune_bayes,2983,dispersion,1.0362011909484863,1.35857492685318,1.7243237018585205
bike,dune_bayes,2984,dispersion,1.009700858592987,1.4151637554168701,1.8792733848094936
bike,dune_bayes,2985,dispersion,0.3509777635335922,0.5953048765659332,0.9180304765701294
bike,dune_bayes,2986,dispersion,0.34428445994853973,0.527004599571228,0.7732592195272443
bike,dune_bayes,2987,dispersion,0.3676214352250099,0.5530351102352142,0.7850100994110106
bike,dune_bayes,2988,dispersion,0.9129158437252045,1.2861965894699097,1.7014104366302487
bike,dune_bayes,2989,dispersion,0.9129158437252045,1.2861965894699097,1.7014104366302487
bike,dune_bayes,2990,dispersion,0.9726379245519639,1.3925486207008362,1.8262071430683129
bike,dune_bayes,2991,dispersion,0.44416471719741824,0.6296974122524261,0.8624786496162414
bike,dune_bayes,2992,dispersion,0.3851307988166809,0.5669278502464294,0.8181440562009811
bike,dune_bayes,2993,dispersion,0.6019307643175125,0.8324699401855469,1.0997439324855802
bike,dune_bayes,2994,dispersion,0.8595005452632904,1.1269044280052185,1.4298055708408353
bike,dune_bayes,2995,dispersion,0.7082980424165726,1.1241240501403809,1.5581486225128167
bike,dune_bayes,2996,dispersion,0.6728870570659637,1.0560662746429443,1.4744060635566711
bike,dune_bayes,2997,dispersion,0.20600235909223558,0.33935023844242096,0.5555966764688491
bike,dune_bayes,2998,dispersion,0.3008874118328095,0.48302605748176575,0.7571796029806136
bike,dune_bayes,2999,dispersion,0.27769955694675447,0.46381349861621857,0.7335868477821348
bike,dune_bayes,3000,dispersion,0.47398303598165514,0.6958142518997192,0.9996593505144117
bike,dune_bayes,3001,dispersion,0.8548450201749802,1.096932053565979,1.3561589956283568
bike,dune_bayes,3002,dispersion,0.29671971648931506,0.4885466396808624,0.7563840627670287
bike,dune_bayes,3003,dispersion,1.0544312477111817,1.3682085275650024,1.724701428413391
bike,dune_bayes,3004,dispersion,0.9750968635082244,1.2440987825393677,1.5374163389205933
bike,dune_bayes,3005,dispersion,0.43907749503850935,0.6463137269020081,0.89584786593914
bike,dune_bayes,3006,dispersion,0.3461102843284607,0.5374189019203186,0.7876333862543106
bike,dune_bayes,3007,dispersion,0.8766038089990617,1.1433048248291016,1.4195769369602196
bike,dune_bayes,3008,dispersion,0.9050319790840149,1.160879135131836,1.43215292096138
bike,dune_bayes,3009,dispersion,1.0019181728363038,1.3181787133216858,1.6316661059856412
bike,dune_bayes,3010,dispersion,0.6888280361890793,0.9127722978591919,1.1632855474948882
bike,dune_bayes,3011,dispersion,0.19987561255693437,0.3338884264230728,0.5357144862413405
bike,dune_bayes,3012,dispersion,0.21117451265454293,0.354343980550766,0.5639581769704818
bike,dune_bayes,3013,dispersion,0.6677789658308029,0.9127792716026306,1.202050483226776
bike,dune_bayes,3014,dispersion,1.0114374160766602,1.4546533226966858,1.9696914732456205
bike,dune_bayes,3015,dispersion,0.6046596795320511,0.9270697236061096,1.3071162998676298
bike,dune_bayes,3016,dispersion,0.656981211900711,0.8978980183601379,1.1836206614971159
bike,dune_bayes,3017,dispersion,0.7004404127597809,0.9442186951637268,1.2292058408260342
bike,dune_bayes,3018,dispersion,0.8607957184314728,1.2015057802200317,1.5862680435180663
bike,dune_bayes,3019,dispersion,0.9484165698289871,1.286470651626587,1.663433575630188
bike,dune_bayes,3020,dispersion,0.8961207896471024,1.2911995649337769,1.6986063838005065
bike,dune_bayes,3021,dispersion,1.067454981803894,1.4753530025482178,1.8900083959102625
bike,dune_bayes,3022,dispersion,0.3254712104797363,0.49271145462989807,0.7128903597593306
bike,dune_bayes,3023,dispersion,0.4762328237295151,0.6865545511245728,0.9386007368564602
bike,dune_bayes,3024,dispersion,0.4780880272388458,0.6745789051055908,0.909060576558113
bike,dune_bayes,3025,dispersion,0.46332792192697525,0.6554921865463257,0.9312098681926727
bike,dune_bayes,3026,dispersion,0.46201157569885254,0.6497312188148499,0.9129237353801727
bike,dune_bayes,3027,dispersion,0.2917113915085793,0.4501398652791977,0.7023191213607785
bike,dune_bayes,3028,dispersion,0.41065268814563755,0.6038636565208435,0.8810863137245177
bike,dune_bayes,3029,dispersion,0.45754600018262864,0.7355965673923492,1.122509354352951
bike,dune_bayes,3030,dispersion,0.29034832268953326,0.4558318555355072,0.7194830805063246
bike,dune_bayes,3031,dispersion,0.2149912692606449,0.3577057719230652,0.5950645864009857
bike,dune_bayes,3032,dispersion,0.18960176408290863,0.32735565304756165,0.5617754340171812
bike,dune_bayes,3033,dispersion,0.9604292184114457,1.2383073568344116,1.5674844741821288
bike,dune_bayes,3034,dispersion,1.009700858592987,1.4151637554168701,1.8792733848094936
bike,dune_bayes,3035,dispersion,1.0239383399486541,1.3194246292114258,1.6315496087074277
bike,dune_bayes,3036,dispersion,1.0283628523349762,1.3355321288108826,1.688538569211959
bike,dune_bayes,3037,dispersion,0.5779865592718124,0.8607485294342041,1.1936419546604153
bike,dune_bayes,3038,dispersion,0.35109043419361113,0.5585868656635284,0.8236615061759948
bike,dune_bayes,3039,dispersion,0.9867283880710602,1.4629489183425903,2.0359642505645748
bike,dune_bayes,3040,dispersion,1.028483235836029,1.5234091877937317,2.1207600712776182
bike,dune_bayes,3041,dispersion,0.986112916469574,1.420153558254242,1.8759183049201964
bike,dune_bayes,3042,dispersion,1.0304221272468568,1.43417626619339,1.884797352552414
bike,dune_bayes,3043,dispersion,0.9332743644714355,1.2619501948356628,1.6329857945442194
bike,dune_bayes,3044,dispersion,0.5270058035850524,0.8275704085826874,1.1892542719841002
bike,dune_bayes,3045,dispersion,0.9867283880710602,1.4629489183425903,2.0359642505645748
bike,dune_bayes,3046,dispersion,0.9863506525754928,1.427554726600647,1.9022584497928614
bike,dune_bayes,3047,dispersion,0.8451898545026779,1.194562315940857,1.606794327497482
bike,dune_bayes,3048,dispersion,0.3283589482307434,0.500195324420929,0.7368308871984481
bike,dune_bayes,3049,dispersion,0.4317573353648186,0.6132577061653137,0.8523053169250482
bike,dune_bayes,3050,dispersion,0.47065516710281374,0.6891621053218842,0.9548160344362256
bike,dune_bayes,3051,dispersion,0.9726379245519639,1.3925486207008362,1.8262071430683129
bike,dune_bayes,3052,dispersion,0.6262014806270599,0.8829720318317413,1.1686825394630431
bike,dune_bayes,3053,dispersion,0.4218786537647247,0.6688787937164307,1.0020650863647456
bike,dune_bayes,3054,dispersion,0.25031457617878916,0.40293480455875397,0.6488414764404297
bike,dune_bayes,3055,dispersion,0.9499803513288498,1.2757489085197449,1.6283651828765868
bike,dune_bayes,3056,dispersion,0.6846946626901627,1.0743237733840942,1.4940742135047913
bike,dune_bayes,3057,dispersion,0.5998303532600403,0.9068482220172882,1.2884176790714261
bike,dune_bayes,3058,dispersion,0.17225942611694336,0.35527412593364716,0.6684399664402007
bike,dune_bayes,3059,dispersion,0.2455901764333248,0.4354648143053055,0.728218075633049
bike,dune_bayes,3060,dispersion,0.5336349815130234,0.7795710563659668,1.07453134059906
bike,dune_bayes,3061,dispersion,0.4012546703219414,0.6127391159534454,0.8690409481525421
bike,dune_bayes,3062,dispersion,0.7231038004159928,1.0237860083580017,1.4306649446487427
bike,dune_bayes,3063,dispersion,0.8327444195747375,1.1954721212387085,1.6354293346405029
bike,dune_bayes,3064,dispersion,0.9511190593242645,1.3674333095550537,1.8704088807106014
bike,dune_bayes,3065,dispersion,0.9959579885005951,1.4489880800247192,1.9767576694488525
bike,dune_bayes,3066,dispersion,0.980500990152359,1.4076392650604248,1.9362200975418091
bike,dune_bayes,3067,dispersion,0.7375589907169342,1.0808129906654358,1.4688268363475796
bike,dune_bayes,3068,dispersion,0.7201350688934326,1.011553943157196,1.3957861840724943
bike,dune_bayes,3069,dispersion,0.5562386184930801,0.8207207918167114,1.145477259159088
bike,dune_bayes,3070,dispersion,0.7564319759607315,1.0851832032203674,1.4851988852024076
bike,dune_bayes,3071,dispersion,1.1377984941005708,1.4918283820152283,1.8585753500461577
bike,dune_bayes,3072,dispersion,1.1481119394302368,1.5734144449234009,1.9870175659656522
bike,dune_bayes,3073,dispersion,1.2730568051338196,1.6567353010177612,2.095450782775879
bike,dune_bayes,3074,dispersion,1.0114868938922883,1.312892496585846,1.6485253930091857
bike,dune_bayes,3075,dispersion,1.0164503812789918,1.3447534441947937,1.7112013161182402
bike,dune_bayes,3076,dispersion,1.1156414866447448,1.5024133920669556,1.9391554713249206
bike,dune_bayes,3077,dispersion,1.0873852014541625,1.555325448513031,2.0679797887802125
bike,dune_bayes,3078,dispersion,1.1156414866447448,1.5024133920669556,1.9391554713249206
bike,dune_bayes,3079,dispersion,1.1156414866447448,1.5024133920669556,1.9391554713249206
bike,dune_bayes,3080,dispersion,1.0103419184684754,1.2898154854774475,1.5962870955467223
bike,dune_bayes,3081,dispersion,0.33201534897089,0.539119154214859,0.7921024203300475
bike,dune_bayes,3082,dispersion,0.36023852229118347,0.5503928959369659,0.7920068264007565
bike,dune_bayes,3083,dispersion,0.6371154576539994,0.8435293734073639,1.0682884216308592
bike,dune_bayes,3084,dispersion,0.5295055985450745,0.7894199192523956,1.053282594680786
bike,dune_bayes,3085,dispersion,0.36090740114450454,0.6182182431221008,0.9654688537120815
bike,dune_bayes,3086,dispersion,0.36090740114450454,0.6182182431221008,0.9654688537120815
bike,dune_bayes,3087,dispersion,0.3398414239287376,0.5525442659854889,0.8345245987176894
bike,dune_bayes,3088,dispersion,0.3609090238809586,0.5572828352451324,0.8224174261093138
bike,dune_bayes,3089,dispersion,0.3359755873680115,0.5207791030406952,0.777404099702835
bike,dune_bayes,3090,dispersion,1.1785356283187867,1.5311830639839172,1.9348966300487518
bike,dune_bayes,3091,dispersion,0.3290780261158943,0.5168958008289337,0.7679412066936488
bike,dune_bayes,3092,dispersion,0.2621997281908989,0.4939596652984619,0.8124087482690809
bike,dune_bayes,3093,dispersion,0.3106453940272331,0.5316634178161621,0.7962909221649169
bike,dune_bayes,3094,dispersion,0.7146468162536621,0.9687939286231995,1.2124726355075834
bike,dune_bayes,3095,dispersion,0.24438459426164627,0.4149874150753021,0.6292495489120482
bike,dune_bayes,3096,dispersion,0.23656451404094697,0.39945197105407715,0.6189136445522307
bike,dune_bayes,3097,dispersion,0.24411032870411872,0.40204812586307526,0.6303895264863967
bike,dune_bayes,3098,dispersion,0.4890264376997948,0.7087793946266174,0.9923300951719283
bike,dune_bayes,3099,dispersion,0.8327444195747375,1.1954721212387085,1.6354293346405029
bike,dune_bayes,3100,dispersion,0.847746953368187,1.212466835975647,1.668100309371948
bike,dune_bayes,3101,dispersion,0.7384884089231492,1.0637518167495728,1.4415205538272857
bike,dune_bayes,3102,dispersion,0.5476126968860626,0.8031549751758575,1.1043517887592313
bike,dune_bayes,3103,dispersion,0.42265136241912843,0.619827151298523,0.9062288641929627
bike,dune_bayes,3104,dispersion,0.6367692232131958,0.9441170394420624,1.2935737073421476
bike,dune_bayes,3105,dispersion,0.6109795272350311,0.8650374114513397,1.1689256727695463
bike,dune_bayes,3106,dispersion,1.0019181728363038,1.3181787133216858,1.6316661059856412
bike,dune_bayes,3107,dispersion,0.5948031514883041,0.8007650375366211,1.0325006425380705
bike,dune_bayes,3108,dispersion,0.877236270904541,1.1143971681594849,1.3768708825111386
bike,dune_bayes,3109,dispersion,0.8971144497394562,1.163123607635498,1.4651195526123046
bike,dune_bayes,3110,dispersion,0.7399470537900925,1.0452851057052612,1.4023166596889496
bike,dune_bayes,3111,dispersion,0.5323927015066147,0.7234450280666351,0.9483544409275051
bike,dune_bayes,3112,dispersion,0.746071708202362,1.0603427290916443,1.4082216322422028
bike,dune_bayes,3113,dispersion,1.06707404255867,1.473994255065918,1.9615479171276091
bike,dune_bayes,3114,dispersion,0.460053052008152,0.6749387979507446,0.9207974046468734
bike,dune_bayes,3115,dispersion,0.5940211176872253,0.8159586489200592,1.0755965232849118
bike,dune_bayes,3116,dispersion,1.095822709798813,1.4278144240379333,1.804086923599243
bike,dune_bayes,3117,dispersion,1.1056812167167664,1.5110629796981812,1.9644563794136047
bike,dune_bayes,3118,dispersion,0.7004404127597809,0.9442186951637268,1.2292058408260342
bike,dune_bayes,3119,dispersion,1.0818296134471894,1.4397907853126526,1.8106353044509884
bike,dune_bayes,3120,dispersion,0.7686322838068008,1.1182535290718079,1.5419910013675688
bike,dune_bayes,3121,dispersion,0.789832490682602,1.1278751492500305,1.5486408114433288
bike,dune_bayes,3122,dispersion,0.6883596152067184,1.0717742443084717,1.5735295712947843
bike,dune_bayes,3123,dispersion,0.869132074713707,1.3134430050849915,1.8593685209751123
bike,dune_bayes,3124,dispersion,0.36760841906070707,0.5557619333267212,0.8281029939651489
bike,dune_bayes,3125,dispersion,0.2741030231118202,0.4414849877357483,0.6866474539041513
bike,dune_bayes,3126,dispersion,0.2782175377011299,0.48674169182777405,0.8271535933017728
bike,dune_bayes,3127,dispersion,0.24217809811234475,0.3944844603538513,0.6321636289358139
bike,dune_bayes,3128,dispersion,0.25364265441894535,0.4029904007911682,0.6419273227453229
bike,dune_bayes,3129,dispersion,0.40253210365772246,0.5996876955032349,0.8433219850063324
bike,dune_bayes,3130,dispersion,0.5648003816604614,0.8170099854469299,1.1124067962169644
bike,dune_bayes,3131,dispersion,0.25326911807060243,0.41055184602737427,0.6621534138917918
bike,dune_bayes,3132,dispersion,0.24881393015384676,0.39228270947933197,0.6254709124565119
bike,dune_bayes,3133,dispersion,0.7860260516405105,1.1099963784217834,1.4835455775260915
bike,dune_bayes,3134,dispersion,1.1224569857120514,1.475705325603485,1.8876657843589784
bike,dune_bayes,3135,dispersion,0.8459722846746445,1.185720443725586,1.561075812578201
bike,dune_bayes,3136,dispersion,0.7774650603532791,1.0167609453201294,1.308454817533493
bike,dune_bayes,3137,dispersion,0.662398824095726,0.8945944905281067,1.146331763267517
bike,dune_bayes,3138,dispersion,1.0327572762966155,1.337077260017395,1.6799786448478697
bike,dune_bayes,3139,dispersion,0.9609191834926605,1.250061273574829,1.5895685136318207
bike,dune_bayes,3140,dispersion,0.9479761332273483,1.2353351712226868,1.544639092683792
bike,dune_bayes,3141,dispersion,0.3748865261673927,0.5955063700675964,0.8721963584423061
bike,dune_bayes,3142,dispersion,0.33699026703834534,0.5736421048641205,0.8905636966228484
bike,dune_bayes,3143,dispersion,0.9405614674091339,1.2539966702461243,1.5689243853092192
bike,dune_bayes,3144,dispersion,0.8377559721469879,1.1832374334335327,1.5567465066909785
bike,dune_bayes,3145,dispersion,1.0138232290744782,1.3453401923179626,1.708456665277481
bike,dune_bayes,3146,dispersion,0.9181961506605149,1.308714747428894,1.7009362041950216
bike,dune_bayes,3147,dispersion,1.104903870820999,1.4576287865638733,1.8554274260997772
bike,dune_bayes,3148,dispersion,1.0960900723934173,1.4758689403533936,1.902228009700775
bike,dune_bayes,3149,dispersion,1.0765829205513,1.4089879989624023,1.791445082426071
bike,dune_bayes,3150,dispersion,1.0642410278320313,1.3900795578956604,1.7476338565349576
bike,dune_bayes,3151,dispersion,1.104903870820999,1.4576287865638733,1.8554274260997772
bike,dune_bayes,3152,dispersion,1.0939013242721558,1.4870967268943787,1.912179243564605
bike,dune_bayes,3153,dispersion,1.0913352608680724,1.4572243094444275,1.8483986020088194
bike,dune_bayes,3154,dispersion,1.0921164095401763,1.47883939743042,1.8951022684574126
bike,dune_bayes,3155,dispersion,0.828141701221466,1.0906546115875244,1.35789503455162
bike,dune_bayes,3156,dispersion,0.7065148770809173,0.955330491065979,1.2221966624259946
bike,dune_bayes,3157,dispersion,0.6193097263574601,0.8651752471923828,1.1410753548145292
bike,dune_bayes,3158,dispersion,1.0019181728363038,1.3181787133216858,1.6316661059856412
bike,dune_bayes,3159,dispersion,0.7814707070589065,1.1988246440887451,1.6407359719276426
bike,dune_bayes,3160,dispersion,0.740053015947342,1.116443932056427,1.511984437704086
bike,dune_bayes,3161,dispersion,0.2392366722226143,0.3867991119623184,0.6305333077907562
bike,dune_bayes,3162,dispersion,0.46912159621715543,0.7035849690437317,1.015936279296875
bike,dune_bayes,3163,dispersion,0.46912159621715543,0.7035849690437317,1.015936279296875
bike,dune_bayes,3164,dispersion,0.4929947733879089,0.787148654460907,1.148929876089096
bike,dune_bayes,3165,dispersion,0.36050235033035277,0.5967307686805725,0.9333793640136717
bike,dune_bayes,3166,dispersion,0.7636382937431335,1.1983433961868286,1.6832011103630062
bike,dune_bayes,3167,dispersion,1.2306914925575256,1.6953518986701965,2.174226593971252
bike,dune_bayes,3168,dispersion,0.8334270179271698,1.067797601222992,1.3082108557224272
bike,dune_bayes,3169,dispersion,1.4121526777744293,1.8358284831047058,2.2751386046409605
bike,dune_bayes,3170,dispersion,0.485916842520237,0.6935766041278839,0.9098265498876564
bike,dune_bayes,3171,dispersion,0.5523262679576874,0.7670179605484009,0.9972111374139782
bike,dune_bayes,3172,dispersion,0.5192691832780838,0.7390996515750885,0.9602625876665113
bike,dune_bayes,3173,dispersion,0.7398774206638337,1.0082828402519226,1.2708157718181603
bike,dune_bayes,3174,dispersion,1.0807423651218415,1.383619487285614,1.7365831732749932
bike,dune_bayes,3175,dispersion,0.7415296137332916,1.0151938796043396,1.318921399116516
bike,dune_bayes,3176,dispersion,0.688441488146782,0.9210092723369598,1.1538309454917908
bike,dune_bayes,3177,dispersion,0.6004145115613937,0.8324210047721863,1.0682832062244416
bike,dune_bayes,3178,dispersion,0.7296777993440628,0.9895620048046112,1.2434100985527037
bike,dune_bayes,3179,dispersion,0.7709303200244904,1.0413049459457397,1.3174936950206755
bike,dune_bayes,3180,dispersion,1.2349212288856506,1.5971970558166504,1.9992120444774628
bike,dune_bayes,3181,dispersion,1.2215293943881989,1.5575308203697205,1.9059481263160702
bike,dune_bayes,3182,dispersion,1.2322392165660858,1.5783764719963074,1.9505314111709593
bike,dune_bayes,3183,dispersion,0.4315894544124603,0.6715284585952759,0.9506545096635819
bike,dune_bayes,3184,dispersion,0.31443543285131453,0.5438797771930695,0.871035891771316
bike,dune_bayes,3185,dispersion,0.4807381182909012,0.745774120092392,1.0441797792911527
bike,dune_bayes,3186,dispersion,0.39110269397497177,0.6268033385276794,0.9315591603517531
bike,dune_bayes,3187,dispersion,0.3647827297449112,0.5892788469791412,0.9012114584445953
bike,dune_bayes,3188,dispersion,0.2817953824996948,0.5216002762317657,0.8958969622850415
bike,dune_bayes,3189,dispersion,0.33136708438396456,0.5547547936439514,0.8299233436584472
bike,dune_bayes,3190,dispersion,0.3371831864118576,0.5571415424346924,0.8229682058095932
bike,dune_bayes,3191,dispersion,0.7997730821371078,1.2342142462730408,1.752953165769577
bike,dune_bayes,3192,dispersion,0.330899453163147,0.541029304265976,0.7860706835985183
bike,dune_bayes,3193,dispersion,0.3360926672816277,0.561089038848877,0.8330811977386474
bike,dune_bayes,3194,dispersion,0.44674884974956514,0.7144883573055267,1.0907274961471556
bike,dune_bayes,3195,dispersion,0.6023124396800995,0.9142314493656158,1.2612151861190795
bike,dune_bayes,3196,dispersion,0.5328103393316269,0.7946973443031311,1.0663264513015747
bike,dune_bayes,3197,dispersion,0.8651232808828354,1.19048410654068,1.4955358803272247
bike,dune_bayes,3198,dispersion,1.1257583796977997,1.4603161811828613,1.80877126455307
bike,dune_bayes,3199,dispersion,1.2994113624095918,1.670820415019989,2.1189583420753473
bike,dune_bayes,3200,dispersion,0.5132221877574921,0.7774049341678619,1.0567953824996947
bike,dune_bayes,3201,dispersion,0.6809735327959061,1.0163552165031433,1.3979481995105743
bike,dune_bayes,3202,dispersion,0.6809735327959061,1.0163552165031433,1.3979481995105743
bike,dune_bayes,3203,dispersion,0.5639975368976593,0.8697201609611511,1.2213256001472463
bike,dune_bayes,3204,dispersion,0.5978147268295289,0.9096939563751221,1.2745120048522944
bike,dune_bayes,3205,dispersion,0.5978147268295289,0.9096939563751221,1.2745120048522944
bike,dune_bayes,3206,dispersion,0.551281800866127,0.849047839641571,1.1762626647949215
bike,dune_bayes,3207,dispersion,0.5523914247751236,0.8509053885936737,1.164539760351181
bike,dune_bayes,3208,dispersion,0.3880097851157189,0.6764245629310608,1.0371723175048828
bike,dune_bayes,3209,dispersion,0.2646901234984398,0.5027486383914948,0.8668141394853591
bike,dune_bayes,3210,dispersion,0.3016332074999809,0.5486015677452087,0.8744869381189345
bike,dune_bayes,3211,dispersion,0.4693076580762863,0.7374951541423798,1.0839363038539884
bike,dune_bayes,3212,dispersion,0.6615775972604752,0.9525021314620972,1.2531334400176999
bike,dune_bayes,3213,dispersion,1.2213622510433197,1.5769616961479187,1.9467914342880246
bike,dune_bayes,3214,dispersion,0.5346531569957733,0.8365700542926788,1.2422853529453277
bike,dune_bayes,3215,dispersion,0.36306598335504536,0.5592784285545349,0.7995973974466323
bike,dune_bayes,3216,dispersion,0.3737959235906601,0.5695956945419312,0.8138994306325911
bike,dune_bayes,3217,dispersion,1.212983900308609,1.663191795349121,2.1645977616310117
bike,dune_bayes,3218,dispersion,0.9791341155767441,1.3961548805236816,1.9143762528896326
bike,dune_bayes,3219,dispersion,1.0818328559398651,1.5610435605049133,2.1383895754814146
bike,dune_bayes,3220,dispersion,0.2741690993309021,0.47452512383461,0.7918208062648772
bike,dune_bayes,3221,dispersion,0.36076985001564027,0.5742319822311401,0.8497331082820893
bike,dune_bayes,3222,dispersion,0.6301320433616638,0.9828302264213562,1.449155396223068
bike,dune_bayes,3223,dispersion,0.9753975123167038,1.4681603908538818,2.055049836635589
bike,dune_bayes,3224,dispersion,1.1369612038135528,1.6405425071716309,2.2588849544525145
bike,dune_bayes,3225,dispersion,1.0826769411563872,1.5574485659599304,2.1274823665618894
bike,dune_bayes,3226,dispersion,0.7102538704872131,1.004556953907013,1.425190734863281
bike,dune_bayes,3227,dispersion,0.29374131709337237,0.48469822108745575,0.7507442951202388
bike,dune_bayes,3228,dispersion,0.40977148711681366,0.6103704869747162,0.8659546554088593
bike,dune_bayes,3229,dispersion,0.7231038004159928,1.0237860083580017,1.4306649446487427
bike,dune_bayes,3230,dispersion,0.890281355381012,1.3727192282676697,1.94649937748909
bike,dune_bayes,3231,dispersion,0.7217142105102539,1.0592792630195618,1.4420976221561432
bike,dune_bayes,3232,dispersion,0.41020693480968473,0.6113008558750153,0.8947354346513746
bike,dune_bayes,3233,dispersion,0.48831304907798767,0.7182708084583282,1.0257831156253812
bike,dune_bayes,3234,dispersion,0.46912159621715543,0.7035849690437317,1.015936279296875
bike,dune_bayes,3235,dispersion,0.6658140033483505,1.0071519017219543,1.3656037867069244
bike,dune_bayes,3236,dispersion,1.0188351631164552,1.5143334865570068,2.0601212859153746
bike,dune_bayes,3237,dispersion,1.2095463573932648,1.6410360932350159,2.0683549523353575
bike,dune_bayes,3238,dispersion,0.8220524877309799,1.186798095703125,1.5952588200569149
bike,dune_bayes,3239,dispersion,0.9797550708055496,1.3722481727600098,1.775877505540847
bike,dune_bayes,3240,dispersion,1.2180527329444886,1.575360119342804,1.9623717784881591
bike,dune_bayes,3241,dispersion,1.416959148645401,1.8090786337852478,2.2047785997390745
bike,dune_bayes,3242,dispersion,1.0344410717487336,1.436995267868042,1.9265356838703154
bike,dune_bayes,3243,dispersion,0.9408271253108978,1.2441694140434265,1.556378424167633
bike,dune_bayes,3244,dispersion,1.0802518367767333,1.3787448406219482,1.7004250407218933
bike,dune_bayes,3245,dispersion,0.9138118892908096,1.1945205926895142,1.475208520889282
bike,dune_bayes,3246,dispersion,0.7146468162536621,0.9687939286231995,1.2124726355075834
bike,dune_bayes,3247,dispersion,0.9050315082073211,1.1830745935440063,1.5225097596645352
bike,dune_bayes,3248,dispersion,1.1134209513664246,1.4369032382965088,1.8381211817264556
bike,dune_bayes,3249,dispersion,1.0983559668064118,1.440793216228485,1.864610743522644
bike,dune_bayes,3250,dispersion,0.4414852008223534,0.6737914681434631,0.92590194940567
bike,dune_bayes,3251,dispersion,0.6856977641582489,0.9699951410293579,1.2545598328113554
bike,dune_bayes,3252,dispersion,1.0488311350345612,1.4819959998130798,1.966652131080627
bike,dune_bayes,3253,dispersion,0.4196501597762108,0.653778612613678,0.9411157965660095
bike,dune_bayes,3254,dispersion,0.34722422510385514,0.5651457011699677,0.8271271049976349
bike,dune_bayes,3255,dispersion,0.2854518353939056,0.4908788651227951,0.7308756083250045
bike,dune_bayes,3256,dispersion,0.7517146319150925,1.0995450615882874,1.5282297074794768
bike,dune_bayes,3257,dispersion,0.9162602663040161,1.2841021418571472,1.7309281647205352
bike,dune_bayes,3258,dispersion,1.045818954706192,1.5109230279922485,2.0268477201461783
bike,dune_bayes,3259,dispersion,1.13012552857399,1.6054325699806213,2.1719181180000304
bike,dune_bayes,3260,dispersion,1.1043331742286682,1.5890678763389587,2.1261035084724424
bike,dune_bayes,3261,dispersion,0.955157482624054,1.3498808145523071,1.7932871401309964
bike,dune_bayes,3262,dispersion,0.5090875148773193,0.7551329731941223,1.080370533466339
bike,dune_bayes,3263,dispersion,0.6092985242605209,0.900832325220108,1.243478888273239
bike,dune_bayes,3264,dispersion,0.9182635009288788,1.198108434677124,1.4822399795055388
bike,dune_bayes,3265,dispersion,0.894922798871994,1.1836742162704468,1.4722248315811153
bike,dune_bayes,3266,dispersion,0.9182635009288788,1.198108434677124,1.4822399795055388
bike,dune_bayes,3267,dispersion,0.894922798871994,1.1836742162704468,1.4722248315811153
bike,dune_bayes,3268,dispersion,0.8603694140911102,1.153444528579712,1.4705783426761625
bike,dune_bayes,3269,dispersion,0.632043007016182,0.8719508945941925,1.1185631096363067
bike,dune_bayes,3270,dispersion,1.1278470396995544,1.4389495253562927,1.769502156972885
bike,dune_bayes,3271,dispersion,1.2977646172046662,1.6875487565994263,2.1319434523582457
bike,dune_bayes,3272,dispersion,1.0723909080028533,1.473087728023529,1.9486783623695372
bike,dune_bayes,3273,dispersion,1.53572638630867,2.029239773750305,2.5201768636703483
bike,dune_bayes,3274,dispersion,1.53572638630867,2.029239773750305,2.5201768636703483
bike,dune_bayes,3275,dispersion,1.5287060618400574,2.0388922691345215,2.55186927318573
bike,dune_bayes,3276,dispersion,0.3899896055459976,0.5898570418357849,0.8221108943223954
bike,dune_bayes,3277,dispersion,0.3414192408323288,0.5374842286109924,0.7928525358438492
bike,dune_bayes,3278,dispersion,0.33839807361364366,0.5330030024051666,0.781971475481987
bike,dune_bayes,3279,dispersion,0.5881143152713776,0.9130644202232361,1.3096921205520626
bike,dune_bayes,3280,dispersion,0.6080259412527085,0.9486556351184845,1.3538250625133512
bike,dune_bayes,3281,dispersion,1.29551962018013,1.8288885951042175,2.417174017429352
bike,dune_bayes,3282,dispersion,1.4728976726531982,1.9060842394828796,2.369805383682251
bike,dune_bayes,3283,dispersion,1.5325182318687438,1.9849478006362915,2.430674600601196
bike,dune_bayes,3284,dispersion,1.606370532512665,2.179057002067566,2.7425485014915463
bike,dune_bayes,3285,dispersion,1.606370532512665,2.179057002067566,2.7425485014915463
bike,dune_bayes,3286,dispersion,0.8851323843002319,1.150500237941742,1.4176937222480772
bike,dune_bayes,3287,dispersion,0.37457566410303117,0.599203884601593,0.8778078764677048
bike,dune_bayes,3288,dispersion,0.3991293415427208,0.6222894787788391,0.8929456174373626
bike,dune_bayes,3289,dispersion,0.20920693576335908,0.4062705934047699,0.7131205201148986
bike,dune_bayes,3290,dispersion,0.24984464123845102,0.50966677069664,0.90745695233345
bike,dune_bayes,3291,dispersion,0.3239524468779564,0.6164294183254242,1.0623110830783842
bike,dune_bayes,3292,dispersion,0.39441099017858505,0.6889279186725616,1.1243661344051359
bike,dune_bayes,3293,dispersion,0.36914685368537903,0.667196661233902,1.101885986328125
bike,dune_bayes,3294,dispersion,0.452479100227356,0.7392690777778625,1.1028697550296782
bike,dune_bayes,3295,dispersion,0.5155887037515641,0.8219591975212097,1.1936242401599884
bike,dune_bayes,3296,dispersion,0.5842204451560974,0.9869946539402008,1.4743299007415769
bike,dune_bayes,3297,dispersion,0.6689711809158325,1.0263963341712952,1.4193240165710446
bike,dune_bayes,3298,dispersion,0.3988356038928032,0.650696188211441,0.9803429007530212
bike,dune_bayes,3299,dispersion,0.4391592562198639,0.7284881174564362,1.0716034531593321
bike,dune_bayes,3300,dispersion,0.831833526492119,1.2933061718940735,1.8275285363197324
bike,dune_bayes,3301,dispersion,1.1270456671714784,1.5956774950027466,2.140028131008148
bike,dune_bayes,3302,dispersion,1.5057037711143493,2.0030994415283203,2.574008536338806
bike,dune_bayes,3303,dispersion,0.37452484369277955,0.6384182870388031,1.0111844122409819
bike,dune_bayes,3304,dispersion,0.3438227131962776,0.6046980619430542,0.9843258410692215
bike,dune_bayes,3305,dispersion,1.1771941244602204,1.5033689737319946,1.8625735402107237
bike,dune_bayes,3306,dispersion,1.3667443633079528,1.7771416306495667,2.1955572128295895
bike,dune_bayes,3307,dispersion,1.344098788499832,1.7507201433181763,2.1883909940719604
bike,dune_bayes,3308,dispersion,1.440953254699707,1.9056839346885681,2.3473841190338134
bike,dune_bayes,3309,dispersion,0.9152183532714844,1.2546789050102234,1.5762933015823364
bike,dune_bayes,3310,dispersion,0.4875601425766945,0.7816977202892303,1.100949913263321
bike,dune_bayes,3311,dispersion,1.3172060489654542,1.7606011629104614,2.291872024536133
bike,dune_bayes,3312,dispersion,1.3758165001869203,1.8350966572761536,2.374838840961456
bike,dune_bayes,3313,dispersion,0.46515971422195435,0.7371726930141449,1.0137024581432341
bike,dune_bayes,3314,dispersion,0.6360012084245682,0.9303501546382904,1.2033367931842802
bike,dune_bayes,3315,dispersion,1.3716031312942505,1.7686717510223389,2.1995842456817623
bike,dune_bayes,3316,dispersion,1.437568575143814,1.8439873456954956,2.2962185978889464
bike,dune_bayes,3317,dispersion,1.7844853222370147,2.4169890880584717,3.0094744205474853
bike,dune_bayes,3318,dispersion,0.42890545874834063,0.6657029986381531,0.9676735699176788
bike,dune_bayes,3319,dispersion,1.0684312880039215,1.4539657831192017,1.93564612865448
bike,dune_bayes,3320,dispersion,1.3438135743141175,1.7418327927589417,2.1896740674972532
bike,dune_bayes,3321,dispersion,1.2421513199806216,1.7630828619003296,2.4175445795059205
bike,dune_bayes,3322,dispersion,1.3250969469547271,1.8789120316505432,2.521333634853363
bike,dune_bayes,3323,dispersion,0.9139374852180481,1.3821347951889038,1.9389413297176354
bike,dune_bayes,3324,dispersion,1.0450068414211273,1.536539614200592,2.140600216388702
bike,dune_bayes,3325,dispersion,1.2998166859149933,1.920525848865509,2.6297675251960753
bike,dune_bayes,3326,dispersion,1.290871810913086,1.857761263847351,2.5194049715995788
bike,dune_bayes,3327,dispersion,0.6884420931339265,0.9828427135944366,1.344039171934127
bike,dune_bayes,3328,dispersion,1.0410663306713104,1.3495526313781738,1.6853492856025696
bike,dune_bayes,3329,dispersion,1.1994279325008392,1.7012755870819092,2.262161350250244
bike,dune_bayes,3330,dispersion,1.2641533553600313,1.8096345663070679,2.399653887748718
bike,dune_bayes,3331,dispersion,1.3245145201683044,1.8891485333442688,2.476900744438171
bike,dune_bayes,3332,dispersion,0.4873072594404221,0.7531417906284332,1.1020345211029048
bike,dune_bayes,3333,dispersion,1.0661281645298004,1.3804827332496643,1.7135279834270476
bike,dune_bayes,3334,dispersion,0.9923999726772308,1.2691457271575928,1.5727210104465483
bike,dune_bayes,3335,dispersion,0.754876971244812,0.9859741628170013,1.2069083511829373
bike,dune_bayes,3336,dispersion,0.6633811801671982,0.8939330577850342,1.1461511015892027
bike,dune_bayes,3337,dispersion,0.5948031514883041,0.8007650375366211,1.0325006425380705
bike,dune_bayes,3338,dispersion,0.8426472157239914,1.0914121270179749,1.3546030104160307
bike,dune_bayes,3339,dispersion,0.5677793592214584,0.855618953704834,1.2079895913600918
bike,dune_bayes,3340,dispersion,0.3275369361042976,0.5206291675567627,0.7828720837831497
bike,dune_bayes,3341,dispersion,0.7854781687259674,1.1342886090278625,1.4626595199108117
bike,dune_bayes,3342,dispersion,0.8673446416854859,1.2198912501335144,1.551521897315979
bike,dune_bayes,3343,dispersion,0.6380894273519516,0.9539787769317627,1.3036958634853357
bike,dune_bayes,3344,dispersion,1.2733804643154145,1.6220097541809082,1.9929841995239255
bike,dune_bayes,3345,dispersion,1.3773151636123657,1.7692811489105225,2.1587761282920837
bike,dune_bayes,3346,dispersion,1.3597370982170105,1.7331643104553223,2.1319435834884644
bike,dune_bayes,3347,dispersion,1.45298530459404,1.8976191282272339,2.313959121704101
bike,dune_bayes,3348,dispersion,1.2863492846488953,1.6648238897323608,2.0415698409080503
bike,dune_bayes,3349,dispersion,1.244376403093338,1.6096527576446533,1.9800986468791961
bike,dune_bayes,3350,dispersion,1.0173922777175903,1.482086718082428,2.044244539737701
bike,dune_bayes,3351,dispersion,1.019090735912323,1.4735517501831055,2.0221809029579156
bike,dune_bayes,3352,dispersion,1.0304322123527527,1.5621716380119324,2.228918445110321
bike,dune_bayes,3353,dispersion,0.8061362534761429,1.21320641040802,1.659544515609741
bike,dune_bayes,3354,dispersion,0.8987146556377411,1.3039184212684631,1.7886752486228936
bike,dune_bayes,3355,dispersion,0.9795155972242355,1.4270731806755066,1.94693346619606
bike,dune_bayes,3356,dispersion,1.026470798254013,1.5105060935020447,2.101019191741943
bike,dune_bayes,3357,dispersion,1.019090735912323,1.4735517501831055,2.0221809029579156
bike,dune_bayes,3358,dispersion,1.2540726721286775,1.6917410492897034,2.177923476696014
bike,dune_bayes,3359,dispersion,1.1087565124034882,1.4691296815872192,1.88049014210701
bike,dune_bayes,3360,dispersion,1.092404854297638,1.4316235184669495,1.8402673959732054
bike,dune_bayes,3361,dispersion,1.0990348041057587,1.4213289022445679,1.8123149216175078
bike,dune_bayes,3362,dispersion,0.7725396037101746,1.1888064742088318,1.6127704322338103
bike,dune_bayes,3363,dispersion,0.761130028963089,1.0482621788978577,1.3501087367534637
bike,dune_bayes,3364,dispersion,1.0110015749931336,1.3487701416015625,1.7230418264865872
bike,dune_bayes,3365,dispersion,0.8063198059797287,1.1811752319335938,1.640987068414688
bike,dune_bayes,3366,dispersion,0.4893311455845833,0.7855805456638336,1.1895978212356564
bike,dune_bayes,3367,dispersion,0.6856977641582489,0.9699951410293579,1.2545598328113554
bike,dune_bayes,3368,dispersion,0.8979259699583054,1.2092621326446533,1.52398265004158
bike,dune_bayes,3369,dispersion,1.0396410405635834,1.3739107847213745,1.717446434497833
bike,dune_bayes,3370,dispersion,0.8396489590406417,1.1422004699707031,1.4447558999061585
bike,dune_bayes,3371,dispersion,0.5154936999082566,0.8416215479373932,1.2574254274368284
bike,dune_bayes,3372,dispersion,0.5605324894189835,0.8442199528217316,1.1278759479522704
bike,dune_bayes,3373,dispersion,0.8576795488595963,1.1652547717094421,1.4772461175918576
bike,dune_bayes,3374,dispersion,0.41573947221040725,0.6798559129238129,0.9713879138231277
bike,dune_bayes,3375,dispersion,0.5548796772956848,0.8591257631778717,1.1921807646751397
bike,dune_bayes,3376,dispersion,1.0693986415863037,1.4782994389533997,1.9797859907150264
bike,dune_bayes,3377,dispersion,1.6010018646717072,2.049338221549988,2.520090389251709
bike,dune_bayes,3378,dispersion,1.5297045469284059,1.9621369242668152,2.3960605263710018
bike,dune_bayes,3379,dispersion,0.7709303200244904,1.0413049459457397,1.3174936950206755
bike,dune_bayes,3380,dispersion,1.3211837768554688,1.6943818926811218,2.0750778675079347
bike,dune_bayes,3381,dispersion,1.4103682696819306,1.8127151727676392,2.2525343775749205
bike,dune_bayes,3382,dispersion,1.3060466587543489,1.840573787689209,2.504155039787292
bike,dune_bayes,3383,dispersion,1.3227374851703644,1.8718072175979614,2.495282506942748
bike,dune_bayes,3384,dispersion,1.1481463968753816,1.6014880537986755,2.146587836742401
bike,dune_bayes,3385,dispersion,1.1416481077671052,1.5913327932357788,2.133901119232177
bike,dune_bayes,3386,dispersion,0.5154581516981125,0.7572661340236664,1.052040576934814
bike,dune_bayes,3387,dispersion,0.6014507085084915,0.9670864343643188,1.4149460792541502
bike,dune_bayes,3388,dispersion,0.9189334452152252,1.3193495869636536,1.8123370587825776
bike,dune_bayes,3389,dispersion,1.0301122307777404,1.4900436997413635,2.0543676733970635
bike,dune_bayes,3390,dispersion,1.0358464241027832,1.5471826791763306,2.173596632480621
bike,dune_bayes,3391,dispersion,1.0358464241027832,1.5471826791763306,2.173596632480621
bike,dune_bayes,3392,dispersion,1.0358464241027832,1.5471826791763306,2.173596632480621
bike,dune_bayes,3393,dispersion,0.973656389117241,1.40249902009964,1.9149408102035521
bike,dune_bayes,3394,dispersion,0.8590918362140656,1.2416977286338806,1.7081380188465118
bike,dune_bayes,3395,dispersion,0.9035445004701614,1.3541606664657593,1.9138957619667052
bike,dune_bayes,3396,dispersion,0.8327444195747375,1.1954721212387085,1.6354293346405029
bike,dune_bayes,3397,dispersion,1.2249055564403535,1.6378867030143738,2.102377963066101
bike,dune_bayes,3398,dispersion,1.1572728872299194,1.6410765051841736,2.201253294944763
bike,dune_bayes,3399,dispersion,1.1810049057006835,1.5904291868209839,2.056112504005432
bike,dune_bayes,3400,dispersion,1.1324519872665406,1.5018187165260315,1.9129378616809845
bike,dune_bayes,3401,dispersion,0.7225528299808502,0.9245204627513885,1.1452564895153041
bike,dune_bayes,3402,dispersion,0.6257765591144562,0.9097949266433716,1.2370577633380888
bike,dune_bayes,3403,dispersion,1.5297045469284059,1.9621369242668152,2.3960605263710018
bike,dune_bayes,3404,dispersion,1.535698229074478,1.9861047863960266,2.4613176345825196
bike,dune_bayes,3405,dispersion,1.17203027009964,1.5195232033729553,1.9196493566036223
bike,dune_bayes,3406,dispersion,0.5760840147733688,0.7931302785873413,1.0362873256206508
bike,dune_bayes,3407,dispersion,0.5041797995567322,0.7086523473262787,0.9293682008981703
bike,dune_bayes,3408,dispersion,0.9430839002132416,1.2338575720787048,1.5535601794719696
bike,dune_bayes,3409,dispersion,0.5757205039262772,0.8625965714454651,1.1889723777770993
bike,dune_bayes,3410,dispersion,0.9419377803802491,1.3885617852210999,1.8492903530597684
bike,dune_bayes,3411,dispersion,0.8067189365625381,1.2330370545387268,1.7826070487499237
bike,dune_bayes,3412,dispersion,0.9888810306787491,1.425424337387085,1.9375333547592162
bike,dune_bayes,3413,dispersion,0.5140289753675461,0.9170581698417664,1.4694845378398893
bike,dune_bayes,3414,dispersion,0.7981586158275604,1.0798140168190002,1.3544682860374448
bike,dune_bayes,3415,dispersion,0.8220524877309799,1.186798095703125,1.5952588200569149
bike,dune_bayes,3416,dispersion,0.5614386796951294,0.8808610141277313,1.218065971136093
bike,dune_bayes,3417,dispersion,0.3693405091762543,0.7033036053180695,1.220159578323364
bike,dune_bayes,3418,dispersion,0.4095469906926155,0.7168360352516174,1.1733151614665982
bike,dune_bayes,3419,dispersion,0.34507464021444323,0.6995260417461395,1.2600788354873653
bike,dune_bayes,3420,dispersion,0.2569888010621071,0.5197008550167084,0.9241768717765806
bike,dune_bayes,3421,dispersion,0.30511034578084945,0.5781303942203522,1.0006277978420257
bike,dune_bayes,3422,dispersion,0.40314350575208663,0.673573225736618,1.0330762922763825
bike,dune_bayes,3423,dispersion,0.39072520434856417,0.7059330940246582,1.193648326396942
bike,dune_bayes,3424,dispersion,0.5825590282678604,0.9275401532649994,1.3025162279605864
bike,dune_bayes,3425,dispersion,0.6273723483085633,0.9743331074714661,1.3756451427936551
bike,dune_bayes,3426,dispersion,0.7269645720720291,1.113486886024475,1.554224973917007
bike,dune_bayes,3427,dispersion,0.40377540439367293,0.6761365532875061,1.0043115258216857
bike,dune_bayes,3428,dispersion,0.3530748948454857,0.5964348912239075,0.8962170362472534
bike,dune_bayes,3429,dispersion,0.27508835941553117,0.49839848279953003,0.8080674082040785
bike,dune_bayes,3430,dispersion,0.42070316821336745,0.7518421411514282,1.1566746473312377
bike,dune_bayes,3431,dispersion,1.63884779214859,2.196621060371399,2.7913051724433897
bike,dune_bayes,3432,dispersion,1.6263614177703858,2.1107518672943115,2.6021867990493774
bike,dune_bayes,3433,dispersion,1.6025840044021606,2.0826797485351562,2.5715599060058594
bike,dune_bayes,3434,dispersion,1.3529447257518767,1.937123954296112,2.606653010845184
bike,dune_bayes,3435,dispersion,1.3456030726432802,1.9315418004989624,2.6214878201484675
bike,dune_bayes,3436,dispersion,1.1632767617702484,1.6889604926109314,2.329316020011902
bike,dune_bayes,3437,dispersion,1.0318558275699616,1.4470900297164917,1.961280566453933
bike,dune_bayes,3438,dispersion,0.7231060057878494,1.0608494877815247,1.4571394264698028
bike,dune_bayes,3439,dispersion,1.0965358912944794,1.468182384967804,1.8712342321872708
bike,dune_bayes,3440,dispersion,1.386730319261551,1.7818870544433594,2.1966213822364806
bike,dune_bayes,3441,dispersion,1.6262024581432344,2.1607545614242554,2.7247719049453734
bike,dune_bayes,3442,dispersion,1.5596047341823578,2.095971703529358,2.650282275676727
bike,dune_bayes,3443,dispersion,1.6486155629158021,2.1960620880126953,2.731787014007568
bike,dune_bayes,3444,dispersion,1.3945855796337128,1.9303258061408997,2.4758633971214294
bike,dune_bayes,3445,dispersion,1.3945855796337128,1.9303258061408997,2.4758633971214294
bike,dune_bayes,3446,dispersion,1.4006722927093507,2.0302215814590454,2.6916441082954403
bike,dune_bayes,3447,dispersion,1.08192999958992,1.6403279900550842,2.295957958698273
bike,dune_bayes,3448,dispersion,1.014065045118332,1.4472864866256714,1.9137820661067961
bike,dune_bayes,3449,dispersion,0.6966810077428818,1.0795496702194214,1.5633555650711057
bike,dune_bayes,3450,dispersion,0.7647462010383607,1.0946701169013977,1.4644178509712213
bike,dune_bayes,3451,dispersion,1.150015389919281,1.5042321681976318,1.9382541298866272
bike,dune_bayes,3452,dispersion,0.997974494099617,1.3773909211158752,1.7786650598049163
bike,dune_bayes,3453,dispersion,1.1219945132732392,1.4823291897773743,1.8481663525104521
bike,dune_bayes,3454,dispersion,1.1219945132732392,1.4823291897773743,1.8481663525104521
bike,dune_bayes,3455,dispersion,1.2855796754360198,1.6657776236534119,2.0941899776458737
bike,dune_bayes,3456,dispersion,1.4251592993736268,1.8086107969284058,2.219839859008789
bike,dune_bayes,3457,dispersion,1.437568575143814,1.8439873456954956,2.2962185978889464
bike,dune_bayes,3458,dispersion,1.1901748061180115,1.7171229124069214,2.3562469840049745
bike,dune_bayes,3459,dispersion,1.1974908113479614,1.6796066164970398,2.243165266513824
bike,dune_bayes,3460,dispersion,1.4940380513668061,2.173119306564331,2.963733339309692
bike,dune_bayes,3461,dispersion,1.3250969469547271,1.8789120316505432,2.521333634853363
bike,dune_bayes,3462,dispersion,1.017918837070465,1.4437857866287231,1.9455790817737575
bike,dune_bayes,3463,dispersion,1.1892128229141237,1.6784465909004211,2.248105788230896
bike,dune_bayes,3464,dispersion,0.5597493171691894,0.9271493554115295,1.4040708959102626
bike,dune_bayes,3465,dispersion,0.6696084469556809,1.007017195224762,1.3752696216106408
bike,dune_bayes,3466,dispersion,0.36934734582901,0.6429249048233032,1.0156120002269744
bike,dune_bayes,3467,dispersion,0.7192362815141677,1.1015514731407166,1.5148918390274049
bike,dune_bayes,3468,dispersion,1.1026935279369354,1.4866180419921875,1.8466586053371425
bike,dune_bayes,3469,dispersion,1.699358129501343,2.156641721725464,2.6469984054565425
bike,dune_bayes,3470,dispersion,1.4608514249324798,1.863701045513153,2.276943218708038
bike,dune_bayes,3471,dispersion,1.6794515609741212,2.1410235166549683,2.5873608112335202
bike,dune_bayes,3472,dispersion,1.1578345119953155,1.5041643381118774,1.8540360808372496
bike,dune_bayes,3473,dispersion,0.6243450313806533,0.947269469499588,1.2753585577011106
bike,dune_bayes,3474,dispersion,0.7749461710453034,1.1090259552001953,1.4417192041873932
bike,dune_bayes,3475,dispersion,1.0653764963150025,1.3927310109138489,1.7256258130073547
