dataset,model,observation,parameter,q05,q50,q95
naval,dune_bayes,0,mean,0.9031510710716247,0.9335805475711823,0.9543571919202805
naval,dune_bayes,1,mean,0.9060633569955826,0.9355724155902863,0.9556689172983169
naval,dune_bayes,2,mean,0.9270275503396987,0.9618023633956909,0.9812193274497986
naval,dune_bayes,3,mean,0.914754518866539,0.9488116204738617,0.9678026467561722
naval,dune_bayes,4,mean,0.9402112692594529,0.9642046988010406,0.9775588244199753
naval,dune_bayes,5,mean,0.9218519300222396,0.9515549540519714,0.9715191841125488
naval,dune_bayes,6,mean,0.9151087939739228,0.9489748775959015,0.9678212612867355
naval,dune_bayes,7,mean,0.9344929873943328,0.9577234983444214,0.9730520665645599
naval,dune_bayes,8,mean,0.9223397105932236,0.9518438875675201,0.9716843277215957
naval,dune_bayes,9,mean,0.9272699177265167,0.9619091749191284,0.9812546610832215
naval,dune_bayes,10,mean,0.9408521592617035,0.9646455645561218,0.9778216004371643
naval,dune_bayes,11,mean,0.916544508934021,0.949918270111084,0.9684402763843536
naval,dune_bayes,12,mean,0.9179218769073486,0.9507238864898682,0.9688456207513809
naval,dune_bayes,13,mean,0.9419192641973495,0.9652976393699646,0.9782296687364578
naval,dune_bayes,14,mean,0.9277357161045074,0.9621179699897766,0.9813208103179931
naval,dune_bayes,15,mean,0.9198111861944198,0.9519845247268677,0.9697385221719742
naval,dune_bayes,16,mean,0.9292277514934539,0.9514735043048859,0.9657196074724197
naval,dune_bayes,17,mean,0.9340655148029328,0.9580614268779755,0.972041442990303
naval,dune_bayes,18,mean,0.9163696497678757,0.9428933262825012,0.960566109418869
naval,dune_bayes,19,mean,0.9251630514860153,0.9535787999629974,0.9726980358362197
naval,dune_bayes,20,mean,0.9279489070177078,0.9622138142585754,0.9813462734222412
naval,dune_bayes,21,mean,0.9261139839887619,0.9541524648666382,0.9730698436498642
naval,dune_bayes,22,mean,0.9436645090579987,0.9663070142269135,0.9789778590202332
naval,dune_bayes,23,mean,0.9265740424394607,0.9544287919998169,0.9732491910457611
naval,dune_bayes,24,mean,0.9332053631544113,0.9541869759559631,0.9676766157150268
naval,dune_bayes,25,mean,0.9284404039382934,0.9624233841896057,0.9814054131507873
naval,dune_bayes,26,mean,0.9367889136075973,0.9598790109157562,0.9732839852571488
naval,dune_bayes,27,mean,0.928572541475296,0.9624775946140289,0.9814229995012284
naval,dune_bayes,28,mean,0.9231981813907624,0.9477575421333313,0.9638917595148087
naval,dune_bayes,29,mean,0.9278958112001419,0.955227255821228,0.9737646043300628
naval,dune_bayes,30,mean,0.9423761546611786,0.9668196737766266,0.9806609928607941
naval,dune_bayes,31,mean,0.9431682527065277,0.9631868898868561,0.9766424357891083
naval,dune_bayes,32,mean,0.9288231700658798,0.9625609517097473,0.9814545482397079
naval,dune_bayes,33,mean,0.9338518708944321,0.9613581597805023,0.9761099457740784
naval,dune_bayes,34,mean,0.9290469974279404,0.962636798620224,0.9814787238836289
naval,dune_bayes,35,mean,0.9376057863235474,0.9573402404785156,0.9700395941734313
naval,dune_bayes,36,mean,0.945011368393898,0.9643037021160126,0.9773918241262436
naval,dune_bayes,37,mean,0.9296518594026566,0.9562623500823975,0.9744489341974258
naval,dune_bayes,38,mean,0.9398362070322037,0.9618315696716309,0.9746663898229598
naval,dune_bayes,39,mean,0.9469242334365845,0.9682298600673676,0.980310469865799
naval,dune_bayes,40,mean,0.9468589842319488,0.9654525816440582,0.9781076043844223
naval,dune_bayes,41,mean,0.9472414910793304,0.9684208631515503,0.9804326087236405
naval,dune_bayes,42,mean,0.9402874827384948,0.9592815041542053,0.971485948562622
naval,dune_bayes,43,mean,0.9439512372016907,0.9670810401439667,0.9804935038089753
naval,dune_bayes,44,mean,0.953737786412239,0.9738649129867554,0.9849336683750153
naval,dune_bayes,45,mean,0.9289546877145767,0.9546829164028168,0.9696677714586258
naval,dune_bayes,46,mean,0.9213732153177261,0.9513227343559265,0.9714105755090713
naval,dune_bayes,47,mean,0.9232346177101135,0.9474243819713593,0.9628655821084976
naval,dune_bayes,48,mean,0.9277009904384613,0.9621612727642059,0.9814030826091766
naval,dune_bayes,49,mean,0.9342724859714509,0.9576487839221954,0.9729685246944427
naval,dune_bayes,50,mean,0.9223504900932312,0.9519149363040924,0.9717407792806625
naval,dune_bayes,51,mean,0.9251743644475937,0.9486634433269501,0.9637625485658645
naval,dune_bayes,52,mean,0.9128105789422989,0.9403841197490692,0.9588099092245101
naval,dune_bayes,53,mean,0.9243072628974914,0.953099250793457,0.9724074840545653
naval,dune_bayes,54,mean,0.9282913655042648,0.9624184370040894,0.9814885199069977
naval,dune_bayes,55,mean,0.9337221771478653,0.9578138887882233,0.97186459004879
naval,dune_bayes,56,mean,0.9294430941343308,0.9516235589981079,0.9658292025327683
naval,dune_bayes,57,mean,0.921673771739006,0.9530692994594574,0.9703297287225723
naval,dune_bayes,58,mean,0.9342949897050857,0.9581992626190186,0.9721265107393264
naval,dune_bayes,59,mean,0.930286881327629,0.9521976709365845,0.9662384897470474
naval,dune_bayes,60,mean,0.9206972658634186,0.9538560807704926,0.9721253037452697
naval,dune_bayes,61,mean,0.9044056326150894,0.9432053864002228,0.9656456977128982
naval,dune_bayes,62,mean,0.9187990576028824,0.9446360170841217,0.9617546260356903
naval,dune_bayes,63,mean,0.890340319275856,0.9324823021888733,0.9581371307373047
naval,dune_bayes,64,mean,0.9257292240858078,0.9558543264865875,0.9721298217773438
naval,dune_bayes,65,mean,0.9271212369203568,0.9547869563102722,0.9734556615352631
naval,dune_bayes,66,mean,0.9290043711662292,0.9627352654933929,0.9815790772438049
naval,dune_bayes,67,mean,0.9334642916917801,0.9543746113777161,0.9677803218364716
naval,dune_bayes,68,mean,0.9275666922330856,0.9550563097000122,0.9736266076564789
naval,dune_bayes,69,mean,0.9370069563388824,0.9600242376327515,0.9733653843402862
naval,dune_bayes,70,mean,0.9429819375276566,0.963075578212738,0.9765831738710403
naval,dune_bayes,71,mean,0.9357149183750153,0.9559217095375061,0.9689821988344193
naval,dune_bayes,72,mean,0.9243341445922851,0.9485653936862946,0.9644426643848419
naval,dune_bayes,73,mean,0.9289396703243256,0.9558836817741394,0.9741613924503326
naval,dune_bayes,74,mean,0.9254237741231919,0.9493393301963806,0.9649531275033951
naval,dune_bayes,75,mean,0.9395565390586853,0.9616567492485046,0.9745238453149795
naval,dune_bayes,76,mean,0.9275676220655441,0.9508243203163147,0.9659257113933564
naval,dune_bayes,77,mean,0.9454844504594803,0.9646346867084503,0.9775983035564423
naval,dune_bayes,78,mean,0.9286400943994522,0.951548844575882,0.9664140701293945
naval,dune_bayes,79,mean,0.9405028462409973,0.962267130613327,0.9749516874551772
naval,dune_bayes,80,mean,0.9301017254590989,0.9631344974040985,0.9817120939493179
naval,dune_bayes,81,mean,0.9315575629472732,0.957380622625351,0.9751758515834809
naval,dune_bayes,82,mean,0.9302236139774323,0.9631786346435547,0.981727996468544
naval,dune_bayes,83,mean,0.9404910802841187,0.9594184756278992,0.9715679466724395
naval,dune_bayes,84,mean,0.9491130501031876,0.9668840169906616,0.9789764970541001
naval,dune_bayes,85,mean,0.9539590060710907,0.9739903211593628,0.9849971801042556
naval,dune_bayes,86,mean,0.9297719925642014,0.9552304744720459,0.9700259238481521
naval,dune_bayes,87,mean,0.9223731815814972,0.9519871771335602,0.9718055725097656
naval,dune_bayes,88,mean,0.9406078606843948,0.964406281709671,0.9777089148759842
naval,dune_bayes,89,mean,0.9304036945104599,0.9556614458560944,0.9703166455030441
naval,dune_bayes,90,mean,0.9262868672609329,0.9494079947471619,0.9643082618713379
naval,dune_bayes,91,mean,0.9101583629846572,0.9384829998016357,0.9575772523880005
naval,dune_bayes,92,mean,0.9286865055561065,0.9626510441303253,0.9816257387399674
naval,dune_bayes,93,mean,0.9115257799625397,0.9394706189632416,0.9582160532474517
naval,dune_bayes,94,mean,0.9243192434310913,0.9531533420085907,0.9724631488323211
naval,dune_bayes,95,mean,0.9180624514818192,0.9508067965507507,0.9688439965248108
naval,dune_bayes,96,mean,0.9280531734228135,0.9506109952926636,0.9651573985815048
naval,dune_bayes,97,mean,0.9127809166908264,0.9403679370880127,0.9588139563798904
naval,dune_bayes,98,mean,0.9199842691421509,0.9520788490772247,0.9697651982307434
naval,dune_bayes,99,mean,0.9288652837276459,0.9512020647525787,0.9655523091554642
naval,dune_bayes,100,mean,0.9140930533409118,0.9412902891635895,0.9594374507665634
naval,dune_bayes,101,mean,0.9430156648159027,0.9659518897533417,0.9786407202482224
naval,dune_bayes,102,mean,0.9344748318195343,0.9583070874214172,0.9721914827823639
naval,dune_bayes,103,mean,0.939523634314537,0.9609085321426392,0.9751863718032837
naval,dune_bayes,104,mean,0.9433752685785294,0.9661618769168854,0.9787893772125245
naval,dune_bayes,105,mean,0.9401769757270813,0.9613145291805267,0.9754530489444733
naval,dune_bayes,106,mean,0.9294263809919358,0.9629787802696228,0.9817306131124497
naval,dune_bayes,107,mean,0.9199825286865234,0.9534644484519958,0.9718905866146088
naval,dune_bayes,108,mean,0.9437223613262177,0.9663648009300232,0.9789450824260711
naval,dune_bayes,109,mean,0.9271919399499893,0.954892486333847,0.9734954804182052
naval,dune_bayes,110,mean,0.9144261986017227,0.9500956237316132,0.9699232429265976
naval,dune_bayes,111,mean,0.9282195895910264,0.9575807154178619,0.9732508003711701
naval,dune_bayes,112,mean,0.9337245792150497,0.9545626044273376,0.9679083019495011
naval,dune_bayes,113,mean,0.8881699830293656,0.9318291544914246,0.9570945650339127
naval,dune_bayes,114,mean,0.9447523772716522,0.9669541418552399,0.9794059664011001
naval,dune_bayes,115,mean,0.9371866017580033,0.9601384103298187,0.9734303295612335
naval,dune_bayes,116,mean,0.9427891641855239,0.9629778563976288,0.9765204399824142
naval,dune_bayes,117,mean,0.938250795006752,0.9608336091041565,0.9739136785268784
naval,dune_bayes,118,mean,0.9344979405403138,0.9617601335048676,0.9763603925704956
naval,dune_bayes,119,mean,0.9387667387723923,0.9611598253250122,0.9741481602191925
naval,dune_bayes,120,mean,0.9255199253559112,0.9494024217128754,0.9650079786777497
naval,dune_bayes,121,mean,0.9460401386022568,0.9677078127861023,0.9799359947443008
naval,dune_bayes,122,mean,0.9452592432498932,0.9645381271839142,0.9775231063365937
naval,dune_bayes,123,mean,0.9382380843162537,0.9640101790428162,0.9780516624450684
naval,dune_bayes,124,mean,0.9305406868457794,0.9634293019771576,0.9818693608045578
naval,dune_bayes,125,mean,0.9580973744392395,0.9762918949127197,0.9865914225578308
naval,dune_bayes,126,mean,0.940236684679985,0.9621006548404694,0.9748138427734375
naval,dune_bayes,127,mean,0.9286697983741761,0.9515635669231415,0.9664440631866456
naval,dune_bayes,128,mean,0.9312605887651444,0.9572673439979553,0.9750549554824829
naval,dune_bayes,129,mean,0.9394080579280853,0.9586293995380402,0.9709567487239837
naval,dune_bayes,130,mean,0.9471526801586151,0.965682864189148,0.9782636404037476
naval,dune_bayes,131,mean,0.9416572481393815,0.9630196392536163,0.9754576772451401
naval,dune_bayes,132,mean,0.9315808087587356,0.9536531567573547,0.9678386598825455
naval,dune_bayes,133,mean,0.931016132235527,0.9635823667049408,0.9819274783134461
naval,dune_bayes,134,mean,0.947895297408104,0.9688007235527039,0.980672863125801
naval,dune_bayes,135,mean,0.9489559978246689,0.9668035209178925,0.9789496779441833
naval,dune_bayes,136,mean,0.9334936827421189,0.9549919664859772,0.9688367038965225
naval,dune_bayes,137,mean,0.9154343634843827,0.9492417871952057,0.9680686086416245
naval,dune_bayes,138,mean,0.9074857532978058,0.9366090595722198,0.9564057856798172
naval,dune_bayes,139,mean,0.9088157027959823,0.9375388324260712,0.9570025622844696
naval,dune_bayes,140,mean,0.9292181223630905,0.962946355342865,0.981786671280861
naval,dune_bayes,141,mean,0.9101693391799927,0.9385025203227997,0.9576190441846848
naval,dune_bayes,142,mean,0.9418128997087478,0.9652402400970459,0.9781948745250701
naval,dune_bayes,143,mean,0.9115186750888824,0.9394775927066803,0.9582343339920044
naval,dune_bayes,144,mean,0.9329627156257629,0.957342267036438,0.9714793682098388
naval,dune_bayes,145,mean,0.9546898663043976,0.9743244051933289,0.9852315127849579
naval,dune_bayes,146,mean,0.9165769338607788,0.9430245161056519,0.9606559365987778
naval,dune_bayes,147,mean,0.9267412543296814,0.9546882510185242,0.9733381450176238
naval,dune_bayes,148,mean,0.9226653456687928,0.9536515176296234,0.9707034438848495
naval,dune_bayes,149,mean,0.9315713793039322,0.953095018863678,0.966870355606079
naval,dune_bayes,150,mean,0.9300922691822052,0.9633314907550812,0.9819132447242737
naval,dune_bayes,151,mean,0.9323901385068893,0.9536626935005188,0.9672667533159256
naval,dune_bayes,152,mean,0.9363278418779373,0.9595433473587036,0.9730202406644821
naval,dune_bayes,153,mean,0.9419221431016922,0.9624505043029785,0.9761815071105957
naval,dune_bayes,154,mean,0.9281663060188293,0.9555338323116302,0.9738810002803803
naval,dune_bayes,155,mean,0.9212189435958862,0.9463598132133484,0.9629333883523941
naval,dune_bayes,156,mean,0.8943647086620331,0.9356615245342255,0.9602625459432602
naval,dune_bayes,157,mean,0.9384182125329972,0.9609434604644775,0.9739738404750824
naval,dune_bayes,158,mean,0.930850264430046,0.9636675417423248,0.9820081114768981
naval,dune_bayes,159,mean,0.9394549638032913,0.9616080224514008,0.9744448870420456
naval,dune_bayes,160,mean,0.9308820366859436,0.9571257531642914,0.9749127566814423
naval,dune_bayes,161,mean,0.9465322971343995,0.9680038690567017,0.9801150918006897
naval,dune_bayes,162,mean,0.9312344461679458,0.9638068377971649,0.9820586174726487
naval,dune_bayes,163,mean,0.9468569278717041,0.9681941270828247,0.9802427232265473
naval,dune_bayes,164,mean,0.9469746589660645,0.9656020998954773,0.9782146096229554
naval,dune_bayes,165,mean,0.9313404649496079,0.9638372659683228,0.9820695847272873
naval,dune_bayes,166,mean,0.955579262971878,0.9749936163425446,0.9855220943689346
naval,dune_bayes,167,mean,0.9409045934677124,0.9625393152236938,0.9751081645488738
naval,dune_bayes,168,mean,0.9315930634737015,0.9639122486114502,0.9821030527353287
naval,dune_bayes,169,mean,0.9481134802103043,0.9689283967018127,0.9807383507490158
naval,dune_bayes,170,mean,0.9326270163059235,0.9543861746788025,0.968352061510086
naval,dune_bayes,171,mean,0.9499487698078155,0.9674584567546844,0.9793499261140823
naval,dune_bayes,172,mean,0.9582046687602996,0.9762512147426605,0.9864315062761306
naval,dune_bayes,173,mean,0.9510709911584854,0.9681626558303833,0.9797538787126541
naval,dune_bayes,174,mean,0.9160773634910584,0.9494982063770294,0.968049857020378
naval,dune_bayes,175,mean,0.9313679873943329,0.9563034176826477,0.9707265198230743
naval,dune_bayes,176,mean,0.9257878303527832,0.9491654634475708,0.9641342312097549
naval,dune_bayes,177,mean,0.9363551080226898,0.9590669274330139,0.973882994055748
naval,dune_bayes,178,mean,0.9243492692708969,0.9532826244831085,0.9725793957710266
naval,dune_bayes,179,mean,0.9416764944791793,0.9651094079017639,0.9781285732984543
naval,dune_bayes,180,mean,0.9319791406393051,0.9567199349403381,0.9710071623325348
naval,dune_bayes,181,mean,0.942005729675293,0.9653480648994446,0.9782678633928299
naval,dune_bayes,182,mean,0.9325871348381043,0.957107424736023,0.9712869822978973
naval,dune_bayes,183,mean,0.925312751531601,0.9538573622703552,0.9729043245315552
naval,dune_bayes,184,mean,0.9423520684242248,0.9655788242816925,0.9784032374620437
naval,dune_bayes,185,mean,0.9337785720825196,0.9578612148761749,0.9718303143978119
naval,dune_bayes,186,mean,0.9390691518783569,0.9607176184654236,0.975031903386116
naval,dune_bayes,187,mean,0.9430731803178787,0.9660033881664276,0.9786676645278931
naval,dune_bayes,188,mean,0.9263484358787537,0.9560915231704712,0.9722948670387268
naval,dune_bayes,189,mean,0.9434258133172989,0.966211199760437,0.9787988990545273
naval,dune_bayes,190,mean,0.9437306553125382,0.966386616230011,0.9789117485284805
naval,dune_bayes,191,mean,0.935439071059227,0.9589274525642395,0.9725953310728073
naval,dune_bayes,192,mean,0.9178479671478271,0.9439093470573425,0.9612829327583313
naval,dune_bayes,193,mean,0.9410732716321946,0.9619589745998383,0.9758496284484863
naval,dune_bayes,194,mean,0.9277102202177048,0.9553252458572388,0.9737214922904968
naval,dune_bayes,195,mean,0.9276532828807831,0.957042396068573,0.9728959619998931
naval,dune_bayes,196,mean,0.9281792312860488,0.9556070566177368,0.9739016056060791
naval,dune_bayes,197,mean,0.938938221335411,0.9645976424217224,0.9791036069393158
naval,dune_bayes,198,mean,0.9306219518184662,0.9591525495052338,0.9744125813245773
naval,dune_bayes,199,mean,0.922393724322319,0.9471941292285919,0.9635003447532654
naval,dune_bayes,200,mean,0.9436302691698074,0.9635463356971741,0.976891502737999
naval,dune_bayes,201,mean,0.9295590221881866,0.9564157724380493,0.9744273304939269
naval,dune_bayes,202,mean,0.9313823074102402,0.9639506340026855,0.9821725159883499
naval,dune_bayes,203,mean,0.93641676902771,0.9563837945461273,0.9692870438098907
naval,dune_bayes,204,mean,0.9245668053627014,0.9487479329109192,0.9645557761192322
naval,dune_bayes,205,mean,0.9461041986942291,0.9677448868751526,0.9799216598272323
naval,dune_bayes,206,mean,0.939104950428009,0.9613904356956482,0.9742795020341873
naval,dune_bayes,207,mean,0.9309570223093033,0.9572389423847198,0.974957799911499
naval,dune_bayes,208,mean,0.9394931823015213,0.9647723138332367,0.9785904228687287
naval,dune_bayes,209,mean,0.940135058760643,0.9620487987995148,0.9747464090585708
naval,dune_bayes,210,mean,0.9385460436344146,0.9579476118087769,0.9704383939504623
naval,dune_bayes,211,mean,0.9320099025964736,0.9642027616500854,0.9822535514831543
naval,dune_bayes,212,mean,0.9411248981952667,0.962683230638504,0.9751981526613235
naval,dune_bayes,213,mean,0.9485981822013855,0.9666490256786346,0.978861728310585
naval,dune_bayes,214,mean,0.9322556614875793,0.96427121758461,0.9822834730148315
naval,dune_bayes,215,mean,0.9318185538053513,0.9537689387798309,0.9679511398077011
naval,dune_bayes,216,mean,0.9327229738235474,0.954433262348175,0.9684039622545242
naval,dune_bayes,217,mean,0.9497568875551223,0.9673651456832886,0.979296725988388
naval,dune_bayes,218,mean,0.9615742623806,0.9781382381916046,0.9876494824886322
naval,dune_bayes,219,mean,0.9344855040311814,0.9592104554176331,0.9762848019599915
naval,dune_bayes,220,mean,0.9591941773891449,0.9768431186676025,0.9867911905050277
naval,dune_bayes,221,mean,0.9501343399286271,0.9708501994609833,0.9831934481859207
naval,dune_bayes,222,mean,0.9520035088062286,0.9687910377979279,0.980141493678093
naval,dune_bayes,223,mean,0.9179150760173798,0.9507199227809906,0.9686995685100556
naval,dune_bayes,224,mean,0.9101308882236481,0.9385090470314026,0.9576703995466233
naval,dune_bayes,225,mean,0.9460420310497284,0.969049721956253,0.9818872213363647
naval,dune_bayes,226,mean,0.9559990733861923,0.9750908017158508,0.9858077257871628
naval,dune_bayes,227,mean,0.9191504031419754,0.951545238494873,0.9692971497774124
naval,dune_bayes,228,mean,0.9286990344524384,0.9510639607906342,0.9654978960752487
naval,dune_bayes,229,mean,0.9127944380044937,0.9404151737689972,0.9588814586400985
naval,dune_bayes,230,mean,0.9262957721948624,0.9545068740844727,0.97328961789608
naval,dune_bayes,231,mean,0.9590205669403076,0.976841002702713,0.986771360039711
naval,dune_bayes,232,mean,0.9295945525169372,0.9516811072826385,0.9659187942743301
naval,dune_bayes,233,mean,0.9309663474559784,0.963834136724472,0.9822033852338791
naval,dune_bayes,234,mean,0.9225395888090133,0.9535762667655945,0.9706568896770478
naval,dune_bayes,235,mean,0.9560259252786636,0.9751081466674805,0.9857240408658982
naval,dune_bayes,236,mean,0.924364098906517,0.95469731092453,0.9713300973176956
naval,dune_bayes,237,mean,0.940851879119873,0.9618669152259827,0.9757747322320938
naval,dune_bayes,238,mean,0.9277108162641525,0.9553700983524323,0.9737673759460449
naval,dune_bayes,239,mean,0.9312412232160568,0.963965117931366,0.9822450786828995
naval,dune_bayes,240,mean,0.9190585523843765,0.9447486698627472,0.9618655502796173
naval,dune_bayes,241,mean,0.9367185950279235,0.9597769379615784,0.9731728464365005
naval,dune_bayes,242,mean,0.931626483798027,0.9641191959381104,0.9822946012020111
naval,dune_bayes,243,mean,0.9372650295495987,0.960145115852356,0.9734245926141739
naval,dune_bayes,244,mean,0.9332490175962448,0.9608978927135468,0.9757128268480301
naval,dune_bayes,245,mean,0.9377518951892853,0.9604815244674683,0.9736505687236786
naval,dune_bayes,246,mean,0.9456234067678452,0.9674862325191498,0.9797112137079239
naval,dune_bayes,247,mean,0.9382812559604645,0.9608381688594818,0.9738942801952362
naval,dune_bayes,248,mean,0.9235830962657928,0.9480414986610413,0.9640844970941543
naval,dune_bayes,249,mean,0.9305144935846329,0.957042783498764,0.9748062461614608
naval,dune_bayes,250,mean,0.9379716098308564,0.9638300240039825,0.9778917163610458
naval,dune_bayes,251,mean,0.932291442155838,0.9644216001033783,0.982383993268013
naval,dune_bayes,252,mean,0.8926219046115875,0.9345829486846924,0.9589080810546875
naval,dune_bayes,253,mean,0.9403405994176864,0.9652596116065979,0.9789420992136002
naval,dune_bayes,254,mean,0.938786581158638,0.9580788910388947,0.9705423444509506
naval,dune_bayes,255,mean,0.9472447842359543,0.9684292078018188,0.9803595989942551
naval,dune_bayes,256,mean,0.9477876484394073,0.9661422073841095,0.9785588532686234
naval,dune_bayes,257,mean,0.9170081049203873,0.9513590037822723,0.9702908456325531
naval,dune_bayes,258,mean,0.9483867377042771,0.9665239453315735,0.9787911981344223
naval,dune_bayes,259,mean,0.9344859689474105,0.962139755487442,0.9775163650512695
naval,dune_bayes,260,mean,0.9309443324804306,0.953100860118866,0.9675295054912567
naval,dune_bayes,261,mean,0.9422241628170014,0.9634110927581787,0.9757080733776092
naval,dune_bayes,262,mean,0.9319135427474976,0.9538088738918304,0.9679986208677291
naval,dune_bayes,263,mean,0.9330445885658264,0.9646756649017334,0.9824830174446106
naval,dune_bayes,264,mean,0.9327901840209961,0.9544583261013031,0.9684388607740402
naval,dune_bayes,265,mean,0.9487533122301102,0.9693163335323334,0.9809593588113785
naval,dune_bayes,266,mean,0.9336946099996567,0.9551168978214264,0.9688851177692414
naval,dune_bayes,267,mean,0.9490490734577179,0.9694897532463074,0.9810776442289353
naval,dune_bayes,268,mean,0.9355423092842102,0.9564171433448792,0.9698615968227386
naval,dune_bayes,269,mean,0.9518915235996246,0.968708872795105,0.9801179319620132
naval,dune_bayes,270,mean,0.9597031980752945,0.9771410226821899,0.9869582980871201
naval,dune_bayes,271,mean,0.9591617584228516,0.9768178761005402,0.9867720156908035
naval,dune_bayes,272,mean,0.9499346286058425,0.9700373411178589,0.9814273834228515
naval,dune_bayes,273,mean,0.9366573005914688,0.9605666399002075,0.9771123379468918
naval,dune_bayes,274,mean,0.9424278020858765,0.9655762612819672,0.9783990234136581
naval,dune_bayes,275,mean,0.9385876476764679,0.9605177640914917,0.9748515158891677
naval,dune_bayes,276,mean,0.9267784476280212,0.9548449218273163,0.9735054701566696
naval,dune_bayes,277,mean,0.934109577536583,0.9580860137939453,0.97196064889431
naval,dune_bayes,278,mean,0.9298208892345429,0.9518420696258545,0.9660450339317321
naval,dune_bayes,279,mean,0.9140603333711624,0.9413357377052307,0.9594885498285294
naval,dune_bayes,280,mean,0.9593771815299987,0.9770098030567169,0.9868611007928848
naval,dune_bayes,281,mean,0.9306265920400619,0.9524114727973938,0.9664249598979949
naval,dune_bayes,282,mean,0.9153465360403061,0.9422589838504791,0.9601268500089646
naval,dune_bayes,283,mean,0.9277333974838257,0.9554298520088196,0.9738273859024048
naval,dune_bayes,284,mean,0.9317159831523896,0.9642283618450165,0.9823918581008911
naval,dune_bayes,285,mean,0.9586698800325394,0.9765481054782867,0.9866326600313187
naval,dune_bayes,286,mean,0.9165801882743836,0.9431002736091614,0.9607099652290344
naval,dune_bayes,287,mean,0.9412606686353684,0.9621641933917999,0.9759564638137818
naval,dune_bayes,288,mean,0.9282079666852951,0.9557203948497772,0.9739876061677932
naval,dune_bayes,289,mean,0.9318552345037461,0.9642923176288605,0.982411241531372
naval,dune_bayes,290,mean,0.9322809636592865,0.953595906496048,0.9672266781330109
naval,dune_bayes,291,mean,0.9425929039716721,0.9629725515842438,0.9764980792999267
naval,dune_bayes,292,mean,0.9338367104530334,0.954656571149826,0.9679784685373306
naval,dune_bayes,293,mean,0.9432073056697845,0.9633388221263885,0.9767495185136795
naval,dune_bayes,294,mean,0.9438734769821167,0.9637332856655121,0.9770201086997986
naval,dune_bayes,295,mean,0.9323901444673538,0.964515894651413,0.9824837863445282
naval,dune_bayes,296,mean,0.9379675835371017,0.9606048762798309,0.9737390846014022
naval,dune_bayes,297,mean,0.9225509613752365,0.9472690224647522,0.9635757029056549
naval,dune_bayes,298,mean,0.9325265318155289,0.9645667970180511,0.9825027406215667
naval,dune_bayes,299,mean,0.9326653391122818,0.9646278619766235,0.98252272605896
naval,dune_bayes,300,mean,0.9345823258161545,0.961848109960556,0.9774035185575485
naval,dune_bayes,301,mean,0.9461225807666779,0.9677877426147461,0.9798936635255814
naval,dune_bayes,302,mean,0.9394901096820831,0.9616368114948273,0.974440661072731
naval,dune_bayes,303,mean,0.9258139044046402,0.9496397376060486,0.9651672214269638
naval,dune_bayes,304,mean,0.9383278667926789,0.9577204585075378,0.9702691704034805
naval,dune_bayes,305,mean,0.9389910131692887,0.9582005739212036,0.9706308156251907
naval,dune_bayes,306,mean,0.9444824635982514,0.9675270915031433,0.9806717991828918
naval,dune_bayes,307,mean,0.9289562255144119,0.9518179595470428,0.96664899289608
naval,dune_bayes,308,mean,0.9333231031894684,0.9649224877357483,0.982611420750618
naval,dune_bayes,309,mean,0.9336753278970719,0.9589038491249084,0.9760139405727386
naval,dune_bayes,310,mean,0.923400166630745,0.9552480578422546,0.9729933559894561
naval,dune_bayes,311,mean,0.9493957370519638,0.967180073261261,0.9792028069496155
naval,dune_bayes,312,mean,0.948804321885109,0.9699042737483978,0.9824902474880218
naval,dune_bayes,313,mean,0.9319588154554367,0.9538172781467438,0.968022283911705
naval,dune_bayes,314,mean,0.9428389638662338,0.9638233780860901,0.975995221734047
naval,dune_bayes,315,mean,0.9338063091039658,0.9551807940006256,0.9689403623342514
naval,dune_bayes,316,mean,0.9528801262378692,0.972616970539093,0.9840285897254943
naval,dune_bayes,317,mean,0.9510939151048661,0.971447616815567,0.9834984481334687
naval,dune_bayes,318,mean,0.9441346943378448,0.964707612991333,0.9766028851270675
naval,dune_bayes,319,mean,0.9363216191530228,0.9604155421257019,0.9770037114620209
naval,dune_bayes,320,mean,0.9447734445333481,0.9623486697673798,0.9737624078989029
naval,dune_bayes,321,mean,0.9365278452634811,0.9570980966091156,0.9703466594219208
naval,dune_bayes,322,mean,0.9527818709611893,0.9693177938461304,0.9804985970258713
naval,dune_bayes,323,mean,0.9537268698215484,0.9699786007404327,0.9808795511722564
naval,dune_bayes,324,mean,0.9337359488010406,0.9578505158424377,0.9717801630496978
naval,dune_bayes,325,mean,0.9127473592758178,0.9404034912586212,0.9589090496301651
naval,dune_bayes,326,mean,0.9320705205202102,0.9644292891025543,0.9825186759233475
naval,dune_bayes,327,mean,0.9433034211397171,0.9661470353603363,0.9787412405014038
naval,dune_bayes,328,mean,0.9140578627586364,0.9413449764251709,0.9595227330923081
naval,dune_bayes,329,mean,0.9322008222341538,0.9644884467124939,0.9825396239757538
naval,dune_bayes,330,mean,0.9323393672704696,0.9645600020885468,0.9825624257326127
naval,dune_bayes,331,mean,0.9581006616353989,0.9763343334197998,0.9865505039691925
naval,dune_bayes,332,mean,0.9165809869766235,0.9431334137916565,0.9607325315475463
naval,dune_bayes,333,mean,0.9416752249002457,0.9624649882316589,0.9761399984359741
naval,dune_bayes,334,mean,0.9178370773792267,0.9439788460731506,0.9613324910402298
naval,dune_bayes,335,mean,0.9429959565401077,0.9632590413093567,0.9766773819923401
naval,dune_bayes,336,mean,0.9296285599470139,0.9566343128681183,0.9745175123214721
naval,dune_bayes,337,mean,0.9568041563034058,0.9755561351776123,0.9859856635332107
naval,dune_bayes,338,mean,0.9316502064466476,0.9597013890743256,0.9747681587934494
naval,dune_bayes,339,mean,0.9202611148357391,0.9456122517585754,0.962478318810463
naval,dune_bayes,340,mean,0.9300783663988114,0.9569090008735657,0.9746712386608124
naval,dune_bayes,341,mean,0.9328824192285537,0.964797854423523,0.9826369315385819
naval,dune_bayes,342,mean,0.9330362170934677,0.9648597538471222,0.9826594412326812
naval,dune_bayes,343,mean,0.9448774039745331,0.9643837213516235,0.9774420946836472
naval,dune_bayes,344,mean,0.9455341070890426,0.9647936224937439,0.9777067720890045
naval,dune_bayes,345,mean,0.933289086818695,0.9649642407894135,0.9826921582221985
naval,dune_bayes,346,mean,0.9367390722036362,0.9630632102489471,0.97729771733284
naval,dune_bayes,347,mean,0.9462942719459534,0.9678927659988403,0.9799452096223831
naval,dune_bayes,348,mean,0.925823450088501,0.9496265947818756,0.965167635679245
naval,dune_bayes,349,mean,0.9147352129220963,0.9501907527446747,0.9699914336204529
naval,dune_bayes,350,mean,0.9406771391630173,0.9624013900756836,0.9749735057353973
naval,dune_bayes,351,mean,0.9279626071453094,0.9511526226997375,0.9661997437477112
naval,dune_bayes,352,mean,0.9338274002075195,0.9652115106582642,0.9827677875757217
naval,dune_bayes,353,mean,0.939920324087143,0.9588636755943298,0.9711145609617233
naval,dune_bayes,354,mean,0.9289578050374985,0.9518389701843262,0.9666652023792267
naval,dune_bayes,355,mean,0.8968961924314499,0.9370662868022919,0.9607708096504212
naval,dune_bayes,356,mean,0.934055945277214,0.9652986526489258,0.9827991724014282
naval,dune_bayes,357,mean,0.942104896903038,0.9633533656597137,0.9756471097469329
naval,dune_bayes,358,mean,0.9310823231935501,0.9532408118247986,0.9676277846097946
naval,dune_bayes,359,mean,0.9346066951751709,0.9594952464103699,0.9763802081346512
naval,dune_bayes,360,mean,0.9341724902391434,0.9653454720973969,0.982818529009819
naval,dune_bayes,361,mean,0.9178920775651932,0.9519139230251312,0.970603558421135
naval,dune_bayes,362,mean,0.9434443831443786,0.9642317891120911,0.9762753456830978
naval,dune_bayes,363,mean,0.9437688052654266,0.9616519808769226,0.9732000201940536
naval,dune_bayes,364,mean,0.93462735414505,0.9654908180236816,0.982884880900383
naval,dune_bayes,365,mean,0.9533363312482834,0.9729150831699371,0.9841726183891296
naval,dune_bayes,366,mean,0.949939614534378,0.9700386822223663,0.9814101427793502
naval,dune_bayes,367,mean,0.9447233527898788,0.9651049077510834,0.9768743395805358
naval,dune_bayes,368,mean,0.9531447201967239,0.9695696830749512,0.9806668668985367
naval,dune_bayes,369,mean,0.9348634064197541,0.9655732214450836,0.9829198360443115
naval,dune_bayes,370,mean,0.9455604642629624,0.9628926217556,0.9741678208112716
naval,dune_bayes,371,mean,0.9604312419891358,0.977569192647934,0.9871964633464814
naval,dune_bayes,372,mean,0.9538501679897309,0.9709271192550659,0.9807307243347168
naval,dune_bayes,373,mean,0.9545847028493881,0.9705646634101868,0.9812501490116119
naval,dune_bayes,374,mean,0.9281883269548417,0.9557960629463196,0.9740784883499145
naval,dune_bayes,375,mean,0.8941473335027694,0.9360738396644592,0.959568765759468
naval,dune_bayes,376,mean,0.9329251646995544,0.9648701846599579,0.9827223211526871
naval,dune_bayes,377,mean,0.9441865116357804,0.9666788578033447,0.9790761798620224
naval,dune_bayes,378,mean,0.9319004446268082,0.9533070623874664,0.9670524775981902
naval,dune_bayes,379,mean,0.916576138138771,0.9431613683700562,0.9607337772846222
naval,dune_bayes,380,mean,0.9291279673576355,0.9563706815242767,0.9743944197893143
naval,dune_bayes,381,mean,0.917838653922081,0.9440112113952637,0.9613557070493698
naval,dune_bayes,382,mean,0.9448279052972793,0.9670564830303192,0.9793306469917298
naval,dune_bayes,383,mean,0.9301020860671997,0.956967830657959,0.9747268855571747
naval,dune_bayes,384,mean,0.9343137204647064,0.954989105463028,0.9682199567556381
naval,dune_bayes,385,mean,0.9335159212350845,0.9651355147361755,0.9828090757131577
naval,dune_bayes,386,mean,0.9446759402751923,0.9642999768257141,0.977373269200325
naval,dune_bayes,387,mean,0.9336308896541595,0.9651788175106049,0.9828221380710602
naval,dune_bayes,388,mean,0.9458341509103775,0.9676387012004852,0.9797324776649475
naval,dune_bayes,389,mean,0.92260582447052,0.9472779035568237,0.9636040598154068
naval,dune_bayes,390,mean,0.9372924953699112,0.9570067226886749,0.9696846544742584
naval,dune_bayes,391,mean,0.9323809236288071,0.9583274126052856,0.9755576968193054
naval,dune_bayes,392,mean,0.9459283709526062,0.9690141975879669,0.9819075614213943
naval,dune_bayes,393,mean,0.9470924943685531,0.968378335237503,0.9802550375461578
naval,dune_bayes,394,mean,0.9332715034484863,0.9588479399681091,0.9758943051099777
naval,dune_bayes,395,mean,0.9443780899047851,0.9675256013870239,0.9806168407201767
naval,dune_bayes,396,mean,0.9408734530210495,0.9625324010848999,0.975062695145607
naval,dune_bayes,397,mean,0.9345565497875213,0.9655967652797699,0.9829566150903701
naval,dune_bayes,398,mean,0.9414600223302841,0.9599966108798981,0.9719267606735229
naval,dune_bayes,399,mean,0.942718043923378,0.9637756049633026,0.9759314030408859
naval,dune_bayes,400,mean,0.9507681220769882,0.9680774807929993,0.9797678261995315
naval,dune_bayes,401,mean,0.9489473968744278,0.9694686830043793,0.9810009390115738
naval,dune_bayes,402,mean,0.9431756496429443,0.9640740752220154,0.9761471569538116
naval,dune_bayes,403,mean,0.9513701260089874,0.9684641659259796,0.9799967527389526
naval,dune_bayes,404,mean,0.9276129066944122,0.9579189419746399,0.9747698128223419
naval,dune_bayes,405,mean,0.9339412897825241,0.9552340805530548,0.9690085023641586
naval,dune_bayes,406,mean,0.9363787859678269,0.9605425596237183,0.9770602524280548
naval,dune_bayes,407,mean,0.9530104249715805,0.969482809305191,0.980624970793724
naval,dune_bayes,408,mean,0.956661406159401,0.9756303131580353,0.985877376794815
naval,dune_bayes,409,mean,0.9500703096389771,0.9701379537582397,0.9814575642347336
naval,dune_bayes,410,mean,0.9611518502235412,0.9781166017055511,0.9875102132558823
naval,dune_bayes,411,mean,0.9457973718643189,0.9630382359027863,0.9742698431015014
naval,dune_bayes,412,mean,0.9539961040019989,0.9701531231403351,0.9810306549072265
naval,dune_bayes,413,mean,0.9355902075767517,0.96595698595047,0.9831100672483444
naval,dune_bayes,414,mean,0.9549274474382401,0.970792293548584,0.981407317519188
naval,dune_bayes,415,mean,0.9389011770486831,0.9620574712753296,0.9779987365007401
naval,dune_bayes,416,mean,0.9597924172878265,0.9771949648857117,0.9869744330644608
naval,dune_bayes,417,mean,0.9401295572519303,0.9595906138420105,0.9720960319042206
naval,dune_bayes,418,mean,0.9439981549978256,0.9665668308734894,0.9789885580539703
naval,dune_bayes,419,mean,0.8881329834461212,0.9320006370544434,0.9570488125085831
naval,dune_bayes,420,mean,0.9296043366193771,0.9567054212093353,0.9746047049760819
naval,dune_bayes,421,mean,0.9089574128389358,0.9463046789169312,0.9666117072105408
naval,dune_bayes,422,mean,0.9296212404966354,0.9581671059131622,0.9736197382211685
naval,dune_bayes,423,mean,0.9446867883205414,0.966986894607544,0.9792655140161515
naval,dune_bayes,424,mean,0.9329493522644043,0.9540490210056305,0.9675624638795852
naval,dune_bayes,425,mean,0.9431638270616531,0.9634498953819275,0.9767740577459335
naval,dune_bayes,426,mean,0.9321881085634232,0.9599525630474091,0.9749674975872039
naval,dune_bayes,427,mean,0.9337139070034027,0.9545831382274628,0.967932629585266
naval,dune_bayes,428,mean,0.9190358370542526,0.94484943151474,0.9619396209716797
naval,dune_bayes,429,mean,0.9374716192483902,0.9602333009243011,0.9734871298074722
naval,dune_bayes,430,mean,0.9456571191549301,0.96755450963974,0.9796467840671539
naval,dune_bayes,431,mean,0.9214186370372772,0.9464599788188934,0.9630644142627716
naval,dune_bayes,432,mean,0.9459919214248658,0.9677480161190033,0.9797854155302048
naval,dune_bayes,433,mean,0.9385018467903137,0.9609264135360718,0.9739636063575744
naval,dune_bayes,434,mean,0.9343960821628571,0.9655706882476807,0.9830120712518692
naval,dune_bayes,435,mean,0.9395572215318679,0.9616379141807556,0.9744491875171661
naval,dune_bayes,436,mean,0.9400289237499238,0.9619564414024353,0.9746625483036041
naval,dune_bayes,437,mean,0.9442076116800309,0.9674583971500397,0.9805395752191544
naval,dune_bayes,438,mean,0.947597399353981,0.9686862528324127,0.980442288517952
naval,dune_bayes,439,mean,0.9396582752466202,0.9586317539215088,0.9709285497665405
naval,dune_bayes,440,mean,0.9461899071931839,0.968524158000946,0.9813392490148545
naval,dune_bayes,441,mean,0.9403391897678375,0.9591282606124878,0.9712988078594208
naval,dune_bayes,442,mean,0.9410238146781922,0.9596275985240936,0.9716691493988037
naval,dune_bayes,443,mean,0.9188297271728516,0.9527724981307983,0.9716519236564636
naval,dune_bayes,444,mean,0.9498581856489181,0.9706133604049683,0.9829671770334244
naval,dune_bayes,445,mean,0.9087944447994232,0.9457555115222931,0.9672160387039185
naval,dune_bayes,446,mean,0.9487922370433808,0.9693900346755981,0.9809295177459717
naval,dune_bayes,447,mean,0.9428650110960006,0.9638784825801849,0.9759959727525711
naval,dune_bayes,448,mean,0.9429528206586838,0.9610556364059448,0.9727164536714553
naval,dune_bayes,449,mean,0.9331230849027634,0.9546362161636353,0.9685982942581177
naval,dune_bayes,450,mean,0.9527912318706513,0.9725669026374817,0.9840291559696197
naval,dune_bayes,451,mean,0.9188430905342102,0.9525017440319061,0.9709069132804871
naval,dune_bayes,452,mean,0.9358260959386826,0.9565785229206085,0.9699215739965439
naval,dune_bayes,453,mean,0.9376753509044647,0.9613674581050873,0.9775578439235687
naval,dune_bayes,454,mean,0.9468177884817124,0.9695082902908325,0.9822878062725067
naval,dune_bayes,455,mean,0.9562316715717316,0.9747481644153595,0.9850655317306518
naval,dune_bayes,456,mean,0.9504985541105271,0.9704087376594543,0.9816212564706802
naval,dune_bayes,457,mean,0.9454934000968933,0.9656222760677338,0.9772279560565948
naval,dune_bayes,458,mean,0.9385483294725419,0.9618935585021973,0.9778832226991654
naval,dune_bayes,459,mean,0.9384896695613861,0.9584552943706512,0.9712999820709228
naval,dune_bayes,460,mean,0.9548185676336288,0.9707171022891998,0.9813825130462647
naval,dune_bayes,461,mean,0.9578818202018737,0.9758872389793396,0.9856662601232529
naval,dune_bayes,462,mean,0.955314826965332,0.9710524678230286,0.9815829485654831
naval,dune_bayes,463,mean,0.9618447005748749,0.9783205687999725,0.9876748114824295
naval,dune_bayes,464,mean,0.954449188709259,0.9713493585586548,0.9810002774000168
naval,dune_bayes,465,mean,0.9557679653167724,0.9713697135448456,0.9817664116621018
naval,dune_bayes,466,mean,0.9580405414104461,0.975948303937912,0.9856848925352096
naval,dune_bayes,467,mean,0.9401726812124253,0.9628682136535645,0.9784841865301133
naval,dune_bayes,468,mean,0.9445083677768707,0.966887354850769,0.9791815787553787
naval,dune_bayes,469,mean,0.9360085666179657,0.9593065083026886,0.9728044301271438
naval,dune_bayes,470,mean,0.93229438662529,0.9536106884479523,0.9672850847244262
naval,dune_bayes,471,mean,0.9305354475975036,0.9573170244693756,0.9749664634466171
naval,dune_bayes,472,mean,0.8997877448797226,0.9398748278617859,0.9620181739330291
naval,dune_bayes,473,mean,0.9442169010639191,0.9641179442405701,0.9772160738706589
naval,dune_bayes,474,mean,0.9455191999673843,0.9674903154373169,0.9795891463756561
naval,dune_bayes,475,mean,0.9314534187316894,0.9578737914562225,0.9752757012844085
naval,dune_bayes,476,mean,0.9214176863431931,0.9464869797229767,0.9630863070487976
naval,dune_bayes,477,mean,0.9362263172864914,0.9627369344234467,0.9769874602556229
naval,dune_bayes,478,mean,0.9461467623710632,0.9678555727005005,0.9798384070396423
naval,dune_bayes,479,mean,0.9323704212903976,0.9584328532218933,0.9755838930606842
naval,dune_bayes,480,mean,0.9369998008012772,0.9568227231502533,0.9695250242948532
naval,dune_bayes,481,mean,0.9585774153470993,0.9765319526195526,0.9866029143333435
naval,dune_bayes,482,mean,0.9397136390209198,0.9617294669151306,0.9745115727186203
naval,dune_bayes,483,mean,0.9377522677183151,0.9573339223861694,0.9699017196893692
naval,dune_bayes,484,mean,0.9353412806987762,0.9660528004169464,0.9832268953323364
naval,dune_bayes,485,mean,0.9407198488712311,0.9624200761318207,0.9749832302331924
naval,dune_bayes,486,mean,0.945777690410614,0.9683270454406738,0.9811711996793747
naval,dune_bayes,487,mean,0.9491792172193527,0.9670981466770172,0.9791771799325943
naval,dune_bayes,488,mean,0.9469138383865356,0.9689197540283203,0.9816245019435883
naval,dune_bayes,489,mean,0.9480562686920166,0.9689737260341644,0.9806192249059678
naval,dune_bayes,490,mean,0.9479618459939957,0.9694331288337708,0.9820329070091247
naval,dune_bayes,491,mean,0.9301429480314255,0.9526802003383636,0.9672485142946243
naval,dune_bayes,492,mean,0.9355270385742187,0.9602388143539429,0.9767732709646225
naval,dune_bayes,493,mean,0.935842576622963,0.9662849307060242,0.9833038002252579
naval,dune_bayes,494,mean,0.9486249923706055,0.9693140983581543,0.980853408575058
naval,dune_bayes,495,mean,0.9512841582298279,0.9715832471847534,0.9835525274276733
naval,dune_bayes,496,mean,0.9489240139722824,0.9694899618625641,0.9809764504432679
naval,dune_bayes,497,mean,0.9515347570180893,0.9685918092727661,0.980099669098854
naval,dune_bayes,498,mean,0.9332130640745163,0.9547030031681061,0.9686430901288986
naval,dune_bayes,499,mean,0.9368292480707169,0.9609454274177551,0.9772571295499801
naval,dune_bayes,500,mean,0.9341215252876282,0.955346405506134,0.9690958529710769
naval,dune_bayes,501,mean,0.9377095639705658,0.9614345133304596,0.9775864034891129
naval,dune_bayes,502,mean,0.9364392757415771,0.9665144383907318,0.9833963721990585
naval,dune_bayes,503,mean,0.9128530323505402,0.9488101303577423,0.9680252611637116
naval,dune_bayes,504,mean,0.9450247913599015,0.9624890983104706,0.9738135606050491
naval,dune_bayes,505,mean,0.9381431460380554,0.9616954028606415,0.9777478516101837
naval,dune_bayes,506,mean,0.9542267799377442,0.970317929983139,0.981154528260231
naval,dune_bayes,507,mean,0.9566499292850494,0.9750021696090698,0.9852101147174835
naval,dune_bayes,508,mean,0.9506636887788773,0.9705266058444977,0.9816791743040085
naval,dune_bayes,509,mean,0.946204063296318,0.9632856249809265,0.9744481235742569
naval,dune_bayes,510,mean,0.9377041250467301,0.9578562676906586,0.970887103676796
naval,dune_bayes,511,mean,0.9546954780817032,0.9706366062164307,0.9813511222600937
naval,dune_bayes,512,mean,0.9577011317014694,0.9757488667964935,0.9855563551187515
naval,dune_bayes,513,mean,0.9623248517513275,0.9787365794181824,0.9879108160734177
naval,dune_bayes,514,mean,0.9479229122400283,0.9644473791122437,0.9753678441047668
naval,dune_bayes,515,mean,0.9549586653709412,0.9716874659061432,0.9812268733978271
naval,dune_bayes,516,mean,0.9484944581985474,0.96485435962677,0.9756708264350891
naval,dune_bayes,517,mean,0.9406285583972931,0.9631868302822113,0.9786692678928375
naval,dune_bayes,518,mean,0.9419238686561584,0.9693761467933655,0.9847952842712402
naval,dune_bayes,519,mean,0.9420313477516175,0.9694302976131439,0.984814515709877
naval,dune_bayes,520,mean,0.93672896027565,0.9597710072994232,0.973131376504898
naval,dune_bayes,521,mean,0.945345538854599,0.9673991799354553,0.9795073390007019
naval,dune_bayes,522,mean,0.9372893333435058,0.9601244032382965,0.9733857780694961
naval,dune_bayes,523,mean,0.9377813369035721,0.9604418575763702,0.9736145883798599
naval,dune_bayes,524,mean,0.9022932559251785,0.9416024386882782,0.9631425708532333
naval,dune_bayes,525,mean,0.9460106194019318,0.9677926599979401,0.979776406288147
naval,dune_bayes,526,mean,0.9214143484830857,0.9465203285217285,0.9631056845188141
naval,dune_bayes,527,mean,0.9384903490543366,0.9641429781913757,0.9780362159013748
naval,dune_bayes,528,mean,0.9225605338811874,0.9472925066947937,0.9636482566595077
naval,dune_bayes,529,mean,0.9540639370679855,0.9739746451377869,0.9847805500030518
naval,dune_bayes,530,mean,0.9237400263547897,0.9481222331523895,0.9641996622085571
naval,dune_bayes,531,mean,0.9332795411348342,0.95902881026268,0.9759407758712768
naval,dune_bayes,532,mean,0.9379235446453095,0.9574528932571411,0.9699803084135056
naval,dune_bayes,533,mean,0.935803410410881,0.9663197100162506,0.9833723962306976
naval,dune_bayes,534,mean,0.9386677414178848,0.9579617381095886,0.9703687399625778
naval,dune_bayes,535,mean,0.9346228122711182,0.9598099589347839,0.9764484047889709
naval,dune_bayes,536,mean,0.9360695868730545,0.9664331078529358,0.9834154367446899
naval,dune_bayes,537,mean,0.9559575736522674,0.9751108586788177,0.9856675684452056
naval,dune_bayes,538,mean,0.948462963104248,0.9697296619415283,0.9822481215000153
naval,dune_bayes,539,mean,0.9407611429691315,0.9593990743160248,0.9714796215295791
naval,dune_bayes,540,mean,0.929188334941864,0.9519880414009094,0.9667899131774902
naval,dune_bayes,541,mean,0.9501669555902481,0.9677302837371826,0.9795686513185501
naval,dune_bayes,542,mean,0.935510003566742,0.9603075087070465,0.9767818927764892
naval,dune_bayes,543,mean,0.9483909338712693,0.9704819321632385,0.9827767342329026
naval,dune_bayes,544,mean,0.9492221534252167,0.9701291620731354,0.9825604379177093
naval,dune_bayes,545,mean,0.9484985321760178,0.9692523181438446,0.9807897299528122
naval,dune_bayes,546,mean,0.9364186644554138,0.9608036875724792,0.9771194398403168
naval,dune_bayes,547,mean,0.9493649512529373,0.96977099776268,0.9811457186937332
naval,dune_bayes,548,mean,0.941488042473793,0.9692335724830627,0.984772726893425
naval,dune_bayes,549,mean,0.9416071176528931,0.969295471906662,0.9847976207733155
naval,dune_bayes,550,mean,0.9557570070028305,0.9744552373886108,0.9849170297384262
naval,dune_bayes,551,mean,0.9445862978696823,0.9621890485286713,0.9735579758882522
naval,dune_bayes,552,mean,0.9535866916179657,0.9698870182037354,0.9808943688869476
naval,dune_bayes,553,mean,0.9502331405878067,0.9702896475791931,0.9814977884292603
naval,dune_bayes,554,mean,0.9568482130765915,0.9751720726490021,0.985258799791336
naval,dune_bayes,555,mean,0.9453885495662689,0.9655634462833405,0.9771739065647125
naval,dune_bayes,556,mean,0.9368483453989029,0.9572592973709106,0.9704178959131241
naval,dune_bayes,557,mean,0.9545674294233322,0.97055384516716,0.981306278705597
naval,dune_bayes,558,mean,0.9278357058763504,0.9580003917217255,0.9747243136167526
naval,dune_bayes,559,mean,0.9458250552415848,0.9658476412296295,0.9773758590221405
naval,dune_bayes,560,mean,0.9394199848175049,0.9625048339366913,0.9782388031482696
naval,dune_bayes,561,mean,0.9523535519838333,0.9727336168289185,0.984194764494896
naval,dune_bayes,562,mean,0.9475710719823838,0.9641949236392975,0.9751575618982316
naval,dune_bayes,563,mean,0.939494401216507,0.9591271579265594,0.9717754572629929
naval,dune_bayes,564,mean,0.9605194419622421,0.9777081310749054,0.9873993128538132
naval,dune_bayes,565,mean,0.9406408429145813,0.9632369577884674,0.9786891222000123
naval,dune_bayes,566,mean,0.962906339764595,0.978911817073822,0.9880600094795227
naval,dune_bayes,567,mean,0.9492232203483582,0.9653704166412354,0.9760409384965897
naval,dune_bayes,568,mean,0.9419939935207366,0.9608621597290039,0.9729858279228211
naval,dune_bayes,569,mean,0.957413786649704,0.972450464963913,0.982441982626915
naval,dune_bayes,570,mean,0.9648950606584549,0.9798670709133148,0.9880736917257309
naval,dune_bayes,571,mean,0.9379910469055176,0.9605767726898193,0.9737037599086761
naval,dune_bayes,572,mean,0.9461671829223632,0.9678996801376343,0.9798266559839248
naval,dune_bayes,573,mean,0.9385259181261063,0.9609158933162689,0.9739504933357238
naval,dune_bayes,574,mean,0.9359200805425644,0.9560936093330383,0.9690119445323944
naval,dune_bayes,575,mean,0.8968687772750854,0.9379546940326691,0.9608581125736236
naval,dune_bayes,576,mean,0.9390166133642197,0.9612350463867188,0.9741739481687546
naval,dune_bayes,577,mean,0.923515048623085,0.9550632834434509,0.9728873133659363
naval,dune_bayes,578,mean,0.9395463526248932,0.961588978767395,0.9744177788496017
naval,dune_bayes,579,mean,0.9474977761507034,0.9661306738853455,0.9785601824522019
naval,dune_bayes,580,mean,0.9336869537830352,0.9593163728713989,0.9761157333850861
naval,dune_bayes,581,mean,0.9412607431411744,0.9658538103103638,0.9792784422636032
naval,dune_bayes,582,mean,0.9400537967681885,0.9619395136833191,0.9746592223644256
naval,dune_bayes,583,mean,0.9381422430276871,0.9576054811477661,0.9700826108455658
naval,dune_bayes,584,mean,0.9248441517353058,0.948910266160965,0.9647409170866013
naval,dune_bayes,585,mean,0.9363713681697845,0.9666390120983124,0.9835341185331344
naval,dune_bayes,586,mean,0.9468696027994156,0.9689444303512573,0.9816073477268219
naval,dune_bayes,587,mean,0.9410475879907608,0.9626308977603912,0.9751309782266616
naval,dune_bayes,588,mean,0.927121314406395,0.9505060613155365,0.9658090382814407
naval,dune_bayes,589,mean,0.9571056097745896,0.9757581651210785,0.9860602706670761
naval,dune_bayes,590,mean,0.9292353421449662,0.9520066678524017,0.96681307554245
naval,dune_bayes,591,mean,0.935943329334259,0.9606172442436218,0.9769569605588913
naval,dune_bayes,592,mean,0.9416091740131378,0.9600071012973785,0.9719230890274048
naval,dune_bayes,593,mean,0.9302768230438232,0.9527510106563568,0.967311704158783
naval,dune_bayes,594,mean,0.9363864928483963,0.9608622491359711,0.9771222621202469
naval,dune_bayes,595,mean,0.942918398976326,0.9639164209365845,0.9760110706090926
naval,dune_bayes,596,mean,0.9517111957073212,0.9687245488166809,0.9801913738250733
naval,dune_bayes,597,mean,0.9368271619081497,0.9611007571220398,0.9772870898246765
naval,dune_bayes,598,mean,0.9435852885246276,0.9614468514919281,0.9729912370443344
naval,dune_bayes,599,mean,0.9528480380773544,0.9694492518901825,0.9806374877691268
naval,dune_bayes,600,mean,0.9441803157329559,0.9618881642818451,0.9733155250549316
naval,dune_bayes,601,mean,0.9381554782390594,0.9618228077888489,0.9777829140424729
naval,dune_bayes,602,mean,0.9351432293653488,0.9560713469982147,0.9695992201566697
naval,dune_bayes,603,mean,0.9385791420936584,0.9620524346828461,0.9779411107301712
naval,dune_bayes,604,mean,0.9544323176145554,0.9704648554325104,0.9812587946653366
naval,dune_bayes,605,mean,0.9455313622951508,0.9656678736209869,0.9772357821464538
naval,dune_bayes,606,mean,0.9509340763092041,0.9707256257534027,0.9817730545997619
naval,dune_bayes,607,mean,0.9464393109083176,0.966214507818222,0.9776353180408478
naval,dune_bayes,608,mean,0.9427143543958664,0.9698379039764404,0.9850524306297302
naval,dune_bayes,609,mean,0.9514928758144379,0.9710502624511719,0.9819962084293365
naval,dune_bayes,610,mean,0.9548485338687897,0.9716542363166809,0.9812123566865921
naval,dune_bayes,611,mean,0.9483139514923096,0.9646960198879242,0.9755390852689743
naval,dune_bayes,612,mean,0.9572634220123291,0.9723733067512512,0.9824139297008514
naval,dune_bayes,613,mean,0.9523106843233109,0.9715447127819061,0.9823239952325821
naval,dune_bayes,614,mean,0.9418970137834549,0.9640341103076935,0.9791693389415741
naval,dune_bayes,615,mean,0.9652526825666428,0.9800184667110443,0.988271027803421
naval,dune_bayes,616,mean,0.9562352031469346,0.9725252687931061,0.9817871481180191
naval,dune_bayes,617,mean,0.9436779409646988,0.9619954526424408,0.9737931013107299
naval,dune_bayes,618,mean,0.9433301955461502,0.9701522886753082,0.9851630866527558
naval,dune_bayes,619,mean,0.9345369845628738,0.9614545702934265,0.9760022610425949
naval,dune_bayes,620,mean,0.939130675792694,0.9645975232124329,0.9791275799274445
naval,dune_bayes,621,mean,0.9370024979114533,0.9631680250167847,0.9772647351026534
naval,dune_bayes,622,mean,0.9365237981081009,0.9667578935623169,0.9836261302232743
naval,dune_bayes,623,mean,0.9368595570325852,0.9567355513572693,0.9694699317216873
naval,dune_bayes,624,mean,0.9478655338287354,0.96638622879982,0.9787180155515671
naval,dune_bayes,625,mean,0.9087851166725158,0.9460858404636383,0.9661188721656799
naval,dune_bayes,626,mean,0.9345823556184769,0.959901750087738,0.9764620155096054
naval,dune_bayes,627,mean,0.9416216611862183,0.969400018453598,0.9849240511655808
naval,dune_bayes,628,mean,0.9458036333322525,0.9684114456176758,0.9811662793159485
naval,dune_bayes,629,mean,0.9390593528747558,0.958231508731842,0.9705538719892501
naval,dune_bayes,630,mean,0.9354674398899079,0.9604130685329437,0.976792412996292
naval,dune_bayes,631,mean,0.941969034075737,0.9695599973201752,0.9849751859903335
naval,dune_bayes,632,mean,0.9605447083711625,0.9776051640510559,0.9872706025838852
naval,dune_bayes,633,mean,0.9484732121229171,0.9692694544792175,0.980763527750969
naval,dune_bayes,634,mean,0.9363835543394089,0.9609268605709076,0.9771361738443375
naval,dune_bayes,635,mean,0.9420945823192597,0.9696120023727417,0.9849941164255143
naval,dune_bayes,636,mean,0.9418344676494599,0.9601520001888275,0.9720195800065994
naval,dune_bayes,637,mean,0.9368222534656525,0.9611737132072449,0.9773004829883575
naval,dune_bayes,638,mean,0.9509675532579422,0.9718033671379089,0.9836815446615219
naval,dune_bayes,639,mean,0.9435221791267395,0.9643272757530212,0.9762922435998916
naval,dune_bayes,640,mean,0.950464615225792,0.971556693315506,0.9835016191005707
naval,dune_bayes,641,mean,0.9499648004770279,0.9701612591743469,0.9813694357872009
naval,dune_bayes,642,mean,0.9443896681070327,0.9649239182472229,0.976697838306427
naval,dune_bayes,643,mean,0.9385642111301422,0.9621192812919617,0.9779501557350159
naval,dune_bayes,644,mean,0.9542925834655762,0.9703736305236816,0.9812070339918136
naval,dune_bayes,645,mean,0.9390183866024018,0.9623679220676422,0.9781194984912872
naval,dune_bayes,646,mean,0.9360670715570449,0.9567095041275024,0.9700587302446365
naval,dune_bayes,647,mean,0.9394485086202622,0.9626102149486542,0.9782792747020721
naval,dune_bayes,648,mean,0.915629580616951,0.9504945874214172,0.9701857477426529
naval,dune_bayes,649,mean,0.9430070430040359,0.9700254797935486,0.9851582676172257
naval,dune_bayes,650,mean,0.9068773090839386,0.944238007068634,0.9656442016363144
naval,dune_bayes,651,mean,0.9549554258584976,0.971741110086441,0.9812722474336624
naval,dune_bayes,652,mean,0.9415262401103973,0.9638555347919464,0.9790472716093064
naval,dune_bayes,653,mean,0.9649200290441513,0.9798742830753326,0.9881122499704361
naval,dune_bayes,654,mean,0.9491000682115555,0.96522656083107,0.9759335517883301
naval,dune_bayes,655,mean,0.9576202869415283,0.9726118743419647,0.9825757056474685
naval,dune_bayes,656,mean,0.9528562903404236,0.9730241298675537,0.9843654870986939
naval,dune_bayes,657,mean,0.9556719362735748,0.9721932709217072,0.9815678626298905
naval,dune_bayes,658,mean,0.9580936372280121,0.9729134738445282,0.9827522188425064
naval,dune_bayes,659,mean,0.9423355847597122,0.964340090751648,0.9793465614318848
naval,dune_bayes,660,mean,0.9651245564222336,0.9799932241439819,0.9882026940584183
naval,dune_bayes,661,mean,0.9526986509561539,0.9717977643013,0.9824757874011993
naval,dune_bayes,662,mean,0.9529685348272323,0.971967488527298,0.9825811743736267
naval,dune_bayes,663,mean,0.9634910225868225,0.9792527556419373,0.9882640242576599
naval,dune_bayes,664,mean,0.9531931310892106,0.9721115827560425,0.9826755225658417
naval,dune_bayes,665,mean,0.956688791513443,0.9728263318538666,0.9819869607686996
naval,dune_bayes,666,mean,0.9435442835092545,0.9650645554065704,0.9797927498817444
naval,dune_bayes,667,mean,0.9440049976110458,0.9705175161361694,0.9853385329246521
naval,dune_bayes,668,mean,0.9464529305696487,0.9681015312671661,0.9799279391765594
naval,dune_bayes,669,mean,0.9470109403133392,0.9659399390220642,0.9783997237682343
naval,dune_bayes,670,mean,0.9393526673316955,0.9614551663398743,0.9743159383535385
naval,dune_bayes,671,mean,0.939864456653595,0.9618054330348969,0.9745600879192352
naval,dune_bayes,672,mean,0.9456251472234726,0.9683370888233185,0.9810787528753281
naval,dune_bayes,673,mean,0.9354589730501175,0.9604711830615997,0.9768015593290329
naval,dune_bayes,674,mean,0.942260691523552,0.969731330871582,0.9850854098796844
naval,dune_bayes,675,mean,0.9363384485244751,0.9609649777412415,0.9771336674690246
naval,dune_bayes,676,mean,0.9413723886013031,0.9598027467727661,0.9717497646808624
naval,dune_bayes,677,mean,0.9613550961017608,0.9780805110931396,0.9875551402568817
naval,dune_bayes,678,mean,0.9492108523845673,0.9697228670120239,0.9810558706521988
naval,dune_bayes,679,mean,0.9313500881195068,0.9534818232059479,0.967832213640213
naval,dune_bayes,680,mean,0.9524129211902619,0.9691905081272125,0.9804904848337174
naval,dune_bayes,681,mean,0.9376547306776046,0.9616994857788086,0.9776259124279022
naval,dune_bayes,682,mean,0.9428511619567871,0.9700040221214294,0.9851771742105484
naval,dune_bayes,683,mean,0.949809005856514,0.9700811505317688,0.9812977194786072
naval,dune_bayes,684,mean,0.9439748108386994,0.9616783559322357,0.9731609493494033
naval,dune_bayes,685,mean,0.9385637670755387,0.9621950089931488,0.9779648870229721
naval,dune_bayes,686,mean,0.9550119519233704,0.9740106165409088,0.9846987634897232
naval,dune_bayes,687,mean,0.9503876090049743,0.9704268574714661,0.98153176009655
naval,dune_bayes,688,mean,0.9425755798816681,0.9667810499668121,0.9804357141256332
naval,dune_bayes,689,mean,0.945414736866951,0.9656060039997101,0.9771737456321716
naval,dune_bayes,690,mean,0.9361409544944763,0.9567461013793945,0.9700962275266647
naval,dune_bayes,691,mean,0.9582319170236587,0.9761213958263397,0.9858082681894302
naval,dune_bayes,692,mean,0.938833299279213,0.9586409032344818,0.9713851034641265
naval,dune_bayes,693,mean,0.9051472157239914,0.9425996840000153,0.9641460448503494
naval,dune_bayes,694,mean,0.955054634809494,0.9718226492404938,0.9813281059265136
naval,dune_bayes,695,mean,0.948735648393631,0.9649757444858551,0.975721463561058
naval,dune_bayes,696,mean,0.9405324429273605,0.9598132371902466,0.9722710698843002
naval,dune_bayes,697,mean,0.9439874321222306,0.9705404341220856,0.9853905260562896
naval,dune_bayes,698,mean,0.9579391717910767,0.9728280901908875,0.9827190518379212
naval,dune_bayes,699,mean,0.9650025367736816,0.9798740446567535,0.9881864458322525
naval,dune_bayes,700,mean,0.9498191088438034,0.9657342433929443,0.9763015061616898
naval,dune_bayes,701,mean,0.9584064483642578,0.9731262028217316,0.9828958988189698
naval,dune_bayes,702,mean,0.9589014261960983,0.973438024520874,0.9830803006887436
naval,dune_bayes,703,mean,0.9561497956514359,0.9752152860164642,0.9855225622653961
naval,dune_bayes,704,mean,0.9530967980623245,0.9720521569252014,0.9826273024082184
naval,dune_bayes,705,mean,0.9446315348148346,0.9626495242118835,0.974249330163002
naval,dune_bayes,706,mean,0.960278981924057,0.974268764257431,0.9835953384637832
naval,dune_bayes,707,mean,0.956940895318985,0.9756996333599091,0.9860041052103042
naval,dune_bayes,708,mean,0.9349497050046921,0.960199236869812,0.9766709506511688
naval,dune_bayes,709,mean,0.9478655368089676,0.9689562916755676,0.980532917380333
naval,dune_bayes,710,mean,0.9410025835037231,0.9625931680202484,0.9750988990068435
naval,dune_bayes,711,mean,0.940871050953865,0.9594606757164001,0.9714810281991958
naval,dune_bayes,712,mean,0.9372050583362579,0.961511880159378,0.9774720102548599
naval,dune_bayes,713,mean,0.952568382024765,0.9724398851394653,0.9839552819728852
naval,dune_bayes,714,mean,0.94222192466259,0.9603907763957977,0.972187077999115
naval,dune_bayes,715,mean,0.953440260887146,0.9730213284492493,0.9842427551746369
naval,dune_bayes,716,mean,0.9493904948234558,0.9698420763015747,0.9811140567064285
naval,dune_bayes,717,mean,0.9323719501495361,0.9541844725608826,0.9683215618133545
naval,dune_bayes,718,mean,0.9434827238321304,0.9703359007835388,0.9853416919708252
naval,dune_bayes,719,mean,0.9442904353141784,0.964853435754776,0.9766443550586701
naval,dune_bayes,720,mean,0.9502330988645553,0.9703472852706909,0.9814606487751008
naval,dune_bayes,721,mean,0.9544577956199646,0.9704855382442474,0.9813018411397934
naval,dune_bayes,722,mean,0.9529957979917526,0.9731150567531586,0.9844371199607849
naval,dune_bayes,723,mean,0.9574870347976685,0.975608766078949,0.985463348031044
naval,dune_bayes,724,mean,0.9362041234970093,0.956773430109024,0.9701258659362793
naval,dune_bayes,725,mean,0.940263083577156,0.963190495967865,0.9786109000444412
naval,dune_bayes,726,mean,0.9371301919221878,0.9574122428894043,0.9705673813819885
naval,dune_bayes,727,mean,0.9440551698207855,0.9706014692783356,0.9854517370462418
naval,dune_bayes,728,mean,0.9578951478004456,0.9758610427379608,0.9856171846389771
naval,dune_bayes,729,mean,0.9464169472455979,0.9662685692310333,0.9776401817798615
naval,dune_bayes,730,mean,0.9471971035003662,0.9639254510402679,0.9748794883489609
naval,dune_bayes,731,mean,0.9410893738269805,0.9636763334274292,0.9789145916700362
naval,dune_bayes,732,mean,0.9568605542182922,0.9721221029758453,0.9823006182909012
naval,dune_bayes,733,mean,0.9442999809980392,0.9707254767417908,0.985499033331871
naval,dune_bayes,734,mean,0.9592895328998565,0.9766604602336884,0.9861459314823151
naval,dune_bayes,735,mean,0.9483297169208527,0.9646929800510406,0.9754871934652328
naval,dune_bayes,736,mean,0.9594921499490738,0.9767386615276337,0.9862414270639419
naval,dune_bayes,737,mean,0.906300938129425,0.9438957273960114,0.9648259222507477
naval,dune_bayes,738,mean,0.9555658459663391,0.9721554219722748,0.9815500676631927
naval,dune_bayes,739,mean,0.9587421089410781,0.9733505249023438,0.9830479502677918
naval,dune_bayes,740,mean,0.9651689529418945,0.9799577295780182,0.9882488787174225
naval,dune_bayes,741,mean,0.9529571801424026,0.9719710648059845,0.9825652152299881
naval,dune_bayes,742,mean,0.9562371492385864,0.9725961089134216,0.9818301260471344
naval,dune_bayes,743,mean,0.9596552222967147,0.9739292562007904,0.9833885163068772
naval,dune_bayes,744,mean,0.9449602872133255,0.9710622429847717,0.9856216251850128
naval,dune_bayes,745,mean,0.9572662889957428,0.9732292294502258,0.9822514683008194
naval,dune_bayes,746,mean,0.9454665690660476,0.9632070660591125,0.974644660949707
naval,dune_bayes,747,mean,0.9632706612348556,0.9793048202991486,0.9882405668497085
naval,dune_bayes,748,mean,0.953992885351181,0.9726130962371826,0.9829807251691818
naval,dune_bayes,749,mean,0.9462278783321381,0.9637113213539124,0.9750125795602799
naval,dune_bayes,750,mean,0.9381942421197891,0.957661360502243,0.9701292932033538
naval,dune_bayes,751,mean,0.9430568426847458,0.9701660871505737,0.9853466391563416
naval,dune_bayes,752,mean,0.9406761646270752,0.9623646438121796,0.9749385982751846
naval,dune_bayes,753,mean,0.9411328852176666,0.9626844525337219,0.9751554876565933
naval,dune_bayes,754,mean,0.9432868450880051,0.9702662825584412,0.985364830493927
naval,dune_bayes,755,mean,0.9483131647109986,0.969237208366394,0.9807106673717498
naval,dune_bayes,756,mean,0.94862080514431,0.9694174826145172,0.9808272629976272
naval,dune_bayes,757,mean,0.9513974875211716,0.9686083197593689,0.9801169157028198
naval,dune_bayes,758,mean,0.9489234447479248,0.9695948660373688,0.9809421509504318
naval,dune_bayes,759,mean,0.9519661009311676,0.9689381420612335,0.9803376376628876
naval,dune_bayes,760,mean,0.9436438828706741,0.9704543650150299,0.9854196280241012
naval,dune_bayes,761,mean,0.9389376133680344,0.9625420570373535,0.9781322747468948
naval,dune_bayes,762,mean,0.944020402431488,0.9706279039382935,0.9854880183935165
naval,dune_bayes,763,mean,0.950112909078598,0.9702864587306976,0.9813999623060227
naval,dune_bayes,764,mean,0.9596780806779861,0.9771757125854492,0.9869842231273651
naval,dune_bayes,765,mean,0.944867879152298,0.9652473032474518,0.9769133627414703
naval,dune_bayes,766,mean,0.9343566447496414,0.9555172026157379,0.9692570865154266
naval,dune_bayes,767,mean,0.9442410111427307,0.9707277715206146,0.9855287700891495
naval,dune_bayes,768,mean,0.9579870045185089,0.9762698113918304,0.9863475978374481
naval,dune_bayes,769,mean,0.9443612426519394,0.9707879722118378,0.9855531543493271
naval,dune_bayes,770,mean,0.9579645037651062,0.9759593904018402,0.9856891423463822
naval,dune_bayes,771,mean,0.946190994977951,0.9632364809513092,0.9743180185556412
naval,dune_bayes,772,mean,0.9362751543521881,0.9568058550357819,0.9701599985361099
naval,dune_bayes,773,mean,0.9410940706729889,0.9637214243412018,0.9789306193590164
naval,dune_bayes,774,mean,0.940668374300003,0.9654617309570312,0.9796147048473358
naval,dune_bayes,775,mean,0.9389542281627655,0.9587245583534241,0.9714299887418747
naval,dune_bayes,776,mean,0.9571726888418197,0.9723373651504517,0.9824391037225724
naval,dune_bayes,777,mean,0.9520516574382782,0.9714597165584564,0.9821916997432708
naval,dune_bayes,778,mean,0.9475028574466705,0.9669137895107269,0.9780914455652236
naval,dune_bayes,779,mean,0.9449275255203247,0.9710627198219299,0.9856616497039795
naval,dune_bayes,780,mean,0.9406737834215164,0.95993772149086,0.9723190277814865
naval,dune_bayes,781,mean,0.9415321260690689,0.9605155885219574,0.9727483451366424
naval,dune_bayes,782,mean,0.9452716797590256,0.9712411165237427,0.9857281565666198
naval,dune_bayes,783,mean,0.9507402271032334,0.9663789868354797,0.9767384201288223
naval,dune_bayes,784,mean,0.9439455687999725,0.962168276309967,0.9739134430885314
naval,dune_bayes,785,mean,0.9447395533323288,0.9659015238285065,0.9802734583616257
naval,dune_bayes,786,mean,0.9523060023784637,0.9675334990024567,0.9775133401155471
naval,dune_bayes,787,mean,0.9608901262283325,0.9746882617473602,0.9838735580444335
naval,dune_bayes,788,mean,0.9451627373695374,0.9661564528942108,0.9804291903972626
naval,dune_bayes,789,mean,0.9541279524564743,0.9726961553096771,0.9830252140760422
naval,dune_bayes,790,mean,0.9613639801740647,0.9749751389026642,0.984046271443367
naval,dune_bayes,791,mean,0.9458135753870011,0.97151118516922,0.9858280897140502
naval,dune_bayes,792,mean,0.9580428808927536,0.9737279713153839,0.9825842708349228
naval,dune_bayes,793,mean,0.9533341377973557,0.9682946503162384,0.9780504643917084
naval,dune_bayes,794,mean,0.9391057223081589,0.9582780003547668,0.9705717980861663
naval,dune_bayes,795,mean,0.9499624967575073,0.9677926898002625,0.979595559835434
naval,dune_bayes,796,mean,0.9492240905761719,0.9702421128749847,0.9824992656707764
naval,dune_bayes,797,mean,0.9398506313562394,0.9587683379650116,0.9709225267171859
naval,dune_bayes,798,mean,0.948486003279686,0.969358503818512,0.9807835280895233
naval,dune_bayes,799,mean,0.9371175199747086,0.9615857601165771,0.9774826347827911
naval,dune_bayes,800,mean,0.9522579222917557,0.9722144603729248,0.9838701695203781
naval,dune_bayes,801,mean,0.9281942009925842,0.9513286650180817,0.9664035409688949
naval,dune_bayes,802,mean,0.9517515689134598,0.968845009803772,0.9802674442529679
naval,dune_bayes,803,mean,0.9106288880109787,0.9463002979755402,0.9677109152078629
naval,dune_bayes,804,mean,0.9012465417385102,0.940555214881897,0.96269391477108
naval,dune_bayes,805,mean,0.9436739593744278,0.9644290506839752,0.976349675655365
naval,dune_bayes,806,mean,0.9313159286975861,0.9534859657287598,0.9678663939237595
naval,dune_bayes,807,mean,0.9499523520469666,0.9702105820178986,0.9813348233699799
naval,dune_bayes,808,mean,0.9441371470689773,0.9647455215454102,0.9765674054622651
naval,dune_bayes,809,mean,0.9445187032222748,0.9709011912345886,0.9856248080730439
naval,dune_bayes,810,mean,0.9445449471473694,0.9650205969810486,0.9767570555210113
naval,dune_bayes,811,mean,0.9333667695522309,0.954868733882904,0.9688206017017365
naval,dune_bayes,812,mean,0.9545825719833374,0.9705740809440613,0.981377637386322
naval,dune_bayes,813,mean,0.9551135241985321,0.9709024727344513,0.9815847218036652
naval,dune_bayes,814,mean,0.950819331407547,0.9707258939743042,0.9816791474819183
naval,dune_bayes,815,mean,0.9457822114229202,0.9629311859607697,0.9740736275911331
naval,dune_bayes,816,mean,0.955624234676361,0.9712550342082977,0.9817979902029037
naval,dune_bayes,817,mean,0.9580434858798981,0.9760061800479889,0.9857148110866547
naval,dune_bayes,818,mean,0.9458856701850891,0.9659300446510315,0.9773855209350586
naval,dune_bayes,819,mean,0.9560825258493424,0.9715735018253326,0.9819899588823319
naval,dune_bayes,820,mean,0.9572154134511948,0.9758623242378235,0.9860658526420594
naval,dune_bayes,821,mean,0.9371908992528916,0.9574336111545563,0.9706054121255875
naval,dune_bayes,822,mean,0.9565768480300904,0.9719162881374359,0.9821974068880082
naval,dune_bayes,823,mean,0.9516331523656845,0.9712172746658325,0.9820128291845321
naval,dune_bayes,824,mean,0.938097870349884,0.9580762684345245,0.971036359667778
naval,dune_bayes,825,mean,0.9591966301202774,0.9766139090061188,0.9861340343952179
naval,dune_bayes,826,mean,0.9453472316265106,0.9712924361228943,0.9857844799757004
naval,dune_bayes,827,mean,0.9454630702733994,0.9713537693023682,0.9858074814081191
naval,dune_bayes,828,mean,0.965259850025177,0.9800710678100586,0.9882513463497162
naval,dune_bayes,829,mean,0.952991658449173,0.9720268249511719,0.9825609177350998
naval,dune_bayes,830,mean,0.9561555206775665,0.9725563824176788,0.9818105787038803
naval,dune_bayes,831,mean,0.9503926694393158,0.9661204516887665,0.9765476584434509
naval,dune_bayes,832,mean,0.9095063656568527,0.9451569020748138,0.965952342748642
naval,dune_bayes,833,mean,0.9565002679824829,0.9727812111377716,0.9819543719291687
naval,dune_bayes,834,mean,0.9568393260240555,0.973000705242157,0.9820967108011246
naval,dune_bayes,835,mean,0.9649727553129196,0.979846864938736,0.9882484644651413
naval,dune_bayes,836,mean,0.9451448589563369,0.9661835432052612,0.9804365247488022
naval,dune_bayes,837,mean,0.9612091183662415,0.9749027490615845,0.9840182393789292
naval,dune_bayes,838,mean,0.9463408708572387,0.9638068377971649,0.9750607520341873
naval,dune_bayes,839,mean,0.9616556167602539,0.9751622378826141,0.9841780215501785
naval,dune_bayes,840,mean,0.9545115679502487,0.972932368516922,0.9831681847572327
naval,dune_bayes,841,mean,0.9471195727586746,0.9643166065216064,0.9754308521747589
naval,dune_bayes,842,mean,0.9463263839483261,0.9668904840946198,0.9808661788702011
naval,dune_bayes,843,mean,0.9633287459611892,0.9793798923492432,0.9882410079240799
naval,dune_bayes,844,mean,0.9478205978870392,0.9647962749004364,0.9757674545049667
naval,dune_bayes,845,mean,0.9497564285993576,0.970541924238205,0.9827051371335983
naval,dune_bayes,846,mean,0.9414292961359024,0.9628862142562866,0.975287938117981
naval,dune_bayes,847,mean,0.9400055021047592,0.9588721096515656,0.9709998548030853
naval,dune_bayes,848,mean,0.9259550929069519,0.9498014748096466,0.9653657138347626
naval,dune_bayes,849,mean,0.9419223725795746,0.9632266461849213,0.975522056221962
naval,dune_bayes,850,mean,0.951505434513092,0.9687488973140717,0.9801923900842666
naval,dune_bayes,851,mean,0.951031357049942,0.9712986350059509,0.983296251296997
naval,dune_bayes,852,mean,0.9489315301179886,0.9696379601955414,0.9809635043144226
naval,dune_bayes,853,mean,0.9531983137130737,0.9728572964668274,0.9841705441474915
naval,dune_bayes,854,mean,0.9428939431905746,0.9638933837413788,0.9759810447692872
naval,dune_bayes,855,mean,0.9514554649591446,0.9720906913280487,0.9838277399539948
naval,dune_bayes,856,mean,0.9550985157489776,0.9741392731666565,0.9847136229276657
naval,dune_bayes,857,mean,0.9303346186876297,0.9528353810310364,0.967421218752861
naval,dune_bayes,858,mean,0.9438000172376633,0.9645173847675323,0.9764044672250748
naval,dune_bayes,859,mean,0.9538053274154663,0.9700826108455658,0.9810888081789017
naval,dune_bayes,860,mean,0.944264343380928,0.9648347198963165,0.9766228556632995
naval,dune_bayes,861,mean,0.9397516131401062,0.9630938172340393,0.9784446030855178
naval,dune_bayes,862,mean,0.9313565582036972,0.9600943922996521,0.9760268867015839
naval,dune_bayes,863,mean,0.9451660662889481,0.9654374122619629,0.9770463526248931
naval,dune_bayes,864,mean,0.9453577399253845,0.9625951647758484,0.9738215684890746
naval,dune_bayes,865,mean,0.9554583549499511,0.9711287319660187,0.9817369759082795
naval,dune_bayes,866,mean,0.9580001592636108,0.9759871959686279,0.9857049822807312
naval,dune_bayes,867,mean,0.9559360206127167,0.9714586734771729,0.9819362759590149
naval,dune_bayes,868,mean,0.9410723716020584,0.9638228416442871,0.9789353251457215
naval,dune_bayes,869,mean,0.9455103397369384,0.9713929891586304,0.9858565717935562
naval,dune_bayes,870,mean,0.9471607387065888,0.9638875722885132,0.974799844622612
naval,dune_bayes,871,mean,0.9372362226247788,0.9574587047100067,0.9706324487924576
naval,dune_bayes,872,mean,0.9568900465965271,0.9721200466156006,0.9823358118534088
naval,dune_bayes,873,mean,0.9483542263507843,0.9646994173526764,0.9754380941390991
naval,dune_bayes,874,mean,0.9512600004673004,0.9720445275306702,0.9837656170129776
naval,dune_bayes,875,mean,0.9488905012607575,0.9650615453720093,0.975728502869606
naval,dune_bayes,876,mean,0.9582641810178757,0.9730724096298218,0.9829104691743851
naval,dune_bayes,877,mean,0.9459710389375686,0.9716293513774872,0.9859471410512924
naval,dune_bayes,878,mean,0.9598805636167527,0.9769513607025146,0.9864044338464737
naval,dune_bayes,879,mean,0.9528636336326599,0.9719627201557159,0.9824986100196839
naval,dune_bayes,880,mean,0.9461981326341629,0.971747636795044,0.9859912484884262
naval,dune_bayes,881,mean,0.9596500873565674,0.9739662706851959,0.9834622800350189
naval,dune_bayes,882,mean,0.9463177293539047,0.9718082547187805,0.9860139727592468
naval,dune_bayes,883,mean,0.9601389795541764,0.9742738306522369,0.9836462408304214
naval,dune_bayes,884,mean,0.915706205368042,0.9497946500778198,0.9696036130189896
naval,dune_bayes,885,mean,0.9569584459066391,0.9730876386165619,0.9821528971195221
naval,dune_bayes,886,mean,0.9451461464166642,0.966207355260849,0.9804417252540588
naval,dune_bayes,887,mean,0.9448849529027938,0.9627966284751892,0.9743577182292938
naval,dune_bayes,888,mean,0.9541416704654694,0.9727014899253845,0.9830097883939742
naval,dune_bayes,889,mean,0.9579636543989182,0.9737060368061066,0.9825716733932495
naval,dune_bayes,890,mean,0.9464195817708969,0.9638642966747284,0.9750916808843613
naval,dune_bayes,891,mean,0.9468652844429016,0.9720835983753204,0.9861170500516891
naval,dune_bayes,892,mean,0.9644623309373855,0.9795850515365601,0.9880994230508804
naval,dune_bayes,893,mean,0.947890305519104,0.9648368954658508,0.9758002042770386
naval,dune_bayes,894,mean,0.9470897138118743,0.9673755168914795,0.9811463177204132
naval,dune_bayes,895,mean,0.9551508635282516,0.9733371734619141,0.9834103643894195
naval,dune_bayes,896,mean,0.9588968724012374,0.9742926359176636,0.9829622626304626
naval,dune_bayes,897,mean,0.968383201956749,0.9794738292694092,0.986975172162056
naval,dune_bayes,898,mean,0.9408866435289382,0.9594548046588898,0.9714459955692291
naval,dune_bayes,899,mean,0.9270703166723251,0.9505816698074341,0.965911865234375
naval,dune_bayes,900,mean,0.9490569502115249,0.9697322249412537,0.9810151398181916
naval,dune_bayes,901,mean,0.9450262755155563,0.97118279337883,0.9858133614063262
naval,dune_bayes,902,mean,0.9430185317993164,0.9639803469181061,0.9760347008705139
naval,dune_bayes,903,mean,0.952994105219841,0.9696335196495056,0.9807776004076004
naval,dune_bayes,904,mean,0.9388416618108749,0.9626228511333466,0.9781126737594604
naval,dune_bayes,905,mean,0.9535676687955856,0.9699583649635315,0.9810004085302353
naval,dune_bayes,906,mean,0.9452898859977722,0.9713173508644104,0.9858565300703048
naval,dune_bayes,907,mean,0.9541476458311081,0.9703081548213959,0.9812291741371155
naval,dune_bayes,908,mean,0.9502182185649872,0.9704059362411499,0.9814566940069198
naval,dune_bayes,909,mean,0.9443915665149689,0.9649229049682617,0.9766797095537185
naval,dune_bayes,910,mean,0.9571639001369476,0.975391685962677,0.9853806614875793
naval,dune_bayes,911,mean,0.9505174070596695,0.970576822757721,0.9815652996301651
naval,dune_bayes,912,mean,0.9449279755353928,0.9622607231140137,0.9735701531171799
naval,dune_bayes,913,mean,0.9552515894174576,0.971004843711853,0.9816650778055191
naval,dune_bayes,914,mean,0.9456454664468765,0.9714980721473694,0.9859222173690796
naval,dune_bayes,915,mean,0.903280109167099,0.9418439567089081,0.9635301470756531
naval,dune_bayes,916,mean,0.9204427003860474,0.9536485373973846,0.9714955449104309
naval,dune_bayes,917,mean,0.956241449713707,0.9716580510139465,0.9820716112852097
naval,dune_bayes,918,mean,0.9414737433195114,0.9640817642211914,0.9790804833173752
naval,dune_bayes,919,mean,0.9513815820217133,0.9710839688777924,0.9818851500749588
naval,dune_bayes,920,mean,0.9571906358003617,0.9723160862922668,0.9824688702821731
naval,dune_bayes,921,mean,0.9461191058158874,0.9717172086238861,0.9860155373811722
naval,dune_bayes,922,mean,0.9519401609897613,0.971415251493454,0.9821115642786026
naval,dune_bayes,923,mean,0.938167005777359,0.9581005573272705,0.9710720300674438
naval,dune_bayes,924,mean,0.952222716808319,0.9715831279754639,0.9822232216596604
naval,dune_bayes,925,mean,0.9581140846014022,0.9729557633399963,0.9828549742698669
naval,dune_bayes,926,mean,0.9463689744472503,0.9718453586101532,0.9860629379749298
naval,dune_bayes,927,mean,0.9571088820695877,0.9757832586765289,0.9859956651926041
naval,dune_bayes,928,mean,0.9507397145032883,0.966355174779892,0.9766968548297882
naval,dune_bayes,929,mean,0.9424460589885711,0.9611883461475372,0.9731923043727875
naval,dune_bayes,930,mean,0.9535319119691849,0.9723642766475677,0.9827535092830658
naval,dune_bayes,931,mean,0.9512905061244965,0.9667491316795349,0.9769823253154755
naval,dune_bayes,932,mean,0.9432915955781936,0.9617436230182648,0.973593607544899
naval,dune_bayes,933,mean,0.9517877608537674,0.967105507850647,0.9772242188453675
naval,dune_bayes,934,mean,0.917474114894867,0.9510055780410767,0.9704252570867539
naval,dune_bayes,935,mean,0.9449026674032212,0.9628131687641144,0.9743613749742508
naval,dune_bayes,936,mean,0.9285708546638489,0.9581714868545532,0.9747020423412323
naval,dune_bayes,937,mean,0.9474834233522416,0.9724140167236328,0.9862769365310669
naval,dune_bayes,938,mean,0.9550317883491516,0.9732500910758972,0.9833527624607086
naval,dune_bayes,939,mean,0.9479651659727096,0.9648966193199158,0.9758345067501069
naval,dune_bayes,940,mean,0.9536347210407257,0.9711619317531586,0.9834119975566864
naval,dune_bayes,941,mean,0.9493858218193054,0.9658835530281067,0.9765193969011307
naval,dune_bayes,942,mean,0.9477944642305374,0.9725731313228607,0.9863349050283432
naval,dune_bayes,943,mean,0.9431412845849991,0.964065819978714,0.9760898143053055
naval,dune_bayes,944,mean,0.9456299901008606,0.9714964628219604,0.98596311211586
naval,dune_bayes,945,mean,0.9498011291027069,0.9701775908470154,0.9813067525625229
naval,dune_bayes,946,mean,0.9324587702751159,0.9542631506919861,0.9684260874986649
naval,dune_bayes,947,mean,0.9460152238607407,0.9717036187648773,0.9860320597887039
naval,dune_bayes,948,mean,0.9543942362070084,0.9739325046539307,0.9848823100328445
naval,dune_bayes,949,mean,0.946505868434906,0.9719251692295074,0.9861282050609589
naval,dune_bayes,950,mean,0.9372813194990158,0.9574740529060364,0.9706641346216202
naval,dune_bayes,951,mean,0.9427439987659454,0.9648173749446869,0.9795489817857742
naval,dune_bayes,952,mean,0.9505914449691772,0.9717133641242981,0.9835688352584838
naval,dune_bayes,953,mean,0.9520843297243118,0.9715081453323364,0.9821548283100128
naval,dune_bayes,954,mean,0.9431556820869446,0.9650398790836334,0.9797010153532028
naval,dune_bayes,955,mean,0.9486980974674225,0.9649267196655273,0.975585401058197
naval,dune_bayes,956,mean,0.9468578368425369,0.9721114039421082,0.9861978322267532
naval,dune_bayes,957,mean,0.9526301324367523,0.9718316495418549,0.9823760688304901
naval,dune_bayes,958,mean,0.9492427229881286,0.9653016030788422,0.9758797705173492
naval,dune_bayes,959,mean,0.9591716349124908,0.9769487082958221,0.9867637902498245
naval,dune_bayes,960,mean,0.9470945864915847,0.9722346067428589,0.9862443894147873
naval,dune_bayes,961,mean,0.9417122274637222,0.9606540501117706,0.9727589160203933
naval,dune_bayes,962,mean,0.9536658585071563,0.972448319196701,0.9827941805124283
naval,dune_bayes,963,mean,0.9607104182243347,0.9746614694595337,0.9839038491249085
naval,dune_bayes,964,mean,0.9455924898386001,0.9665011167526245,0.98060222864151
naval,dune_bayes,965,mean,0.9423097461462021,0.966467410326004,0.9802272498607636
naval,dune_bayes,966,mean,0.9541864633560181,0.9727552235126495,0.9830028355121613
naval,dune_bayes,967,mean,0.9575595021247864,0.9734832048416138,0.98241608440876
naval,dune_bayes,968,mean,0.9272491067647934,0.9575580060482025,0.9746890425682068
naval,dune_bayes,969,mean,0.9457532495260239,0.9633993804454803,0.9747720956802368
naval,dune_bayes,970,mean,0.9640762656927109,0.9793447256088257,0.9879351019859314
naval,dune_bayes,971,mean,0.9547005265951156,0.9730468392372131,0.983206108212471
naval,dune_bayes,972,mean,0.9535125970840455,0.9683413505554199,0.9780939370393753
naval,dune_bayes,973,mean,0.9471645712852478,0.9674448668956757,0.9811816424131393
naval,dune_bayes,974,mean,0.9479886561632156,0.9726934432983398,0.9864151418209076
naval,dune_bayes,975,mean,0.955205249786377,0.9733525216579437,0.983405578136444
naval,dune_bayes,976,mean,0.9539926797151566,0.9713940620422363,0.9835586458444595
naval,dune_bayes,977,mean,0.9482096552848815,0.9728074967861176,0.9864578038454056
naval,dune_bayes,978,mean,0.9594708770513535,0.9746709764003754,0.9832150936126709
naval,dune_bayes,979,mean,0.955472320318222,0.969759076833725,0.9791169971227646
naval,dune_bayes,980,mean,0.9620010405778885,0.9780118763446808,0.9871018290519714
naval,dune_bayes,981,mean,0.9559073120355606,0.9737991392612457,0.9836877018213271
naval,dune_bayes,982,mean,0.9224992573261261,0.9549122154712677,0.9721476316452027
naval,dune_bayes,983,mean,0.9496500939130783,0.9701013565063477,0.9812456756830216
naval,dune_bayes,984,mean,0.9396676540374755,0.9631507694721222,0.9784352958202361
naval,dune_bayes,985,mean,0.9543633222579956,0.9736354351043701,0.9845385104417801
naval,dune_bayes,986,mean,0.930310583114624,0.9528360366821289,0.967443385720253
naval,dune_bayes,987,mean,0.9462485909461975,0.971819669008255,0.9861184120178222
naval,dune_bayes,988,mean,0.9502506047487259,0.9704484641551971,0.9814777225255966
naval,dune_bayes,989,mean,0.9440036594867707,0.9615617394447327,0.9730503499507904
naval,dune_bayes,990,mean,0.9405695229768753,0.9636540412902832,0.9787401705980301
naval,dune_bayes,991,mean,0.957145169377327,0.9754053056240082,0.9853747606277465
naval,dune_bayes,992,mean,0.9324662327766419,0.9542810916900635,0.968438720703125
naval,dune_bayes,993,mean,0.9553375124931336,0.9710842072963715,0.9817223995923996
naval,dune_bayes,994,mean,0.9451367288827897,0.9654265344142914,0.9770221322774887
naval,dune_bayes,995,mean,0.9459040850400925,0.962914228439331,0.9740588814020157
naval,dune_bayes,996,mean,0.9345076262950898,0.9556314945220947,0.9693796932697296
naval,dune_bayes,997,mean,0.9467508941888809,0.9720794856548309,0.9862134039402007
naval,dune_bayes,998,mean,0.9464883267879486,0.9633474349975586,0.9743770241737365
naval,dune_bayes,999,mean,0.9422993898391724,0.9646179676055908,0.9793822050094604
naval,dune_bayes,1000,mean,0.9366884976625443,0.963209867477417,0.9783210605382919
naval,dune_bayes,1001,mean,0.9519457668066025,0.9714336097240448,0.9821037530899048
naval,dune_bayes,1002,mean,0.9522244185209274,0.971599280834198,0.9822072803974151
naval,dune_bayes,1003,mean,0.9472952634096146,0.9668616652488708,0.9780298888683319
naval,dune_bayes,1004,mean,0.9483037263154983,0.9646421670913696,0.9753516644239426
naval,dune_bayes,1005,mean,0.9488569140434265,0.9650251269340515,0.9756509512662888
naval,dune_bayes,1006,mean,0.9596066862344742,0.9739688336849213,0.9834921419620514
naval,dune_bayes,1007,mean,0.9475796610116959,0.9724951088428497,0.9863750249147415
naval,dune_bayes,1008,mean,0.958700281381607,0.9766948521137238,0.9865908652544022
naval,dune_bayes,1009,mean,0.9567258417606354,0.9729164838790894,0.9820528060197831
naval,dune_bayes,1010,mean,0.9605439186096192,0.9745691120624542,0.9838560372591019
naval,dune_bayes,1011,mean,0.9516332745552063,0.9669812023639679,0.9771348863840104
naval,dune_bayes,1012,mean,0.9573674887418747,0.973366379737854,0.9823403656482697
naval,dune_bayes,1013,mean,0.9614648014307022,0.9751487076282501,0.98421131670475
naval,dune_bayes,1014,mean,0.9543260276317597,0.9728429019451141,0.9830456376075745
naval,dune_bayes,1015,mean,0.9450078934431076,0.9629141092300415,0.9744100391864776
naval,dune_bayes,1016,mean,0.9481482058763504,0.9727857112884521,0.9864853590726852
naval,dune_bayes,1017,mean,0.9545825481414795,0.9729938209056854,0.983148193359375
naval,dune_bayes,1018,mean,0.9531860500574112,0.9680905938148499,0.977905198931694
naval,dune_bayes,1019,mean,0.9482679456472397,0.9728434979915619,0.9865094244480133
naval,dune_bayes,1020,mean,0.9345550626516342,0.9618102312088013,0.9772891789674759
naval,dune_bayes,1021,mean,0.9483781635761261,0.9729019701480865,0.9865306586027145
naval,dune_bayes,1022,mean,0.9550841450691223,0.9732778966426849,0.9833470314741134
naval,dune_bayes,1023,mean,0.9473334312438965,0.9644783139228821,0.9755253225564957
naval,dune_bayes,1024,mean,0.948495402932167,0.9729660749435425,0.9865536361932754
naval,dune_bayes,1025,mean,0.9124795883893967,0.9479376673698425,0.9674037098884583
naval,dune_bayes,1026,mean,0.9639491558074951,0.9792666435241699,0.9878712087869644
naval,dune_bayes,1027,mean,0.9553325414657593,0.9734302759170532,0.9834464251995086
naval,dune_bayes,1028,mean,0.954322624206543,0.9716107547283173,0.9836957305669785
naval,dune_bayes,1029,mean,0.9486071914434433,0.9730258285999298,0.9865756124258042
naval,dune_bayes,1030,mean,0.9177774220705033,0.9520193636417389,0.9699164152145385
naval,dune_bayes,1031,mean,0.9555786937475205,0.9735829830169678,0.9835449308156967
naval,dune_bayes,1032,mean,0.948701947927475,0.9730730652809143,0.9865923821926117
naval,dune_bayes,1033,mean,0.9338514655828476,0.9615912735462189,0.976877972483635
naval,dune_bayes,1034,mean,0.9595794945955276,0.9747495055198669,0.9832628250122071
naval,dune_bayes,1035,mean,0.969462326169014,0.9801798164844513,0.9874292641878128
naval,dune_bayes,1036,mean,0.960197976231575,0.9751337468624115,0.9835424453020096
naval,dune_bayes,1037,mean,0.9490371704101562,0.9732454121112823,0.9866570740938186
naval,dune_bayes,1038,mean,0.9405227243900299,0.9636606872081757,0.9787448376417159
naval,dune_bayes,1039,mean,0.9564054518938064,0.974939376115799,0.9851551681756973
naval,dune_bayes,1040,mean,0.9441532135009766,0.9616551697254181,0.9731218248605727
naval,dune_bayes,1041,mean,0.9506821244955063,0.970708817243576,0.9816446959972381
naval,dune_bayes,1042,mean,0.9448180139064789,0.9621238112449646,0.9734670132398605
naval,dune_bayes,1043,mean,0.9562095254659653,0.9716370403766632,0.9820751219987869
naval,dune_bayes,1044,mean,0.9594179570674897,0.9770199954509735,0.9869102567434311
naval,dune_bayes,1045,mean,0.9567101418972015,0.9719471335411072,0.9822792261838913
naval,dune_bayes,1046,mean,0.9515509158372879,0.9712064266204834,0.9819646894931793
naval,dune_bayes,1047,mean,0.9465885996818543,0.9663932621479034,0.9776979058980941
naval,dune_bayes,1048,mean,0.9486023783683777,0.9705061316490173,0.9827824801206588
naval,dune_bayes,1049,mean,0.9520853936672211,0.9715262055397034,0.9821621388196945
naval,dune_bayes,1050,mean,0.9478612661361694,0.9643102884292603,0.9750958472490311
naval,dune_bayes,1051,mean,0.9258664816617965,0.9566585421562195,0.9741408437490463
naval,dune_bayes,1052,mean,0.9598671406507492,0.9769654870033264,0.9864027231931687
naval,dune_bayes,1053,mean,0.9523567467927933,0.9716871380805969,0.9822628229856492
naval,dune_bayes,1054,mean,0.9477048218250275,0.9725686609745026,0.986436527967453
naval,dune_bayes,1055,mean,0.947891691327095,0.9672273397445679,0.9782795906066895
naval,dune_bayes,1056,mean,0.9496216982603073,0.9655430912971497,0.9760424703359604
naval,dune_bayes,1057,mean,0.9531746685504914,0.972171813249588,0.9825698912143707
naval,dune_bayes,1058,mean,0.9488376259803772,0.9677987694740295,0.9786681860685349
naval,dune_bayes,1059,mean,0.9501498252153396,0.965908020734787,0.976327458024025
naval,dune_bayes,1060,mean,0.9597989737987518,0.9773507416248322,0.9870135724544525
naval,dune_bayes,1061,mean,0.9651291966438293,0.9799477159976959,0.9882914572954178
naval,dune_bayes,1062,mean,0.9481936573982239,0.9728248119354248,0.9865342080593109
naval,dune_bayes,1063,mean,0.9426167994737625,0.961279958486557,0.9731901228427887
naval,dune_bayes,1064,mean,0.9650430530309677,0.9799730181694031,0.9883114963769912
naval,dune_bayes,1065,mean,0.948859441280365,0.970674455165863,0.982855600118637
naval,dune_bayes,1066,mean,0.9644894033670426,0.9796103537082672,0.9880806267261505
naval,dune_bayes,1067,mean,0.9678495258092881,0.9791986346244812,0.9868184953927994
naval,dune_bayes,1068,mean,0.9466123580932617,0.9639982879161835,0.9751764863729477
naval,dune_bayes,1069,mean,0.922375038266182,0.9544919729232788,0.9727425545454025
naval,dune_bayes,1070,mean,0.9481193900108338,0.9650191962718964,0.9758953869342804
naval,dune_bayes,1071,mean,0.9546570032835007,0.9718277752399445,0.9838342607021332
naval,dune_bayes,1072,mean,0.9490963459014893,0.9732924997806549,0.9867078334093093
naval,dune_bayes,1073,mean,0.9553466588258743,0.9696243405342102,0.97902452647686
naval,dune_bayes,1074,mean,0.9559567958116532,0.973813533782959,0.9836835265159607
naval,dune_bayes,1075,mean,0.9562797456979751,0.9703003466129303,0.9795120537281037
naval,dune_bayes,1076,mean,0.9564333856105804,0.9741093516349792,0.9838722348213196
naval,dune_bayes,1077,mean,0.956751748919487,0.9706324338912964,0.9797563970088958
naval,dune_bayes,1078,mean,0.9505350083112717,0.9706335067749023,0.9815963983535767
naval,dune_bayes,1079,mean,0.9444864153861999,0.9649862945079803,0.9767105758190155
naval,dune_bayes,1080,mean,0.9472932875156402,0.9723711609840393,0.9863906025886535
naval,dune_bayes,1081,mean,0.942224645614624,0.9646443426609039,0.9793486207723617
naval,dune_bayes,1082,mean,0.9570009648799896,0.9721499383449554,0.982406222820282
naval,dune_bayes,1083,mean,0.947697201371193,0.972585529088974,0.9864692866802215
naval,dune_bayes,1084,mean,0.9586805284023285,0.9764003157615662,0.9860040187835694
naval,dune_bayes,1085,mean,0.9355031877756119,0.9562992453575134,0.969856345653534
naval,dune_bayes,1086,mean,0.957488751411438,0.9724719822406769,0.9826202303171158
naval,dune_bayes,1087,mean,0.9478052079677581,0.9726322591304779,0.98649001121521
naval,dune_bayes,1088,mean,0.9519794881343842,0.9714663326740265,0.9821276485919952
naval,dune_bayes,1089,mean,0.94353489279747,0.965376079082489,0.9798338562250137
naval,dune_bayes,1090,mean,0.9439491659402848,0.9656046330928802,0.9799864172935485
naval,dune_bayes,1091,mean,0.9598690509796143,0.9769659042358398,0.9864012658596039
naval,dune_bayes,1092,mean,0.9525358825922012,0.9717976152896881,0.9823315769433976
naval,dune_bayes,1093,mean,0.9475740283727646,0.9670502245426178,0.9781530022621154
naval,dune_bayes,1094,mean,0.9601812064647675,0.977142721414566,0.9865204721689225
naval,dune_bayes,1095,mean,0.9530397921800613,0.972100168466568,0.9825201272964478
naval,dune_bayes,1096,mean,0.9484872817993164,0.967597246170044,0.9785284340381623
naval,dune_bayes,1097,mean,0.9654167711734771,0.9801132380962372,0.988397604227066
naval,dune_bayes,1098,mean,0.9460162937641143,0.9667879641056061,0.9807500779628754
naval,dune_bayes,1099,mean,0.9489101260900498,0.9732038676738739,0.9867104351520538
naval,dune_bayes,1100,mean,0.9543663561344147,0.9728803336620331,0.9830352276563644
naval,dune_bayes,1101,mean,0.9579307466745377,0.9737375378608704,0.9825829893350602
naval,dune_bayes,1102,mean,0.9548821836709976,0.9731750190258026,0.9832412272691726
naval,dune_bayes,1103,mean,0.9582504779100418,0.9739454090595245,0.9827222526073456
naval,dune_bayes,1104,mean,0.9535175919532776,0.968309074640274,0.9780539542436599
naval,dune_bayes,1105,mean,0.9458590537309647,0.963505893945694,0.9748178660869599
naval,dune_bayes,1106,mean,0.9492439389228821,0.9733711779117584,0.9867762356996536
naval,dune_bayes,1107,mean,0.9540253013372422,0.9686625599861145,0.978319576382637
naval,dune_bayes,1108,mean,0.9380000323057175,0.9639271199703217,0.978709876537323
naval,dune_bayes,1109,mean,0.9481694400310516,0.9650531709194183,0.9759181529283524
naval,dune_bayes,1110,mean,0.9595159530639649,0.9747203290462494,0.9832490801811218
naval,dune_bayes,1111,mean,0.9559822171926499,0.9700618982315063,0.9793407708406449
naval,dune_bayes,1112,mean,0.9556981682777405,0.9724566340446472,0.9841756671667099
naval,dune_bayes,1113,mean,0.9236633062362671,0.9556528925895691,0.9725441873073578
naval,dune_bayes,1114,mean,0.9581859767436981,0.9720668792724609,0.9807453215122223
naval,dune_bayes,1115,mean,0.9607173800468445,0.9754792153835297,0.9837716460227967
naval,dune_bayes,1116,mean,0.9501474142074585,0.9738487303256989,0.9869522511959076
naval,dune_bayes,1117,mean,0.9451052635908127,0.9684746563434601,0.9814659595489502
naval,dune_bayes,1118,mean,0.961810439825058,0.9778530597686768,0.986978679895401
naval,dune_bayes,1119,mean,0.9570967733860016,0.9732783138751984,0.9846332192420959
naval,dune_bayes,1120,mean,0.9459806859493256,0.965998113155365,0.9774058818817138
naval,dune_bayes,1121,mean,0.9463820576667785,0.9632098376750946,0.974273419380188
naval,dune_bayes,1122,mean,0.9416266113519669,0.96657395362854,0.9798645704984665
naval,dune_bayes,1123,mean,0.9577721506357193,0.9726712703704834,0.9827432692050934
naval,dune_bayes,1124,mean,0.9482756048440933,0.9728838801383972,0.9866181075572967
naval,dune_bayes,1125,mean,0.9484103322029114,0.972946435213089,0.9866450190544128
naval,dune_bayes,1126,mean,0.9472618788480759,0.9668477475643158,0.9780048787593841
naval,dune_bayes,1127,mean,0.9482304930686951,0.9645267724990845,0.9752536863088608
naval,dune_bayes,1128,mean,0.9476915627717972,0.9671282470226288,0.9782031595706939
naval,dune_bayes,1129,mean,0.9383980631828308,0.9582279622554779,0.97121542096138
naval,dune_bayes,1130,mean,0.9447360605001449,0.9660752415657043,0.9802761256694793
naval,dune_bayes,1131,mean,0.9481646478176117,0.9674130082130432,0.9784012317657471
naval,dune_bayes,1132,mean,0.9543906092643738,0.9738099277019501,0.9848227143287659
naval,dune_bayes,1133,mean,0.9410258919000626,0.9601172208786011,0.9724638015031815
naval,dune_bayes,1134,mean,0.949126124382019,0.9733242392539978,0.9867871046066284
naval,dune_bayes,1135,mean,0.9492492645978927,0.9733857214450836,0.986812475323677
naval,dune_bayes,1136,mean,0.9472083538770676,0.9675160646438599,0.981188103556633
naval,dune_bayes,1137,mean,0.9580913454294204,0.973829835653305,0.9826390027999878
naval,dune_bayes,1138,mean,0.9496107995510101,0.973564863204956,0.9868855953216552
naval,dune_bayes,1139,mean,0.9640278548002243,0.9793263971805573,0.9878859698772431
naval,dune_bayes,1140,mean,0.9550140500068665,0.973260760307312,0.9832827061414718
naval,dune_bayes,1141,mean,0.9545920610427856,0.9718315601348877,0.9838944703340531
naval,dune_bayes,1142,mean,0.9590133994817733,0.974430650472641,0.9830452769994735
naval,dune_bayes,1143,mean,0.9635174721479416,0.9790126383304596,0.987679523229599
naval,dune_bayes,1144,mean,0.9500728905200958,0.9738239943981171,0.9869752526283264
naval,dune_bayes,1145,mean,0.9431990683078766,0.9669654965400696,0.9805240899324417
naval,dune_bayes,1146,mean,0.9556753128767014,0.969817191362381,0.9791651785373687
naval,dune_bayes,1147,mean,0.9489325910806656,0.9655763804912567,0.976283785700798
naval,dune_bayes,1148,mean,0.9701660603284836,0.9806554615497589,0.9877349585294724
naval,dune_bayes,1149,mean,0.9563841819763184,0.9728808403015137,0.9844155788421631
naval,dune_bayes,1150,mean,0.9505137622356414,0.974051833152771,0.9870597809553147
naval,dune_bayes,1151,mean,0.9608543634414672,0.9755727052688599,0.983829015493393
naval,dune_bayes,1152,mean,0.9507386744022369,0.9741685390472412,0.9871041774749756
naval,dune_bayes,1153,mean,0.9718676567077636,0.9817080795764923,0.9883953988552093
naval,dune_bayes,1154,mean,0.9259595811367035,0.9567535817623138,0.973607724905014
naval,dune_bayes,1155,mean,0.9459324568510056,0.9628844559192657,0.974018520116806
naval,dune_bayes,1156,mean,0.9465682446956635,0.9633259773254395,0.9743522673845291
naval,dune_bayes,1157,mean,0.9485947340726852,0.9730519354343414,0.9867122441530227
naval,dune_bayes,1158,mean,0.9519708395004273,0.9714754521846771,0.9821371763944626
naval,dune_bayes,1159,mean,0.9580547988414765,0.9728659391403198,0.9828640192747116
naval,dune_bayes,1160,mean,0.9469852864742279,0.9666672050952911,0.9778706967830658
naval,dune_bayes,1161,mean,0.9392704486846923,0.9588544964790344,0.9716482400894165
naval,dune_bayes,1162,mean,0.9455445051193238,0.9665550291538239,0.9805714696645736
naval,dune_bayes,1163,mean,0.9533509522676468,0.9722929000854492,0.9826441258192062
naval,dune_bayes,1164,mean,0.9603206604719162,0.9744084775447845,0.9838165819644928
naval,dune_bayes,1165,mean,0.9580126225948333,0.9762734472751617,0.98628771007061
naval,dune_bayes,1166,mean,0.9410207778215408,0.9601224362850189,0.9724847197532653
naval,dune_bayes,1167,mean,0.9607725530862808,0.9747191071510315,0.984003695845604
naval,dune_bayes,1168,mean,0.9467767804861069,0.9672664105892181,0.9810259610414505
naval,dune_bayes,1169,mean,0.9650405585765839,0.9799764454364777,0.9883069545030594
naval,dune_bayes,1170,mean,0.9573013246059418,0.9732480645179749,0.9822224646806716
naval,dune_bayes,1171,mean,0.9374885380268096,0.9639967381954193,0.9783854573965073
naval,dune_bayes,1172,mean,0.9528236508369445,0.9677841067314148,0.9776824414730072
naval,dune_bayes,1173,mean,0.95821812748909,0.973902702331543,0.9826739072799683
naval,dune_bayes,1174,mean,0.9533468216657639,0.9681613743305206,0.9779364705085755
naval,dune_bayes,1175,mean,0.9638353615999222,0.9792107343673706,0.9878010123968124
naval,dune_bayes,1176,mean,0.9689226865768432,0.9799039363861084,0.9872667372226716
naval,dune_bayes,1177,mean,0.9603272169828415,0.9776088297367096,0.987163782119751
naval,dune_bayes,1178,mean,0.9637068420648575,0.9791306853294373,0.9877421885728837
naval,dune_bayes,1179,mean,0.9474870294332505,0.9646073579788208,0.9755903482437134
naval,dune_bayes,1180,mean,0.9504313558340073,0.974006175994873,0.9870812207460403
naval,dune_bayes,1181,mean,0.9572062611579895,0.9757446646690369,0.9859390050172806
naval,dune_bayes,1182,mean,0.9499675691127777,0.9713215231895447,0.9832355409860611
naval,dune_bayes,1183,mean,0.9506504952907562,0.9741313755512238,0.9871241480112075
naval,dune_bayes,1184,mean,0.956337395310402,0.9740537703037262,0.9838037014007568
naval,dune_bayes,1185,mean,0.9563386738300323,0.9728738963603973,0.9844396740198136
naval,dune_bayes,1186,mean,0.9628255754709244,0.9785402417182922,0.9873874574899674
naval,dune_bayes,1187,mean,0.9603787422180176,0.975277453660965,0.9836201310157776
naval,dune_bayes,1188,mean,0.9619469046592712,0.977946400642395,0.9870231866836547
naval,dune_bayes,1189,mean,0.9606520384550095,0.9754538834095001,0.9837342083454133
naval,dune_bayes,1190,mean,0.9598376005887985,0.9766197502613068,0.9861865878105164
naval,dune_bayes,1191,mean,0.9577219933271408,0.9736848473548889,0.9848625391721726
naval,dune_bayes,1192,mean,0.9575171440839767,0.974767655134201,0.9842713534832
naval,dune_bayes,1193,mean,0.9637291043996811,0.978491485118866,0.9866568863391876
naval,dune_bayes,1194,mean,0.9606475204229354,0.9737319350242615,0.9818718582391739
naval,dune_bayes,1195,mean,0.9518583983182907,0.9714189767837524,0.9821001023054123
naval,dune_bayes,1196,mean,0.9467494815587998,0.9634389877319336,0.974429029226303
naval,dune_bayes,1197,mean,0.9521475940942764,0.9715847969055176,0.9822048753499985
naval,dune_bayes,1198,mean,0.9466926008462906,0.966476321220398,0.9777323454618454
naval,dune_bayes,1199,mean,0.9583370536565781,0.9730580151081085,0.9829871147871018
naval,dune_bayes,1200,mean,0.947100481390953,0.9667477309703827,0.9779218345880508
naval,dune_bayes,1201,mean,0.9479404091835022,0.9642783403396606,0.975070258975029
naval,dune_bayes,1202,mean,0.9446636736392975,0.9660995602607727,0.9802430003881454
naval,dune_bayes,1203,mean,0.9526656270027161,0.97189000248909,0.9823986530303955
naval,dune_bayes,1204,mean,0.9475273489952087,0.9670300781726837,0.9781218141317367
naval,dune_bayes,1205,mean,0.9592537641525268,0.9736756980419159,0.9833785742521286
naval,dune_bayes,1206,mean,0.9529472172260285,0.9720576405525208,0.9825005739927292
naval,dune_bayes,1207,mean,0.9491420894861221,0.9651332795619965,0.9757057577371597
naval,dune_bayes,1208,mean,0.9459321051836014,0.9668067991733551,0.9807121008634567
naval,dune_bayes,1209,mean,0.9496902912855149,0.973620593547821,0.9869653850793838
naval,dune_bayes,1210,mean,0.9657548785209655,0.980330616235733,0.9884950309991837
naval,dune_bayes,1211,mean,0.9489029258489609,0.9678733646869659,0.9787133008241653
naval,dune_bayes,1212,mean,0.9463353991508484,0.9670279622077942,0.9808618009090423
naval,dune_bayes,1213,mean,0.9409843415021897,0.9601034820079803,0.9724892973899841
naval,dune_bayes,1214,mean,0.9499442636966705,0.9737546443939209,0.9870175927877426
naval,dune_bayes,1215,mean,0.9497900247573853,0.9684160947799683,0.9790791779756546
naval,dune_bayes,1216,mean,0.9572920471429824,0.9757784307003021,0.9859786838293075
naval,dune_bayes,1217,mean,0.9652111321687699,0.9800890386104584,0.9883774489164352
naval,dune_bayes,1218,mean,0.9574272781610489,0.9733161628246307,0.9822563588619232
naval,dune_bayes,1219,mean,0.9519107013940811,0.9671058058738708,0.977191761136055
naval,dune_bayes,1220,mean,0.9427789390087128,0.9613714218139648,0.973300963640213
naval,dune_bayes,1221,mean,0.9645988941192627,0.9796962738037109,0.9881161123514175
naval,dune_bayes,1222,mean,0.952459779381752,0.9675022065639496,0.9774827539920807
naval,dune_bayes,1223,mean,0.9644631892442703,0.9796022176742554,0.9880507498979568
naval,dune_bayes,1224,mean,0.9504205375909806,0.9739895164966583,0.9871133178472519
naval,dune_bayes,1225,mean,0.9452148228883743,0.9630916714668274,0.9745032131671906
naval,dune_bayes,1226,mean,0.95527403652668,0.9734336733818054,0.9833626061677933
naval,dune_bayes,1227,mean,0.9459816604852677,0.9636243581771851,0.9748895972967148
naval,dune_bayes,1228,mean,0.9687796771526337,0.9798260629177094,0.9872237086296082
naval,dune_bayes,1229,mean,0.9548600196838379,0.9720298647880554,0.9840493440628052
naval,dune_bayes,1230,mean,0.9589548856019974,0.9743987321853638,0.9830050259828568
naval,dune_bayes,1231,mean,0.9467678755521775,0.964150607585907,0.9752615988254547
naval,dune_bayes,1232,mean,0.9634784936904908,0.9789793491363525,0.9876504838466644
naval,dune_bayes,1233,mean,0.9695239663124084,0.9802858829498291,0.9875106304883957
naval,dune_bayes,1234,mean,0.9508932292461395,0.974250316619873,0.9872058779001236
naval,dune_bayes,1235,mean,0.9562883615493775,0.972862958908081,0.9844615489244462
naval,dune_bayes,1236,mean,0.9511299192905426,0.9743861258029938,0.9872544139623641
naval,dune_bayes,1237,mean,0.9566587150096894,0.973078727722168,0.9845696121454239
naval,dune_bayes,1238,mean,0.9607933342456818,0.9771972596645355,0.9865460276603699
naval,dune_bayes,1239,mean,0.9712921887636184,0.9813830256462097,0.9881939142942429
naval,dune_bayes,1240,mean,0.9573535978794098,0.97348552942276,0.9847712188959121
naval,dune_bayes,1241,mean,0.9515770316123963,0.9746277332305908,0.9873413175344466
naval,dune_bayes,1242,mean,0.9217355281114579,0.9536511600017548,0.9717091262340546
naval,dune_bayes,1243,mean,0.9653051227331162,0.9765948057174683,0.9837884306907654
naval,dune_bayes,1244,mean,0.946802344918251,0.9665542542934418,0.9777787655591965
naval,dune_bayes,1245,mean,0.9586391687393189,0.9732543230056763,0.983116614818573
naval,dune_bayes,1246,mean,0.9445900917053223,0.9660879671573639,0.9802122384309768
naval,dune_bayes,1247,mean,0.9496167689561844,0.9735872745513916,0.9869806200265884
naval,dune_bayes,1248,mean,0.9364221185445786,0.9569186568260193,0.970318740606308
naval,dune_bayes,1249,mean,0.9497535347938537,0.9736661016941071,0.9870094448328018
naval,dune_bayes,1250,mean,0.9248910993337631,0.9557143151760101,0.9727024495601654
naval,dune_bayes,1251,mean,0.9486841022968292,0.9647857546806335,0.9754489004611969
naval,dune_bayes,1252,mean,0.9454628616571427,0.9665773808956146,0.9805365085601806
naval,dune_bayes,1253,mean,0.9492775619029998,0.965209573507309,0.9757608145475387
naval,dune_bayes,1254,mean,0.9599910974502563,0.9741808474063873,0.9836920887231827
naval,dune_bayes,1255,mean,0.9378053218126297,0.9640003144741058,0.978067684173584
naval,dune_bayes,1256,mean,0.9501234799623489,0.9738471210002899,0.9870835155248642
naval,dune_bayes,1257,mean,0.9490143209695816,0.9679451286792755,0.9787633299827576
naval,dune_bayes,1258,mean,0.950441774725914,0.9660525321960449,0.9763837635517121
naval,dune_bayes,1259,mean,0.9502554357051849,0.973921924829483,0.9871117770671844
naval,dune_bayes,1260,mean,0.9494821280241013,0.9682329893112183,0.978954553604126
naval,dune_bayes,1261,mean,0.9509761810302735,0.9664227366447449,0.9766727358102798
naval,dune_bayes,1262,mean,0.9613008707761764,0.9750791192054749,0.9842359155416489
naval,dune_bayes,1263,mean,0.9471104651689529,0.9674938321113586,0.981144231557846
naval,dune_bayes,1264,mean,0.950383973121643,0.9739863872528076,0.9871386349201202
naval,dune_bayes,1265,mean,0.9657565921545028,0.9803187549114227,0.9885033130645752
naval,dune_bayes,1266,mean,0.9674969524145126,0.9790475964546204,0.9867381721735
naval,dune_bayes,1267,mean,0.9546690583229065,0.9730866253376007,0.9831400066614151
naval,dune_bayes,1268,mean,0.9581829756498337,0.9738430976867676,0.9825983375310898
naval,dune_bayes,1269,mean,0.9686287194490433,0.9797448515892029,0.9871721863746643
naval,dune_bayes,1270,mean,0.9554024785757065,0.9735200703144073,0.9834105372428894
naval,dune_bayes,1271,mean,0.9245582580566406,0.9561178684234619,0.9729001849889756
naval,dune_bayes,1272,mean,0.9632047563791275,0.9787899553775787,0.9875346511602402
naval,dune_bayes,1273,mean,0.9556470274925232,0.9736579060554504,0.9835023581981659
naval,dune_bayes,1274,mean,0.9590742647647857,0.9744670391082764,0.9830359786748886
naval,dune_bayes,1275,mean,0.9512377113103867,0.9744277000427246,0.9873097658157348
naval,dune_bayes,1276,mean,0.9558980494737626,0.9737988412380219,0.9836016833782196
naval,dune_bayes,1277,mean,0.9514587849378586,0.9745536744594574,0.9873532682657241
naval,dune_bayes,1278,mean,0.9599964618682861,0.9750655591487885,0.9834697514772415
naval,dune_bayes,1279,mean,0.956124359369278,0.9701089560985565,0.9793743699789047
naval,dune_bayes,1280,mean,0.9490694403648376,0.9656764566898346,0.9763397127389908
naval,dune_bayes,1281,mean,0.9515820533037186,0.9746217727661133,0.9873772263526917
naval,dune_bayes,1282,mean,0.9497741460800171,0.9661549031734467,0.9766775071620941
naval,dune_bayes,1283,mean,0.9708002984523774,0.9810905456542969,0.9880155682563782
naval,dune_bayes,1284,mean,0.9605778157711029,0.9754189848899841,0.9837145060300827
naval,dune_bayes,1285,mean,0.9711622923612595,0.9813047647476196,0.9881551384925842
naval,dune_bayes,1286,mean,0.9613480865955353,0.9775539040565491,0.9867651998996735
naval,dune_bayes,1287,mean,0.9570979207754136,0.9745171070098877,0.9840824544429779
naval,dune_bayes,1288,mean,0.9575056701898574,0.9711102247238159,0.980105209350586
naval,dune_bayes,1289,mean,0.9718473672866821,0.9817471504211426,0.9884204387664794
naval,dune_bayes,1290,mean,0.9554931432008743,0.9766367971897125,0.9884833067655563
naval,dune_bayes,1291,mean,0.9583827167749405,0.9717395305633545,0.9805673718452453
naval,dune_bayes,1292,mean,0.9595014154911041,0.9729524850845337,0.981364694237709
naval,dune_bayes,1293,mean,0.9721662938594818,0.9819397032260895,0.9885440915822983
naval,dune_bayes,1294,mean,0.9556047677993774,0.9766927063465118,0.9885056883096695
naval,dune_bayes,1295,mean,0.9577619880437851,0.9749148488044739,0.9843496292829513
naval,dune_bayes,1296,mean,0.9650434583425522,0.976407527923584,0.9836322873830795
naval,dune_bayes,1297,mean,0.9586377680301666,0.9742790758609772,0.9852140933275223
naval,dune_bayes,1298,mean,0.9606820970773697,0.9737481772899628,0.9818998664617539
naval,dune_bayes,1299,mean,0.9558215320110321,0.9767992794513702,0.9885460734367371
naval,dune_bayes,1300,mean,0.9592448532581329,0.9746787846088409,0.9854698210954667
naval,dune_bayes,1301,mean,0.9559300422668457,0.9768497347831726,0.9885679990053177
naval,dune_bayes,1302,mean,0.9661680668592453,0.97718945145607,0.9842253655195237
naval,dune_bayes,1303,mean,0.9602262943983078,0.9772171676158905,0.9865114986896515
naval,dune_bayes,1304,mean,0.9526961594820023,0.9719167053699493,0.9824181228876114
naval,dune_bayes,1305,mean,0.9473551124334335,0.9669231474399567,0.9780275315046311
naval,dune_bayes,1306,mean,0.9482510447502136,0.9644715785980225,0.9752026677131652
naval,dune_bayes,1307,mean,0.9603288739919662,0.9772653877735138,0.9865479677915573
naval,dune_bayes,1308,mean,0.9598145663738251,0.9740568995475769,0.9836245059967041
naval,dune_bayes,1309,mean,0.9457971841096878,0.9667944312095642,0.980655500292778
naval,dune_bayes,1310,mean,0.9259830981492996,0.9565357267856598,0.9731992870569229
naval,dune_bayes,1311,mean,0.9499952226877213,0.965713769197464,0.9761332720518112
naval,dune_bayes,1312,mean,0.9392953455448151,0.9588360786437988,0.9716452568769455
naval,dune_bayes,1313,mean,0.9466485112905503,0.9672713875770569,0.9809705018997192
naval,dune_bayes,1314,mean,0.9505770385265351,0.9740944504737854,0.9872053802013397
naval,dune_bayes,1315,mean,0.942020258307457,0.9667934775352478,0.9799198865890503
naval,dune_bayes,1316,mean,0.9615555256605148,0.9752535223960876,0.9843478053808212
naval,dune_bayes,1317,mean,0.9505358785390854,0.971581220626831,0.9831265479326248
naval,dune_bayes,1318,mean,0.9509455382823944,0.9742750525474548,0.9872813701629638
naval,dune_bayes,1319,mean,0.9576993256807327,0.9734624922275543,0.98233083486557
naval,dune_bayes,1320,mean,0.9522096663713455,0.9672964513301849,0.9773204267024994
naval,dune_bayes,1321,mean,0.9427158117294312,0.9613415896892548,0.9733136892318726
naval,dune_bayes,1322,mean,0.9681109547615051,0.979439914226532,0.9869826346635818
naval,dune_bayes,1323,mean,0.9452853441238404,0.9631291031837463,0.97447829246521
naval,dune_bayes,1324,mean,0.9592252522706985,0.9745535552501678,0.9830802738666534
naval,dune_bayes,1325,mean,0.9558274626731873,0.9726337194442749,0.9844026863574982
naval,dune_bayes,1326,mean,0.9166619509458542,0.9509671926498413,0.969444814324379
naval,dune_bayes,1327,mean,0.9561838239431382,0.97284135222435,0.9845050543546676
naval,dune_bayes,1328,mean,0.9455903261899948,0.9688909351825714,0.9816586136817932
naval,dune_bayes,1329,mean,0.9600949227809906,0.9751397669315338,0.9835009902715683
naval,dune_bayes,1330,mean,0.9491396814584732,0.9657398760318756,0.9763782173395157
naval,dune_bayes,1331,mean,0.9555081069469452,0.9766637682914734,0.9885179907083511
naval,dune_bayes,1332,mean,0.9617634922266006,0.9778362810611725,0.9869243741035462
naval,dune_bayes,1333,mean,0.9572623789310455,0.9734719693660736,0.9848186314105988
naval,dune_bayes,1334,mean,0.9619658350944519,0.9779570698738098,0.9870025426149368
naval,dune_bayes,1335,mean,0.9607162058353425,0.9755139052867889,0.9837763249874115
naval,dune_bayes,1336,mean,0.9576264292001724,0.9711862206459045,0.9801622420549393
naval,dune_bayes,1337,mean,0.9579447001218796,0.9738705158233643,0.9850166827440262
naval,dune_bayes,1338,mean,0.97204969227314,0.9818801581859589,0.988508939743042
naval,dune_bayes,1339,mean,0.9615891844034195,0.9760624468326569,0.9841476112604142
naval,dune_bayes,1340,mean,0.958532628417015,0.97183758020401,0.9806347817182541
naval,dune_bayes,1341,mean,0.9595229983329773,0.972964882850647,0.9813818484544754
naval,dune_bayes,1342,mean,0.9606807917356491,0.9771277010440826,0.9864661782979965
naval,dune_bayes,1343,mean,0.9601077169179917,0.9733575880527496,0.9816451072692871
naval,dune_bayes,1344,mean,0.9727136790752411,0.9822817146778107,0.9887665778398513
naval,dune_bayes,1345,mean,0.9655213952064514,0.9767398536205292,0.983871653676033
naval,dune_bayes,1346,mean,0.9562408804893494,0.9770265221595764,0.9886606454849243
naval,dune_bayes,1347,mean,0.9642261028289795,0.9788061678409576,0.9868316292762757
naval,dune_bayes,1348,mean,0.9595343083143234,0.9748646020889282,0.9855743050575256
naval,dune_bayes,1349,mean,0.9563444554805756,0.97707200050354,0.9886800080537796
naval,dune_bayes,1350,mean,0.964421671628952,0.9789270162582397,0.9869073301553726
naval,dune_bayes,1351,mean,0.9627209067344665,0.9767715930938721,0.9846613973379135
naval,dune_bayes,1352,mean,0.9242557287216187,0.9559032917022705,0.972482430934906
naval,dune_bayes,1353,mean,0.9739702373743058,0.9830378293991089,0.9892449289560318
naval,dune_bayes,1354,mean,0.9565590709447861,0.9771581590175629,0.9887230545282364
naval,dune_bayes,1355,mean,0.9439093679189682,0.9675147533416748,0.9807541400194167
naval,dune_bayes,1356,mean,0.9373315542936325,0.957531601190567,0.9707542657852173
naval,dune_bayes,1357,mean,0.9501674264669419,0.9658026695251465,0.976205798983574
naval,dune_bayes,1358,mean,0.9609685242176056,0.9748506247997284,0.9841100901365281
naval,dune_bayes,1359,mean,0.9509987741708755,0.9743268191814423,0.9873201847076416
naval,dune_bayes,1360,mean,0.9281345188617707,0.958465039730072,0.9742572277784347
naval,dune_bayes,1361,mean,0.9518184840679169,0.9670017063617706,0.9770966410636902
naval,dune_bayes,1362,mean,0.9656784027814865,0.9803058505058289,0.9884974777698516
naval,dune_bayes,1363,mean,0.9426968276500702,0.9613362848758698,0.9733273059129715
naval,dune_bayes,1364,mean,0.9679255008697509,0.9793466925621033,0.9869225502014161
naval,dune_bayes,1365,mean,0.9515008389949798,0.9745602905750275,0.987423712015152
naval,dune_bayes,1366,mean,0.9581367403268815,0.9737574756145477,0.9825172871351242
naval,dune_bayes,1367,mean,0.9547032356262207,0.9720031917095184,0.9840283453464508
naval,dune_bayes,1368,mean,0.9686936676502228,0.9798106551170349,0.9872168242931366
naval,dune_bayes,1369,mean,0.9627065241336823,0.9789467751979828,0.9880033105611801
naval,dune_bayes,1370,mean,0.9553578466176986,0.9766139686107635,0.9885165393352509
naval,dune_bayes,1371,mean,0.9614783376455307,0.9782857000827789,0.9875686168670654
naval,dune_bayes,1372,mean,0.9460660755634308,0.9636753797531128,0.9748827636241912
naval,dune_bayes,1373,mean,0.9694459855556488,0.9802724123001099,0.987514591217041
naval,dune_bayes,1374,mean,0.955473530292511,0.9766665399074554,0.9885392546653747
naval,dune_bayes,1375,mean,0.9468458592891693,0.9642181694507599,0.9752953797578812
naval,dune_bayes,1376,mean,0.95610671043396,0.9728151261806488,0.9845180690288544
naval,dune_bayes,1377,mean,0.9561801373958587,0.9739852249622345,0.9837065607309341
naval,dune_bayes,1378,mean,0.9596432268619537,0.9748289585113525,0.9832571506500244
naval,dune_bayes,1379,mean,0.956427812576294,0.9741230607032776,0.9837957829236984
naval,dune_bayes,1380,mean,0.9557992100715638,0.9768200516700745,0.9886033922433853
naval,dune_bayes,1381,mean,0.9578822970390319,0.9738548099994659,0.9850347161293029
naval,dune_bayes,1382,mean,0.9599616974592209,0.9767062366008759,0.9862025082111359
naval,dune_bayes,1383,mean,0.9603367298841476,0.9776459634304047,0.9871554255485535
naval,dune_bayes,1384,mean,0.9617164850234985,0.9761433005332947,0.9842000097036362
naval,dune_bayes,1385,mean,0.9586554378271103,0.9719219207763672,0.9806955695152283
naval,dune_bayes,1386,mean,0.9652688592672348,0.9765526354312897,0.9837376356124878
naval,dune_bayes,1387,mean,0.9590401649475098,0.9761636257171631,0.9858652532100678
naval,dune_bayes,1388,mean,0.9643581748008728,0.9788874983787537,0.9868728399276734
naval,dune_bayes,1389,mean,0.9567801296710968,0.977302223443985,0.9887969672679902
naval,dune_bayes,1390,mean,0.9645230859518051,0.9789921343326569,0.9869406580924988
naval,dune_bayes,1391,mean,0.9618826001882553,0.9745562672615051,0.9824536144733429
naval,dune_bayes,1392,mean,0.9601302832365036,0.9752483665943146,0.9858078628778457
naval,dune_bayes,1393,mean,0.9568719148635865,0.9773374497890472,0.9888143390417099
naval,dune_bayes,1394,mean,0.957385566830635,0.9752672016620636,0.9852077633142471
naval,dune_bayes,1395,mean,0.9565721720457077,0.974789947271347,0.9848427206277848
naval,dune_bayes,1396,mean,0.9649037033319473,0.9792272448539734,0.9870895415544509
naval,dune_bayes,1397,mean,0.9570832788944245,0.9774244725704193,0.9888554990291596
naval,dune_bayes,1398,mean,0.9484717816114425,0.9676572978496552,0.978507912158966
naval,dune_bayes,1399,mean,0.9469432324171067,0.9674884974956512,0.9810737192630767
naval,dune_bayes,1400,mean,0.9512989789247512,0.9745012521743774,0.9874104529619216
naval,dune_bayes,1401,mean,0.9608931124210358,0.9774949550628662,0.9868064939975738
naval,dune_bayes,1402,mean,0.9392403393983841,0.9588156044483185,0.9716386020183563
naval,dune_bayes,1403,mean,0.9540475189685822,0.9727290272712708,0.9829263806343078
naval,dune_bayes,1404,mean,0.9402124673128128,0.9594690799713135,0.9720872223377228
naval,dune_bayes,1405,mean,0.9543144553899765,0.9728879332542419,0.9830252796411514
naval,dune_bayes,1406,mean,0.931166797876358,0.9601337611675262,0.9753641277551651
naval,dune_bayes,1407,mean,0.9685448408126831,0.9797383844852448,0.9871712803840638
naval,dune_bayes,1408,mean,0.965169933438301,0.9800468385219574,0.988320478796959
naval,dune_bayes,1409,mean,0.9444005370140076,0.9625431597232819,0.9741145670413971
naval,dune_bayes,1410,mean,0.9591884553432465,0.9744946360588074,0.9830052405595779
naval,dune_bayes,1411,mean,0.9594928294420242,0.9747057855129242,0.9831541329622269
naval,dune_bayes,1412,mean,0.9700352221727371,0.9806529581546783,0.9877526462078094
naval,dune_bayes,1413,mean,0.9564069360494614,0.9730089902877808,0.9846407681703567
naval,dune_bayes,1414,mean,0.9563091546297073,0.9740684032440186,0.9837578415870666
naval,dune_bayes,1415,mean,0.9597636193037034,0.9748971164226532,0.9832896828651428
naval,dune_bayes,1416,mean,0.9555658668279647,0.9697127342224121,0.9790570497512817
naval,dune_bayes,1417,mean,0.9561025977134705,0.9769913256168365,0.9886939853429795
naval,dune_bayes,1418,mean,0.9625177919864655,0.9783199727535248,0.9872173130512237
naval,dune_bayes,1419,mean,0.9483921945095062,0.9652763903141022,0.976040369272232
naval,dune_bayes,1420,mean,0.9562216848134995,0.9770474433898926,0.9887159943580628
naval,dune_bayes,1421,mean,0.9569954663515091,0.9707167446613312,0.9798132181167603
naval,dune_bayes,1422,mean,0.9499533176422119,0.9663024842739105,0.9767656773328781
naval,dune_bayes,1423,mean,0.9714351296424866,0.9815225303173065,0.9882915049791337
naval,dune_bayes,1424,mean,0.9578376859426498,0.9738472402095795,0.985058170557022
naval,dune_bayes,1425,mean,0.9618130564689636,0.9762105047702789,0.9842429548501969
naval,dune_bayes,1426,mean,0.9727888137102128,0.9823684394359589,0.9888153940439224
naval,dune_bayes,1427,mean,0.9568780452013016,0.9773763418197632,0.9888471454381943
naval,dune_bayes,1428,mean,0.9620175749063492,0.978538990020752,0.9877541422843933
naval,dune_bayes,1429,mean,0.9595326244831085,0.9748546481132507,0.9855582386255264
naval,dune_bayes,1430,mean,0.9607351213693619,0.9737770855426788,0.9819388926029206
naval,dune_bayes,1431,mean,0.9646458208560944,0.9790677130222321,0.9869798719882965
naval,dune_bayes,1432,mean,0.9336988300085067,0.9613068401813507,0.9770067483186722
naval,dune_bayes,1433,mean,0.9648380011320115,0.9791864156723022,0.9870544284582138
naval,dune_bayes,1434,mean,0.9286823272705078,0.9580398499965668,0.9749477565288543
naval,dune_bayes,1435,mean,0.9609825879335403,0.9757808744907379,0.9861500084400177
naval,dune_bayes,1436,mean,0.9555997043848038,0.973987489938736,0.9842831939458847
naval,dune_bayes,1437,mean,0.9651858776807785,0.9794039130210876,0.9871944218873978
naval,dune_bayes,1438,mean,0.9675734132528305,0.9781570732593536,0.9849209427833557
naval,dune_bayes,1439,mean,0.9504377484321594,0.96597620844841,0.9763354927301406
naval,dune_bayes,1440,mean,0.9476841688156128,0.9679245054721832,0.9813433825969696
naval,dune_bayes,1441,mean,0.9553225070238114,0.9766081273555756,0.988560539484024
naval,dune_bayes,1442,mean,0.9495130121707916,0.9682899713516235,0.9789330512285233
naval,dune_bayes,1443,mean,0.9401405692100525,0.9594254791736603,0.972059354186058
naval,dune_bayes,1444,mean,0.9619229316711426,0.9755023419857025,0.9845183074474335
naval,dune_bayes,1445,mean,0.9481154769659043,0.9681674242019653,0.9815035611391068
naval,dune_bayes,1446,mean,0.9515742868185043,0.9668107032775879,0.9769350945949554
naval,dune_bayes,1447,mean,0.9675941079854965,0.9791859984397888,0.9868153005838394
naval,dune_bayes,1448,mean,0.9679981738328933,0.9794304370880127,0.9869689613580703
naval,dune_bayes,1449,mean,0.9556910306215286,0.976793646812439,0.9886366099119186
naval,dune_bayes,1450,mean,0.9557983100414276,0.9768478572368622,0.9886579245328904
naval,dune_bayes,1451,mean,0.9587154358625412,0.9741314053535461,0.9827437222003936
naval,dune_bayes,1452,mean,0.9537106424570083,0.9683616161346436,0.9780852288007736
naval,dune_bayes,1453,mean,0.9443829178810119,0.9625380039215088,0.9741270929574967
naval,dune_bayes,1454,mean,0.9691348433494568,0.9801192879676819,0.9874086111783982
naval,dune_bayes,1455,mean,0.9556695938110351,0.9725961983203888,0.9843746870756149
naval,dune_bayes,1456,mean,0.9560422778129578,0.9769721329212189,0.9887058913707734
naval,dune_bayes,1457,mean,0.9556935429573059,0.9737147390842438,0.9835384279489517
naval,dune_bayes,1458,mean,0.9695037454366684,0.9803448617458344,0.9875535100698472
naval,dune_bayes,1459,mean,0.9561617255210877,0.9770340025424957,0.9887305289506912
naval,dune_bayes,1460,mean,0.9642777383327484,0.9794792830944061,0.9879278421401978
naval,dune_bayes,1461,mean,0.9561879724264145,0.9740085303783417,0.9837190985679626
naval,dune_bayes,1462,mean,0.9596067517995834,0.9747708737850189,0.9831831574440002
naval,dune_bayes,1463,mean,0.9702400386333465,0.9807990789413452,0.9878426700830459
naval,dune_bayes,1464,mean,0.9564339786767959,0.9741500318050385,0.9838098973035813
naval,dune_bayes,1465,mean,0.9476412445306778,0.9647665023803711,0.9756747514009476
naval,dune_bayes,1466,mean,0.9571542590856552,0.9745607972145081,0.984073919057846
naval,dune_bayes,1467,mean,0.9506863713264465,0.9667970836162567,0.9771136671304703
naval,dune_bayes,1468,mean,0.9613463908433915,0.9759336113929749,0.9840224266052247
naval,dune_bayes,1469,mean,0.9524593919515609,0.9727744460105896,0.9843124061822891
naval,dune_bayes,1470,mean,0.9571645319461822,0.9775336384773254,0.9889323979616165
naval,dune_bayes,1471,mean,0.9580494999885559,0.975109726190567,0.9844205617904663
naval,dune_bayes,1472,mean,0.9596568405628204,0.9730424880981445,0.9814368486404419
naval,dune_bayes,1473,mean,0.9655695736408234,0.9804989397525787,0.9889954775571823
naval,dune_bayes,1474,mean,0.9654879659414292,0.9766955971717834,0.9838399976491928
naval,dune_bayes,1475,mean,0.9733123332262039,0.9826996624469757,0.9890275031328202
naval,dune_bayes,1476,mean,0.9580702513456345,0.975651353597641,0.9854891240596771
naval,dune_bayes,1477,mean,0.9624972462654113,0.9766477346420288,0.9845431029796601
naval,dune_bayes,1478,mean,0.9608005195856094,0.9738212525844574,0.9819744110107422
naval,dune_bayes,1479,mean,0.960992056131363,0.9780171513557434,0.9873858600854873
naval,dune_bayes,1480,mean,0.9574777603149414,0.9757444858551025,0.9859485030174255
naval,dune_bayes,1481,mean,0.9630665093660354,0.9770086109638214,0.9847994774580002
naval,dune_bayes,1482,mean,0.9517880737781524,0.9723826348781586,0.9838330090045929
naval,dune_bayes,1483,mean,0.9624842017889023,0.9749581813812256,0.9827350527048111
naval,dune_bayes,1484,mean,0.9609711706638336,0.9757907390594482,0.986129167675972
naval,dune_bayes,1485,mean,0.9556120872497559,0.9740056395530701,0.9842832386493683
naval,dune_bayes,1486,mean,0.963868972659111,0.9775100648403168,0.9851615190505981
naval,dune_bayes,1487,mean,0.9615635961294174,0.9761463105678558,0.9863763332366944
naval,dune_bayes,1488,mean,0.9227558940649032,0.954534500837326,0.9715708315372467
naval,dune_bayes,1489,mean,0.9641449958086014,0.9776802957057953,0.9852845907211304
naval,dune_bayes,1490,mean,0.9543056130409241,0.9728922247886658,0.9830338299274445
naval,dune_bayes,1491,mean,0.9484357982873917,0.9683681130409241,0.9816172122955322
naval,dune_bayes,1492,mean,0.9500734448432923,0.9686388969421387,0.9791526108980179
naval,dune_bayes,1493,mean,0.9427558273077011,0.9668298661708832,0.9803029626607895
naval,dune_bayes,1494,mean,0.9522361695766449,0.9672775268554688,0.9772818148136139
naval,dune_bayes,1495,mean,0.9418665379285812,0.9606550335884094,0.9729099780321121
naval,dune_bayes,1496,mean,0.9388319671154022,0.9643032848834991,0.978785616159439
naval,dune_bayes,1497,mean,0.9550907105207443,0.9733588397502899,0.9833220332860947
naval,dune_bayes,1498,mean,0.9427017211914063,0.9612725377082825,0.973332142829895
naval,dune_bayes,1499,mean,0.965243148803711,0.9800959825515747,0.9883428692817688
naval,dune_bayes,1500,mean,0.9565429031848908,0.9772329926490784,0.9888329654932022
naval,dune_bayes,1501,mean,0.9648185342550277,0.979818731546402,0.988148695230484
naval,dune_bayes,1502,mean,0.9563129991292953,0.9740895330905914,0.9837710529565811
naval,dune_bayes,1503,mean,0.955335384607315,0.9695402681827545,0.9789217442274094
naval,dune_bayes,1504,mean,0.9468399792909622,0.964233934879303,0.9752492994070053
naval,dune_bayes,1505,mean,0.9635782539844513,0.9790085256099701,0.9876323074102402
naval,dune_bayes,1506,mean,0.9600225180387497,0.9750441610813141,0.9833671540021897
naval,dune_bayes,1507,mean,0.9558304339647293,0.9698954224586487,0.9791817784309387
naval,dune_bayes,1508,mean,0.9476787090301514,0.9647839665412903,0.9756760120391845
naval,dune_bayes,1509,mean,0.9628016203641891,0.9784989356994629,0.9873114109039307
naval,dune_bayes,1510,mean,0.9570151537656784,0.977471113204956,0.9889298707246781
naval,dune_bayes,1511,mean,0.9629813641309738,0.9791480004787445,0.988086199760437
naval,dune_bayes,1512,mean,0.9606080532073975,0.9754509627819061,0.9836556375026703
naval,dune_bayes,1513,mean,0.9491622447967529,0.9658079445362091,0.976407590508461
naval,dune_bayes,1514,mean,0.9572517693042755,0.9708937108516693,0.9799313396215439
naval,dune_bayes,1515,mean,0.9611527472734451,0.9758219420909882,0.9839246869087219
naval,dune_bayes,1516,mean,0.9506983906030655,0.9668194949626923,0.9771266758441925
naval,dune_bayes,1517,mean,0.957350242137909,0.9776423573493958,0.988996434211731
naval,dune_bayes,1518,mean,0.9612849831581116,0.9775265753269196,0.9866885066032409
naval,dune_bayes,1519,mean,0.9574637770652771,0.9776971936225891,0.9890188425779343
naval,dune_bayes,1520,mean,0.9601548105478287,0.9768503606319427,0.986260387301445
naval,dune_bayes,1521,mean,0.958612447977066,0.971870630979538,0.9806488364934921
naval,dune_bayes,1522,mean,0.9728506922721862,0.9824134111404419,0.9888617336750031
naval,dune_bayes,1523,mean,0.9594473212957382,0.9748223423957825,0.9855928540229797
naval,dune_bayes,1524,mean,0.9594821840524673,0.9764472544193268,0.9860086381435395
naval,dune_bayes,1525,mean,0.9620429664850235,0.976365715265274,0.984335309267044
naval,dune_bayes,1526,mean,0.9656093835830688,0.9767768681049347,0.9838968902826309
naval,dune_bayes,1527,mean,0.9577854424715042,0.9778575003147125,0.9890827894210815
naval,dune_bayes,1528,mean,0.963997808098793,0.9797403216362,0.9884661346673965
naval,dune_bayes,1529,mean,0.9614153236150742,0.9742408990859985,0.982256007194519
naval,dune_bayes,1530,mean,0.9635320156812668,0.9793614149093628,0.9882712006568909
naval,dune_bayes,1531,mean,0.9648418039083481,0.9791809320449829,0.9870428562164306
naval,dune_bayes,1532,mean,0.9619772464036942,0.9746178090572357,0.9825109243392944
naval,dune_bayes,1533,mean,0.9609762042760849,0.9757989346981049,0.9861155718564987
naval,dune_bayes,1534,mean,0.9554408311843872,0.9738883972167969,0.9841812431812287
naval,dune_bayes,1535,mean,0.9652210533618927,0.9794262051582336,0.9871912509202957
naval,dune_bayes,1536,mean,0.963716807961464,0.9774225950241089,0.9850787997245789
naval,dune_bayes,1537,mean,0.9674104005098343,0.9780442416667938,0.9848106354475021
naval,dune_bayes,1538,mean,0.9615499675273895,0.9761541783809662,0.9863548547029495
naval,dune_bayes,1539,mean,0.9654060453176498,0.9795417785644531,0.9872643142938614
naval,dune_bayes,1540,mean,0.9584241390228272,0.9781262874603271,0.9892095506191254
naval,dune_bayes,1541,mean,0.9327442497014999,0.9607844650745392,0.9767328023910522
naval,dune_bayes,1542,mean,0.9657485544681549,0.9797501862049103,0.9874007880687714
naval,dune_bayes,1543,mean,0.9514492660760879,0.9720587432384491,0.9835757076740265
naval,dune_bayes,1544,mean,0.9410039693117142,0.9600131809711456,0.9724729090929032
naval,dune_bayes,1545,mean,0.9680338114500046,0.9794895648956299,0.9870039850473404
naval,dune_bayes,1546,mean,0.9523867815732956,0.9673759043216705,0.9773504912853241
naval,dune_bayes,1547,mean,0.9564429104328156,0.9771930277347565,0.9888360559940338
naval,dune_bayes,1548,mean,0.9427086263895035,0.9612542390823364,0.9733286529779435
naval,dune_bayes,1549,mean,0.968810984492302,0.9799715876579285,0.9873027801513672
naval,dune_bayes,1550,mean,0.955535277724266,0.9725607931613922,0.9843195885419845
naval,dune_bayes,1551,mean,0.9565689384937286,0.9772602021694183,0.9888635277748108
naval,dune_bayes,1552,mean,0.9586539775133133,0.9740526080131531,0.9826717942953109
naval,dune_bayes,1553,mean,0.9691794753074646,0.9801901876926422,0.9874481469392776
naval,dune_bayes,1554,mean,0.9557252317667008,0.9737405478954315,0.983560299873352
naval,dune_bayes,1555,mean,0.9539713025093078,0.9685347080230713,0.9782013416290283
naval,dune_bayes,1556,mean,0.9562555074691772,0.9729695916175842,0.9845806241035462
naval,dune_bayes,1557,mean,0.9544885933399201,0.9689102172851562,0.978468382358551
naval,dune_bayes,1558,mean,0.9451537042856216,0.9630926549434662,0.9745158791542053
naval,dune_bayes,1559,mean,0.9569447249174118,0.9733615219593048,0.9848297715187073
naval,dune_bayes,1560,mean,0.9554753452539444,0.9696319699287415,0.9789847195148468
naval,dune_bayes,1561,mean,0.9468203634023666,0.9642409384250641,0.9752610385417938
naval,dune_bayes,1562,mean,0.9476467132568359,0.9647854566574097,0.9756539016962051
naval,dune_bayes,1563,mean,0.9484222233295441,0.9652969837188721,0.9760465234518051
naval,dune_bayes,1564,mean,0.959366911649704,0.9771454036235809,0.986861914396286
naval,dune_bayes,1565,mean,0.9629007011651993,0.9791284501552582,0.9880885481834412
naval,dune_bayes,1566,mean,0.9586761474609375,0.9743891954421997,0.9854022949934006
naval,dune_bayes,1567,mean,0.9612961918115616,0.9759115278720856,0.9839785367250442
naval,dune_bayes,1568,mean,0.9582985311746597,0.9716382920742035,0.9804746776819229
naval,dune_bayes,1569,mean,0.9578493297100067,0.9779047966003418,0.9891234874725342
naval,dune_bayes,1570,mean,0.9615904778242111,0.9777115881443024,0.9867894023656845
naval,dune_bayes,1571,mean,0.9590749472379685,0.9726845622062683,0.9811863899230957
naval,dune_bayes,1572,mean,0.962428480386734,0.9766111373901367,0.984506893157959
naval,dune_bayes,1573,mean,0.9740187227725983,0.9831528663635254,0.9893200516700744
naval,dune_bayes,1574,mean,0.9579490631818771,0.9756160974502563,0.9854072153568267
naval,dune_bayes,1575,mean,0.9589633107185364,0.9756698608398438,0.9847638159990311
naval,dune_bayes,1576,mean,0.9743219822645187,0.9833293557167053,0.9894381701946259
naval,dune_bayes,1577,mean,0.967162960767746,0.9778669476509094,0.9846833705902099
naval,dune_bayes,1578,mean,0.9749531924724579,0.9836992919445038,0.9896765202283859
naval,dune_bayes,1579,mean,0.9678878754377365,0.9783736765384674,0.9850464224815368
naval,dune_bayes,1580,mean,0.9656894654035568,0.9797188341617584,0.9873682945966721
naval,dune_bayes,1581,mean,0.9758659124374389,0.9842230379581451,0.9900134086608887
naval,dune_bayes,1582,mean,0.9764575958251953,0.98457270860672,0.9902283370494842
naval,dune_bayes,1583,mean,0.9530447125434875,0.9678485691547394,0.9776914447546006
naval,dune_bayes,1584,mean,0.9427165061235427,0.9612451493740082,0.97332583963871
naval,dune_bayes,1585,mean,0.9558384209871292,0.9727541506290436,0.9844270944595337
naval,dune_bayes,1586,mean,0.9593903690576553,0.9745639264583588,0.9830200731754303
naval,dune_bayes,1587,mean,0.9545985192060471,0.9689854085445404,0.9785203158855438
naval,dune_bayes,1588,mean,0.9569045037031174,0.9733581840991974,0.9848128408193588
naval,dune_bayes,1589,mean,0.9356916755437851,0.9627684056758881,0.9774804323911667
naval,dune_bayes,1590,mean,0.9563464432954788,0.9741138815879822,0.9837935566902161
naval,dune_bayes,1591,mean,0.9551194459199905,0.9693627655506134,0.9787892609834671
naval,dune_bayes,1592,mean,0.9565963983535767,0.974264532327652,0.9838835924863816
naval,dune_bayes,1593,mean,0.9556220352649689,0.9697272479534149,0.9790533691644668
naval,dune_bayes,1594,mean,0.9575508058071136,0.977762371301651,0.9890876680612564
naval,dune_bayes,1595,mean,0.9354007095098495,0.9623919725418091,0.9768621474504471
naval,dune_bayes,1596,mean,0.9632483065128327,0.978797197341919,0.9874819993972779
naval,dune_bayes,1597,mean,0.9568351477384567,0.9744074046611786,0.9839718997478485
naval,dune_bayes,1598,mean,0.9602719753980636,0.9751855731010437,0.9834572821855545
naval,dune_bayes,1599,mean,0.948404261469841,0.9653017520904541,0.9760331809520721
naval,dune_bayes,1600,mean,0.958276703953743,0.9741497039794922,0.9853074848651886
naval,dune_bayes,1601,mean,0.9543457418680191,0.9738600850105286,0.9846252530813216
naval,dune_bayes,1602,mean,0.9623388379812241,0.97818523645401,0.9871033012866974
naval,dune_bayes,1603,mean,0.9718985944986344,0.9818623661994934,0.9885123819112778
naval,dune_bayes,1604,mean,0.958008137345314,0.9779949188232422,0.9891812860965729
naval,dune_bayes,1605,mean,0.961399182677269,0.9759708046913147,0.9840135961771012
naval,dune_bayes,1606,mean,0.9725790232419967,0.9822767078876495,0.9887742549180984
naval,dune_bayes,1607,mean,0.9592803508043289,0.9747611880302429,0.9856104105710983
naval,dune_bayes,1608,mean,0.9596072942018509,0.9749517142772675,0.9857047408819198
naval,dune_bayes,1609,mean,0.9732496947050094,0.98267662525177,0.9890331298112869
naval,dune_bayes,1610,mean,0.9596828639507293,0.9765869677066803,0.9860724985599518
naval,dune_bayes,1611,mean,0.9584586292505264,0.9782229065895081,0.9892708450555802
naval,dune_bayes,1612,mean,0.9597625285387039,0.9726852774620056,0.9812329024076462
naval,dune_bayes,1613,mean,0.9586859256029129,0.978329062461853,0.9893165081739426
naval,dune_bayes,1614,mean,0.9540032118558883,0.9736784100532532,0.9848089426755905
naval,dune_bayes,1615,mean,0.9571309745311737,0.9751639068126678,0.9850333333015442
naval,dune_bayes,1616,mean,0.9547722607851028,0.9734196662902832,0.9838907420635223
naval,dune_bayes,1617,mean,0.9590198278427124,0.9784686863422394,0.9893842011690139
naval,dune_bayes,1618,mean,0.9662275820970535,0.9808769226074219,0.9892160475254059
naval,dune_bayes,1619,mean,0.9551723212003708,0.9736902117729187,0.984048330783844
naval,dune_bayes,1620,mean,0.9676335245370865,0.9781933128833771,0.9849181622266769
naval,dune_bayes,1621,mean,0.9631475776433944,0.9754147827625275,0.9830475568771362
naval,dune_bayes,1622,mean,0.9548217922449111,0.9733673334121704,0.983870142698288
naval,dune_bayes,1623,mean,0.9757451593875885,0.9841735064983368,0.9899841040372849
naval,dune_bayes,1624,mean,0.962377205491066,0.9766815304756165,0.9866684585809707
naval,dune_bayes,1625,mean,0.9760418653488159,0.9843448102474213,0.9900931388139724
naval,dune_bayes,1626,mean,0.9593297481536865,0.9785953760147095,0.9894456475973129
naval,dune_bayes,1627,mean,0.9686787754297257,0.9789277017116547,0.9854441434144974
naval,dune_bayes,1628,mean,0.9534543007612228,0.9733695387840271,0.9844370156526565
naval,dune_bayes,1629,mean,0.9531552940607071,0.972189337015152,0.9829887539148331
naval,dune_bayes,1630,mean,0.9652085572481155,0.9783723950386047,0.9857258111238479
naval,dune_bayes,1631,mean,0.9657290428876877,0.9771681725978851,0.9842216223478317
naval,dune_bayes,1632,mean,0.9635386765003204,0.9773498773574829,0.98709077835083
naval,dune_bayes,1633,mean,0.9561135411262512,0.9729285538196564,0.9845233649015427
naval,dune_bayes,1634,mean,0.9557569682598114,0.973766028881073,0.9835796058177948
naval,dune_bayes,1635,mean,0.9699525117874146,0.980708658695221,0.9877714723348617
naval,dune_bayes,1636,mean,0.9641573965549469,0.979365885257721,0.9878485471010208
naval,dune_bayes,1637,mean,0.9594997495412827,0.9746177494525909,0.9830582559108734
naval,dune_bayes,1638,mean,0.9451106995344162,0.9630455076694489,0.9745094925165176
naval,dune_bayes,1639,mean,0.9422531366348267,0.966515451669693,0.9801082968711853
naval,dune_bayes,1640,mean,0.9640856862068177,0.979318380355835,0.987814873456955
naval,dune_bayes,1641,mean,0.9459197431802749,0.9636453092098236,0.9748967558145523
naval,dune_bayes,1642,mean,0.9577931582927703,0.9778946936130524,0.9891598343849182
naval,dune_bayes,1643,mean,0.9606782495975494,0.975453108549118,0.9836411952972413
naval,dune_bayes,1644,mean,0.9571704804897309,0.9708313941955566,0.9798645377159119
naval,dune_bayes,1645,mean,0.947702831029892,0.9701467454433441,0.9821049034595489
naval,dune_bayes,1646,mean,0.9724394530057907,0.9822103381156921,0.988730651140213
naval,dune_bayes,1647,mean,0.9607982456684112,0.9772621393203735,0.9864874452352523
naval,dune_bayes,1648,mean,0.9579075932502746,0.9750320315361023,0.9843692660331725
naval,dune_bayes,1649,mean,0.9581210821866989,0.9714990854263306,0.9803638726472854
naval,dune_bayes,1650,mean,0.9598857402801514,0.9751318097114563,0.9858191072940826
naval,dune_bayes,1651,mean,0.9586189717054368,0.9783125221729279,0.9893291771411896
naval,dune_bayes,1652,mean,0.9607462704181671,0.9772199094295502,0.9864651679992675
naval,dune_bayes,1653,mean,0.9521647453308105,0.9678159356117249,0.9778172314167023
naval,dune_bayes,1654,mean,0.9596840739250183,0.973106861114502,0.9814737200736999
naval,dune_bayes,1655,mean,0.9605621963739395,0.9755289554595947,0.9860157459974289
naval,dune_bayes,1656,mean,0.9619681477546692,0.9785865545272827,0.9877359569072723
naval,dune_bayes,1657,mean,0.960260421037674,0.9735060036182404,0.9817422568798065
naval,dune_bayes,1658,mean,0.9589624613523483,0.9784870445728302,0.9893992513418197
naval,dune_bayes,1659,mean,0.9592278689146042,0.9758360385894775,0.9848535627126693
naval,dune_bayes,1660,mean,0.9666621923446655,0.9775030612945557,0.9844172060489654
naval,dune_bayes,1661,mean,0.9614834666252137,0.9761186838150024,0.9863093614578247
naval,dune_bayes,1662,mean,0.9322116643190383,0.9603148400783539,0.9763899475336075
naval,dune_bayes,1663,mean,0.9626103490591049,0.9750563502311707,0.9828094810247421
naval,dune_bayes,1664,mean,0.9583634912967682,0.9763443470001221,0.9862737357616425
naval,dune_bayes,1665,mean,0.9623703688383103,0.9766933917999268,0.9866491705179214
naval,dune_bayes,1666,mean,0.9759199112653733,0.9842974245548248,0.990059781074524
naval,dune_bayes,1667,mean,0.9636460036039353,0.9794427156448364,0.9883096933364868
naval,dune_bayes,1668,mean,0.9531231611967087,0.9721764326095581,0.983032563328743
naval,dune_bayes,1669,mean,0.9765130192041397,0.9846413433551788,0.990279620885849
naval,dune_bayes,1670,mean,0.969107848405838,0.9792293906211853,0.9856571286916733
naval,dune_bayes,1671,mean,0.9556052416563035,0.9745502471923828,0.9851989299058914
naval,dune_bayes,1672,mean,0.9529288560152054,0.9720013737678528,0.9828614503145218
naval,dune_bayes,1673,mean,0.9657463073730469,0.9771809875965118,0.9842360347509385
naval,dune_bayes,1674,mean,0.96658975481987,0.9802547097206116,0.987708666920662
naval,dune_bayes,1675,mean,0.9601465195417405,0.978999674320221,0.9896340876817703
naval,dune_bayes,1676,mean,0.9518441081047058,0.9697482585906982,0.979850509762764
naval,dune_bayes,1677,mean,0.9517772406339645,0.9722574949264526,0.983633503317833
naval,dune_bayes,1678,mean,0.9649520248174668,0.9798931777477264,0.9881832987070084
naval,dune_bayes,1679,mean,0.9571008145809173,0.973508894443512,0.9848788648843765
naval,dune_bayes,1680,mean,0.9579200774431229,0.9779729545116425,0.989209309220314
naval,dune_bayes,1681,mean,0.9563761204481125,0.9741404950618744,0.983813327550888
naval,dune_bayes,1682,mean,0.9596060037612915,0.9746695160865784,0.9830948561429977
naval,dune_bayes,1683,mean,0.9580513030290604,0.9780406951904297,0.9892358183860779
naval,dune_bayes,1684,mean,0.959913221001625,0.974893718957901,0.9832464426755905
naval,dune_bayes,1685,mean,0.9459329515695571,0.9686845242977142,0.9814292401075363
naval,dune_bayes,1686,mean,0.9558650910854339,0.9698876440525055,0.9791647642850876
naval,dune_bayes,1687,mean,0.9582970708608627,0.978159487247467,0.989286944270134
naval,dune_bayes,1688,mean,0.9584697276353836,0.97428959608078,0.98537378013134
naval,dune_bayes,1689,mean,0.9608149796724319,0.9755306541919708,0.9836923569440842
naval,dune_bayes,1690,mean,0.9349169075489044,0.9621365666389465,0.9768279999494552
naval,dune_bayes,1691,mean,0.9573132425546647,0.9709305763244629,0.979931190609932
naval,dune_bayes,1692,mean,0.9491303980350494,0.9658190011978149,0.9763922929763794
naval,dune_bayes,1693,mean,0.9577939569950104,0.971266120672226,0.9801817893981933
naval,dune_bayes,1694,mean,0.9605997174978256,0.9771487712860107,0.9864090204238891
naval,dune_bayes,1695,mean,0.9598102420568466,0.9750939011573792,0.9858236402273178
naval,dune_bayes,1696,mean,0.9600686639547348,0.976845920085907,0.9862085163593293
naval,dune_bayes,1697,mean,0.9586908638477325,0.9719025194644928,0.9806547999382019
naval,dune_bayes,1698,mean,0.9622046321630477,0.9764924347400665,0.984377384185791
naval,dune_bayes,1699,mean,0.9595962911844254,0.972553163766861,0.9811257898807526
naval,dune_bayes,1700,mean,0.9635545074939728,0.9794619381427765,0.9882426500320435
naval,dune_bayes,1701,mean,0.9600098073482514,0.972852885723114,0.9813454300165176
naval,dune_bayes,1702,mean,0.9630153715610504,0.9770022332668304,0.9847622662782669
naval,dune_bayes,1703,mean,0.9633093476295471,0.9771780073642731,0.9848944544792175
naval,dune_bayes,1704,mean,0.9576114773750305,0.9754458069801331,0.9852086871862411
naval,dune_bayes,1705,mean,0.9463648736476898,0.9688791632652283,0.9816227495670319
naval,dune_bayes,1706,mean,0.9654463022947312,0.9795607626438141,0.9872619658708572
naval,dune_bayes,1707,mean,0.9674796968698501,0.9780746400356293,0.9848333120346069
naval,dune_bayes,1708,mean,0.9626277893781662,0.9750700891017914,0.9828229904174804
naval,dune_bayes,1709,mean,0.9754988789558411,0.9840631484985352,0.9899124413728714
naval,dune_bayes,1710,mean,0.9631713628768921,0.9754350781440735,0.9830672413110733
naval,dune_bayes,1711,mean,0.9598834246397019,0.9789147973060608,0.9896086066961288
naval,dune_bayes,1712,mean,0.9632313847541809,0.977201908826828,0.9869758307933807
naval,dune_bayes,1713,mean,0.9537907898426056,0.9725515246391296,0.9833190470933915
naval,dune_bayes,1714,mean,0.9649179577827454,0.978197306394577,0.9855670690536499
naval,dune_bayes,1715,mean,0.9647989928722381,0.9765497744083405,0.9838105291128159
naval,dune_bayes,1716,mean,0.9602157831192016,0.9790542125701904,0.9896763533353805
naval,dune_bayes,1717,mean,0.9532045304775238,0.9722343981266022,0.9830434858798981
naval,dune_bayes,1718,mean,0.9663289755582809,0.9801036417484283,0.9876006573438645
naval,dune_bayes,1719,mean,0.9658053278923034,0.9772278666496277,0.9842677503824234
naval,dune_bayes,1720,mean,0.9640931487083435,0.9776946604251862,0.9872856229543686
naval,dune_bayes,1721,mean,0.9534758985042572,0.973369687795639,0.9844141602516174
naval,dune_bayes,1722,mean,0.9778195351362229,0.9854415655136108,0.9907685995101929
naval,dune_bayes,1723,mean,0.9544606298208237,0.9688423275947571,0.9784171670675278
naval,dune_bayes,1724,mean,0.9703411936759949,0.9809844195842743,0.9879452019929886
naval,dune_bayes,1725,mean,0.9573804169893265,0.9736899435520172,0.9849770575761795
naval,dune_bayes,1726,mean,0.9584019511938096,0.9782258570194244,0.9893295437097549
naval,dune_bayes,1727,mean,0.9600492417812347,0.9749628901481628,0.983297061920166
naval,dune_bayes,1728,mean,0.9580606281757355,0.9740750193595886,0.9852230966091156
naval,dune_bayes,1729,mean,0.9603213280439377,0.975165992975235,0.9834322392940521
naval,dune_bayes,1730,mean,0.9714362531900406,0.9816595017910004,0.9883652031421661
naval,dune_bayes,1731,mean,0.9487255632877349,0.9704567193984985,0.9824745506048203
naval,dune_bayes,1732,mean,0.9609186887741089,0.9755959510803223,0.983727502822876
naval,dune_bayes,1733,mean,0.9569619864225387,0.9706778228282928,0.9797371000051498
naval,dune_bayes,1734,mean,0.9482913076877594,0.9652892053127289,0.9759963631629944
naval,dune_bayes,1735,mean,0.9576697319746017,0.9749170243740082,0.9842946231365204
naval,dune_bayes,1736,mean,0.9724684625864028,0.9822710752487183,0.9887618809938431
naval,dune_bayes,1737,mean,0.9363795459270478,0.9631576240062714,0.977550408244133
naval,dune_bayes,1738,mean,0.9579068303108216,0.9750528931617737,0.9843818664550781
naval,dune_bayes,1739,mean,0.9578952074050904,0.971336156129837,0.9802294045686721
naval,dune_bayes,1740,mean,0.9591226726770401,0.9785763621330261,0.9894771575927734
naval,dune_bayes,1741,mean,0.959243768453598,0.978639543056488,0.9895031809806824
naval,dune_bayes,1742,mean,0.9593630284070969,0.9787011742591858,0.9895279407501221
naval,dune_bayes,1743,mean,0.9595978498458863,0.9788216352462769,0.9895759284496307
naval,dune_bayes,1744,mean,0.9574304223060608,0.9753444194793701,0.9851249784231186
naval,dune_bayes,1745,mean,0.9608768969774246,0.9739384651184082,0.9820372521877289
naval,dune_bayes,1746,mean,0.963633793592453,0.9795389175415039,0.9882793039083481
naval,dune_bayes,1747,mean,0.9594598352909088,0.9759799242019653,0.9849502950906753
naval,dune_bayes,1748,mean,0.9614531427621842,0.9743071794509888,0.9822966873645782
naval,dune_bayes,1749,mean,0.9636713057756424,0.9774131178855896,0.985050943493843
naval,dune_bayes,1750,mean,0.9672270774841308,0.9779009222984314,0.9846993058919906
naval,dune_bayes,1751,mean,0.9604232043027878,0.9776187837123871,0.9870896488428116
naval,dune_bayes,1752,mean,0.9631853252649307,0.9754523634910583,0.9830799490213394
naval,dune_bayes,1753,mean,0.9759697914123535,0.9843545258045197,0.9900987923145295
naval,dune_bayes,1754,mean,0.9659077554941178,0.979843944311142,0.9874341756105423
naval,dune_bayes,1755,mean,0.9644754976034164,0.9779251217842102,0.9853822380304337
naval,dune_bayes,1756,mean,0.9762794077396393,0.9845394194126129,0.9902154624462127
naval,dune_bayes,1757,mean,0.9603680849075318,0.9791597127914429,0.9897306472063064
naval,dune_bayes,1758,mean,0.9689666956663132,0.9791299998760223,0.9855841308832168
naval,dune_bayes,1759,mean,0.9537738502025604,0.9725601673126221,0.9833068728446961
naval,dune_bayes,1760,mean,0.9664507538080216,0.9801728129386902,0.9876384019851685
naval,dune_bayes,1761,mean,0.9692882329225541,0.979356974363327,0.9857477962970733
naval,dune_bayes,1762,mean,0.966151112318039,0.9808216989040375,0.9891607314348221
naval,dune_bayes,1763,mean,0.9696319907903671,0.9795963764190674,0.9859162539243698
naval,dune_bayes,1764,mean,0.9649047404527664,0.9801268875598907,0.9887347906827927
naval,dune_bayes,1765,mean,0.966779637336731,0.9803800582885742,0.9877695620059967
naval,dune_bayes,1766,mean,0.9646496891975402,0.9780266582965851,0.9874783098697663
naval,dune_bayes,1767,mean,0.9528705686330795,0.9718979895114899,0.9827827006578446
naval,dune_bayes,1768,mean,0.9652259021997451,0.9783625304698944,0.9876753747463226
naval,dune_bayes,1769,mean,0.9579792410135269,0.9740476906299591,0.985190999507904
naval,dune_bayes,1770,mean,0.9458777368068695,0.9635576903820038,0.9748838603496551
naval,dune_bayes,1771,mean,0.9561036705970765,0.9700455069541931,0.9792768567800522
naval,dune_bayes,1772,mean,0.9466696918010712,0.9641599059104919,0.9752671957015991
naval,dune_bayes,1773,mean,0.9629575610160828,0.9785925149917603,0.9873252242803573
naval,dune_bayes,1774,mean,0.956608560681343,0.9704115390777588,0.9795411497354507
naval,dune_bayes,1775,mean,0.9593688547611237,0.9748378098011017,0.9856928914785386
naval,dune_bayes,1776,mean,0.9578158348798752,0.9750119149684906,0.9843545824289321
naval,dune_bayes,1777,mean,0.9596954643726349,0.9750248789787292,0.9858112394809723
naval,dune_bayes,1778,mean,0.9580270498991013,0.9714273810386658,0.9802909314632415
naval,dune_bayes,1779,mean,0.9498371779918671,0.9663220643997192,0.9767381966114044
naval,dune_bayes,1780,mean,0.9729968130588531,0.982604444026947,0.9889744341373443
naval,dune_bayes,1781,mean,0.938251256942749,0.9644022285938263,0.9784514278173446
naval,dune_bayes,1782,mean,0.9618810534477233,0.9762431681156158,0.984186926484108
naval,dune_bayes,1783,mean,0.9596124202013016,0.9788316190242767,0.9896020114421844
naval,dune_bayes,1784,mean,0.9597178995609283,0.9788856208324432,0.9896228760480881
naval,dune_bayes,1785,mean,0.9587045550346375,0.9755208492279053,0.9846805989742279
naval,dune_bayes,1786,mean,0.9598338663578033,0.9789449274539948,0.9896463006734848
naval,dune_bayes,1787,mean,0.9458418130874634,0.9690581262111664,0.9813026934862137
naval,dune_bayes,1788,mean,0.9521124690771103,0.9725277423858643,0.9837107986211776
naval,dune_bayes,1789,mean,0.9603269308805465,0.9735206067562103,0.9817612320184708
naval,dune_bayes,1790,mean,0.9589217185974122,0.976879209280014,0.9866325438022613
naval,dune_bayes,1791,mean,0.9665937036275863,0.9774589240550995,0.9843702137470245
naval,dune_bayes,1792,mean,0.9752179980278015,0.9839440882205963,0.9898325324058532
naval,dune_bayes,1793,mean,0.9676715224981308,0.9782115519046783,0.9849250763654709
naval,dune_bayes,1794,mean,0.9658185422420502,0.979793131351471,0.9874076992273331
naval,dune_bayes,1795,mean,0.9680309236049652,0.9784624576568604,0.98510802090168
naval,dune_bayes,1796,mean,0.9631769806146622,0.9754574298858643,0.9830864518880844
naval,dune_bayes,1797,mean,0.9761516898870468,0.9844779670238495,0.9901775032281875
naval,dune_bayes,1798,mean,0.9596374750137329,0.97709521651268,0.9867487698793411
naval,dune_bayes,1799,mean,0.9645962983369827,0.9780008494853973,0.9854366898536682
naval,dune_bayes,1800,mean,0.9764453768730164,0.9846504330635071,0.9902872771024704
naval,dune_bayes,1801,mean,0.9634769320487976,0.9773687124252319,0.9870402365922928
naval,dune_bayes,1802,mean,0.9350985556840896,0.9621084928512573,0.9774479299783707
naval,dune_bayes,1803,mean,0.9663608282804489,0.9801216125488281,0.987602487206459
naval,dune_bayes,1804,mean,0.9648193299770356,0.9765637218952179,0.9838261336088181
naval,dune_bayes,1805,mean,0.9770337492227554,0.9850059449672699,0.9905086576938629
naval,dune_bayes,1806,mean,0.9531740605831146,0.9721550941467285,0.9829535275697708
naval,dune_bayes,1807,mean,0.9656181126832962,0.9786464273929596,0.9858579486608505
naval,dune_bayes,1808,mean,0.9697282493114472,0.9796634316444397,0.9859631150960922
naval,dune_bayes,1809,mean,0.9669943451881409,0.9813894927501678,0.9894598215818405
naval,dune_bayes,1810,mean,0.9531767040491104,0.9721375703811646,0.982928267121315
naval,dune_bayes,1811,mean,0.9670405983924866,0.980536699295044,0.9878666251897812
naval,dune_bayes,1812,mean,0.9661293357610703,0.9789679050445557,0.9860870033502579
naval,dune_bayes,1813,mean,0.9652037411928177,0.9783588945865631,0.9876702517271042
naval,dune_bayes,1814,mean,0.9530974507331849,0.9721052050590515,0.9828731775283813
naval,dune_bayes,1815,mean,0.9663525640964508,0.979114294052124,0.986189740896225
naval,dune_bayes,1816,mean,0.9673843145370483,0.980743408203125,0.9880009382963181
naval,dune_bayes,1817,mean,0.9666001498699188,0.9792709946632385,0.9863001525402069
naval,dune_bayes,1818,mean,0.9710223734378814,0.9805625975131989,0.9866098284721374
naval,dune_bayes,1819,mean,0.9616056859493256,0.9797830581665039,0.9900051027536392
naval,dune_bayes,1820,mean,0.9602541923522949,0.9750620424747467,0.9833774566650391
naval,dune_bayes,1821,mean,0.9717997461557388,0.9819185435771942,0.9885248839855194
naval,dune_bayes,1822,mean,0.9633403331041336,0.978836864233017,0.9874712795019149
naval,dune_bayes,1823,mean,0.9567072719335556,0.9704766571521759,0.979590380191803
naval,dune_bayes,1824,mean,0.9628929138183594,0.9785337150096893,0.9872872799634933
naval,dune_bayes,1825,mean,0.9596206396818161,0.9750006794929504,0.9857822209596634
naval,dune_bayes,1826,mean,0.9610615760087967,0.9774525463581085,0.9865678787231446
naval,dune_bayes,1827,mean,0.9728233844041825,0.9825224280357361,0.9889173865318298
naval,dune_bayes,1828,mean,0.9617027372121811,0.9761116802692413,0.9840834081172943
naval,dune_bayes,1829,mean,0.9583620369434357,0.9753368198871613,0.9845618486404418
naval,dune_bayes,1830,mean,0.9505962133407593,0.9668392837047577,0.9771184891462326
naval,dune_bayes,1831,mean,0.9612597346305847,0.9759790301322937,0.986330458521843
naval,dune_bayes,1832,mean,0.9597644656896591,0.9730898439884186,0.9814791589975357
naval,dune_bayes,1833,mean,0.9604255378246307,0.9792522192001343,0.9897891968488693
naval,dune_bayes,1834,mean,0.9638803184032441,0.977556586265564,0.9851417362689971
naval,dune_bayes,1835,mean,0.9674166470766068,0.9780355095863342,0.9847898691892624
naval,dune_bayes,1836,mean,0.9635977029800415,0.9795403480529785,0.9883206248283386
naval,dune_bayes,1837,mean,0.9560674160718918,0.9743319749832153,0.9844743460416794
naval,dune_bayes,1838,mean,0.9677801936864853,0.9782897531986237,0.9849752008914947
naval,dune_bayes,1839,mean,0.9625877410173416,0.9750824272632599,0.9828332722187042
naval,dune_bayes,1840,mean,0.9631358355283737,0.977151095867157,0.9869153559207916
naval,dune_bayes,1841,mean,0.9616169452667236,0.97829869389534,0.9875472962856293
naval,dune_bayes,1842,mean,0.9662743091583252,0.9800724387168884,0.9875775188207626
naval,dune_bayes,1843,mean,0.9688132494688034,0.9790119230747223,0.9855025410652161
naval,dune_bayes,1844,mean,0.9640147536993027,0.9776876270771027,0.9872381597757339
naval,dune_bayes,1845,mean,0.9652152836322785,0.9783974587917328,0.9856971859931946
naval,dune_bayes,1846,mean,0.9486635625362396,0.9703151881694794,0.9824656575918198
naval,dune_bayes,1847,mean,0.9774705916643143,0.9852822124958038,0.9906817615032196
naval,dune_bayes,1848,mean,0.9646121174097061,0.978030800819397,0.9874723464250564
naval,dune_bayes,1849,mean,0.9614419400691986,0.9796942174434662,0.9899958312511444
naval,dune_bayes,1850,mean,0.9295913130044937,0.9588359296321869,0.9747238963842392
naval,dune_bayes,1851,mean,0.9668099850416183,0.9803968369960785,0.987769091129303
naval,dune_bayes,1852,mean,0.9657020807266236,0.9787062406539917,0.9858980774879456
naval,dune_bayes,1853,mean,0.9698084205389023,0.9797200262546539,0.9860029637813568
naval,dune_bayes,1854,mean,0.9658644467592239,0.9772782623767853,0.984307062625885
naval,dune_bayes,1855,mean,0.9777606070041657,0.9854558110237122,0.99079127907753
naval,dune_bayes,1856,mean,0.9615553170442581,0.9797475934028625,0.9900194555521011
naval,dune_bayes,1857,mean,0.9442611336708069,0.9679575264453888,0.9807521641254425
naval,dune_bayes,1858,mean,0.9671589970588684,0.9806072115898132,0.987903282046318
naval,dune_bayes,1859,mean,0.9654431402683258,0.9785089492797852,0.9877546578645706
naval,dune_bayes,1860,mean,0.9785779058933258,0.9859414994716644,0.9910887718200684
naval,dune_bayes,1861,mean,0.9657398819923401,0.9786821007728577,0.987856674194336
naval,dune_bayes,1862,mean,0.9657402038574219,0.9806023836135864,0.9890048116445541
naval,dune_bayes,1863,mean,0.9667171180248261,0.9793446660041809,0.9863382339477539
naval,dune_bayes,1864,mean,0.9788363605737687,0.986098438501358,0.9911832362413406
naval,dune_bayes,1865,mean,0.9660083830356598,0.9788376688957214,0.9879479378461837
naval,dune_bayes,1866,mean,0.9619747251272202,0.9799771308898926,0.9901026636362076
naval,dune_bayes,1867,mean,0.9536518454551697,0.9726608395576477,0.9831009268760681
naval,dune_bayes,1868,mean,0.9592068910598754,0.9747820794582367,0.9856294512748718
naval,dune_bayes,1869,mean,0.9495780259370804,0.9712406694889069,0.9830229133367538
naval,dune_bayes,1870,mean,0.9640039741992951,0.9792643785476685,0.9877255350351334
naval,dune_bayes,1871,mean,0.9631458759307862,0.9786868691444397,0.9873715579509735
naval,dune_bayes,1872,mean,0.9578025192022324,0.975017637014389,0.9843638420104981
naval,dune_bayes,1873,mean,0.9599503427743912,0.9790223836898804,0.9897110611200333
naval,dune_bayes,1874,mean,0.9463287681341171,0.9692753851413727,0.9816812396049499
naval,dune_bayes,1875,mean,0.9618365377187729,0.9761840999126434,0.9841320902109146
naval,dune_bayes,1876,mean,0.9608606487512589,0.9757297039031982,0.9862262427806854
naval,dune_bayes,1877,mean,0.9496352434158325,0.9709690511226654,0.9827768445014954
naval,dune_bayes,1878,mean,0.9604258716106415,0.9792549312114716,0.9898105829954147
naval,dune_bayes,1879,mean,0.9458430290222168,0.9686355590820312,0.9813847661018371
naval,dune_bayes,1880,mean,0.9600683093070984,0.972869485616684,0.9813446551561356
naval,dune_bayes,1881,mean,0.9618344992399216,0.9763329923152924,0.9865290939807891
naval,dune_bayes,1882,mean,0.9595959782600403,0.9760697185993195,0.9850186198949814
naval,dune_bayes,1883,mean,0.9634611189365387,0.9772950410842896,0.9849312990903855
naval,dune_bayes,1884,mean,0.9636991053819657,0.9774496257305145,0.9850484520196915
naval,dune_bayes,1885,mean,0.9627793163061142,0.9769236743450165,0.9868231385946273
naval,dune_bayes,1886,mean,0.9610102444887161,0.9795478880405426,0.9899302333593368
naval,dune_bayes,1887,mean,0.9544114887714386,0.9731089174747467,0.9837096273899079
naval,dune_bayes,1888,mean,0.9758684188127518,0.9843592643737793,0.9900959432125092
naval,dune_bayes,1889,mean,0.9761849939823151,0.9845353364944458,0.9902094036340714
naval,dune_bayes,1890,mean,0.9642799079418183,0.9799214899539948,0.9885639041662216
naval,dune_bayes,1891,mean,0.9639920622110367,0.9776808321475983,0.987213882803917
naval,dune_bayes,1892,mean,0.9650266319513321,0.9782837629318237,0.9856257289648056
naval,dune_bayes,1893,mean,0.9530972808599472,0.972131758928299,0.9829037338495255
naval,dune_bayes,1894,mean,0.9667215555906296,0.980346292257309,0.9877439737319946
naval,dune_bayes,1895,mean,0.9655610740184783,0.9786207675933838,0.9858452528715134
naval,dune_bayes,1896,mean,0.9695717751979828,0.9795505106449127,0.985885089635849
naval,dune_bayes,1897,mean,0.9648578464984894,0.9781845211982727,0.9875579059123993
naval,dune_bayes,1898,mean,0.9658202499151229,0.9787823557853699,0.9859513878822327
naval,dune_bayes,1899,mean,0.9779176652431488,0.9855630099773407,0.990859892964363
naval,dune_bayes,1900,mean,0.9702435463666916,0.9800235331058502,0.9862179785966874
naval,dune_bayes,1901,mean,0.9781910806894303,0.9857271313667297,0.9909616261720657
naval,dune_bayes,1902,mean,0.9621303707361222,0.980055183172226,0.9901593208312989
naval,dune_bayes,1903,mean,0.967416450381279,0.9807634055614471,0.9879989624023438
naval,dune_bayes,1904,mean,0.9665476113557816,0.9792394638061523,0.986251923441887
naval,dune_bayes,1905,mean,0.96737300157547,0.9782997667789459,0.984995773434639
naval,dune_bayes,1906,mean,0.9659808129072189,0.9788323938846588,0.9879407852888107
naval,dune_bayes,1907,mean,0.9667330890893936,0.9813728034496307,0.9894141495227814
naval,dune_bayes,1908,mean,0.9714876234531402,0.9808822870254517,0.9868324160575866
naval,dune_bayes,1909,mean,0.9792575269937516,0.9863681495189667,0.9913507908582687
naval,dune_bayes,1910,mean,0.9665318042039871,0.9791648387908936,0.988133379817009
naval,dune_bayes,1911,mean,0.9625471532344818,0.9802844524383545,0.9902430295944213
naval,dune_bayes,1912,mean,0.9574264407157898,0.9709863066673279,0.9799507528543472
naval,dune_bayes,1913,mean,0.9602815389633179,0.9791971445083618,0.9897991001605988
naval,dune_bayes,1914,mean,0.962274044752121,0.9781745970249176,0.9870088130235671
naval,dune_bayes,1915,mean,0.9581483602523804,0.9752320945262909,0.9844962894916535
naval,dune_bayes,1916,mean,0.9489370465278626,0.9657623469829559,0.9763514846563339
naval,dune_bayes,1917,mean,0.9735090345144272,0.9829628765583038,0.9892000108957291
naval,dune_bayes,1918,mean,0.9607999563217163,0.9757083356380463,0.986201411485672
naval,dune_bayes,1919,mean,0.9586167216300965,0.975504994392395,0.9846667140722275
naval,dune_bayes,1920,mean,0.9622225165367126,0.976435661315918,0.9843076765537262
naval,dune_bayes,1921,mean,0.9512882024049759,0.9673241972923279,0.9774540513753891
naval,dune_bayes,1922,mean,0.9617627501487732,0.9762840867042542,0.9865261226892471
naval,dune_bayes,1923,mean,0.9609050571918487,0.979503333568573,0.9899294912815094
naval,dune_bayes,1924,mean,0.9592971652746201,0.9758937060832977,0.9849149763584136
naval,dune_bayes,1925,mean,0.9594839632511138,0.9760045111179352,0.9849844634532928
naval,dune_bayes,1926,mean,0.9403532445430756,0.9657927453517914,0.9792688727378845
naval,dune_bayes,1927,mean,0.966890025138855,0.97768235206604,0.9845097631216049
naval,dune_bayes,1928,mean,0.960945725440979,0.9739156365394592,0.9820378661155701
naval,dune_bayes,1929,mean,0.9638278305530548,0.977529764175415,0.9850961059331894
naval,dune_bayes,1930,mean,0.9405745297670365,0.9657487869262695,0.979064816236496
naval,dune_bayes,1931,mean,0.9553739994764328,0.9738009572029114,0.9841637402772904
naval,dune_bayes,1932,mean,0.9601375013589859,0.9764068722724915,0.9852226793766021
naval,dune_bayes,1933,mean,0.9633446335792542,0.9772685766220093,0.9870167583227157
naval,dune_bayes,1934,mean,0.9643242657184601,0.9778484404087067,0.9853362530469895
naval,dune_bayes,1935,mean,0.9679692685604095,0.9784247875213623,0.9850651055574418
naval,dune_bayes,1936,mean,0.962615117430687,0.9751064479351044,0.9828428357839585
naval,dune_bayes,1937,mean,0.9769461840391159,0.9849996566772461,0.9905046343803405
naval,dune_bayes,1938,mean,0.9534630835056305,0.9723823964595795,0.9831002622842788
naval,dune_bayes,1939,mean,0.9689967185258865,0.9791428744792938,0.985589137673378
naval,dune_bayes,1940,mean,0.9647572427988053,0.9801079630851746,0.9886279702186584
naval,dune_bayes,1941,mean,0.9775245249271393,0.985343337059021,0.9907216489315033
naval,dune_bayes,1942,mean,0.9641458451747894,0.9798462390899658,0.9884635657072067
naval,dune_bayes,1943,mean,0.9656416147947311,0.9786749482154846,0.985883092880249
naval,dune_bayes,1944,mean,0.9658510506153106,0.9772762060165405,0.9843122035264968
naval,dune_bayes,1945,mean,0.962261950969696,0.9801197946071625,0.9902072489261627
naval,dune_bayes,1946,mean,0.9535462349653244,0.9723873734474182,0.9830595105886459
naval,dune_bayes,1947,mean,0.9662400722503662,0.9789936244487762,0.9880322933197021
naval,dune_bayes,1948,mean,0.9538553535938263,0.9725373387336731,0.983205696940422
naval,dune_bayes,1949,mean,0.9678516507148742,0.978620320558548,0.9852180361747742
naval,dune_bayes,1950,mean,0.9665130645036697,0.9791518449783325,0.9881251454353333
naval,dune_bayes,1951,mean,0.9622287362813949,0.9788351655006409,0.9876665443181991
naval,dune_bayes,1952,mean,0.9671229302883149,0.9796110391616821,0.9864982485771179
naval,dune_bayes,1953,mean,0.9675551056861877,0.9816417992115021,0.9896561026573181
naval,dune_bayes,1954,mean,0.9688095897436142,0.9792605936527252,0.98565194606781
naval,dune_bayes,1955,mean,0.979669263958931,0.9866241812705994,0.9915138006210327
naval,dune_bayes,1956,mean,0.9526185274124146,0.9728799760341644,0.9841556459665298
naval,dune_bayes,1957,mean,0.9541918843984604,0.9731996357440948,0.983846002817154
naval,dune_bayes,1958,mean,0.958059549331665,0.9751790761947632,0.984469473361969
naval,dune_bayes,1959,mean,0.9614822030067444,0.9758855998516083,0.983935022354126
naval,dune_bayes,1960,mean,0.9730322569608688,0.9827043116092682,0.9890263617038727
naval,dune_bayes,1961,mean,0.9582797557115554,0.9758814871311188,0.9855148762464523
naval,dune_bayes,1962,mean,0.9579996734857559,0.9713924527168274,0.9802480816841126
naval,dune_bayes,1963,mean,0.9607570111751557,0.9794438183307648,0.9899173647165298
naval,dune_bayes,1964,mean,0.9584814131259918,0.9717266857624054,0.9804986476898193
naval,dune_bayes,1965,mean,0.9737003058195114,0.9830974340438843,0.9892819792032241
naval,dune_bayes,1966,mean,0.9608664959669113,0.9794961810112,0.989939522743225
naval,dune_bayes,1967,mean,0.9449837684631348,0.9685412049293518,0.9813321620225907
naval,dune_bayes,1968,mean,0.9623195439577102,0.9764886200428009,0.9843399614095688
naval,dune_bayes,1969,mean,0.9589491069316864,0.9720588326454163,0.9807427108287812
naval,dune_bayes,1970,mean,0.9740186363458634,0.9832835495471954,0.9894042819738388
naval,dune_bayes,1971,mean,0.9625962615013123,0.9766805469989777,0.984476524591446
naval,dune_bayes,1972,mean,0.9512537002563477,0.967316061258316,0.9774258941411972
naval,dune_bayes,1973,mean,0.9459413111209869,0.9690665304660797,0.9815373569726944
naval,dune_bayes,1974,mean,0.9631508201360702,0.9770640134811401,0.9847490727901459
naval,dune_bayes,1975,mean,0.9602890133857727,0.9730139374732971,0.9814439952373505
naval,dune_bayes,1976,mean,0.9527513146400451,0.9682916104793549,0.9781377643346787
naval,dune_bayes,1977,mean,0.9596230030059815,0.976091206073761,0.9850414037704468
naval,dune_bayes,1978,mean,0.9626043796539306,0.9768284559249878,0.9868176221847534
naval,dune_bayes,1979,mean,0.9609339624643326,0.973887711763382,0.9820244908332825
naval,dune_bayes,1980,mean,0.9758930802345276,0.9844048321247101,0.9901311486959458
naval,dune_bayes,1981,mean,0.9632631450891495,0.9772232472896576,0.9870142817497254
naval,dune_bayes,1982,mean,0.9403437703847886,0.9656156599521637,0.9790800034999847
naval,dune_bayes,1983,mean,0.9680724948644638,0.9784988462924957,0.9851120769977569
naval,dune_bayes,1984,mean,0.9638774186372757,0.9775985777378082,0.9872009187936783
naval,dune_bayes,1985,mean,0.9683991581201553,0.9787282645702362,0.9852807730436325
naval,dune_bayes,1986,mean,0.9509496301412582,0.9719949066638947,0.9832953989505768
naval,dune_bayes,1987,mean,0.9663908571004868,0.9801501333713531,0.9876365751028061
naval,dune_bayes,1988,mean,0.9652229577302933,0.9784124195575714,0.9857172220945358
naval,dune_bayes,1989,mean,0.9776758253574371,0.9854483902454376,0.9907872974872589
naval,dune_bayes,1990,mean,0.9669294685125351,0.9804762601852417,0.9878303200006485
naval,dune_bayes,1991,mean,0.96575126349926,0.9787458181381226,0.9859338641166687
naval,dune_bayes,1992,mean,0.9697492808103562,0.9796698689460754,0.985967168211937
naval,dune_bayes,1993,mean,0.9653504222631455,0.9769439101219177,0.9840937316417694
naval,dune_bayes,1994,mean,0.9644533306360245,0.9800035357475281,0.9885472416877746
naval,dune_bayes,1995,mean,0.966009110212326,0.9789087772369385,0.9860395848751068
naval,dune_bayes,1996,mean,0.9658562451601028,0.9772844612598419,0.984321591258049
naval,dune_bayes,1997,mean,0.9626209050416946,0.9803105592727661,0.9903033167123795
naval,dune_bayes,1998,mean,0.9672492474317551,0.9806719124317169,0.9879453390836715
naval,dune_bayes,1999,mean,0.9704103410243988,0.9801409840583801,0.9863021910190582
naval,dune_bayes,2000,mean,0.9659251898527146,0.9788233637809753,0.9879279196262359
naval,dune_bayes,2001,mean,0.9668766170740127,0.9779843091964722,0.9847889631986618
naval,dune_bayes,2002,mean,0.9667431682348251,0.9793713390827179,0.9863411009311676
naval,dune_bayes,2003,mean,0.9790442049503326,0.9862692654132843,0.9913006156682969
naval,dune_bayes,2004,mean,0.9664752691984176,0.9791391491889954,0.9881144255399704
naval,dune_bayes,2005,mean,0.9539072483777999,0.9728785157203674,0.9832015961408616
naval,dune_bayes,2006,mean,0.9672339230775833,0.9796779751777649,0.986541411280632
naval,dune_bayes,2007,mean,0.9670284926891327,0.979471892118454,0.9883068442344666
naval,dune_bayes,2008,mean,0.9632689476013183,0.980665773153305,0.9904351383447647
naval,dune_bayes,2009,mean,0.954907688498497,0.9735837280750275,0.9836904078722
naval,dune_bayes,2010,mean,0.9682611286640167,0.9812820255756378,0.9883179992437363
naval,dune_bayes,2011,mean,0.9676933377981186,0.9799763262271881,0.986742028594017
naval,dune_bayes,2012,mean,0.9800596952438354,0.986866295337677,0.9916710376739502
naval,dune_bayes,2013,mean,0.9803153365850449,0.987014651298523,0.9917645692825318
naval,dune_bayes,2014,mean,0.9676491051912308,0.9799411594867706,0.9885740101337432
naval,dune_bayes,2015,mean,0.9488547772169114,0.9656935334205627,0.9763314902782441
naval,dune_bayes,2016,mean,0.9735442459583282,0.9830270409584045,0.9892318457365036
naval,dune_bayes,2017,mean,0.9621586084365845,0.9763479232788086,0.984247264266014
naval,dune_bayes,2018,mean,0.9563680559396743,0.9751469492912292,0.9855591803789139
naval,dune_bayes,2019,mean,0.9592222481966018,0.9764212071895599,0.9858577966690063
naval,dune_bayes,2020,mean,0.9615659177303314,0.9798456728458405,0.9901042252779007
naval,dune_bayes,2021,mean,0.9468468189239502,0.9694027900695801,0.9817430764436722
naval,dune_bayes,2022,mean,0.9460983365774155,0.9691446125507355,0.9815643697977066
naval,dune_bayes,2023,mean,0.9635167777538299,0.9773043990135193,0.9849138468503952
naval,dune_bayes,2024,mean,0.9618143171072007,0.9799719154834747,0.990156215429306
naval,dune_bayes,2025,mean,0.9757462263107299,0.9843401908874512,0.9900828212499618
naval,dune_bayes,2026,mean,0.9631511688232421,0.9771706163883209,0.9870085477828979
naval,dune_bayes,2027,mean,0.9551136404275894,0.9735799133777618,0.9840293854475022
naval,dune_bayes,2028,mean,0.9678083091974259,0.9783154726028442,0.9849719345569611
naval,dune_bayes,2029,mean,0.9638199985027314,0.9775647521018982,0.9872054696083069
naval,dune_bayes,2030,mean,0.9645431995391845,0.977990448474884,0.985416117310524
naval,dune_bayes,2031,mean,0.9766605526208878,0.9848788678646088,0.990425831079483
naval,dune_bayes,2032,mean,0.9647977262735367,0.9781595468521118,0.9855405539274216
naval,dune_bayes,2033,mean,0.9684992045164108,0.9787995517253876,0.9853259593248367
naval,dune_bayes,2034,mean,0.9623965561389923,0.9802460074424744,0.9902771651744843
naval,dune_bayes,2035,mean,0.94211345911026,0.9667403697967529,0.9797203958034515
naval,dune_bayes,2036,mean,0.964246129989624,0.9762047529220581,0.9836042433977127
naval,dune_bayes,2037,mean,0.9650223791599274,0.9783109724521637,0.9875790297985076
naval,dune_bayes,2038,mean,0.9550601065158844,0.9742012917995453,0.9848383069038391
naval,dune_bayes,2039,mean,0.9647951126098633,0.9765762686729431,0.9838533818721771
naval,dune_bayes,2040,mean,0.9653075873851776,0.9784823358058929,0.9876916021108627
naval,dune_bayes,2041,mean,0.9670154124498367,0.9805312156677246,0.9878658205270767
naval,dune_bayes,2042,mean,0.9529307812452317,0.9719764590263367,0.9827417761087418
naval,dune_bayes,2043,mean,0.9532557517290116,0.9721583724021912,0.982879588007927
naval,dune_bayes,2044,mean,0.9673638045787811,0.9807420074939728,0.9879919141530991
naval,dune_bayes,2045,mean,0.9663472086191177,0.9791267216205597,0.9861838847398758
naval,dune_bayes,2046,mean,0.9786543309688568,0.9860449433326721,0.9911640226840973
naval,dune_bayes,2047,mean,0.9665999084711074,0.9792850017547607,0.986287197470665
naval,dune_bayes,2048,mean,0.9537608563899994,0.972696453332901,0.9831490308046341
naval,dune_bayes,2049,mean,0.9678526014089585,0.9810391366481781,0.9881656378507614
naval,dune_bayes,2050,mean,0.9660392314195633,0.9821328520774841,0.9912408411502838
naval,dune_bayes,2051,mean,0.9321399480104446,0.9603992700576782,0.9752368330955505
naval,dune_bayes,2052,mean,0.9559878200292588,0.9741359949111938,0.9841366320848465
naval,dune_bayes,2053,mean,0.9680087625980377,0.9801810681819916,0.9868776500225067
naval,dune_bayes,2054,mean,0.9740192592144012,0.9833279848098755,0.9894229531288147
naval,dune_bayes,2055,mean,0.9615326762199402,0.9761758744716644,0.9864580065011979
naval,dune_bayes,2056,mean,0.9615266889333725,0.9798415005207062,0.9901139438152313
naval,dune_bayes,2057,mean,0.9530143946409225,0.9729288220405579,0.9839954137802124
naval,dune_bayes,2058,mean,0.9593902826309204,0.9759819805622101,0.9849696010351181
naval,dune_bayes,2059,mean,0.960083743929863,0.9728519320487976,0.9813202321529388
naval,dune_bayes,2060,mean,0.9498444736003876,0.9710322320461273,0.9828251957893371
naval,dune_bayes,2061,mean,0.9636143177747727,0.9773583114147186,0.984947195649147
naval,dune_bayes,2062,mean,0.9609422624111176,0.9734646081924438,0.9817703574895859
naval,dune_bayes,2063,mean,0.9756023287773132,0.9842602014541626,0.9900312453508378
naval,dune_bayes,2064,mean,0.9615129858255387,0.9742819666862488,0.9822896212339401
naval,dune_bayes,2065,mean,0.9481754004955292,0.9700631499290466,0.982204458117485
naval,dune_bayes,2066,mean,0.960490170121193,0.9766252934932709,0.9853695720434189
naval,dune_bayes,2067,mean,0.9609108865261078,0.9768848121166229,0.9855222463607788
naval,dune_bayes,2068,mean,0.9646652728319168,0.978079080581665,0.9874826967716217
naval,dune_bayes,2069,mean,0.9531842589378356,0.9722128808498383,0.9829244613647461
naval,dune_bayes,2070,mean,0.9669290751218795,0.9804821014404297,0.9878402292728424
naval,dune_bayes,2071,mean,0.9514487504959106,0.9722611308097839,0.983489042520523
naval,dune_bayes,2072,mean,0.9782668799161911,0.9858300089836121,0.9910275518894196
naval,dune_bayes,2073,mean,0.9631982624530793,0.9806287884712219,0.9904628723859787
naval,dune_bayes,2074,mean,0.9568919271230698,0.9754764139652252,0.9856437772512435
naval,dune_bayes,2075,mean,0.9661739289760589,0.979019969701767,0.9861178994178772
naval,dune_bayes,2076,mean,0.9702529460191727,0.9800222516059875,0.9862153708934784
naval,dune_bayes,2077,mean,0.9621953129768371,0.9786466956138611,0.9878087222576142
naval,dune_bayes,2078,mean,0.9664292901754379,0.9791811406612396,0.9862223595380784
naval,dune_bayes,2079,mean,0.9709031552076339,0.9804828464984894,0.9865430057048797
naval,dune_bayes,2080,mean,0.9790778785943985,0.9863133430480957,0.9913330018520355
naval,dune_bayes,2081,mean,0.9793310791254044,0.986464649438858,0.9914279252290725
naval,dune_bayes,2082,mean,0.9661480516195298,0.9822102785110474,0.9912821918725967
naval,dune_bayes,2083,mean,0.9540370523929596,0.9730195105075836,0.9832644373178482
naval,dune_bayes,2084,mean,0.9671819180250167,0.9796537160873413,0.9865310817956925
naval,dune_bayes,2085,mean,0.9543072551488876,0.9731896817684174,0.9833740592002869
naval,dune_bayes,2086,mean,0.9675041943788528,0.9797660708427429,0.988471907377243
naval,dune_bayes,2087,mean,0.9682693243026733,0.9812830686569214,0.9883200198411941
naval,dune_bayes,2088,mean,0.9721465140581131,0.9813341796398163,0.987157455086708
naval,dune_bayes,2089,mean,0.9688061207532883,0.9792733490467072,0.9856729149818421
naval,dune_bayes,2090,mean,0.9685949146747589,0.9814856350421906,0.988436809182167
naval,dune_bayes,2091,mean,0.9808432757854462,0.9873596727848053,0.9919828712940216
naval,dune_bayes,2092,mean,0.9633359283208847,0.9794506132602692,0.9880543142557144
naval,dune_bayes,2093,mean,0.9706072241067887,0.9804625511169434,0.9864822626113892
naval,dune_bayes,2094,mean,0.9810759335756302,0.9874968230724335,0.9920690089464188
naval,dune_bayes,2095,mean,0.9685593754053116,0.9805679321289062,0.9889246225357056
naval,dune_bayes,2096,mean,0.9626638442277908,0.9766634404659271,0.984469598531723
naval,dune_bayes,2097,mean,0.9592826426029205,0.9722869694232941,0.9808939546346664
naval,dune_bayes,2098,mean,0.9593068838119507,0.9759470224380493,0.9849447637796402
naval,dune_bayes,2099,mean,0.959530234336853,0.976073145866394,0.9850250095129013
naval,dune_bayes,2100,mean,0.963194340467453,0.9770512878894806,0.9847243219614029
naval,dune_bayes,2101,mean,0.9560081630945205,0.9747998714447021,0.9853087097406388
naval,dune_bayes,2102,mean,0.9418130397796631,0.965613603591919,0.9786264032125473
naval,dune_bayes,2103,mean,0.9629884034395217,0.9770737588405609,0.9869867861270905
naval,dune_bayes,2104,mean,0.9623502492904663,0.9802546501159668,0.9903047204017639
naval,dune_bayes,2105,mean,0.9637354791164399,0.9774264097213745,0.984991016983986
naval,dune_bayes,2106,mean,0.9507769048213959,0.9708146154880524,0.9819105565547943
naval,dune_bayes,2107,mean,0.9640029460191727,0.9776110649108887,0.9851221024990082
naval,dune_bayes,2108,mean,0.9635809272527694,0.9774537682533264,0.9871883422136307
naval,dune_bayes,2109,mean,0.9626002877950668,0.9803688824176788,0.9903564751148224
naval,dune_bayes,2110,mean,0.9615208387374878,0.9742824137210846,0.9822843670845032
naval,dune_bayes,2111,mean,0.9535762161016464,0.9724695980548859,0.9832155168056488
naval,dune_bayes,2112,mean,0.9605884850025177,0.9766883254051208,0.9854124039411545
naval,dune_bayes,2113,mean,0.964503499865532,0.9779556393623352,0.9853679686784744
naval,dune_bayes,2114,mean,0.9642413198947907,0.977840393781662,0.9873831510543823
naval,dune_bayes,2115,mean,0.9482282012701034,0.9703256785869598,0.9823191404342652
naval,dune_bayes,2116,mean,0.9626482635736465,0.9751003086566925,0.9828355759382248
naval,dune_bayes,2117,mean,0.9629503577947617,0.980532318353653,0.9904300808906555
naval,dune_bayes,2118,mean,0.9524687051773071,0.97176393866539,0.9825252562761306
naval,dune_bayes,2119,mean,0.9690224707126618,0.9791673719882965,0.9855852752923966
naval,dune_bayes,2120,mean,0.9525694906711578,0.9718296825885773,0.9825721770524979
naval,dune_bayes,2121,mean,0.9657609552145004,0.97877636551857,0.985953176021576
naval,dune_bayes,2122,mean,0.9647582590579986,0.9765608906745911,0.9838482052087784
naval,dune_bayes,2123,mean,0.9476999938488007,0.9700880944728851,0.9819200366735459
naval,dune_bayes,2124,mean,0.9526810497045517,0.9718824326992035,0.9826314330101014
naval,dune_bayes,2125,mean,0.9673702090978622,0.980752170085907,0.9880042284727096
naval,dune_bayes,2126,mean,0.9662789613008499,0.9790934920310974,0.9861667662858963
naval,dune_bayes,2127,mean,0.9530252873897552,0.9720932841300964,0.9827758520841599
naval,dune_bayes,2128,mean,0.9663621425628662,0.9776355028152466,0.9845651894807815
naval,dune_bayes,2129,mean,0.9666424989700317,0.9792709350585938,0.988180759549141
naval,dune_bayes,2130,mean,0.9600108891725541,0.9775148332118988,0.9869743853807449
naval,dune_bayes,2131,mean,0.9532230108976364,0.97224560379982,0.9828930705785751
naval,dune_bayes,2132,mean,0.979217991232872,0.9864107072353363,0.9913938194513321
naval,dune_bayes,2133,mean,0.9670097142457962,0.9795512557029724,0.9864655613899231
naval,dune_bayes,2134,mean,0.9549743324518204,0.9735190272331238,0.9836206495761871
naval,dune_bayes,2135,mean,0.9682157456874847,0.9812613129615784,0.9883066952228546
naval,dune_bayes,2136,mean,0.9719055384397507,0.981172502040863,0.9870402753353119
naval,dune_bayes,2137,mean,0.9799938768148422,0.9868738353252411,0.9916845411062241
naval,dune_bayes,2138,mean,0.9685144752264023,0.9814299046993256,0.9884140729904175
naval,dune_bayes,2139,mean,0.9804926306009293,0.987173467874527,0.991867133975029
naval,dune_bayes,2140,mean,0.9681907594203949,0.9802990555763245,0.9869616895914077
naval,dune_bayes,2141,mean,0.9688383013010025,0.9816314578056335,0.9885286748409271
naval,dune_bayes,2142,mean,0.9670791447162628,0.9826547503471375,0.9914908021688461
naval,dune_bayes,2143,mean,0.9582991302013397,0.9756976664066315,0.9852428048849106
naval,dune_bayes,2144,mean,0.9594099313020706,0.9760163426399231,0.9849872469902039
naval,dune_bayes,2145,mean,0.9511015743017197,0.9672564566135406,0.9773810803890228
naval,dune_bayes,2146,mean,0.9596352607011795,0.9761461615562439,0.985070276260376
naval,dune_bayes,2147,mean,0.9602895319461823,0.9729922711849213,0.981415045261383
naval,dune_bayes,2148,mean,0.9549516648054123,0.9738667607307434,0.98442143201828
naval,dune_bayes,2149,mean,0.9600771456956864,0.9763976335525513,0.9852306008338928
naval,dune_bayes,2150,mean,0.9611488819122315,0.9736014008522034,0.9818646788597107
naval,dune_bayes,2151,mean,0.9602850019931793,0.9734583497047424,0.9817163348197937
naval,dune_bayes,2152,mean,0.9759293138980866,0.98448845744133,0.9901724815368652
naval,dune_bayes,2153,mean,0.9640957176685333,0.9776627123355865,0.9851529419422149
naval,dune_bayes,2154,mean,0.9673427432775498,0.9779803156852722,0.9847216486930848
naval,dune_bayes,2155,mean,0.960896235704422,0.9738545715808868,0.9819960027933121
naval,dune_bayes,2156,mean,0.9435009449720383,0.9667764902114868,0.9794043064117431
naval,dune_bayes,2157,mean,0.964361572265625,0.977846086025238,0.9852830737829208
naval,dune_bayes,2158,mean,0.9765394479036331,0.9848633706569672,0.9904094189405441
naval,dune_bayes,2159,mean,0.9430043071508407,0.9661425054073334,0.9790862917900085
naval,dune_bayes,2160,mean,0.9556366771459579,0.974557638168335,0.9850831270217896
naval,dune_bayes,2161,mean,0.9658154398202896,0.9820478856563568,0.9912502586841583
naval,dune_bayes,2162,mean,0.9774305254220963,0.9853854775428772,0.9907467365264893
naval,dune_bayes,2163,mean,0.9659122288227081,0.9820963144302368,0.9912700086832047
naval,dune_bayes,2164,mean,0.952374792098999,0.9717214703559875,0.9824816972017288
naval,dune_bayes,2165,mean,0.9667758494615555,0.9803937375545502,0.9877954512834549
naval,dune_bayes,2166,mean,0.9653619199991226,0.9785188436508179,0.9857731282711029
naval,dune_bayes,2167,mean,0.9522107243537903,0.9716472327709198,0.9824160903692245
naval,dune_bayes,2168,mean,0.9669550865888595,0.9805020391941071,0.9878603130578995
naval,dune_bayes,2169,mean,0.965709137916565,0.9787210822105408,0.9878418296575546
naval,dune_bayes,2170,mean,0.9661409497261048,0.9822192490100861,0.9913168311119079
naval,dune_bayes,2171,mean,0.9441423833370208,0.9680317640304565,0.9807102650403976
naval,dune_bayes,2172,mean,0.9523714244365692,0.9717133045196533,0.9825022518634796
naval,dune_bayes,2173,mean,0.9439765632152557,0.9678645133972168,0.980574294924736
naval,dune_bayes,2174,mean,0.9676261335611344,0.9809097945690155,0.9881023615598679
naval,dune_bayes,2175,mean,0.9707520604133606,0.9803718328475952,0.9864608883857727
naval,dune_bayes,2176,mean,0.9668603479862213,0.9794067144393921,0.9882570803165436
naval,dune_bayes,2177,mean,0.9677978932857514,0.9810135066509247,0.9881630778312683
naval,dune_bayes,2178,mean,0.9671149790287018,0.9796196222305298,0.9865143030881882
naval,dune_bayes,2179,mean,0.9713850408792496,0.9808154702186584,0.9867796123027801
naval,dune_bayes,2180,mean,0.967850062251091,0.9786461889743805,0.9852491110563278
naval,dune_bayes,2181,mean,0.967959201335907,0.9800490140914917,0.9886312305927276
naval,dune_bayes,2182,mean,0.9557109832763672,0.9739902019500732,0.9839915573596955
naval,dune_bayes,2183,mean,0.9684617280960083,0.9814084768295288,0.9884011059999466
naval,dune_bayes,2184,mean,0.9678180605173111,0.9800605475902557,0.9868041127920151
naval,dune_bayes,2185,mean,0.9806401193141937,0.9872772097587585,0.9919335782527924
naval,dune_bayes,2186,mean,0.9683840841054916,0.9803668558597565,0.9888125389814377
naval,dune_bayes,2187,mean,0.9687876433134079,0.9815927445888519,0.9885164231061936
naval,dune_bayes,2188,mean,0.9682985275983811,0.9803646504878998,0.9870096266269683
naval,dune_bayes,2189,mean,0.9685006707906723,0.9804993271827698,0.9870977401733398
naval,dune_bayes,2190,mean,0.9701651006937027,0.980195552110672,0.9862996101379394
naval,dune_bayes,2191,mean,0.9690169095993042,0.9808457493782043,0.9890831738710404
naval,dune_bayes,2192,mean,0.9488512098789215,0.9703082740306854,0.9825184226036072
naval,dune_bayes,2193,mean,0.9692204087972641,0.9810077846050262,0.9891699314117431
naval,dune_bayes,2194,mean,0.9344293147325515,0.9618686735630035,0.9761899411678314
naval,dune_bayes,2195,mean,0.9676844149827957,0.9829659163951874,0.9916327089071274
naval,dune_bayes,2196,mean,0.9696440041065216,0.982640415430069,0.9898118764162064
naval,dune_bayes,2197,mean,0.9697599023580551,0.9827026426792145,0.9898382097482681
naval,dune_bayes,2198,mean,0.9608230352401733,0.9733632504940033,0.9816802769899369
naval,dune_bayes,2199,mean,0.975773710012436,0.984398365020752,0.990121579170227
naval,dune_bayes,2200,mean,0.9633986115455627,0.977346271276474,0.9871426403522492
naval,dune_bayes,2201,mean,0.9601814776659012,0.9764700531959534,0.985275462269783
naval,dune_bayes,2202,mean,0.9608746826648712,0.9738496541976929,0.9819820195436477
naval,dune_bayes,2203,mean,0.9640019774436951,0.9777285754680634,0.9873513430356979
naval,dune_bayes,2204,mean,0.9495734184980392,0.9710675179958344,0.9827829897403717
naval,dune_bayes,2205,mean,0.9677840560674668,0.9782801270484924,0.9849456906318664
naval,dune_bayes,2206,mean,0.9766883760690689,0.984966516494751,0.9904739499092102
naval,dune_bayes,2207,mean,0.9658758968114853,0.9820848405361176,0.9912784934043884
naval,dune_bayes,2208,mean,0.9681530088186264,0.9785338044166565,0.9851336568593979
naval,dune_bayes,2209,mean,0.9620751231908798,0.9746648669242859,0.9825435042381286
naval,dune_bayes,2210,mean,0.9545107185840607,0.9738281071186066,0.9845506101846695
naval,dune_bayes,2211,mean,0.96263188123703,0.9750683605670929,0.9828176736831665
naval,dune_bayes,2212,mean,0.9631750971078873,0.9754662215709686,0.9830867618322372
naval,dune_bayes,2213,mean,0.9636866390705109,0.9758493304252625,0.9833377987146378
naval,dune_bayes,2214,mean,0.9659334629774093,0.9788627624511719,0.9879320710897446
naval,dune_bayes,2215,mean,0.9698735177516937,0.9797626435756683,0.9860101550817489
naval,dune_bayes,2216,mean,0.966545358300209,0.9824318885803223,0.9914167553186417
naval,dune_bayes,2217,mean,0.9525940597057343,0.971861332654953,0.9825794190168381
naval,dune_bayes,2218,mean,0.9787103831768036,0.9861535727977753,0.9912208437919616
naval,dune_bayes,2219,mean,0.9667891830205917,0.9793782234191895,0.9882203310728073
naval,dune_bayes,2220,mean,0.9663497567176819,0.9776362180709839,0.9845729559659958
naval,dune_bayes,2221,mean,0.9445827692747116,0.9682083427906036,0.980803468823433
naval,dune_bayes,2222,mean,0.9673659175634384,0.9783173501491547,0.9850271850824356
naval,dune_bayes,2223,mean,0.9535553306341171,0.9733981490135193,0.9842345982789993
naval,dune_bayes,2224,mean,0.9548860341310501,0.9734887182712555,0.98358656167984
naval,dune_bayes,2225,mean,0.9717730313539505,0.981082022190094,0.9869718223810195
naval,dune_bayes,2226,mean,0.9671805143356323,0.9827494323253632,0.9915483981370926
naval,dune_bayes,2227,mean,0.9720829457044602,0.981295108795166,0.9871231913566589
naval,dune_bayes,2228,mean,0.9802779734134675,0.9870672523975372,0.9918111354112625
naval,dune_bayes,2229,mean,0.9672877132892609,0.982795387506485,0.9915691465139389
naval,dune_bayes,2230,mean,0.9564123094081879,0.9744640588760376,0.9843464493751526
naval,dune_bayes,2231,mean,0.9685500621795654,0.98146653175354,0.9884375959634781
naval,dune_bayes,2232,mean,0.9723690390586853,0.9814894497394562,0.9872620552778244
naval,dune_bayes,2233,mean,0.9687115579843522,0.9815579652786255,0.988495534658432
naval,dune_bayes,2234,mean,0.9686177015304566,0.9805113971233368,0.9888939946889878
naval,dune_bayes,2235,mean,0.9697060346603393,0.9798921942710876,0.9861007183790207
naval,dune_bayes,2236,mean,0.9642274737358093,0.9799137115478516,0.9884908080101014
naval,dune_bayes,2237,mean,0.9686071366071701,0.980565756559372,0.9871451377868652
naval,dune_bayes,2238,mean,0.9732504397630691,0.9820859134197235,0.98768610060215
naval,dune_bayes,2239,mean,0.9701624721288681,0.9802038669586182,0.9863066613674164
naval,dune_bayes,2240,mean,0.9677918404340744,0.9830294549465179,0.9916726052761078
naval,dune_bayes,2241,mean,0.9613468229770661,0.9774853587150574,0.9865179896354676
naval,dune_bayes,2242,mean,0.9575494974851608,0.9756849706172943,0.9858703374862671
naval,dune_bayes,2243,mean,0.9444078773260116,0.9675345718860626,0.9808212667703629
naval,dune_bayes,2244,mean,0.9759229987859726,0.9845007359981537,0.9901869237422943
naval,dune_bayes,2245,mean,0.9532549411058426,0.9686965048313141,0.9783775299787522
naval,dune_bayes,2246,mean,0.9659413844347,0.982132077217102,0.991307583451271
naval,dune_bayes,2247,mean,0.9552212655544281,0.9741863012313843,0.984828332066536
naval,dune_bayes,2248,mean,0.9697572588920593,0.9826419949531555,0.9899002254009247
naval,dune_bayes,2249,mean,0.9643049776554108,0.9777788519859314,0.9852260500192642
naval,dune_bayes,2250,mean,0.961788210272789,0.974041223526001,0.9821581840515137
naval,dune_bayes,2251,mean,0.9642032027244568,0.977856457233429,0.9874275982379913
naval,dune_bayes,2252,mean,0.9614559829235076,0.9742366373538971,0.9822558850049973
naval,dune_bayes,2253,mean,0.9768299788236618,0.9850638508796692,0.9905347734689712
naval,dune_bayes,2254,mean,0.9565325736999511,0.9751888513565063,0.9854846298694611
naval,dune_bayes,2255,mean,0.9771289527416229,0.9852492213249207,0.9906497716903686
naval,dune_bayes,2256,mean,0.9650647610425949,0.9783060550689697,0.9855989724397659
naval,dune_bayes,2257,mean,0.9774308383464814,0.9854286909103394,0.9907663613557816
naval,dune_bayes,2258,mean,0.9689358949661255,0.9790806174278259,0.9855290681123734
naval,dune_bayes,2259,mean,0.9655093967914581,0.9786276519298553,0.9878335952758789
naval,dune_bayes,2260,mean,0.9575956553220749,0.9757643043994904,0.9859409689903259
naval,dune_bayes,2261,mean,0.96152965426445,0.9772758185863495,0.9857733935117722
naval,dune_bayes,2262,mean,0.9658214747905731,0.9788028299808502,0.9859681993722915
naval,dune_bayes,2263,mean,0.9660391300916672,0.9789539575576782,0.9860742270946503
naval,dune_bayes,2264,mean,0.966424411535263,0.9791659414768219,0.9881022363901139
naval,dune_bayes,2265,mean,0.9667340964078903,0.9793538749217987,0.9881969422101975
naval,dune_bayes,2266,mean,0.9669555306434632,0.98264941573143,0.9915186643600464
naval,dune_bayes,2267,mean,0.9458366394042969,0.9681862592697144,0.9803318440914154
naval,dune_bayes,2268,mean,0.9706145137548446,0.9802781939506531,0.9863832384347916
naval,dune_bayes,2269,mean,0.9667962402105331,0.9794427752494812,0.986393278837204
naval,dune_bayes,2270,mean,0.9540221989154816,0.9729467332363129,0.983240008354187
naval,dune_bayes,2271,mean,0.9545740872621536,0.9733003079891205,0.9834781438112259
naval,dune_bayes,2272,mean,0.9715515345335006,0.9809277057647705,0.9868517726659775
naval,dune_bayes,2273,mean,0.9578247159719467,0.9761166572570801,0.9860411196947098
naval,dune_bayes,2274,mean,0.9724537551403045,0.9815469682216644,0.9872953325510025
naval,dune_bayes,2275,mean,0.9806623160839081,0.9873141348361969,0.9919644206762314
naval,dune_bayes,2276,mean,0.9689544141292572,0.9817028641700745,0.9885873794555664
naval,dune_bayes,2277,mean,0.9684455156326294,0.9804637730121613,0.9870789527893067
naval,dune_bayes,2278,mean,0.9690519660711289,0.9808071553707123,0.9890617966651917
naval,dune_bayes,2279,mean,0.9602158904075623,0.9768675565719604,0.9860717058181763
naval,dune_bayes,2280,mean,0.9686759889125824,0.9806114733219147,0.987178498506546
naval,dune_bayes,2281,mean,0.9692587077617645,0.9809604585170746,0.9891498625278473
naval,dune_bayes,2282,mean,0.9679997444152832,0.9831401705741882,0.9917330265045166
naval,dune_bayes,2283,mean,0.9692709624767304,0.9818853437900543,0.9887004762887954
naval,dune_bayes,2284,mean,0.9689120531082154,0.9807626605033875,0.9872790932655334
naval,dune_bayes,2285,mean,0.9694616556167602,0.9811115264892578,0.9892355799674988
naval,dune_bayes,2286,mean,0.9681007891893387,0.9831909537315369,0.9917537361383438
naval,dune_bayes,2287,mean,0.9638148099184036,0.9796276390552521,0.9883080065250397
naval,dune_bayes,2288,mean,0.9696648746728898,0.9812774956226349,0.989322367310524
naval,dune_bayes,2289,mean,0.9682050943374634,0.9832442402839661,0.9917756199836731
naval,dune_bayes,2290,mean,0.9822899401187897,0.9882836937904358,0.9925633490085601
naval,dune_bayes,2291,mean,0.973506647348404,0.9836131632328033,0.9906286835670471
naval,dune_bayes,2292,mean,0.9636490195989609,0.9788718223571777,0.9875037789344787
naval,dune_bayes,2293,mean,0.9723243832588195,0.9816157221794128,0.9872861504554749
naval,dune_bayes,2294,mean,0.960391241312027,0.9766125977039337,0.9853630602359772
naval,dune_bayes,2295,mean,0.9641310095787048,0.977637767791748,0.9851304411888122
naval,dune_bayes,2296,mean,0.9532136112451554,0.9686832427978516,0.9783604145050049
naval,dune_bayes,2297,mean,0.9662203878164292,0.9822777807712555,0.9913788706064224
naval,dune_bayes,2298,mean,0.9546913087368012,0.9740616679191589,0.9846734583377837
naval,dune_bayes,2299,mean,0.9607890784740448,0.9738098084926605,0.9819619178771972
naval,dune_bayes,2300,mean,0.9644213855266571,0.9779959321022034,0.9875095456838607
naval,dune_bayes,2301,mean,0.9663390010595322,0.9823329448699951,0.9914042860269546
naval,dune_bayes,2302,mean,0.96466024518013,0.978011280298233,0.9853863716125488
naval,dune_bayes,2303,mean,0.9679414957761765,0.9783823192119598,0.9850173026323319
naval,dune_bayes,2304,mean,0.961430013179779,0.9742289483547211,0.9822420179843903
naval,dune_bayes,2305,mean,0.9532499879598617,0.9731168746948242,0.9841021537780762
naval,dune_bayes,2306,mean,0.9772872209548951,0.9853572249412537,0.9907177418470383
naval,dune_bayes,2307,mean,0.9653730988502502,0.9785623550415039,0.9878093212842941
naval,dune_bayes,2308,mean,0.9778719872236252,0.985697865486145,0.9909426480531692
naval,dune_bayes,2309,mean,0.9693535268306732,0.9793736040592194,0.9857401251792908
naval,dune_bayes,2310,mean,0.9595288872718811,0.976964145898819,0.9867672950029374
naval,dune_bayes,2311,mean,0.9647469282150268,0.9765703678131104,0.9838375806808471
naval,dune_bayes,2312,mean,0.9556719869375229,0.9742858409881592,0.9846422880887985
naval,dune_bayes,2313,mean,0.9679089277982712,0.9810789525508881,0.9882176250219346
naval,dune_bayes,2314,mean,0.9671229153871537,0.9796522855758667,0.9865324079990387
naval,dune_bayes,2315,mean,0.9668263554573059,0.9779648780822754,0.9848000645637512
naval,dune_bayes,2316,mean,0.9677956163883209,0.9799781441688538,0.9885836988687515
naval,dune_bayes,2317,mean,0.9675631701946259,0.9829672276973724,0.9916598320007324
naval,dune_bayes,2318,mean,0.9682460248470306,0.9812844395637512,0.988339501619339
naval,dune_bayes,2319,mean,0.9680667966604233,0.9801343977451324,0.9886754304170609
naval,dune_bayes,2320,mean,0.9683381468057632,0.9789633452892303,0.9854742258787155
naval,dune_bayes,2321,mean,0.9805535435676574,0.9872618615627289,0.9919313341379166
naval,dune_bayes,2322,mean,0.9497940897941589,0.9712167680263519,0.9826941549777984
naval,dune_bayes,2323,mean,0.9511408537626267,0.9717071056365967,0.982499098777771
naval,dune_bayes,2324,mean,0.9728273689746857,0.981802225112915,0.9874702960252761
naval,dune_bayes,2325,mean,0.9810311555862427,0.9875507652759552,0.9921114623546601
naval,dune_bayes,2326,mean,0.9584643602371216,0.9765906631946564,0.98632453083992
naval,dune_bayes,2327,mean,0.9690383225679398,0.9817585647106171,0.9886236876249314
naval,dune_bayes,2328,mean,0.9696994036436081,0.9798852205276489,0.9861144036054611
naval,dune_bayes,2329,mean,0.9692574590444565,0.980930894613266,0.9891312658786774
naval,dune_bayes,2330,mean,0.9682023406028748,0.9832510948181152,0.9917915493249894
naval,dune_bayes,2331,mean,0.954947093129158,0.9738485813140869,0.9842132896184921
naval,dune_bayes,2332,mean,0.981510591506958,0.9878409802913666,0.9922886461019516
naval,dune_bayes,2333,mean,0.9689825415611267,0.9808106124401093,0.9873117864131927
naval,dune_bayes,2334,mean,0.9736910104751587,0.9823864996433258,0.98788603246212
naval,dune_bayes,2335,mean,0.9817521125078201,0.9879844486713409,0.9923773765563965
naval,dune_bayes,2336,mean,0.9696878761053085,0.981250524520874,0.9893139958381653
naval,dune_bayes,2337,mean,0.9683974534273148,0.983348548412323,0.9918311059474945
naval,dune_bayes,2338,mean,0.9617801427841186,0.9777492582798004,0.9866775721311569
naval,dune_bayes,2339,mean,0.9698912829160691,0.9814151525497437,0.9894007086753845
naval,dune_bayes,2340,mean,0.9694370567798615,0.9810983538627625,0.9875058740377426
naval,dune_bayes,2341,mean,0.9824288547039032,0.9883823394775391,0.9926254957914352
naval,dune_bayes,2342,mean,0.9624864757061005,0.9787463843822479,0.9877512514591217
naval,dune_bayes,2343,mean,0.9546359330415726,0.9740092754364014,0.984635642170906
naval,dune_bayes,2344,mean,0.977131974697113,0.985259085893631,0.9906648844480515
naval,dune_bayes,2345,mean,0.95519138276577,0.9743544459342957,0.9848497658967972
naval,dune_bayes,2346,mean,0.9611372470855712,0.9770512282848358,0.985641586780548
naval,dune_bayes,2347,mean,0.9684033960103988,0.978696346282959,0.9852489024400711
naval,dune_bayes,2348,mean,0.9666761040687561,0.980895072221756,0.9887513190507888
naval,dune_bayes,2349,mean,0.965557986497879,0.9786819815635681,0.9878818243741989
naval,dune_bayes,2350,mean,0.9676666736602784,0.9814998209476471,0.9891271740198135
naval,dune_bayes,2351,mean,0.9631600350141525,0.9754255712032318,0.9830632537603379
naval,dune_bayes,2352,mean,0.9659985333681107,0.9789088368415833,0.9860273122787475
naval,dune_bayes,2353,mean,0.9665114164352417,0.9792413711547852,0.988176491856575
naval,dune_bayes,2354,mean,0.9578270941972733,0.9760001599788666,0.986045104265213
naval,dune_bayes,2355,mean,0.9668135643005371,0.9794186353683472,0.9882647216320037
naval,dune_bayes,2356,mean,0.9664858758449555,0.9792301654815674,0.9862636625766754
naval,dune_bayes,2357,mean,0.9595701545476913,0.9770446717739105,0.9867653340101242
naval,dune_bayes,2358,mean,0.9793965071439743,0.9866109490394592,0.9915036380290985
naval,dune_bayes,2359,mean,0.9674372106790543,0.9797868430614471,0.9884498298168183
naval,dune_bayes,2360,mean,0.9669719040393829,0.9795564711093903,0.9864750891923905
naval,dune_bayes,2361,mean,0.9799219489097595,0.9869110584259033,0.9917008966207504
naval,dune_bayes,2362,mean,0.9617622375488282,0.9783645868301392,0.9876065164804458
naval,dune_bayes,2363,mean,0.967690858244896,0.9800107181072235,0.9867700546979904
naval,dune_bayes,2364,mean,0.9804193794727325,0.9871954917907715,0.9918873459100723
naval,dune_bayes,2365,mean,0.9806794285774231,0.987350195646286,0.9919862359762192
naval,dune_bayes,2366,mean,0.9681719273328782,0.9832649827003479,0.9918012589216232
naval,dune_bayes,2367,mean,0.9464739441871644,0.9693025052547455,0.9816932886838913
naval,dune_bayes,2368,mean,0.9681759268045426,0.9803075194358826,0.9869677603244782
naval,dune_bayes,2369,mean,0.9468116849660874,0.9695751965045929,0.9816731989383698
naval,dune_bayes,2370,mean,0.9692765682935714,0.9809143841266632,0.9891211479902268
naval,dune_bayes,2371,mean,0.9514372706413269,0.9721717536449432,0.9833044528961181
naval,dune_bayes,2372,mean,0.9546656548976898,0.9737072288990021,0.9840903520584107
naval,dune_bayes,2373,mean,0.969117134809494,0.9818108677864075,0.9886573046445847
naval,dune_bayes,2374,mean,0.9686230659484864,0.9805822968482971,0.9871600091457366
naval,dune_bayes,2375,mean,0.9696978539228439,0.9798879325389862,0.9861186057329178
naval,dune_bayes,2376,mean,0.9688550293445587,0.9807288944721222,0.9872592002153396
naval,dune_bayes,2377,mean,0.9696874797344208,0.9812227487564087,0.9892969042062759
naval,dune_bayes,2378,mean,0.9690813720226288,0.9808725714683533,0.9873566299676895
naval,dune_bayes,2379,mean,0.9652966886758805,0.980433851480484,0.9888383179903031
naval,dune_bayes,2380,mean,0.9820995330810547,0.9881994128227234,0.9925147384405136
naval,dune_bayes,2381,mean,0.9737121403217316,0.9837098717689514,0.9906851381063462
naval,dune_bayes,2382,mean,0.9689946919679642,0.9836559593677521,0.99197116792202
naval,dune_bayes,2383,mean,0.9748789101839066,0.9831974506378174,0.9884700745344162
naval,dune_bayes,2384,mean,0.972320380806923,0.98163703083992,0.9872967928647995
naval,dune_bayes,2385,mean,0.9703261196613312,0.9825301468372345,0.9890851557254791
naval,dune_bayes,2386,mean,0.9753970682621003,0.9835502505302429,0.9887355178594589
naval,dune_bayes,0,precision,45.557696151733396,50.09812545776367,55.251403427124025
naval,dune_bayes,1,precision,45.596839904785156,50.128143310546875,55.264252471923825
naval,dune_bayes,2,precision,39.771674728393556,50.15271759033203,61.20940322875976
naval,dune_bayes,3,precision,36.70401039123535,43.57991600036621,50.194447898864745
naval,dune_bayes,4,precision,38.34221935272217,44.79397773742676,50.88849182128906
naval,dune_bayes,5,precision,43.43112583160401,50.935279846191406,59.34489212036133
naval,dune_bayes,6,precision,36.631937408447264,43.52242469787598,50.170963287353516
naval,dune_bayes,7,precision,45.360636711120605,51.1858024597168,57.127533149719234
naval,dune_bayes,8,precision,43.43944053649902,50.94839859008789,59.34509716033936
naval,dune_bayes,9,precision,39.79954528808594,50.15165328979492,61.21458206176758
naval,dune_bayes,10,precision,38.339514350891115,44.78461456298828,50.89625644683838
naval,dune_bayes,11,precision,36.605844497680664,43.52989387512207,50.171287536621094
naval,dune_bayes,12,precision,36.492123413085935,43.47116661071777,50.08249225616454
naval,dune_bayes,13,precision,38.33673801422119,44.77194786071777,50.908644676208496
naval,dune_bayes,14,precision,39.85194339752197,50.14829444885254,61.225203895568846
naval,dune_bayes,15,precision,36.423086166381836,43.447031021118164,50.071598815917966
naval,dune_bayes,16,precision,44.42088794708252,48.705345153808594,53.51436538696288
naval,dune_bayes,17,precision,41.54032859802246,46.773948669433594,52.087446975708005
naval,dune_bayes,18,precision,45.67633686065674,50.19780158996582,55.25751438140869
naval,dune_bayes,19,precision,43.53629112243652,50.9643497467041,59.34595985412598
naval,dune_bayes,20,precision,39.88031520843506,50.14650535583496,61.22886657714844
naval,dune_bayes,21,precision,43.5681396484375,50.994760513305664,59.33356647491455
naval,dune_bayes,22,precision,38.33078174591064,44.77575492858887,50.96592979431152
naval,dune_bayes,23,precision,43.58419570922852,51.00718879699707,59.326713180541994
naval,dune_bayes,24,precision,44.46610507965088,48.74068260192871,53.53390369415282
naval,dune_bayes,25,precision,39.93301372528076,50.14376449584961,61.24006862640381
naval,dune_bayes,26,precision,41.54130954742432,46.775360107421875,52.09179859161377
naval,dune_bayes,27,precision,39.94793529510498,50.14911079406738,61.24239807128906
naval,dune_bayes,28,precision,45.783193588256836,50.27015686035156,55.26344738006592
naval,dune_bayes,29,precision,43.63260955810547,51.023502349853516,59.3077127456665
naval,dune_bayes,30,precision,34.138444900512695,41.90284538269043,49.29211120605468
naval,dune_bayes,31,precision,45.56966590881348,51.27548408508301,57.16510639190673
naval,dune_bayes,32,precision,39.9757776260376,50.159759521484375,61.24799213409424
naval,dune_bayes,33,precision,35.9280179977417,43.163330078125,49.91726627349853
naval,dune_bayes,34,precision,40.00290451049805,50.169677734375,61.253103256225586
naval,dune_bayes,35,precision,44.495032691955565,48.81079864501953,53.58321838378906
naval,dune_bayes,36,precision,45.61609573364258,51.29668998718262,57.164084815979
naval,dune_bayes,37,precision,43.69769401550293,51.03117752075195,59.283284187316895
naval,dune_bayes,38,precision,41.59120483398438,46.77777099609375,52.11585674285889
naval,dune_bayes,39,precision,38.31971035003662,44.840742111206055,51.0266544342041
naval,dune_bayes,40,precision,45.66538410186767,51.34252166748047,57.21692657470703
naval,dune_bayes,41,precision,38.31847629547119,44.8449821472168,51.030683708190914
naval,dune_bayes,42,precision,44.47666683197021,48.83982276916504,53.661060905456544
naval,dune_bayes,43,precision,35.659361839294434,43.084999084472656,49.91229248046874
naval,dune_bayes,44,precision,33.963389015197755,41.98935317993164,49.76373653411865
naval,dune_bayes,45,precision,41.546959686279294,46.72452735900879,52.05592594146728
naval,dune_bayes,46,precision,43.423478507995604,50.90705490112305,59.34833278656006
naval,dune_bayes,47,precision,44.27799205780029,48.66079139709473,53.475666427612296
naval,dune_bayes,48,precision,39.77781467437744,50.16425895690918,61.217406272888184
naval,dune_bayes,49,precision,45.346865272521974,51.1812858581543,57.125308990478516
naval,dune_bayes,50,precision,43.43982563018799,50.93332862854004,59.34877243041992
naval,dune_bayes,51,precision,44.31687183380127,48.6723690032959,53.4855447769165
naval,dune_bayes,52,precision,45.67526569366455,50.19056510925293,55.26768856048584
naval,dune_bayes,53,precision,43.48865642547607,50.97967338562012,59.36420154571533
naval,dune_bayes,54,precision,39.84265689849853,50.15690803527832,61.232444190979
naval,dune_bayes,55,precision,41.54212131500244,46.77275276184082,52.09612827301025
naval,dune_bayes,56,precision,44.412895393371585,48.70715522766113,53.50861549377441
naval,dune_bayes,57,precision,36.35165958404541,43.389326095581055,50.013161659240716
naval,dune_bayes,58,precision,41.54177398681641,46.775522232055664,52.09514827728272
naval,dune_bayes,59,precision,44.423318481445314,48.71179962158203,53.5133029937744
naval,dune_bayes,60,precision,35.49203815460205,42.99297523498535,50.3927095413208
naval,dune_bayes,61,precision,35.92853755950928,43.04475021362305,50.19935874938964
naval,dune_bayes,62,precision,45.70869731903076,50.20798301696777,55.26023006439209
naval,dune_bayes,63,precision,35.86792392730713,42.91839408874512,50.08834400177001
naval,dune_bayes,64,precision,36.183230590820315,43.35257530212402,49.97905197143554
naval,dune_bayes,65,precision,43.5863073348999,51.007917404174805,59.332876396179195
naval,dune_bayes,66,precision,39.922760009765625,50.15096092224121,61.24784355163574
naval,dune_bayes,67,precision,44.462070083618165,48.73844337463379,53.528909492492666
naval,dune_bayes,68,precision,43.60215950012207,51.017221450805664,59.32780513763428
naval,dune_bayes,69,precision,41.542338371276855,46.77836036682129,52.084251403808594
naval,dune_bayes,70,precision,45.55508098602295,51.27239418029785,57.18795299530029
naval,dune_bayes,71,precision,44.505891990661624,48.77688217163086,53.539060401916494
naval,dune_bayes,72,precision,45.79882698059082,50.27839279174805,55.26945781707764
naval,dune_bayes,73,precision,43.650496101379396,51.03335380554199,59.308879089355464
naval,dune_bayes,74,precision,45.816993141174315,50.287946701049805,55.269612884521486
naval,dune_bayes,75,precision,41.58375568389893,46.78119087219238,52.10467376708984
naval,dune_bayes,76,precision,45.85344696044922,50.291133880615234,55.2505163192749
naval,dune_bayes,77,precision,45.61875400543213,51.29959678649902,57.16316032409667
naval,dune_bayes,78,precision,45.87188873291016,50.29054069519043,55.24580707550049
naval,dune_bayes,79,precision,41.591307640075684,46.78271675109863,52.11330184936523
naval,dune_bayes,80,precision,40.05055961608887,50.196075439453125,61.26950473785401
naval,dune_bayes,81,precision,43.74848346710205,51.04658317565918,59.27464618682861
naval,dune_bayes,82,precision,40.06321144104004,50.2013053894043,61.271493148803714
naval,dune_bayes,83,precision,44.481227493286134,48.840105056762695,53.654533576965335
naval,dune_bayes,84,precision,45.72553730010986,51.37087821960449,57.24050102233887
naval,dune_bayes,85,precision,33.95929851531982,41.985002517700195,49.75302028656006
naval,dune_bayes,86,precision,41.54763259887695,46.73190116882324,52.06630878448486
naval,dune_bayes,87,precision,43.44192657470703,50.91705894470215,59.351779747009275
naval,dune_bayes,88,precision,38.344612503051756,44.804481506347656,50.88135604858398
naval,dune_bayes,89,precision,41.547396659851074,46.74329376220703,52.07170524597168
naval,dune_bayes,90,precision,44.3276065826416,48.67842483520508,53.48458766937255
naval,dune_bayes,91,precision,45.63944416046142,50.15942573547363,55.271969413757326
naval,dune_bayes,92,precision,39.82218017578125,50.17128944396973,61.234625816345215
naval,dune_bayes,93,precision,45.661044883728025,50.17061424255371,55.27320327758789
naval,dune_bayes,94,precision,43.473883056640624,50.96961975097656,59.352675437927246
naval,dune_bayes,95,precision,36.49404716491699,43.46017265319824,50.088620567321776
naval,dune_bayes,96,precision,44.36709041595459,48.698843002319336,53.49460659027098
naval,dune_bayes,97,precision,45.678195571899415,50.1900577545166,55.27124729156494
naval,dune_bayes,98,precision,36.39379692077637,43.40402030944824,50.00833168029785
naval,dune_bayes,99,precision,44.38638687133789,48.703224182128906,53.49897556304931
naval,dune_bayes,100,precision,45.67598114013672,50.1942253112793,55.271874237060544
naval,dune_bayes,101,precision,38.33670654296875,44.77150344848633,50.91737957000732
naval,dune_bayes,102,precision,41.54352951049805,46.778594970703125,52.10240592956543
naval,dune_bayes,103,precision,45.46094989776611,51.21504592895508,57.254339599609374
naval,dune_bayes,104,precision,38.33574810028076,44.77147674560547,50.929370117187496
naval,dune_bayes,105,precision,45.47821750640869,51.21982383728027,57.25449562072754
naval,dune_bayes,106,precision,39.902285194396974,50.1612491607666,61.250634765625
naval,dune_bayes,107,precision,35.51880435943603,43.00750541687012,50.37790794372558
naval,dune_bayes,108,precision,38.33528594970703,44.77248001098633,50.93979797363281
naval,dune_bayes,109,precision,43.57122535705567,50.990150451660156,59.34791564941406
naval,dune_bayes,110,precision,35.669653511047365,43.04630088806152,50.308183860778804
naval,dune_bayes,111,precision,36.11092643737793,43.302785873413086,49.9501760482788
naval,dune_bayes,112,precision,44.45801486968994,48.74098014831543,53.523906707763665
naval,dune_bayes,113,precision,35.776237678527835,42.79131507873535,49.93771286010742
naval,dune_bayes,114,precision,38.3321647644043,44.773193359375,50.97362308502197
naval,dune_bayes,115,precision,41.54349594116211,46.78611946105957,52.08223457336425
naval,dune_bayes,116,precision,45.54194221496582,51.26623725891113,57.21098747253418
naval,dune_bayes,117,precision,41.54424686431885,46.78146743774414,52.086042404174805
naval,dune_bayes,118,precision,35.91620864868164,43.17771530151367,49.90422782897948
naval,dune_bayes,119,precision,41.55453014373779,46.779014587402344,52.08983669281005
naval,dune_bayes,120,precision,45.814453506469725,50.287038803100586,55.27708206176758
naval,dune_bayes,121,precision,38.32687931060791,44.804141998291016,51.01742954254151
naval,dune_bayes,122,precision,45.60573596954346,51.29805564880371,57.16304454803466
naval,dune_bayes,123,precision,35.788587951660155,43.1373291015625,49.8694854736328
naval,dune_bayes,124,precision,40.02786922454834,50.19669532775879,61.274051666259766
naval,dune_bayes,125,precision,33.926404762268064,42.02453804016113,49.866797256469724
naval,dune_bayes,126,precision,41.58829765319824,46.7857666015625,52.1023452758789
naval,dune_bayes,127,precision,45.86923885345459,50.29400825500488,55.25014953613281
naval,dune_bayes,128,precision,43.71803302764893,51.04806709289551,59.291523933410645
naval,dune_bayes,129,precision,44.496456909179685,48.82675743103027,53.60750827789306
naval,dune_bayes,130,precision,45.65206718444824,51.33067321777344,57.19753437042236
naval,dune_bayes,131,precision,41.59102516174316,46.7880744934082,52.113579750061035
naval,dune_bayes,132,precision,45.90732841491699,50.32296943664551,55.23758087158203
naval,dune_bayes,133,precision,40.082222366333006,50.217281341552734,61.28493728637695
naval,dune_bayes,134,precision,38.31930694580078,44.835798263549805,51.03934116363525
naval,dune_bayes,135,precision,45.7044979095459,51.36403465270996,57.24810523986817
naval,dune_bayes,136,precision,45.91687278747558,50.32952117919922,55.2087516784668
naval,dune_bayes,137,precision,36.72108325958252,43.565420150756836,50.22242183685303
naval,dune_bayes,138,precision,45.5921049118042,50.12817192077637,55.27907047271729
naval,dune_bayes,139,precision,45.611436462402345,50.143842697143555,55.277350616455074
naval,dune_bayes,140,precision,39.81053924560547,50.18630027770996,61.241932487487794
naval,dune_bayes,141,precision,45.63119640350342,50.15712928771973,55.27733688354492
naval,dune_bayes,142,precision,38.34231739044189,44.800973892211914,50.89562988281249
naval,dune_bayes,143,precision,45.65222091674805,50.166669845581055,55.27795372009277
naval,dune_bayes,144,precision,41.54667987823486,46.76937484741211,52.09690132141113
naval,dune_bayes,145,precision,34.311642456054685,42.52518272399902,50.28263034820556
naval,dune_bayes,146,precision,45.675516510009764,50.20427131652832,55.27483596801758
naval,dune_bayes,147,precision,43.540204238891604,50.98388481140137,59.36353740692139
naval,dune_bayes,148,precision,36.33672657012939,43.3813591003418,50.00285263061523
naval,dune_bayes,149,precision,44.42483406066894,48.71836853027344,53.50720653533934
naval,dune_bayes,150,precision,39.90573844909668,50.17483901977539,61.261155891418454
naval,dune_bayes,151,precision,44.42719841003418,48.72420120239258,53.511647224426255
naval,dune_bayes,152,precision,41.54427642822266,46.7856559753418,52.09786682128906
naval,dune_bayes,153,precision,45.51215934753418,51.235090255737305,57.244598960876466
naval,dune_bayes,154,precision,43.58863162994385,51.002708435058594,59.350388526916504
naval,dune_bayes,155,precision,45.73809642791748,50.23387336730957,55.26822509765625
naval,dune_bayes,156,precision,35.90326366424561,42.88669013977051,50.09939785003662
naval,dune_bayes,157,precision,41.545272254943846,46.78983688354492,52.08155422210693
naval,dune_bayes,158,precision,39.988578414916994,50.19215202331543,61.27630348205567
naval,dune_bayes,159,precision,41.559258460998535,46.78655815124512,52.08756713867187
naval,dune_bayes,160,precision,43.68675689697265,51.050960540771484,59.30983753204345
naval,dune_bayes,161,precision,38.3266357421875,44.80473327636719,51.02087326049805
naval,dune_bayes,162,precision,40.03220138549805,50.208112716674805,61.28390693664551
naval,dune_bayes,163,precision,38.32553062438965,44.8067684173584,51.027584075927734
naval,dune_bayes,164,precision,45.638839912414554,51.31903839111328,57.17843532562255
naval,dune_bayes,165,precision,40.045297622680664,50.21287727355957,61.286506271362306
naval,dune_bayes,166,precision,33.875084495544435,41.93448829650879,49.688667106628415
naval,dune_bayes,167,precision,41.593960762023926,46.78891944885254,52.09880352020264
naval,dune_bayes,168,precision,40.07295913696289,50.2235050201416,61.2921178817749
naval,dune_bayes,169,precision,38.321397590637204,44.82846260070801,51.04353656768799
naval,dune_bayes,170,precision,45.917411422729494,50.32791519165039,55.23482685089111
naval,dune_bayes,171,precision,45.721917915344235,51.37526321411133,57.253622436523436
naval,dune_bayes,172,precision,34.30092220306396,42.509260177612305,50.302431106567376
naval,dune_bayes,173,precision,45.76280040740967,51.38162422180176,57.25310020446777
naval,dune_bayes,174,precision,36.59863758087158,43.49155235290527,50.09077606201171
naval,dune_bayes,175,precision,41.549204635620114,46.74577522277832,52.08532009124756
naval,dune_bayes,176,precision,44.291259574890134,48.67775344848633,53.4690309524536
naval,dune_bayes,177,precision,45.367149925231935,51.192121505737305,57.135562324523924
naval,dune_bayes,178,precision,43.47637672424317,50.93973731994629,59.35900955200195
naval,dune_bayes,179,precision,38.34477710723877,44.8092041015625,50.89403953552246
naval,dune_bayes,180,precision,41.548698806762694,46.75712013244629,52.09063987731933
naval,dune_bayes,181,precision,38.34327144622803,44.80678939819336,50.897760200500485
naval,dune_bayes,182,precision,41.5485294342041,46.76839256286621,52.09593124389648
naval,dune_bayes,183,precision,43.492777252197264,50.96610450744629,59.3594425201416
naval,dune_bayes,184,precision,38.34296798706055,44.80351638793945,50.90235805511474
naval,dune_bayes,185,precision,41.549014472961424,46.772268295288086,52.107641983032224
naval,dune_bayes,186,precision,45.43193244934082,51.22161102294922,57.22116203308105
naval,dune_bayes,187,precision,38.34056377410889,44.79006385803223,50.9095531463623
naval,dune_bayes,188,precision,36.1552209854126,43.30973243713379,49.939699935913076
naval,dune_bayes,189,precision,38.34015407562256,44.78547286987305,50.91404647827148
naval,dune_bayes,190,precision,38.337582397460935,44.77834701538086,50.91517581939697
naval,dune_bayes,191,precision,41.5462308883667,46.77495574951172,52.11347217559815
naval,dune_bayes,192,precision,45.68229598999024,50.20570945739746,55.27978515624999
naval,dune_bayes,193,precision,45.48066387176514,51.22077941894531,57.26849937438965
naval,dune_bayes,194,precision,43.55720462799072,50.98689270019531,59.36602649688721
naval,dune_bayes,195,precision,36.13619117736816,43.29380226135254,49.94050521850585
naval,dune_bayes,196,precision,43.57358875274658,50.98343467712402,59.35990676879883
naval,dune_bayes,197,precision,35.03847599029541,42.86989974975586,50.305112457275385
naval,dune_bayes,198,precision,36.04677677154541,43.253408432006836,49.911710357666
naval,dune_bayes,199,precision,45.75280990600586,50.24885177612305,55.2718463897705
naval,dune_bayes,200,precision,45.54569206237793,51.255496978759766,57.2311206817627
naval,dune_bayes,201,precision,43.622901153564456,51.03149223327637,59.34266204833984
naval,dune_bayes,202,precision,39.9778112411499,50.19783020019531,61.284111976623535
naval,dune_bayes,203,precision,44.49490222930908,48.76459312438965,53.52407073974609
naval,dune_bayes,204,precision,45.790161514282225,50.271135330200195,55.26786804199219
naval,dune_bayes,205,precision,38.330335807800296,44.78385925292969,50.99334259033203
naval,dune_bayes,206,precision,41.54568176269531,46.79459571838379,52.08409481048584
naval,dune_bayes,207,precision,43.67177028656006,51.051551818847656,59.3233247756958
naval,dune_bayes,208,precision,35.752630424499515,43.123239517211914,49.846037864685044
naval,dune_bayes,209,precision,41.563913345336914,46.79399871826172,52.08524436950683
naval,dune_bayes,210,precision,44.50665493011475,48.80037307739258,53.55365333557128
naval,dune_bayes,211,precision,40.05057353973389,50.223941802978516,61.2962833404541
naval,dune_bayes,212,precision,41.58766040802002,46.790964126586914,52.09283447265624
naval,dune_bayes,213,precision,45.672366523742674,51.351295471191406,57.21286334991455
naval,dune_bayes,214,precision,40.07878704071045,50.23407745361328,61.300439262390135
naval,dune_bayes,215,precision,45.91786880493164,50.32765769958496,55.25707893371582
naval,dune_bayes,216,precision,45.9222957611084,50.33036422729492,55.247709083557126
naval,dune_bayes,217,precision,45.704291915893556,51.36682891845703,57.24777545928955
naval,dune_bayes,218,precision,34.027779769897464,42.28144836425781,50.09152450561523
naval,dune_bayes,219,precision,43.80431442260742,51.07376670837402,59.31121673583984
naval,dune_bayes,220,precision,34.18978214263916,42.46364212036133,50.29061489105224
naval,dune_bayes,221,precision,35.564225578308104,43.10411262512207,50.115763092041014
naval,dune_bayes,222,precision,45.778120803833005,51.382184982299805,57.26230201721191
naval,dune_bayes,223,precision,36.48427124023438,43.44378089904785,50.091617774963375
naval,dune_bayes,224,precision,45.614682579040526,50.14942169189453,55.28670425415039
naval,dune_bayes,225,precision,33.98739452362061,41.90665626525879,49.38312549591064
naval,dune_bayes,226,precision,33.96245193481445,42.00609588623047,49.83622016906738
naval,dune_bayes,227,precision,36.45343914031982,43.430686950683594,50.08649101257324
naval,dune_bayes,228,precision,44.34215755462647,48.69654083251953,53.47791938781737
naval,dune_bayes,229,precision,45.65446090698242,50.17138671875,55.28673686981201
naval,dune_bayes,230,precision,43.51027221679688,50.977657318115234,59.362532997131346
naval,dune_bayes,231,precision,34.08710918426514,42.16838836669922,49.986337280273425
naval,dune_bayes,232,precision,44.36144618988037,48.70747184753418,53.482804870605456
naval,dune_bayes,233,precision,39.8725399017334,50.20591163635254,61.27126560211182
naval,dune_bayes,234,precision,36.31641902923584,43.339420318603516,49.976441574096675
naval,dune_bayes,235,precision,34.26635913848877,42.48555564880371,50.27795658111572
naval,dune_bayes,236,precision,36.24050807952881,43.339908599853516,49.961277770996084
naval,dune_bayes,237,precision,45.46512680053711,51.22476005554199,57.2664155960083
naval,dune_bayes,238,precision,43.54183006286621,50.99707221984863,59.3791410446167
naval,dune_bayes,239,precision,39.89852180480957,50.202884674072266,61.27786483764648
naval,dune_bayes,240,precision,45.69700031280517,50.21049880981445,55.283248329162596
naval,dune_bayes,241,precision,41.547312355041505,46.786556243896484,52.112772941589355
naval,dune_bayes,242,precision,39.94065494537354,50.19757843017578,61.284783554077144
naval,dune_bayes,243,precision,41.54714488983154,46.79167366027832,52.10875225067139
naval,dune_bayes,244,precision,35.93954696655273,43.186859130859375,49.88637943267821
naval,dune_bayes,245,precision,41.545800590515135,46.79633903503418,52.103819847106934
naval,dune_bayes,246,precision,38.33408451080322,44.77196502685547,50.96346721649169
naval,dune_bayes,247,precision,41.54630374908447,46.797006607055664,52.09975833892822
naval,dune_bayes,248,precision,45.768338203430176,50.25704574584961,55.276784324645995
naval,dune_bayes,249,precision,43.64041919708252,51.04467964172363,59.34348735809326
naval,dune_bayes,250,precision,35.798813819885254,43.12569618225098,49.85074710845946
naval,dune_bayes,251,precision,40.01094627380371,50.219112396240234,61.298256111145015
naval,dune_bayes,252,precision,35.78135585784912,42.799991607666016,49.96127281188964
naval,dune_bayes,253,precision,35.727501678466794,43.11370849609375,49.83484039306639
naval,dune_bayes,254,precision,44.51115455627441,48.7968864440918,53.545393180847164
naval,dune_bayes,255,precision,38.3291898727417,44.800655364990234,51.018347358703615
naval,dune_bayes,256,precision,45.64366855621338,51.33015060424805,57.175479316711424
naval,dune_bayes,257,precision,34.72030181884766,42.099239349365234,49.244408798217776
naval,dune_bayes,258,precision,45.65883884429932,51.34111213684082,57.1932611465454
naval,dune_bayes,259,precision,34.325999641418456,42.01365661621094,49.292505455017086
naval,dune_bayes,260,precision,45.89770660400391,50.30840301513672,55.26426963806152
naval,dune_bayes,261,precision,41.59804916381836,46.792724609375,52.101984024047844
naval,dune_bayes,262,precision,45.915900993347165,50.32383155822754,55.26322765350342
naval,dune_bayes,263,precision,40.09574718475342,50.250688552856445,61.31425743103027
naval,dune_bayes,264,precision,45.92685947418213,50.33515548706055,55.2591552734375
naval,dune_bayes,265,precision,38.32222652435303,44.81622314453125,51.05211982727051
naval,dune_bayes,266,precision,45.931292343139646,50.33659744262695,55.245711135864255
naval,dune_bayes,267,precision,38.32161026000976,44.82159233093262,51.05568447113037
naval,dune_bayes,268,precision,45.940439796447755,50.33938789367676,55.21535530090332
naval,dune_bayes,269,precision,45.76135196685791,51.39338302612305,57.26952934265137
naval,dune_bayes,270,precision,34.177263259887695,42.463741302490234,50.28889274597168
naval,dune_bayes,271,precision,34.228309059143065,42.48092079162598,50.29586563110351
naval,dune_bayes,272,precision,38.31834392547607,44.83131408691406,51.06697177886963
naval,dune_bayes,273,precision,43.8725082397461,51.093971252441406,59.36382598876953
naval,dune_bayes,274,precision,38.346703338623044,44.80772018432617,50.90539073944091
naval,dune_bayes,275,precision,45.39687099456787,51.20637130737305,57.17676010131836
naval,dune_bayes,276,precision,43.52060604095459,50.97442626953125,59.36581401824951
naval,dune_bayes,277,precision,41.55085430145264,46.77294731140137,52.116259765625
naval,dune_bayes,278,precision,44.352517700195314,48.709394454956055,53.477358627319326
naval,dune_bayes,279,precision,45.66636161804199,50.179927825927734,55.29084854125976
naval,dune_bayes,280,precision,34.05624866485596,42.26618194580078,50.0545949935913
naval,dune_bayes,281,precision,44.37191581726074,48.71356201171875,53.48176746368407
naval,dune_bayes,282,precision,45.68234233856201,50.20068359375,55.290825843811035
naval,dune_bayes,283,precision,43.5366247177124,51.00082969665527,59.36930046081543
naval,dune_bayes,284,precision,39.89016342163086,50.21749305725098,61.28255367279053
naval,dune_bayes,285,precision,34.07567386627197,42.36957550048828,50.25500049591064
naval,dune_bayes,286,precision,45.68141746520996,50.203887939453125,55.28966236114501
naval,dune_bayes,287,precision,45.46707057952881,51.22776412963867,57.267051696777344
naval,dune_bayes,288,precision,43.544809913635255,51.00393104553223,59.386216735839845
naval,dune_bayes,289,precision,39.90324115753174,50.21585655212402,61.2857458114624
naval,dune_bayes,290,precision,44.4100643157959,48.72270202636719,53.49123229980467
naval,dune_bayes,291,precision,45.50023212432861,51.22635269165039,57.282422828674314
naval,dune_bayes,292,precision,44.428316307067874,48.731788635253906,53.50000801086424
naval,dune_bayes,293,precision,45.51655807495117,51.2278938293457,57.276735877990724
naval,dune_bayes,294,precision,45.5326545715332,51.23022651672363,57.26538944244385
naval,dune_bayes,295,precision,39.95713367462158,50.20869064331055,61.29706916809082
naval,dune_bayes,296,precision,41.54817771911621,46.79354667663574,52.11217765808105
naval,dune_bayes,297,precision,45.74705257415771,50.24382209777832,55.28460922241211
naval,dune_bayes,298,precision,39.973828125,50.21330261230469,61.298655319213864
naval,dune_bayes,299,precision,39.98695697784424,50.2189884185791,61.30229873657226
naval,dune_bayes,300,precision,35.187025260925296,42.90887641906738,50.42699012756347
naval,dune_bayes,301,precision,38.33399887084961,44.77215385437012,50.966807174682614
naval,dune_bayes,302,precision,41.54798355102539,46.80636405944824,52.099047088623045
naval,dune_bayes,303,precision,45.80264415740967,50.2767333984375,55.279299354553224
naval,dune_bayes,304,precision,44.51648597717285,48.781044006347656,53.53662281036376
naval,dune_bayes,305,precision,44.51568489074707,48.7923469543457,53.542382812499994
naval,dune_bayes,306,precision,35.66036796569824,43.09112548828125,49.89415836334227
naval,dune_bayes,307,precision,45.858086585998535,50.3096923828125,55.29173202514649
naval,dune_bayes,308,precision,40.057411193847656,50.24587821960449,61.31575603485108
naval,dune_bayes,309,precision,43.74162769317627,51.079891204833984,59.31718940734863
naval,dune_bayes,310,precision,34.60446739196777,42.113739013671875,49.19828186035156
naval,dune_bayes,311,precision,45.676880264282225,51.3538761138916,57.209887695312496
naval,dune_bayes,312,precision,35.595557594299315,43.10081100463867,50.052076911926264
naval,dune_bayes,313,precision,45.913168334960936,50.321821212768555,55.2674991607666
naval,dune_bayes,314,precision,41.598412322998044,46.79740905761719,52.11184959411621
naval,dune_bayes,315,precision,45.93691864013672,50.33875846862793,55.25662612915039
naval,dune_bayes,316,precision,35.58274898529053,43.10820960998535,50.11851196289062
naval,dune_bayes,317,precision,35.572648239135745,43.12187957763672,50.12202129364014
naval,dune_bayes,318,precision,41.59387340545654,46.80955505371094,52.126946449279785
naval,dune_bayes,319,precision,43.841013717651364,51.09477424621582,59.34817333221435
naval,dune_bayes,320,precision,44.49161167144776,48.86769676208496,53.65340518951416
naval,dune_bayes,321,precision,45.957594299316405,50.34063911437988,55.215956687927246
naval,dune_bayes,322,precision,45.77888584136963,51.39948844909668,57.27719268798828
naval,dune_bayes,323,precision,45.79925270080567,51.38345146179199,57.277120590209954
naval,dune_bayes,324,precision,41.553046989440915,46.767982482910156,52.11466388702392
naval,dune_bayes,325,precision,45.63790092468262,50.16975784301758,55.29609203338623
naval,dune_bayes,326,precision,39.8681245803833,50.23421096801758,61.28541889190674
naval,dune_bayes,327,precision,38.345831298828124,44.80885314941406,50.9157636642456
naval,dune_bayes,328,precision,45.657883644104004,50.17782783508301,55.296128273010254
naval,dune_bayes,329,precision,39.881238555908205,50.2326602935791,61.288760566711424
naval,dune_bayes,330,precision,39.89269371032715,50.23085403442383,61.293127822875974
naval,dune_bayes,331,precision,34.01981658935547,42.01894760131836,49.87218570709228
naval,dune_bayes,332,precision,45.68300247192383,50.205055236816406,55.29491748809814
naval,dune_bayes,333,precision,45.46899070739746,51.23057174682617,57.26763687133789
naval,dune_bayes,334,precision,45.681914710998534,50.20815467834473,55.29491710662841
naval,dune_bayes,335,precision,45.502255821228026,51.22981834411621,57.28982448577881
naval,dune_bayes,336,precision,43.57651958465576,51.00114822387695,59.3806510925293
naval,dune_bayes,337,precision,34.26105499267578,42.47623252868652,50.2750576019287
naval,dune_bayes,338,precision,36.0012508392334,43.24259948730469,49.88907222747802
naval,dune_bayes,339,precision,45.708792495727536,50.21822547912598,55.2925573348999
naval,dune_bayes,340,precision,43.59318027496338,50.99662971496582,59.373886299133304
naval,dune_bayes,341,precision,39.94679946899414,50.223920822143555,61.30435924530029
naval,dune_bayes,342,precision,39.96128330230713,50.22295951843262,61.30626544952393
naval,dune_bayes,343,precision,45.55053539276123,51.23557662963867,57.26408920288086
naval,dune_bayes,344,precision,45.56612777709961,51.25127029418945,57.25173149108887
naval,dune_bayes,345,precision,39.99029026031494,50.22931098937988,61.31124515533447
naval,dune_bayes,346,precision,35.83441944122315,43.136192321777344,49.85091056823729
naval,dune_bayes,347,precision,38.335022926330566,44.771432876586914,50.96006965637207
naval,dune_bayes,348,precision,45.799539184570314,50.27397155761719,55.283132743835445
naval,dune_bayes,349,precision,35.76520175933838,43.04424285888672,50.271627998352045
naval,dune_bayes,350,precision,41.54968070983887,46.812116622924805,52.097789955139156
naval,dune_bayes,351,precision,45.83669929504394,50.29599571228027,55.281182289123535
naval,dune_bayes,352,precision,40.048356437683104,50.2512321472168,61.32234191894531
naval,dune_bayes,353,precision,44.51560592651367,48.80338668823242,53.5525218963623
naval,dune_bayes,354,precision,45.855128860473634,50.30706787109375,55.28555545806885
naval,dune_bayes,355,precision,35.817294120788574,42.86015319824219,50.08439273834228
naval,dune_bayes,356,precision,40.07839813232422,50.26133346557617,61.326515388488765
naval,dune_bayes,357,precision,41.5806339263916,46.80880355834961,52.104818153381345
naval,dune_bayes,358,precision,45.89188804626465,50.31558609008789,55.28696403503418
naval,dune_bayes,359,precision,43.75976638793945,51.08927345275879,59.330393409729005
naval,dune_bayes,360,precision,40.09015121459961,50.26703071594238,61.33078117370606
naval,dune_bayes,361,precision,34.721630859375,42.121665954589844,49.257294464111325
naval,dune_bayes,362,precision,41.59921493530273,46.80198860168457,52.12112064361572
naval,dune_bayes,363,precision,44.50143241882324,48.86028289794922,53.66721801757812
naval,dune_bayes,364,precision,40.14787368774414,50.2877311706543,61.34058094024658
naval,dune_bayes,365,precision,35.58701667785645,43.113800048828125,50.122557067871085
naval,dune_bayes,366,precision,38.32117462158203,44.81453895568848,51.06814002990723
naval,dune_bayes,367,precision,41.594604873657225,46.81128692626953,52.136159324645995
naval,dune_bayes,368,precision,45.77876777648926,51.4049186706543,57.28303070068359
naval,dune_bayes,369,precision,40.17761707305908,50.298200607299805,61.34511737823486
naval,dune_bayes,370,precision,44.490257835388185,48.87226676940918,53.65000286102295
naval,dune_bayes,371,precision,34.15179653167725,42.435224533081055,50.28123378753662
naval,dune_bayes,372,precision,41.76867198944092,46.97423553466797,52.24057559967041
naval,dune_bayes,373,precision,45.80996036529541,51.38885498046875,57.282099342346186
naval,dune_bayes,374,precision,43.54657325744629,50.98369789123535,59.372541618347164
naval,dune_bayes,375,precision,35.222292518615724,42.37112617492676,49.43954048156738
naval,dune_bayes,376,precision,39.8974630355835,50.24358940124512,61.30143928527832
naval,dune_bayes,377,precision,38.34497547149658,44.80751991271973,50.92603511810302
naval,dune_bayes,378,precision,44.37467460632324,48.72033882141113,53.4756980895996
naval,dune_bayes,379,precision,45.684611320495605,50.20547294616699,55.300176239013666
naval,dune_bayes,380,precision,43.563422966003415,51.01015663146973,59.3757604598999
naval,dune_bayes,381,precision,45.683539390563965,50.20929527282715,55.30027980804443
naval,dune_bayes,382,precision,38.34206008911133,44.801456451416016,50.93163585662841
naval,dune_bayes,383,precision,43.580511474609374,51.007761001586914,59.387621307373045
naval,dune_bayes,384,precision,44.42860927581787,48.738237380981445,53.496409416198716
naval,dune_bayes,385,precision,39.950615310668944,50.23798370361328,61.31365432739258
naval,dune_bayes,386,precision,45.535830116271974,51.23312568664551,57.28563823699951
naval,dune_bayes,387,precision,39.965960311889646,50.23587226867676,61.3148042678833
naval,dune_bayes,388,precision,38.33909950256348,44.78554153442383,50.94293880462646
naval,dune_bayes,389,precision,45.74107494354248,50.23745346069336,55.29473476409912
naval,dune_bayes,390,precision,44.47692584991455,48.7619571685791,53.52461471557616
naval,dune_bayes,391,precision,43.66021022796631,51.05269813537598,59.36027164459229
naval,dune_bayes,392,precision,34.91159954071045,42.782554626464844,50.24099578857421
naval,dune_bayes,393,precision,38.333868980407715,44.77350044250488,50.97505512237549
naval,dune_bayes,394,precision,43.693837547302245,51.07405471801758,59.345730781555176
naval,dune_bayes,395,precision,35.66114349365235,43.08584785461426,49.88017978668211
naval,dune_bayes,396,precision,41.55089492797852,46.81365394592285,52.10496940612793
naval,dune_bayes,397,precision,40.06712818145752,50.26710510253906,61.33381614685059
naval,dune_bayes,398,precision,44.515488624572754,48.82658576965332,53.5815502166748
naval,dune_bayes,399,precision,41.58513240814209,46.81333351135254,52.11418304443359
naval,dune_bayes,400,precision,45.69696960449219,51.36459541320801,57.22486610412597
naval,dune_bayes,401,precision,38.32755603790283,44.797861099243164,51.04070606231689
naval,dune_bayes,402,precision,41.597027969360354,46.80733680725098,52.12001609802246
naval,dune_bayes,403,precision,45.71206226348877,51.37780952453613,57.24295444488525
naval,dune_bayes,404,precision,34.513722038269044,42.098337173461914,49.17028484344482
naval,dune_bayes,405,precision,45.94410438537598,50.341678619384766,55.2753719329834
naval,dune_bayes,406,precision,43.811608505249026,51.10240173339844,59.34510116577148
naval,dune_bayes,407,precision,45.75871391296387,51.404741287231445,57.288764762878415
naval,dune_bayes,408,precision,33.87833366394043,41.950042724609375,49.6713487625122
naval,dune_bayes,409,precision,38.321647834777835,44.81171798706055,51.070305061340335
naval,dune_bayes,410,precision,33.999182510375974,42.06500816345215,49.896957778930656
naval,dune_bayes,411,precision,44.49511203765869,48.875261306762695,53.652890586853026
naval,dune_bayes,412,precision,45.7897216796875,51.40770149230957,57.2894021987915
naval,dune_bayes,413,precision,40.1963171005249,50.314130783081055,61.356746673583984
naval,dune_bayes,414,precision,45.810455322265625,51.39789962768555,57.28838768005371
naval,dune_bayes,415,precision,43.91221332550049,51.11639976501465,59.37567768096923
naval,dune_bayes,416,precision,34.220321083068846,42.471513748168945,50.29015197753906
naval,dune_bayes,417,precision,46.030454063415526,50.356319427490234,55.19921073913574
naval,dune_bayes,418,precision,38.34681148529053,44.80725860595703,50.92458381652832
naval,dune_bayes,419,precision,35.64158039093017,42.71194648742676,49.78552265167236
naval,dune_bayes,420,precision,43.57264099121094,51.008413314819336,59.37582149505615
naval,dune_bayes,421,precision,34.823441696166995,42.164133071899414,49.30573005676269
naval,dune_bayes,422,precision,36.066497802734375,43.21837043762207,49.89082927703856
naval,dune_bayes,423,precision,38.344926834106445,44.80715560913086,50.932685852050774
naval,dune_bayes,424,precision,44.38593158721924,48.72500991821289,53.48214664459227
naval,dune_bayes,425,precision,45.48838806152344,51.24005699157715,57.291493606567386
naval,dune_bayes,426,precision,35.9485466003418,43.214847564697266,49.86758289337157
naval,dune_bayes,427,precision,44.40527458190918,48.72942543029785,53.48911781311034
naval,dune_bayes,428,precision,45.68430023193359,50.21286582946777,55.30429668426513
naval,dune_bayes,429,precision,41.55366439819336,46.79294395446777,52.13534355163574
naval,dune_bayes,430,precision,38.34105033874512,44.79774475097656,50.941671180725095
naval,dune_bayes,431,precision,45.72000789642334,50.223642349243164,55.3018455505371
naval,dune_bayes,432,precision,38.340108489990236,44.792503356933594,50.94508666992187
naval,dune_bayes,433,precision,41.55153942108154,46.79822540283203,52.132398796081546
naval,dune_bayes,434,precision,39.98422355651856,50.248395919799805,61.32701244354248
naval,dune_bayes,435,precision,41.55123748779297,46.798240661621094,52.124316406249996
naval,dune_bayes,436,precision,41.551323890686035,46.799442291259766,52.119873046875
naval,dune_bayes,437,precision,35.66553497314453,43.090341567993164,49.87079467773436
naval,dune_bayes,438,precision,38.33471393585205,44.776432037353516,50.97908897399902
naval,dune_bayes,439,precision,44.51792163848877,48.7800350189209,53.54782848358153
naval,dune_bayes,440,precision,35.64839916229248,43.11455535888672,49.93460292816161
naval,dune_bayes,441,precision,44.52126064300537,48.79469108581543,53.55479488372802
naval,dune_bayes,442,precision,44.5189302444458,48.809913635253906,53.562205886840815
naval,dune_bayes,443,precision,35.67913246154785,43.06919288635254,50.309785652160635
naval,dune_bayes,444,precision,35.59378795623779,43.10915184020996,50.0861156463623
naval,dune_bayes,445,precision,35.93032264709473,43.0479621887207,50.14224376678466
naval,dune_bayes,446,precision,38.32981433868408,44.79220199584961,51.02277870178222
naval,dune_bayes,447,precision,41.577721405029294,46.82027626037598,52.117622184753415
naval,dune_bayes,448,precision,44.512043952941895,48.847496032714844,53.61439247131347
naval,dune_bayes,449,precision,45.92292442321777,50.33176612854004,55.28668231964111
naval,dune_bayes,450,precision,35.56388816833496,43.09145927429199,50.130799484252925
naval,dune_bayes,451,precision,34.73604850769043,42.14234733581543,49.28530025482178
naval,dune_bayes,452,precision,45.96015853881836,50.348440170288086,55.26336250305176
naval,dune_bayes,453,precision,43.846740913391116,51.115365982055664,59.360087394714355
naval,dune_bayes,454,precision,34.07646160125732,41.890092849731445,49.35185317993164
naval,dune_bayes,455,precision,35.68760185241699,43.13784599304199,50.22175483703613
naval,dune_bayes,456,precision,38.32212791442871,44.81070899963379,51.07662086486816
naval,dune_bayes,457,precision,41.59803104400635,46.81364059448242,52.15069046020508
naval,dune_bayes,458,precision,43.879880332946776,51.119911193847656,59.377067756652835
naval,dune_bayes,459,precision,45.98628578186035,50.34273147583008,55.228089523315425
naval,dune_bayes,460,precision,45.80096015930176,51.40929412841797,57.29630088806152
naval,dune_bayes,461,precision,35.69862117767334,43.23961067199707,50.31854553222656
naval,dune_bayes,462,precision,45.81010761260986,51.40817642211914,57.29760951995849
naval,dune_bayes,463,precision,34.056725883483885,42.36211395263672,50.235338020324704
naval,dune_bayes,464,precision,41.76866493225098,46.97414016723633,52.243284034729
naval,dune_bayes,465,precision,45.8201982498169,51.40633583068848,57.29639644622802
naval,dune_bayes,466,precision,35.71327590942383,43.22014617919922,50.32543601989746
naval,dune_bayes,467,precision,43.94722156524658,51.136966705322266,59.38076629638672
naval,dune_bayes,468,precision,38.347504425048825,44.808053970336914,50.93121185302734
naval,dune_bayes,469,precision,41.556747627258304,46.77830696105957,52.12144107818603
naval,dune_bayes,470,precision,44.35767936706543,48.7224006652832,53.47466888427733
naval,dune_bayes,471,precision,43.590287590026854,51.01984786987305,59.38270988464355
naval,dune_bayes,472,precision,35.11432819366455,42.31477928161621,49.34990215301513
naval,dune_bayes,473,precision,45.5031457901001,51.2451286315918,57.30908126831055
naval,dune_bayes,474,precision,38.34398860931397,44.80325126647949,50.942780303955075
naval,dune_bayes,475,precision,43.60804328918457,51.017303466796875,59.39666805267334
naval,dune_bayes,476,precision,45.71674747467041,50.22071075439453,55.30807075500488
naval,dune_bayes,477,precision,35.85651874542236,43.15735626220703,49.83777942657469
naval,dune_bayes,478,precision,38.34111347198486,44.79510688781738,50.94720401763916
naval,dune_bayes,479,precision,43.62863483428955,51.01486396789551,59.383853340148924
naval,dune_bayes,480,precision,44.45278453826904,48.751983642578125,53.51952533721923
naval,dune_bayes,481,precision,34.18095111846924,42.42329978942871,50.26417217254638
naval,dune_bayes,482,precision,41.552741622924806,46.80262565612793,52.13109378814697
naval,dune_bayes,483,precision,44.46766872406006,48.75904083251953,53.5283893585205
naval,dune_bayes,484,precision,40.031853675842285,50.27125930786133,61.34413108825684
naval,dune_bayes,485,precision,41.55273361206055,46.80271530151367,52.12313461303711
naval,dune_bayes,486,precision,35.651635360717776,43.10544204711914,49.91362934112548
naval,dune_bayes,487,precision,45.636897277832034,51.31307411193848,57.235846519470215
naval,dune_bayes,488,precision,35.64111270904541,43.11910438537598,49.9539451599121
naval,dune_bayes,489,precision,38.334676551818845,44.778615951538086,50.983991813659664
naval,dune_bayes,490,precision,35.63186111450195,43.121307373046875,49.993060684204096
naval,dune_bayes,491,precision,45.86447525024414,50.30986785888672,55.29342155456543
naval,dune_bayes,492,precision,43.74652729034424,51.09881782531738,59.36453514099121
naval,dune_bayes,493,precision,40.090908241271975,50.292850494384766,61.35371208190918
naval,dune_bayes,494,precision,38.33144664764404,44.786376953125,51.00456943511963
naval,dune_bayes,495,precision,35.582129669189456,43.11175346374512,50.13231086730957
naval,dune_bayes,496,precision,38.330268478393556,44.7882080078125,51.01599349975586
naval,dune_bayes,497,precision,45.69989776611328,51.36322593688965,57.22209587097168
naval,dune_bayes,498,precision,45.92004737854004,50.33009719848633,55.29823532104492
naval,dune_bayes,499,precision,43.79722499847412,51.11587905883789,59.367879676818845
naval,dune_bayes,500,precision,45.93838806152344,50.343095779418945,55.28809089660644
naval,dune_bayes,501,precision,43.831013679504395,51.120399475097656,59.3714521408081
naval,dune_bayes,502,precision,40.16210460662842,50.31962585449219,61.367652893066406
naval,dune_bayes,503,precision,34.8925724029541,42.2221736907959,49.34307746887207
naval,dune_bayes,504,precision,44.50595760345459,48.86930465698242,53.666687965393066
naval,dune_bayes,505,precision,43.84788970947265,51.12274932861328,59.372210311889646
naval,dune_bayes,506,precision,45.778658866882324,51.41884422302246,57.30298347473145
naval,dune_bayes,507,precision,35.687147521972655,43.14193153381348,50.22896556854248
naval,dune_bayes,508,precision,38.32355861663818,44.810752868652344,51.080110740661624
naval,dune_bayes,509,precision,44.50093727111816,48.878787994384766,53.65775852203369
naval,dune_bayes,510,precision,45.97416534423828,50.34597969055176,55.24782447814941
naval,dune_bayes,511,precision,45.79407939910889,51.420291900634766,57.30391445159912
naval,dune_bayes,512,precision,35.715610122680665,43.21268653869629,50.32336502075195
naval,dune_bayes,513,precision,34.02439308166504,42.147918701171875,49.984350395202625
naval,dune_bayes,514,precision,44.493515205383304,48.89254188537598,53.64339351654052
naval,dune_bayes,515,precision,41.77019729614258,46.976985931396484,52.245025825500484
naval,dune_bayes,516,precision,44.490983963012695,48.89731979370117,53.65175952911376
naval,dune_bayes,517,precision,43.949083518981936,51.1404914855957,59.383786582946776
naval,dune_bayes,518,precision,40.31076221466064,50.43659973144531,61.40451583862304
naval,dune_bayes,519,precision,40.32496719360351,50.447980880737305,61.406902885437006
naval,dune_bayes,520,precision,41.55682258605957,46.77803611755371,52.12217617034912
naval,dune_bayes,521,precision,38.346567153930664,44.80659103393555,50.94135417938232
naval,dune_bayes,522,precision,41.55753879547119,46.78518104553223,52.1261510848999
naval,dune_bayes,523,precision,41.55580348968506,46.7891788482666,52.1293420791626
naval,dune_bayes,524,precision,35.08967761993408,42.295698165893555,49.33263492584228
naval,dune_bayes,525,precision,38.34408969879151,44.79997253417969,50.948351287841795
naval,dune_bayes,526,precision,45.71344966888428,50.21773719787598,55.31353282928466
naval,dune_bayes,527,precision,35.79672412872314,43.11969184875488,49.808946609497056
naval,dune_bayes,528,precision,45.73144245147705,50.22887420654297,55.31109180450439
naval,dune_bayes,529,precision,33.904962158203126,41.94519805908203,49.57814025878906
naval,dune_bayes,530,precision,45.749080657958984,50.24423789978027,55.3103307723999
naval,dune_bayes,531,precision,43.64589500427246,51.02862358093262,59.38448429107666
naval,dune_bayes,532,precision,44.463172149658206,48.75662612915039,53.5278875350952
naval,dune_bayes,533,precision,40.02079524993896,50.27644348144531,61.35043315887451
naval,dune_bayes,534,precision,44.47873935699463,48.76958084106445,53.53543758392333
naval,dune_bayes,535,precision,43.69644050598144,51.07739448547363,59.37249965667725
naval,dune_bayes,536,precision,40.050516510009764,50.28768730163574,61.35609321594238
naval,dune_bayes,537,precision,34.38181438446045,42.566877365112305,50.2777826309204
naval,dune_bayes,538,precision,35.612984848022464,43.103885650634766,49.99975509643554
naval,dune_bayes,539,precision,44.52472362518311,48.789424896240234,53.555831718444814
naval,dune_bayes,540,precision,45.84257335662842,50.296504974365234,55.301340866088864
naval,dune_bayes,541,precision,45.65456218719483,51.33094596862793,57.23449211120605
naval,dune_bayes,542,precision,43.73029499053955,51.09638595581055,59.37395839691162
naval,dune_bayes,543,precision,34.87871074676514,42.737226486206055,50.246718025207514
naval,dune_bayes,544,precision,35.61069526672363,43.10138130187988,50.032892799377436
naval,dune_bayes,545,precision,38.33454303741455,44.780473709106445,50.987210464477535
naval,dune_bayes,546,precision,43.76429557800293,51.10959815979004,59.378602027893066
naval,dune_bayes,547,precision,38.33079586029053,44.78769111633301,51.019293975830074
naval,dune_bayes,548,precision,40.18603916168213,50.342681884765625,61.39077453613281
naval,dune_bayes,549,precision,40.19833126068115,50.34982490539551,61.39512786865234
naval,dune_bayes,550,precision,35.663692474365234,43.13032150268555,50.1675271987915
naval,dune_bayes,551,precision,44.51263484954834,48.86640167236328,53.63827781677246
naval,dune_bayes,552,precision,45.74955711364746,51.38704299926758,57.27388381958008
naval,dune_bayes,553,precision,38.32712326049805,44.79732704162598,51.05148220062256
naval,dune_bayes,554,precision,35.703538703918454,43.16654968261719,50.24353332519531
naval,dune_bayes,555,precision,41.6031982421875,46.82198524475098,52.153850364685056
naval,dune_bayes,556,precision,45.97376823425293,50.353689193725586,55.274186325073245
naval,dune_bayes,557,precision,45.7805778503418,51.417808532714844,57.308959007263184
naval,dune_bayes,558,precision,34.556725120544435,42.13506889343262,49.19220428466796
naval,dune_bayes,559,precision,41.6027868270874,46.81998062133789,52.15962524414062
naval,dune_bayes,560,precision,43.88339366912842,51.13351249694824,59.38376789093017
naval,dune_bayes,561,precision,33.88210506439209,41.89200019836426,49.40910911560058
naval,dune_bayes,562,precision,44.5007926940918,48.89081573486328,53.65076904296875
naval,dune_bayes,563,precision,45.999273490905765,50.34474182128906,55.239641189575195
naval,dune_bayes,564,precision,33.94118423461914,42.02911567687988,49.88478755950928
naval,dune_bayes,565,precision,43.93418922424316,51.1414794921875,59.39215240478515
naval,dune_bayes,566,precision,34.0018404006958,42.30570411682129,50.21568069458008
naval,dune_bayes,567,precision,44.49008674621582,48.90225791931152,53.660676574707026
naval,dune_bayes,568,precision,46.050508689880374,50.361061096191406,55.21046962738037
naval,dune_bayes,569,precision,45.828788948059085,51.424814224243164,57.311880302429195
naval,dune_bayes,570,precision,35.85416793823242,43.462921142578125,50.51809959411621
naval,dune_bayes,571,precision,41.557625198364256,46.78488349914551,52.126580238342285
naval,dune_bayes,572,precision,38.345664978027344,44.80337142944336,50.951420593261716
naval,dune_bayes,573,precision,41.55694980621338,46.789480209350586,52.129747200012204
naval,dune_bayes,574,precision,44.417886924743655,48.7481689453125,53.50842819213866
naval,dune_bayes,575,precision,35.281517601013185,42.409616470336914,49.49487800598144
naval,dune_bayes,576,precision,41.556368827819824,46.79589653015137,52.13308410644531
naval,dune_bayes,577,precision,34.59177417755127,42.093454360961914,49.176321220397945
naval,dune_bayes,578,precision,41.55595741271973,46.800025939941406,52.1364465713501
naval,dune_bayes,579,precision,45.574528503417966,51.26335906982422,57.304052734375
naval,dune_bayes,580,precision,43.65129852294922,51.02558135986328,59.3908447265625
naval,dune_bayes,581,precision,35.72962398529053,43.09852600097656,49.7916118621826
naval,dune_bayes,582,precision,41.55563201904297,46.79916191101074,52.139773559570315
naval,dune_bayes,583,precision,44.458716583251956,48.759817123413086,53.52900276184081
naval,dune_bayes,584,precision,45.76380596160889,50.25201606750488,55.313243293762206
naval,dune_bayes,585,precision,40.023019790649414,50.28710746765137,61.36090965270996
naval,dune_bayes,586,precision,35.6386796951294,43.11338233947754,49.94381275177001
naval,dune_bayes,587,precision,41.555100440979004,46.81077575683594,52.13707866668701
naval,dune_bayes,588,precision,45.80144500732422,50.27126121520996,55.311455917358394
naval,dune_bayes,589,precision,34.32100639343262,42.5186653137207,50.27683601379393
naval,dune_bayes,590,precision,45.83896675109863,50.29338836669922,55.307258415222165
naval,dune_bayes,591,precision,43.730949592590335,51.10174560546875,59.38698844909668
naval,dune_bayes,592,precision,44.52907581329346,48.79776191711426,53.56409893035888
naval,dune_bayes,593,precision,45.85771865844727,50.30465507507324,55.30627460479736
naval,dune_bayes,594,precision,43.74795303344727,51.10703086853027,59.38724594116211
naval,dune_bayes,595,precision,41.55606575012207,46.81974220275879,52.125296401977536
naval,dune_bayes,596,precision,45.687794303894044,51.36021614074707,57.22053756713867
naval,dune_bayes,597,precision,43.7653694152832,51.11277770996094,59.38753528594971
naval,dune_bayes,598,precision,44.52248134613037,48.83988380432129,53.59095096588134
naval,dune_bayes,599,precision,45.71940975189209,51.37827491760254,57.236560821533196
naval,dune_bayes,600,precision,44.51985130310059,48.85171127319336,53.610296630859374
naval,dune_bayes,601,precision,43.816466331481934,51.13033103942871,59.38760948181152
naval,dune_bayes,602,precision,45.95048313140869,50.34725761413574,55.300027465820314
naval,dune_bayes,603,precision,43.83380184173584,51.13395309448242,59.38783493041992
naval,dune_bayes,604,precision,45.767439651489255,51.39597511291504,57.29033222198486
naval,dune_bayes,605,precision,41.60528697967529,46.82681846618652,52.157342529296876
naval,dune_bayes,606,precision,38.32573337554932,44.804073333740234,51.0656192779541
naval,dune_bayes,607,precision,41.60247020721435,46.82389259338379,52.16856136322021
naval,dune_bayes,608,precision,40.27549667358399,50.413713455200195,61.41730728149413
naval,dune_bayes,609,precision,38.323783493041994,44.808481216430664,51.086273956298825
naval,dune_bayes,610,precision,41.77074279785156,46.973209381103516,52.24256210327148
naval,dune_bayes,611,precision,44.49967441558838,48.895843505859375,53.647310256958
naval,dune_bayes,612,precision,45.83106327056885,51.4333438873291,57.31631679534912
naval,dune_bayes,613,precision,38.32044162750244,44.81407928466797,51.10256481170654
naval,dune_bayes,614,precision,43.969699668884275,51.1558895111084,59.40713462829589
naval,dune_bayes,615,precision,35.92038440704346,43.52433967590332,50.6600845336914
naval,dune_bayes,616,precision,41.770691108703616,46.97706985473633,52.2594051361084
naval,dune_bayes,617,precision,46.0616943359375,50.368722915649414,55.21607933044433
naval,dune_bayes,618,precision,40.36086883544922,50.48106575012207,61.431295967102045
naval,dune_bayes,619,precision,35.91561737060547,43.18030548095703,49.83752822875975
naval,dune_bayes,620,precision,35.07413444519043,42.869136810302734,50.36185474395751
naval,dune_bayes,621,precision,35.84532852172852,43.144887924194336,49.8144914627075
naval,dune_bayes,622,precision,39.98227100372314,50.3018913269043,61.36186294555664
naval,dune_bayes,623,precision,44.42820091247559,48.756046295166016,53.51525630950926
naval,dune_bayes,624,precision,45.570817375183104,51.26918983459473,57.31548671722412
naval,dune_bayes,625,precision,35.004984283447264,42.18748092651367,49.30651454925537
naval,dune_bayes,626,precision,43.668561172485354,51.0389518737793,59.39359378814697
naval,dune_bayes,627,precision,40.075432777404785,50.32012748718262,61.3877866744995
naval,dune_bayes,628,precision,35.65090503692627,43.09547996520996,49.89565353393554
naval,dune_bayes,629,precision,44.46917877197266,48.764808654785156,53.53770923614501
naval,dune_bayes,630,precision,43.697937202453616,51.070255279541016,59.39046230316162
naval,dune_bayes,631,precision,40.118662452697755,50.33662223815918,61.396678543090815
naval,dune_bayes,632,precision,34.0748176574707,42.36269950866699,50.24982414245605
naval,dune_bayes,633,precision,38.33780746459961,44.78558921813965,50.97648811340331
naval,dune_bayes,634,precision,43.73122138977051,51.103586196899414,59.39022712707519
naval,dune_bayes,635,precision,40.133297729492185,50.342342376708984,61.39976978302001
naval,dune_bayes,636,precision,44.53076171875,48.798423767089844,53.56537532806396
naval,dune_bayes,637,precision,43.74883518218994,51.11138916015625,59.39048328399658
naval,dune_bayes,638,precision,34.78580379486084,42.726409912109375,50.25505084991455
naval,dune_bayes,639,precision,41.55645694732666,46.82160758972168,52.135108947753906
naval,dune_bayes,640,precision,34.824510383605954,42.73370170593262,50.25276489257812
naval,dune_bayes,641,precision,38.332689666748045,44.789228439331055,51.01658134460449
naval,dune_bayes,642,precision,41.57515468597412,46.83221435546875,52.145241355896
naval,dune_bayes,643,precision,43.817971801757814,51.13393020629883,59.391827774047854
naval,dune_bayes,644,precision,45.75252456665039,51.38797950744629,57.27097702026367
naval,dune_bayes,645,precision,43.83470211029053,51.1402587890625,59.39120349884033
naval,dune_bayes,646,precision,45.965877532958984,50.35051918029785,55.30014305114746
naval,dune_bayes,647,precision,43.851766967773436,51.143293380737305,59.3916259765625
naval,dune_bayes,648,precision,35.854811096191405,43.08638572692871,50.22827587127684
naval,dune_bayes,649,precision,40.251990127563474,50.39497947692871,61.42029247283935
naval,dune_bayes,650,precision,35.86574802398682,42.92440223693848,50.199760818481444
naval,dune_bayes,651,precision,41.77090549468994,46.971675872802734,52.2426399230957
naval,dune_bayes,652,precision,43.936876106262204,51.15607833862305,59.416365432739255
naval,dune_bayes,653,precision,35.850212478637694,43.483280181884766,50.55424137115479
naval,dune_bayes,654,precision,44.50201606750488,48.9034538269043,53.65423736572265
naval,dune_bayes,655,precision,45.83098850250244,51.442745208740234,57.32311382293701
naval,dune_bayes,656,precision,33.891143798828125,41.89348793029785,49.421813011169434
naval,dune_bayes,657,precision,41.77142124176025,46.9754695892334,52.253421211242674
naval,dune_bayes,658,precision,45.839945030212405,51.44167137145996,57.32433013916015
naval,dune_bayes,659,precision,43.97124900817871,51.16019821166992,59.41936225891113
naval,dune_bayes,660,precision,35.86105899810791,43.50153160095215,50.610203170776366
naval,dune_bayes,661,precision,38.31924667358398,44.817501068115234,51.10813121795654
naval,dune_bayes,662,precision,38.31467838287354,44.81992530822754,51.11102523803711
naval,dune_bayes,663,precision,33.98956642150879,42.28889083862305,50.216308212280275
naval,dune_bayes,664,precision,38.30544719696045,44.82021713256836,51.11285457611084
naval,dune_bayes,665,precision,41.770541763305665,46.97563934326172,52.268104743957515
naval,dune_bayes,666,precision,44.02229022979736,51.18503952026367,59.423363494873044
naval,dune_bayes,667,precision,40.38167152404785,50.48701858520508,61.44210872650146
naval,dune_bayes,668,precision,38.34768905639648,44.797014236450195,50.95559272766113
naval,dune_bayes,669,precision,45.51296901702881,51.26762580871582,57.33790588378906
naval,dune_bayes,670,precision,41.559608459472656,46.78980827331543,52.127129554748535
naval,dune_bayes,671,precision,41.55916194915771,46.793704986572266,52.130499839782715
naval,dune_bayes,672,precision,35.65903720855713,43.10141181945801,49.88588829040526
naval,dune_bayes,673,precision,43.68687839508057,51.051124572753906,59.399531555175784
naval,dune_bayes,674,precision,40.092465782165526,50.33574295043945,61.400486564636225
naval,dune_bayes,675,precision,43.715303611755374,51.08412551879883,59.393811798095705
naval,dune_bayes,676,precision,44.51118927001953,48.79539680480957,53.559471321105946
naval,dune_bayes,677,precision,34.02170696258545,42.338979721069336,50.24145812988281
naval,dune_bayes,678,precision,38.33662643432617,44.78164863586426,50.986009979248045
naval,dune_bayes,679,precision,45.869710731506345,50.30998229980469,55.315452003479
naval,dune_bayes,680,precision,45.69133682250977,51.36575508117676,57.2412950515747
naval,dune_bayes,681,precision,43.76709384918213,51.12015724182129,59.39466381072998
naval,dune_bayes,682,precision,40.16831798553467,50.36336708068848,61.41280460357665
naval,dune_bayes,683,precision,38.3349105834961,44.78578758239746,50.99858360290527
naval,dune_bayes,684,precision,44.52858009338379,48.83247947692871,53.588298034667964
naval,dune_bayes,685,precision,43.80155944824219,51.1325569152832,59.39479064941406
naval,dune_bayes,686,precision,35.601427268981936,43.117292404174805,50.145471763610836
naval,dune_bayes,687,precision,38.332519721984866,44.79032897949219,51.01964530944824
naval,dune_bayes,688,precision,35.073006820678714,42.8875617980957,50.32209682464599
naval,dune_bayes,689,precision,41.591749382019046,46.835920333862305,52.16023635864258
naval,dune_bayes,690,precision,45.96290187835693,50.35053253173828,55.31088523864746
naval,dune_bayes,691,precision,35.698479080200194,43.21115493774414,50.32785434722901
naval,dune_bayes,692,precision,45.99779167175293,50.36043357849121,55.28175067901611
naval,dune_bayes,693,precision,35.69124088287354,42.754289627075195,49.87683429718017
naval,dune_bayes,694,precision,41.77052326202393,46.96999740600586,52.24578647613525
naval,dune_bayes,695,precision,44.505347633361815,48.89939498901367,53.65115623474121
naval,dune_bayes,696,precision,46.00654964447021,50.35366439819336,55.26067848205566
naval,dune_bayes,697,precision,40.31319637298584,50.447256088256836,61.44049396514892
naval,dune_bayes,698,precision,45.830672073364255,51.44314765930176,57.33215141296387
naval,dune_bayes,699,precision,35.94250640869141,43.55193901062012,50.655542564392086
naval,dune_bayes,700,precision,44.50078792572022,48.90853500366211,53.66315040588378
naval,dune_bayes,701,precision,45.841081619262695,51.445926666259766,57.33067665100097
naval,dune_bayes,702,precision,45.84356002807617,51.45080757141113,57.3360517501831
naval,dune_bayes,703,precision,33.86366310119629,41.96163558959961,49.51655654907226
naval,dune_bayes,704,precision,38.313903617858884,44.81885528564453,51.10927467346191
naval,dune_bayes,705,precision,46.073462104797365,50.37502098083496,55.226613426208495
naval,dune_bayes,706,precision,45.84388065338135,51.48176193237305,57.387187767028806
naval,dune_bayes,707,precision,34.299964332580565,42.50124740600586,50.250157928466784
naval,dune_bayes,708,precision,43.67806396484375,51.035078048706055,59.416371726989745
naval,dune_bayes,709,precision,38.34470481872559,44.800153732299805,50.97326297760009
naval,dune_bayes,710,precision,41.558715629577634,46.78949165344238,52.13417072296142
naval,dune_bayes,711,precision,44.49052467346191,48.787506103515625,53.55458126068115
naval,dune_bayes,712,precision,43.732541465759276,51.097652435302734,59.39725933074951
naval,dune_bayes,713,precision,35.58906860351563,43.10555076599121,50.14807014465332
naval,dune_bayes,714,precision,44.52137145996094,48.80175018310547,53.56767749786376
naval,dune_bayes,715,precision,35.57712821960449,43.098548889160156,50.14898700714111
naval,dune_bayes,716,precision,38.339260482788085,44.78953170776367,50.991387557983394
naval,dune_bayes,717,precision,45.88482608795166,50.31832313537598,55.31898574829101
naval,dune_bayes,718,precision,40.18584098815918,50.378929138183594,61.425253486633295
naval,dune_bayes,719,precision,41.559917259216306,46.81497764587402,52.148917770385744
naval,dune_bayes,720,precision,38.33482284545899,44.787519454956055,51.00150451660156
naval,dune_bayes,721,precision,45.74061546325684,51.38987159729004,57.24874172210693
naval,dune_bayes,722,precision,34.68495273590088,42.70000457763672,50.307685089111324
naval,dune_bayes,723,precision,35.72135581970215,43.16374397277832,50.24970207214355
naval,dune_bayes,724,precision,45.959539794921874,50.34973335266113,55.32135410308838
naval,dune_bayes,725,precision,43.85393295288086,51.15325164794922,59.39886989593506
naval,dune_bayes,726,precision,45.97796993255615,50.35219764709473,55.31378364562988
naval,dune_bayes,727,precision,40.25982456207275,50.40625190734863,61.438812446594234
naval,dune_bayes,728,precision,35.72784957885742,43.17240333557129,50.27458667755127
naval,dune_bayes,729,precision,41.60902996063233,46.840248107910156,52.17522220611572
naval,dune_bayes,730,precision,44.51798152923584,48.88582420349121,53.667348861694336
naval,dune_bayes,731,precision,43.888203620910645,51.16261863708496,59.399757385253906
naval,dune_bayes,732,precision,45.803037071228026,51.426353454589844,57.33577346801758
naval,dune_bayes,733,precision,40.28732891082764,50.429805755615234,61.445195770263666
naval,dune_bayes,734,precision,35.68471050262451,43.294878005981445,50.40179958343506
naval,dune_bayes,735,precision,44.512380027770995,48.89598846435547,53.66057014465332
naval,dune_bayes,736,precision,35.70281047821045,43.30839538574219,50.439447021484376
naval,dune_bayes,737,precision,35.44575233459473,42.58793258666992,49.68632526397705
naval,dune_bayes,738,precision,41.772057723999026,46.975582122802734,52.255900382995605
naval,dune_bayes,739,precision,45.840772819519046,51.44536209106445,57.33728160858154
naval,dune_bayes,740,precision,36.01030673980713,43.572736740112305,50.69541244506836
naval,dune_bayes,741,precision,38.32033348083496,44.81423568725586,51.102601051330566
naval,dune_bayes,742,precision,41.771422386169434,46.973459243774414,52.26605434417724
naval,dune_bayes,743,precision,45.85026168823242,51.46260452270508,57.35536308288574
naval,dune_bayes,744,precision,40.373955154418944,50.49134635925293,61.46005458831787
naval,dune_bayes,745,precision,41.771576690673825,46.97474670410156,52.28128261566162
naval,dune_bayes,746,precision,46.078987503051756,50.37968826293945,55.23665103912353
naval,dune_bayes,747,precision,34.028673553466795,42.145254135131836,49.97306747436523
naval,dune_bayes,748,precision,38.292667388916016,44.82072639465332,51.112380790710446
naval,dune_bayes,749,precision,46.08447189331055,50.382469177246094,55.243741035461426
naval,dune_bayes,750,precision,44.42269287109375,48.76275444030762,53.52744941711425
naval,dune_bayes,751,precision,40.068596839904785,50.344987869262695,61.41310653686523
naval,dune_bayes,752,precision,41.56184253692627,46.79704475402832,52.1278974533081
naval,dune_bayes,753,precision,41.56008377075195,46.792423248291016,52.13120460510254
naval,dune_bayes,754,precision,40.1010763168335,50.35559844970703,61.417048072814936
naval,dune_bayes,755,precision,38.34462413787842,44.80150604248047,50.979336929321285
naval,dune_bayes,756,precision,38.34360485076904,44.79978370666504,50.98257026672363
naval,dune_bayes,757,precision,45.64196510314942,51.32170486450195,57.29995079040527
naval,dune_bayes,758,precision,38.34253997802735,44.79740333557129,50.985733032226555
naval,dune_bayes,759,precision,45.66167736053467,51.338327407836914,57.28767642974853
naval,dune_bayes,760,precision,40.14523887634277,50.372314453125,61.42584877014159
naval,dune_bayes,761,precision,43.785169982910155,51.12933349609375,59.401505088806154
naval,dune_bayes,762,precision,40.18787860870361,50.38987731933594,61.43541812896728
naval,dune_bayes,763,precision,38.33806171417236,44.784650802612305,51.000390624999994
naval,dune_bayes,764,precision,34.22879333496094,42.44358253479004,50.26339206695556
naval,dune_bayes,765,precision,41.559935569763184,46.81245231628418,52.15784816741943
naval,dune_bayes,766,precision,45.91888618469238,50.33517646789551,55.32077178955078
naval,dune_bayes,767,precision,40.21995449066162,50.40019226074219,61.439054489135735
naval,dune_bayes,768,precision,34.33491668701172,42.52238082885742,50.27378349304198
naval,dune_bayes,769,precision,40.23323707580566,50.40601348876953,61.4428783416748
naval,dune_bayes,770,precision,35.70767879486084,43.179922103881836,50.28279514312744
naval,dune_bayes,771,precision,44.52751159667969,48.8636417388916,53.61940670013428
naval,dune_bayes,772,precision,45.956338500976564,50.34992218017578,55.31894073486328
naval,dune_bayes,773,precision,43.87164669036865,51.16381072998047,59.40297660827637
naval,dune_bayes,774,precision,35.168209838867185,42.91236114501953,50.39936447143554
naval,dune_bayes,775,precision,46.007039070129395,50.36533546447754,55.306202507019044
naval,dune_bayes,776,precision,45.802588272094724,51.42365646362305,57.33718776702881
naval,dune_bayes,777,precision,38.32919616699219,44.80362510681152,51.0585859298706
naval,dune_bayes,778,precision,41.6098030090332,46.84906578063965,52.17919425964355
naval,dune_bayes,779,precision,40.307083702087404,50.44616889953613,61.45645561218261
naval,dune_bayes,780,precision,46.016547203063965,50.36376762390137,55.284703445434566
naval,dune_bayes,781,precision,46.02128448486328,50.363874435424805,55.27521648406982
naval,dune_bayes,782,precision,40.350588417053224,50.48122787475586,61.464414215087885
naval,dune_bayes,783,precision,44.504265022277835,48.915205001831055,53.67300395965576
naval,dune_bayes,784,precision,46.07090816497803,50.374755859375,55.24408874511718
naval,dune_bayes,785,precision,44.02711353302002,51.194711685180664,59.45742950439453
naval,dune_bayes,786,precision,44.509844589233396,48.91702461242676,53.69625339508056
naval,dune_bayes,787,precision,45.85171680450439,51.48767852783203,57.39121589660644
naval,dune_bayes,788,precision,44.04403095245361,51.20390701293945,59.459988021850585
naval,dune_bayes,789,precision,38.29502773284912,44.82087326049805,51.10842323303223
naval,dune_bayes,790,precision,45.85485954284668,51.49926567077637,57.407687187194824
naval,dune_bayes,791,precision,40.4224552154541,50.50282287597656,61.47583560943603
naval,dune_bayes,792,precision,41.77217140197754,46.97923469543457,52.29565200805664
naval,dune_bayes,793,precision,44.49856338500977,48.932342529296875,53.712555885314934
naval,dune_bayes,794,precision,44.434266090393066,48.77171516418457,53.53456687927245
naval,dune_bayes,795,precision,45.55723075866699,51.29457092285156,57.34606590270996
naval,dune_bayes,796,precision,35.629729652404784,43.10175895690918,49.99724159240722
naval,dune_bayes,797,precision,44.45019721984863,48.77521514892578,53.541953468322745
naval,dune_bayes,798,precision,38.34668388366699,44.80218696594238,50.98343868255615
naval,dune_bayes,799,precision,43.72277755737305,51.05878448486328,59.41467800140381
naval,dune_bayes,800,precision,35.59134521484375,43.095266342163086,50.147705459594725
naval,dune_bayes,801,precision,45.80306568145752,50.277578353881836,55.33274955749511
naval,dune_bayes,802,precision,45.63031921386719,51.32390785217285,57.30938720703125
naval,dune_bayes,803,precision,35.85079402923584,42.9764461517334,50.122797012329094
naval,dune_bayes,804,precision,35.457682037353514,42.564008712768555,49.68431758880615
naval,dune_bayes,805,precision,41.56061973571777,46.80894088745117,52.145886993408205
naval,dune_bayes,806,precision,45.85880298614502,50.301692962646484,55.331893539428705
naval,dune_bayes,807,precision,38.34022617340088,44.79618453979492,50.999040794372554
naval,dune_bayes,808,precision,41.56087474822998,46.809404373168945,52.15072460174561
naval,dune_bayes,809,precision,40.19133605957031,50.39958572387695,61.44428482055663
naval,dune_bayes,810,precision,41.56083583831787,46.81193923950195,52.15112819671631
naval,dune_bayes,811,precision,45.89672985076904,50.323585510253906,55.328040695190424
naval,dune_bayes,812,precision,45.728412818908694,51.386322021484375,57.249455451965325
naval,dune_bayes,813,precision,45.74404392242432,51.391550064086914,57.244395828247065
naval,dune_bayes,814,precision,38.33676013946533,44.78975296020508,51.00925903320312
naval,dune_bayes,815,precision,44.53387622833252,48.84925079345703,53.60472946166992
naval,dune_bayes,816,precision,45.758094024658206,51.39834213256836,57.26289463043212
naval,dune_bayes,817,precision,35.71328411102295,43.17102241516113,50.27608661651611
naval,dune_bayes,818,precision,41.57347373962402,46.81972885131836,52.16198253631592
naval,dune_bayes,819,precision,45.769412994384766,51.40130043029785,57.281114387512204
naval,dune_bayes,820,precision,34.4098087310791,42.58111000061035,50.29053058624267
naval,dune_bayes,821,precision,45.97151870727539,50.35153388977051,55.326225471496585
naval,dune_bayes,822,precision,45.779781341552734,51.40715408325195,57.29954719543457
naval,dune_bayes,823,precision,38.3328556060791,44.799264907836914,51.02952709197998
naval,dune_bayes,824,precision,45.99000473022461,50.3563175201416,55.32399158477783
naval,dune_bayes,825,precision,35.67591190338135,43.265987396240234,50.360259437561034
naval,dune_bayes,826,precision,40.296272087097165,50.44018363952637,61.46302757263183
naval,dune_bayes,827,precision,40.309753036499025,50.45205116271973,61.46654319763183
naval,dune_bayes,828,precision,35.84826240539551,43.48748016357422,50.57330589294433
naval,dune_bayes,829,precision,38.32647895812988,44.81036186218262,51.083055305480954
naval,dune_bayes,830,precision,41.772029876708984,46.98317337036133,52.26846199035644
naval,dune_bayes,831,precision,44.51119174957275,48.911935806274414,53.665399551391594
naval,dune_bayes,832,precision,35.7328426361084,42.82491111755371,49.97192478179931
naval,dune_bayes,833,precision,41.77225227355957,46.984025955200195,52.27385768890381
naval,dune_bayes,834,precision,41.77193355560303,46.983489990234375,52.27877159118652
naval,dune_bayes,835,precision,36.10269622802734,43.62602424621582,50.842878913879396
naval,dune_bayes,836,precision,44.02841339111328,51.1980037689209,59.46542911529541
naval,dune_bayes,837,precision,45.85830917358398,51.4830379486084,57.39308261871338
naval,dune_bayes,838,precision,46.08885326385498,50.38511085510254,55.25221786499023
naval,dune_bayes,839,precision,45.8599817276001,51.49911117553711,57.40996627807617
naval,dune_bayes,840,precision,38.28603534698486,44.820234298706055,51.10680999755859
naval,dune_bayes,841,precision,46.093762969970705,50.38956642150879,55.25936775207519
naval,dune_bayes,842,precision,44.0801399230957,51.23176193237305,59.46746768951416
naval,dune_bayes,843,precision,34.02688007354736,42.116329193115234,49.926051139831536
naval,dune_bayes,844,precision,46.09765777587891,50.39491271972656,55.26411609649658
naval,dune_bayes,845,precision,35.62577571868896,43.1001033782959,50.00935630798339
naval,dune_bayes,846,precision,41.563284683227536,46.80057144165039,52.125201797485346
naval,dune_bayes,847,precision,44.44373626708985,48.77635955810547,53.54284420013427
naval,dune_bayes,848,precision,45.75958938598633,50.25943374633789,55.338862037658686
naval,dune_bayes,849,precision,41.562852478027345,46.79733848571777,52.12853183746338
naval,dune_bayes,850,precision,45.597345161437985,51.318111419677734,57.33259944915771
naval,dune_bayes,851,precision,35.61134777069092,43.09894943237305,50.068037796020505
naval,dune_bayes,852,precision,38.347235679626465,44.80307197570801,50.989322662353516
naval,dune_bayes,853,precision,35.59005432128906,43.100080490112305,50.1567497253418
naval,dune_bayes,854,precision,41.56207542419433,46.79981231689453,52.1394868850708
naval,dune_bayes,855,precision,34.780999183654785,42.70140075683594,50.237745857238764
naval,dune_bayes,856,precision,35.619439125061035,43.13772201538086,50.15413227081298
naval,dune_bayes,857,precision,45.83762378692627,50.29440116882324,55.33524780273437
naval,dune_bayes,858,precision,41.56151351928711,46.809078216552734,52.14949703216553
naval,dune_bayes,859,precision,45.695597648620605,51.37481117248535,57.28569412231445
naval,dune_bayes,860,precision,41.56165370941162,46.81275939941406,52.15533180236817
naval,dune_bayes,861,precision,43.786091041564944,51.13124465942383,59.40816822052002
naval,dune_bayes,862,precision,34.47666721343994,42.12063407897949,49.18996105194091
naval,dune_bayes,863,precision,41.562147331237796,46.81063652038574,52.15179882049561
naval,dune_bayes,864,precision,44.54078006744385,48.83366012573242,53.598548507690424
naval,dune_bayes,865,precision,45.744879722595215,51.39421844482422,57.24906768798827
naval,dune_bayes,866,precision,35.710887336730956,43.16581153869629,50.26243114471435
naval,dune_bayes,867,precision,45.75767135620117,51.39952278137207,57.26062507629394
naval,dune_bayes,868,precision,43.83824501037598,51.15321350097656,59.40863857269287
naval,dune_bayes,869,precision,40.25673408508301,50.432207107543945,61.46336002349853
naval,dune_bayes,870,precision,44.53080520629883,48.869544982910156,53.623794364929196
naval,dune_bayes,871,precision,45.967972373962404,50.35297203063965,55.327366065979
naval,dune_bayes,872,precision,45.780078125,51.407827377319336,57.29726219177246
naval,dune_bayes,873,precision,44.52652759552002,48.89322471618652,53.66360511779785
naval,dune_bayes,874,precision,34.868381881713866,42.75056266784668,50.2454999923706
naval,dune_bayes,875,precision,44.52357769012451,48.89806938171387,53.66833343505859
naval,dune_bayes,876,precision,45.8128698348999,51.43350601196289,57.3513240814209
naval,dune_bayes,877,precision,40.31367740631104,50.456655502319336,61.475858116149894
naval,dune_bayes,878,precision,35.73490734100342,43.31240272521973,50.463222885131835
naval,dune_bayes,879,precision,38.32895832061767,44.804954528808594,51.06528739929199
naval,dune_bayes,880,precision,40.34245128631592,50.48016929626465,61.481372833251946
naval,dune_bayes,881,precision,45.84183921813965,51.45193099975586,57.35725345611572
naval,dune_bayes,882,precision,40.35870132446289,50.49184989929199,61.48313751220702
naval,dune_bayes,883,precision,45.85152263641358,51.44643974304199,57.356772613525386
naval,dune_bayes,884,precision,35.85492000579834,42.975717544555664,50.193184280395506
naval,dune_bayes,885,precision,41.772021484375,46.988182067871094,52.28257427215576
naval,dune_bayes,886,precision,44.01242656707764,51.20016860961914,59.46501579284668
naval,dune_bayes,887,precision,46.081248092651364,50.38175010681152,55.25793762207031
naval,dune_bayes,888,precision,38.30075511932373,44.817888259887695,51.097396278381346
naval,dune_bayes,889,precision,41.7727388381958,46.98721885681152,52.29854183197021
naval,dune_bayes,890,precision,46.090478515625,50.38752365112305,55.25705890655517
naval,dune_bayes,891,precision,40.430120849609374,50.509347915649414,61.49521617889404
naval,dune_bayes,892,precision,36.13815135955811,43.681100845336914,50.88892574310303
naval,dune_bayes,893,precision,46.09997615814209,50.394676208496094,55.26930599212646
naval,dune_bayes,894,precision,44.099073791503905,51.24650955200195,59.46851215362549
naval,dune_bayes,895,precision,38.272944641113284,44.82195281982422,51.107436943054196
naval,dune_bayes,896,precision,41.77183799743652,46.99072074890137,52.309824562072755
naval,dune_bayes,897,precision,46.0484733581543,51.614234924316406,57.54522571563721
naval,dune_bayes,898,precision,44.45340442657471,48.78182792663574,53.5499412536621
naval,dune_bayes,899,precision,45.77007484436035,50.26962471008301,55.344060516357416
naval,dune_bayes,900,precision,38.34769630432129,44.8017635345459,50.991123008728025
naval,dune_bayes,901,precision,40.138574028015135,50.39695358276367,61.450699615478506
naval,dune_bayes,902,precision,41.563523292541504,46.797908782958984,52.142975616455075
naval,dune_bayes,903,precision,45.637109184265135,51.34410095214844,57.3202278137207
naval,dune_bayes,904,precision,43.75769729614258,51.0833740234375,59.416144561767574
naval,dune_bayes,905,precision,45.66080322265625,51.3582649230957,57.30658435821533
naval,dune_bayes,906,precision,40.16936321258545,50.40879440307617,61.45600414276122
naval,dune_bayes,907,precision,45.68408756256103,51.37502861022949,57.29540748596191
naval,dune_bayes,908,precision,38.34243946075439,44.79970932006836,51.002485275268555
naval,dune_bayes,909,precision,41.56171188354492,46.81464958190918,52.159419250488284
naval,dune_bayes,910,precision,35.690703773498534,43.14081954956055,50.174436187744135
naval,dune_bayes,911,precision,38.34192085266113,44.799827575683594,51.00656871795654
naval,dune_bayes,912,precision,44.54477767944336,48.825265884399414,53.59417362213134
naval,dune_bayes,913,precision,45.73012294769287,51.389404296875,57.271011161804196
naval,dune_bayes,914,precision,40.21303939819336,50.425588607788086,61.46521968841552
naval,dune_bayes,915,precision,35.45592041015625,42.57731056213379,49.70251884460449
naval,dune_bayes,916,precision,34.75159511566162,42.16637420654297,49.32653675079346
naval,dune_bayes,917,precision,45.757814979553224,51.40023612976074,57.25830879211425
naval,dune_bayes,918,precision,43.83907699584961,51.153892517089844,59.41173324584961
naval,dune_bayes,919,precision,38.33846435546875,44.795318603515625,51.016731643676756
naval,dune_bayes,920,precision,45.780045890808104,51.40964317321777,57.295041656494135
naval,dune_bayes,921,precision,40.27276496887207,50.447933197021484,61.476674652099604
naval,dune_bayes,922,precision,38.335439109802245,44.79890441894531,51.02274875640869
naval,dune_bayes,923,precision,45.9829984664917,50.35284614562988,55.3307710647583
naval,dune_bayes,924,precision,38.33477516174317,44.79928207397461,51.0266653060913
naval,dune_bayes,925,precision,45.8015079498291,51.4244327545166,57.331664085388184
naval,dune_bayes,926,precision,40.30407199859619,50.45939064025879,61.48118743896484
naval,dune_bayes,927,precision,34.45279331207276,42.5947151184082,50.31151275634765
naval,dune_bayes,928,precision,44.517005348205565,48.91300964355469,53.66663036346435
naval,dune_bayes,929,precision,46.03945655822754,50.37343215942383,55.29610691070557
naval,dune_bayes,930,precision,38.32178173065186,44.807464599609375,51.07870311737061
naval,dune_bayes,931,precision,44.514746856689456,48.91811752319336,53.67510299682617
naval,dune_bayes,932,precision,46.04581527709961,50.37919998168945,55.286206817626955
naval,dune_bayes,933,precision,44.5133394241333,48.9186954498291,53.681770324707024
naval,dune_bayes,934,precision,35.83970413208008,42.98722267150879,50.22092704772949
naval,dune_bayes,935,precision,46.08229236602783,50.382450103759766,55.266431617736814
naval,dune_bayes,936,precision,34.71453285217285,42.16902542114258,49.27778873443603
naval,dune_bayes,937,precision,40.45119018554688,50.514238357543945,61.5057746887207
naval,dune_bayes,938,precision,38.27931079864502,44.820682525634766,51.101095008850095
naval,dune_bayes,939,precision,46.10270309448242,50.39561653137207,55.274716758728026
naval,dune_bayes,940,precision,44.100189971923825,51.34198570251465,59.53354225158691
naval,dune_bayes,941,precision,46.08619613647461,50.4094352722168,55.28661289215088
naval,dune_bayes,942,precision,40.49939937591553,50.522247314453125,61.51249771118164
naval,dune_bayes,943,precision,41.56391983032226,46.79760932922363,52.14691467285156
naval,dune_bayes,944,precision,40.15849018096924,50.41218185424805,61.46081275939941
naval,dune_bayes,945,precision,38.3466609954834,44.80326461791992,51.0002872467041
naval,dune_bayes,946,precision,45.862211036682126,50.310373306274414,55.342448234558105
naval,dune_bayes,947,precision,40.201570701599124,50.43001937866211,61.471516036987296
naval,dune_bayes,948,precision,34.61254177093506,42.65659713745117,50.32296886444092
naval,dune_bayes,949,precision,40.262089538574216,50.45273399353027,61.482257461547846
naval,dune_bayes,950,precision,45.961066818237306,50.353628158569336,55.337989234924315
naval,dune_bayes,951,precision,43.874398422241214,51.169076919555664,59.41496696472168
naval,dune_bayes,952,precision,33.97763576507568,41.922855377197266,49.43842964172363
naval,dune_bayes,953,precision,38.33711452484131,44.799211502075195,51.02546863555908
naval,dune_bayes,954,precision,43.89205150604248,51.17629623413086,59.41522159576416
naval,dune_bayes,955,precision,44.53210048675537,48.887773513793945,53.64804821014404
naval,dune_bayes,956,precision,40.30625953674316,50.469390869140625,61.491059303283684
naval,dune_bayes,957,precision,38.33407611846924,44.79872512817383,51.031389236450195
naval,dune_bayes,958,precision,44.52951316833496,48.89926528930664,53.66728572845459
naval,dune_bayes,959,precision,34.33046646118164,42.511329650878906,50.27250976562499
naval,dune_bayes,960,precision,40.335920333862305,50.48058891296387,61.49674701690673
naval,dune_bayes,961,precision,46.03915157318115,50.372751235961914,55.3172887802124
naval,dune_bayes,962,precision,38.323422813415526,44.80338668823242,51.07026748657226
naval,dune_bayes,963,precision,45.85221481323242,51.461082458496094,57.368629455566406
naval,dune_bayes,964,precision,43.99688282012939,51.210100173950195,59.46248435974121
naval,dune_bayes,965,precision,35.17503337860107,42.922950744628906,50.39959831237792
naval,dune_bayes,966,precision,38.30818881988525,44.80872917175293,51.08640079498291
naval,dune_bayes,967,precision,41.77365989685059,46.99257278442383,52.27812271118164
naval,dune_bayes,968,precision,35.64532260894775,43.1013126373291,50.34646091461181
naval,dune_bayes,969,precision,46.090450859069826,50.38715171813965,55.268120765686035
naval,dune_bayes,970,precision,36.20887298583985,43.69658851623535,50.86879348754883
naval,dune_bayes,971,precision,38.295752143859865,44.81449508666992,51.09189739227295
naval,dune_bayes,972,precision,44.51885623931885,48.91413879394531,53.70730304718017
naval,dune_bayes,973,precision,44.06686935424805,51.224456787109375,59.467265892028806
naval,dune_bayes,974,precision,40.453440475463864,50.51822853088379,61.51554870605468
naval,dune_bayes,975,precision,38.28325271606445,44.82202339172363,51.097297477722165
naval,dune_bayes,976,precision,44.10134696960449,51.34644317626953,59.537041854858394
naval,dune_bayes,977,precision,40.484981536865234,50.523712158203125,61.52084026336669
naval,dune_bayes,978,precision,41.77345027923584,46.99463653564453,52.30057277679443
naval,dune_bayes,979,precision,44.50996551513672,48.943782806396484,53.738537216186515
naval,dune_bayes,980,precision,36.430183792114256,43.816673278808594,50.857847404479976
naval,dune_bayes,981,precision,38.26171817779541,44.82906913757324,51.104106140136714
naval,dune_bayes,982,precision,35.021792602539065,42.35841369628906,49.41651229858398
naval,dune_bayes,983,precision,38.349433517456056,44.79905700683594,50.998695373535156
naval,dune_bayes,984,precision,43.775122833251956,51.076765060424805,59.429310417175294
naval,dune_bayes,985,precision,35.59627685546875,43.113525390625,50.16766281127929
naval,dune_bayes,986,precision,45.8130615234375,50.29471015930176,55.350868415832515
naval,dune_bayes,987,precision,40.17615718841553,50.42833137512207,61.47373275756835
naval,dune_bayes,988,precision,38.34727764129639,44.80417251586914,51.00613384246826
naval,dune_bayes,989,precision,44.508369064331056,48.807498931884766,53.58155231475829
naval,dune_bayes,990,precision,43.793509292602536,51.110830307006836,59.41689395904541
naval,dune_bayes,991,precision,35.686655044555664,43.13431930541992,50.16116313934325
naval,dune_bayes,992,precision,45.854624557495114,50.31135368347168,55.34871768951416
naval,dune_bayes,993,precision,45.69110736846924,51.385793685913086,57.30555343627929
naval,dune_bayes,994,precision,41.5643346786499,46.82065010070801,52.17415904998779
naval,dune_bayes,995,precision,44.548244857788085,48.83362579345703,53.60335273742675
naval,dune_bayes,996,precision,45.89393081665039,50.31877899169922,55.344442749023436
naval,dune_bayes,997,precision,40.23491516113281,50.45152473449707,61.48600158691406
naval,dune_bayes,998,precision,44.54584712982178,48.83504676818848,53.60920619964599
naval,dune_bayes,999,precision,43.83963890075684,51.15499687194824,59.41735687255859
naval,dune_bayes,1000,precision,35.23727931976318,42.963788986206055,50.491200637817386
naval,dune_bayes,1001,precision,38.339485549926756,44.796335220336914,51.024278450012204
naval,dune_bayes,1002,precision,38.33826370239258,44.80221748352051,51.027200317382814
naval,dune_bayes,1003,precision,41.57060489654541,46.8270263671875,52.15708904266357
naval,dune_bayes,1004,precision,44.538833427429196,48.875837326049805,53.63064250946044
naval,dune_bayes,1005,precision,44.536146545410155,48.88559532165527,53.63897972106933
naval,dune_bayes,1006,precision,45.82253646850586,51.44292449951172,57.363121604919435
naval,dune_bayes,1007,precision,40.340844345092776,50.49040412902832,61.50431423187255
naval,dune_bayes,1008,precision,34.38043403625488,42.5633659362793,50.292403984069814
naval,dune_bayes,1009,precision,41.77433490753174,46.98625373840332,52.25997200012207
naval,dune_bayes,1010,precision,45.841790199279785,51.46890640258789,57.37649459838867
naval,dune_bayes,1011,precision,44.521077919006345,48.91914367675781,53.67659397125244
naval,dune_bayes,1012,precision,41.774789810180664,46.990047454833984,52.26726512908935
naval,dune_bayes,1013,precision,45.86129493713379,51.46208190917969,57.37656192779541
naval,dune_bayes,1014,precision,38.31059455871582,44.80600357055664,51.08181800842285
naval,dune_bayes,1015,precision,46.07751388549805,50.385677337646484,55.28881206512451
naval,dune_bayes,1016,precision,40.41570358276367,50.51211738586426,61.51633167266845
naval,dune_bayes,1017,precision,38.302734184265134,44.80886268615723,51.08459281921387
naval,dune_bayes,1018,precision,44.51520671844482,48.91619300842285,53.699847221374505
naval,dune_bayes,1019,precision,40.429796028137204,50.51504707336426,61.519413948059075
naval,dune_bayes,1020,precision,35.40354480743408,43.02943420410156,50.45040321350097
naval,dune_bayes,1021,precision,40.44431915283203,50.51773643493652,61.52194747924804
naval,dune_bayes,1022,precision,38.28968524932861,44.81545066833496,51.0901309967041
naval,dune_bayes,1023,precision,46.10260562896728,50.39156532287598,55.27763366699219
naval,dune_bayes,1024,precision,40.45915699005127,50.520463943481445,61.52451648712157
naval,dune_bayes,1025,precision,35.43360538482666,42.634321212768555,49.70137729644775
naval,dune_bayes,1026,precision,36.23278884887695,43.71872901916504,50.868930625915525
naval,dune_bayes,1027,precision,38.28202362060547,44.82081604003906,51.09286670684814
naval,dune_bayes,1028,precision,44.102587890625,51.34965705871582,59.541504859924316
naval,dune_bayes,1029,precision,40.47292957305908,50.523399353027344,61.52764854431152
naval,dune_bayes,1030,precision,35.16750068664551,42.32649230957031,49.43436832427978
naval,dune_bayes,1031,precision,38.27440853118897,44.826210021972656,51.09558925628662
naval,dune_bayes,1032,precision,40.490279579162596,50.52587699890137,61.52884368896484
naval,dune_bayes,1033,precision,34.55495319366455,42.178897857666016,49.232277870178216
naval,dune_bayes,1034,precision,41.7729793548584,46.99934387207031,52.29477462768555
naval,dune_bayes,1035,precision,46.07080421447754,51.62251091003418,57.57222957611084
naval,dune_bayes,1036,precision,41.77345733642578,46.99961853027344,52.30153903961182
naval,dune_bayes,1037,precision,40.548829078674316,50.53411674499512,61.53663864135742
naval,dune_bayes,1038,precision,43.792931938171385,51.09040641784668,59.429692077636716
naval,dune_bayes,1039,precision,35.63451957702637,43.109731674194336,50.167481613159175
naval,dune_bayes,1040,precision,44.50212078094482,48.804452896118164,53.58255329132079
naval,dune_bayes,1041,precision,38.34665660858154,44.80196952819824,51.011038017272945
naval,dune_bayes,1042,precision,44.518554496765134,48.815202713012695,53.58979339599609
naval,dune_bayes,1043,precision,45.70556411743164,51.39315414428711,57.30315704345703
naval,dune_bayes,1044,precision,34.10700397491455,42.10030746459961,49.95685253143311
naval,dune_bayes,1045,precision,45.72859077453613,51.398834228515625,57.29117832183837
naval,dune_bayes,1046,precision,38.34329528808594,44.797080993652344,51.02135696411133
naval,dune_bayes,1047,precision,41.56572074890137,46.82794952392578,52.170168495178224
naval,dune_bayes,1048,precision,34.954193687438966,42.809553146362305,50.20725059509276
naval,dune_bayes,1049,precision,38.34063491821289,44.79263877868652,51.025998497009276
naval,dune_bayes,1050,precision,44.545746612548825,48.857892990112305,53.623177146911615
naval,dune_bayes,1051,precision,35.60424690246582,43.067138671875,50.32809810638427
naval,dune_bayes,1052,precision,35.73163967132568,43.294260025024414,50.450036430358885
naval,dune_bayes,1053,precision,38.33881301879883,44.79681587219238,51.02904376983643
naval,dune_bayes,1054,precision,40.2986644744873,50.48382759094238,61.505610084533686
naval,dune_bayes,1055,precision,41.57511882781982,46.832462310791016,52.15812187194824
naval,dune_bayes,1056,precision,44.536008644104,48.89349365234375,53.65236759185791
naval,dune_bayes,1057,precision,38.33509902954101,44.796165466308594,51.03883361816406
naval,dune_bayes,1058,precision,41.59881477355957,46.83969306945801,52.16469211578369
naval,dune_bayes,1059,precision,44.53283634185791,48.90522003173828,53.67151737213135
naval,dune_bayes,1060,precision,33.93799457550049,41.99514579772949,49.7324945449829
naval,dune_bayes,1061,precision,36.11180019378662,43.608055114746094,50.807559394836424
naval,dune_bayes,1062,precision,40.35913906097412,50.506561279296875,61.516908073425284
naval,dune_bayes,1063,precision,46.049285316467284,50.37387466430664,55.329470252990724
naval,dune_bayes,1064,precision,36.109107208251956,43.65101623535156,50.85223121643066
naval,dune_bayes,1065,precision,34.98490810394287,42.85361289978027,50.22941913604735
naval,dune_bayes,1066,precision,36.17570209503174,43.68216896057129,50.856689262390134
naval,dune_bayes,1067,precision,45.99738082885742,51.59887504577637,57.53759689331054
naval,dune_bayes,1068,precision,46.09862003326416,50.38977813720703,55.27999382019043
naval,dune_bayes,1069,precision,35.79715690612793,43.07808876037598,50.235126304626455
naval,dune_bayes,1070,precision,46.10855121612549,50.39291954040527,55.28757438659668
naval,dune_bayes,1071,precision,44.108222007751465,51.355133056640625,59.54534854888916
naval,dune_bayes,1072,precision,40.47814502716064,50.526628494262695,61.535346794128415
naval,dune_bayes,1073,precision,44.52934856414795,48.930341720581055,53.7334056854248
naval,dune_bayes,1074,precision,38.269020652771,44.82826805114746,51.09373874664306
naval,dune_bayes,1075,precision,44.518369102478026,48.945777893066406,53.74817466735839
naval,dune_bayes,1076,precision,38.255903244018555,44.830970764160156,51.09904842376709
naval,dune_bayes,1077,precision,44.512885093688965,48.95359992980957,53.75626716613769
naval,dune_bayes,1078,precision,38.34944190979004,44.79445266723633,51.00947723388672
naval,dune_bayes,1079,precision,41.56749725341797,46.80726623535156,52.1711067199707
naval,dune_bayes,1080,precision,40.1963249206543,50.45309638977051,61.49378643035888
naval,dune_bayes,1081,precision,43.82885189056397,51.134117126464844,59.42204246520996
naval,dune_bayes,1082,precision,45.71941318511963,51.399356842041016,57.301117134094234
naval,dune_bayes,1083,precision,40.24232864379883,50.47122764587402,61.502801895141594
naval,dune_bayes,1084,precision,35.68593807220459,43.16786575317383,50.253614234924314
naval,dune_bayes,1085,precision,45.89708003997803,50.32148742675781,55.35362434387207
naval,dune_bayes,1086,precision,45.74551868438721,51.40626335144043,57.289666366577144
naval,dune_bayes,1087,precision,40.25776882171631,50.476383209228516,61.50507240295409
naval,dune_bayes,1088,precision,38.34386386871338,44.79666328430176,51.02708015441895
naval,dune_bayes,1089,precision,43.856974029541014,51.16422462463379,59.422851371765134
naval,dune_bayes,1090,precision,43.874809646606444,51.17159843444824,59.423257446289064
naval,dune_bayes,1091,precision,35.73140754699707,43.29410171508789,50.448781967163086
naval,dune_bayes,1092,precision,38.341483688354494,44.79374885559082,51.03413066864014
naval,dune_bayes,1093,precision,41.567215538024904,46.83243751525879,52.16953773498535
naval,dune_bayes,1094,precision,35.72986335754395,43.29353332519531,50.45725345611572
naval,dune_bayes,1095,precision,38.33747577667236,44.79577827453613,51.037675285339354
naval,dune_bayes,1096,precision,41.580529022216794,46.83888626098633,52.160665321350095
naval,dune_bayes,1097,precision,36.099531745910646,43.60055160522461,50.802134132385255
naval,dune_bayes,1098,precision,43.96338729858398,51.20815658569336,59.43863220214843
naval,dune_bayes,1099,precision,40.39317169189453,50.512704849243164,61.53028411865234
naval,dune_bayes,1100,precision,38.31817359924317,44.802751541137695,51.05983543395996
naval,dune_bayes,1101,precision,41.77422256469727,46.99016761779785,52.259161376953124
naval,dune_bayes,1102,precision,38.3057300567627,44.80822944641113,51.07632217407227
naval,dune_bayes,1103,precision,41.77443370819092,46.99128723144531,52.26277046203613
naval,dune_bayes,1104,precision,44.521141815185544,48.91586494445801,53.70132427215576
naval,dune_bayes,1105,precision,46.08946914672852,50.39110565185547,55.300778770446776
naval,dune_bayes,1106,precision,40.435630798339844,50.52141189575195,61.538757896423334
naval,dune_bayes,1107,precision,44.5193510055542,48.91444969177246,53.709330749511714
naval,dune_bayes,1108,precision,35.32676830291748,42.991037368774414,50.49028282165527
naval,dune_bayes,1109,precision,46.11085033416748,50.392879486083984,55.292492103576656
naval,dune_bayes,1110,precision,41.774125480651854,47.00518608093262,52.27712650299072
naval,dune_bayes,1111,precision,44.53320865631103,48.93669319152832,53.740873336791985
naval,dune_bayes,1112,precision,44.13956871032715,51.375057220458984,59.547210884094234
naval,dune_bayes,1113,precision,34.861938667297366,42.281938552856445,49.42105693817139
naval,dune_bayes,1114,precision,46.17884464263916,50.53566551208496,55.45901317596435
naval,dune_bayes,1115,precision,41.77332935333252,47.002845764160156,52.2922758102417
naval,dune_bayes,1116,precision,40.57211151123047,50.54336738586426,61.5585485458374
naval,dune_bayes,1117,precision,34.239329719543456,41.987548828125,49.41075611114501
naval,dune_bayes,1118,precision,36.46117763519287,43.83942222595215,50.8390079498291
naval,dune_bayes,1119,precision,44.1926794052124,51.43062973022461,59.54339904785156
naval,dune_bayes,1120,precision,41.56792087554932,46.824275970458984,52.19230709075928
naval,dune_bayes,1121,precision,44.53946418762207,48.83111000061035,53.604778861999506
naval,dune_bayes,1122,precision,34.42384643554688,42.124860763549805,49.4862190246582
naval,dune_bayes,1123,precision,45.73552646636963,51.407243728637695,57.30114059448242
naval,dune_bayes,1124,precision,40.260922241210935,50.48652648925781,61.51443042755126
naval,dune_bayes,1125,precision,40.274570083618165,50.492788314819336,61.51792488098144
naval,dune_bayes,1126,precision,41.56687717437744,46.83622741699219,52.179773521423336
naval,dune_bayes,1127,precision,44.552302551269534,48.85053825378418,53.62687187194824
naval,dune_bayes,1128,precision,41.568219375610354,46.83610916137695,52.1764757156372
naval,dune_bayes,1129,precision,45.94809818267822,50.34364700317383,55.35435199737549
naval,dune_bayes,1130,precision,43.892767143249515,51.178518295288086,59.42703018188477
naval,dune_bayes,1131,precision,41.56835041046143,46.83781051635742,52.17271614074707
naval,dune_bayes,1132,precision,34.709499549865725,42.694454193115234,50.29566631317138
naval,dune_bayes,1133,precision,46.00978775024414,50.35867691040039,55.34995670318603
naval,dune_bayes,1134,precision,40.367197799682614,50.525949478149414,61.53337364196776
naval,dune_bayes,1135,precision,40.38124122619629,50.523155212402344,61.53679103851318
naval,dune_bayes,1136,precision,43.99906635284424,51.220468521118164,59.45778522491455
naval,dune_bayes,1137,precision,41.776035118103025,46.99095916748047,52.25215530395508
naval,dune_bayes,1138,precision,40.42429065704346,50.52119255065918,61.54605045318603
naval,dune_bayes,1139,precision,36.20570678710938,43.702392578125,50.83926525115967
naval,dune_bayes,1140,precision,38.305253410339354,44.80733871459961,51.07181186676026
naval,dune_bayes,1141,precision,44.10983715057373,51.346792221069336,59.55401210784912
naval,dune_bayes,1142,precision,41.77498779296875,46.99420928955078,52.2629976272583
naval,dune_bayes,1143,precision,36.263166999816896,43.75199508666992,50.846442413330074
naval,dune_bayes,1144,precision,40.48519592285156,50.53326988220215,61.55536727905273
naval,dune_bayes,1145,precision,35.207472801208496,42.92807197570801,50.421785163879385
naval,dune_bayes,1146,precision,44.547990226745604,48.92746543884277,53.73341903686523
naval,dune_bayes,1147,precision,46.11708641052246,50.394514083862305,55.302640151977535
naval,dune_bayes,1148,precision,46.07771530151367,51.6216926574707,57.59831600189209
naval,dune_bayes,1149,precision,44.15800476074219,51.389780044555664,59.55017013549804
naval,dune_bayes,1150,precision,40.565789222717285,50.543941497802734,61.56395778656005
naval,dune_bayes,1151,precision,41.774489402770996,47.00490379333496,52.286500167846675
naval,dune_bayes,1152,precision,40.58898849487305,50.55702018737793,61.56970710754394
naval,dune_bayes,1153,precision,46.131679725646975,51.654916763305664,57.64445056915283
naval,dune_bayes,1154,precision,35.42019119262695,42.83483695983887,50.21674842834472
naval,dune_bayes,1155,precision,44.51321544647217,48.818498611450195,53.59855308532714
naval,dune_bayes,1156,precision,44.531174659729004,48.82926368713379,53.605782127380365
naval,dune_bayes,1157,precision,40.24828605651855,50.490041732788086,61.519262313842766
naval,dune_bayes,1158,precision,38.34727153778076,44.79598617553711,51.027429008483885
naval,dune_bayes,1159,precision,45.72351589202881,51.407827377319336,57.31085472106933
naval,dune_bayes,1160,precision,41.569246482849124,46.83484077453613,52.19193248748779
naval,dune_bayes,1161,precision,45.959722900390624,50.34741401672363,55.357713508605954
naval,dune_bayes,1162,precision,43.91070041656494,51.18691062927246,59.42973880767822
naval,dune_bayes,1163,precision,38.34130306243897,44.7930850982666,51.044460678100585
naval,dune_bayes,1164,precision,45.810333251953125,51.43744468688965,57.34198760986328
naval,dune_bayes,1165,precision,34.439955711364746,42.578983306884766,50.33311538696289
naval,dune_bayes,1166,precision,46.000738525390624,50.356990814208984,55.3551664352417
naval,dune_bayes,1167,precision,45.82110767364502,51.44840431213379,57.35506744384765
naval,dune_bayes,1168,precision,43.963830184936526,51.20929718017578,59.432947349548336
naval,dune_bayes,1169,precision,36.11243667602539,43.65313529968262,50.827892494201656
naval,dune_bayes,1170,precision,41.77736568450928,46.982521057128906,52.24430294036865
naval,dune_bayes,1171,precision,34.403538131713866,42.11778259277344,49.29948482513427
naval,dune_bayes,1172,precision,44.53437385559082,48.91921615600586,53.685615348815915
naval,dune_bayes,1173,precision,41.776254653930664,46.98684310913086,52.25044918060303
naval,dune_bayes,1174,precision,44.532211494445804,48.918209075927734,53.693838310241695
naval,dune_bayes,1175,precision,36.221265411376955,43.73021697998047,50.83561420440674
naval,dune_bayes,1176,precision,46.00669231414795,51.59955978393555,57.57126235961914
naval,dune_bayes,1177,precision,34.34600067138672,42.517826080322266,50.28906841278075
naval,dune_bayes,1178,precision,36.25121536254883,43.74405288696289,50.836296463012694
naval,dune_bayes,1179,precision,46.10994167327881,50.39532279968262,55.30281562805175
naval,dune_bayes,1180,precision,40.47462482452393,50.53253173828125,61.56122608184814
naval,dune_bayes,1181,precision,34.57520027160645,42.65780448913574,50.37188167572021
naval,dune_bayes,1182,precision,34.98658390045166,42.8559513092041,50.22760829925536
naval,dune_bayes,1183,precision,40.509762573242185,50.53826332092285,61.5662935256958
naval,dune_bayes,1184,precision,38.269188690185544,44.82280349731445,51.08037490844726
naval,dune_bayes,1185,precision,44.153876304626465,51.38212013244629,59.554936218261716
naval,dune_bayes,1186,precision,36.39083766937256,43.79934883117676,50.83950634002685
naval,dune_bayes,1187,precision,41.77531280517578,47.0083065032959,52.2724946975708
naval,dune_bayes,1188,precision,36.43525562286377,43.8269100189209,50.821076011657716
naval,dune_bayes,1189,precision,41.77393341064453,47.010040283203125,52.2759801864624
naval,dune_bayes,1190,precision,36.523843955993655,43.85201454162598,50.8015754699707
naval,dune_bayes,1191,precision,44.188195037841794,51.4312686920166,59.551730918884275
naval,dune_bayes,1192,precision,38.24622058868408,44.825849533081055,51.09547462463379
naval,dune_bayes,1193,precision,38.45100440979004,45.00885200500488,51.24192218780517
naval,dune_bayes,1194,precision,46.18671207427978,50.566762924194336,55.47182292938232
naval,dune_bayes,1195,precision,38.35045833587647,44.78939247131348,51.02839756011963
naval,dune_bayes,1196,precision,44.522380638122556,48.82735633850098,53.60673007965087
naval,dune_bayes,1197,precision,38.349901008605954,44.79343032836914,51.03245124816895
naval,dune_bayes,1198,precision,41.57021350860596,46.82127380371094,52.20335216522217
naval,dune_bayes,1199,precision,45.71395263671875,51.40838432312012,57.3207462310791
naval,dune_bayes,1200,precision,41.569166564941405,46.828664779663086,52.1983720779419
naval,dune_bayes,1201,precision,44.55941619873047,48.847564697265625,53.62143077850342
naval,dune_bayes,1202,precision,43.88237686157227,51.165287017822266,59.43116912841797
naval,dune_bayes,1203,precision,38.34606781005859,44.79517936706543,51.03621997833252
naval,dune_bayes,1204,precision,41.56910953521729,46.83572196960449,52.19421463012695
naval,dune_bayes,1205,precision,45.76355457305908,51.420860290527344,57.32246761322021
naval,dune_bayes,1206,precision,38.34550132751465,44.794294357299805,51.04021301269531
naval,dune_bayes,1207,precision,44.55519676208496,48.856088638305664,53.63599338531494
naval,dune_bayes,1208,precision,43.91039772033692,51.187774658203125,59.43186111450195
naval,dune_bayes,1209,precision,40.32825889587402,50.52927780151367,61.54286251068115
naval,dune_bayes,1210,precision,36.06776142120361,43.551788330078125,50.71849098205566
naval,dune_bayes,1211,precision,41.570584297180176,46.84376335144043,52.18341941833496
naval,dune_bayes,1212,precision,43.92815341949463,51.19468879699707,59.43234806060791
naval,dune_bayes,1213,precision,45.99158554077148,50.36148643493652,55.35957775115967
naval,dune_bayes,1214,precision,40.35820541381836,50.54097366333008,61.54920387268066
naval,dune_bayes,1215,precision,41.583993911743164,46.84282875061035,52.1745397567749
naval,dune_bayes,1216,precision,34.51322021484375,42.6176872253418,50.36253547668457
naval,dune_bayes,1217,precision,36.10295429229736,43.64872741699219,50.82568359375
naval,dune_bayes,1218,precision,41.77771434783936,46.985809326171875,52.24536724090576
naval,dune_bayes,1219,precision,44.54344844818115,48.91881561279297,53.67368583679199
naval,dune_bayes,1220,precision,46.03059692382813,50.369951248168945,55.35729084014893
naval,dune_bayes,1221,precision,36.15736885070801,43.67327690124512,50.82278327941894
naval,dune_bayes,1222,precision,44.541065788269044,48.920997619628906,53.67760829925537
naval,dune_bayes,1223,precision,36.17215843200684,43.68541717529297,50.82442054748535
naval,dune_bayes,1224,precision,40.41812858581543,50.53261375427246,61.56014785766601
naval,dune_bayes,1225,precision,46.07227401733398,50.391279220581055,55.337049293518064
naval,dune_bayes,1226,precision,38.3067232131958,44.8050594329834,51.063211822509764
naval,dune_bayes,1227,precision,46.086141395568845,50.394676208496094,55.32812976837158
naval,dune_bayes,1228,precision,45.98116893768311,51.59621047973633,57.569616889953615
naval,dune_bayes,1229,precision,44.11075782775879,51.34551429748535,59.56042747497558
naval,dune_bayes,1230,precision,41.7761646270752,46.990089416503906,52.25479011535644
naval,dune_bayes,1231,precision,46.097237014770506,50.39926338195801,55.32235336303711
naval,dune_bayes,1232,precision,36.27808017730713,43.75278282165527,50.82946949005127
naval,dune_bayes,1233,precision,46.02423610687256,51.60307693481445,57.58895015716553
naval,dune_bayes,1234,precision,40.47861919403076,50.53582954406738,61.56928482055663
naval,dune_bayes,1235,precision,44.14108676910401,51.37814521789551,59.55965385437011
naval,dune_bayes,1236,precision,40.51446704864502,50.54203796386719,61.576345062255854
naval,dune_bayes,1237,precision,44.147233200073245,51.38668632507324,59.558042144775385
naval,dune_bayes,1238,precision,36.473610496521,43.83293914794922,50.78974742889404
naval,dune_bayes,1239,precision,46.09936695098877,51.63041114807129,57.61991214752197
naval,dune_bayes,1240,precision,44.176086616516116,51.40699005126953,59.55689487457275
naval,dune_bayes,1241,precision,40.592061614990236,50.560604095458984,61.58517303466797
naval,dune_bayes,1242,precision,35.754723739624026,42.93541717529297,50.21355381011963
naval,dune_bayes,1243,precision,44.73060054779053,49.093666076660156,53.968544006347656
naval,dune_bayes,1244,precision,41.571746826171875,46.81011390686035,52.21024055480957
naval,dune_bayes,1245,precision,45.70406169891358,51.410648345947266,57.332737159729
naval,dune_bayes,1246,precision,43.88102836608887,51.14879608154297,59.433336639404295
naval,dune_bayes,1247,precision,40.26782627105713,50.515581130981445,61.54045410156249
naval,dune_bayes,1248,precision,45.88199787139892,50.32464027404785,55.37550678253174
naval,dune_bayes,1249,precision,40.28299503326416,50.5217399597168,61.54395961761474
naval,dune_bayes,1250,precision,35.27021598815918,42.705047607421875,49.967538833618164
naval,dune_bayes,1251,precision,44.56213302612305,48.855777740478516,53.628245735168456
naval,dune_bayes,1252,precision,43.89992885589599,51.173078536987305,59.433820724487305
naval,dune_bayes,1253,precision,44.55962028503418,48.858097076416016,53.63540153503418
naval,dune_bayes,1254,precision,45.77762641906738,51.42836952209473,57.33983116149902
naval,dune_bayes,1255,precision,34.58393478393555,42.28476524353027,49.41433391571044
naval,dune_bayes,1256,precision,40.33151111602783,50.53854179382324,61.551194190979
naval,dune_bayes,1257,precision,41.57061653137207,46.84280776977539,52.189700508117674
naval,dune_bayes,1258,precision,44.55518970489502,48.884525299072266,53.64985942840576
naval,dune_bayes,1259,precision,40.34475193023682,50.54470443725586,61.555598640441886
naval,dune_bayes,1260,precision,41.571831703186035,46.84383010864258,52.186542129516596
naval,dune_bayes,1261,precision,44.552786636352536,48.896873474121094,53.655643463134766
naval,dune_bayes,1262,precision,45.820556640625,51.45049285888672,57.36681632995605
naval,dune_bayes,1263,precision,43.94569435119629,51.20300102233887,59.43552989959717
naval,dune_bayes,1264,precision,40.359089088439944,50.55066680908203,61.55919113159179
naval,dune_bayes,1265,precision,36.08455123901367,43.59218215942383,50.77464008331299
naval,dune_bayes,1266,precision,45.91678371429443,51.560293197631836,57.51469421386719
naval,dune_bayes,1267,precision,38.328366661071776,44.80679130554199,51.05256366729736
naval,dune_bayes,1268,precision,41.77756977081299,46.984968185424805,52.24950256347656
naval,dune_bayes,1269,precision,45.956539154052734,51.57071304321289,57.56713943481445
naval,dune_bayes,1270,precision,38.30640296936035,44.80744743347168,51.05914669036865
naval,dune_bayes,1271,precision,34.79146537780762,42.222219467163086,49.38826217651367
naval,dune_bayes,1272,precision,36.313205337524415,43.756568908691406,50.81326179504394
naval,dune_bayes,1273,precision,38.29794406890869,44.8069953918457,51.06258583068848
naval,dune_bayes,1274,precision,41.775783157348634,46.9857063293457,52.25500125885009
naval,dune_bayes,1275,precision,40.464921379089354,50.53592872619629,61.57765941619873
naval,dune_bayes,1276,precision,38.29315624237061,44.809518814086914,51.072036552429196
naval,dune_bayes,1277,precision,40.49773025512695,50.54462242126465,61.582429504394526
naval,dune_bayes,1278,precision,41.77637710571289,46.99189376831055,52.26076412200927
naval,dune_bayes,1279,precision,44.555659484863284,48.919198989868164,53.73527107238769
naval,dune_bayes,1280,precision,46.12425632476807,50.39957237243652,55.31709575653076
naval,dune_bayes,1281,precision,40.51915225982666,50.54990577697754,61.58390789031982
naval,dune_bayes,1282,precision,46.1246898651123,50.39955520629883,55.322119522094724
naval,dune_bayes,1283,precision,46.069590377807614,51.612693786621094,57.623908615112306
naval,dune_bayes,1284,precision,41.77453536987305,47.000261306762695,52.2643045425415
naval,dune_bayes,1285,precision,46.081509017944335,51.62628173828125,57.63067817687988
naval,dune_bayes,1286,precision,36.4523422241211,43.83059883117676,50.796377182006836
naval,dune_bayes,1287,precision,38.25664234161377,44.82839012145996,51.09154872894287
naval,dune_bayes,1288,precision,44.549788093566896,48.94024848937988,53.75982418060302
naval,dune_bayes,1289,precision,46.106858825683595,51.63572311401367,57.63057231903076
naval,dune_bayes,1290,precision,40.60447654724121,50.589385986328125,61.60887565612792
naval,dune_bayes,1291,precision,44.538314247131346,48.95488929748535,53.77454319000243
naval,dune_bayes,1292,precision,46.202758407592775,50.548500061035156,55.48946495056152
naval,dune_bayes,1293,precision,46.120323944091794,51.64016151428223,57.64829044342041
naval,dune_bayes,1294,precision,40.624388694763184,50.59072494506836,61.611908149719234
naval,dune_bayes,1295,precision,38.244378662109376,44.82498550415039,51.098871040344235
naval,dune_bayes,1296,precision,44.71876411437988,49.081233978271484,53.96214981079101
naval,dune_bayes,1297,precision,44.198048782348636,51.44248390197754,59.558608245849605
naval,dune_bayes,1298,precision,46.17713470458985,50.56727600097656,55.48986263275147
naval,dune_bayes,1299,precision,40.65533027648926,50.593421936035156,61.61536254882812
naval,dune_bayes,1300,precision,44.21419334411621,51.46382713317871,59.55603046417236
naval,dune_bayes,1301,precision,40.6681625366211,50.59449768066406,61.61890659332275
naval,dune_bayes,1302,precision,44.74685573577881,49.11471939086914,53.983145523071286
naval,dune_bayes,1303,precision,35.69958000183105,43.250667572021484,50.40158214569092
naval,dune_bayes,1304,precision,38.35102291107178,44.78671836853027,51.02829113006592
naval,dune_bayes,1305,precision,41.57169952392578,46.81240463256836,52.212733840942384
naval,dune_bayes,1306,precision,44.542147636413574,48.843162536621094,53.62173728942871
naval,dune_bayes,1307,precision,35.707787704467776,43.25982856750488,50.40877285003662
naval,dune_bayes,1308,precision,45.74429130554199,51.42357063293457,57.33811664581298
naval,dune_bayes,1309,precision,43.90844287872314,51.17336463928223,59.43726348876953
naval,dune_bayes,1310,precision,35.20108337402344,42.64613914489746,49.92778778076172
naval,dune_bayes,1311,precision,44.5592737197876,48.86146545410156,53.643727874755854
naval,dune_bayes,1312,precision,45.933044815063475,50.34496879577637,55.37410049438476
naval,dune_bayes,1313,precision,43.92765369415283,51.18879699707031,59.43752040863037
naval,dune_bayes,1314,precision,40.33385677337647,50.548824310302734,61.56026935577392
naval,dune_bayes,1315,precision,34.47560977935791,42.18791198730469,49.49639091491699
naval,dune_bayes,1316,precision,45.820152282714844,51.45357894897461,57.3745096206665
naval,dune_bayes,1317,precision,34.20227279663086,42.08094787597656,49.52048149108886
naval,dune_bayes,1318,precision,40.377562522888184,50.55969429016113,61.570082283020014
naval,dune_bayes,1319,precision,41.77959365844727,46.99032211303711,52.24821872711181
naval,dune_bayes,1320,precision,44.54936180114746,48.91205406188965,53.67083625793457
naval,dune_bayes,1321,precision,46.01413269042969,50.3648624420166,55.36707019805908
naval,dune_bayes,1322,precision,45.93388442993164,51.56507873535156,57.53177890777588
naval,dune_bayes,1323,precision,46.06423015594483,50.389272689819336,55.35619964599609
naval,dune_bayes,1324,precision,41.77774925231934,46.980642318725586,52.255090904235836
naval,dune_bayes,1325,precision,44.106183242797854,51.360530853271484,59.56706085205077
naval,dune_bayes,1326,precision,35.302029609680176,42.436235427856445,49.55840911865234
naval,dune_bayes,1327,precision,44.11385879516602,51.36877632141113,59.56779270172118
naval,dune_bayes,1328,precision,34.22746696472168,41.99551200866699,49.43638706207275
naval,dune_bayes,1329,precision,41.77595806121826,46.99011039733887,52.260929298400875
naval,dune_bayes,1330,precision,46.12569122314453,50.4017333984375,55.32047710418701
naval,dune_bayes,1331,precision,40.529730224609374,50.592172622680664,61.608821296691886
naval,dune_bayes,1332,precision,36.42197761535645,43.81772804260254,50.78865432739258
naval,dune_bayes,1333,precision,44.14045028686523,51.39327812194824,59.565423202514644
naval,dune_bayes,1334,precision,36.422804069519046,43.82254219055176,50.79578151702881
naval,dune_bayes,1335,precision,41.77637882232666,46.99984169006348,52.26472568511962
naval,dune_bayes,1336,precision,44.55855770111084,48.9377555847168,53.758877944946285
naval,dune_bayes,1337,precision,44.17341499328613,51.41082572937012,59.56474514007568
naval,dune_bayes,1338,precision,46.101535415649415,51.635284423828125,57.63684864044189
naval,dune_bayes,1339,precision,41.77518768310547,47.0146541595459,52.270261955261226
naval,dune_bayes,1340,precision,44.54721546173096,48.95332145690918,53.77497634887695
naval,dune_bayes,1341,precision,46.19806137084961,50.54922294616699,55.49472904205322
naval,dune_bayes,1342,precision,36.50358867645264,43.849348068237305,50.79407711029052
naval,dune_bayes,1343,precision,46.2034496307373,50.55723762512207,55.49944953918457
naval,dune_bayes,1344,precision,46.126753425598146,51.644662857055664,57.667328453063966
naval,dune_bayes,1345,precision,44.72531852722168,49.08946418762207,53.96891975402832
naval,dune_bayes,1346,precision,40.65766830444336,50.60067367553711,61.62555713653564
naval,dune_bayes,1347,precision,38.44556579589844,45.00968933105469,51.252020263671874
naval,dune_bayes,1348,precision,44.21310749053955,51.46297264099121,59.56028518676757
naval,dune_bayes,1349,precision,40.67356224060059,50.60225296020508,61.62710571289062
naval,dune_bayes,1350,precision,38.44490566253662,45.00761413574219,51.25452327728271
naval,dune_bayes,1351,precision,41.77494602203369,47.009254455566406,52.278292083740226
naval,dune_bayes,1352,precision,35.1761812210083,42.35681343078613,49.51070022583008
naval,dune_bayes,1353,precision,46.177264022827146,51.70048713684082,57.71515159606933
naval,dune_bayes,1354,precision,40.69987525939941,50.60908508300781,61.63369159698485
naval,dune_bayes,1355,precision,35.12546501159668,42.84660339355469,50.23609142303466
naval,dune_bayes,1356,precision,45.883284187316896,50.333038330078125,55.38394222259521
naval,dune_bayes,1357,precision,44.56369972229004,48.86501121520996,53.64470806121826
naval,dune_bayes,1358,precision,45.78445835113526,51.43649101257324,57.364129066467285
naval,dune_bayes,1359,precision,40.33662872314453,50.558048248291016,61.56876907348632
naval,dune_bayes,1360,precision,35.0427526473999,42.47910118103027,49.606708145141596
naval,dune_bayes,1361,precision,44.55599575042724,48.90349197387695,53.66466941833496
naval,dune_bayes,1362,precision,36.095262145996095,43.63243293762207,50.80042686462402
naval,dune_bayes,1363,precision,46.00527458190918,50.36963653564453,55.37327308654785
naval,dune_bayes,1364,precision,45.90650043487549,51.57275581359863,57.50958251953125
naval,dune_bayes,1365,precision,40.39708786010742,50.563758850097656,61.580976676940914
naval,dune_bayes,1366,precision,41.77938938140869,46.98856163024902,52.25033874511718
naval,dune_bayes,1367,precision,44.068592643737794,51.27280044555664,59.577249908447264
naval,dune_bayes,1368,precision,45.94290275573731,51.567941665649414,57.54759120941162
naval,dune_bayes,1369,precision,34.1579402923584,42.3336124420166,50.15746250152588
naval,dune_bayes,1370,precision,40.47020416259765,50.59267044067383,61.60418872833251
naval,dune_bayes,1371,precision,34.26000633239746,42.436973571777344,50.24113578796386
naval,dune_bayes,1372,precision,46.07379093170166,50.397178649902344,55.35672016143799
naval,dune_bayes,1373,precision,45.96958980560303,51.58027267456055,57.5853967666626
naval,dune_bayes,1374,precision,40.48181667327881,50.59448432922363,61.60628070831298
naval,dune_bayes,1375,precision,46.08692684173584,50.40039825439453,55.34710865020752
naval,dune_bayes,1376,precision,44.10038890838623,51.360857009887695,59.57003669738769
naval,dune_bayes,1377,precision,38.293337059021,44.814395904541016,51.05980129241943
naval,dune_bayes,1378,precision,41.77750129699707,46.97780990600586,52.257217216491696
naval,dune_bayes,1379,precision,38.28845748901367,44.81321334838867,51.069207191467285
naval,dune_bayes,1380,precision,40.514855575561526,50.59849548339844,61.6132978439331
naval,dune_bayes,1381,precision,44.158322715759276,51.4056339263916,59.569445991516105
naval,dune_bayes,1382,precision,36.515308952331544,43.832427978515625,50.81793022155762
naval,dune_bayes,1383,precision,34.42048168182373,42.582937240600586,50.329767799377436
naval,dune_bayes,1384,precision,41.77652759552002,47.01556205749512,52.2702127456665
naval,dune_bayes,1385,precision,44.55206089019775,48.948774337768555,53.775778961181636
naval,dune_bayes,1386,precision,44.722083282470706,49.078325271606445,53.96411399841308
naval,dune_bayes,1387,precision,36.62837371826172,43.85301399230957,50.818157005310056
naval,dune_bayes,1388,precision,38.44559879302979,45.01095962524414,51.2560209274292
naval,dune_bayes,1389,precision,40.67615737915039,50.61002731323242,61.6371784210205
naval,dune_bayes,1390,precision,38.44352798461914,45.009225845336914,51.257474708557126
naval,dune_bayes,1391,precision,46.196487236022946,50.5756778717041,55.49555835723877
naval,dune_bayes,1392,precision,44.22047424316406,51.47032356262207,59.56289844512939
naval,dune_bayes,1393,precision,40.69003105163574,50.61059761047363,61.63923053741454
naval,dune_bayes,1394,precision,36.71933498382568,43.86078643798828,50.80301609039306
naval,dune_bayes,1395,precision,36.735130310058594,43.87934684753418,50.78689250946044
naval,dune_bayes,1396,precision,38.44134407043457,45.00256538391113,51.26267147064208
naval,dune_bayes,1397,precision,40.718984603881836,50.61958312988281,61.64422187805175
naval,dune_bayes,1398,precision,41.574599266052246,46.81347846984863,52.21996212005615
naval,dune_bayes,1399,precision,43.93446998596191,51.181684494018555,59.44095115661621
naval,dune_bayes,1400,precision,40.323061561584474,50.55636787414551,61.575163650512685
naval,dune_bayes,1401,precision,35.70854721069336,43.29167175292969,50.47337322235107
naval,dune_bayes,1402,precision,45.91495780944824,50.34892463684082,55.38586845397949
naval,dune_bayes,1403,precision,38.3486364364624,44.791866302490234,51.0307804107666
naval,dune_bayes,1404,precision,45.93651123046875,50.35323715209961,55.38550071716308
naval,dune_bayes,1405,precision,38.34750480651856,44.79294776916504,51.03337459564209
naval,dune_bayes,1406,precision,34.984218788146975,42.44376564025879,49.506789398193355
naval,dune_bayes,1407,precision,45.91987533569336,51.57795524597168,57.52591609954834
naval,dune_bayes,1408,precision,36.15721607208252,43.67758560180664,50.80912094116211
naval,dune_bayes,1409,precision,46.03668785095215,50.37997627258301,55.37497329711914
naval,dune_bayes,1410,precision,41.779259872436526,46.98283004760742,52.256087875366205
naval,dune_bayes,1411,precision,41.77925338745117,46.98089790344238,52.25774745941162
naval,dune_bayes,1412,precision,45.986797142028806,51.59196853637695,57.60181827545166
naval,dune_bayes,1413,precision,44.093509674072266,51.35638618469238,59.579939079284664
naval,dune_bayes,1414,precision,38.29597187042236,44.8184757232666,51.052805709838864
naval,dune_bayes,1415,precision,41.77774028778076,46.97709274291992,52.25840854644775
naval,dune_bayes,1416,precision,44.54285297393799,48.91409111022949,53.719904518127436
naval,dune_bayes,1417,precision,40.50853424072265,50.60451316833496,61.6216905593872
naval,dune_bayes,1418,precision,36.37633876800537,43.79867935180664,50.783517837524414
naval,dune_bayes,1419,precision,46.11706829071045,50.40573310852051,55.33840637207031
naval,dune_bayes,1420,precision,40.5210376739502,50.60614013671875,61.622682571411126
naval,dune_bayes,1421,precision,44.563622093200685,48.915897369384766,53.745203971862786
naval,dune_bayes,1422,precision,46.13397407531738,50.40749549865723,55.33537311553955
naval,dune_bayes,1423,precision,46.05277519226074,51.60953903198242,57.648418235778806
naval,dune_bayes,1424,precision,44.139503479003906,51.40121650695801,59.57318687438964
naval,dune_bayes,1425,precision,41.776109886169436,47.006147384643555,52.27061595916747
naval,dune_bayes,1426,precision,46.102561950683594,51.63949394226074,57.65362987518311
naval,dune_bayes,1427,precision,40.63658485412598,50.6140251159668,61.6392292022705
naval,dune_bayes,1428,precision,34.32670135498047,42.48369789123535,50.28834877014159
naval,dune_bayes,1429,precision,44.19575729370117,51.44011306762695,59.56935348510742
naval,dune_bayes,1430,precision,46.20947666168213,50.56816864013672,55.51431579589844
naval,dune_bayes,1431,precision,38.44224472045899,45.0098934173584,51.26112251281738
naval,dune_bayes,1432,precision,35.59150409698486,43.10407638549805,50.376957893371575
naval,dune_bayes,1433,precision,38.441636085510254,45.00886917114258,51.26359348297119
naval,dune_bayes,1434,precision,35.72823829650879,43.06323051452637,50.310547447204584
naval,dune_bayes,1435,precision,44.234748649597165,51.48192596435547,59.56480140686035
naval,dune_bayes,1436,precision,36.748494148254395,43.875288009643555,50.67427406311034
naval,dune_bayes,1437,precision,38.437988662719725,45.00073432922363,51.26768836975097
naval,dune_bayes,1438,precision,44.77061576843262,49.13693618774414,54.008559417724605
naval,dune_bayes,1439,precision,44.56915340423584,48.86695861816406,53.64654560089111
naval,dune_bayes,1440,precision,43.95202484130859,51.18920707702637,59.4427978515625
naval,dune_bayes,1441,precision,40.38394737243652,50.582801818847656,61.60186710357665
naval,dune_bayes,1442,precision,41.57491912841797,46.81811714172363,52.21803398132324
naval,dune_bayes,1443,precision,45.92652931213379,50.35630416870117,55.389204788208005
naval,dune_bayes,1444,precision,45.78848037719727,51.45648193359375,57.38898830413818
naval,dune_bayes,1445,precision,43.96175117492676,51.19708061218262,59.44326667785644
naval,dune_bayes,1446,precision,44.56492538452149,48.87698745727539,53.66104049682617
naval,dune_bayes,1447,precision,45.859283447265625,51.55699348449707,57.53046207427978
naval,dune_bayes,1448,precision,45.88016319274902,51.57263374328613,57.519476318359374
naval,dune_bayes,1449,precision,40.43031997680664,50.59872245788574,61.610967636108384
naval,dune_bayes,1450,precision,40.44586696624756,50.60276985168457,61.613110733032215
naval,dune_bayes,1451,precision,41.78134174346924,46.98763084411621,52.254845428466794
naval,dune_bayes,1452,precision,44.55485191345215,48.91965866088867,53.677751541137695
naval,dune_bayes,1453,precision,46.02840328216553,50.376150131225586,55.38131980895996
naval,dune_bayes,1454,precision,45.93618240356445,51.581857681274414,57.54293365478515
naval,dune_bayes,1455,precision,44.06444683074951,51.28774833679199,59.596612167358394
naval,dune_bayes,1456,precision,40.470424270629884,50.60618019104004,61.617242813110344
naval,dune_bayes,1457,precision,38.316989707946775,44.81411361694336,51.041312789916994
naval,dune_bayes,1458,precision,45.951541328430174,51.579389572143555,57.56125431060791
naval,dune_bayes,1459,precision,40.48165225982666,50.60776901245117,61.620390701293935
naval,dune_bayes,1460,precision,36.23113079071045,43.72625732421875,50.800071144104
naval,dune_bayes,1461,precision,38.3034107208252,44.82348823547363,51.046308517456055
naval,dune_bayes,1462,precision,41.779052352905275,46.98079872131348,52.258379936218255
naval,dune_bayes,1463,precision,45.982337188720706,51.58974647521973,57.599189567565915
naval,dune_bayes,1464,precision,38.295691108703615,44.82266044616699,51.048732376098634
naval,dune_bayes,1465,precision,46.09245548248291,50.40117073059082,55.35889225006103
naval,dune_bayes,1466,precision,38.2745698928833,44.81899833679199,51.07634792327881
naval,dune_bayes,1467,precision,46.1369707107544,50.40983772277832,55.345288848876955
naval,dune_bayes,1468,precision,41.7774995803833,46.99454307556152,52.26719226837157
naval,dune_bayes,1469,precision,34.03968677520752,41.911725997924805,49.44369430541992
naval,dune_bayes,1470,precision,40.62264060974121,50.619956970214844,61.64538593292235
naval,dune_bayes,1471,precision,38.24933280944824,44.82614517211914,51.10598354339599
naval,dune_bayes,1472,precision,46.18404846191406,50.559967041015625,55.5058256149292
naval,dune_bayes,1473,precision,33.9827880859375,42.30611228942871,50.222129821777344
naval,dune_bayes,1474,precision,44.73567199707031,49.07544708251953,53.96601734161377
naval,dune_bayes,1475,precision,46.110464859008786,51.64798927307129,57.67341003417969
naval,dune_bayes,1476,precision,36.69491271972656,43.83888626098633,50.79973678588867
naval,dune_bayes,1477,precision,41.77662296295166,47.0143985748291,52.27422409057617
naval,dune_bayes,1478,precision,46.22164516448974,50.57274627685547,55.519921493530276
naval,dune_bayes,1479,precision,34.40633602142334,42.572675704956055,50.32999401092528
naval,dune_bayes,1480,precision,34.68758697509766,42.709354400634766,50.36591339111328
naval,dune_bayes,1481,precision,41.77693195343018,47.02142906188965,52.27776050567626
naval,dune_bayes,1482,precision,35.00270156860351,42.88055229187012,50.253657913207995
naval,dune_bayes,1483,precision,46.20214500427246,50.580501556396484,55.50927104949951
naval,dune_bayes,1484,precision,44.22580986022949,51.476402282714844,59.569807052612305
naval,dune_bayes,1485,precision,36.74731597900391,43.87137031555176,50.67412509918212
naval,dune_bayes,1486,precision,41.77590980529785,47.01461219787598,52.28253784179687
naval,dune_bayes,1487,precision,44.24201374053955,51.48822784423828,59.567453384399414
naval,dune_bayes,1488,precision,35.3112060546875,42.58908653259277,49.70239276885986
naval,dune_bayes,1489,precision,41.7728235244751,47.00876998901367,52.28424053192138
naval,dune_bayes,1490,precision,38.35098857879639,44.78937530517578,51.022487258911134
naval,dune_bayes,1491,precision,43.97006244659424,51.19733428955078,59.44320774078369
naval,dune_bayes,1492,precision,41.57596302032471,46.814157485961914,52.22040348052978
naval,dune_bayes,1493,precision,35.20436401367188,42.87285804748535,50.26587409973144
naval,dune_bayes,1494,precision,44.566701316833495,48.890554428100586,53.667454910278316
naval,dune_bayes,1495,precision,45.958418655395505,50.3655948638916,55.39156684875488
naval,dune_bayes,1496,precision,35.321884346008304,42.85055160522461,50.277579116821286
naval,dune_bayes,1497,precision,38.33961925506592,44.797040939331055,51.030372810363765
naval,dune_bayes,1498,precision,45.97817764282227,50.37077713012695,55.39000949859619
naval,dune_bayes,1499,precision,36.16235504150391,43.67735481262207,50.793654060363764
naval,dune_bayes,1500,precision,40.486313819885254,50.61484909057617,61.628753280639636
naval,dune_bayes,1501,precision,36.20638294219971,43.701969146728516,50.800101089477536
naval,dune_bayes,1502,precision,38.30335464477539,44.8195743560791,51.042246627807614
naval,dune_bayes,1503,precision,44.55051326751709,48.91493034362793,53.71270885467529
naval,dune_bayes,1504,precision,46.07590942382812,50.39836311340332,55.3722562789917
naval,dune_bayes,1505,precision,36.318350601196286,43.76657485961914,50.78822288513183
naval,dune_bayes,1506,precision,41.77943019866943,46.97810173034668,52.261242103576656
naval,dune_bayes,1507,precision,44.54879875183106,48.91361618041992,53.72091884613037
naval,dune_bayes,1508,precision,46.08924598693848,50.39980888366699,55.37080078125
naval,dune_bayes,1509,precision,36.36321754455567,43.791730880737305,50.77515926361084
naval,dune_bayes,1510,precision,40.531263160705564,50.62114334106445,61.64117469787597
naval,dune_bayes,1511,precision,34.192854690551755,42.361589431762695,50.166860580444336
naval,dune_bayes,1512,precision,41.778924560546876,46.9799690246582,52.263846206665036
naval,dune_bayes,1513,precision,46.128000259399414,50.40468978881836,55.34993076324463
naval,dune_bayes,1514,precision,44.561529350280765,48.91226577758789,53.74438991546631
naval,dune_bayes,1515,precision,41.777611541748044,46.988821029663086,52.26604194641113
naval,dune_bayes,1516,precision,46.14016990661621,50.414682388305664,55.349860954284665
naval,dune_bayes,1517,precision,40.58675956726074,50.62459182739258,61.64904747009277
naval,dune_bayes,1518,precision,36.4478515625,43.8121280670166,50.77756958007812
naval,dune_bayes,1519,precision,40.60774230957031,50.62637519836426,61.65106506347655
naval,dune_bayes,1520,precision,36.50772666931152,43.82102584838867,50.813778495788576
naval,dune_bayes,1521,precision,44.58016166687012,48.9326057434082,53.769134712219234
naval,dune_bayes,1522,precision,46.079314422607425,51.621931076049805,57.67212448120117
naval,dune_bayes,1523,precision,44.17794990539551,51.42504119873047,59.585836219787595
naval,dune_bayes,1524,precision,36.57117538452148,43.82986831665039,50.80851516723632
naval,dune_bayes,1525,precision,41.77808437347412,46.9993953704834,52.27076263427734
naval,dune_bayes,1526,precision,44.74458198547363,49.074920654296875,53.96700820922852
naval,dune_bayes,1527,precision,40.65943584442139,50.630191802978516,61.65849514007567
naval,dune_bayes,1528,precision,33.99092597961426,42.06137657165527,49.95065288543701
naval,dune_bayes,1529,precision,46.213267135620114,50.58029747009277,55.53002758026123
naval,dune_bayes,1530,precision,34.21491394042969,42.450151443481445,50.25940685272216
naval,dune_bayes,1531,precision,38.44008541107178,45.005096435546875,51.26603412628174
naval,dune_bayes,1532,precision,46.19736728668213,50.58319282531738,55.527238082885745
naval,dune_bayes,1533,precision,44.21733283996582,51.4698486328125,59.5740779876709
naval,dune_bayes,1534,precision,36.758188247680664,43.8731575012207,50.6695701599121
naval,dune_bayes,1535,precision,38.43791561126709,45.00950050354004,51.27129364013672
naval,dune_bayes,1536,precision,41.77684555053711,47.024269104003906,52.281378936767574
naval,dune_bayes,1537,precision,44.755744552612306,49.124855041503906,54.00151805877685
naval,dune_bayes,1538,precision,44.23301448822021,51.48266792297363,59.572506713867185
naval,dune_bayes,1539,precision,38.436323738098146,45.004886627197266,51.27399311065673
naval,dune_bayes,1540,precision,40.745431137084964,50.63785934448242,61.6742691040039
naval,dune_bayes,1541,precision,35.667503356933594,43.11286926269531,50.33913612365722
naval,dune_bayes,1542,precision,38.43361873626709,44.997629165649414,51.27770709991455
naval,dune_bayes,1543,precision,34.806006622314456,42.686710357666016,50.27935180664062
naval,dune_bayes,1544,precision,45.928198623657224,50.36335372924805,55.39816627502441
naval,dune_bayes,1545,precision,45.85140552520752,51.55658721923828,57.553304290771486
naval,dune_bayes,1546,precision,44.568043899536136,48.88335990905762,53.66989326477051
naval,dune_bayes,1547,precision,40.43789844512939,50.612483978271484,61.62572021484374
naval,dune_bayes,1548,precision,45.969818115234375,50.374820709228516,55.39583148956299
naval,dune_bayes,1549,precision,45.894738388061526,51.58664131164551,57.52901992797851
naval,dune_bayes,1550,precision,44.038808822631836,51.27365303039551,59.577775955200195
naval,dune_bayes,1551,precision,40.45079746246338,50.6169376373291,61.63039226531981
naval,dune_bayes,1552,precision,41.783294105529784,46.9717960357666,52.2556547164917
naval,dune_bayes,1553,precision,45.894615173339844,51.59536170959473,57.518111228942864
naval,dune_bayes,1554,precision,38.326131629943845,44.80253982543945,51.031427192687985
naval,dune_bayes,1555,precision,44.560732460021974,48.92388343811035,53.68246288299561
naval,dune_bayes,1556,precision,44.05361213684082,51.29485321044922,59.60577621459961
naval,dune_bayes,1557,precision,44.55867385864258,48.91792297363281,53.68192729949951
naval,dune_bayes,1558,precision,46.029721069335935,50.387895584106445,55.39019241333008
naval,dune_bayes,1559,precision,44.069513130187985,51.31621170043945,59.617329788208
naval,dune_bayes,1560,precision,44.55480461120605,48.915449142456055,53.712748527526855
naval,dune_bayes,1561,precision,46.06988658905029,50.399658203125,55.38234901428223
naval,dune_bayes,1562,precision,46.08434791564942,50.40326499938965,55.379403305053714
naval,dune_bayes,1563,precision,46.10043811798096,50.405569076538086,55.36988925933838
naval,dune_bayes,1564,precision,34.1457597732544,42.14699745178223,49.85444450378417
naval,dune_bayes,1565,precision,34.24068050384521,42.273244857788086,50.06389617919921
naval,dune_bayes,1566,precision,44.13703327178955,51.41157913208008,59.60781574249267
naval,dune_bayes,1567,precision,41.77946224212646,46.98781967163086,52.26834430694579
naval,dune_bayes,1568,precision,44.58806610107422,48.92315101623535,53.761403656005854
naval,dune_bayes,1569,precision,40.61031875610352,50.63339805603027,61.66063079833984
naval,dune_bayes,1570,precision,36.44883270263672,43.81390190124512,50.77978458404541
naval,dune_bayes,1571,precision,46.17571678161621,50.56082534790039,55.54207000732422
naval,dune_bayes,1572,precision,41.7777961730957,46.99880027770996,52.27295703887939
naval,dune_bayes,1573,precision,46.11137218475342,51.65644073486328,57.69378147125244
naval,dune_bayes,1574,precision,36.71605892181397,43.844865798950195,50.79450531005859
naval,dune_bayes,1575,precision,38.25053310394287,44.821401596069336,51.11988868713379
naval,dune_bayes,1576,precision,46.123694610595706,51.6623477935791,57.70970363616943
naval,dune_bayes,1577,precision,44.745901870727536,49.109914779663086,53.99665927886963
naval,dune_bayes,1578,precision,46.14966506958008,51.68343162536621,57.74475040435791
naval,dune_bayes,1579,precision,44.764780044555664,49.13461494445801,54.01188240051269
naval,dune_bayes,1580,precision,38.43432121276855,45.00442314147949,51.27934532165527
naval,dune_bayes,1581,precision,46.18741149902344,51.72734451293945,57.785111808776854
naval,dune_bayes,1582,precision,46.213074684143066,51.73921012878418,57.80412769317627
naval,dune_bayes,1583,precision,44.57021083831787,48.897071838378906,53.676703643798824
naval,dune_bayes,1584,precision,45.9608076095581,50.37858963012695,55.40196018218994
naval,dune_bayes,1585,precision,44.03206195831299,51.273664474487305,59.5804256439209
naval,dune_bayes,1586,precision,41.783089828491214,46.97821807861328,52.25971298217773
naval,dune_bayes,1587,precision,44.55928497314453,48.91954231262207,53.67877044677734
naval,dune_bayes,1588,precision,44.05422668457031,51.3053092956543,59.62342205047607
naval,dune_bayes,1589,precision,35.25094738006592,42.844852447509766,50.27662391662597
naval,dune_bayes,1590,precision,38.31275863647461,44.808204650878906,51.03243312835693
naval,dune_bayes,1591,precision,44.55803451538086,48.91585350036621,53.69510192871094
naval,dune_bayes,1592,precision,38.30775203704834,44.81313896179199,51.034943389892575
naval,dune_bayes,1593,precision,44.55639839172363,48.91456604003906,53.71483459472656
naval,dune_bayes,1594,precision,40.51905555725098,50.63242530822754,61.65254955291747
naval,dune_bayes,1595,precision,34.92578182220459,42.49016571044922,49.61050128936767
naval,dune_bayes,1596,precision,36.332958984375,43.77787399291992,50.77001895904541
naval,dune_bayes,1597,precision,38.29925804138183,44.81764793395996,51.037437438964844
naval,dune_bayes,1598,precision,41.78130702972412,46.9789981842041,52.26418762207031
naval,dune_bayes,1599,precision,46.09497509002686,50.41049575805664,55.381070137023926
naval,dune_bayes,1600,precision,44.09971961975098,51.382402420043945,59.62367000579834
naval,dune_bayes,1601,precision,34.20756282806396,42.15538215637207,49.58851585388183
naval,dune_bayes,1602,precision,36.38659954071045,43.790836334228516,50.75292930603027
naval,dune_bayes,1603,precision,46.01830940246582,51.62355041503906,57.648036575317384
naval,dune_bayes,1604,precision,40.57239189147949,50.638051986694336,61.664305114746085
naval,dune_bayes,1605,precision,41.77849903106689,46.98712158203125,52.26827964782714
naval,dune_bayes,1606,precision,46.04322738647461,51.62448310852051,57.68577480316162
naval,dune_bayes,1607,precision,44.15462875366211,51.42136764526367,59.61516799926757
naval,dune_bayes,1608,precision,44.16598396301269,51.426321029663086,59.614400863647454
naval,dune_bayes,1609,precision,46.06697731018066,51.62194061279297,57.69156036376953
naval,dune_bayes,1610,precision,36.5616849899292,43.82225036621094,50.805407142639154
naval,dune_bayes,1611,precision,40.650892639160155,50.64349174499512,61.67401103973388
naval,dune_bayes,1612,precision,44.582834815979005,48.94222831726074,53.78664817810058
naval,dune_bayes,1613,precision,40.68161525726318,50.6468620300293,61.67876567840575
naval,dune_bayes,1614,precision,34.03221416473389,41.938669204711914,49.48703136444092
naval,dune_bayes,1615,precision,36.740740585327146,43.86774826049805,50.78206825256347
naval,dune_bayes,1616,precision,36.82047710418701,43.8838996887207,50.66551418304442
naval,dune_bayes,1617,precision,40.724532508850096,50.65117835998535,61.68754692077636
naval,dune_bayes,1618,precision,33.97664203643799,42.3137264251709,50.219190979003905
naval,dune_bayes,1619,precision,36.803303718566895,43.877092361450195,50.66590099334716
naval,dune_bayes,1620,precision,44.75312423706055,49.12126922607422,54.00512714385986
naval,dune_bayes,1621,precision,46.20768814086914,50.59326934814453,55.528504371643066
naval,dune_bayes,1622,precision,36.853131484985354,43.87600898742676,50.67942161560058
naval,dune_bayes,1623,precision,46.170182609558104,51.71586227416992,57.780898857116696
naval,dune_bayes,1624,precision,44.23910617828369,51.488874435424805,59.58356552124023
naval,dune_bayes,1625,precision,46.181784057617186,51.7282829284668,57.79298152923584
naval,dune_bayes,1626,precision,40.76713886260986,50.65456962585449,61.695317840576166
naval,dune_bayes,1627,precision,44.780631637573244,49.138458251953125,54.02606563568115
naval,dune_bayes,1628,precision,34.98655738830566,42.865163803100586,50.26409816741942
naval,dune_bayes,1629,precision,36.85443172454834,43.88058280944824,50.58978157043457
naval,dune_bayes,1630,precision,41.771460914611815,47.01186180114746,52.28944931030273
naval,dune_bayes,1631,precision,46.28196048736572,50.623727798461914,55.52124652862549
naval,dune_bayes,1632,precision,44.27031993865967,51.536163330078125,59.5751407623291
naval,dune_bayes,1633,precision,44.02570781707764,51.27298355102539,59.58371982574462
naval,dune_bayes,1634,precision,38.338581275939944,44.79140281677246,51.02153205871582
naval,dune_bayes,1635,precision,45.898519325256345,51.60897445678711,57.53191757202148
naval,dune_bayes,1636,precision,36.26525459289551,43.729610443115234,50.767972755432126
naval,dune_bayes,1637,precision,41.783500289916994,46.972578048706055,52.260929870605466
naval,dune_bayes,1638,precision,46.01252899169922,50.39011764526367,55.40122756958008
naval,dune_bayes,1639,precision,35.24445018768311,42.869361877441406,50.29400482177734
naval,dune_bayes,1640,precision,36.27724895477295,43.73526954650879,50.76920127868652
naval,dune_bayes,1641,precision,46.03263988494873,50.39487838745117,55.39969062805176
naval,dune_bayes,1642,precision,40.512223625183104,50.63780975341797,61.65730266571044
naval,dune_bayes,1643,precision,41.78108081817627,46.98190879821777,52.26619186401366
naval,dune_bayes,1644,precision,44.55507221221924,48.91468620300293,53.73737754821777
naval,dune_bayes,1645,precision,34.41327247619629,42.18731689453125,49.53849639892577
naval,dune_bayes,1646,precision,46.024123191833496,51.63513946533203,57.664330291748044
naval,dune_bayes,1647,precision,36.473938369750975,43.7966365814209,50.80848979949951
naval,dune_bayes,1648,precision,38.273522567749026,44.82697105407715,51.05933456420898
naval,dune_bayes,1649,precision,44.57068367004395,48.91581153869629,53.755809402465815
naval,dune_bayes,1650,precision,44.165075874328615,51.428218841552734,59.62687187194824
naval,dune_bayes,1651,precision,40.61792678833008,50.64819145202637,61.67796955108642
naval,dune_bayes,1652,precision,36.48287448883057,43.80889892578125,50.812141799926756
naval,dune_bayes,1653,precision,46.15374755859375,50.42679023742676,55.37414684295654
naval,dune_bayes,1654,precision,46.18863792419434,50.566946029663086,55.54981632232666
naval,dune_bayes,1655,precision,44.181149864196776,51.435495376586914,59.6192720413208
naval,dune_bayes,1656,precision,34.339131355285645,42.49147033691406,50.296981430053705
naval,dune_bayes,1657,precision,46.192739486694336,50.57198524475098,55.53872280120849
naval,dune_bayes,1658,precision,40.66845417022705,50.65289878845215,61.68666248321532
naval,dune_bayes,1659,precision,38.25931873321533,44.8193359375,51.11894207000732
naval,dune_bayes,1660,precision,44.756285667419434,49.0876350402832,53.983558654785156
naval,dune_bayes,1661,precision,44.20594959259033,51.45562934875488,59.60965633392333
naval,dune_bayes,1662,precision,35.64925537109375,43.03932189941406,50.31461544036865
naval,dune_bayes,1663,precision,46.21461734771729,50.594125747680664,55.53745746612549
naval,dune_bayes,1664,precision,33.933790588378905,41.94738578796387,49.53708324432373
naval,dune_bayes,1665,precision,44.23054504394531,51.48383712768555,59.59980735778808
naval,dune_bayes,1666,precision,46.16406726837158,51.720943450927734,57.783233642578125
naval,dune_bayes,1667,precision,34.26855201721192,42.48260307312012,50.285405349731434
naval,dune_bayes,1668,precision,36.82635612487793,43.89685821533203,50.63191661834716
naval,dune_bayes,1669,precision,46.19082145690918,51.740211486816406,57.81068630218506
naval,dune_bayes,1670,precision,44.78885955810547,49.13882637023926,54.034604454040526
naval,dune_bayes,1671,precision,34.9254056930542,42.81041145324707,50.26437244415282
naval,dune_bayes,1672,precision,36.839453315734865,43.86185836791992,50.56598873138427
naval,dune_bayes,1673,precision,46.28162441253662,50.62610054016113,55.526103210449214
naval,dune_bayes,1674,precision,38.426365280151366,45.000022888183594,51.29383373260498
naval,dune_bayes,1675,precision,40.83091297149658,50.69270896911621,61.712905693054196
naval,dune_bayes,1676,precision,41.5793270111084,46.796836853027344,52.23503513336182
naval,dune_bayes,1677,precision,34.8107385635376,42.6999626159668,50.30282363891601
naval,dune_bayes,1678,precision,36.21655540466308,43.70642280578613,50.768917083740234
naval,dune_bayes,1679,precision,44.03472118377685,51.294015884399414,59.59534454345703
naval,dune_bayes,1680,precision,40.48972339630127,50.64056205749512,61.661521530151354
naval,dune_bayes,1681,precision,38.32518424987793,44.7982292175293,51.02259178161621
naval,dune_bayes,1682,precision,41.78332176208496,46.96634483337402,52.261274528503414
naval,dune_bayes,1683,precision,40.50509052276611,50.642967224121094,61.66409912109374
naval,dune_bayes,1684,precision,41.78328800201416,46.97258186340332,52.26317806243896
naval,dune_bayes,1685,precision,35.13756790161133,42.85575485229492,50.288009262084955
naval,dune_bayes,1686,precision,44.5652250289917,48.915496826171875,53.697041511535645
naval,dune_bayes,1687,precision,40.52852840423584,50.6464900970459,61.67024135589599
naval,dune_bayes,1688,precision,44.0791561126709,51.343679428100586,59.64823875427246
naval,dune_bayes,1689,precision,41.783223724365236,46.98480033874512,52.26856021881103
naval,dune_bayes,1690,precision,35.17645053863525,42.69523620605469,50.02056732177734
naval,dune_bayes,1691,precision,44.55634231567383,48.91643142700195,53.73951835632324
naval,dune_bayes,1692,precision,46.103362274169925,50.424015045166016,55.38519401550293
naval,dune_bayes,1693,precision,44.55496826171875,48.918025970458984,53.74804611206054
naval,dune_bayes,1694,precision,36.487471961975096,43.795881271362305,50.80368556976318
naval,dune_bayes,1695,precision,44.152581787109376,51.42623329162598,59.64162902832031
naval,dune_bayes,1696,precision,36.51902027130127,43.802621841430664,50.800155067443846
naval,dune_bayes,1697,precision,44.583841514587405,48.92102813720703,53.76301746368408
naval,dune_bayes,1698,precision,41.78040237426758,46.99620056152344,52.27442073822021
naval,dune_bayes,1699,precision,44.60686702728272,48.932905197143555,53.7794807434082
naval,dune_bayes,1700,precision,34.223048782348634,42.37178993225098,50.170386123657224
naval,dune_bayes,1701,precision,44.601281356811526,48.93925094604492,53.78626556396484
naval,dune_bayes,1702,precision,41.77847194671631,46.99808692932129,52.27708358764648
naval,dune_bayes,1703,precision,41.779134368896486,47.00233459472656,52.27866706848144
naval,dune_bayes,1704,precision,36.73934097290039,43.8565616607666,50.78360805511474
naval,dune_bayes,1705,precision,35.21220397949219,42.94924736022949,50.435856819152825
naval,dune_bayes,1706,precision,38.43498229980469,44.999305725097656,51.280609703063966
naval,dune_bayes,1707,precision,44.75027332305908,49.10365104675293,53.999481391906734
naval,dune_bayes,1708,precision,46.228231048583986,50.594892501831055,55.541958236694335
naval,dune_bayes,1709,precision,46.13344097137451,51.68779373168945,57.74900493621826
naval,dune_bayes,1710,precision,46.21691246032715,50.59966850280762,55.53812084197998
naval,dune_bayes,1711,precision,40.74602851867676,50.666961669921875,61.70735645294189
naval,dune_bayes,1712,precision,44.24478988647461,51.49807357788086,59.607110214233394
naval,dune_bayes,1713,precision,36.86457271575928,43.89182662963867,50.714914321899414
naval,dune_bayes,1714,precision,41.777944564819336,47.02193069458008,52.2870506286621
naval,dune_bayes,1715,precision,46.25035209655762,50.61630058288574,55.533386421203616
naval,dune_bayes,1716,precision,40.78867931365967,50.67446708679199,61.71625385284423
naval,dune_bayes,1717,precision,36.834085083007814,43.89596939086914,50.59522266387939
naval,dune_bayes,1718,precision,38.427324295043945,45.00356101989746,51.29189167022705
naval,dune_bayes,1719,precision,46.28080062866211,50.62892723083496,55.52811069488525
naval,dune_bayes,1720,precision,44.26859264373779,51.53523063659668,59.596668815612794
naval,dune_bayes,1721,precision,35.00565242767334,42.8900032043457,50.28363647460936
naval,dune_bayes,1722,precision,46.23488578796387,51.77338218688965,57.83268222808838
naval,dune_bayes,1723,precision,44.57570934295654,48.91692352294922,53.692212677001955
naval,dune_bayes,1724,precision,45.90266513824463,51.61320495605469,57.54789524078369
naval,dune_bayes,1725,precision,44.031144523620604,51.293657302856445,59.59255809783935
naval,dune_bayes,1726,precision,40.50781421661377,50.64976692199707,61.67218723297118
naval,dune_bayes,1727,precision,41.78543319702148,46.968971252441406,52.26532955169677
naval,dune_bayes,1728,precision,44.04654998779297,51.31454277038574,59.63294239044189
naval,dune_bayes,1729,precision,41.78308601379395,46.97247123718262,52.26546459197998
naval,dune_bayes,1730,precision,45.95421199798584,51.61613082885742,57.58345050811767
naval,dune_bayes,1731,precision,35.0233570098877,42.80039024353027,50.27900657653808
naval,dune_bayes,1732,precision,41.78302898406982,46.98535346984863,52.269108772277825
naval,dune_bayes,1733,precision,44.562665939331055,48.918325424194336,53.73066787719726
naval,dune_bayes,1734,precision,46.07643280029297,50.412696838378906,55.40269165039062
naval,dune_bayes,1735,precision,38.28882884979248,44.81546592712402,51.030205154418944
naval,dune_bayes,1736,precision,46.00140495300293,51.626007080078125,57.64029464721679
naval,dune_bayes,1737,precision,35.18920345306397,42.740034103393555,50.14529933929443
naval,dune_bayes,1738,precision,38.28276348114014,44.81997299194336,51.0357458114624
naval,dune_bayes,1739,precision,44.55912075042725,48.92035484313965,53.746771812438965
naval,dune_bayes,1740,precision,40.583811378479005,50.65968704223633,61.687993049621575
naval,dune_bayes,1741,precision,40.60395202636719,50.6610107421875,61.692265701293934
naval,dune_bayes,1742,precision,40.62472381591797,50.66265106201172,61.69545040130614
naval,dune_bayes,1743,precision,40.66103229522705,50.66619873046875,61.70062637329101
naval,dune_bayes,1744,precision,36.74470672607422,43.857683181762695,50.7751552581787
naval,dune_bayes,1745,precision,46.20669059753418,50.57903861999512,55.548790550231935
naval,dune_bayes,1746,precision,34.23543510437012,42.386531829833984,50.21235942840576
naval,dune_bayes,1747,precision,38.26635589599609,44.81950378417969,51.10634231567383
naval,dune_bayes,1748,precision,46.21598644256592,50.58393859863281,55.54892635345459
naval,dune_bayes,1749,precision,41.77837238311768,47.003530502319336,52.28031768798827
naval,dune_bayes,1750,precision,44.764398193359376,49.09714126586914,53.992839050292964
naval,dune_bayes,1751,precision,34.51101570129394,42.616872787475586,50.39492263793945
naval,dune_bayes,1752,precision,46.222506523132324,50.60042381286621,55.54442501068115
naval,dune_bayes,1753,precision,46.13916778564453,51.69588851928711,57.76799507141113
naval,dune_bayes,1754,precision,38.43104629516601,45.001007080078125,51.28812465667725
naval,dune_bayes,1755,precision,41.77768211364746,47.01347351074219,52.28421783447265
naval,dune_bayes,1756,precision,46.15218677520752,51.713375091552734,57.78412055969238
naval,dune_bayes,1757,precision,40.76434764862061,50.675567626953125,61.7180772781372
naval,dune_bayes,1758,precision,44.77504768371582,49.138235092163086,54.02897987365722
naval,dune_bayes,1759,precision,36.81176815032959,43.89915466308594,50.65163707733154
naval,dune_bayes,1760,precision,38.427368545532225,45.00639343261719,51.29588222503662
naval,dune_bayes,1761,precision,44.78529644012451,49.13818359375,54.03641567230224
naval,dune_bayes,1762,precision,34.061097145080566,42.36323165893555,50.22884426116943
naval,dune_bayes,1763,precision,44.79470558166504,49.13943862915039,54.04403438568115
naval,dune_bayes,1764,precision,34.19194450378418,42.43535804748535,50.261101913452144
naval,dune_bayes,1765,precision,38.4246524810791,45.00386047363281,51.29948139190674
naval,dune_bayes,1766,precision,44.276028060913085,51.54702377319336,59.60628414154053
naval,dune_bayes,1767,precision,36.79436817169189,43.750972747802734,50.50303936004639
naval,dune_bayes,1768,precision,44.29237613677979,51.572120666503906,59.59957866668701
naval,dune_bayes,1769,precision,44.033047103881835,51.303483963012695,59.60852680206298
naval,dune_bayes,1770,precision,46.00502948760986,50.40362358093262,55.41583442687988
naval,dune_bayes,1771,precision,44.57057056427002,48.920196533203125,53.68030891418457
naval,dune_bayes,1772,precision,46.02777271270752,50.40872383117676,55.41482009887695
naval,dune_bayes,1773,precision,36.37292556762695,43.76569366455078,50.73398647308349
naval,dune_bayes,1774,precision,44.569002342224124,48.920480728149414,53.70116500854492
naval,dune_bayes,1775,precision,44.094418907165526,51.35147666931152,59.66923236846924
naval,dune_bayes,1776,precision,38.29043960571289,44.81267738342285,51.02694110870361
naval,dune_bayes,1777,precision,44.11279563903808,51.37790489196777,59.66696739196777
naval,dune_bayes,1778,precision,44.56023025512695,48.92172622680664,53.748531341552734
naval,dune_bayes,1779,precision,46.10653781890869,50.432308197021484,55.38484191894531
naval,dune_bayes,1780,precision,46.00696926116943,51.64047813415527,57.656491851806635
naval,dune_bayes,1781,precision,35.26675395965576,42.805667877197266,50.25253925323486
naval,dune_bayes,1782,precision,41.782264137268065,46.994049072265625,52.274263381958
naval,dune_bayes,1783,precision,40.60670700073242,50.66870880126953,61.70147190093993
naval,dune_bayes,1784,precision,40.62761631011963,50.66991996765137,61.70307788848876
naval,dune_bayes,1785,precision,38.27943782806396,44.82928657531738,51.05987796783447
naval,dune_bayes,1786,precision,40.64897556304932,50.671762466430664,61.70541305541991
naval,dune_bayes,1787,precision,34.54609317779541,42.3291015625,49.53782176971435
naval,dune_bayes,1788,precision,34.32604007720947,42.18026351928711,49.55709342956542
naval,dune_bayes,1789,precision,46.20614585876465,50.573862075805664,55.56198997497559
naval,dune_bayes,1790,precision,34.19243564605713,42.16559982299805,49.84145126342773
naval,dune_bayes,1791,precision,44.73210430145264,49.08682060241699,53.978142929077144
naval,dune_bayes,1792,precision,46.09565315246582,51.66952896118164,57.7200548171997
naval,dune_bayes,1793,precision,44.76338214874268,49.10491752624512,54.00110988616943
naval,dune_bayes,1794,precision,38.43119926452637,44.996456146240234,51.28826904296875
naval,dune_bayes,1795,precision,44.758470916748045,49.1131706237793,54.00880508422851
naval,dune_bayes,1796,precision,46.23488292694092,50.6008358001709,55.54986133575439
naval,dune_bayes,1797,precision,46.13428955078125,51.690595626831055,57.768826484680176
naval,dune_bayes,1798,precision,34.598123931884764,42.65469169616699,50.40476570129395
naval,dune_bayes,1799,precision,41.7794828414917,47.0140495300293,52.28580837249755
naval,dune_bayes,1800,precision,46.14673500061035,51.70675468444824,57.785118865966794
naval,dune_bayes,1801,precision,44.23482494354248,51.49912643432617,59.63523864746094
naval,dune_bayes,1802,precision,35.592051124572755,43.023820877075195,50.34443798065185
naval,dune_bayes,1803,precision,38.42715721130371,45.002729415893555,51.29550724029541
naval,dune_bayes,1804,precision,46.24890289306641,50.6154842376709,55.54093837738037
naval,dune_bayes,1805,precision,46.17248420715332,51.73365020751953,57.82036533355713
naval,dune_bayes,1806,precision,36.83892688751221,43.863840103149414,50.574492835998534
naval,dune_bayes,1807,precision,41.77796649932861,47.0257453918457,52.29021110534667
naval,dune_bayes,1808,precision,44.792408561706544,49.13909339904785,54.04472732543945
naval,dune_bayes,1809,precision,34.03552894592285,42.23756980895996,50.08544387817382
naval,dune_bayes,1810,precision,36.81030445098877,43.81161117553711,50.50629367828369
naval,dune_bayes,1811,precision,38.421312141418454,45.00411796569824,51.304332923889156
naval,dune_bayes,1812,precision,41.77822132110596,47.0279483795166,52.29324703216552
naval,dune_bayes,1813,precision,44.28330841064453,51.55898475646973,59.615208816528316
naval,dune_bayes,1814,precision,36.75429077148438,43.72970390319824,50.4634838104248
naval,dune_bayes,1815,precision,41.776716995239255,47.0228271484375,52.294707107543935
naval,dune_bayes,1816,precision,38.418988418579104,45.00503349304199,51.309072494506836
naval,dune_bayes,1817,precision,41.77188930511475,47.02232360839844,52.29591255187987
naval,dune_bayes,1818,precision,44.829009246826175,49.14027404785156,54.07284240722656
naval,dune_bayes,1819,precision,40.88415699005127,50.74418258666992,61.74890766143798
naval,dune_bayes,1820,precision,41.78574886322021,46.96754455566406,52.26697845458984
naval,dune_bayes,1821,precision,45.9405912399292,51.62881088256836,57.5764736175537
naval,dune_bayes,1822,precision,36.360436630249026,43.762847900390625,50.736196136474604
naval,dune_bayes,1823,precision,44.57033271789551,48.9204216003418,53.693387222290035
naval,dune_bayes,1824,precision,36.38862323760986,43.76898002624512,50.73743743896484
naval,dune_bayes,1825,precision,44.09295501708984,51.34596061706543,59.67873592376709
naval,dune_bayes,1826,precision,36.48124465942383,43.78580856323242,50.796683120727536
naval,dune_bayes,1827,precision,45.98889389038086,51.644203186035156,57.63422698974609
naval,dune_bayes,1828,precision,41.78265018463135,46.99281883239746,52.2735912322998
naval,dune_bayes,1829,precision,38.28753509521484,44.81686592102051,51.03215866088867
naval,dune_bayes,1830,precision,46.11645927429199,50.438581466674805,55.391032981872556
naval,dune_bayes,1831,precision,44.16801509857178,51.4383659362793,59.67005004882812
naval,dune_bayes,1832,precision,46.207077980041504,50.56881523132324,55.56937026977539
naval,dune_bayes,1833,precision,40.68343658447266,50.68192100524902,61.71910285949706
naval,dune_bayes,1834,precision,41.78040733337402,47.00312805175781,52.28383712768554
naval,dune_bayes,1835,precision,44.75797710418701,49.098114013671875,53.99431266784668
naval,dune_bayes,1836,precision,34.27284564971924,42.298336029052734,50.084181404113764
naval,dune_bayes,1837,precision,36.769968032836914,43.87580871582031,50.66357440948485
naval,dune_bayes,1838,precision,44.77216415405273,49.10642623901367,54.00205574035645
naval,dune_bayes,1839,precision,46.24677047729492,50.595869064331055,55.5549409866333
naval,dune_bayes,1840,precision,44.21720314025879,51.48373222351074,59.6536184310913
naval,dune_bayes,1841,precision,34.45353012084961,42.58551788330078,50.368978309631345
naval,dune_bayes,1842,precision,38.42738914489746,44.998382568359375,51.29572010040283
naval,dune_bayes,1843,precision,44.76251068115234,49.13054084777832,54.02345371246338
naval,dune_bayes,1844,precision,44.2413948059082,51.50738716125488,59.64319095611572
naval,dune_bayes,1845,precision,41.779399681091306,47.01914024353027,52.28853168487548
naval,dune_bayes,1846,precision,35.178839111328124,42.93894577026367,50.40095958709716
naval,dune_bayes,1847,precision,46.17994270324707,51.73093223571777,57.84030895233154
naval,dune_bayes,1848,precision,44.25816631317139,51.52069854736328,59.63761959075928
naval,dune_bayes,1849,precision,40.81622791290283,50.70694541931152,61.74350357055663
naval,dune_bayes,1850,precision,35.587683868408206,42.89752006530762,50.19477996826171
naval,dune_bayes,1851,precision,38.423649597167966,45.0063362121582,51.30343589782715
naval,dune_bayes,1852,precision,41.777485084533694,47.02356719970703,52.290125846862786
naval,dune_bayes,1853,precision,44.7893611907959,49.13903999328613,54.04424018859863
naval,dune_bayes,1854,precision,46.281823539733885,50.62906837463379,55.54073371887207
naval,dune_bayes,1855,precision,46.19293613433838,51.73771858215332,57.856262397766116
naval,dune_bayes,1856,precision,40.82969913482666,50.71613311767578,61.747007751464835
naval,dune_bayes,1857,precision,34.40786228179932,42.16817855834961,49.42845230102538
naval,dune_bayes,1858,precision,38.42141609191894,45.00668907165527,51.30831794738769
naval,dune_bayes,1859,precision,44.28114051818848,51.55809211730957,59.62923126220703
naval,dune_bayes,1860,precision,46.22961940765381,51.7750301361084,57.8430196762085
naval,dune_bayes,1861,precision,44.28967018127442,51.57084083557129,59.626539039611814
naval,dune_bayes,1862,precision,34.14916801452637,42.411142349243164,50.24894714355468
naval,dune_bayes,1863,precision,41.77553653717041,47.0240535736084,52.295889282226554
naval,dune_bayes,1864,precision,46.24319572448731,51.78736877441406,57.83759784698486
naval,dune_bayes,1865,precision,44.29759616851807,51.58316230773926,59.622873878479005
naval,dune_bayes,1866,precision,40.889951133728026,50.75198554992676,61.755965042114255
naval,dune_bayes,1867,precision,36.588410186767575,43.62091064453125,50.364517021179196
naval,dune_bayes,1868,precision,44.054748153686525,51.32418251037598,59.64348449707031
naval,dune_bayes,1869,precision,34.62956199645996,42.42557334899902,49.9056318283081
naval,dune_bayes,1870,precision,36.336166572570804,43.75609016418457,50.73973484039306
naval,dune_bayes,1871,precision,36.388226699829104,43.767616271972656,50.73878078460693
naval,dune_bayes,1872,precision,38.29951477050781,44.8114128112793,51.01634330749511
naval,dune_bayes,1873,precision,40.57028598785401,50.67752456665039,61.70872116088866
naval,dune_bayes,1874,precision,34.75929584503174,42.48122978210449,49.87849445343018
naval,dune_bayes,1875,precision,41.78467922210693,46.990562438964844,52.27548274993896
naval,dune_bayes,1876,precision,44.14695053100586,51.408573150634766,59.687071800231934
naval,dune_bayes,1877,precision,35.023691177368164,42.804487228393555,50.30020141601562
naval,dune_bayes,1878,precision,40.633337593078615,50.68395233154297,61.72050476074218
naval,dune_bayes,1879,precision,35.18685111999512,42.8695125579834,50.324602317810054
naval,dune_bayes,1880,precision,44.60565757751465,48.93093490600586,53.78136100769043
naval,dune_bayes,1881,precision,44.17414264678955,51.44501304626465,59.68101596832275
naval,dune_bayes,1882,precision,38.280545234680176,44.82857131958008,51.07613124847412
naval,dune_bayes,1883,precision,41.78172626495361,47.00097465515137,52.2823802947998
naval,dune_bayes,1884,precision,41.77996883392334,46.99999237060547,52.28270778656005
naval,dune_bayes,1885,precision,44.19928874969482,51.46261405944824,59.6712381362915
naval,dune_bayes,1886,precision,40.7152982711792,50.691795349121094,61.733291625976555
naval,dune_bayes,1887,precision,36.89446849822998,43.875539779663086,50.68682975769042
naval,dune_bayes,1888,precision,46.09701843261719,51.67898750305176,57.736331367492674
naval,dune_bayes,1889,precision,46.109199905395506,51.68343162536621,57.75240707397461
naval,dune_bayes,1890,precision,34.24326419830322,42.34075355529785,50.13937339782714
naval,dune_bayes,1891,precision,44.23251571655273,51.505191802978516,59.65890464782714
naval,dune_bayes,1892,precision,41.77833576202393,47.0131721496582,52.28728218078612
naval,dune_bayes,1893,precision,36.84225559234619,43.864973068237305,50.59612121582031
naval,dune_bayes,1894,precision,38.4234806060791,45.002593994140625,51.303080558776855
naval,dune_bayes,1895,precision,41.779130172729495,47.02067947387695,52.289999771118154
naval,dune_bayes,1896,precision,44.77979354858398,49.138322830200195,54.0392183303833
naval,dune_bayes,1897,precision,44.256661605834964,51.522361755371094,59.64829235076904
naval,dune_bayes,1898,precision,41.77925453186035,47.024309158325195,52.29103641510009
naval,dune_bayes,1899,precision,46.186387062072754,51.730628967285156,57.8587064743042
naval,dune_bayes,1900,precision,44.798177528381345,49.140541076660156,54.05443267822265
naval,dune_bayes,1901,precision,46.19865341186524,51.741933822631836,57.860717391967775
naval,dune_bayes,1902,precision,40.863782501220705,50.7421875,61.76056499481201
naval,dune_bayes,1903,precision,38.41806049346924,45.00692939758301,51.313158416748045
naval,dune_bayes,1904,precision,41.77754707336426,47.032365798950195,52.29454555511474
naval,dune_bayes,1905,precision,46.33053684234619,50.64988899230957,55.538763999938965
naval,dune_bayes,1906,precision,44.288319969177245,51.5699462890625,59.637441062927245
naval,dune_bayes,1907,precision,34.04854679107666,42.16224479675293,49.97844333648681
naval,dune_bayes,1908,precision,44.8338981628418,49.14395713806152,54.080435562133786
naval,dune_bayes,1909,precision,46.25316562652588,51.799354553222656,57.82988872528076
naval,dune_bayes,1910,precision,44.30489158630371,51.595096588134766,59.63181324005127
naval,dune_bayes,1911,precision,40.92097091674805,50.77800941467285,61.77122592926025
naval,dune_bayes,1912,precision,44.57729549407959,48.92814254760742,53.69524040222168
naval,dune_bayes,1913,precision,40.574117469787595,50.684221267700195,61.716690826416006
naval,dune_bayes,1914,precision,36.4404375076294,43.77189254760742,50.784913063049316
naval,dune_bayes,1915,precision,38.30073490142822,44.81384086608887,51.014782905578606
naval,dune_bayes,1916,precision,46.0737211227417,50.41964340209961,55.42472820281982
naval,dune_bayes,1917,precision,45.997867012023924,51.66732406616211,57.64715366363525
naval,dune_bayes,1918,precision,44.12638511657715,51.373517990112305,59.69988307952881
naval,dune_bayes,1919,precision,38.29657211303711,44.81453895568848,51.019698715209955
naval,dune_bayes,1920,precision,41.785077285766604,46.99306106567383,52.27818984985351
naval,dune_bayes,1921,precision,46.12051773071289,50.44645690917969,55.3932689666748
naval,dune_bayes,1922,precision,44.16422939300537,51.43969535827637,59.69479598999023
naval,dune_bayes,1923,precision,40.657569122314456,50.693159103393555,61.73165206909179
naval,dune_bayes,1924,precision,38.29002437591553,44.82424354553223,51.04949512481689
naval,dune_bayes,1925,precision,38.28597507476807,44.827463150024414,51.059195518493645
naval,dune_bayes,1926,precision,35.180306625366214,42.77179527282715,50.2475679397583
naval,dune_bayes,1927,precision,44.72761878967285,49.093772888183594,53.98069896697998
naval,dune_bayes,1928,precision,46.22301063537598,50.588396072387695,55.573378562927246
naval,dune_bayes,1929,precision,41.78203563690185,46.99807548522949,52.28465824127196
naval,dune_bayes,1930,precision,34.87949542999267,42.57346153259277,49.727179718017574
naval,dune_bayes,1931,precision,36.82300796508789,43.8737907409668,50.673229598999015
naval,dune_bayes,1932,precision,38.28000049591064,44.82670974731445,51.089322280883785
naval,dune_bayes,1933,precision,44.20653381347656,51.47557258605957,59.68066959381103
naval,dune_bayes,1934,precision,41.77975654602051,46.99998092651367,52.285686492919915
naval,dune_bayes,1935,precision,44.75950736999512,49.10762596130371,54.00390281677246
naval,dune_bayes,1936,precision,46.23714618682861,50.59765815734863,55.56399765014648
naval,dune_bayes,1937,precision,46.12870845794678,51.6972713470459,57.790117454528804
naval,dune_bayes,1938,precision,36.79741535186768,43.866539001464844,50.660529708862306
naval,dune_bayes,1939,precision,44.77047901153564,49.1314582824707,54.02508182525634
naval,dune_bayes,1940,precision,34.220947265625,42.3689022064209,50.185414505004886
naval,dune_bayes,1941,precision,46.15489540100098,51.71767616271973,57.825406837463376
naval,dune_bayes,1942,precision,34.2700008392334,42.4166145324707,50.249312019348146
naval,dune_bayes,1943,precision,41.778782272338866,47.01952934265137,52.29073600769042
naval,dune_bayes,1944,precision,46.28052749633789,50.63439750671387,55.54903945922852
naval,dune_bayes,1945,precision,40.838606452941896,50.73098564147949,61.76249160766601
naval,dune_bayes,1946,precision,36.82041149139404,43.821725845336914,50.5417682647705
naval,dune_bayes,1947,precision,44.28768482208252,51.56923866271973,59.65031089782715
naval,dune_bayes,1948,precision,36.763936042785645,43.749237060546875,50.4807165145874
naval,dune_bayes,1949,precision,46.34800701141357,50.65058708190918,55.542100715637204
naval,dune_bayes,1950,precision,44.29574069976807,51.58176612854004,59.647132110595706
naval,dune_bayes,1951,precision,33.901869201660155,42.0029354095459,49.64186878204345
naval,dune_bayes,1952,precision,41.77740592956543,47.024513244628906,52.29724082946777
naval,dune_bayes,1953,precision,33.9850736618042,42.329002380371094,50.21451339721679
naval,dune_bayes,1954,precision,46.37925510406494,50.66950988769531,55.537385559082026
naval,dune_bayes,1955,precision,46.27272319793701,51.81401824951172,57.8220272064209
naval,dune_bayes,1956,precision,34.61700916290283,42.43667793273926,50.01085929870605
naval,dune_bayes,1957,precision,36.776271438598634,43.82501411437988,50.65262680053709
naval,dune_bayes,1958,precision,38.3085018157959,44.80652046203613,51.00897140502929
naval,dune_bayes,1959,precision,41.78740882873535,46.974822998046875,52.27475662231445
naval,dune_bayes,1960,precision,45.95480461120606,51.66383361816406,57.6058343887329
naval,dune_bayes,1961,precision,36.63207092285156,43.82625770568848,50.758526420593256
naval,dune_bayes,1962,precision,44.57648544311523,48.92976760864258,53.70808429718017
naval,dune_bayes,1963,precision,40.59061737060547,50.69304275512695,61.728843307495104
naval,dune_bayes,1964,precision,44.57548809051514,48.93144226074219,53.728848457336426
naval,dune_bayes,1965,precision,45.9955696105957,51.6762638092041,57.644545745849605
naval,dune_bayes,1966,precision,40.60221004486084,50.694271087646484,61.7308904647827
naval,dune_bayes,1967,precision,34.928641891479494,42.598060607910156,50.06027889251709
naval,dune_bayes,1968,precision,41.784864234924314,46.9882926940918,52.278278732299796
naval,dune_bayes,1969,precision,44.573419189453126,48.93302345275879,53.749386596679685
naval,dune_bayes,1970,precision,45.99934844970703,51.68195915222168,57.66317310333252
naval,dune_bayes,1971,precision,41.784328842163085,46.99563980102539,52.2791612625122
naval,dune_bayes,1972,precision,46.11553173065185,50.44708442687988,55.40640773773193
naval,dune_bayes,1973,precision,34.84113941192627,42.52754592895508,49.91399173736572
naval,dune_bayes,1974,precision,41.78419990539551,46.99590492248535,52.28226699829101
naval,dune_bayes,1975,precision,44.60285987854004,48.93655014038086,53.78045787811279
naval,dune_bayes,1976,precision,46.14816303253174,50.45884323120117,55.408745002746585
naval,dune_bayes,1977,precision,38.291390609741214,44.82436943054199,51.05365142822265
naval,dune_bayes,1978,precision,44.17957649230957,51.45180892944336,59.700666618347164
naval,dune_bayes,1979,precision,46.22680530548096,50.58927536010742,55.57682819366455
naval,dune_bayes,1980,precision,46.07143993377686,51.69109344482422,57.75370140075683
naval,dune_bayes,1981,precision,44.19650440216064,51.4650764465332,59.69424133300781
naval,dune_bayes,1982,precision,35.02829513549805,42.649091720581055,49.90569152832031
naval,dune_bayes,1983,precision,44.75141506195068,49.109012603759766,54.00477256774902
naval,dune_bayes,1984,precision,44.21297760009766,51.487674713134766,59.6876558303833
naval,dune_bayes,1985,precision,44.76787910461426,49.116275787353516,54.010491561889644
naval,dune_bayes,1986,precision,34.41415596008301,42.258052825927734,49.57239799499511
naval,dune_bayes,1987,precision,38.42480697631836,45.00007438659668,51.29777317047119
naval,dune_bayes,1988,precision,41.77974586486816,47.0108757019043,52.289701461791985
naval,dune_bayes,1989,precision,46.1495454788208,51.71576690673828,57.825637626647946
naval,dune_bayes,1990,precision,38.42121639251709,45.003822326660156,51.3042854309082
naval,dune_bayes,1991,precision,41.77999401092529,47.01888084411621,52.29200725555419
naval,dune_bayes,1992,precision,44.77468605041504,49.14160346984863,54.03929672241211
naval,dune_bayes,1993,precision,46.266164779663086,50.62249946594238,55.55839672088623
naval,dune_bayes,1994,precision,34.26313781738281,42.40239334106445,50.22627429962158
naval,dune_bayes,1995,precision,41.780170631408694,47.0223331451416,52.29333419799804
naval,dune_bayes,1996,precision,46.2806318283081,50.633872985839844,55.554443359375
naval,dune_bayes,1997,precision,40.84049701690674,50.739070892333984,61.772902679443355
naval,dune_bayes,1998,precision,38.41821937561035,45.00663757324219,51.30780429840088
naval,dune_bayes,1999,precision,44.794847679138186,49.14034080505371,54.05611934661865
naval,dune_bayes,2000,precision,44.27026767730713,51.543081283569336,59.66881084442139
naval,dune_bayes,2001,precision,46.314213562011716,50.64139366149902,55.558845138549806
naval,dune_bayes,2002,precision,41.778899574279784,47.03090858459473,52.294947624206536
naval,dune_bayes,2003,precision,46.222971534729005,51.756391525268555,57.85056095123291
naval,dune_bayes,2004,precision,44.2863374710083,51.568206787109375,59.66194190979004
naval,dune_bayes,2005,precision,36.570732307434085,43.61416053771973,50.32526702880859
naval,dune_bayes,2006,precision,41.779140090942384,47.02923393249512,52.29694004058837
naval,dune_bayes,2007,precision,44.303090476989745,51.593597412109375,59.65640277862549
naval,dune_bayes,2008,precision,40.930412483215335,50.78817939758301,61.78783206939697
naval,dune_bayes,2009,precision,36.433230781555174,43.572492599487305,50.27633972167968
naval,dune_bayes,2010,precision,38.41037158966064,45.01993942260742,51.32007007598877
naval,dune_bayes,2011,precision,41.774413108825684,47.02507781982422,52.29993534088134
naval,dune_bayes,2012,precision,46.28804054260254,51.82662010192871,57.8372106552124
naval,dune_bayes,2013,precision,46.306067848205565,51.84536552429199,57.8307243347168
naval,dune_bayes,2014,precision,44.326609230041505,51.6308708190918,59.63533039093018
naval,dune_bayes,2015,precision,46.06072940826416,50.424448013305664,55.435248565673824
naval,dune_bayes,2016,precision,45.96870460510254,51.678096771240234,57.62189807891845
naval,dune_bayes,2017,precision,41.787140464782716,46.985618591308594,52.278416252136225
naval,dune_bayes,2018,precision,34.5252124786377,42.49141883850098,50.175296211242674
naval,dune_bayes,2019,precision,36.61148509979248,43.82145309448242,50.77399387359618
naval,dune_bayes,2020,precision,40.662537574768066,50.70697021484375,61.74729576110839
naval,dune_bayes,2021,precision,35.03940830230713,42.752689361572266,50.33561267852783
naval,dune_bayes,2022,precision,34.830220985412595,42.53219032287598,49.89499626159668
naval,dune_bayes,2023,precision,41.78398036956787,46.99466514587402,52.28405380249023
naval,dune_bayes,2024,precision,40.69288864135742,50.710060119628906,61.753728675842275
naval,dune_bayes,2025,precision,46.05348453521729,51.6973819732666,57.7527774810791
naval,dune_bayes,2026,precision,44.18668670654297,51.456918716430664,59.70930080413818
naval,dune_bayes,2027,precision,36.86862030029297,43.86800575256348,50.68511333465575
naval,dune_bayes,2028,precision,44.7369104385376,49.10201644897461,53.997634696960446
naval,dune_bayes,2029,precision,44.20369968414307,51.47789001464844,59.703040695190424
naval,dune_bayes,2030,precision,41.78153419494629,46.995548248291016,52.28785190582275
naval,dune_bayes,2031,precision,46.09071559906006,51.69417190551758,57.75990467071533
naval,dune_bayes,2032,precision,41.781509971618654,46.99553871154785,52.289256858825674
naval,dune_bayes,2033,precision,44.759708404541016,49.11748123168945,54.011267471313474
naval,dune_bayes,2034,precision,40.769403266906735,50.71837043762207,61.767415237426746
naval,dune_bayes,2035,precision,34.862352561950686,42.585309982299805,49.7766637802124
naval,dune_bayes,2036,precision,46.26641979217529,50.622039794921875,55.56801872253418
naval,dune_bayes,2037,precision,44.236160850524904,51.52099609375,59.6928295135498
naval,dune_bayes,2038,precision,34.28727779388428,42.207279205322266,49.6183250427246
naval,dune_bayes,2039,precision,46.26150398254394,50.62262535095215,55.5652753829956
naval,dune_bayes,2040,precision,44.24430332183838,51.526784896850586,59.689522361755365
naval,dune_bayes,2041,precision,38.42040500640869,45.003562927246094,51.300397872924805
naval,dune_bayes,2042,precision,36.797850608825684,43.76552772521973,50.48315143585205
naval,dune_bayes,2043,precision,36.784423637390134,43.76006507873535,50.47781829833984
naval,dune_bayes,2044,precision,38.41726779937744,45.00783348083496,51.304631042480466
naval,dune_bayes,2045,precision,41.779869079589844,47.02404975891113,52.2945571899414
naval,dune_bayes,2046,precision,46.19089317321777,51.72517967224121,57.868798637390135
naval,dune_bayes,2047,precision,41.779967880249025,47.027671813964844,52.29558582305908
naval,dune_bayes,2048,precision,36.57815723419189,43.643184661865234,50.391994857788085
naval,dune_bayes,2049,precision,38.414000511169434,45.01284408569336,51.3101390838623
naval,dune_bayes,2050,precision,40.95453586578369,50.75786209106445,61.80701084136962
naval,dune_bayes,2051,precision,35.29575080871582,42.63543128967285,49.8243631362915
naval,dune_bayes,2052,precision,36.304091453552246,43.53903770446777,50.22463855743407
naval,dune_bayes,2053,precision,41.77530288696289,47.025827407836914,52.30121421813964
naval,dune_bayes,2054,precision,45.98234481811524,51.693498611450195,57.63778381347656
naval,dune_bayes,2055,precision,44.12166919708252,51.36440086364746,59.71139125823974
naval,dune_bayes,2056,precision,40.61024112701416,50.70815467834473,61.74743804931639
naval,dune_bayes,2057,precision,34.78198051452637,42.69499206542969,50.35294761657715
naval,dune_bayes,2058,precision,38.302423095703126,44.82071876525879,51.019422340393064
naval,dune_bayes,2059,precision,44.583761024475095,48.94000244140625,53.77371730804443
naval,dune_bayes,2060,precision,34.94576091766358,42.72853660583496,50.34141674041748
naval,dune_bayes,2061,precision,41.78434410095215,46.99170684814453,52.28488063812255
naval,dune_bayes,2062,precision,44.61314849853515,48.941598892211914,53.78919925689697
naval,dune_bayes,2063,precision,46.03914165496826,51.686256408691406,57.73129997253418
naval,dune_bayes,2064,precision,46.23962173461914,50.5926628112793,55.58458614349365
naval,dune_bayes,2065,precision,35.09846172332764,42.816118240356445,50.34159412384033
naval,dune_bayes,2066,precision,38.29249515533447,44.8228645324707,51.06985111236572
naval,dune_bayes,2067,precision,38.288408279418945,44.8199520111084,51.089301872253415
naval,dune_bayes,2068,precision,44.21816291809082,51.50242805480957,59.71120510101318
naval,dune_bayes,2069,precision,36.79250698089599,43.839860916137695,50.62780418395996
naval,dune_bayes,2070,precision,38.420545768737796,45.005760192871094,51.29430713653564
naval,dune_bayes,2071,precision,34.43318195343018,42.293949127197266,49.57993621826171
naval,dune_bayes,2072,precision,46.158691596984866,51.71651840209961,57.84386920928955
naval,dune_bayes,2073,precision,40.83136749267578,50.74777603149414,61.78765544891357
naval,dune_bayes,2074,precision,34.21544189453125,42.210453033447266,49.68851051330566
naval,dune_bayes,2075,precision,41.779890060424805,47.014631271362305,52.29456272125243
naval,dune_bayes,2076,precision,44.78058624267578,49.14569282531738,54.04834880828857
naval,dune_bayes,2077,precision,34.21537551879883,42.195396423339844,50.001886177062985
naval,dune_bayes,2078,precision,41.78001708984375,47.02048873901367,52.29570732116699
naval,dune_bayes,2079,precision,44.799160194396975,49.14474868774414,54.0635606765747
naval,dune_bayes,2080,precision,46.20926761627197,51.73366928100586,57.861336898803714
naval,dune_bayes,2081,precision,46.22489147186279,51.75110626220703,57.85401954650879
naval,dune_bayes,2082,precision,40.93050193786621,50.74797821044922,61.80881919860839
naval,dune_bayes,2083,precision,36.490542030334474,43.596256256103516,50.298731803894036
naval,dune_bayes,2084,precision,41.78036327362061,47.027381896972656,52.298487091064445
naval,dune_bayes,2085,precision,36.4893081665039,43.59881019592285,50.30408096313476
naval,dune_bayes,2086,precision,44.30036945343018,51.59175682067871,59.68180694580078
naval,dune_bayes,2087,precision,38.40999565124512,45.01704025268555,51.31035060882568
naval,dune_bayes,2088,precision,44.83683528900146,49.1502628326416,54.093069267272945
naval,dune_bayes,2089,precision,46.38006019592285,50.66323661804199,55.55130920410156
naval,dune_bayes,2090,precision,38.40668144226074,45.02154350280762,51.31433963775635
naval,dune_bayes,2091,precision,46.326294326782225,51.84464645385742,57.836497116088864
naval,dune_bayes,2092,precision,33.907591819763184,42.00895118713379,49.66523437499999
naval,dune_bayes,2093,precision,46.44385948181152,50.68920707702637,55.5695686340332
naval,dune_bayes,2094,precision,46.340996170043944,51.85335159301758,57.83277931213379
naval,dune_bayes,2095,precision,44.34292087554932,51.65459632873535,59.64112319946289
naval,dune_bayes,2096,precision,41.78899993896484,46.99375534057617,52.28163909912109
naval,dune_bayes,2097,precision,44.58351707458496,48.94027900695801,53.723380661010744
naval,dune_bayes,2098,precision,38.310234260559085,44.82048797607422,51.00669441223144
naval,dune_bayes,2099,precision,38.307902336120605,44.82345008850098,51.01245822906493
naval,dune_bayes,2100,precision,41.78654384613037,47.002973556518555,52.28319416046142
naval,dune_bayes,2101,precision,34.6897647857666,42.62513732910156,50.277676010131835
naval,dune_bayes,2102,precision,36.37049312591553,43.48933410644531,50.209753036499016
naval,dune_bayes,2103,precision,44.16605892181396,51.429481506347656,59.73764610290527
naval,dune_bayes,2104,precision,40.682510185241696,50.722368240356445,61.768045997619616
naval,dune_bayes,2105,precision,41.785947227478026,46.997663497924805,52.28595485687255
naval,dune_bayes,2106,precision,36.82490863800049,43.7669620513916,50.52732105255127
naval,dune_bayes,2107,precision,41.785830879211424,46.99424362182617,52.28744506835937
naval,dune_bayes,2108,precision,44.182725715637204,51.45574760437012,59.73430423736572
naval,dune_bayes,2109,precision,40.71420116424561,50.72608184814453,61.77288722991943
naval,dune_bayes,2110,precision,46.24371757507324,50.587324142456055,55.5896333694458
naval,dune_bayes,2111,precision,36.891593551635744,43.83209037780762,50.71652317047119
naval,dune_bayes,2112,precision,38.295739555358885,44.82402229309082,51.063372421264646
naval,dune_bayes,2113,precision,41.7839750289917,46.99064254760742,52.289403343200675
naval,dune_bayes,2114,precision,44.19999179840088,51.48051643371582,59.72877578735351
naval,dune_bayes,2115,precision,34.765205764770506,42.50387382507324,49.869496726989745
naval,dune_bayes,2116,precision,46.25382289886475,50.602853775024414,55.595310020446775
naval,dune_bayes,2117,precision,40.75848731994629,50.730600357055664,61.78219871520995
naval,dune_bayes,2118,precision,36.827514266967775,43.781320571899414,50.549902534484865
naval,dune_bayes,2119,precision,44.761118698120114,49.12683868408203,54.020423889160156
naval,dune_bayes,2120,precision,36.81294708251953,43.760976791381836,50.523979377746585
naval,dune_bayes,2121,precision,41.781484031677245,47.00010871887207,52.294363403320304
naval,dune_bayes,2122,precision,46.27699508666992,50.61843490600586,55.57340049743652
naval,dune_bayes,2123,precision,34.59305686950684,42.43043899536133,49.62616844177246
naval,dune_bayes,2124,precision,36.70011882781982,43.71974563598633,50.4348419189453
naval,dune_bayes,2125,precision,38.417071151733396,45.00829887390137,51.29469127655029
naval,dune_bayes,2126,precision,41.78113021850586,47.011165618896484,52.296000671386714
naval,dune_bayes,2127,precision,36.684327125549316,43.705461502075195,50.436962318420406
naval,dune_bayes,2128,precision,46.29755878448486,50.63665771484375,55.56721935272217
naval,dune_bayes,2129,precision,44.26697425842285,51.55109405517578,59.704555892944335
naval,dune_bayes,2130,precision,34.220208930969235,42.209964752197266,49.874827003479005
naval,dune_bayes,2131,precision,36.63246250152588,43.663818359375,50.435751533508295
naval,dune_bayes,2132,precision,46.21022071838379,51.73264503479004,57.863046646118164
naval,dune_bayes,2133,precision,41.77982387542725,47.02512168884277,52.29820613861083
naval,dune_bayes,2134,precision,36.38747272491455,43.55021858215332,50.261226844787586
naval,dune_bayes,2135,precision,38.41078987121582,45.014225006103516,51.30520057678223
naval,dune_bayes,2136,precision,44.82440357208252,49.14751052856445,54.085042762756345
naval,dune_bayes,2137,precision,46.26070556640625,51.78543281555176,57.853284645080564
naval,dune_bayes,2138,precision,38.40667953491211,45.01903533935547,51.3085075378418
naval,dune_bayes,2139,precision,46.293697357177734,51.82025337219238,57.85325889587402
naval,dune_bayes,2140,precision,41.77884998321533,47.030914306640625,52.30200824737548
naval,dune_bayes,2141,precision,38.40428237915039,45.023183822631836,51.312478637695314
naval,dune_bayes,2142,precision,41.02029514312744,50.80195617675781,61.83494834899901
naval,dune_bayes,2143,precision,36.07241630554199,43.42041015625,50.14982204437255
naval,dune_bayes,2144,precision,38.3135871887207,44.81943702697754,51.00547733306884
naval,dune_bayes,2145,precision,46.0976863861084,50.43583106994629,55.4474853515625
naval,dune_bayes,2146,precision,38.31141529083252,44.82458305358887,51.00849113464355
naval,dune_bayes,2147,precision,44.58061904907227,48.94387245178223,53.75685710906982
naval,dune_bayes,2148,precision,35.65935363769531,43.087379455566406,49.97700710296629
naval,dune_bayes,2149,precision,38.307149696350095,44.82992744445801,51.02607421875
naval,dune_bayes,2150,precision,44.60851345062256,48.94558525085449,53.78980121612549
naval,dune_bayes,2151,precision,46.24197883605957,50.568572998046875,55.59790859222412
naval,dune_bayes,2152,precision,46.0436653137207,51.70254325866699,57.72550678253174
naval,dune_bayes,2153,precision,41.78563480377197,47.00042915344238,52.28761901855468
naval,dune_bayes,2154,precision,44.70405864715576,49.115888595581055,53.98427486419678
naval,dune_bayes,2155,precision,46.24469699859619,50.57866668701172,55.594792175292966
naval,dune_bayes,2156,precision,36.252696418762206,43.41053581237793,50.069493865966784
naval,dune_bayes,2157,precision,41.78559474945068,46.99698829650879,52.289067077636716
naval,dune_bayes,2158,precision,46.066063499450685,51.7039680480957,57.76281204223633
naval,dune_bayes,2159,precision,36.50974044799805,43.555030822753906,50.344334793090816
naval,dune_bayes,2160,precision,34.76109104156494,42.678964614868164,50.330347251892086
naval,dune_bayes,2161,precision,40.800169944763184,50.748395919799805,61.80199298858641
naval,dune_bayes,2162,precision,46.09915943145752,51.70970344543457,57.785031700134276
naval,dune_bayes,2163,precision,40.814151763916016,50.749210357666016,61.80489273071288
naval,dune_bayes,2164,precision,36.80949401855469,43.76216697692871,50.5147045135498
naval,dune_bayes,2165,precision,38.42105770111084,45.01142120361328,51.28159523010254
naval,dune_bayes,2166,precision,41.78365917205811,46.994001388549805,52.293980216979975
naval,dune_bayes,2167,precision,36.78922061920166,43.780534744262695,50.472576141357415
naval,dune_bayes,2168,precision,38.41963539123535,45.01103210449219,51.284223556518555
naval,dune_bayes,2169,precision,44.231820297241214,51.52731132507324,59.72744274139404
naval,dune_bayes,2170,precision,40.844736099243164,50.75264549255371,61.81026287078856
naval,dune_bayes,2171,precision,35.075821495056154,42.75424385070801,50.222305107116696
naval,dune_bayes,2172,precision,36.67491550445557,43.68602752685547,50.43652973175048
naval,dune_bayes,2173,precision,34.96125869750976,42.56279945373535,49.896867179870604
naval,dune_bayes,2174,precision,38.41380977630615,45.010446548461914,51.29293518066406
naval,dune_bayes,2175,precision,44.78646011352539,49.151084899902344,54.05774765014648
naval,dune_bayes,2176,precision,44.265323066711424,51.5533561706543,59.71545944213867
naval,dune_bayes,2177,precision,38.413221740722655,45.013084411621094,51.29505577087402
naval,dune_bayes,2178,precision,41.78105354309082,47.02378463745117,52.29954319000243
naval,dune_bayes,2179,precision,44.804904556274415,49.15150833129883,54.072585296630855
naval,dune_bayes,2180,precision,46.345527267456056,50.65242576599121,55.58336772918701
naval,dune_bayes,2181,precision,44.29871578216553,51.58947563171387,59.70509777069092
naval,dune_bayes,2182,precision,36.29134407043457,43.529727935791016,50.225748634338366
naval,dune_bayes,2183,precision,38.407473754882815,45.016496658325195,51.303365516662595
naval,dune_bayes,2184,precision,41.77979907989502,47.021728515625,52.30164985656737
naval,dune_bayes,2185,precision,46.29597187042236,51.818946838378906,57.85821189880371
naval,dune_bayes,2186,precision,44.31569004058838,51.61488151550293,59.69118824005127
naval,dune_bayes,2187,precision,38.40515193939209,45.02228927612305,51.307395172119136
naval,dune_bayes,2188,precision,41.780574798583984,47.033647537231445,52.30396785736083
naval,dune_bayes,2189,precision,41.77845516204834,47.03579139709473,52.30755195617675
naval,dune_bayes,2190,precision,46.42732906341553,50.69443321228027,55.56028270721435
naval,dune_bayes,2191,precision,44.3416561126709,51.652849197387695,59.66450233459472
naval,dune_bayes,2192,precision,35.29443550109863,42.97962760925293,50.439999580383294
naval,dune_bayes,2193,precision,44.3501012802124,51.665353775024414,59.654840087890626
naval,dune_bayes,2194,precision,35.27171382904053,42.62902069091797,49.79823112487793
naval,dune_bayes,2195,precision,41.06845207214356,50.8073616027832,61.85154228210448
naval,dune_bayes,2196,precision,35.8707633972168,43.464881896972656,50.65344104766846
naval,dune_bayes,2197,precision,35.72899761199951,43.454017639160156,50.565507888793945
naval,dune_bayes,2198,precision,44.59180107116699,48.94758605957031,53.76755504608154
naval,dune_bayes,2199,precision,46.036095809936526,51.71231269836426,57.70404930114746
naval,dune_bayes,2200,precision,44.16260108947754,51.414751052856445,59.75874481201172
naval,dune_bayes,2201,precision,38.31063976287842,44.83105659484863,51.019702148437496
naval,dune_bayes,2202,precision,46.24932041168213,50.57765197753906,55.59906597137451
naval,dune_bayes,2203,precision,44.17965087890625,51.447059631347656,59.755921554565425
naval,dune_bayes,2204,precision,34.83794384002685,42.605289459228516,50.09871768951416
naval,dune_bayes,2205,precision,44.71383857727051,49.11771583557129,53.992532348632814
naval,dune_bayes,2206,precision,46.06836223602295,51.703125,57.75947608947754
naval,dune_bayes,2207,precision,40.76009826660156,50.74123573303223,61.80483989715575
naval,dune_bayes,2208,precision,44.728278732299806,49.116621017456055,54.00049362182617
naval,dune_bayes,2209,precision,46.25584030151367,50.58844184875488,55.59519710540771
naval,dune_bayes,2210,precision,34.798529052734374,42.68939399719238,50.36477355957031
naval,dune_bayes,2211,precision,46.26124820709229,50.593549728393555,55.60204715728759
naval,dune_bayes,2212,precision,46.266209030151366,50.60330581665039,55.60952014923096
naval,dune_bayes,2213,precision,46.27109909057617,50.60898780822754,55.59910869598389
naval,dune_bayes,2214,precision,44.23064823150635,51.528547286987305,59.73896675109863
naval,dune_bayes,2215,precision,44.778870582580566,49.144805908203125,54.037176513671874
naval,dune_bayes,2216,precision,40.86414699554443,50.761600494384766,61.82067890167235
naval,dune_bayes,2217,precision,36.66998481750488,43.69070053100586,50.44105224609374
naval,dune_bayes,2218,precision,46.16079959869385,51.72220993041992,57.847053337097165
naval,dune_bayes,2219,precision,44.25448131561279,51.55075454711914,59.73201332092285
naval,dune_bayes,2220,precision,46.2968505859375,50.62696075439453,55.577497673034664
naval,dune_bayes,2221,precision,34.96427841186524,42.55501365661621,49.90305881500244
naval,dune_bayes,2222,precision,46.329910850524904,50.661434173583984,55.57159156799316
naval,dune_bayes,2223,precision,34.39936504364014,42.27960968017578,49.60203056335448
naval,dune_bayes,2224,precision,36.353526496887206,43.52644348144531,50.249086380004876
naval,dune_bayes,2225,precision,44.81280879974365,49.155656814575195,54.08107795715332
naval,dune_bayes,2226,precision,40.952979278564456,50.77817916870117,61.838666534423815
naval,dune_bayes,2227,precision,44.8220136642456,49.15374755859375,54.088584899902344
naval,dune_bayes,2228,precision,46.263261795043945,51.783695220947266,57.87469425201416
naval,dune_bayes,2229,precision,40.96979312896728,50.78755569458008,61.839662551879876
naval,dune_bayes,2230,precision,36.195407676696775,43.499908447265625,50.19124469757079
naval,dune_bayes,2231,precision,38.40706882476807,45.01656913757324,51.29948272705078
naval,dune_bayes,2232,precision,44.83016662597656,49.14631652832031,54.094106292724604
naval,dune_bayes,2233,precision,38.40547065734863,45.01799774169922,51.30150547027588
naval,dune_bayes,2234,precision,44.31524219512939,51.61387252807617,59.70307807922363
naval,dune_bayes,2235,precision,46.411196327209474,50.68299674987793,55.56381187438964
naval,dune_bayes,2236,precision,34.3729772567749,42.50251579284668,50.32768688201904
naval,dune_bayes,2237,precision,41.7802619934082,47.03802490234375,52.3092170715332
naval,dune_bayes,2238,precision,44.857041358947754,49.15652275085449,54.114651107788085
naval,dune_bayes,2239,precision,46.42661800384521,50.69391632080078,55.56088008880615
naval,dune_bayes,2240,precision,41.0426628112793,50.80659484863281,61.85393333435058
naval,dune_bayes,2241,precision,35.95308780670166,43.3311767578125,50.093487739562974
naval,dune_bayes,2242,precision,34.96357746124268,42.84244918823242,50.30632190704344
naval,dune_bayes,2243,precision,35.457174682617186,43.017234802246094,50.43297882080078
naval,dune_bayes,2244,precision,46.03039398193359,51.719932556152344,57.713196372985834
naval,dune_bayes,2245,precision,46.12983150482178,50.45481300354004,55.43629341125488
naval,dune_bayes,2246,precision,40.71830673217774,50.7303409576416,61.80758666992186
naval,dune_bayes,2247,precision,34.71418418884277,42.64064025878906,50.27846755981445
naval,dune_bayes,2248,precision,36.01891231536865,43.580936431884766,50.76904773712158
naval,dune_bayes,2249,precision,41.78757781982422,47.01256561279297,52.28946590423583
naval,dune_bayes,2250,precision,44.61870346069336,48.95076942443848,53.798773193359374
naval,dune_bayes,2251,precision,44.17787590026855,51.442787170410156,59.766165542602536
naval,dune_bayes,2252,precision,46.256971168518064,50.5845832824707,55.601828956604
naval,dune_bayes,2253,precision,46.07152194976807,51.70966148376465,57.75618019104004
naval,dune_bayes,2254,precision,34.588119697570804,42.49154281616211,50.137825393676756
naval,dune_bayes,2255,precision,46.08308029174805,51.71283531188965,57.77409000396728
naval,dune_bayes,2256,precision,41.785681533813474,47.0010929107666,52.29307212829589
naval,dune_bayes,2257,precision,46.09373149871826,51.7219181060791,57.79335479736328
naval,dune_bayes,2258,precision,44.74470958709717,49.12062072753906,54.01501350402832
naval,dune_bayes,2259,precision,44.212273597717285,51.50635528564453,59.75624942779541
naval,dune_bayes,2260,precision,34.69508018493652,42.615360260009766,50.325252532958984
naval,dune_bayes,2261,precision,38.30023002624512,44.82462120056152,51.073086166381835
naval,dune_bayes,2262,precision,41.78543319702148,46.99544334411621,52.29719905853271
naval,dune_bayes,2263,precision,41.783054161071775,46.997995376586914,52.29679431915282
naval,dune_bayes,2264,precision,44.23617286682129,51.540719985961914,59.74898414611816
naval,dune_bayes,2265,precision,44.245035362243655,51.547508239746094,59.74653854370117
naval,dune_bayes,2266,precision,40.88155994415283,50.770790100097656,61.833029556274404
naval,dune_bayes,2267,precision,36.33332824707031,43.49355888366699,50.185565757751455
naval,dune_bayes,2268,precision,44.80314044952392,49.15915107727051,54.05340785980224
naval,dune_bayes,2269,precision,41.78286514282227,47.01017379760742,52.30057868957519
naval,dune_bayes,2270,precision,36.47244739532471,43.56780815124512,50.291420173645015
naval,dune_bayes,2271,precision,36.37931022644043,43.53597831726074,50.26238842010497
naval,dune_bayes,2272,precision,44.801368141174315,49.15822410583496,54.07444515228271
naval,dune_bayes,2273,precision,34.22993679046631,42.24148941040039,49.74759178161621
naval,dune_bayes,2274,precision,44.8281530380249,49.1497802734375,54.095014762878414
naval,dune_bayes,2275,precision,46.280551719665525,51.800167083740234,57.875756645202635
naval,dune_bayes,2276,precision,38.40310230255127,45.01934051513672,51.29967517852783
naval,dune_bayes,2277,precision,41.77980346679688,47.03133964538574,52.30542984008788
naval,dune_bayes,2278,precision,44.32325420379639,51.62541961669922,59.70540294647217
naval,dune_bayes,2279,precision,35.986290740966794,43.346561431884766,50.099690055847155
naval,dune_bayes,2280,precision,41.779323196411134,47.036354064941406,52.309520530700674
naval,dune_bayes,2281,precision,44.33193778991699,51.63809394836426,59.6955041885376
naval,dune_bayes,2282,precision,41.03294773101807,50.8101806640625,61.85948314666747
naval,dune_bayes,2283,precision,38.399789047241214,45.02612113952637,51.30364151000976
naval,dune_bayes,2284,precision,41.779975509643556,47.03744888305664,52.31572360992431
naval,dune_bayes,2285,precision,44.339202117919925,51.65073776245117,59.68886089324951
naval,dune_bayes,2286,precision,41.04750728607178,50.81093406677246,61.862452507019036
naval,dune_bayes,2287,precision,34.452005004882814,42.554914474487305,50.369999313354484
naval,dune_bayes,2288,precision,44.347486686706546,51.66338539123535,59.680548667907715
naval,dune_bayes,2289,precision,41.061300659179686,50.8110294342041,61.86598453521728
naval,dune_bayes,2290,precision,46.392951583862306,51.87214279174805,57.840706443786615
naval,dune_bayes,2291,precision,44.42564163208008,51.80988311767578,59.77432098388671
naval,dune_bayes,2292,precision,35.870711708068846,43.30600357055664,50.18363094329833
naval,dune_bayes,2293,precision,46.48239517211914,50.697078704833984,55.60895709991455
naval,dune_bayes,2294,precision,38.31765861511231,44.83294105529785,51.01992473602294
naval,dune_bayes,2295,precision,41.788621520996095,47.01531791687012,52.289236450195304
naval,dune_bayes,2296,precision,46.12494239807129,50.4493408203125,55.44958610534668
naval,dune_bayes,2297,precision,40.72157249450684,50.730674743652344,61.81324024200438
naval,dune_bayes,2298,precision,34.669799995422366,42.59383583068848,50.1987865447998
naval,dune_bayes,2299,precision,46.257562255859376,50.567283630371094,55.60547313690186
naval,dune_bayes,2300,precision,44.17662315368652,51.4381217956543,59.77620010375976
naval,dune_bayes,2301,precision,40.74314250946045,50.73684120178223,61.81706943511961
naval,dune_bayes,2302,precision,41.78792552947998,47.01396942138672,52.29189071655273
naval,dune_bayes,2303,precision,44.70316791534424,49.127553939819336,53.992000579833984
naval,dune_bayes,2304,precision,46.261549377441405,50.57961845397949,55.60624675750732
naval,dune_bayes,2305,precision,34.77447853088379,42.67965507507324,50.29637641906738
naval,dune_bayes,2306,precision,46.08585166931152,51.71514701843262,57.771491050720215
naval,dune_bayes,2307,precision,44.201087379455565,51.488298416137695,59.77230014801025
naval,dune_bayes,2308,precision,46.108185577392575,51.72622299194336,57.80871181488037
naval,dune_bayes,2309,precision,44.747083473205564,49.128034591674805,54.02328109741211
naval,dune_bayes,2310,precision,34.607097434997556,42.527957916259766,50.28964633941651
naval,dune_bayes,2311,precision,46.288778114318845,50.6167049407959,55.59479122161865
naval,dune_bayes,2312,precision,35.672904586791994,43.10061073303223,49.970956611633284
naval,dune_bayes,2313,precision,38.411629104614256,45.01878356933594,51.28118705749512
naval,dune_bayes,2314,precision,41.78260116577148,47.01381301879883,52.30198440551757
naval,dune_bayes,2315,precision,46.310302925109866,50.63448905944824,55.583237648010254
naval,dune_bayes,2316,precision,44.270111083984375,51.56891059875488,59.74998207092285
naval,dune_bayes,2317,precision,40.92940559387207,50.786197662353516,61.84914665222167
naval,dune_bayes,2318,precision,38.40862255096435,45.02194595336914,51.28621215820312
naval,dune_bayes,2319,precision,44.278554344177245,51.57460975646973,59.74625816345215
naval,dune_bayes,2320,precision,46.362172317504886,50.66509246826172,55.5901554107666
naval,dune_bayes,2321,precision,46.26594219207764,51.781925201416016,57.88615455627441
naval,dune_bayes,2322,precision,34.592738723754884,42.442779541015625,49.67662658691406
naval,dune_bayes,2323,precision,35.88049430847168,43.248619079589844,50.03280525207518
naval,dune_bayes,2324,precision,44.83591289520264,49.14860534667969,54.10349063873291
naval,dune_bayes,2325,precision,46.29850025177002,51.81721878051758,57.87662277221679
naval,dune_bayes,2326,precision,34.22565231323242,42.261077880859375,49.7826976776123
naval,dune_bayes,2327,precision,38.40171508789062,45.01773643493652,51.29577827453613
naval,dune_bayes,2328,precision,46.41049423217773,50.67872428894043,55.5891056060791
naval,dune_bayes,2329,precision,44.320872116088864,51.62399101257324,59.718573570251465
naval,dune_bayes,2330,precision,41.0204273223877,50.810407638549805,61.865666580200184
naval,dune_bayes,2331,precision,35.76329021453857,43.18303108215332,50.011487388610824
naval,dune_bayes,2332,precision,46.331579971313474,51.837507247924805,57.866766357421874
naval,dune_bayes,2333,precision,41.77958431243896,47.03388977050781,52.31510066986083
naval,dune_bayes,2334,precision,44.8624813079834,49.15934944152832,54.12445220947265
naval,dune_bayes,2335,precision,46.349575996398926,51.845895767211914,57.86054611206054
naval,dune_bayes,2336,precision,44.33875141143799,51.64970588684082,59.70076866149902
naval,dune_bayes,2337,precision,41.050886726379396,50.811960220336914,61.87021198272704
naval,dune_bayes,2338,precision,35.93137550354004,43.31841468811035,50.08547058105467
naval,dune_bayes,2339,precision,44.34715957641602,51.66242599487305,59.69226608276367
naval,dune_bayes,2340,precision,41.77972354888916,47.03834915161133,52.32841548919677
naval,dune_bayes,2341,precision,46.391291809082034,51.870643615722656,57.84453945159911
naval,dune_bayes,2342,precision,34.60281867980957,42.65671920776367,50.45490283966065
naval,dune_bayes,2343,precision,34.68232192993164,42.611366271972656,50.200240516662596
naval,dune_bayes,2344,precision,46.07651901245117,51.72591590881348,57.76861801147461
naval,dune_bayes,2345,precision,34.666946220397946,42.595510482788086,50.197920417785646
naval,dune_bayes,2346,precision,38.31520175933838,44.83462905883789,51.030518913269034
naval,dune_bayes,2347,precision,44.71414203643799,49.130455017089844,54.00228843688965
naval,dune_bayes,2348,precision,36.28004112243652,43.76618003845215,50.77226982116699
naval,dune_bayes,2349,precision,44.199381828308105,51.48333740234375,59.783766365051264
naval,dune_bayes,2350,precision,36.23342437744141,43.71965980529785,50.792116165161126
naval,dune_bayes,2351,precision,46.27754383087158,50.60226821899414,55.62058582305908
naval,dune_bayes,2352,precision,41.78556594848633,47.00653266906738,52.298378181457515
naval,dune_bayes,2353,precision,44.22502193450928,51.53158378601074,59.77552814483642
naval,dune_bayes,2354,precision,34.50631847381592,42.466596603393555,50.15978584289551
naval,dune_bayes,2355,precision,44.233287239074706,51.543039321899414,59.772295188903804
naval,dune_bayes,2356,precision,41.78483963012695,47.01046562194824,52.30033283233642
naval,dune_bayes,2357,precision,34.48636665344238,42.471168518066406,50.209649848937985
naval,dune_bayes,2358,precision,46.18127937316895,51.72812080383301,57.86421432495117
naval,dune_bayes,2359,precision,44.251136779785156,51.55860710144043,59.76628170013428
naval,dune_bayes,2360,precision,41.784755897521975,47.01266670227051,52.30305252075195
naval,dune_bayes,2361,precision,46.215356063842776,51.73568534851074,57.8822452545166
naval,dune_bayes,2362,precision,34.46865730285644,42.476749420166016,50.26984329223633
naval,dune_bayes,2363,precision,41.782398796081544,47.02185249328613,52.304621315002436
naval,dune_bayes,2364,precision,46.24882297515869,51.76328468322754,57.897770690917966
naval,dune_bayes,2365,precision,46.2671932220459,51.78065490722656,57.89177055358886
naval,dune_bayes,2366,precision,40.97852058410645,50.82015419006348,61.86515197753905
naval,dune_bayes,2367,precision,35.02951545715332,42.71093940734863,50.10295448303223
naval,dune_bayes,2368,precision,41.78263492584229,47.024635314941406,52.3068483352661
naval,dune_bayes,2369,precision,34.89351463317871,42.548349380493164,49.866654014587404
naval,dune_bayes,2370,precision,44.31189022064209,51.61007881164551,59.73919944763183
naval,dune_bayes,2371,precision,34.55167999267578,42.402814865112305,49.652762413024895
naval,dune_bayes,2372,precision,35.76787967681885,43.17848587036133,50.010959815978985
naval,dune_bayes,2373,precision,38.40010852813721,45.01914405822754,51.293983078002924
naval,dune_bayes,2374,precision,41.781135940551756,47.02117156982422,52.30787982940673
naval,dune_bayes,2375,precision,46.41010856628418,50.674224853515625,55.60120677947998
naval,dune_bayes,2376,precision,41.78128032684326,47.02653121948242,52.31038055419921
naval,dune_bayes,2377,precision,44.32898941040039,51.635629653930664,59.721219253540035
naval,dune_bayes,2378,precision,41.780799293518065,47.03194618225098,52.317610740661614
naval,dune_bayes,2379,precision,34.29610595703125,42.332637786865234,50.11350593566895
naval,dune_bayes,2380,precision,46.3681396484375,51.852407455444336,57.860775947570794
naval,dune_bayes,2381,precision,44.41213035583496,51.78413772583008,59.78438758850097
naval,dune_bayes,2382,precision,41.09929084777832,50.81732177734375,61.88717975616454
naval,dune_bayes,2383,precision,44.88675537109375,49.17832374572754,54.18510093688965
naval,dune_bayes,2384,precision,46.486063957214355,50.701080322265625,55.615640830993655
naval,dune_bayes,2385,precision,38.388970375061035,45.025394439697266,51.31115589141845
naval,dune_bayes,2386,precision,44.89205627441406,49.18372917175293,54.216464805603025
