dataset,model,observation,parameter,q05,q50,q95
bike,dune_bayes,0,mean,60.109972381591795,65.53860473632812,71.31083755493164
bike,dune_bayes,1,mean,86.48660659790039,91.64421844482422,96.806644821167
bike,dune_bayes,2,mean,89.08055572509765,94.46125411987305,99.57662925720214
bike,dune_bayes,3,mean,90.63119316101074,95.8104019165039,100.78395881652831
bike,dune_bayes,4,mean,103.58205184936523,108.70512771606445,114.06613311767578
bike,dune_bayes,5,mean,110.25221824645996,115.13378143310547,120.27506523132324
bike,dune_bayes,6,mean,88.54500045776368,93.77239608764648,98.88390655517578
bike,dune_bayes,7,mean,125.16328048706055,129.71192169189453,134.26768417358397
bike,dune_bayes,8,mean,98.5130615234375,103.51627349853516,108.59536705017089
bike,dune_bayes,9,mean,82.63394584655762,87.93260955810547,93.22179870605468
bike,dune_bayes,10,mean,180.14941864013673,186.0374298095703,191.69198303222655
bike,dune_bayes,11,mean,160.74417953491212,166.73346710205078,172.3186996459961
bike,dune_bayes,12,mean,156.76086654663087,162.81344604492188,168.57946701049804
bike,dune_bayes,13,mean,135.82245178222655,141.42454528808594,146.60484085083007
bike,dune_bayes,14,mean,154.74887619018554,160.78199768066406,166.39645385742188
bike,dune_bayes,15,mean,171.55179290771486,178.06090545654297,183.77362060546875
bike,dune_bayes,16,mean,146.8565315246582,152.01541900634766,157.02547760009764
bike,dune_bayes,17,mean,151.68083114624022,157.21566772460938,162.38047943115234
bike,dune_bayes,18,mean,151.68083114624022,157.21566772460938,162.38047943115234
bike,dune_bayes,19,mean,67.61638450622559,72.94266510009766,78.13133392333984
bike,dune_bayes,20,mean,149.5133483886719,155.0119400024414,160.57239379882813
bike,dune_bayes,21,mean,154.09430618286132,160.16443634033203,165.78440856933594
bike,dune_bayes,22,mean,180.21496658325196,186.6323013305664,192.5706657409668
bike,dune_bayes,23,mean,191.39257354736327,197.44039916992188,203.0330047607422
bike,dune_bayes,24,mean,168.91123886108397,174.92201232910156,180.3669563293457
bike,dune_bayes,25,mean,126.48147621154786,131.78451538085938,136.64364013671874
bike,dune_bayes,26,mean,147.2172866821289,152.8480987548828,158.15183792114257
bike,dune_bayes,27,mean,156.44273834228517,162.3278350830078,167.4942672729492
bike,dune_bayes,28,mean,177.40070114135742,183.35545349121094,188.80100479125977
bike,dune_bayes,29,mean,172.71269760131835,178.79450225830078,184.12916259765623
bike,dune_bayes,30,mean,142.21669387817383,147.5099334716797,152.6107551574707
bike,dune_bayes,31,mean,87.24290504455567,92.13101959228516,97.12485580444336
bike,dune_bayes,32,mean,86.28779602050781,91.1578483581543,96.17391815185546
bike,dune_bayes,33,mean,150.2270408630371,155.8982925415039,161.41364669799805
bike,dune_bayes,34,mean,169.40294647216797,175.89935302734375,181.65590744018556
bike,dune_bayes,35,mean,165.22236099243165,171.35384368896484,176.96958541870117
bike,dune_bayes,36,mean,163.76558456420898,169.8219757080078,175.24579467773438
bike,dune_bayes,37,mean,160.37322616577148,166.33550262451172,171.54893951416014
bike,dune_bayes,38,mean,125.93609886169433,131.42176055908203,136.29721450805664
bike,dune_bayes,39,mean,67.06397514343261,72.28316879272461,77.75589141845703
bike,dune_bayes,40,mean,155.30230636596679,161.45084381103516,167.03088455200196
bike,dune_bayes,41,mean,172.64814834594728,179.23609161376953,185.6764144897461
bike,dune_bayes,42,mean,156.24066238403321,162.64784240722656,168.67813949584962
bike,dune_bayes,43,mean,154.96274948120117,161.38021850585938,167.4030288696289
bike,dune_bayes,44,mean,148.80538177490234,155.35262298583984,161.27373886108398
bike,dune_bayes,45,mean,143.99650802612305,150.47193145751953,156.35125656127929
bike,dune_bayes,46,mean,158.096915435791,164.77020263671875,171.06469345092773
bike,dune_bayes,47,mean,170.31635208129882,176.81304168701172,183.084969329834
bike,dune_bayes,48,mean,144.03798751831056,150.1657943725586,155.63563919067383
bike,dune_bayes,49,mean,132.97735671997071,138.96085357666016,144.0625762939453
bike,dune_bayes,50,mean,162.32586135864258,168.5500030517578,174.19258728027341
bike,dune_bayes,51,mean,161.63622131347657,167.8325653076172,173.39029922485352
bike,dune_bayes,52,mean,160.525057220459,166.47547912597656,171.70884475708007
bike,dune_bayes,53,mean,143.98860931396484,149.83230590820312,155.32314453125
bike,dune_bayes,54,mean,54.61268844604492,60.05290222167969,65.39550018310547
bike,dune_bayes,55,mean,46.03211898803711,51.83177947998047,57.65607604980469
bike,dune_bayes,56,mean,44.756928253173825,50.35730743408203,56.006433105468744
bike,dune_bayes,57,mean,127.39020004272462,132.6713104248047,137.38758087158203
bike,dune_bayes,58,mean,126.7544044494629,132.4423065185547,137.82054901123047
bike,dune_bayes,59,mean,113.04827270507812,118.16582107543945,123.35613250732422
bike,dune_bayes,60,mean,136.27653732299805,142.09735107421875,147.3193389892578
bike,dune_bayes,61,mean,135.82245178222655,141.42454528808594,146.60484085083007
bike,dune_bayes,62,mean,171.26224594116212,177.62354278564453,183.496174621582
bike,dune_bayes,63,mean,145.44689712524413,151.4128875732422,156.9882614135742
bike,dune_bayes,64,mean,121.45867691040038,127.00324630737305,131.72937927246093
bike,dune_bayes,65,mean,62.71206550598144,68.18414688110352,73.46092643737794
bike,dune_bayes,66,mean,79.28129501342774,84.58677673339844,89.58229293823241
bike,dune_bayes,67,mean,79.5141731262207,84.59903717041016,89.86986808776855
bike,dune_bayes,68,mean,126.99846420288085,132.38807678222656,137.1957061767578
bike,dune_bayes,69,mean,138.34582595825196,144.0269317626953,149.3806312561035
bike,dune_bayes,70,mean,113.38494682312012,118.59487915039062,123.33649826049803
bike,dune_bayes,71,mean,95.69755859375,100.8914909362793,106.04395942687988
bike,dune_bayes,72,mean,95.98366165161133,100.94820785522461,106.09870223999023
bike,dune_bayes,73,mean,179.41504516601563,185.4285888671875,190.76842956542967
bike,dune_bayes,74,mean,186.89792404174804,192.78511810302734,198.16822891235353
bike,dune_bayes,75,mean,193.94636993408204,199.83934020996094,205.23675460815429
bike,dune_bayes,76,mean,183.5979362487793,189.36244201660156,194.81322479248047
bike,dune_bayes,77,mean,173.1606132507324,178.73471069335938,183.95407333374024
bike,dune_bayes,78,mean,134.58709335327148,139.6138687133789,144.38078384399412
bike,dune_bayes,79,mean,132.21417312622071,137.61922454833984,142.62503967285156
bike,dune_bayes,80,mean,142.7720817565918,148.47394561767578,153.70369720458984
bike,dune_bayes,81,mean,177.08256912231445,183.41500854492188,189.03725128173826
bike,dune_bayes,82,mean,160.31096954345702,166.5074234008789,171.7955696105957
bike,dune_bayes,83,mean,154.11044311523438,160.02111053466797,165.4239875793457
bike,dune_bayes,84,mean,152.84971466064454,158.6989288330078,164.00424041748045
bike,dune_bayes,85,mean,153.32945251464844,159.4011001586914,164.7767608642578
bike,dune_bayes,86,mean,137.4556854248047,143.30430603027344,148.41226959228516
bike,dune_bayes,87,mean,145.08905715942382,150.94070434570312,156.24815216064454
bike,dune_bayes,88,mean,147.9553970336914,153.6441192626953,159.0915496826172
bike,dune_bayes,89,mean,139.11885757446288,144.8351821899414,149.99168701171874
bike,dune_bayes,90,mean,45.826551818847655,51.621734619140625,57.48616943359375
bike,dune_bayes,91,mean,51.54218444824219,57.50249481201172,63.282463455200194
bike,dune_bayes,92,mean,59.533932495117185,64.93751907348633,70.43109588623047
bike,dune_bayes,93,mean,62.39375648498535,67.83465957641602,73.15381965637206
bike,dune_bayes,94,mean,49.636888885498045,55.31439208984375,60.884590911865224
bike,dune_bayes,95,mean,133.7541244506836,138.81320190429688,143.55913009643555
bike,dune_bayes,96,mean,160.74914321899413,165.97596740722656,171.06330032348632
bike,dune_bayes,97,mean,121.12775459289551,125.77410888671875,130.4896484375
bike,dune_bayes,98,mean,105.96514472961425,110.71451568603516,115.74950942993163
bike,dune_bayes,99,mean,151.0225631713867,157.11002349853516,163.04106521606445
bike,dune_bayes,100,mean,165.30221786499024,171.67440032958984,177.6282066345215
bike,dune_bayes,101,mean,165.902498626709,172.3565444946289,178.39925308227538
bike,dune_bayes,102,mean,153.3328369140625,159.78682708740234,165.32885437011717
bike,dune_bayes,103,mean,148.26468734741212,154.96054077148438,160.49811401367188
bike,dune_bayes,104,mean,146.15396957397462,152.81273651123047,158.94918365478514
bike,dune_bayes,105,mean,149.4917785644531,155.9685287475586,161.65392532348633
bike,dune_bayes,106,mean,158.12281188964843,164.73674774169922,170.40432586669922
bike,dune_bayes,107,mean,155.28247756958007,161.83541107177734,167.7574279785156
bike,dune_bayes,108,mean,107.54718856811523,113.03422164916992,118.1124496459961
bike,dune_bayes,109,mean,107.54718856811523,113.03422164916992,118.1124496459961
bike,dune_bayes,110,mean,91.19704360961914,96.49888229370117,101.60754890441895
bike,dune_bayes,111,mean,107.54718856811523,113.03422164916992,118.1124496459961
bike,dune_bayes,112,mean,122.58150329589844,128.42544555664062,133.75536041259764
bike,dune_bayes,113,mean,149.28014221191407,155.49593353271484,161.13959197998045
bike,dune_bayes,114,mean,170.84121551513672,177.51931762695312,183.7280532836914
bike,dune_bayes,115,mean,156.31303482055665,162.75518035888672,168.79973373413085
bike,dune_bayes,116,mean,146.4694046020508,152.78662109375,158.41571426391602
bike,dune_bayes,117,mean,138.98687973022462,145.14442443847656,150.69851531982422
bike,dune_bayes,118,mean,144.8634521484375,151.12943267822266,156.5260452270508
bike,dune_bayes,119,mean,144.57091217041017,150.5121841430664,156.13369903564453
bike,dune_bayes,120,mean,136.27653732299805,142.09735107421875,147.3193389892578
bike,dune_bayes,121,mean,81.94724044799804,86.94219207763672,91.98688087463378
bike,dune_bayes,122,mean,104.5739013671875,109.35612869262695,114.0839012145996
bike,dune_bayes,123,mean,52.55013656616211,58.47948455810547,64.34917488098145
bike,dune_bayes,124,mean,52.55013656616211,58.47948455810547,64.34917488098145
bike,dune_bayes,125,mean,45.60721969604492,51.763633728027344,57.745968627929685
bike,dune_bayes,126,mean,45.60721969604492,51.763633728027344,57.745968627929685
bike,dune_bayes,127,mean,69.96991424560547,75.31913757324219,80.51040840148926
bike,dune_bayes,128,mean,46.87190246582031,52.413169860839844,57.95681610107422
bike,dune_bayes,129,mean,48.39250793457031,54.05876922607422,59.60678176879881
bike,dune_bayes,130,mean,60.94091720581055,66.43450546264648,71.80385818481444
bike,dune_bayes,131,mean,76.1340488433838,81.2174186706543,86.23615455627441
bike,dune_bayes,132,mean,97.81077766418457,102.8532485961914,107.93495178222656
bike,dune_bayes,133,mean,69.05204620361329,74.26288986206055,79.74395866394042
bike,dune_bayes,134,mean,50.78160171508789,56.36913299560547,62.2940761566162
bike,dune_bayes,135,mean,32.50084772109985,38.391929626464844,44.42002410888671
bike,dune_bayes,136,mean,70.8330924987793,76.04977798461914,81.59215621948242
bike,dune_bayes,137,mean,152.45836486816407,157.54322814941406,162.52284240722656
bike,dune_bayes,138,mean,140.52936553955078,145.46575164794922,150.28246307373047
bike,dune_bayes,139,mean,140.52936553955078,145.46575164794922,150.28246307373047
bike,dune_bayes,140,mean,106.97941970825195,111.95541381835938,116.71731605529784
bike,dune_bayes,141,mean,88.33665351867675,93.39146423339844,98.51886520385742
bike,dune_bayes,142,mean,118.24925537109375,122.9813346862793,127.88811569213867
bike,dune_bayes,143,mean,83.35183639526367,88.65816879272461,94.01470069885254
bike,dune_bayes,144,mean,114.20505256652832,119.11088943481445,123.93124465942383
bike,dune_bayes,145,mean,113.16579093933106,118.20832443237305,122.97553253173828
bike,dune_bayes,146,mean,121.83309326171874,127.29065704345703,132.18871841430663
bike,dune_bayes,147,mean,35.23613510131836,41.1622314453125,46.94195709228515
bike,dune_bayes,148,mean,35.23613510131836,41.1622314453125,46.94195709228515
bike,dune_bayes,149,mean,48.39250793457031,54.05876922607422,59.60678176879881
bike,dune_bayes,150,mean,51.06009979248047,56.566139221191406,62.37678260803222
bike,dune_bayes,151,mean,45.30816802978516,51.255165100097656,57.44840316772461
bike,dune_bayes,152,mean,43.51352767944336,49.37457275390625,55.18666229248046
bike,dune_bayes,153,mean,43.51352767944336,49.37457275390625,55.18666229248046
bike,dune_bayes,154,mean,44.791289520263675,50.65980529785156,56.69152145385741
bike,dune_bayes,155,mean,47.45209884643555,53.17060852050781,59.08887863159178
bike,dune_bayes,156,mean,47.71356353759766,53.554527282714844,59.367569732666
bike,dune_bayes,157,mean,113.11077919006348,117.66108322143555,122.55646209716797
bike,dune_bayes,158,mean,167.86396331787108,173.20281219482422,178.48296813964845
bike,dune_bayes,159,mean,186.115966796875,192.12667846679688,198.0302474975586
bike,dune_bayes,160,mean,167.7443054199219,173.6082000732422,179.3576805114746
bike,dune_bayes,161,mean,155.0932388305664,160.95816040039062,166.7865333557129
bike,dune_bayes,162,mean,153.059912109375,158.8562469482422,164.39932098388672
bike,dune_bayes,163,mean,158.13984375,164.14435577392578,169.58797225952148
bike,dune_bayes,164,mean,156.93681716918945,163.0010223388672,168.8317108154297
bike,dune_bayes,165,mean,161.4346908569336,167.39675903320312,173.04364089965821
bike,dune_bayes,166,mean,152.9698844909668,158.85677337646484,164.26281967163087
bike,dune_bayes,167,mean,97.50496482849121,102.57329940795898,107.70473022460938
bike,dune_bayes,168,mean,55.10411376953125,60.57440185546875,65.83497428894042
bike,dune_bayes,169,mean,139.47106323242187,144.9150161743164,149.89839401245118
bike,dune_bayes,170,mean,119.41925506591797,124.27071380615234,128.90825500488282
bike,dune_bayes,171,mean,103.3904930114746,108.38770294189453,113.23795890808105
bike,dune_bayes,172,mean,75.58414039611816,80.63687896728516,86.00521240234374
bike,dune_bayes,173,mean,34.047692108154294,39.88328552246094,46.16808624267578
bike,dune_bayes,174,mean,37.38741912841797,43.2078857421875,49.54866561889648
bike,dune_bayes,175,mean,35.743952941894534,41.79357147216797,48.09322052001953
bike,dune_bayes,176,mean,35.743952941894534,41.79357147216797,48.09322052001953
bike,dune_bayes,177,mean,55.53054580688477,61.546302795410156,67.69614334106446
bike,dune_bayes,178,mean,43.91815414428711,49.71160125732422,55.86574630737304
bike,dune_bayes,179,mean,91.91906661987305,96.95175170898438,102.0467399597168
bike,dune_bayes,180,mean,109.00551071166993,113.76936340332031,119.1889461517334
bike,dune_bayes,181,mean,102.86274299621581,107.63687515258789,112.67038459777832
bike,dune_bayes,182,mean,174.08388290405273,179.45030212402344,184.65040283203123
bike,dune_bayes,183,mean,174.08388290405273,179.45030212402344,184.65040283203123
bike,dune_bayes,184,mean,101.76687774658203,106.75323486328125,111.87115669250488
bike,dune_bayes,185,mean,102.61984176635742,107.50669479370117,112.25669746398925
bike,dune_bayes,186,mean,48.39250793457031,54.05876922607422,59.60678176879881
bike,dune_bayes,187,mean,37.397039794921874,43.37657165527344,49.10099487304687
bike,dune_bayes,188,mean,45.919682312011716,51.57335662841797,57.276995849609364
bike,dune_bayes,189,mean,127.32105979919433,131.9053726196289,136.40466995239257
bike,dune_bayes,190,mean,120.8812042236328,125.2602767944336,129.83179473876953
bike,dune_bayes,191,mean,102.65476608276367,107.6840934753418,112.23947181701661
bike,dune_bayes,192,mean,102.65476608276367,107.6840934753418,112.23947181701661
bike,dune_bayes,193,mean,50.40875091552734,56.028533935546875,61.766495513916
bike,dune_bayes,194,mean,68.43746871948242,74.13682174682617,79.47912139892578
bike,dune_bayes,195,mean,154.12005767822265,160.31121826171875,166.0303886413574
bike,dune_bayes,196,mean,172.1978385925293,178.76675415039062,184.80735244750977
bike,dune_bayes,197,mean,163.08381271362305,169.67352294921875,175.61425247192383
bike,dune_bayes,198,mean,158.01368789672853,164.5929183959961,170.4833206176758
bike,dune_bayes,199,mean,153.3328369140625,159.78682708740234,165.32885437011717
bike,dune_bayes,200,mean,138.85558395385743,144.82483673095703,150.18418350219727
bike,dune_bayes,201,mean,146.3065399169922,152.3542251586914,157.7812728881836
bike,dune_bayes,202,mean,176.5633773803711,182.94163513183594,189.10642471313477
bike,dune_bayes,203,mean,176.74674377441406,183.07308197021484,189.25246810913086
bike,dune_bayes,204,mean,174.0882911682129,180.44550323486328,186.2931167602539
bike,dune_bayes,205,mean,148.85257797241212,154.86206817626953,160.2693649291992
bike,dune_bayes,206,mean,120.84501075744629,126.57893371582031,131.4493881225586
bike,dune_bayes,207,mean,200.41330490112304,206.37136840820312,212.13045654296874
bike,dune_bayes,208,mean,192.68485488891602,198.65636444091797,204.23992233276368
bike,dune_bayes,209,mean,185.55029830932617,191.68477630615234,197.3681838989258
bike,dune_bayes,210,mean,177.38564071655273,183.38753509521484,188.90165634155272
bike,dune_bayes,211,mean,117.1808868408203,122.21057891845703,126.87839584350586
bike,dune_bayes,212,mean,80.12791023254394,85.24422836303711,90.6227554321289
bike,dune_bayes,213,mean,63.06560440063477,68.2696418762207,73.80735130310059
bike,dune_bayes,214,mean,32.31742630004883,38.50347137451172,44.78293075561523
bike,dune_bayes,215,mean,50.01801986694336,55.604270935058594,61.21446151733398
bike,dune_bayes,216,mean,191.89919357299806,198.18264770507812,204.05888671875
bike,dune_bayes,217,mean,141.21651611328124,146.75961303710938,152.0855628967285
bike,dune_bayes,218,mean,85.72220802307129,90.64817810058594,96.03092308044434
bike,dune_bayes,219,mean,85.25192909240722,90.3384895324707,95.72176513671874
bike,dune_bayes,220,mean,184.81387481689453,190.9193115234375,196.60590744018555
bike,dune_bayes,221,mean,211.11572875976563,217.14900970458984,222.60487823486326
bike,dune_bayes,222,mean,224.55341339111328,230.34751892089844,235.82054748535157
bike,dune_bayes,223,mean,213.93235473632814,219.78913116455078,225.14070205688478
bike,dune_bayes,224,mean,210.51012954711913,216.39389038085938,221.65210494995117
bike,dune_bayes,225,mean,203.11628494262695,209.1529769897461,214.75801162719725
bike,dune_bayes,226,mean,156.71468811035157,161.7079620361328,166.47820892333985
bike,dune_bayes,227,mean,177.691251373291,183.0339813232422,188.2917694091797
bike,dune_bayes,228,mean,209.59001922607422,215.51124572753906,220.92474517822265
bike,dune_bayes,229,mean,195.07401351928712,200.78551483154297,206.3548583984375
bike,dune_bayes,230,mean,179.20802307128906,185.17822265625,191.09133682250976
bike,dune_bayes,231,mean,175.17768936157228,181.55044555664062,187.72087936401368
bike,dune_bayes,232,mean,182.03934173583986,188.60857391357422,194.46994476318358
bike,dune_bayes,233,mean,201.1319236755371,207.0177993774414,212.92781982421874
bike,dune_bayes,234,mean,206.8639274597168,212.88955688476562,218.65643234252929
bike,dune_bayes,235,mean,161.4618812561035,167.4488067626953,172.6537155151367
bike,dune_bayes,236,mean,129.75884017944335,135.0436782836914,139.76933670043945
bike,dune_bayes,237,mean,131.75723419189453,137.156982421875,141.92100219726564
bike,dune_bayes,238,mean,170.36041259765625,176.59859466552734,182.32964401245115
bike,dune_bayes,239,mean,208.6940010070801,214.80274200439453,220.41764755249022
bike,dune_bayes,240,mean,223.52462997436524,229.6953125,234.90570297241212
bike,dune_bayes,241,mean,238.96990203857422,244.970947265625,250.22977294921876
bike,dune_bayes,242,mean,160.52978286743163,165.44432830810547,170.16983489990236
bike,dune_bayes,243,mean,231.38991622924806,236.48089599609375,241.2959159851074
bike,dune_bayes,244,mean,201.6214828491211,206.3667984008789,210.50288009643555
bike,dune_bayes,245,mean,190.08347930908204,194.471923828125,198.3404739379883
bike,dune_bayes,246,mean,197.52581787109375,201.75952911376953,205.6721534729004
bike,dune_bayes,247,mean,157.47779006958007,161.8086929321289,165.68583984375
bike,dune_bayes,248,mean,135.48822097778321,140.1279067993164,144.54751358032226
bike,dune_bayes,249,mean,157.0926544189453,161.35997772216797,165.29247970581054
bike,dune_bayes,250,mean,134.2095199584961,138.89160919189453,143.29289932250975
bike,dune_bayes,251,mean,115.71726570129394,120.62499237060547,125.31623039245605
bike,dune_bayes,252,mean,115.35290298461913,120.28798294067383,124.9058464050293
bike,dune_bayes,253,mean,299.25506286621095,305.03160095214844,310.69918670654295
bike,dune_bayes,254,mean,298.9620330810547,304.61834716796875,310.1143829345703
bike,dune_bayes,255,mean,256.8890151977539,262.8514862060547,268.6729278564453
bike,dune_bayes,256,mean,227.05408477783203,233.3008804321289,239.47058868408203
bike,dune_bayes,257,mean,240.6300048828125,246.90341186523438,253.14651641845703
bike,dune_bayes,258,mean,240.55737838745117,246.5998306274414,252.6526138305664
bike,dune_bayes,259,mean,209.25503540039062,215.3251190185547,221.2074752807617
bike,dune_bayes,260,mean,159.14823684692382,165.44744110107422,171.45383834838867
bike,dune_bayes,261,mean,151.83580169677734,157.73162841796875,163.17374877929686
bike,dune_bayes,262,mean,126.97843017578126,131.73878479003906,136.40212173461913
bike,dune_bayes,263,mean,172.91279220581055,178.31773376464844,183.3915603637695
bike,dune_bayes,264,mean,142.91012802124024,147.73726654052734,152.46066513061524
bike,dune_bayes,265,mean,89.19897689819337,94.30349349975586,99.49970512390136
bike,dune_bayes,266,mean,74.6819854736328,80.38017272949219,86.15317649841309
bike,dune_bayes,267,mean,67.40949172973633,72.75151824951172,77.95976791381835
bike,dune_bayes,268,mean,132.06607208251953,137.42283630371094,142.11139221191405
bike,dune_bayes,269,mean,150.046883392334,155.7341537475586,161.29693069458008
bike,dune_bayes,270,mean,152.5549118041992,158.56458282470703,164.22344665527345
bike,dune_bayes,271,mean,143.9407585144043,149.85731506347656,155.45358963012694
bike,dune_bayes,272,mean,201.8215545654297,207.69345092773438,213.13506927490235
bike,dune_bayes,273,mean,150.67858810424804,156.2309112548828,161.442537689209
bike,dune_bayes,274,mean,131.21399002075196,136.35189056396484,141.16499099731445
bike,dune_bayes,275,mean,86.28779602050781,91.1578483581543,96.17391815185546
bike,dune_bayes,276,mean,86.88639297485352,91.81022644042969,96.69783821105956
bike,dune_bayes,277,mean,78.56213989257813,83.71931076049805,88.66182022094726
bike,dune_bayes,278,mean,90.01912651062011,94.95343399047852,99.7268569946289
bike,dune_bayes,279,mean,146.35412063598633,151.14210510253906,156.04410781860352
bike,dune_bayes,280,mean,169.5588249206543,174.54207611083984,179.08378372192382
bike,dune_bayes,281,mean,61.775699615478516,67.13562774658203,72.48550720214843
bike,dune_bayes,282,mean,154.83711166381835,159.64016723632812,164.4373405456543
bike,dune_bayes,283,mean,226.21847839355468,232.24586486816406,238.27713928222656
bike,dune_bayes,284,mean,168.21816787719726,174.29257202148438,180.34344482421875
bike,dune_bayes,285,mean,157.30208435058594,162.748291015625,168.2989486694336
bike,dune_bayes,286,mean,115.69019660949706,120.51065826416016,125.35693702697753
bike,dune_bayes,287,mean,115.69019660949706,120.51065826416016,125.35693702697753
bike,dune_bayes,288,mean,172.91279220581055,178.31773376464844,183.3915603637695
bike,dune_bayes,289,mean,165.6577117919922,170.80435180664062,175.88055038452148
bike,dune_bayes,290,mean,142.26448745727538,147.05879974365234,151.7878303527832
bike,dune_bayes,291,mean,59.5170280456543,64.92375183105469,70.58453254699707
bike,dune_bayes,292,mean,125.51606712341308,130.11537170410156,134.52846755981446
bike,dune_bayes,293,mean,104.75617370605468,109.68571090698242,114.81120414733887
bike,dune_bayes,294,mean,85.98439025878906,91.35364151000977,96.75830497741698
bike,dune_bayes,295,mean,84.23139839172363,89.6310920715332,94.98157577514648
bike,dune_bayes,296,mean,106.30546150207519,111.75955581665039,117.11971397399903
bike,dune_bayes,297,mean,90.53467597961426,95.39022827148438,100.44696311950683
bike,dune_bayes,298,mean,89.26035346984864,94.13575744628906,98.98563423156737
bike,dune_bayes,299,mean,90.53467597961426,95.39022827148438,100.44696311950683
bike,dune_bayes,300,mean,70.3026008605957,75.62518310546875,80.74278450012207
bike,dune_bayes,301,mean,219.80729751586915,225.7779769897461,231.6349021911621
bike,dune_bayes,302,mean,201.72437438964843,207.7640609741211,213.85278930664063
bike,dune_bayes,303,mean,195.67907180786133,201.90814971923828,207.95384826660157
bike,dune_bayes,304,mean,180.99533615112304,187.43402099609375,193.4498580932617
bike,dune_bayes,305,mean,164.51385269165038,171.00015258789062,177.0002815246582
bike,dune_bayes,306,mean,160.37322616577148,166.33550262451172,171.54893951416014
bike,dune_bayes,307,mean,159.42327346801758,165.52471923828125,171.0199867248535
bike,dune_bayes,308,mean,121.12775459289551,125.77410888671875,130.4896484375
bike,dune_bayes,309,mean,173.70351638793946,178.87688446044922,183.80336532592773
bike,dune_bayes,310,mean,87.16733589172364,92.18340682983398,97.24448165893554
bike,dune_bayes,311,mean,69.09699287414551,74.38198471069336,79.86293716430664
bike,dune_bayes,312,mean,57.08125991821289,62.6999397277832,68.7618423461914
bike,dune_bayes,313,mean,148.90270538330077,153.25660705566406,157.4361686706543
bike,dune_bayes,314,mean,188.84061813354492,193.44357299804688,197.31927947998045
bike,dune_bayes,315,mean,122.62509803771972,127.49785232543945,132.4954460144043
bike,dune_bayes,316,mean,105.78262977600097,111.03541564941406,116.121484375
bike,dune_bayes,317,mean,90.71829109191894,96.1580810546875,101.5336410522461
bike,dune_bayes,318,mean,85.24279327392578,90.60773086547852,96.15890197753906
bike,dune_bayes,319,mean,105.07427406311035,110.33619689941406,115.7614933013916
bike,dune_bayes,320,mean,61.449057006835936,67.39016723632812,73.2220977783203
bike,dune_bayes,321,mean,57.187127685546876,63.27846908569336,69.25359001159667
bike,dune_bayes,322,mean,53.38606643676758,59.84960174560547,66.15533294677734
bike,dune_bayes,323,mean,62.44656257629394,68.82190322875977,74.58081398010253
bike,dune_bayes,324,mean,176.58013534545898,182.4973907470703,188.20712280273438
bike,dune_bayes,325,mean,189.38901977539064,195.47489166259766,201.27213668823242
bike,dune_bayes,326,mean,132.06607208251953,137.42283630371094,142.11139221191405
bike,dune_bayes,327,mean,211.8828010559082,217.67761993408203,223.12845993041992
bike,dune_bayes,328,mean,145.90573272705078,151.11394500732422,155.9402633666992
bike,dune_bayes,329,mean,75.67736282348633,80.8968276977539,85.86055679321288
bike,dune_bayes,330,mean,54.37440643310547,59.889503479003906,65.7390625
bike,dune_bayes,331,mean,69.80927848815918,75.11126708984375,80.46798782348633
bike,dune_bayes,332,mean,214.6085418701172,220.56078338623047,226.44391632080078
bike,dune_bayes,333,mean,220.5426055908203,226.40704345703125,232.3318099975586
bike,dune_bayes,334,mean,225.08856124877929,231.10660552978516,236.61375198364257
bike,dune_bayes,335,mean,231.23173904418945,237.19960021972656,242.55242538452148
bike,dune_bayes,336,mean,237.78347244262696,243.65736389160156,249.06544799804686
bike,dune_bayes,337,mean,237.78347244262696,243.65736389160156,249.06544799804686
bike,dune_bayes,338,mean,244.65630493164062,250.67286682128906,255.75384674072265
bike,dune_bayes,339,mean,245.70562744140625,251.94452667236328,257.04718322753905
bike,dune_bayes,340,mean,60.50067291259766,65.91990661621094,71.41646385192871
bike,dune_bayes,341,mean,60.50067291259766,65.91990661621094,71.41646385192871
bike,dune_bayes,342,mean,97.2473243713379,101.99149703979492,106.84677009582519
bike,dune_bayes,343,mean,161.21604080200194,166.03801727294922,170.89859008789062
bike,dune_bayes,344,mean,154.69195709228515,159.7681884765625,164.7909812927246
bike,dune_bayes,345,mean,122.26575012207032,127.0910873413086,131.8995391845703
bike,dune_bayes,346,mean,106.70582313537598,111.60797500610352,116.4376594543457
bike,dune_bayes,347,mean,109.59822311401368,114.42410659790039,119.27820663452148
bike,dune_bayes,348,mean,186.11022567749023,191.5228729248047,196.50627517700195
bike,dune_bayes,349,mean,179.49503631591796,184.37103271484375,188.6055778503418
bike,dune_bayes,350,mean,141.9104431152344,146.70338439941406,150.9116683959961
bike,dune_bayes,351,mean,92.6651668548584,97.6082992553711,102.79306144714356
bike,dune_bayes,352,mean,137.69962310791016,142.31475067138672,146.63539505004883
bike,dune_bayes,353,mean,138.21061096191406,142.93692779541016,147.29000396728514
bike,dune_bayes,354,mean,224.0770347595215,229.816650390625,235.01858596801756
bike,dune_bayes,355,mean,142.36283645629882,147.38224029541016,152.20055465698243
bike,dune_bayes,356,mean,157.00634002685547,162.13355255126953,167.02940826416014
bike,dune_bayes,357,mean,184.43898544311523,190.04843139648438,195.3301528930664
bike,dune_bayes,358,mean,191.02028274536133,196.7582244873047,202.09242324829103
bike,dune_bayes,359,mean,63.13370552062988,68.53217697143555,73.75159034729003
bike,dune_bayes,360,mean,91.74892616271973,96.72000122070312,101.57746925354003
bike,dune_bayes,361,mean,98.46671752929687,103.3183708190918,108.07554817199707
bike,dune_bayes,362,mean,149.65614318847656,154.3833236694336,158.9205764770508
bike,dune_bayes,363,mean,173.42126083374023,178.57027435302734,183.47744216918946
bike,dune_bayes,364,mean,107.84383544921874,112.43603134155273,117.18787498474121
bike,dune_bayes,365,mean,48.6368766784668,54.383033752441406,60.387020874023435
bike,dune_bayes,366,mean,57.334232330322266,62.81153869628906,68.38794593811035
bike,dune_bayes,367,mean,58.388712310791014,63.78817367553711,69.50351448059082
bike,dune_bayes,368,mean,188.5506248474121,193.37767028808594,197.50525665283203
bike,dune_bayes,369,mean,197.19651641845704,202.32512664794922,206.89982223510742
bike,dune_bayes,370,mean,141.4710807800293,145.89130401611328,150.2304542541504
bike,dune_bayes,371,mean,88.85893859863282,93.7782974243164,98.93654670715333
bike,dune_bayes,372,mean,232.09397048950194,237.14259338378906,241.91447372436522
bike,dune_bayes,373,mean,237.0390937805176,242.22588348388672,247.03907165527343
bike,dune_bayes,374,mean,142.34494705200194,146.67205047607422,150.96791458129883
bike,dune_bayes,375,mean,131.84160385131835,136.3716278076172,140.8072509765625
bike,dune_bayes,376,mean,169.07269439697265,173.4118423461914,177.05549163818358
bike,dune_bayes,377,mean,247.6379051208496,252.5513687133789,257.7258728027344
bike,dune_bayes,378,mean,285.0762908935547,290.8544006347656,296.1600601196289
bike,dune_bayes,379,mean,270.47003479003905,276.02899169921875,281.28072052001954
bike,dune_bayes,380,mean,259.9777526855469,265.3769989013672,270.61194610595703
bike,dune_bayes,381,mean,257.5573165893555,262.80284118652344,267.88743591308594
bike,dune_bayes,382,mean,257.4590728759766,262.82728576660156,268.04305267333984
bike,dune_bayes,383,mean,256.9,262.3213806152344,268.0303726196289
bike,dune_bayes,384,mean,234.59357986450195,240.51953887939453,246.06204986572266
bike,dune_bayes,385,mean,243.84631958007813,249.38043975830078,254.87984466552734
bike,dune_bayes,386,mean,216.57900619506836,222.3145980834961,227.52376174926758
bike,dune_bayes,387,mean,156.3997543334961,161.67032623291016,166.85564193725585
bike,dune_bayes,388,mean,138.96768341064453,144.13626861572266,148.99644927978514
bike,dune_bayes,389,mean,210.51012954711913,216.39389038085938,221.65210494995117
bike,dune_bayes,390,mean,198.4219108581543,204.27986907958984,209.43121261596679
bike,dune_bayes,391,mean,108.46569366455078,113.29363250732422,118.5433738708496
bike,dune_bayes,392,mean,108.14238395690919,112.79571533203125,117.81217575073242
bike,dune_bayes,393,mean,108.14238395690919,112.79571533203125,117.81217575073242
bike,dune_bayes,394,mean,197.1103546142578,201.18888092041016,205.2231803894043
bike,dune_bayes,395,mean,196.9319206237793,200.87163543701172,204.9134735107422
bike,dune_bayes,396,mean,224.66386184692382,229.27108764648438,233.7380058288574
bike,dune_bayes,397,mean,203.63534851074218,207.58350372314453,211.7187828063965
bike,dune_bayes,398,mean,109.7356689453125,114.9207992553711,119.85799293518066
bike,dune_bayes,399,mean,111.04310493469238,115.97542190551758,121.07927856445312
bike,dune_bayes,400,mean,95.72498588562011,100.91941833496094,106.17151069641113
bike,dune_bayes,401,mean,105.25319213867188,110.39754104614258,115.13040618896484
bike,dune_bayes,402,mean,92.05338897705079,97.20834350585938,102.36460647583007
bike,dune_bayes,403,mean,224.76702728271485,229.806884765625,234.41348724365233
bike,dune_bayes,404,mean,188.89766311645508,193.69895935058594,197.85224533081055
bike,dune_bayes,405,mean,79.78831787109375,85.06377410888672,90.3939811706543
bike,dune_bayes,406,mean,84.90383491516113,90.04096221923828,95.24991950988769
bike,dune_bayes,407,mean,74.93943099975586,80.14096069335938,85.5888843536377
bike,dune_bayes,408,mean,93.3064998626709,98.42997360229492,103.51445007324219
bike,dune_bayes,409,mean,111.44414710998535,116.27787399291992,121.01003341674804
bike,dune_bayes,410,mean,58.18662796020508,64.33612442016602,70.55679893493652
bike,dune_bayes,411,mean,63.03244590759277,68.4569206237793,74.22022399902343
bike,dune_bayes,412,mean,101.15524673461914,105.90579223632812,110.78859519958496
bike,dune_bayes,413,mean,144.89857025146483,149.7738494873047,154.96557388305663
bike,dune_bayes,414,mean,104.5739013671875,109.35612869262695,114.0839012145996
bike,dune_bayes,415,mean,71.31346817016602,76.65423583984375,81.68926429748535
bike,dune_bayes,416,mean,119.28204078674317,124.33026504516602,129.2945671081543
bike,dune_bayes,417,mean,153.64950408935547,159.29517364501953,164.80325088500976
bike,dune_bayes,418,mean,189.0086456298828,195.03857421875,200.80805511474608
bike,dune_bayes,419,mean,177.7831802368164,184.0438690185547,189.6673629760742
bike,dune_bayes,420,mean,173.21242904663086,179.35576629638672,184.94240493774413
bike,dune_bayes,421,mean,157.05447158813476,163.08641815185547,168.40973358154295
bike,dune_bayes,422,mean,139.11885757446288,144.8351821899414,149.99168701171874
bike,dune_bayes,423,mean,156.36338424682617,161.95462799072266,167.29036712646484
bike,dune_bayes,424,mean,167.86596603393554,173.64948272705078,179.06838989257812
bike,dune_bayes,425,mean,182.50292892456054,188.53960418701172,193.8548812866211
bike,dune_bayes,426,mean,190.5933479309082,196.60492706298828,202.04606399536132
bike,dune_bayes,427,mean,198.72407989501954,204.83145904541016,210.32580184936523
bike,dune_bayes,428,mean,163.25077209472656,168.79283905029297,174.16145858764648
bike,dune_bayes,429,mean,163.86897659301758,169.78495025634766,175.29017028808593
bike,dune_bayes,430,mean,44.10157928466797,49.84351348876953,55.76021881103515
bike,dune_bayes,431,mean,86.42423057556152,91.27453994750977,96.45221786499023
bike,dune_bayes,432,mean,178.88107376098634,184.76187133789062,190.03470993041992
bike,dune_bayes,433,mean,167.86596603393554,173.64948272705078,179.06838989257812
bike,dune_bayes,434,mean,154.09430618286132,160.16443634033203,165.78440856933594
bike,dune_bayes,435,mean,182.8057975769043,189.29634857177734,195.08042068481444
bike,dune_bayes,436,mean,199.18116760253906,205.18256378173828,210.82139663696287
bike,dune_bayes,437,mean,174.9631675720215,181.4167251586914,187.37879486083983
bike,dune_bayes,438,mean,202.45446395874023,208.45662689208984,214.02530517578126
bike,dune_bayes,439,mean,142.45293579101562,147.54068756103516,152.0769836425781
bike,dune_bayes,440,mean,181.77581253051758,187.46112060546875,192.90862731933592
bike,dune_bayes,441,mean,160.74914321899413,165.97596740722656,171.06330032348632
bike,dune_bayes,442,mean,176.87556533813478,182.27901458740234,187.4757179260254
bike,dune_bayes,443,mean,176.29468154907227,181.61173248291016,186.79695205688478
bike,dune_bayes,444,mean,182.00657272338867,187.43270111083984,192.436865234375
bike,dune_bayes,445,mean,47.45209884643555,53.17060852050781,59.08887863159178
bike,dune_bayes,446,mean,47.71356353759766,53.554527282714844,59.367569732666
bike,dune_bayes,447,mean,48.39635162353515,54.363258361816406,60.37220764160156
bike,dune_bayes,448,mean,51.29793853759766,57.06182861328125,63.0797378540039
bike,dune_bayes,449,mean,64.88376121520996,70.13357543945312,75.65384178161621
bike,dune_bayes,450,mean,64.88376121520996,70.13357543945312,75.65384178161621
bike,dune_bayes,451,mean,47.99143753051758,53.86552429199219,59.889331054687496
bike,dune_bayes,452,mean,45.401371002197266,51.364898681640625,56.888375091552724
bike,dune_bayes,453,mean,177.80844268798828,183.31372833251953,188.533358001709
bike,dune_bayes,454,mean,171.56426010131835,176.81065368652344,181.98049240112306
bike,dune_bayes,455,mean,91.03485717773438,95.95052719116211,101.0373291015625
bike,dune_bayes,456,mean,119.69073715209962,124.28365325927734,128.9512825012207
bike,dune_bayes,457,mean,82.39785652160644,87.67084884643555,92.9091968536377
bike,dune_bayes,458,mean,114.40770072937012,119.30546569824219,124.035404586792
bike,dune_bayes,459,mean,126.42891731262208,131.09542083740234,135.73754119873047
bike,dune_bayes,460,mean,125.30047569274902,130.12269592285156,134.83874893188477
bike,dune_bayes,461,mean,110.90279121398926,115.80870056152344,120.47148208618164
bike,dune_bayes,462,mean,144.1282585144043,149.03814697265625,153.6826171875
bike,dune_bayes,463,mean,234.98518753051758,240.55866241455078,245.90045013427735
bike,dune_bayes,464,mean,203.5270034790039,208.96907806396484,213.84984283447267
bike,dune_bayes,465,mean,197.14938507080078,202.89884185791016,207.89202194213868
bike,dune_bayes,466,mean,185.11143493652344,190.3496322631836,194.88461608886718
bike,dune_bayes,467,mean,170.5389617919922,175.36354064941406,179.1615867614746
bike,dune_bayes,468,mean,193.7113151550293,198.5891342163086,202.60460205078124
bike,dune_bayes,469,mean,277.9780303955078,283.35650634765625,288.80643157958986
bike,dune_bayes,470,mean,331.3260559082031,337.7000732421875,343.81630554199216
bike,dune_bayes,471,mean,315.18258514404295,321.2794952392578,327.19688110351564
bike,dune_bayes,472,mean,195.3736587524414,201.16432189941406,206.50366897583007
bike,dune_bayes,473,mean,189.19609298706055,194.77706146240234,199.98313217163084
bike,dune_bayes,474,mean,199.98592834472657,205.78575897216797,211.38668823242188
bike,dune_bayes,475,mean,177.51576614379883,182.89043426513672,188.12445449829102
bike,dune_bayes,476,mean,160.29491500854493,165.64366912841797,170.6898567199707
bike,dune_bayes,477,mean,122.98109588623046,127.82825088500977,132.37422943115234
bike,dune_bayes,478,mean,88.67098388671874,93.65603637695312,98.61614837646485
bike,dune_bayes,479,mean,249.81829071044922,255.33688354492188,261.06842651367185
bike,dune_bayes,480,mean,262.15486602783204,267.5889434814453,273.09205932617186
bike,dune_bayes,481,mean,224.14949264526368,229.6161346435547,234.70108947753906
bike,dune_bayes,482,mean,197.3597869873047,202.57950592041016,207.29534072875975
bike,dune_bayes,483,mean,79.78831787109375,85.06377410888672,90.3939811706543
bike,dune_bayes,484,mean,99.3449047088623,104.34016036987305,109.15445823669434
bike,dune_bayes,485,mean,232.27431640625,237.0750961303711,241.79921951293946
bike,dune_bayes,486,mean,278.0763900756836,283.3172149658203,288.8425537109375
bike,dune_bayes,487,mean,105.58064842224121,110.60745620727539,115.40902099609374
bike,dune_bayes,488,mean,93.37980194091797,98.45577239990234,103.36083450317382
bike,dune_bayes,489,mean,74.93943099975586,80.14096069335938,85.5888843536377
bike,dune_bayes,490,mean,63.362256622314455,68.81083297729492,74.67298583984375
bike,dune_bayes,491,mean,64.96941375732422,70.26103210449219,75.82541923522949
bike,dune_bayes,492,mean,87.4456413269043,92.84639739990234,97.92187843322753
bike,dune_bayes,493,mean,70.95158004760742,76.67631912231445,82.35894927978515
bike,dune_bayes,494,mean,70.49586372375488,76.23387908935547,81.84371948242188
bike,dune_bayes,495,mean,70.49586372375488,76.23387908935547,81.84371948242188
bike,dune_bayes,496,mean,75.25011329650879,80.85517120361328,86.41125411987305
bike,dune_bayes,497,mean,156.44415664672852,160.8820571899414,165.64716873168945
bike,dune_bayes,498,mean,144.23301467895507,148.91136932373047,154.09702911376954
bike,dune_bayes,499,mean,96.95527153015136,102.03376770019531,107.30726165771485
bike,dune_bayes,500,mean,104.43921928405761,109.30842208862305,114.46322250366211
bike,dune_bayes,501,mean,215.08445053100587,219.42620086669922,224.6437026977539
bike,dune_bayes,502,mean,296.3143005371094,302.0216064453125,307.8758087158203
bike,dune_bayes,503,mean,296.3143005371094,302.0216064453125,307.8758087158203
bike,dune_bayes,504,mean,269.3614166259766,274.65196228027344,279.65883178710936
bike,dune_bayes,505,mean,261.91893005371094,267.13450622558594,272.1242202758789
bike,dune_bayes,506,mean,122.7457935333252,127.6013412475586,132.18868255615234
bike,dune_bayes,507,mean,106.51949272155761,111.55769729614258,116.74654502868653
bike,dune_bayes,508,mean,84.10829124450683,89.38663482666016,94.6796775817871
bike,dune_bayes,509,mean,79.4637622833252,84.80937576293945,90.32892265319823
bike,dune_bayes,510,mean,91.43985023498536,96.5976791381836,101.76551055908203
bike,dune_bayes,511,mean,106.27894859313965,111.30741119384766,116.2289737701416
bike,dune_bayes,512,mean,135.48822097778321,140.1279067993164,144.54751358032226
bike,dune_bayes,513,mean,165.09616394042968,169.4826202392578,173.33141326904297
bike,dune_bayes,514,mean,218.78680496215821,223.3690185546875,227.95761947631837
bike,dune_bayes,515,mean,239.09383544921874,244.07814025878906,249.1903968811035
bike,dune_bayes,516,mean,251.63756713867187,256.7785186767578,261.95849609375
bike,dune_bayes,517,mean,267.03441467285154,272.5493469238281,277.8380065917969
bike,dune_bayes,518,mean,168.1490051269531,172.46243286132812,176.0495178222656
bike,dune_bayes,519,mean,180.3905044555664,184.59468841552734,188.1229621887207
bike,dune_bayes,520,mean,108.12042083740235,113.10291290283203,118.26994476318359
bike,dune_bayes,521,mean,87.1019359588623,92.46345520019531,97.62156219482422
bike,dune_bayes,522,mean,86.90962715148926,92.31012725830078,97.45345306396484
bike,dune_bayes,523,mean,217.32820053100585,222.1977081298828,227.2207893371582
bike,dune_bayes,524,mean,78.10958251953124,83.51984786987305,88.77073936462402
bike,dune_bayes,525,mean,79.02571449279785,84.53826141357422,89.82719306945799
bike,dune_bayes,526,mean,92.17611236572266,97.50872802734375,102.78095741271972
bike,dune_bayes,527,mean,143.10857391357422,148.36888885498047,154.0307586669922
bike,dune_bayes,528,mean,141.50870819091796,145.96289825439453,150.23090515136718
bike,dune_bayes,529,mean,256.72638244628905,262.1335754394531,267.79532928466796
bike,dune_bayes,530,mean,266.87628479003905,272.7488708496094,278.55291748046875
bike,dune_bayes,531,mean,147.89626083374023,152.30060577392578,156.75384216308595
bike,dune_bayes,532,mean,244.79196853637694,249.7993927001953,254.52593002319335
bike,dune_bayes,533,mean,271.3689468383789,276.55397033691406,281.7707916259766
bike,dune_bayes,534,mean,266.79150238037107,271.93699645996094,277.0794982910156
bike,dune_bayes,535,mean,267.37227325439454,273.2746124267578,278.7124725341797
bike,dune_bayes,536,mean,214.04448547363282,218.5676498413086,222.8489196777344
bike,dune_bayes,537,mean,195.0151596069336,199.16425323486328,203.18902664184571
bike,dune_bayes,538,mean,240.15231857299804,244.57732391357422,249.35826950073243
bike,dune_bayes,539,mean,136.08989868164062,140.95674896240234,145.71490631103515
bike,dune_bayes,540,mean,109.7356689453125,114.9207992553711,119.85799293518066
bike,dune_bayes,541,mean,87.7998203277588,93.36243057250977,98.40431175231933
bike,dune_bayes,542,mean,209.77898025512695,214.14138793945312,219.28165435791016
bike,dune_bayes,543,mean,206.28797073364257,210.9027328491211,215.37576141357422
bike,dune_bayes,544,mean,310.5944000244141,316.6736145019531,322.72417602539065
bike,dune_bayes,545,mean,319.5365936279297,325.6392517089844,331.52040405273436
bike,dune_bayes,546,mean,314.4153778076172,320.4968719482422,326.5601104736328
bike,dune_bayes,547,mean,305.82720947265625,312.00181579589844,317.57273864746094
bike,dune_bayes,548,mean,298.9620330810547,304.61834716796875,310.1143829345703
bike,dune_bayes,549,mean,281.23032531738284,286.63250732421875,291.9626525878906
bike,dune_bayes,550,mean,238.6933349609375,244.0323257446289,249.5018341064453
bike,dune_bayes,551,mean,205.43427429199218,210.65032196044922,215.42020950317382
bike,dune_bayes,552,mean,183.63316345214844,188.8295440673828,193.6612091064453
bike,dune_bayes,553,mean,187.0875556945801,192.4478759765625,197.43089752197264
bike,dune_bayes,554,mean,205.28954315185547,210.91638946533203,215.99986877441407
bike,dune_bayes,555,mean,256.77149505615233,262.4778594970703,267.6962356567383
bike,dune_bayes,556,mean,198.08582153320313,203.456298828125,208.56370162963867
bike,dune_bayes,557,mean,166.29645004272462,171.12390899658203,175.9447944641113
bike,dune_bayes,558,mean,161.43938064575195,166.32550811767578,171.1786811828613
bike,dune_bayes,559,mean,93.37980194091797,98.45577239990234,103.36083450317382
bike,dune_bayes,560,mean,69.99632110595704,75.42949295043945,80.89320602416991
bike,dune_bayes,561,mean,55.90933532714844,61.518898010253906,67.70065422058106
bike,dune_bayes,562,mean,55.16201324462891,60.90348815917969,66.9176700592041
bike,dune_bayes,563,mean,142.54103164672853,147.5105972290039,152.8782600402832
bike,dune_bayes,564,mean,141.26306610107423,146.43089294433594,152.0522392272949
bike,dune_bayes,565,mean,172.28840255737305,176.9330291748047,182.31547164916992
bike,dune_bayes,566,mean,125.63646202087402,130.52978515625,136.01310195922852
bike,dune_bayes,567,mean,117.63018493652343,122.7970199584961,128.37139129638672
bike,dune_bayes,568,mean,260.8180450439453,265.76393127441406,270.6445022583008
bike,dune_bayes,569,mean,242.66225509643556,247.2754669189453,251.97248153686525
bike,dune_bayes,570,mean,211.98583602905273,216.37378692626953,221.1945037841797
bike,dune_bayes,571,mean,128.9260124206543,133.93028259277344,139.65482864379882
bike,dune_bayes,572,mean,113.60374488830567,118.85759735107422,124.15995368957519
bike,dune_bayes,573,mean,273.3491912841797,278.8893737792969,283.9644149780273
bike,dune_bayes,574,mean,255.99510345458984,261.04527282714844,265.97424468994143
bike,dune_bayes,575,mean,191.60383148193358,196.01294708251953,201.00017852783202
bike,dune_bayes,576,mean,142.44658126831055,147.3970718383789,152.8540069580078
bike,dune_bayes,577,mean,203.59066619873047,208.15313720703125,213.23114929199218
bike,dune_bayes,578,mean,265.2887588500977,270.60093688964844,275.46177062988284
bike,dune_bayes,579,mean,185.78728637695312,190.55799865722656,195.69218673706055
bike,dune_bayes,580,mean,169.71698532104492,174.71652221679688,180.1227294921875
bike,dune_bayes,581,mean,142.34026947021485,147.4769515991211,153.0194107055664
bike,dune_bayes,582,mean,142.58189392089844,147.79442596435547,153.31916427612305
bike,dune_bayes,583,mean,177.46325302124023,182.74564361572266,188.26329956054687
bike,dune_bayes,584,mean,191.9647689819336,197.08182525634766,202.3852310180664
bike,dune_bayes,585,mean,192.4153938293457,197.47545623779297,202.89479598999023
bike,dune_bayes,586,mean,276.7934631347656,282.2198181152344,287.4432739257812
bike,dune_bayes,587,mean,276.7934631347656,282.2198181152344,287.4432739257812
bike,dune_bayes,588,mean,251.63631362915038,256.7229309082031,261.6742416381836
bike,dune_bayes,589,mean,246.61441192626953,251.7825469970703,256.71314697265626
bike,dune_bayes,590,mean,255.8809844970703,260.9657897949219,266.2601943969727
bike,dune_bayes,591,mean,257.8030639648438,263.2629699707031,268.75225219726565
bike,dune_bayes,592,mean,194.06158828735352,198.8688735961914,202.92231216430665
bike,dune_bayes,593,mean,187.8540771484375,192.95248413085938,197.26155166625978
bike,dune_bayes,594,mean,187.63907699584962,192.61962890625,196.84398880004883
bike,dune_bayes,595,mean,180.505362701416,185.32694244384766,189.560066986084
bike,dune_bayes,596,mean,265.4292236328125,270.810791015625,276.1011764526367
bike,dune_bayes,597,mean,249.19457473754883,254.40413665771484,259.547428894043
bike,dune_bayes,598,mean,97.11198081970215,102.4439697265625,107.40066757202148
bike,dune_bayes,599,mean,140.59070205688477,145.02378845214844,149.67580032348633
bike,dune_bayes,600,mean,166.89584503173828,171.0946502685547,175.51686172485353
bike,dune_bayes,601,mean,118.1017448425293,122.95793151855469,128.33855895996095
bike,dune_bayes,602,mean,117.23952713012696,122.2265739440918,127.23796920776367
bike,dune_bayes,603,mean,129.03900222778321,133.64479064941406,138.60335006713868
bike,dune_bayes,604,mean,141.30608444213868,145.85356903076172,150.20885467529297
bike,dune_bayes,605,mean,121.7635513305664,126.64865493774414,131.15909271240236
bike,dune_bayes,606,mean,121.7635513305664,126.64865493774414,131.15909271240236
bike,dune_bayes,607,mean,145.80055389404296,150.6735076904297,155.14901809692384
bike,dune_bayes,608,mean,213.5411720275879,217.6856918334961,222.43284606933594
bike,dune_bayes,609,mean,230.35808181762695,234.60984802246094,239.19681396484376
bike,dune_bayes,610,mean,188.31987838745118,193.15919494628906,198.00393371582032
bike,dune_bayes,611,mean,166.05264587402343,170.7669906616211,175.87866439819337
bike,dune_bayes,612,mean,180.43382186889647,185.2268829345703,190.24920654296875
bike,dune_bayes,613,mean,214.73209075927736,218.98116302490234,223.97319564819335
bike,dune_bayes,614,mean,231.79354705810547,236.0121307373047,240.65618057250975
bike,dune_bayes,615,mean,152.05534744262695,157.058837890625,161.94561843872071
bike,dune_bayes,616,mean,182.9474639892578,187.76251220703125,191.84269485473632
bike,dune_bayes,617,mean,220.51268005371094,225.3207015991211,230.24696426391603
bike,dune_bayes,618,mean,145.25771789550782,149.50132751464844,153.9277442932129
bike,dune_bayes,619,mean,121.99927215576172,126.60684204101562,131.19139709472654
bike,dune_bayes,620,mean,191.9571548461914,197.10317993164062,201.57420654296874
bike,dune_bayes,621,mean,242.20985641479493,247.83599090576172,253.0582633972168
bike,dune_bayes,622,mean,269.85924377441404,275.6001281738281,281.6167449951172
bike,dune_bayes,623,mean,278.44618072509763,284.334228515625,289.69681243896486
bike,dune_bayes,624,mean,269.10558013916017,274.741455078125,280.0278594970703
bike,dune_bayes,625,mean,150.72407913208008,154.90530395507812,158.98065032958985
bike,dune_bayes,626,mean,276.6932647705078,282.051513671875,287.4664962768555
bike,dune_bayes,627,mean,103.83336143493652,108.9355239868164,114.03666076660156
bike,dune_bayes,628,mean,113.35241355895997,118.31354141235352,123.30843620300293
bike,dune_bayes,629,mean,223.33716201782227,227.90716552734375,232.41314086914062
bike,dune_bayes,630,mean,272.4290267944336,278.18475341796875,283.4398452758789
bike,dune_bayes,631,mean,119.74589920043945,124.51860427856445,129.6103286743164
bike,dune_bayes,632,mean,190.7525192260742,194.51290130615234,198.57195663452148
bike,dune_bayes,633,mean,251.45703125,256.466552734375,261.54105682373046
bike,dune_bayes,634,mean,250.9821746826172,256.00563049316406,260.94300537109376
bike,dune_bayes,635,mean,263.7763961791992,269.04991149902344,274.1797897338867
bike,dune_bayes,636,mean,256.48824005126954,261.7937774658203,266.77588806152346
bike,dune_bayes,637,mean,256.48824005126954,261.7937774658203,266.77588806152346
bike,dune_bayes,638,mean,263.9660919189453,269.2067565917969,274.29114837646483
bike,dune_bayes,639,mean,118.71085968017579,123.76864624023438,128.67075042724608
bike,dune_bayes,640,mean,135.25799636840821,139.82044982910156,144.22056579589844
bike,dune_bayes,641,mean,216.20224304199218,220.7497100830078,224.9377227783203
bike,dune_bayes,642,mean,271.3689468383789,276.55397033691406,281.7707916259766
bike,dune_bayes,643,mean,280.83510131835936,286.31947326660156,291.60151824951174
bike,dune_bayes,644,mean,286.0847534179687,291.4749755859375,297.0907608032227
bike,dune_bayes,645,mean,264.6802093505859,270.0718078613281,275.2324981689453
bike,dune_bayes,646,mean,176.17063369750977,180.62255096435547,184.3406608581543
bike,dune_bayes,647,mean,158.0989761352539,162.5028076171875,166.45842742919922
bike,dune_bayes,648,mean,232.37879028320313,237.22310638427734,241.98937225341797
bike,dune_bayes,649,mean,208.290779876709,212.22049713134766,216.11528778076172
bike,dune_bayes,650,mean,229.52515258789063,234.29493713378906,238.9611328125
bike,dune_bayes,651,mean,215.07124786376954,219.4994888305664,223.49381484985352
bike,dune_bayes,652,mean,283.54332733154297,289.5995178222656,295.30859527587893
bike,dune_bayes,653,mean,111.60029220581055,116.59272766113281,121.7173583984375
bike,dune_bayes,654,mean,184.1086898803711,188.35021209716797,192.52530670166016
bike,dune_bayes,655,mean,148.75384674072265,153.58077239990234,158.80244827270508
bike,dune_bayes,656,mean,140.8698303222656,145.81328582763672,150.92952651977538
bike,dune_bayes,657,mean,125.58724975585938,130.50118255615234,135.55587615966797
bike,dune_bayes,658,mean,125.58724975585938,130.50118255615234,135.55587615966797
bike,dune_bayes,659,mean,134.0113441467285,138.8769302368164,144.1781799316406
bike,dune_bayes,660,mean,135.68549728393555,140.77449798583984,146.19957580566407
bike,dune_bayes,661,mean,141.24248504638672,146.24602508544922,151.29921188354493
bike,dune_bayes,662,mean,140.46860961914064,145.41839599609375,150.56057357788086
bike,dune_bayes,663,mean,141.7083839416504,146.53589630126953,151.64816589355468
bike,dune_bayes,664,mean,120.62377433776855,125.61919403076172,131.34898452758787
bike,dune_bayes,665,mean,134.28793182373047,139.57205200195312,145.32576065063475
bike,dune_bayes,666,mean,119.6348834991455,124.86524200439453,130.6231376647949
bike,dune_bayes,667,mean,120.72084579467773,125.79050827026367,131.5072151184082
bike,dune_bayes,668,mean,121.02257423400879,126.1266098022461,131.75949096679688
bike,dune_bayes,669,mean,119.6348834991455,124.86524200439453,130.6231376647949
bike,dune_bayes,670,mean,178.4205093383789,183.16201782226562,188.40023040771484
bike,dune_bayes,671,mean,201.32339935302736,205.7917938232422,211.01547241210938
bike,dune_bayes,672,mean,166.1271064758301,171.00665283203125,176.1654296875
bike,dune_bayes,673,mean,138.42653198242186,143.9284210205078,149.76771621704103
bike,dune_bayes,674,mean,119.36678771972656,124.2552490234375,129.47825775146484
bike,dune_bayes,675,mean,114.0640323638916,119.15159225463867,124.51163482666016
bike,dune_bayes,676,mean,120.73128204345703,125.51484298706055,130.80607147216796
bike,dune_bayes,677,mean,247.59477844238282,252.83126068115234,257.396467590332
bike,dune_bayes,678,mean,261.9839721679688,267.3282012939453,272.20147094726565
bike,dune_bayes,679,mean,155.7902488708496,161.09646606445312,166.5390655517578
bike,dune_bayes,680,mean,146.6186721801758,151.8733139038086,157.46530990600587
bike,dune_bayes,681,mean,127.93739624023438,132.87923431396484,138.64543533325195
bike,dune_bayes,682,mean,150.01616363525392,155.13567352294922,160.5450126647949
bike,dune_bayes,683,mean,221.88190765380858,225.91728973388672,230.93271713256837
bike,dune_bayes,684,mean,141.54792556762695,146.41278076171875,151.79607772827148
bike,dune_bayes,685,mean,149.5492088317871,154.7384490966797,160.11053237915038
bike,dune_bayes,686,mean,133.77303237915038,138.74490356445312,144.44209213256835
bike,dune_bayes,687,mean,173.1936279296875,178.01929473876953,183.071728515625
bike,dune_bayes,688,mean,179.44253005981446,184.1915512084961,189.40998306274415
bike,dune_bayes,689,mean,148.09184494018555,153.04833221435547,158.72406005859375
bike,dune_bayes,690,mean,104.79567527770996,110.2310905456543,115.56496849060059
bike,dune_bayes,691,mean,171.22661285400392,175.96400451660156,181.25726242065429
bike,dune_bayes,692,mean,169.70168838500976,174.38748168945312,178.8352165222168
bike,dune_bayes,693,mean,210.39302520751954,214.54200744628906,218.74676132202148
bike,dune_bayes,694,mean,222.41216506958008,226.47215270996094,230.8133415222168
bike,dune_bayes,695,mean,109.97480125427246,115.05199813842773,120.00833625793457
bike,dune_bayes,696,mean,241.34657287597656,245.8865737915039,250.58600616455078
bike,dune_bayes,697,mean,167.58086853027345,172.38450622558594,177.16791610717775
bike,dune_bayes,698,mean,150.8945541381836,155.66798400878906,160.99221801757812
bike,dune_bayes,699,mean,259.54842681884764,264.63026428222656,269.6110244750977
bike,dune_bayes,700,mean,289.9863525390625,295.7869567871094,301.3301025390625
bike,dune_bayes,701,mean,300.8049652099609,306.5865783691406,312.1559661865234
bike,dune_bayes,702,mean,229.21699447631835,233.98263549804688,238.4970603942871
bike,dune_bayes,703,mean,200.10304260253906,204.5759048461914,209.23023147583007
bike,dune_bayes,704,mean,111.85124015808105,117.15271759033203,122.92549858093261
bike,dune_bayes,705,mean,125.60809288024902,130.75413513183594,136.44342269897462
bike,dune_bayes,706,mean,271.1173950195313,276.3708801269531,281.43662414550784
bike,dune_bayes,707,mean,195.83225784301757,200.23174285888672,205.4996452331543
bike,dune_bayes,708,mean,148.43792190551758,153.42020416259766,158.92123565673828
bike,dune_bayes,709,mean,134.60023574829103,139.51177978515625,145.12629013061522
bike,dune_bayes,710,mean,224.48468475341798,228.93643951416016,234.04692993164062
bike,dune_bayes,711,mean,168.0759765625,173.32442474365234,178.83200912475587
bike,dune_bayes,712,mean,148.95507736206054,154.17552947998047,159.7408561706543
bike,dune_bayes,713,mean,218.238037109375,222.49610137939453,227.1579360961914
bike,dune_bayes,714,mean,203.32317657470702,208.16692352294922,213.1697883605957
bike,dune_bayes,715,mean,204.33501815795898,208.9781265258789,214.0369415283203
bike,dune_bayes,716,mean,129.371435546875,134.30631256103516,140.06600952148438
bike,dune_bayes,717,mean,140.86949462890624,146.0645751953125,151.77746124267577
bike,dune_bayes,718,mean,275.3365417480469,281.01527404785156,285.698551940918
bike,dune_bayes,719,mean,275.9211151123047,281.3216552734375,286.0269332885742
bike,dune_bayes,720,mean,287.6883773803711,293.28224182128906,298.58252868652346
bike,dune_bayes,721,mean,217.48780670166016,221.9022979736328,226.59483795166017
bike,dune_bayes,722,mean,214.27368927001953,219.00093841552734,224.17863388061522
bike,dune_bayes,723,mean,295.81468353271487,301.5675811767578,306.8855499267578
bike,dune_bayes,724,mean,301.57508850097656,307.2756652832031,312.8972961425781
bike,dune_bayes,725,mean,201.8949821472168,206.31851959228516,211.25237731933595
bike,dune_bayes,726,mean,269.1224166870117,274.51605224609375,279.5192581176758
bike,dune_bayes,727,mean,252.98290481567383,257.8551483154297,262.43677673339846
bike,dune_bayes,728,mean,168.45780334472656,173.4723129272461,178.9399055480957
bike,dune_bayes,729,mean,238.46674041748048,243.1013412475586,247.72909240722657
bike,dune_bayes,730,mean,279.5844497680664,284.9371795654297,290.12769470214846
bike,dune_bayes,731,mean,180.3285140991211,185.40827178955078,190.8901794433594
bike,dune_bayes,732,mean,166.9801773071289,172.25492095947266,178.0507667541504
bike,dune_bayes,733,mean,160.2089485168457,165.4396209716797,171.47450942993163
bike,dune_bayes,734,mean,154.3214210510254,159.67671966552734,165.49740295410157
bike,dune_bayes,735,mean,168.02728652954102,173.1961212158203,178.89697647094727
bike,dune_bayes,736,mean,186.17258224487304,191.32997131347656,196.94456100463867
bike,dune_bayes,737,mean,189.6297622680664,194.7079086303711,200.61453247070312
bike,dune_bayes,738,mean,160.31775512695313,165.73805236816406,171.59799499511718
bike,dune_bayes,739,mean,165.2309555053711,170.43557739257812,176.4964797973633
bike,dune_bayes,740,mean,175.90444717407226,181.00341033935547,186.99102935791015
bike,dune_bayes,741,mean,267.7702667236328,273.2581024169922,278.03146209716795
bike,dune_bayes,742,mean,229.49365997314453,234.41290283203125,239.4974006652832
bike,dune_bayes,743,mean,180.97459564208984,186.24811553955078,192.32079544067383
bike,dune_bayes,744,mean,269.57494659423827,275.0202178955078,279.47968139648435
bike,dune_bayes,745,mean,283.95584564208986,289.6563415527344,294.24061279296876
bike,dune_bayes,746,mean,294.44732360839845,300.1677551269531,305.21251220703124
bike,dune_bayes,747,mean,182.1419364929199,187.39089965820312,193.3798942565918
bike,dune_bayes,748,mean,275.5548812866211,280.7769012451172,285.55737762451173
bike,dune_bayes,749,mean,294.4071960449219,300.2214660644531,305.2997589111328
bike,dune_bayes,750,mean,209.06848373413087,214.03160095214844,219.74104537963868
bike,dune_bayes,751,mean,242.1231887817383,246.9066925048828,251.74588775634766
bike,dune_bayes,752,mean,284.6921691894531,290.5774841308594,295.8183288574219
bike,dune_bayes,753,mean,293.263200378418,298.99644470214844,304.50060119628904
bike,dune_bayes,754,mean,321.6352066040039,327.76629638671875,333.49500274658203
bike,dune_bayes,755,mean,329.4596282958984,335.8677215576172,341.788916015625
bike,dune_bayes,756,mean,332.04847564697263,338.3599090576172,344.1862762451172
bike,dune_bayes,757,mean,297.104508972168,302.70391845703125,308.12713012695315
bike,dune_bayes,758,mean,235.14067840576172,239.8973159790039,244.95003585815428
bike,dune_bayes,759,mean,259.19256286621095,264.5458526611328,269.8822082519531
bike,dune_bayes,760,mean,299.63701171875,305.4368438720703,311.0124572753906
bike,dune_bayes,761,mean,315.64388885498045,321.68565368652344,327.304508972168
bike,dune_bayes,762,mean,321.34319763183595,327.5005340576172,333.22379913330076
bike,dune_bayes,763,mean,318.8107513427734,324.884521484375,330.522265625
bike,dune_bayes,764,mean,299.9536499023437,305.72935485839844,311.1788818359375
bike,dune_bayes,765,mean,235.6892349243164,240.88213348388672,245.50147323608397
bike,dune_bayes,766,mean,194.69860916137696,198.57479095458984,202.78001708984374
bike,dune_bayes,767,mean,288.882585144043,294.41224670410156,299.7474655151367
bike,dune_bayes,768,mean,320.44076080322264,326.6617736816406,332.3505462646484
bike,dune_bayes,769,mean,316.7325897216797,323.0364074707031,328.47510681152346
bike,dune_bayes,770,mean,323.8273681640625,330.51318359375,336.22961578369143
bike,dune_bayes,771,mean,247.79868392944337,252.8211212158203,257.66258239746094
bike,dune_bayes,772,mean,218.63702621459962,222.8935775756836,227.5103790283203
bike,dune_bayes,773,mean,190.44955749511718,194.8692626953125,200.07834701538087
bike,dune_bayes,774,mean,178.1458541870117,182.83953857421875,188.12834930419922
bike,dune_bayes,775,mean,268.8141204833984,274.5881652832031,279.68495178222656
bike,dune_bayes,776,mean,283.9610000610352,289.81715393066406,295.1663162231445
bike,dune_bayes,777,mean,233.69400177001953,238.30397033691406,242.7122459411621
bike,dune_bayes,778,mean,168.78097610473634,173.79619598388672,179.25980758666992
bike,dune_bayes,779,mean,154.7496238708496,159.74518585205078,165.42317276000978
bike,dune_bayes,780,mean,329.52886657714845,335.64361572265625,341.33300628662107
bike,dune_bayes,781,mean,275.5397033691406,281.0599060058594,286.03675842285156
bike,dune_bayes,782,mean,189.18597412109375,193.89484405517578,198.62969589233398
bike,dune_bayes,783,mean,162.18535461425782,167.18841552734375,172.71198577880858
bike,dune_bayes,784,mean,178.0854248046875,182.85993194580078,188.11170806884766
bike,dune_bayes,785,mean,312.937255859375,318.72703552246094,324.47644805908203
bike,dune_bayes,786,mean,297.577702331543,303.1260528564453,308.702099609375
bike,dune_bayes,787,mean,272.5192398071289,278.16685485839844,282.78279571533204
bike,dune_bayes,788,mean,176.9781982421875,182.1326446533203,188.02758178710937
bike,dune_bayes,789,mean,193.2642738342285,198.4520721435547,203.96954803466795
bike,dune_bayes,790,mean,270.3688735961914,275.6296691894531,280.13836059570315
bike,dune_bayes,791,mean,191.4718215942383,196.5782012939453,202.56577835083007
bike,dune_bayes,792,mean,323.79769439697264,329.6124267578125,335.3014404296875
bike,dune_bayes,793,mean,336.4235107421875,342.2758026123047,348.2879974365234
bike,dune_bayes,794,mean,331.4953887939453,337.2264862060547,343.1877899169922
bike,dune_bayes,795,mean,285.32348785400393,291.1017761230469,296.05371856689453
bike,dune_bayes,796,mean,270.2135345458984,275.52320861816406,280.15732421875
bike,dune_bayes,797,mean,194.41473693847655,199.22657775878906,204.68500823974608
bike,dune_bayes,798,mean,306.8011016845703,312.5894775390625,318.3380462646484
bike,dune_bayes,799,mean,273.24502716064455,278.485595703125,283.0072738647461
bike,dune_bayes,800,mean,257.26499328613284,262.4623718261719,266.69129943847656
bike,dune_bayes,801,mean,207.78020706176758,212.42587280273438,217.78874588012695
bike,dune_bayes,802,mean,305.82330627441405,311.40403747558594,317.2597427368164
bike,dune_bayes,803,mean,208.99175567626952,213.6731948852539,218.8214096069336
bike,dune_bayes,804,mean,204.24041366577148,208.7351303100586,213.965811920166
bike,dune_bayes,805,mean,166.9801773071289,172.25492095947266,178.0507667541504
bike,dune_bayes,806,mean,210.55571899414062,215.4709014892578,220.98225784301758
bike,dune_bayes,807,mean,197.5085418701172,201.97721099853516,206.94034957885742
bike,dune_bayes,808,mean,204.34204864501953,208.6589584350586,212.86832580566406
bike,dune_bayes,809,mean,302.9337219238281,309.3353271484375,315.21922302246094
bike,dune_bayes,810,mean,309.5470764160156,315.5906219482422,321.1014007568359
bike,dune_bayes,811,mean,307.22413940429686,313.31117248535156,319.3524139404297
bike,dune_bayes,812,mean,306.8933609008789,312.84864807128906,318.7420928955078
bike,dune_bayes,813,mean,295.0221115112305,300.65380859375,306.10522613525393
bike,dune_bayes,814,mean,271.62445373535155,277.0108184814453,282.1593719482422
bike,dune_bayes,815,mean,222.1062255859375,226.3918914794922,231.02744369506834
bike,dune_bayes,816,mean,272.02528686523436,277.3215026855469,282.41953125
bike,dune_bayes,817,mean,274.70130615234376,280.21571350097656,285.4273345947266
bike,dune_bayes,818,mean,295.72474365234376,301.2438659667969,306.64569091796875
bike,dune_bayes,819,mean,270.0448501586914,275.3621063232422,280.4396011352539
bike,dune_bayes,820,mean,223.13046569824218,227.36981964111328,231.8005630493164
bike,dune_bayes,821,mean,169.28859481811523,173.48546600341797,177.4140769958496
bike,dune_bayes,822,mean,185.02369842529296,189.2909164428711,193.01017532348632
bike,dune_bayes,823,mean,324.94044036865233,331.50726318359375,336.96607971191406
bike,dune_bayes,824,mean,320.826887512207,327.2017822265625,332.8110717773437
bike,dune_bayes,825,mean,217.06008911132812,221.05240631103516,225.3854637145996
bike,dune_bayes,826,mean,183.61279907226563,188.16393280029297,192.9203742980957
bike,dune_bayes,827,mean,243.4276382446289,248.02438354492188,252.6852912902832
bike,dune_bayes,828,mean,218.238037109375,222.49610137939453,227.1579360961914
bike,dune_bayes,829,mean,181.49346542358398,186.36436462402344,191.84263916015624
bike,dune_bayes,830,mean,141.0637306213379,146.22337341308594,151.9601287841797
bike,dune_bayes,831,mean,181.627734375,186.6526641845703,192.1686782836914
bike,dune_bayes,832,mean,173.75470275878905,178.8803482055664,184.53587646484374
bike,dune_bayes,833,mean,193.58930053710938,198.38680267333984,204.05589752197267
bike,dune_bayes,834,mean,251.0340148925781,255.7562484741211,260.2524353027344
bike,dune_bayes,835,mean,307.58203125,313.0595245361328,318.82108917236326
bike,dune_bayes,836,mean,203.20022201538086,207.7693862915039,213.12908248901368
bike,dune_bayes,837,mean,274.52799530029296,279.7794647216797,284.78015899658203
bike,dune_bayes,838,mean,294.1656204223633,299.99717712402344,305.41804656982424
bike,dune_bayes,839,mean,171.38042297363282,176.49766540527344,182.47896881103514
bike,dune_bayes,840,mean,170.32929458618165,175.78211212158203,181.7361618041992
bike,dune_bayes,841,mean,148.57861251831054,153.72018432617188,159.09453659057615
bike,dune_bayes,842,mean,179.44253005981446,184.1915512084961,189.40998306274415
bike,dune_bayes,843,mean,201.8949821472168,206.31851959228516,211.25237731933595
bike,dune_bayes,844,mean,175.22471389770507,180.1192626953125,185.58524322509766
bike,dune_bayes,845,mean,168.60808715820312,173.9348907470703,179.44490814208984
bike,dune_bayes,846,mean,181.16701965332032,186.01275634765625,191.5701988220215
bike,dune_bayes,847,mean,213.10370712280275,217.7457046508789,223.05830993652344
bike,dune_bayes,848,mean,273.24502716064455,278.485595703125,283.0072738647461
bike,dune_bayes,849,mean,284.62508697509764,290.1752166748047,295.0643081665039
bike,dune_bayes,850,mean,293.24232025146483,298.9794464111328,304.15063323974607
bike,dune_bayes,851,mean,206.33825912475587,211.19190216064453,216.77705078125
bike,dune_bayes,852,mean,216.79150466918946,221.52301025390625,226.8822830200195
bike,dune_bayes,853,mean,201.68030853271483,206.4961395263672,212.1256576538086
bike,dune_bayes,854,mean,246.91488647460938,251.6420669555664,256.3598663330078
bike,dune_bayes,855,mean,213.79703903198242,218.377197265625,223.6468650817871
bike,dune_bayes,856,mean,214.27368927001953,219.00093841552734,224.17863388061522
bike,dune_bayes,857,mean,198.17494354248046,202.849365234375,208.4644973754883
bike,dune_bayes,858,mean,187.3502655029297,192.62616729736328,198.11879501342773
bike,dune_bayes,859,mean,316.2036560058594,322.0903625488281,327.82408752441404
bike,dune_bayes,860,mean,327.58936462402346,333.74346923828125,339.7014419555664
bike,dune_bayes,861,mean,284.310285949707,290.3341979980469,295.60146484375
bike,dune_bayes,862,mean,249.0760398864746,253.876220703125,258.72047576904293
bike,dune_bayes,863,mean,302.5637512207031,308.48081970214844,314.11487884521483
bike,dune_bayes,864,mean,308.6457321166992,314.6510009765625,320.10698852539065
bike,dune_bayes,865,mean,308.6457321166992,314.6510009765625,320.10698852539065
bike,dune_bayes,866,mean,296.60534820556643,302.1830139160156,307.84678649902344
bike,dune_bayes,867,mean,274.43946380615233,279.8044128417969,284.9574279785156
bike,dune_bayes,868,mean,284.12122344970703,289.42210388183594,294.9619705200195
bike,dune_bayes,869,mean,242.62515563964843,247.39965057373047,252.16167068481445
bike,dune_bayes,870,mean,288.723078918457,294.25811767578125,299.7140289306641
bike,dune_bayes,871,mean,295.2013412475586,300.7682647705078,306.3458480834961
bike,dune_bayes,872,mean,305.68504028320314,311.63856506347656,317.3239501953125
bike,dune_bayes,873,mean,305.68504028320314,311.63856506347656,317.3239501953125
bike,dune_bayes,874,mean,300.8049652099609,306.5865783691406,312.1559661865234
bike,dune_bayes,875,mean,203.0144470214844,207.49977111816406,212.56126708984374
bike,dune_bayes,876,mean,273.5390563964844,279.1316680908203,283.8668243408203
bike,dune_bayes,877,mean,274.8307739257813,280.36729431152344,285.2027908325195
bike,dune_bayes,878,mean,274.14311065673826,279.80699157714844,284.4334381103516
bike,dune_bayes,879,mean,251.98833694458008,256.7375793457031,261.1649993896484
bike,dune_bayes,880,mean,228.78452835083007,233.81942749023438,239.1474594116211
bike,dune_bayes,881,mean,309.24561614990233,314.8659973144531,320.35286407470704
bike,dune_bayes,882,mean,319.6896697998047,325.5981750488281,331.7712203979492
bike,dune_bayes,883,mean,253.1618293762207,258.45623779296875,262.94794311523435
bike,dune_bayes,884,mean,224.94521865844726,229.43077087402344,234.46041030883788
bike,dune_bayes,885,mean,199.11428527832032,203.95947265625,209.52282028198243
bike,dune_bayes,886,mean,272.18348541259763,277.5054016113281,282.51895904541016
bike,dune_bayes,887,mean,330.6117446899414,336.7154235839844,342.53126068115233
bike,dune_bayes,888,mean,284.6374786376953,290.18614196777344,295.47726287841795
bike,dune_bayes,889,mean,272.97391815185546,278.42974853515625,283.67203521728516
bike,dune_bayes,890,mean,229.03462600708008,233.3425521850586,237.66102981567383
bike,dune_bayes,891,mean,330.69817504882815,336.96705627441406,342.6122772216797
bike,dune_bayes,892,mean,297.8398773193359,303.4637145996094,308.99234161376955
bike,dune_bayes,893,mean,271.22729339599607,276.89434814453125,282.06917877197264
bike,dune_bayes,894,mean,205.32626342773438,210.1151123046875,214.60472946166993
bike,dune_bayes,895,mean,216.22160949707032,220.45184326171875,224.6486618041992
bike,dune_bayes,896,mean,231.49082565307617,235.97715759277344,240.2196662902832
bike,dune_bayes,897,mean,337.98829956054686,344.56695556640625,350.52765502929685
bike,dune_bayes,898,mean,295.6098571777344,302.0089111328125,307.60467224121095
bike,dune_bayes,899,mean,282.83727111816404,288.3577575683594,293.63209228515626
bike,dune_bayes,900,mean,205.7450050354004,210.2238540649414,215.03290252685545
bike,dune_bayes,901,mean,319.5539016723633,325.59051513671875,331.54850616455076
bike,dune_bayes,902,mean,329.6262268066406,335.6166076660156,341.53280487060545
bike,dune_bayes,903,mean,293.18797912597654,298.64918518066406,304.2729217529297
bike,dune_bayes,904,mean,275.85028686523435,281.1628112792969,286.0995376586914
bike,dune_bayes,905,mean,260.13319396972656,265.0237121582031,269.8211502075195
bike,dune_bayes,906,mean,295.1146408081055,300.4891052246094,306.0156646728516
bike,dune_bayes,907,mean,287.38917388916013,293.146240234375,298.4925308227539
bike,dune_bayes,908,mean,312.29011993408204,318.26219177246094,324.1366760253906
bike,dune_bayes,909,mean,261.9184509277344,266.77882385253906,271.329638671875
bike,dune_bayes,910,mean,217.19537048339845,221.81539916992188,227.16450881958008
bike,dune_bayes,911,mean,189.8506721496582,194.62646484375,200.45525741577148
bike,dune_bayes,912,mean,270.7367691040039,275.95277404785156,280.4611251831055
bike,dune_bayes,913,mean,171.60248184204102,176.66770935058594,182.56399307250976
bike,dune_bayes,914,mean,317.73077697753905,323.6927795410156,329.6820037841797
bike,dune_bayes,915,mean,295.81468353271487,301.5675811767578,306.8855499267578
bike,dune_bayes,916,mean,198.77223358154296,203.5197982788086,209.1312126159668
bike,dune_bayes,917,mean,235.2640350341797,239.99111938476562,245.02831268310547
bike,dune_bayes,918,mean,235.16656417846679,239.8454132080078,244.92037048339844
bike,dune_bayes,919,mean,171.12870254516602,176.70579528808594,182.4288948059082
bike,dune_bayes,920,mean,180.56952972412108,185.67865753173828,191.16766967773438
bike,dune_bayes,921,mean,166.9801773071289,172.25492095947266,178.0507667541504
bike,dune_bayes,922,mean,180.3285140991211,185.40827178955078,190.8901794433594
bike,dune_bayes,923,mean,286.29151458740233,291.7821044921875,297.13694458007814
bike,dune_bayes,924,mean,250.7933204650879,255.66290283203125,260.3149932861328
bike,dune_bayes,925,mean,250.28876800537108,255.08619689941406,259.68737335205077
bike,dune_bayes,926,mean,308.943896484375,314.73846435546875,320.5993942260742
bike,dune_bayes,927,mean,318.46306762695315,324.3921203613281,330.05070037841796
bike,dune_bayes,928,mean,326.4754806518555,332.3729248046875,337.97508544921874
bike,dune_bayes,929,mean,314.80386810302736,320.4741973876953,326.18174133300784
bike,dune_bayes,930,mean,238.97941207885742,243.41064453125,247.87729873657227
bike,dune_bayes,931,mean,286.09942626953125,291.73699951171875,296.9916046142578
bike,dune_bayes,932,mean,295.38570709228514,301.0376892089844,306.211767578125
bike,dune_bayes,933,mean,290.2082061767578,295.6768493652344,301.01341552734374
bike,dune_bayes,934,mean,216.4318702697754,221.18762969970703,226.84058227539063
bike,dune_bayes,935,mean,201.68030853271483,206.4961395263672,212.1256576538086
bike,dune_bayes,936,mean,201.1454833984375,206.0137710571289,211.85280075073243
bike,dune_bayes,937,mean,201.1454833984375,206.0137710571289,211.85280075073243
bike,dune_bayes,938,mean,294.72738494873045,300.43043518066406,305.39868316650393
bike,dune_bayes,939,mean,311.19939880371095,316.78082275390625,322.25634307861327
bike,dune_bayes,940,mean,325.00783386230466,330.8215637207031,336.78418731689453
bike,dune_bayes,941,mean,311.9696960449219,317.4497833251953,323.2123138427734
bike,dune_bayes,942,mean,315.7076080322266,321.3390808105469,327.1138031005859
bike,dune_bayes,943,mean,277.2166809082031,282.9098205566406,287.5131408691406
bike,dune_bayes,944,mean,175.43093643188476,180.88135528564453,187.0190658569336
bike,dune_bayes,945,mean,193.05243225097655,198.05779266357422,203.93169860839845
bike,dune_bayes,946,mean,219.1819808959961,223.4773712158203,228.45647048950195
bike,dune_bayes,947,mean,250.81030960083007,255.67161560058594,260.6411499023437
bike,dune_bayes,948,mean,321.33732147216796,327.4450988769531,333.15805969238284
bike,dune_bayes,949,mean,306.73841705322263,312.7462921142578,318.1129974365234
bike,dune_bayes,950,mean,298.5652420043945,304.2389831542969,309.67847747802733
bike,dune_bayes,951,mean,226.06180114746093,230.17139434814453,234.66519012451172
bike,dune_bayes,952,mean,189.34500122070312,194.0255126953125,198.77577514648436
bike,dune_bayes,953,mean,223.99727249145508,228.58045196533203,232.91255416870118
bike,dune_bayes,954,mean,242.270263671875,246.93352508544922,251.33401260375976
bike,dune_bayes,955,mean,296.79665222167966,302.53285217285156,308.06451416015625
bike,dune_bayes,956,mean,280.1204406738281,285.37969970703125,290.59762420654295
bike,dune_bayes,957,mean,189.12921371459962,193.6085205078125,198.8379249572754
bike,dune_bayes,958,mean,302.6911148071289,308.3023986816406,314.09883880615234
bike,dune_bayes,959,mean,293.18797912597654,298.64918518066406,304.2729217529297
bike,dune_bayes,960,mean,260.13319396972656,265.0237121582031,269.8211502075195
bike,dune_bayes,961,mean,212.61694564819337,217.04187774658203,221.9311737060547
bike,dune_bayes,962,mean,300.9775726318359,306.6544952392578,312.21866302490236
bike,dune_bayes,963,mean,190.21824264526367,194.830810546875,200.16404037475584
bike,dune_bayes,964,mean,240.1222770690918,244.8355484008789,249.65880126953124
bike,dune_bayes,965,mean,283.3288543701172,289.20680236816406,293.7192916870117
bike,dune_bayes,966,mean,259.85741424560547,264.9793701171875,269.4154541015625
bike,dune_bayes,967,mean,272.99605255126954,278.82533264160156,283.36627807617185
bike,dune_bayes,968,mean,324.6227111816406,330.2974853515625,336.1019683837891
bike,dune_bayes,969,mean,205.7607536315918,210.6241683959961,216.20654373168944
bike,dune_bayes,970,mean,188.75899124145508,193.97645568847656,199.88078079223632
bike,dune_bayes,971,mean,189.92687606811523,194.77555084228516,200.58702926635743
bike,dune_bayes,972,mean,181.16179504394532,186.40988159179688,192.3913604736328
bike,dune_bayes,973,mean,218.10174331665038,223.4397201538086,228.8762550354004
bike,dune_bayes,974,mean,250.21935348510743,255.10621643066406,260.07849578857423
bike,dune_bayes,975,mean,226.8894805908203,231.71615600585938,237.08915100097656
bike,dune_bayes,976,mean,250.8848564147949,255.88873291015625,260.5588943481445
bike,dune_bayes,977,mean,221.82797775268554,226.6830825805664,231.96348876953124
bike,dune_bayes,978,mean,208.70605926513673,213.8064193725586,219.43101196289064
bike,dune_bayes,979,mean,196.20478363037108,201.347412109375,207.17525939941407
bike,dune_bayes,980,mean,291.3484802246094,296.65821838378906,301.8419982910156
bike,dune_bayes,981,mean,300.5451141357422,306.08123779296875,311.30339965820315
bike,dune_bayes,982,mean,241.62487869262696,246.27535247802734,251.73392639160156
bike,dune_bayes,983,mean,265.63645629882814,270.9022216796875,275.7696960449219
bike,dune_bayes,984,mean,298.58052215576174,304.41273498535156,309.4188537597656
bike,dune_bayes,985,mean,306.4256286621094,312.14085388183594,317.39937896728514
bike,dune_bayes,986,mean,308.85508728027344,314.4435577392578,319.9968795776367
bike,dune_bayes,987,mean,303.4011428833008,309.02764892578125,314.32334594726564
bike,dune_bayes,988,mean,260.43297119140624,265.5679931640625,270.1208068847656
bike,dune_bayes,989,mean,304.3008529663086,310.03855895996094,315.82311096191404
bike,dune_bayes,990,mean,321.55116577148436,327.19993591308594,333.02930450439453
bike,dune_bayes,991,mean,331.30114288330077,337.0169677734375,342.9310821533203
bike,dune_bayes,992,mean,322.4024322509766,328.05023193359375,334.003076171875
bike,dune_bayes,993,mean,329.71578826904295,335.49542236328125,341.6718444824219
bike,dune_bayes,994,mean,331.0824996948242,336.71885681152344,342.68883056640624
bike,dune_bayes,995,mean,327.70412292480466,333.5892333984375,339.3051086425781
bike,dune_bayes,996,mean,258.6568908691406,263.7630615234375,268.4408706665039
bike,dune_bayes,997,mean,294.6470199584961,300.02247619628906,305.6287902832031
bike,dune_bayes,998,mean,304.330810546875,309.9487609863281,315.5083602905273
bike,dune_bayes,999,mean,320.87273559570315,326.5750732421875,332.4317108154297
bike,dune_bayes,1000,mean,207.17227096557616,212.61468505859375,218.26081161499022
bike,dune_bayes,1001,mean,218.7667495727539,224.17506408691406,229.75980453491212
bike,dune_bayes,1002,mean,249.20900192260743,254.2422866821289,259.32407531738284
bike,dune_bayes,1003,mean,229.80722427368164,234.63082122802734,239.77170639038084
bike,dune_bayes,1004,mean,201.29898986816406,206.23368072509766,211.92669677734375
bike,dune_bayes,1005,mean,201.29898986816406,206.23368072509766,211.92669677734375
bike,dune_bayes,1006,mean,181.16179504394532,186.40988159179688,192.3913604736328
bike,dune_bayes,1007,mean,181.46267013549806,186.69671630859375,192.67344512939454
bike,dune_bayes,1008,mean,311.77818603515624,317.70265197753906,323.28344879150393
bike,dune_bayes,1009,mean,327.94615325927737,334.2127380371094,339.73374938964844
bike,dune_bayes,1010,mean,328.9393646240234,335.1234893798828,341.2509078979492
bike,dune_bayes,1011,mean,332.6782699584961,338.98182678222656,345.2368957519531
bike,dune_bayes,1012,mean,339.6886276245117,346.06103515625,352.0465621948242
bike,dune_bayes,1013,mean,324.489729309082,330.38421630859375,336.39022064208984
bike,dune_bayes,1014,mean,278.4955291748047,284.1560516357422,288.8837493896484
bike,dune_bayes,1015,mean,269.43992919921874,275.0043182373047,279.38683319091797
bike,dune_bayes,1016,mean,263.8574676513672,268.9705047607422,273.4551605224609
bike,dune_bayes,1017,mean,291.0635192871094,296.5911407470703,302.1288635253906
bike,dune_bayes,1018,mean,273.5390563964844,279.1316680908203,283.8668243408203
bike,dune_bayes,1019,mean,227.24946212768555,231.98627471923828,237.04648361206054
bike,dune_bayes,1020,mean,242.48278884887696,247.20294189453125,251.994775390625
bike,dune_bayes,1021,mean,311.49322509765625,317.0657958984375,322.6653686523438
bike,dune_bayes,1022,mean,260.43297119140624,265.5679931640625,270.1208068847656
bike,dune_bayes,1023,mean,196.45548477172852,201.60240173339844,207.43391799926758
bike,dune_bayes,1024,mean,277.7811309814453,283.04425048828125,288.141845703125
bike,dune_bayes,1025,mean,336.56551666259764,342.8164367675781,349.0875213623047
bike,dune_bayes,1026,mean,336.05697174072264,342.10357666015625,348.06227722167966
bike,dune_bayes,1027,mean,340.53957214355466,346.80503845214844,352.7827178955078
bike,dune_bayes,1028,mean,337.5381088256836,343.6603698730469,349.7206115722656
bike,dune_bayes,1029,mean,316.7325897216797,323.0364074707031,328.47510681152346
bike,dune_bayes,1030,mean,240.93134078979492,245.70589447021484,250.56818771362305
bike,dune_bayes,1031,mean,240.07613296508788,244.88101196289062,250.11151046752929
bike,dune_bayes,1032,mean,224.83702392578124,229.61185455322266,235.17682952880858
bike,dune_bayes,1033,mean,271.06810302734374,275.96961975097656,280.8955139160156
bike,dune_bayes,1034,mean,242.43705291748046,247.26951599121094,252.0396598815918
bike,dune_bayes,1035,mean,217.19537048339845,221.81539916992188,227.16450881958008
bike,dune_bayes,1036,mean,185.08850326538087,190.0764389038086,195.87492065429686
bike,dune_bayes,1037,mean,338.59485321044923,345.06402587890625,351.494790649414
bike,dune_bayes,1038,mean,303.9910690307617,309.77313232421875,315.5517944335937
bike,dune_bayes,1039,mean,222.64207305908204,227.39622497558594,232.52768478393554
bike,dune_bayes,1040,mean,203.87178802490234,208.6596221923828,213.6702880859375
bike,dune_bayes,1041,mean,255.8169158935547,260.91302490234375,265.4829040527344
bike,dune_bayes,1042,mean,325.65916900634767,331.62977600097656,337.35021057128904
bike,dune_bayes,1043,mean,343.33726654052737,349.50733947753906,355.69685821533204
bike,dune_bayes,1044,mean,340.25291137695314,346.37144470214844,352.36744689941406
bike,dune_bayes,1045,mean,299.6796051025391,305.3812255859375,310.74725646972655
bike,dune_bayes,1046,mean,289.8275207519531,295.5061492919922,300.57294921875
bike,dune_bayes,1047,mean,286.9753753662109,292.6990661621094,297.73058013916017
bike,dune_bayes,1048,mean,277.94325256347656,283.6946105957031,288.24294433593747
bike,dune_bayes,1049,mean,270.95741577148436,276.1511535644531,280.8240707397461
bike,dune_bayes,1050,mean,191.4718215942383,196.5782012939453,202.56577835083007
bike,dune_bayes,1051,mean,171.03640441894532,176.36073303222656,182.3747817993164
bike,dune_bayes,1052,mean,171.03640441894532,176.36073303222656,182.3747817993164
bike,dune_bayes,1053,mean,182.94622802734375,188.52174377441406,194.2153450012207
bike,dune_bayes,1054,mean,243.21407012939454,247.90184783935547,252.57875747680663
bike,dune_bayes,1055,mean,203.5188117980957,208.3543243408203,213.32927627563475
bike,dune_bayes,1056,mean,189.41440048217774,194.0660858154297,199.38446350097655
bike,dune_bayes,1057,mean,189.41440048217774,194.0660858154297,199.38446350097655
bike,dune_bayes,1058,mean,189.41440048217774,194.0660858154297,199.38446350097655
bike,dune_bayes,1059,mean,287.9714126586914,293.61517333984375,298.75404052734376
bike,dune_bayes,1060,mean,194.41453857421874,199.2584686279297,204.74950256347657
bike,dune_bayes,1061,mean,231.16716384887695,235.91908264160156,241.05888595581055
bike,dune_bayes,1062,mean,273.86376037597654,278.82411193847656,283.9557678222656
bike,dune_bayes,1063,mean,295.1208206176758,300.51844787597656,306.20428161621095
bike,dune_bayes,1064,mean,193.1390251159668,198.63228607177734,204.43306732177734
bike,dune_bayes,1065,mean,323.90448608398435,329.6965026855469,335.640364074707
bike,dune_bayes,1066,mean,323.90448608398435,329.6965026855469,335.640364074707
bike,dune_bayes,1067,mean,222.28793411254884,227.7701644897461,233.2231346130371
bike,dune_bayes,1068,mean,175.43093643188476,180.88135528564453,187.0190658569336
bike,dune_bayes,1069,mean,325.7151824951172,331.4246063232422,337.2636383056641
bike,dune_bayes,1070,mean,324.4452209472656,330.25779724121094,336.04029693603513
bike,dune_bayes,1071,mean,269.1909454345703,274.84947204589844,279.1853881835938
bike,dune_bayes,1072,mean,205.38172149658203,210.3248748779297,216.0423126220703
bike,dune_bayes,1073,mean,237.53615798950196,242.296630859375,246.78577041625977
bike,dune_bayes,1074,mean,273.24502716064455,278.485595703125,283.0072738647461
bike,dune_bayes,1075,mean,299.0521697998047,304.7796936035156,310.12160339355466
bike,dune_bayes,1076,mean,297.8387710571289,303.3963165283203,308.9411392211914
bike,dune_bayes,1077,mean,287.19638977050784,292.6291809082031,297.9214172363281
bike,dune_bayes,1078,mean,244.93603134155273,250.09378814697266,254.51455535888672
bike,dune_bayes,1079,mean,259.0634292602539,264.3956756591797,268.90895690917966
bike,dune_bayes,1080,mean,333.7252700805664,339.94371032714844,345.72435913085934
bike,dune_bayes,1081,mean,310.3550506591797,316.64263916015625,322.583317565918
bike,dune_bayes,1082,mean,219.56107330322266,223.64568328857422,227.98185958862305
bike,dune_bayes,1083,mean,292.42086029052734,298.1376953125,303.65734100341797
bike,dune_bayes,1084,mean,325.69042510986327,331.91473388671875,337.60475006103513
bike,dune_bayes,1085,mean,327.3910400390625,333.7845153808594,339.82692565917966
bike,dune_bayes,1086,mean,272.97391815185546,278.42974853515625,283.67203521728516
bike,dune_bayes,1087,mean,321.9787872314453,328.43153381347656,334.47327575683596
bike,dune_bayes,1088,mean,332.1177642822266,338.5531311035156,344.66517486572263
bike,dune_bayes,1089,mean,312.5701507568359,318.3747253417969,324.25573883056643
bike,dune_bayes,1090,mean,273.34584045410156,279.1049041748047,284.05782928466795
bike,dune_bayes,1091,mean,257.26661682128906,262.4172058105469,267.3842041015625
bike,dune_bayes,1092,mean,237.7201126098633,242.55918884277344,246.9260513305664
bike,dune_bayes,1093,mean,230.97340393066406,235.654541015625,240.77252731323242
bike,dune_bayes,1094,mean,198.41629791259766,203.90631103515625,209.1969421386719
bike,dune_bayes,1095,mean,186.31788177490233,191.5008544921875,197.07059860229492
bike,dune_bayes,1096,mean,166.0132682800293,171.5947265625,177.44359283447267
bike,dune_bayes,1097,mean,177.5914566040039,182.9232635498047,188.62860565185548
bike,dune_bayes,1098,mean,230.19301986694336,235.06689453125,240.08673629760742
bike,dune_bayes,1099,mean,241.62615432739258,246.6026611328125,251.42266998291015
bike,dune_bayes,1100,mean,166.5412452697754,171.8920669555664,177.47744216918946
bike,dune_bayes,1101,mean,268.37834014892576,273.5991973876953,278.3987350463867
bike,dune_bayes,1102,mean,277.1761642456055,282.80230712890625,287.5873291015625
bike,dune_bayes,1103,mean,238.97941207885742,243.41064453125,247.87729873657227
bike,dune_bayes,1104,mean,196.9029556274414,201.30844116210938,206.2899253845215
bike,dune_bayes,1105,mean,197.7933319091797,202.39959716796875,207.37539520263672
bike,dune_bayes,1106,mean,262.37928619384763,267.7356262207031,272.6866714477539
bike,dune_bayes,1107,mean,287.19638977050784,292.6291809082031,297.9214172363281
bike,dune_bayes,1108,mean,298.00269012451173,303.5565185546875,309.1455703735351
bike,dune_bayes,1109,mean,303.368913269043,309.0195770263672,314.6512054443359
bike,dune_bayes,1110,mean,201.8949821472168,206.31851959228516,211.25237731933595
bike,dune_bayes,1111,mean,215.7647735595703,220.65516662597656,225.5007339477539
bike,dune_bayes,1112,mean,188.2299346923828,193.3237075805664,198.80932846069337
bike,dune_bayes,1113,mean,271.5306991577148,276.8572235107422,281.8723205566406
bike,dune_bayes,1114,mean,308.3783721923828,314.37586975097656,319.92359313964846
bike,dune_bayes,1115,mean,314.6453033447266,320.4237823486328,326.01829681396487
bike,dune_bayes,1116,mean,191.48656616210937,196.29520416259766,201.49599990844726
bike,dune_bayes,1117,mean,243.55898895263672,248.21994018554688,252.92854690551758
bike,dune_bayes,1118,mean,307.99104766845704,313.6661682128906,319.49730072021487
bike,dune_bayes,1119,mean,307.99104766845704,313.6661682128906,319.49730072021487
bike,dune_bayes,1120,mean,178.88694610595704,184.20026397705078,189.91301879882812
bike,dune_bayes,1121,mean,184.06564712524414,189.326904296875,195.2100082397461
bike,dune_bayes,1122,mean,258.3600616455078,263.30177307128906,267.7796997070312
bike,dune_bayes,1123,mean,299.0521697998047,304.7796936035156,310.12160339355466
bike,dune_bayes,1124,mean,174.92182388305665,179.8002166748047,185.3035934448242
bike,dune_bayes,1125,mean,159.2605888366699,164.6718521118164,170.71551513671875
bike,dune_bayes,1126,mean,261.1588134765625,266.7070617675781,271.46897583007814
bike,dune_bayes,1127,mean,305.82330627441405,311.40403747558594,317.2597427368164
bike,dune_bayes,1128,mean,227.2423973083496,231.9500274658203,236.86561737060546
bike,dune_bayes,1129,mean,185.58154678344727,190.7173080444336,196.33465805053712
bike,dune_bayes,1130,mean,177.71957931518554,183.12771606445312,188.76462631225587
bike,dune_bayes,1131,mean,177.5914566040039,182.9232635498047,188.62860565185548
bike,dune_bayes,1132,mean,193.1390251159668,198.63228607177734,204.43306732177734
bike,dune_bayes,1133,mean,227.4482063293457,232.2176284790039,237.142977142334
bike,dune_bayes,1134,mean,201.50081253051758,206.3927230834961,212.06621246337892
bike,dune_bayes,1135,mean,321.90277404785155,328.01878356933594,333.92755432128905
bike,dune_bayes,1136,mean,323.9900375366211,330.17115783691406,335.9530853271484
bike,dune_bayes,1137,mean,240.01996688842775,244.4548568725586,249.22625122070312
bike,dune_bayes,1138,mean,283.5166580200195,289.5575408935547,295.110090637207
bike,dune_bayes,1139,mean,307.83729095458983,314.00660705566406,319.5605163574219
bike,dune_bayes,1140,mean,301.3174789428711,307.4691162109375,313.1155670166016
bike,dune_bayes,1141,mean,315.4693313598633,321.7868957519531,327.42445678710936
bike,dune_bayes,1142,mean,312.9223373413086,319.08819580078125,324.4746917724609
bike,dune_bayes,1143,mean,206.83076019287108,211.28305053710938,215.8296127319336
bike,dune_bayes,1144,mean,277.1761642456055,282.80230712890625,287.5873291015625
bike,dune_bayes,1145,mean,252.81915435791015,257.7027587890625,262.33257446289065
bike,dune_bayes,1146,mean,223.79264450073242,228.14927673339844,233.15344161987304
bike,dune_bayes,1147,mean,199.30315093994142,204.2921371459961,209.8227867126465
bike,dune_bayes,1148,mean,200.15662536621093,205.24990844726562,210.99247131347656
bike,dune_bayes,1149,mean,201.29898986816406,206.23368072509766,211.92669677734375
bike,dune_bayes,1150,mean,196.45548477172852,201.60240173339844,207.43391799926758
bike,dune_bayes,1151,mean,174.3879020690918,179.3541488647461,185.00976333618163
bike,dune_bayes,1152,mean,161.2820083618164,166.28480529785156,171.7942283630371
bike,dune_bayes,1153,mean,166.05572586059571,171.41411590576172,177.20797424316405
bike,dune_bayes,1154,mean,166.05572586059571,171.41411590576172,177.20797424316405
bike,dune_bayes,1155,mean,178.88694610595704,184.20026397705078,189.91301879882812
bike,dune_bayes,1156,mean,256.27545776367185,261.5958709716797,266.0061401367187
bike,dune_bayes,1157,mean,270.57613677978514,276.4768524169922,281.01519775390625
bike,dune_bayes,1158,mean,221.18852691650392,225.92948150634766,231.2427261352539
bike,dune_bayes,1159,mean,192.34971618652344,197.34561157226562,203.17800827026366
bike,dune_bayes,1160,mean,192.15681381225585,197.35675811767578,203.36041793823242
bike,dune_bayes,1161,mean,192.7126953125,197.9825210571289,203.86907653808592
bike,dune_bayes,1162,mean,193.21292572021486,198.79341888427734,204.51884536743162
bike,dune_bayes,1163,mean,193.5789764404297,199.41458129882812,204.96407241821288
bike,dune_bayes,1164,mean,174.4694396972656,180.6174087524414,186.82142028808593
bike,dune_bayes,1165,mean,304.0212707519531,309.80352783203125,315.5489868164062
bike,dune_bayes,1166,mean,256.12293395996096,261.0799255371094,266.00743408203124
bike,dune_bayes,1167,mean,280.7123504638672,286.1826934814453,291.49580078125
bike,dune_bayes,1168,mean,280.7123504638672,286.1826934814453,291.49580078125
bike,dune_bayes,1169,mean,260.9667083740234,266.0566864013672,270.98341979980466
bike,dune_bayes,1170,mean,243.63856506347656,248.3216781616211,252.7507469177246
bike,dune_bayes,1171,mean,176.35270309448242,180.93585968017578,185.7035354614258
bike,dune_bayes,1172,mean,168.63632354736328,173.42369842529297,178.0129539489746
bike,dune_bayes,1173,mean,174.84611968994142,179.68389129638672,184.4419044494629
bike,dune_bayes,1174,mean,176.619051361084,181.57596588134766,186.99497451782227
bike,dune_bayes,1175,mean,211.83188095092774,216.43816375732422,221.09655151367187
bike,dune_bayes,1176,mean,307.8213195800781,313.5902099609375,319.17505645751953
bike,dune_bayes,1177,mean,307.8213195800781,313.5902099609375,319.17505645751953
bike,dune_bayes,1178,mean,309.498518371582,315.0923767089844,320.70122680664065
bike,dune_bayes,1179,mean,253.88017959594725,258.966796875,263.83251190185547
bike,dune_bayes,1180,mean,154.76541900634766,159.7372589111328,165.2207389831543
bike,dune_bayes,1181,mean,176.619051361084,181.57596588134766,186.99497451782227
bike,dune_bayes,1182,mean,282.73363342285154,288.335693359375,293.3827163696289
bike,dune_bayes,1183,mean,282.73363342285154,288.335693359375,293.3827163696289
bike,dune_bayes,1184,mean,243.0480941772461,247.65481567382812,252.0824851989746
bike,dune_bayes,1185,mean,226.06180114746093,230.17139434814453,234.66519012451172
bike,dune_bayes,1186,mean,225.39556121826172,229.5418701171875,234.00494613647462
bike,dune_bayes,1187,mean,169.063330078125,174.08927154541016,179.5729202270508
bike,dune_bayes,1188,mean,168.45780334472656,173.4723129272461,178.9399055480957
bike,dune_bayes,1189,mean,203.5188117980957,208.3543243408203,213.32927627563475
bike,dune_bayes,1190,mean,251.8930694580078,256.8356018066406,261.30169677734375
bike,dune_bayes,1191,mean,200.8575866699219,205.54662322998047,210.42185668945314
bike,dune_bayes,1192,mean,201.8949821472168,206.31851959228516,211.25237731933595
bike,dune_bayes,1193,mean,195.45675735473634,199.95352935791016,205.19634399414062
bike,dune_bayes,1194,mean,230.08704833984376,234.52511596679688,239.1524444580078
bike,dune_bayes,1195,mean,251.0340148925781,255.7562484741211,260.2524353027344
bike,dune_bayes,1196,mean,238.46674041748048,243.1013412475586,247.72909240722657
bike,dune_bayes,1197,mean,201.26523513793944,206.0657730102539,211.76572341918944
bike,dune_bayes,1198,mean,189.19420471191407,194.10516357421875,200.10815658569337
bike,dune_bayes,1199,mean,229.8698944091797,234.7338104248047,239.80742263793945
bike,dune_bayes,1200,mean,245.55244216918945,250.42578125,255.32632751464843
bike,dune_bayes,1201,mean,245.0491081237793,250.12229919433594,255.053231048584
bike,dune_bayes,1202,mean,226.55139236450196,231.34498596191406,236.248690032959
bike,dune_bayes,1203,mean,212.17426147460938,216.9864273071289,222.3284599304199
bike,dune_bayes,1204,mean,175.90444717407226,181.00341033935547,186.99102935791015
bike,dune_bayes,1205,mean,143.04255752563478,148.04975128173828,153.67554168701173
bike,dune_bayes,1206,mean,142.5667610168457,147.53082275390625,153.10401458740233
bike,dune_bayes,1207,mean,135.54026794433594,140.48577117919922,146.20478286743165
bike,dune_bayes,1208,mean,135.2099250793457,140.16613006591797,145.67786026000977
bike,dune_bayes,1209,mean,135.54026794433594,140.48577117919922,146.20478286743165
bike,dune_bayes,1210,mean,141.55402374267578,146.58525848388672,152.34506530761718
bike,dune_bayes,1211,mean,153.43474655151368,158.82803344726562,164.66734466552734
bike,dune_bayes,1212,mean,139.99255142211913,145.38207244873047,150.9402328491211
bike,dune_bayes,1213,mean,171.38042297363282,176.49766540527344,182.47896881103514
bike,dune_bayes,1214,mean,161.0779815673828,166.3889923095703,172.0887222290039
bike,dune_bayes,1215,mean,161.38871383666992,166.80519104003906,172.33331909179688
bike,dune_bayes,1216,mean,160.72666854858397,165.71785736083984,171.63809051513672
bike,dune_bayes,1217,mean,167.74737167358398,173.23522186279297,179.0462333679199
bike,dune_bayes,1218,mean,166.24290313720704,171.3100814819336,177.33115615844727
bike,dune_bayes,1219,mean,161.0779815673828,166.3889923095703,172.0887222290039
bike,dune_bayes,1220,mean,160.90854263305664,166.05887603759766,171.85585327148436
bike,dune_bayes,1221,mean,159.41815414428712,164.9092254638672,170.94406433105468
bike,dune_bayes,1222,mean,202.93790588378906,207.67213439941406,213.24778060913084
bike,dune_bayes,1223,mean,147.55900115966796,152.85657501220703,158.71024017333986
bike,dune_bayes,1224,mean,188.658056640625,193.3461685180664,198.89544143676758
bike,dune_bayes,1225,mean,187.48168182373047,192.5523681640625,198.2961441040039
bike,dune_bayes,1226,mean,265.8304779052734,271.12481689453125,275.9134094238281
bike,dune_bayes,1227,mean,170.38373107910155,175.2246322631836,180.62685317993163
bike,dune_bayes,1228,mean,146.6186721801758,151.8733139038086,157.46530990600587
bike,dune_bayes,1229,mean,160.82936782836913,165.90851593017578,171.50316925048827
bike,dune_bayes,1230,mean,177.55061264038085,182.3839111328125,187.69175491333007
bike,dune_bayes,1231,mean,260.417333984375,265.47271728515625,270.19273834228517
bike,dune_bayes,1232,mean,292.45947723388673,298.3865203857422,303.7082763671875
bike,dune_bayes,1233,mean,227.92311630249023,232.67003631591797,237.1967887878418
bike,dune_bayes,1234,mean,175.22471389770507,180.1192626953125,185.58524322509766
bike,dune_bayes,1235,mean,174.55148849487304,179.47699737548828,185.08523406982422
bike,dune_bayes,1236,mean,287.9707595825195,293.7865447998047,299.0393600463867
bike,dune_bayes,1237,mean,287.7838958740234,293.4548645019531,298.7280014038086
bike,dune_bayes,1238,mean,287.19638977050784,292.6291809082031,297.9214172363281
bike,dune_bayes,1239,mean,189.51277770996094,194.21707153320312,199.52502212524413
bike,dune_bayes,1240,mean,168.3543701171875,173.34777069091797,178.88352966308594
bike,dune_bayes,1241,mean,267.79830780029295,273.0012664794922,277.76049041748047
bike,dune_bayes,1242,mean,290.50000152587893,296.12620544433594,301.2735061645508
bike,dune_bayes,1243,mean,265.92105865478516,271.35438537597656,276.3610214233398
bike,dune_bayes,1244,mean,212.30962295532225,216.84186553955078,221.42317733764648
bike,dune_bayes,1245,mean,195.42258224487304,200.053466796875,204.9712112426758
bike,dune_bayes,1246,mean,195.23340225219727,199.90642547607422,204.8249725341797
bike,dune_bayes,1247,mean,176.619051361084,181.57596588134766,186.99497451782227
bike,dune_bayes,1248,mean,218.84162445068358,223.06322479248047,227.96417388916015
bike,dune_bayes,1249,mean,150.07965393066405,154.3352813720703,158.38668212890624
bike,dune_bayes,1250,mean,141.9852210998535,146.3674545288086,150.61041488647462
bike,dune_bayes,1251,mean,124.40088195800782,129.07115936279297,133.4706199645996
bike,dune_bayes,1252,mean,124.72779502868653,129.3655014038086,133.78678131103516
bike,dune_bayes,1253,mean,232.59596405029296,237.50806427001953,242.36337966918944
bike,dune_bayes,1254,mean,118.1017448425293,122.95793151855469,128.33855895996095
bike,dune_bayes,1255,mean,140.59070205688477,145.02378845214844,149.67580032348633
bike,dune_bayes,1256,mean,141.5612045288086,146.01457977294922,150.7473373413086
bike,dune_bayes,1257,mean,164.35167541503907,168.87838745117188,173.72584533691406
bike,dune_bayes,1258,mean,121.86543121337891,126.74184036254883,131.57333221435547
bike,dune_bayes,1259,mean,141.5612045288086,146.01457977294922,150.7473373413086
bike,dune_bayes,1260,mean,214.83828048706056,218.88279724121094,223.0661407470703
bike,dune_bayes,1261,mean,233.56589126586914,237.975830078125,242.48227005004884
bike,dune_bayes,1262,mean,182.17225494384766,186.37567138671875,190.79411697387695
bike,dune_bayes,1263,mean,163.79885330200196,168.46416473388672,172.9545913696289
bike,dune_bayes,1264,mean,183.6334373474121,187.65628051757812,191.92044219970703
bike,dune_bayes,1265,mean,221.86414184570313,226.04046630859375,230.34550018310546
bike,dune_bayes,1266,mean,227.34286193847657,231.75910186767578,236.16937026977538
bike,dune_bayes,1267,mean,229.03462600708008,233.3425521850586,237.66102981567383
bike,dune_bayes,1268,mean,176.97549591064453,181.55509185791016,186.11992263793945
bike,dune_bayes,1269,mean,141.24211196899415,146.0536117553711,151.51824951171875
bike,dune_bayes,1270,mean,141.24211196899415,146.0536117553711,151.51824951171875
bike,dune_bayes,1271,mean,135.2099250793457,140.16613006591797,145.67786026000977
bike,dune_bayes,1272,mean,148.43792190551758,153.42020416259766,158.92123565673828
bike,dune_bayes,1273,mean,153.59621887207032,158.77642059326172,164.4886489868164
bike,dune_bayes,1274,mean,139.99255142211913,145.38207244873047,150.9402328491211
bike,dune_bayes,1275,mean,132.86597213745117,138.0586929321289,143.73170013427733
bike,dune_bayes,1276,mean,129.371435546875,134.30631256103516,140.06600952148438
bike,dune_bayes,1277,mean,149.47612457275392,154.78302001953125,160.53277893066405
bike,dune_bayes,1278,mean,154.45245361328125,159.53739166259766,165.3172248840332
bike,dune_bayes,1279,mean,149.86226348876954,155.21124267578125,160.82906951904297
bike,dune_bayes,1280,mean,149.63849563598632,154.9619140625,160.5619819641113
bike,dune_bayes,1281,mean,172.39191284179688,177.6604995727539,183.3222869873047
bike,dune_bayes,1282,mean,186.21355743408202,191.10952758789062,196.7316680908203
bike,dune_bayes,1283,mean,171.38042297363282,176.49766540527344,182.47896881103514
bike,dune_bayes,1284,mean,160.90854263305664,166.05887603759766,171.85585327148436
bike,dune_bayes,1285,mean,148.44809646606444,154.102294921875,159.74373474121094
bike,dune_bayes,1286,mean,160.90854263305664,166.05887603759766,171.85585327148436
bike,dune_bayes,1287,mean,155.6736297607422,160.85645294189453,166.87364501953124
bike,dune_bayes,1288,mean,149.47612457275392,154.78302001953125,160.53277893066405
bike,dune_bayes,1289,mean,159.41815414428712,164.9092254638672,170.94406433105468
bike,dune_bayes,1290,mean,160.90854263305664,166.05887603759766,171.85585327148436
bike,dune_bayes,1291,mean,143.54063568115234,148.64012145996094,154.2602310180664
bike,dune_bayes,1292,mean,142.12860412597655,147.43610382080078,153.483487701416
bike,dune_bayes,1293,mean,140.34654388427734,145.5397491455078,151.45224456787108
bike,dune_bayes,1294,mean,151.22842864990236,156.56645965576172,162.54471435546876
bike,dune_bayes,1295,mean,202.82473373413086,207.44766998291016,212.7915885925293
bike,dune_bayes,1296,mean,160.2089485168457,165.4396209716797,171.47450942993163
bike,dune_bayes,1297,mean,159.2605888366699,164.6718521118164,170.71551513671875
bike,dune_bayes,1298,mean,160.2089485168457,165.4396209716797,171.47450942993163
bike,dune_bayes,1299,mean,192.50086135864257,197.58759307861328,203.3954948425293
bike,dune_bayes,1300,mean,179.2530876159668,184.26464080810547,189.9848777770996
bike,dune_bayes,1301,mean,159.73397064208984,164.8550262451172,170.90209655761717
bike,dune_bayes,1302,mean,159.7875099182129,165.01219177246094,171.07138595581054
bike,dune_bayes,1303,mean,159.41815414428712,164.9092254638672,170.94406433105468
bike,dune_bayes,1304,mean,166.05572586059571,171.41411590576172,177.20797424316405
bike,dune_bayes,1305,mean,172.39191284179688,177.6604995727539,183.3222869873047
bike,dune_bayes,1306,mean,238.57987899780272,243.08141326904297,247.5818000793457
bike,dune_bayes,1307,mean,171.95428466796875,177.05865478515625,182.78386688232422
bike,dune_bayes,1308,mean,160.90854263305664,166.05887603759766,171.85585327148436
bike,dune_bayes,1309,mean,160.90854263305664,166.05887603759766,171.85585327148436
bike,dune_bayes,1310,mean,160.4893424987793,165.59293365478516,171.556005859375
bike,dune_bayes,1311,mean,160.72666854858397,165.71785736083984,171.63809051513672
bike,dune_bayes,1312,mean,160.72666854858397,165.71785736083984,171.63809051513672
bike,dune_bayes,1313,mean,172.39191284179688,177.6604995727539,183.3222869873047
bike,dune_bayes,1314,mean,176.5108901977539,181.7999038696289,187.77932205200196
bike,dune_bayes,1315,mean,197.0935531616211,202.0034637451172,207.5802047729492
bike,dune_bayes,1316,mean,177.46995697021484,182.72862243652344,188.66827316284179
bike,dune_bayes,1317,mean,171.95428466796875,177.05865478515625,182.78386688232422
bike,dune_bayes,1318,mean,167.25963668823243,172.41429901123047,178.16336517333986
bike,dune_bayes,1319,mean,162.49649963378906,167.89685821533203,173.42428741455078
bike,dune_bayes,1320,mean,161.67213134765626,167.11575317382812,172.6311164855957
bike,dune_bayes,1321,mean,170.3876937866211,175.4638671875,180.82235565185547
bike,dune_bayes,1322,mean,150.30944442749023,155.74258422851562,161.37876205444334
bike,dune_bayes,1323,mean,150.30944442749023,155.74258422851562,161.37876205444334
bike,dune_bayes,1324,mean,155.3324119567871,160.72039794921875,166.26627044677733
bike,dune_bayes,1325,mean,232.28820724487304,236.56613159179688,241.06321640014647
bike,dune_bayes,1326,mean,276.60579376220704,282.0239715576172,287.17628784179686
bike,dune_bayes,1327,mean,290.3738128662109,296.0633850097656,301.5984191894531
bike,dune_bayes,1328,mean,189.03955688476563,193.52024841308594,197.79676208496093
bike,dune_bayes,1329,mean,140.115323638916,145.1272430419922,150.27742462158204
bike,dune_bayes,1330,mean,232.3978187561035,237.14146423339844,241.83914031982422
bike,dune_bayes,1331,mean,164.37973556518554,168.7514190673828,173.05391616821288
bike,dune_bayes,1332,mean,98.73015365600585,103.98227310180664,109.05649108886719
bike,dune_bayes,1333,mean,130.3542610168457,135.0514907836914,139.78889236450195
bike,dune_bayes,1334,mean,110.25221824645996,115.13378143310547,120.27506523132324
bike,dune_bayes,1335,mean,72.07760276794434,77.60018920898438,83.40890617370606
bike,dune_bayes,1336,mean,72.07760276794434,77.60018920898438,83.40890617370606
bike,dune_bayes,1337,mean,69.60639610290528,75.14287948608398,80.83541374206543
bike,dune_bayes,1338,mean,150.011181640625,154.6362762451172,158.7141891479492
bike,dune_bayes,1339,mean,78.88645248413086,84.14990615844727,89.4552219390869
bike,dune_bayes,1340,mean,78.53119049072265,83.8127555847168,89.0766185760498
bike,dune_bayes,1341,mean,111.51319770812988,116.17180252075195,121.02758636474609
bike,dune_bayes,1342,mean,87.8351863861084,93.1234130859375,98.12499084472655
bike,dune_bayes,1343,mean,111.31632080078126,116.01645278930664,120.59769821166992
bike,dune_bayes,1344,mean,110.88023262023925,115.70649337768555,120.26780128479004
bike,dune_bayes,1345,mean,124.12133827209473,128.71249389648438,133.3270347595215
bike,dune_bayes,1346,mean,123.09934768676757,127.76382446289062,132.091951751709
bike,dune_bayes,1347,mean,90.1949390411377,95.5130386352539,100.39237594604491
bike,dune_bayes,1348,mean,98.00553092956542,103.18712997436523,108.11057815551757
bike,dune_bayes,1349,mean,164.9408805847168,169.14591217041016,173.00883941650392
bike,dune_bayes,1350,mean,229.23566818237305,233.4730453491211,238.04916839599608
bike,dune_bayes,1351,mean,243.8601173400879,248.52704620361328,253.28709564208984
bike,dune_bayes,1352,mean,236.27674865722656,240.72315216064453,245.56979751586914
bike,dune_bayes,1353,mean,217.63515853881836,222.05567932128906,226.59159774780272
bike,dune_bayes,1354,mean,136.55364913940429,141.41943359375,146.0481231689453
bike,dune_bayes,1355,mean,249.13938064575194,254.13530731201172,258.87270202636716
bike,dune_bayes,1356,mean,152.05534744262695,157.058837890625,161.94561843872071
bike,dune_bayes,1357,mean,134.12565536499022,139.1506805419922,144.35438690185546
bike,dune_bayes,1358,mean,236.55833358764647,241.5797882080078,246.5965835571289
bike,dune_bayes,1359,mean,244.79196853637694,249.7993927001953,254.52593002319335
bike,dune_bayes,1360,mean,143.80830764770508,148.7638931274414,153.5623001098633
bike,dune_bayes,1361,mean,109.7356689453125,114.9207992553711,119.85799293518066
bike,dune_bayes,1362,mean,102.47621002197266,107.59087371826172,112.59604988098144
bike,dune_bayes,1363,mean,260.75383911132815,266.2337951660156,271.52770843505857
bike,dune_bayes,1364,mean,214.99026107788086,219.10318756103516,223.17115936279296
bike,dune_bayes,1365,mean,117.23952713012696,122.2265739440918,127.23796920776367
bike,dune_bayes,1366,mean,291.3293975830078,297.07691955566406,302.6088577270508
bike,dune_bayes,1367,mean,279.2979736328125,284.664794921875,289.7687789916992
bike,dune_bayes,1368,mean,108.20138740539551,113.39495849609375,118.8592700958252
bike,dune_bayes,1369,mean,101.02468452453613,106.08026885986328,111.37958183288573
bike,dune_bayes,1370,mean,108.20138740539551,113.39495849609375,118.8592700958252
bike,dune_bayes,1371,mean,157.49877166748047,162.3319320678711,167.6657272338867
bike,dune_bayes,1372,mean,187.540779876709,192.35726165771484,197.61932678222655
bike,dune_bayes,1373,mean,139.90966796875,144.97869110107422,150.1165687561035
bike,dune_bayes,1374,mean,200.9031120300293,205.21785736083984,209.92280960083008
bike,dune_bayes,1375,mean,190.542041015625,194.9252166748047,199.8064178466797
bike,dune_bayes,1376,mean,178.51306381225587,183.17191314697266,188.44161987304688
bike,dune_bayes,1377,mean,179.1159240722656,183.8686065673828,189.11117630004884
bike,dune_bayes,1378,mean,143.36943359375,148.68889617919922,154.21472625732423
bike,dune_bayes,1379,mean,143.3031913757324,148.2887725830078,153.88762435913085
bike,dune_bayes,1380,mean,136.13421173095702,141.1654052734375,147.007804107666
bike,dune_bayes,1381,mean,142.7460739135742,147.7970962524414,153.40118484497071
bike,dune_bayes,1382,mean,135.54026794433594,140.48577117919922,146.20478286743165
bike,dune_bayes,1383,mean,135.2099250793457,140.16613006591797,145.67786026000977
bike,dune_bayes,1384,mean,134.31613464355468,139.1773910522461,144.87432861328125
bike,dune_bayes,1385,mean,132.86597213745117,138.0586929321289,143.73170013427733
bike,dune_bayes,1386,mean,132.86597213745117,138.0586929321289,143.73170013427733
bike,dune_bayes,1387,mean,129.371435546875,134.30631256103516,140.06600952148438
bike,dune_bayes,1388,mean,136.20447387695313,141.42569732666016,146.96426010131836
bike,dune_bayes,1389,mean,180.89927825927734,185.70780181884766,191.21797943115234
bike,dune_bayes,1390,mean,176.31206436157225,181.31402587890625,186.76436614990234
bike,dune_bayes,1391,mean,148.44281616210938,153.44295501708984,159.19376754760742
bike,dune_bayes,1392,mean,148.57861251831054,153.72018432617188,159.09453659057615
bike,dune_bayes,1393,mean,258.1373229980469,263.54551696777344,269.0900054931641
bike,dune_bayes,1394,mean,181.2715316772461,185.8034210205078,189.7164451599121
bike,dune_bayes,1395,mean,283.8062225341797,290.05641174316406,295.48073120117186
bike,dune_bayes,1396,mean,179.87126083374022,184.73072814941406,188.89672088623047
bike,dune_bayes,1397,mean,131.14069747924805,135.71266174316406,140.10177688598634
bike,dune_bayes,1398,mean,247.02407302856446,252.06777954101562,256.9255874633789
bike,dune_bayes,1399,mean,282.84667053222654,288.63409423828125,293.92183074951174
bike,dune_bayes,1400,mean,276.3617172241211,281.97088623046875,287.1372009277344
bike,dune_bayes,1401,mean,254.25366973876953,259.5661315917969,264.8999954223633
bike,dune_bayes,1402,mean,232.4717674255371,237.28324127197266,242.31474838256835
bike,dune_bayes,1403,mean,222.1062255859375,226.3918914794922,231.02744369506834
bike,dune_bayes,1404,mean,204.07532653808593,208.13497161865234,212.04446334838866
bike,dune_bayes,1405,mean,185.16181640625,189.44718170166016,193.19371948242187
bike,dune_bayes,1406,mean,207.79971313476562,212.37308502197266,216.37242050170897
bike,dune_bayes,1407,mean,290.3279632568359,296.03802490234375,301.3297058105469
bike,dune_bayes,1408,mean,262.99207000732423,268.16114807128906,273.16238861083986
bike,dune_bayes,1409,mean,136.01657638549804,141.47679138183594,146.94767227172852
bike,dune_bayes,1410,mean,127.93739624023438,132.87923431396484,138.64543533325195
bike,dune_bayes,1411,mean,128.6375503540039,133.64993286132812,139.4300338745117
bike,dune_bayes,1412,mean,129.371435546875,134.30631256103516,140.06600952148438
bike,dune_bayes,1413,mean,141.86918029785156,146.84181213378906,152.47603225708008
bike,dune_bayes,1414,mean,150.33990631103515,155.75440216064453,161.43548736572265
bike,dune_bayes,1415,mean,111.31632080078126,116.01645278930664,120.59769821166992
bike,dune_bayes,1416,mean,111.63975448608399,116.30693054199219,120.93371696472167
bike,dune_bayes,1417,mean,151.04528350830077,155.2904281616211,159.41314392089845
bike,dune_bayes,1418,mean,232.86329650878906,237.80374908447266,243.04780960083008
bike,dune_bayes,1419,mean,188.5506248474121,193.37767028808594,197.50525665283203
bike,dune_bayes,1420,mean,139.87638473510742,144.4552459716797,148.89730529785155
bike,dune_bayes,1421,mean,162.9392562866211,167.15640258789062,171.01684646606444
bike,dune_bayes,1422,mean,229.0496353149414,234.0422821044922,239.10493011474608
bike,dune_bayes,1423,mean,191.58593673706054,196.18408203125,200.32051773071288
bike,dune_bayes,1424,mean,186.461580657959,191.21986389160156,195.4554870605469
bike,dune_bayes,1425,mean,145.94942779541014,150.5518035888672,155.02250366210936
bike,dune_bayes,1426,mean,108.12042083740235,113.10291290283203,118.26994476318359
bike,dune_bayes,1427,mean,90.03133926391601,95.36826705932617,100.53949203491212
bike,dune_bayes,1428,mean,76.73467178344727,82.2374153137207,87.46474876403808
bike,dune_bayes,1429,mean,72.37010040283204,77.83916854858398,83.40166625976562
bike,dune_bayes,1430,mean,98.33774070739746,103.5161361694336,108.39178619384765
bike,dune_bayes,1431,mean,83.2316780090332,88.61526489257812,93.64838943481445
bike,dune_bayes,1432,mean,90.36936950683594,95.6268081665039,100.67677154541015
bike,dune_bayes,1433,mean,196.4635437011719,200.26354217529297,204.19444885253907
bike,dune_bayes,1434,mean,105.01353607177734,110.08694839477539,114.75520782470703
bike,dune_bayes,1435,mean,91.8377082824707,97.1009750366211,102.0549102783203
bike,dune_bayes,1436,mean,132.58147811889648,137.27256774902344,141.75700073242186
bike,dune_bayes,1437,mean,234.3986328125,239.21640014648438,244.08300018310547
bike,dune_bayes,1438,mean,268.5624465942383,274.11268615722656,279.72489776611326
bike,dune_bayes,1439,mean,266.7362655639648,272.143798828125,277.55209197998045
bike,dune_bayes,1440,mean,243.75098571777343,248.82752990722656,253.91535568237305
bike,dune_bayes,1441,mean,132.92022094726562,138.2314224243164,143.36046600341797
bike,dune_bayes,1442,mean,102.22043838500977,107.55633163452148,112.49131889343262
bike,dune_bayes,1443,mean,102.22043838500977,107.55633163452148,112.49131889343262
bike,dune_bayes,1444,mean,125.58724975585938,130.50118255615234,135.55587615966797
bike,dune_bayes,1445,mean,125.8770652770996,130.811767578125,135.89210891723633
bike,dune_bayes,1446,mean,140.115323638916,145.1272430419922,150.27742462158204
bike,dune_bayes,1447,mean,176.64401321411134,181.22019958496094,185.91655960083008
bike,dune_bayes,1448,mean,139.06697158813478,143.6119155883789,148.5793327331543
bike,dune_bayes,1449,mean,116.3572338104248,120.90011596679688,125.69589500427246
bike,dune_bayes,1450,mean,128.72471771240234,133.1971664428711,137.94695739746095
bike,dune_bayes,1451,mean,173.42126083374023,178.57027435302734,183.47744216918946
bike,dune_bayes,1452,mean,137.48639221191405,141.86614990234375,146.38362350463868
bike,dune_bayes,1453,mean,58.40753707885742,64.20574188232422,70.19776496887206
bike,dune_bayes,1454,mean,51.669281005859375,57.52099609375,63.85221862792969
bike,dune_bayes,1455,mean,55.82192687988281,61.76422882080078,67.60829048156738
bike,dune_bayes,1456,mean,51.10402603149414,56.68779754638672,62.64956512451172
bike,dune_bayes,1457,mean,73.69661407470703,78.94881439208984,84.45033798217773
bike,dune_bayes,1458,mean,92.24170265197753,97.28357696533203,102.33440322875975
bike,dune_bayes,1459,mean,165.08729629516603,170.29373931884766,174.92530212402343
bike,dune_bayes,1460,mean,146.51085205078124,151.43230438232422,156.16160278320314
bike,dune_bayes,1461,mean,42.43669128417969,48.44108581542969,54.08519973754882
bike,dune_bayes,1462,mean,184.1632522583008,189.2088623046875,193.8870376586914
bike,dune_bayes,1463,mean,99.3449047088623,104.34016036987305,109.15445823669434
bike,dune_bayes,1464,mean,88.38721885681153,93.60275268554688,98.55963745117187
bike,dune_bayes,1465,mean,79.16007499694824,84.3960075378418,89.58380241394043
bike,dune_bayes,1466,mean,112.82452774047852,117.31710052490234,122.0421588897705
bike,dune_bayes,1467,mean,224.58698806762695,229.4341583251953,234.1373191833496
bike,dune_bayes,1468,mean,200.42160339355468,204.98556518554688,208.8776885986328
bike,dune_bayes,1469,mean,231.04646835327148,236.0421905517578,240.9574401855469
bike,dune_bayes,1470,mean,86.90838966369628,92.28033828735352,97.25821380615234
bike,dune_bayes,1471,mean,67.67347717285156,73.13353729248047,78.34593620300292
bike,dune_bayes,1472,mean,67.67347717285156,73.13353729248047,78.34593620300292
bike,dune_bayes,1473,mean,210.14113082885743,214.79185485839844,219.08681716918946
bike,dune_bayes,1474,mean,137.53588256835937,142.15172576904297,146.37752227783204
bike,dune_bayes,1475,mean,94.20122947692872,99.17362976074219,104.14304542541504
bike,dune_bayes,1476,mean,82.70588531494141,87.88161087036133,93.02654037475585
bike,dune_bayes,1477,mean,149.04727935791016,153.35118865966797,157.44960250854493
bike,dune_bayes,1478,mean,233.99846725463868,238.89588165283203,243.88449401855468
bike,dune_bayes,1479,mean,199.46753616333007,203.87474822998047,207.84169998168946
bike,dune_bayes,1480,mean,97.88494338989258,103.02392578125,107.92456169128417
bike,dune_bayes,1481,mean,96.97844276428222,102.2357177734375,107.14882774353028
bike,dune_bayes,1482,mean,150.91686477661133,155.5310516357422,159.7449966430664
bike,dune_bayes,1483,mean,222.14419860839843,228.40713500976562,233.93542404174804
bike,dune_bayes,1484,mean,154.62254028320314,159.78041076660156,165.11736297607422
bike,dune_bayes,1485,mean,155.63234024047853,160.75272369384766,165.77930603027343
bike,dune_bayes,1486,mean,207.23091201782228,212.9944305419922,218.08722457885742
bike,dune_bayes,1487,mean,196.712654876709,202.41497039794922,207.5810234069824
bike,dune_bayes,1488,mean,171.07093887329103,176.57269287109375,181.43522720336915
bike,dune_bayes,1489,mean,64.50456657409669,69.87707901000977,75.56647758483885
bike,dune_bayes,1490,mean,51.82879867553711,57.30193328857422,63.16292648315429
bike,dune_bayes,1491,mean,65.36757583618164,70.70529174804688,76.41214027404784
bike,dune_bayes,1492,mean,60.646619415283205,66.22761535644531,71.57778663635254
bike,dune_bayes,1493,mean,78.50888290405274,83.81267166137695,88.91125602722168
bike,dune_bayes,1494,mean,61.775699615478516,67.13562774658203,72.48550720214843
bike,dune_bayes,1495,mean,77.49282951354981,83.10707092285156,88.1393196105957
bike,dune_bayes,1496,mean,168.1490051269531,172.46243286132812,176.0495178222656
bike,dune_bayes,1497,mean,238.30718765258788,243.17369842529297,248.00334701538085
bike,dune_bayes,1498,mean,258.26305389404297,263.2864990234375,268.4971664428711
bike,dune_bayes,1499,mean,108.97279663085938,114.03393173217773,118.73380737304687
bike,dune_bayes,1500,mean,77.49282951354981,83.10707092285156,88.1393196105957
bike,dune_bayes,1501,mean,63.30591049194336,68.88271713256836,74.1021339416504
bike,dune_bayes,1502,mean,63.30591049194336,68.88271713256836,74.1021339416504
bike,dune_bayes,1503,mean,60.646619415283205,66.22761535644531,71.57778663635254
bike,dune_bayes,1504,mean,110.01417465209961,115.01155471801758,119.5717212677002
bike,dune_bayes,1505,mean,239.79881896972657,244.90743255615234,249.8983055114746
bike,dune_bayes,1506,mean,233.31366806030275,238.23596954345703,242.98722763061522
bike,dune_bayes,1507,mean,120.38063278198243,125.43271255493164,129.9806053161621
bike,dune_bayes,1508,mean,89.32401657104492,94.69508743286133,99.63572349548339
bike,dune_bayes,1509,mean,89.32401657104492,94.69508743286133,99.63572349548339
bike,dune_bayes,1510,mean,89.32401657104492,94.69508743286133,99.63572349548339
bike,dune_bayes,1511,mean,75.14919929504394,80.6668701171875,85.96007080078124
bike,dune_bayes,1512,mean,104.03070297241212,109.03208923339844,114.07365570068359
bike,dune_bayes,1513,mean,90.09772300720215,95.30956649780273,100.53721923828125
bike,dune_bayes,1514,mean,88.73537635803223,93.88845825195312,98.96991920471191
bike,dune_bayes,1515,mean,175.61201171875,181.33907318115234,187.00200424194335
bike,dune_bayes,1516,mean,180.76319961547853,186.75035095214844,192.5349365234375
bike,dune_bayes,1517,mean,185.20322952270507,191.1658172607422,196.72397689819334
bike,dune_bayes,1518,mean,203.14982376098632,209.13919830322266,214.69105529785156
bike,dune_bayes,1519,mean,197.25960388183594,203.3219451904297,208.74417114257812
bike,dune_bayes,1520,mean,167.63351821899414,173.2276382446289,178.41102294921873
bike,dune_bayes,1521,mean,118.93777656555176,123.89536666870117,128.78240280151368
bike,dune_bayes,1522,mean,118.93777656555176,123.89536666870117,128.78240280151368
bike,dune_bayes,1523,mean,72.64000930786133,77.70240783691406,83.13470230102538
bike,dune_bayes,1524,mean,137.25862884521484,141.88848114013672,146.34941177368165
bike,dune_bayes,1525,mean,168.69202575683593,173.7420883178711,178.22989501953126
bike,dune_bayes,1526,mean,245.89035720825194,251.28094482421875,256.6365081787109
bike,dune_bayes,1527,mean,191.33364791870116,196.75751495361328,201.37085647583007
bike,dune_bayes,1528,mean,162.37696685791016,167.08108520507812,171.35201263427734
bike,dune_bayes,1529,mean,211.27486877441407,216.9581298828125,221.7934555053711
bike,dune_bayes,1530,mean,262.7813018798828,268.4447021484375,273.8268783569336
bike,dune_bayes,1531,mean,251.6177947998047,257.36932373046875,262.7552093505859
bike,dune_bayes,1532,mean,169.75878143310547,174.12893676757812,177.9168243408203
bike,dune_bayes,1533,mean,134.99141616821288,139.5144500732422,143.89971771240235
bike,dune_bayes,1534,mean,135.25799636840821,139.82044982910156,144.22056579589844
bike,dune_bayes,1535,mean,229.05143356323242,233.32205200195312,237.82697296142578
bike,dune_bayes,1536,mean,185.2039047241211,189.35470581054688,193.46337280273437
bike,dune_bayes,1537,mean,175.74518966674805,179.83208465576172,184.02801971435548
bike,dune_bayes,1538,mean,157.25299606323242,161.75204467773438,165.93701171875
bike,dune_bayes,1539,mean,143.66764450073242,148.5959243774414,153.35871963500978
bike,dune_bayes,1540,mean,103.35716247558594,108.40729522705078,113.49595794677734
bike,dune_bayes,1541,mean,103.15699691772461,108.29150772094727,113.31988677978515
bike,dune_bayes,1542,mean,102.22043838500977,107.55633163452148,112.49131889343262
bike,dune_bayes,1543,mean,103.73580513000488,108.69615173339844,113.90564422607422
bike,dune_bayes,1544,mean,110.91839981079102,115.96784973144531,121.12446746826171
bike,dune_bayes,1545,mean,104.59682960510254,109.65319442749023,114.84460868835448
bike,dune_bayes,1546,mean,95.94530792236328,101.17012023925781,106.09241142272948
bike,dune_bayes,1547,mean,116.4695945739746,121.61695098876953,126.45523033142089
bike,dune_bayes,1548,mean,154.90850982666015,159.46849060058594,163.92529830932617
bike,dune_bayes,1549,mean,138.15337142944335,142.4457244873047,147.10614395141602
bike,dune_bayes,1550,mean,161.55146484375,166.49146270751953,171.29124145507814
bike,dune_bayes,1551,mean,172.28350601196288,177.670654296875,183.24658966064453
bike,dune_bayes,1552,mean,175.21576843261718,181.13169860839844,186.37402114868163
bike,dune_bayes,1553,mean,147.07476272583008,152.3306884765625,157.39770736694337
bike,dune_bayes,1554,mean,160.82720489501952,166.66212463378906,172.1531074523926
bike,dune_bayes,1555,mean,189.01479721069336,194.98751068115234,200.61631393432617
bike,dune_bayes,1556,mean,198.09816818237306,204.0196990966797,209.40198440551757
bike,dune_bayes,1557,mean,198.9215118408203,204.90606689453125,210.15825653076172
bike,dune_bayes,1558,mean,134.86091003417968,139.8610610961914,144.73198547363282
bike,dune_bayes,1559,mean,131.27635192871094,136.39209747314453,141.17205505371092
bike,dune_bayes,1560,mean,155.78377227783204,161.42100524902344,166.69029083251954
bike,dune_bayes,1561,mean,150.44589309692384,155.6668930053711,161.01599349975587
bike,dune_bayes,1562,mean,210.51012954711913,216.39389038085938,221.65210494995117
bike,dune_bayes,1563,mean,208.1580047607422,213.69499969482422,218.7469581604004
bike,dune_bayes,1564,mean,131.14069747924805,135.71266174316406,140.10177688598634
bike,dune_bayes,1565,mean,141.50870819091796,145.96289825439453,150.23090515136718
bike,dune_bayes,1566,mean,133.52312774658202,138.0081558227539,142.54799270629883
bike,dune_bayes,1567,mean,132.71332321166992,137.46558380126953,142.08115615844727
bike,dune_bayes,1568,mean,190.7525192260742,194.51290130615234,198.57195663452148
bike,dune_bayes,1569,mean,195.7195037841797,199.5489501953125,203.77877349853514
bike,dune_bayes,1570,mean,104.43921928405761,109.30842208862305,114.46322250366211
bike,dune_bayes,1571,mean,110.91839981079102,115.96784973144531,121.12446746826171
bike,dune_bayes,1572,mean,140.115323638916,145.1272430419922,150.27742462158204
bike,dune_bayes,1573,mean,144.113232421875,149.08555603027344,153.90496749877929
bike,dune_bayes,1574,mean,127.51338081359863,132.43415069580078,137.47260971069335
bike,dune_bayes,1575,mean,91.09768867492676,96.24893188476562,101.36724662780762
bike,dune_bayes,1576,mean,91.09768867492676,96.24893188476562,101.36724662780762
bike,dune_bayes,1577,mean,77.66480445861816,82.98833465576172,88.41295204162597
bike,dune_bayes,1578,mean,83.71015510559081,89.06830978393555,94.44803237915039
bike,dune_bayes,1579,mean,119.76284790039062,124.56253433227539,129.8491142272949
bike,dune_bayes,1580,mean,183.19348678588867,188.2919464111328,192.8541374206543
bike,dune_bayes,1581,mean,152.9098747253418,157.63638305664062,161.9841339111328
bike,dune_bayes,1582,mean,145.6241226196289,150.61978912353516,155.6134017944336
bike,dune_bayes,1583,mean,229.94838180541993,235.39412689208984,240.6503463745117
bike,dune_bayes,1584,mean,251.26915130615234,256.8312530517578,262.2111053466797
bike,dune_bayes,1585,mean,87.41442680358887,92.50989532470703,97.46889762878418
bike,dune_bayes,1586,mean,162.17624740600587,166.60414123535156,170.67195663452148
bike,dune_bayes,1587,mean,73.04250640869141,78.27266311645508,83.78782157897949
bike,dune_bayes,1588,mean,71.9409164428711,77.32930374145508,82.82932968139647
bike,dune_bayes,1589,mean,85.53937110900878,90.53531265258789,95.75488967895508
bike,dune_bayes,1590,mean,87.33990592956543,92.37483596801758,97.55555114746093
bike,dune_bayes,1591,mean,193.60975646972656,198.3042755126953,202.8611083984375
bike,dune_bayes,1592,mean,223.2423408508301,228.2986602783203,233.37206954956054
bike,dune_bayes,1593,mean,78.88645248413086,84.14990615844727,89.4552219390869
bike,dune_bayes,1594,mean,84.66954154968262,90.0977668762207,95.45642433166503
bike,dune_bayes,1595,mean,278.7103469848633,284.3988342285156,289.78444519042966
bike,dune_bayes,1596,mean,183.89251022338868,188.20279693603516,192.25727386474608
bike,dune_bayes,1597,mean,149.36822814941405,153.91883850097656,158.7139579772949
bike,dune_bayes,1598,mean,130.70202407836913,135.49993133544922,140.16872863769532
bike,dune_bayes,1599,mean,140.46860961914064,145.41839599609375,150.56057357788086
bike,dune_bayes,1600,mean,124.17993850708008,129.40689086914062,134.37105178833008
bike,dune_bayes,1601,mean,92.54257278442383,97.63533401489258,102.88838157653808
bike,dune_bayes,1602,mean,85.86941642761231,91.17039108276367,96.34055786132812
bike,dune_bayes,1603,mean,194.26084060668944,199.96495056152344,205.21738967895507
bike,dune_bayes,1604,mean,145.54576950073243,150.39252471923828,154.89098587036133
bike,dune_bayes,1605,mean,124.57058715820312,129.25704193115234,134.02929229736327
bike,dune_bayes,1606,mean,136.70717697143556,141.57642364501953,146.52420806884766
bike,dune_bayes,1607,mean,106.17623672485351,110.94921112060547,116.11283798217774
bike,dune_bayes,1608,mean,91.74892616271973,96.72000122070312,101.57746925354003
bike,dune_bayes,1609,mean,60.94091720581055,66.43450546264648,71.80385818481444
bike,dune_bayes,1610,mean,153.95889053344726,158.45379638671875,162.91875686645508
bike,dune_bayes,1611,mean,142.98591690063478,148.0168228149414,152.7818489074707
bike,dune_bayes,1612,mean,106.70582313537598,111.60797500610352,116.4376594543457
bike,dune_bayes,1613,mean,88.08195915222169,93.10906600952148,98.27964057922362
bike,dune_bayes,1614,mean,74.74287834167481,79.82361602783203,85.11411399841309
bike,dune_bayes,1615,mean,136.3596954345703,141.12602996826172,145.436612701416
bike,dune_bayes,1616,mean,85.37009887695312,90.35306167602539,95.62817611694337
bike,dune_bayes,1617,mean,64.50456657409669,69.87707901000977,75.56647758483885
bike,dune_bayes,1618,mean,55.00082244873047,60.620147705078125,66.35332183837889
bike,dune_bayes,1619,mean,55.00082244873047,60.620147705078125,66.35332183837889
bike,dune_bayes,1620,mean,103.40459594726562,108.37075424194336,113.39589385986328
bike,dune_bayes,1621,mean,72.59137763977051,78.0539665222168,83.61266326904297
bike,dune_bayes,1622,mean,64.4834545135498,69.77435684204102,75.24242095947264
bike,dune_bayes,1623,mean,120.38063278198243,125.43271255493164,129.9806053161621
bike,dune_bayes,1624,mean,104.43921928405761,109.30842208862305,114.46322250366211
bike,dune_bayes,1625,mean,99.18610649108886,104.0560531616211,109.42722396850586
bike,dune_bayes,1626,mean,99.18610649108886,104.0560531616211,109.42722396850586
bike,dune_bayes,1627,mean,92.15923500061035,97.10745620727539,102.510152053833
bike,dune_bayes,1628,mean,100.052001953125,105.02951049804688,110.4866111755371
bike,dune_bayes,1629,mean,99.78963623046874,104.69855117797852,110.06621170043945
bike,dune_bayes,1630,mean,90.77727661132812,96.02249908447266,101.3554256439209
bike,dune_bayes,1631,mean,92.15923500061035,97.10745620727539,102.510152053833
bike,dune_bayes,1632,mean,79.72360572814941,85.09814834594727,90.64433212280274
bike,dune_bayes,1633,mean,49.30113983154297,55.639556884765625,61.55661697387695
bike,dune_bayes,1634,mean,48.92891845703125,55.192047119140625,61.08267059326172
bike,dune_bayes,1635,mean,117.8305908203125,122.55256271362305,127.18728523254394
bike,dune_bayes,1636,mean,132.9880172729492,138.22207641601562,143.2657958984375
bike,dune_bayes,1637,mean,88.67098388671874,93.65603637695312,98.61614837646485
bike,dune_bayes,1638,mean,102.61984176635742,107.50669479370117,112.25669746398925
bike,dune_bayes,1639,mean,87.68146705627441,92.74245071411133,98.01885032653809
bike,dune_bayes,1640,mean,60.94091720581055,66.43450546264648,71.80385818481444
bike,dune_bayes,1641,mean,62.09047393798828,67.51613998413086,72.81187438964842
bike,dune_bayes,1642,mean,178.65753479003905,183.85073852539062,188.5566177368164
bike,dune_bayes,1643,mean,188.21737518310547,193.65111541748047,198.60107650756837
bike,dune_bayes,1644,mean,138.53650436401367,142.92913818359375,147.3487518310547
bike,dune_bayes,1645,mean,135.352205657959,139.825439453125,144.27527542114257
bike,dune_bayes,1646,mean,122.39682579040527,126.98899459838867,131.7610771179199
bike,dune_bayes,1647,mean,122.39682579040527,126.98899459838867,131.7610771179199
bike,dune_bayes,1648,mean,102.86274299621581,107.63687515258789,112.67038459777832
bike,dune_bayes,1649,mean,106.41811408996583,111.19759368896484,116.09521827697753
bike,dune_bayes,1650,mean,124.26789360046386,128.9426040649414,133.66977920532227
bike,dune_bayes,1651,mean,195.77128372192382,201.8326873779297,207.46502151489258
bike,dune_bayes,1652,mean,112.13698883056641,117.16339492797852,122.17646789550781
bike,dune_bayes,1653,mean,113.75025062561035,118.78247451782227,123.81695327758788
bike,dune_bayes,1654,mean,174.43996047973633,180.30934143066406,185.93858337402344
bike,dune_bayes,1655,mean,188.8165298461914,194.7519073486328,200.57713394165037
bike,dune_bayes,1656,mean,85.6926773071289,90.7480239868164,95.74563255310058
bike,dune_bayes,1657,mean,84.81748504638672,90.01653289794922,95.10183753967284
bike,dune_bayes,1658,mean,84.81748504638672,90.01653289794922,95.10183753967284
bike,dune_bayes,1659,mean,53.67699432373047,59.188804626464844,64.75840606689454
bike,dune_bayes,1660,mean,54.77380218505859,60.189483642578125,65.58674964904785
bike,dune_bayes,1661,mean,149.1844169616699,154.39881896972656,159.15680847167968
bike,dune_bayes,1662,mean,153.00390243530273,158.2288589477539,163.02967376708983
bike,dune_bayes,1663,mean,143.5403923034668,148.39263153076172,153.00967330932616
bike,dune_bayes,1664,mean,142.0818634033203,146.9884033203125,151.81080322265623
bike,dune_bayes,1665,mean,74.56887245178223,79.87466812133789,85.13195343017578
bike,dune_bayes,1666,mean,60.94091720581055,66.43450546264648,71.80385818481444
bike,dune_bayes,1667,mean,45.919682312011716,51.57335662841797,57.276995849609364
bike,dune_bayes,1668,mean,58.289842987060545,63.81312942504883,69.24976959228515
bike,dune_bayes,1669,mean,188.6753662109375,194.39527130126953,199.69749145507814
bike,dune_bayes,1670,mean,184.09425888061523,189.7449493408203,194.9395797729492
bike,dune_bayes,1671,mean,109.46322250366211,114.27661514282227,118.89304618835449
bike,dune_bayes,1672,mean,153.17494583129883,158.10635375976562,162.84245986938475
bike,dune_bayes,1673,mean,153.5847152709961,158.1497039794922,162.67113723754883
bike,dune_bayes,1674,mean,140.0308479309082,144.54896545410156,148.99125137329102
bike,dune_bayes,1675,mean,225.28966064453124,229.99237060546875,234.68815155029296
bike,dune_bayes,1676,mean,141.63324127197265,146.17858123779297,150.4620719909668
bike,dune_bayes,1677,mean,205.1966979980469,209.35755920410156,213.75530929565429
bike,dune_bayes,1678,mean,174.80797271728517,180.33941650390625,185.6261764526367
bike,dune_bayes,1679,mean,173.60785980224608,179.2481460571289,184.45268783569335
bike,dune_bayes,1680,mean,103.3904930114746,108.38770294189453,113.23795890808105
bike,dune_bayes,1681,mean,135.2146987915039,140.2300567626953,145.02509307861328
bike,dune_bayes,1682,mean,165.71942367553712,171.4019012451172,176.85804443359373
bike,dune_bayes,1683,mean,156.81337890625,162.5132598876953,168.13362808227538
bike,dune_bayes,1684,mean,131.552498626709,136.99166107177734,142.02591247558593
bike,dune_bayes,1685,mean,123.21452102661132,128.06778717041016,132.73317108154296
bike,dune_bayes,1686,mean,69.7935173034668,75.1734848022461,80.3471580505371
bike,dune_bayes,1687,mean,56.82167510986328,62.230682373046875,67.60217590332032
bike,dune_bayes,1688,mean,45.108907318115236,50.75933074951172,56.35890579223632
bike,dune_bayes,1689,mean,187.26043472290038,192.76483917236328,197.49508895874024
bike,dune_bayes,1690,mean,124.72209434509277,129.18842315673828,133.7415985107422
bike,dune_bayes,1691,mean,186.5013801574707,191.15396881103516,195.15430221557617
bike,dune_bayes,1692,mean,106.13678283691407,110.83856582641602,115.53403091430664
bike,dune_bayes,1693,mean,109.90749549865723,114.77221298217773,119.1533332824707
bike,dune_bayes,1694,mean,77.49282951354981,83.10707092285156,88.1393196105957
bike,dune_bayes,1695,mean,70.46129150390625,76.11725234985352,81.2778709411621
bike,dune_bayes,1696,mean,129.41304702758788,134.56985473632812,139.5851638793945
bike,dune_bayes,1697,mean,120.17141151428223,125.4740219116211,130.74551162719726
bike,dune_bayes,1698,mean,121.21553230285645,126.25291442871094,131.744620513916
bike,dune_bayes,1699,mean,65.26505622863769,70.92057800292969,76.38034896850586
bike,dune_bayes,1700,mean,77.49282951354981,83.10707092285156,88.1393196105957
bike,dune_bayes,1701,mean,84.1184913635254,89.43722915649414,94.51105613708495
bike,dune_bayes,1702,mean,97.88494338989258,103.02392578125,107.92456169128417
bike,dune_bayes,1703,mean,128.1476921081543,133.0096893310547,137.48357849121095
bike,dune_bayes,1704,mean,93.66258926391602,98.72143173217773,103.86518630981445
bike,dune_bayes,1705,mean,173.70351638793946,178.87688446044922,183.80336532592773
bike,dune_bayes,1706,mean,133.75578536987305,138.24462890625,142.97006607055664
bike,dune_bayes,1707,mean,116.69131126403809,121.22429275512695,125.87506294250488
bike,dune_bayes,1708,mean,114.66165504455566,119.43772506713867,124.19854202270508
bike,dune_bayes,1709,mean,95.52010002136231,100.4804573059082,105.59140243530273
bike,dune_bayes,1710,mean,170.72139587402344,176.34528350830078,181.99386978149414
bike,dune_bayes,1711,mean,183.28839263916015,189.01605224609375,194.37894897460936
bike,dune_bayes,1712,mean,164.24250564575195,169.75714111328125,175.10741500854493
bike,dune_bayes,1713,mean,172.92938461303712,178.57217407226562,183.79029083251953
bike,dune_bayes,1714,mean,134.31493072509767,139.28417205810547,144.00363998413087
bike,dune_bayes,1715,mean,140.69667892456056,146.02347564697266,151.02935485839845
bike,dune_bayes,1716,mean,119.61603775024415,124.57315063476562,129.3236328125
bike,dune_bayes,1717,mean,69.22216606140137,74.45426177978516,79.77722663879395
bike,dune_bayes,1718,mean,67.14675254821778,72.4111328125,78.04554100036621
bike,dune_bayes,1719,mean,87.54780387878418,92.66395568847656,98.08186340332031
bike,dune_bayes,1720,mean,72.64000930786133,77.70240783691406,83.13470230102538
bike,dune_bayes,1721,mean,176.32711029052734,181.70640563964844,186.7822998046875
bike,dune_bayes,1722,mean,163.67592086791993,169.04761505126953,174.04422988891602
bike,dune_bayes,1723,mean,115.74121322631837,120.34509658813477,125.1591251373291
bike,dune_bayes,1724,mean,116.3572338104248,120.90011596679688,125.69589500427246
bike,dune_bayes,1725,mean,115.13948059082031,119.73189163208008,124.33147430419922
bike,dune_bayes,1726,mean,107.50270347595215,112.49307632446289,117.64653663635254
bike,dune_bayes,1727,mean,107.50270347595215,112.49307632446289,117.64653663635254
bike,dune_bayes,1728,mean,74.2406665802002,79.44422149658203,84.63681449890136
bike,dune_bayes,1729,mean,89.19069328308106,94.11153793334961,99.20337333679198
bike,dune_bayes,1730,mean,190.405322265625,196.35130310058594,202.23875198364257
bike,dune_bayes,1731,mean,174.195157623291,180.54881286621094,186.3457778930664
bike,dune_bayes,1732,mean,115.79290428161622,121.0308723449707,125.6972557067871
bike,dune_bayes,1733,mean,98.44202613830566,103.48135757446289,108.33701171875
bike,dune_bayes,1734,mean,101.42501335144043,106.27352523803711,111.05416870117188
bike,dune_bayes,1735,mean,152.92078399658203,158.0807876586914,162.93806381225585
bike,dune_bayes,1736,mean,127.61664390563965,132.3028335571289,136.86542510986328
bike,dune_bayes,1737,mean,110.93511123657227,115.53328323364258,120.04294929504394
bike,dune_bayes,1738,mean,95.90016670227051,100.7303237915039,105.40367698669434
bike,dune_bayes,1739,mean,72.56150932312012,77.82546997070312,82.95865974426269
bike,dune_bayes,1740,mean,77.84927864074707,83.12137985229492,88.2454864501953
bike,dune_bayes,1741,mean,143.9209777832031,148.69208526611328,153.3697822570801
bike,dune_bayes,1742,mean,168.16752166748046,173.10067749023438,177.51830139160157
bike,dune_bayes,1743,mean,138.53650436401367,142.92913818359375,147.3487518310547
bike,dune_bayes,1744,mean,120.35409584045411,125.00294876098633,129.45748214721678
bike,dune_bayes,1745,mean,125.51606712341308,130.11537170410156,134.52846755981446
bike,dune_bayes,1746,mean,145.01623077392577,149.9021759033203,154.28378524780274
bike,dune_bayes,1747,mean,101.95541763305664,107.10432815551758,112.21522483825683
bike,dune_bayes,1748,mean,249.63581390380858,254.95337677001953,260.40773010253906
bike,dune_bayes,1749,mean,203.80082244873046,208.95464324951172,213.67806701660155
bike,dune_bayes,1750,mean,213.8089797973633,219.33336639404297,224.61827011108397
bike,dune_bayes,1751,mean,179.87126083374022,184.73072814941406,188.89672088623047
bike,dune_bayes,1752,mean,180.7886619567871,185.64310455322266,189.8910140991211
bike,dune_bayes,1753,mean,162.37696685791016,167.08108520507812,171.35201263427734
bike,dune_bayes,1754,mean,143.3316421508789,147.85252380371094,152.1727722167969
bike,dune_bayes,1755,mean,71.9409164428711,77.32930374145508,82.82932968139647
bike,dune_bayes,1756,mean,69.09699287414551,74.38198471069336,79.86293716430664
bike,dune_bayes,1757,mean,49.837337493896484,55.183349609375,61.48924942016602
bike,dune_bayes,1758,mean,150.78736267089843,155.5672607421875,159.72637710571288
bike,dune_bayes,1759,mean,188.2991813659668,193.40006256103516,197.823641204834
bike,dune_bayes,1760,mean,216.86721572875976,221.85594177246094,226.42988281249998
bike,dune_bayes,1761,mean,148.90270538330077,153.25660705566406,157.4361686706543
bike,dune_bayes,1762,mean,193.71712799072264,198.85269927978516,203.4213653564453
bike,dune_bayes,1763,mean,204.96508407592773,211.00504302978516,216.5327362060547
bike,dune_bayes,1764,mean,178.43091278076173,184.73853302001953,190.8290138244629
bike,dune_bayes,1765,mean,165.09896011352538,171.0813446044922,176.54941101074218
bike,dune_bayes,1766,mean,125.7243091583252,131.09727478027344,136.08233184814452
bike,dune_bayes,1767,mean,165.56938247680665,172.06366729736328,178.13853073120117
bike,dune_bayes,1768,mean,168.24400253295897,174.804931640625,180.98726654052734
bike,dune_bayes,1769,mean,156.8830940246582,163.12374877929688,168.87365951538087
bike,dune_bayes,1770,mean,147.68914184570312,154.07557678222656,159.7012145996094
bike,dune_bayes,1771,mean,138.38604812622071,144.5706329345703,150.08501281738282
bike,dune_bayes,1772,mean,145.3824775695801,151.53545379638672,156.9072479248047
bike,dune_bayes,1773,mean,140.73463745117186,146.71791076660156,152.18047256469725
bike,dune_bayes,1774,mean,150.50498657226564,156.5708465576172,162.18315658569335
bike,dune_bayes,1775,mean,144.890234375,150.91741180419922,156.4303009033203
bike,dune_bayes,1776,mean,159.86162643432618,166.08118438720703,171.7242118835449
bike,dune_bayes,1777,mean,161.4346908569336,167.39675903320312,173.04364089965821
bike,dune_bayes,1778,mean,152.9698844909668,158.85677337646484,164.26281967163087
bike,dune_bayes,1779,mean,153.89561386108397,159.79398345947266,165.0301414489746
bike,dune_bayes,1780,mean,139.15023040771484,144.48001098632812,149.4211067199707
bike,dune_bayes,1781,mean,116.76160163879395,121.75732421875,126.48090515136718
bike,dune_bayes,1782,mean,68.98451232910156,74.31797409057617,79.5528018951416
bike,dune_bayes,1783,mean,200.596443939209,206.607177734375,212.1973014831543
bike,dune_bayes,1784,mean,89.37386703491211,94.28543853759766,99.12563972473144
bike,dune_bayes,1785,mean,199.97747116088868,205.45565032958984,210.42456436157227
bike,dune_bayes,1786,mean,263.07115173339844,268.7074432373047,273.9193130493164
bike,dune_bayes,1787,mean,208.7986183166504,214.3802719116211,219.3064926147461
bike,dune_bayes,1788,mean,171.2599349975586,176.76426696777344,181.54510574340821
bike,dune_bayes,1789,mean,148.78565826416016,153.79611206054688,158.31797409057617
bike,dune_bayes,1790,mean,210.34017944335938,215.57538604736328,220.3542610168457
bike,dune_bayes,1791,mean,237.12427368164063,242.51908111572266,247.49338226318358
bike,dune_bayes,1792,mean,183.2410575866699,188.75987243652344,193.84700088500975
bike,dune_bayes,1793,mean,151.35054931640624,156.62765502929688,161.57561111450195
bike,dune_bayes,1794,mean,181.22978744506835,186.87920379638672,191.81054611206054
bike,dune_bayes,1795,mean,138.8539581298828,143.78081512451172,148.5613655090332
bike,dune_bayes,1796,mean,100.8497688293457,105.91260147094727,110.60419158935547
bike,dune_bayes,1797,mean,50.545675659179686,56.10242462158203,61.73796844482421
bike,dune_bayes,1798,mean,49.636888885498045,55.31439208984375,60.884590911865224
bike,dune_bayes,1799,mean,49.29089508056641,54.83909606933594,60.35177993774414
bike,dune_bayes,1800,mean,39.35244369506836,45.215415954589844,51.280951690673824
bike,dune_bayes,1801,mean,214.1199836730957,220.01318359375,225.0514823913574
bike,dune_bayes,1802,mean,214.1199836730957,220.01318359375,225.0514823913574
bike,dune_bayes,1803,mean,202.75980377197266,208.45326232910156,213.60034561157227
bike,dune_bayes,1804,mean,49.833238983154295,55.30558776855469,61.0068244934082
bike,dune_bayes,1805,mean,75.10656433105468,80.47621536254883,85.94804382324219
bike,dune_bayes,1806,mean,74.93943099975586,80.14096069335938,85.5888843536377
bike,dune_bayes,1807,mean,66.22644577026367,71.72021484375,77.12244834899901
bike,dune_bayes,1808,mean,133.93139572143554,138.58221435546875,142.98211441040038
bike,dune_bayes,1809,mean,168.4659782409668,172.74884796142578,176.31256866455078
bike,dune_bayes,1810,mean,124.72779502868653,129.3655014038086,133.78678131103516
bike,dune_bayes,1811,mean,112.50464973449706,117.54353332519531,122.58464546203614
bike,dune_bayes,1812,mean,106.80360641479493,112.06464385986328,117.28797454833985
bike,dune_bayes,1813,mean,181.73565979003905,188.1509552001953,194.14470825195312
bike,dune_bayes,1814,mean,187.89461822509764,194.06214904785156,200.23086624145506
bike,dune_bayes,1815,mean,184.4858856201172,190.7844696044922,196.90972290039062
bike,dune_bayes,1816,mean,173.89309463500976,180.13768768310547,185.797940826416
bike,dune_bayes,1817,mean,121.89421691894532,127.52003860473633,132.45416870117188
bike,dune_bayes,1818,mean,141.68140258789063,147.62906646728516,152.94136276245118
bike,dune_bayes,1819,mean,162.26704864501954,168.56973266601562,173.96885528564454
bike,dune_bayes,1820,mean,169.3249084472656,175.5544204711914,181.0452133178711
bike,dune_bayes,1821,mean,153.84471435546874,160.06304168701172,165.70118865966796
bike,dune_bayes,1822,mean,143.79928436279297,149.8005142211914,155.15629653930662
bike,dune_bayes,1823,mean,135.698966217041,141.62532806396484,146.82391357421875
bike,dune_bayes,1824,mean,122.95913200378418,128.55094146728516,133.60854263305663
bike,dune_bayes,1825,mean,159.0939178466797,165.46341705322266,171.13578872680662
bike,dune_bayes,1826,mean,169.14256591796874,175.60147094726562,181.27890243530274
bike,dune_bayes,1827,mean,179.6405807495117,186.1579818725586,192.2808952331543
bike,dune_bayes,1828,mean,148.24360733032228,154.1485824584961,159.70355377197265
bike,dune_bayes,1829,mean,141.67879104614258,147.69991302490234,153.091064453125
bike,dune_bayes,1830,mean,120.09638290405273,125.7669906616211,130.64068222045898
bike,dune_bayes,1831,mean,109.4930347442627,114.82158660888672,119.75694007873535
bike,dune_bayes,1832,mean,109.4930347442627,114.82158660888672,119.75694007873535
bike,dune_bayes,1833,mean,129.8519432067871,135.4119644165039,140.66988220214844
bike,dune_bayes,1834,mean,164.55434875488282,170.42710876464844,176.12204513549804
bike,dune_bayes,1835,mean,156.37540969848632,162.0914306640625,167.62067642211915
bike,dune_bayes,1836,mean,79.78831787109375,85.06377410888672,90.3939811706543
bike,dune_bayes,1837,mean,65.97971305847167,71.50452041625977,76.99127883911132
bike,dune_bayes,1838,mean,106.28240013122559,111.31241989135742,116.38950386047362
bike,dune_bayes,1839,mean,178.8590232849121,184.57106018066406,190.3020248413086
bike,dune_bayes,1840,mean,176.7674919128418,182.6771469116211,188.6176399230957
bike,dune_bayes,1841,mean,181.16948318481445,187.47347259521484,193.5509307861328
bike,dune_bayes,1842,mean,122.84690132141114,128.37483978271484,133.16989440917968
bike,dune_bayes,1843,mean,122.84690132141114,128.37483978271484,133.16989440917968
bike,dune_bayes,1844,mean,124.58896102905274,129.91275024414062,134.74204025268554
bike,dune_bayes,1845,mean,140.23695373535156,145.55687713623047,150.78694686889648
bike,dune_bayes,1846,mean,160.47196578979492,166.32019805908203,171.6905220031738
bike,dune_bayes,1847,mean,164.78304748535157,170.66629028320312,176.29762115478516
bike,dune_bayes,1848,mean,157.30208435058594,162.748291015625,168.2989486694336
bike,dune_bayes,1849,mean,89.90880317687989,94.80179977416992,99.65334053039551
bike,dune_bayes,1850,mean,96.90310020446778,101.88132095336914,107.1832763671875
bike,dune_bayes,1851,mean,42.83174133300781,48.631446838378906,54.586516571044925
bike,dune_bayes,1852,mean,33.297621154785155,39.215057373046875,45.21402816772461
bike,dune_bayes,1853,mean,43.703302001953126,49.40906524658203,55.284183502197266
bike,dune_bayes,1854,mean,59.1553466796875,64.52102661132812,70.2644832611084
bike,dune_bayes,1855,mean,60.564649200439455,65.95397186279297,71.57601585388183
bike,dune_bayes,1856,mean,71.06875114440918,76.53530883789062,81.71386566162109
bike,dune_bayes,1857,mean,84.45423202514648,89.53639602661133,94.78166961669922
bike,dune_bayes,1858,mean,55.33495559692383,60.90056610107422,66.67803840637207
bike,dune_bayes,1859,mean,54.154589080810545,59.66526794433594,65.24945945739746
bike,dune_bayes,1860,mean,43.82960968017578,49.559104919433594,55.43165054321289
bike,dune_bayes,1861,mean,45.919682312011716,51.57335662841797,57.276995849609364
bike,dune_bayes,1862,mean,46.97887954711914,52.56317138671875,58.14621429443359
bike,dune_bayes,1863,mean,45.919682312011716,51.57335662841797,57.276995849609364
bike,dune_bayes,1864,mean,49.833238983154295,55.30558776855469,61.0068244934082
bike,dune_bayes,1865,mean,44.573909759521484,50.25462341308594,56.375309753417966
bike,dune_bayes,1866,mean,38.76544342041016,44.672454833984375,50.90622634887695
bike,dune_bayes,1867,mean,45.58667221069336,51.5030517578125,57.60609741210937
bike,dune_bayes,1868,mean,51.244136810302734,56.770233154296875,62.55417976379395
bike,dune_bayes,1869,mean,51.244136810302734,56.770233154296875,62.55417976379395
bike,dune_bayes,1870,mean,74.2406665802002,79.44422149658203,84.63681449890136
bike,dune_bayes,1871,mean,123.42387771606445,128.08712768554688,132.4852752685547
bike,dune_bayes,1872,mean,149.88797454833986,154.08477783203125,158.27967376708983
bike,dune_bayes,1873,mean,77.09928741455079,82.42189407348633,87.48350982666015
bike,dune_bayes,1874,mean,100.90127983093262,105.5950698852539,110.44928665161133
bike,dune_bayes,1875,mean,77.05809478759765,82.24459075927734,87.33477210998535
bike,dune_bayes,1876,mean,169.70685729980468,174.82034301757812,179.898934173584
bike,dune_bayes,1877,mean,179.87379760742186,185.20364379882812,190.38062744140623
bike,dune_bayes,1878,mean,74.20645866394042,79.47705841064453,84.68727684020996
bike,dune_bayes,1879,mean,64.4834545135498,69.77435684204102,75.24242095947264
bike,dune_bayes,1880,mean,122.4446361541748,127.26275253295898,131.62493896484375
bike,dune_bayes,1881,mean,110.01417465209961,115.01155471801758,119.5717212677002
bike,dune_bayes,1882,mean,89.20689315795899,94.49519729614258,99.84067611694336
bike,dune_bayes,1883,mean,85.98439025878906,91.35364151000977,96.75830497741698
bike,dune_bayes,1884,mean,127.38048439025879,132.1411361694336,137.41866760253905
bike,dune_bayes,1885,mean,198.5629783630371,203.8825912475586,208.85548782348633
bike,dune_bayes,1886,mean,193.98288269042968,199.44602966308594,204.57108001708983
bike,dune_bayes,1887,mean,172.00345001220703,177.27579498291016,182.55362014770506
bike,dune_bayes,1888,mean,121.10184288024902,125.89355087280273,130.65718612670898
bike,dune_bayes,1889,mean,86.6261531829834,91.91323471069336,97.13552780151367
bike,dune_bayes,1890,mean,208.48037872314453,214.03705596923828,219.10556564331054
bike,dune_bayes,1891,mean,210.29279098510742,216.47686004638672,222.29965744018554
bike,dune_bayes,1892,mean,205.40315017700195,211.49612426757812,217.162646484375
bike,dune_bayes,1893,mean,186.19548721313475,192.34862518310547,197.72413330078123
bike,dune_bayes,1894,mean,189.60659790039062,195.88921356201172,201.82454376220704
bike,dune_bayes,1895,mean,176.264395904541,182.39066314697266,188.1374526977539
bike,dune_bayes,1896,mean,164.15971908569335,170.36280822753906,175.87803573608397
bike,dune_bayes,1897,mean,157.54382705688477,163.71084594726562,169.20469360351564
bike,dune_bayes,1898,mean,152.84971466064454,158.6989288330078,164.00424041748045
bike,dune_bayes,1899,mean,172.3510269165039,178.43568420410156,183.8805892944336
bike,dune_bayes,1900,mean,196.77038955688477,202.93460845947266,208.58234634399415
bike,dune_bayes,1901,mean,208.15131607055665,214.05050659179688,219.7591995239258
bike,dune_bayes,1902,mean,194.6947868347168,200.91122436523438,206.32553939819334
bike,dune_bayes,1903,mean,178.88107376098634,184.76187133789062,190.03470993041992
bike,dune_bayes,1904,mean,187.27306442260743,193.38143920898438,199.10226440429688
bike,dune_bayes,1905,mean,199.2114273071289,205.36172485351562,211.4976806640625
bike,dune_bayes,1906,mean,171.19882278442384,177.22579956054688,182.593342590332
bike,dune_bayes,1907,mean,203.82653427124023,209.84327697753906,215.6049201965332
bike,dune_bayes,1908,mean,149.98864212036133,154.9730224609375,159.8382255554199
bike,dune_bayes,1909,mean,154.20121154785156,159.13854217529297,164.20452117919922
bike,dune_bayes,1910,mean,200.13891067504883,205.6159439086914,210.60573120117186
bike,dune_bayes,1911,mean,272.3659210205078,278.31903076171875,283.92398529052736
bike,dune_bayes,1912,mean,273.37034606933594,279.13446044921875,284.6984161376953
bike,dune_bayes,1913,mean,253.74435424804688,259.28282165527344,264.3884536743164
bike,dune_bayes,1914,mean,216.58013687133788,222.33660125732422,227.41258392333984
bike,dune_bayes,1915,mean,105.44778480529786,110.46002960205078,115.15284690856933
bike,dune_bayes,1916,mean,162.85914459228516,167.36964416503906,171.50449142456054
bike,dune_bayes,1917,mean,276.3519653320312,281.7968444824219,287.0735107421875
bike,dune_bayes,1918,mean,223.57449951171876,228.25265502929688,232.77529830932616
bike,dune_bayes,1919,mean,141.25455017089843,145.76783752441406,149.8688934326172
bike,dune_bayes,1920,mean,83.2316780090332,88.61526489257812,93.64838943481445
bike,dune_bayes,1921,mean,114.45946044921875,119.37816619873047,123.93305397033691
bike,dune_bayes,1922,mean,123.89597663879394,128.6411895751953,133.489501953125
bike,dune_bayes,1923,mean,123.89597663879394,128.6411895751953,133.489501953125
bike,dune_bayes,1924,mean,179.87379760742186,185.20364379882812,190.38062744140623
bike,dune_bayes,1925,mean,206.96884460449218,212.56058502197266,217.7539306640625
bike,dune_bayes,1926,mean,169.41410903930665,174.44029998779297,179.564892578125
bike,dune_bayes,1927,mean,91.03485717773438,95.95052719116211,101.0373291015625
bike,dune_bayes,1928,mean,62.12312469482422,67.47370147705078,73.220166015625
bike,dune_bayes,1929,mean,51.82879867553711,57.30193328857422,63.16292648315429
bike,dune_bayes,1930,mean,52.828800964355466,58.267616271972656,64.3604850769043
bike,dune_bayes,1931,mean,97.28409576416016,102.42544174194336,107.51445236206054
bike,dune_bayes,1932,mean,82.38052787780762,87.35786819458008,92.52564888000488
bike,dune_bayes,1933,mean,46.13521194458008,51.71788024902344,57.852648925781246
bike,dune_bayes,1934,mean,53.12549819946289,58.59635925292969,64.59259719848633
bike,dune_bayes,1935,mean,53.12549819946289,58.59635925292969,64.59259719848633
bike,dune_bayes,1936,mean,45.8762092590332,51.473060607910156,57.615003967285155
bike,dune_bayes,1937,mean,53.12549819946289,58.59635925292969,64.59259719848633
bike,dune_bayes,1938,mean,91.91906661987305,96.95175170898438,102.0467399597168
bike,dune_bayes,1939,mean,142.98591690063478,148.0168228149414,152.7818489074707
bike,dune_bayes,1940,mean,154.82552108764648,159.8343048095703,164.69145736694335
bike,dune_bayes,1941,mean,153.9298126220703,159.1061019897461,164.34269332885742
bike,dune_bayes,1942,mean,103.92564125061035,108.73315811157227,113.3473419189453
bike,dune_bayes,1943,mean,57.01991500854492,62.42258834838867,67.74961853027344
bike,dune_bayes,1944,mean,45.108907318115236,50.75933074951172,56.35890579223632
bike,dune_bayes,1945,mean,92.3000991821289,97.17998504638672,102.02633819580078
bike,dune_bayes,1946,mean,187.8148193359375,193.50103759765625,198.5562629699707
bike,dune_bayes,1947,mean,100.51598472595215,105.23976516723633,110.05495109558106
bike,dune_bayes,1948,mean,176.29468154907227,181.61173248291016,186.79695205688478
bike,dune_bayes,1949,mean,223.9617027282715,229.649658203125,234.60965270996093
bike,dune_bayes,1950,mean,143.65995407104492,148.4480743408203,152.98657455444337
bike,dune_bayes,1951,mean,123.77565994262696,128.47513580322266,133.0179313659668
bike,dune_bayes,1952,mean,93.32596282958984,98.2363052368164,102.88681564331054
bike,dune_bayes,1953,mean,127.01998939514161,131.70220947265625,136.26615142822266
bike,dune_bayes,1954,mean,71.89239921569825,77.21847152709961,82.4057243347168
bike,dune_bayes,1955,mean,71.89239921569825,77.21847152709961,82.4057243347168
bike,dune_bayes,1956,mean,143.52206115722657,148.79122924804688,153.92380981445314
bike,dune_bayes,1957,mean,152.23814315795897,157.33710479736328,162.16119155883788
bike,dune_bayes,1958,mean,110.46521377563477,115.05348205566406,119.51379051208495
bike,dune_bayes,1959,mean,145.4760955810547,150.6497039794922,155.4933609008789
bike,dune_bayes,1960,mean,117.86042137145996,122.75647354125977,127.43290824890136
bike,dune_bayes,1961,mean,173.88450317382814,179.82764434814453,185.0449493408203
bike,dune_bayes,1962,mean,127.27217407226563,132.01722717285156,136.59124374389648
bike,dune_bayes,1963,mean,114.61298141479492,119.29824447631836,123.90237083435058
bike,dune_bayes,1964,mean,43.217105865478516,48.7923583984375,55.069461059570315
bike,dune_bayes,1965,mean,74.61392135620117,80.17535781860352,85.88596687316894
bike,dune_bayes,1966,mean,135.26768493652344,141.57205200195312,146.8060432434082
bike,dune_bayes,1967,mean,122.28523559570313,128.11387634277344,133.10723571777345
bike,dune_bayes,1968,mean,149.8740592956543,156.1609115600586,162.0208137512207
bike,dune_bayes,1969,mean,157.92285919189453,164.4039535522461,170.47730560302733
bike,dune_bayes,1970,mean,158.096915435791,164.77020263671875,171.06469345092773
bike,dune_bayes,1971,mean,158.19099197387695,164.8671875,171.18614501953124
bike,dune_bayes,1972,mean,170.35924606323243,176.9346694946289,183.21381835937498
bike,dune_bayes,1973,mean,157.9581085205078,164.46817779541016,170.69141998291016
bike,dune_bayes,1974,mean,121.45867691040038,127.00324630737305,131.72937927246093
bike,dune_bayes,1975,mean,188.52511138916014,194.95467376708984,200.81611022949218
bike,dune_bayes,1976,mean,203.36599884033203,209.21172332763672,214.68450851440429
bike,dune_bayes,1977,mean,203.33379211425782,209.4138946533203,215.08388137817383
bike,dune_bayes,1978,mean,170.43826446533203,176.28377532958984,181.6419906616211
bike,dune_bayes,1979,mean,106.93893089294434,111.69186401367188,116.21229820251465
bike,dune_bayes,1980,mean,95.61715850830078,100.42176818847656,105.13569602966308
bike,dune_bayes,1981,mean,115.3940315246582,120.02762603759766,124.68936233520508
bike,dune_bayes,1982,mean,133.97562255859376,138.51255798339844,143.29739837646486
bike,dune_bayes,1983,mean,133.75578536987305,138.24462890625,142.97006607055664
bike,dune_bayes,1984,mean,166.59558486938477,171.4858169555664,176.24196166992186
bike,dune_bayes,1985,mean,210.3599006652832,216.05410766601562,221.25851135253905
bike,dune_bayes,1986,mean,209.14291229248047,214.73925018310547,219.59622116088866
bike,dune_bayes,1987,mean,160.14746627807617,165.15018463134766,169.79426956176758
bike,dune_bayes,1988,mean,99.96599578857422,104.66267776489258,109.23439483642578
bike,dune_bayes,1989,mean,107.59739570617675,112.1580581665039,116.84752082824707
bike,dune_bayes,1990,mean,82.81419486999512,88.05804824829102,93.16349334716797
bike,dune_bayes,1991,mean,54.042456817626956,59.6201171875,65.05986442565916
bike,dune_bayes,1992,mean,42.815337371826175,48.688255310058594,54.491329956054685
bike,dune_bayes,1993,mean,140.91841201782228,145.5633087158203,150.43378219604492
bike,dune_bayes,1994,mean,218.75288772583008,224.82371520996094,230.19202423095703
bike,dune_bayes,1995,mean,89.85181121826172,95.07642364501953,100.28032722473145
bike,dune_bayes,1996,mean,65.47940101623536,70.87118530273438,76.52547645568848
bike,dune_bayes,1997,mean,143.22093505859374,148.02084350585938,152.7079376220703
bike,dune_bayes,1998,mean,199.19676361083984,204.83184051513672,209.71295242309571
bike,dune_bayes,1999,mean,238.01533126831055,243.54196166992188,248.62371520996092
bike,dune_bayes,2000,mean,161.21221008300782,166.5109405517578,171.74046173095704
bike,dune_bayes,2001,mean,43.43809204101562,49.11468505859375,55.339413452148435
bike,dune_bayes,2002,mean,118.19678382873535,123.64785766601562,128.95526504516602
bike,dune_bayes,2003,mean,174.88005447387695,180.64908599853516,186.15072326660155
bike,dune_bayes,2004,mean,212.02950592041014,217.90219116210938,223.36251068115234
bike,dune_bayes,2005,mean,194.2692970275879,200.172119140625,205.64924163818358
bike,dune_bayes,2006,mean,85.6926773071289,90.7480239868164,95.74563255310058
bike,dune_bayes,2007,mean,157.43560333251952,162.59577178955078,167.85174102783202
bike,dune_bayes,2008,mean,183.6058563232422,189.14066314697266,194.4367546081543
bike,dune_bayes,2009,mean,199.70569305419923,205.50611877441406,210.95701522827147
bike,dune_bayes,2010,mean,116.99515762329102,121.57180786132812,126.28124961853027
bike,dune_bayes,2011,mean,182.1910415649414,187.19680786132812,191.4800048828125
bike,dune_bayes,2012,mean,262.83373107910154,268.25938415527344,274.1175109863281
bike,dune_bayes,2013,mean,205.56210327148438,210.92115783691406,215.62784271240236
bike,dune_bayes,2014,mean,149.04727935791016,153.35118865966797,157.44960250854493
bike,dune_bayes,2015,mean,111.44414710998535,116.27787399291992,121.01003341674804
bike,dune_bayes,2016,mean,79.79690933227539,84.9434814453125,90.18343048095703
bike,dune_bayes,2017,mean,249.31804656982422,254.56399536132812,259.6576354980469
bike,dune_bayes,2018,mean,217.55183181762695,222.7131805419922,227.46295394897462
bike,dune_bayes,2019,mean,196.25541915893555,201.28939819335938,205.61683044433593
bike,dune_bayes,2020,mean,91.09768867492676,96.24893188476562,101.36724662780762
bike,dune_bayes,2021,mean,210.58754043579103,216.55746459960938,222.43565826416017
bike,dune_bayes,2022,mean,166.8740379333496,172.67766571044922,178.47585678100586
bike,dune_bayes,2023,mean,181.23455657958985,187.46275329589844,193.4979621887207
bike,dune_bayes,2024,mean,187.43409805297853,193.59339141845703,199.45762634277344
bike,dune_bayes,2025,mean,161.0179130554199,166.97811126708984,172.64414672851564
bike,dune_bayes,2026,mean,164.838671875,170.80254364013672,176.24107666015624
bike,dune_bayes,2027,mean,151.26439208984374,157.08987426757812,162.45846710205078
bike,dune_bayes,2028,mean,195.1942932128906,200.9473876953125,206.80661849975587
bike,dune_bayes,2029,mean,201.69532775878906,207.70838928222656,213.2443115234375
bike,dune_bayes,2030,mean,178.15626678466796,183.7105712890625,188.87379455566406
bike,dune_bayes,2031,mean,134.58709335327148,139.6138687133789,144.38078384399412
bike,dune_bayes,2032,mean,208.68377914428712,214.76593017578125,220.03318939208984
bike,dune_bayes,2033,mean,199.97747116088868,205.45565032958984,210.42456436157227
bike,dune_bayes,2034,mean,264.30453033447264,269.6502990722656,275.39652557373046
bike,dune_bayes,2035,mean,175.61503143310546,180.9662628173828,186.064306640625
bike,dune_bayes,2036,mean,164.72243270874023,169.82473754882812,174.83870162963868
bike,dune_bayes,2037,mean,82.56164093017578,87.66082000732422,92.67155113220214
bike,dune_bayes,2038,mean,74.60429649353027,79.75189208984375,85.01283302307128
bike,dune_bayes,2039,mean,63.81555862426758,69.5247802734375,75.17009239196776
bike,dune_bayes,2040,mean,100.01872291564942,105.16512298583984,110.30187683105468
bike,dune_bayes,2041,mean,99.40819435119629,104.50436782836914,109.43199996948242
bike,dune_bayes,2042,mean,87.7998203277588,93.36243057250977,98.40431175231933
bike,dune_bayes,2043,mean,118.51198806762696,123.5091323852539,128.5064498901367
bike,dune_bayes,2044,mean,130.29947662353516,135.07678985595703,139.81010665893555
bike,dune_bayes,2045,mean,212.62615203857422,218.35453033447266,223.66772003173827
bike,dune_bayes,2046,mean,144.45644760131836,149.41574096679688,153.98625106811522
bike,dune_bayes,2047,mean,98.46671752929687,103.3183708190918,108.07554817199707
bike,dune_bayes,2048,mean,187.26043472290038,192.76483917236328,197.49508895874024
bike,dune_bayes,2049,mean,79.79690933227539,84.9434814453125,90.18343048095703
bike,dune_bayes,2050,mean,79.79690933227539,84.9434814453125,90.18343048095703
bike,dune_bayes,2051,mean,70.49586372375488,76.23387908935547,81.84371948242188
bike,dune_bayes,2052,mean,70.95158004760742,76.67631912231445,82.35894927978515
bike,dune_bayes,2053,mean,83.11929130554199,88.62579727172852,93.80476112365723
bike,dune_bayes,2054,mean,218.90179595947265,224.39807891845703,229.52200622558593
bike,dune_bayes,2055,mean,154.62254028320314,159.78041076660156,165.11736297607422
bike,dune_bayes,2056,mean,161.8592956542969,167.1780548095703,172.63528366088866
bike,dune_bayes,2057,mean,184.55053329467773,190.3270034790039,195.76425704956054
bike,dune_bayes,2058,mean,128.51955337524413,133.72239685058594,138.54837188720703
bike,dune_bayes,2059,mean,114.72150115966797,119.78564453125,124.5480972290039
bike,dune_bayes,2060,mean,116.33607597351075,121.26473617553711,125.74577980041504
bike,dune_bayes,2061,mean,139.47947463989257,144.50452423095703,149.59073638916016
bike,dune_bayes,2062,mean,144.15276718139648,149.36297607421875,154.29992065429687
bike,dune_bayes,2063,mean,176.50795974731446,182.8726577758789,188.98677291870118
bike,dune_bayes,2064,mean,169.1644515991211,175.6051483154297,181.28195495605468
bike,dune_bayes,2065,mean,149.80914916992188,155.46668243408203,160.77039489746093
bike,dune_bayes,2066,mean,112.46583862304688,117.06886672973633,121.88891868591308
bike,dune_bayes,2067,mean,129.15916900634767,133.6397933959961,138.35791473388673
bike,dune_bayes,2068,mean,144.21659240722656,149.0446014404297,153.57485580444336
bike,dune_bayes,2069,mean,144.6078659057617,149.60198974609375,154.57660293579102
bike,dune_bayes,2070,mean,125.43263778686523,130.10386657714844,134.8437286376953
bike,dune_bayes,2071,mean,125.8383129119873,130.5818634033203,135.54584426879882
bike,dune_bayes,2072,mean,214.1199836730957,220.01318359375,225.0514823913574
bike,dune_bayes,2073,mean,249.81829071044922,255.33688354492188,261.06842651367185
bike,dune_bayes,2074,mean,261.6608825683594,267.1253662109375,273.0681121826172
bike,dune_bayes,2075,mean,268.8215591430664,274.296142578125,279.99631958007814
bike,dune_bayes,2076,mean,170.41133880615234,174.90342712402344,178.80310592651367
bike,dune_bayes,2077,mean,170.41133880615234,174.90342712402344,178.80310592651367
bike,dune_bayes,2078,mean,170.53499221801758,175.2607650756836,179.4272087097168
bike,dune_bayes,2079,mean,217.87542724609375,222.4752197265625,227.11229400634764
bike,dune_bayes,2080,mean,273.1339508056641,278.42491149902344,284.02037200927737
bike,dune_bayes,2081,mean,132.1675682067871,137.11446380615234,142.3317886352539
bike,dune_bayes,2082,mean,201.17182998657228,207.20035552978516,212.84272689819335
bike,dune_bayes,2083,mean,241.76036071777344,247.73190307617188,253.10474319458007
bike,dune_bayes,2084,mean,243.21408157348634,248.9903793334961,254.26908340454102
bike,dune_bayes,2085,mean,234.87130737304688,240.9782257080078,246.563387298584
bike,dune_bayes,2086,mean,200.9391860961914,206.96294403076172,212.5831573486328
bike,dune_bayes,2087,mean,192.05828704833985,198.0081329345703,203.75757675170897
bike,dune_bayes,2088,mean,184.06880722045898,190.0808563232422,195.83822021484374
bike,dune_bayes,2089,mean,157.5924545288086,163.71279907226562,169.22610931396483
bike,dune_bayes,2090,mean,178.00577087402343,184.23868560791016,190.2689079284668
bike,dune_bayes,2091,mean,187.27306442260743,193.38143920898438,199.10226440429688
bike,dune_bayes,2092,mean,206.73789978027344,212.64754486083984,218.35784988403321
bike,dune_bayes,2093,mean,206.73789978027344,212.64754486083984,218.35784988403321
bike,dune_bayes,2094,mean,208.86930236816406,214.76548767089844,220.58614196777344
bike,dune_bayes,2095,mean,142.08385543823243,147.46826171875,152.65815505981445
bike,dune_bayes,2096,mean,253.2266471862793,258.75587463378906,264.1714553833008
bike,dune_bayes,2097,mean,204.65848236083986,209.94166564941406,214.59139862060547
bike,dune_bayes,2098,mean,167.59244537353516,172.5245590209961,176.85556030273438
bike,dune_bayes,2099,mean,136.53237609863282,140.92334747314453,145.359268951416
bike,dune_bayes,2100,mean,211.10564422607422,216.52896118164062,221.46367492675782
bike,dune_bayes,2101,mean,271.3689468383789,276.55397033691406,281.7707916259766
bike,dune_bayes,2102,mean,228.40254592895508,232.70836639404297,237.1109588623047
bike,dune_bayes,2103,mean,238.9007125854492,243.489990234375,248.2055633544922
bike,dune_bayes,2104,mean,262.34762420654295,267.37709045410156,272.44072265625
bike,dune_bayes,2105,mean,314.4252960205078,320.5091247558594,326.4883438110352
bike,dune_bayes,2106,mean,310.08563842773435,315.9705505371094,321.7062561035156
bike,dune_bayes,2107,mean,297.94775238037107,304.0498962402344,309.87803802490237
bike,dune_bayes,2108,mean,315.3969970703125,322.001220703125,327.87076873779296
bike,dune_bayes,2109,mean,308.7639663696289,315.13250732421875,321.1324096679688
bike,dune_bayes,2110,mean,287.9035888671875,293.2419128417969,298.8658935546875
bike,dune_bayes,2111,mean,274.956640625,280.2974548339844,285.8203659057617
bike,dune_bayes,2112,mean,194.5855484008789,198.87560272216797,202.7418640136719
bike,dune_bayes,2113,mean,289.540576171875,295.47637939453125,301.07789611816406
bike,dune_bayes,2114,mean,175.74518966674805,179.83208465576172,184.02801971435548
bike,dune_bayes,2115,mean,91.78793983459472,96.9531478881836,102.06916046142578
bike,dune_bayes,2116,mean,91.78793983459472,96.9531478881836,102.06916046142578
bike,dune_bayes,2117,mean,90.1949390411377,95.5130386352539,100.39237594604491
bike,dune_bayes,2118,mean,108.86272621154785,114.13391494750977,119.0230728149414
bike,dune_bayes,2119,mean,94.8720718383789,100.19198989868164,105.31270484924316
bike,dune_bayes,2120,mean,151.37288131713868,155.99932861328125,161.24910354614258
bike,dune_bayes,2121,mean,267.00111236572263,272.3057556152344,277.3322189331055
bike,dune_bayes,2122,mean,181.2835380554199,185.4000473022461,189.9579879760742
bike,dune_bayes,2123,mean,143.98104553222657,148.51333618164062,153.7552490234375
bike,dune_bayes,2124,mean,118.17203483581542,123.08429336547852,128.4779525756836
bike,dune_bayes,2125,mean,89.01070632934571,94.15249252319336,99.54510078430175
bike,dune_bayes,2126,mean,81.69084854125977,87.08477020263672,92.49164085388183
bike,dune_bayes,2127,mean,95.68158073425293,100.67138671875,105.79391670227051
bike,dune_bayes,2128,mean,94.92052879333497,100.09244918823242,105.24404983520508
bike,dune_bayes,2129,mean,94.8720718383789,100.19198989868164,105.31270484924316
bike,dune_bayes,2130,mean,164.1258331298828,168.75091552734375,173.23910598754884
bike,dune_bayes,2131,mean,273.7557312011719,279.1736297607422,284.31336517333983
bike,dune_bayes,2132,mean,140.29742660522462,145.25728607177734,150.8101058959961
bike,dune_bayes,2133,mean,127.12156944274902,131.9476089477539,137.49212417602538
bike,dune_bayes,2134,mean,141.54792556762695,146.41278076171875,151.79607772827148
bike,dune_bayes,2135,mean,206.5427101135254,211.03691864013672,215.56500701904298
bike,dune_bayes,2136,mean,196.76972198486328,201.1934051513672,205.60307083129882
bike,dune_bayes,2137,mean,125.58724975585938,130.50118255615234,135.55587615966797
bike,dune_bayes,2138,mean,111.9997444152832,116.83754348754883,122.00615692138672
bike,dune_bayes,2139,mean,140.8698303222656,145.81328582763672,150.92952651977538
bike,dune_bayes,2140,mean,199.23253631591797,204.06716918945312,208.60759811401368
bike,dune_bayes,2141,mean,157.9143295288086,163.0233917236328,167.98315963745117
bike,dune_bayes,2142,mean,118.47103843688964,123.49390411376953,128.86044921875
bike,dune_bayes,2143,mean,189.34500122070312,194.0255126953125,198.77577514648436
bike,dune_bayes,2144,mean,300.8226257324219,306.7198791503906,312.4026504516602
bike,dune_bayes,2145,mean,273.4028076171875,278.7435302734375,284.0362152099609
bike,dune_bayes,2146,mean,202.32863693237306,206.42727661132812,210.8870895385742
bike,dune_bayes,2147,mean,195.41369171142577,199.69319915771484,204.53899993896485
bike,dune_bayes,2148,mean,158.46112823486328,163.2765655517578,168.58758087158202
bike,dune_bayes,2149,mean,158.46112823486328,163.2765655517578,168.58758087158202
bike,dune_bayes,2150,mean,140.21559295654296,145.125244140625,150.5604118347168
bike,dune_bayes,2151,mean,126.83028526306153,132.09457397460938,137.68444519042967
bike,dune_bayes,2152,mean,119.78691139221192,125.09209060668945,130.70705337524413
bike,dune_bayes,2153,mean,84.03589744567871,89.29611206054688,94.89104423522949
bike,dune_bayes,2154,mean,83.28689651489258,88.65581893920898,93.96437110900878
bike,dune_bayes,2155,mean,128.07268981933595,133.08203887939453,138.17366638183594
bike,dune_bayes,2156,mean,164.88646087646484,169.19873046875,172.881095123291
bike,dune_bayes,2157,mean,248.27044830322265,253.83712005615234,259.8533340454102
bike,dune_bayes,2158,mean,251.06868896484374,256.94142150878906,262.7439025878906
bike,dune_bayes,2159,mean,209.46752243041993,215.4729232788086,221.39141082763672
bike,dune_bayes,2160,mean,205.29686965942383,211.3656234741211,217.50448989868164
bike,dune_bayes,2161,mean,199.82885971069337,205.96603393554688,212.0953987121582
bike,dune_bayes,2162,mean,168.19074630737305,174.3901824951172,179.8205497741699
bike,dune_bayes,2163,mean,169.1644515991211,175.6051483154297,181.28195495605468
bike,dune_bayes,2164,mean,188.55102615356446,194.36592864990234,199.7757698059082
bike,dune_bayes,2165,mean,192.91322174072266,198.66751098632812,204.00767211914064
bike,dune_bayes,2166,mean,204.49065322875975,210.48145294189453,215.9046203613281
bike,dune_bayes,2167,mean,195.8162109375,201.68002319335938,206.7943161010742
bike,dune_bayes,2168,mean,195.5572067260742,201.35450744628906,206.56715545654296
bike,dune_bayes,2169,mean,171.30328598022462,176.52108764648438,181.6441925048828
bike,dune_bayes,2170,mean,185.01372222900392,190.71705627441406,196.18447189331056
bike,dune_bayes,2171,mean,188.29217300415038,193.94535064697266,199.16139907836913
bike,dune_bayes,2172,mean,183.25478134155273,188.69236755371094,194.015291595459
bike,dune_bayes,2173,mean,182.95249710083007,188.41796875,193.6267364501953
bike,dune_bayes,2174,mean,241.34657287597656,245.8865737915039,250.58600616455078
bike,dune_bayes,2175,mean,183.24810714721679,187.34140014648438,191.62294540405273
bike,dune_bayes,2176,mean,215.48030700683594,219.4910888671875,223.63599472045897
bike,dune_bayes,2177,mean,214.23406982421875,219.64939880371094,224.61454010009766
bike,dune_bayes,2178,mean,219.38910217285155,224.90900421142578,229.92388458251952
bike,dune_bayes,2179,mean,250.8028778076172,256.17425537109375,261.8427230834961
bike,dune_bayes,2180,mean,252.4048728942871,257.77894592285156,263.52684783935547
bike,dune_bayes,2181,mean,204.60846176147462,210.2233657836914,215.05741958618165
bike,dune_bayes,2182,mean,136.53237609863282,140.92334747314453,145.359268951416
bike,dune_bayes,2183,mean,172.69466323852538,177.67687225341797,181.84631271362304
bike,dune_bayes,2184,mean,151.2808059692383,155.61253356933594,159.75554275512695
bike,dune_bayes,2185,mean,110.25221824645996,115.13378143310547,120.27506523132324
bike,dune_bayes,2186,mean,116.29388160705567,121.56798553466797,126.8490821838379
bike,dune_bayes,2187,mean,98.54328880310058,103.65044403076172,108.75734481811523
bike,dune_bayes,2188,mean,97.20531349182129,102.2726821899414,107.45897407531739
bike,dune_bayes,2189,mean,224.33805923461915,228.90404510498047,233.59024047851562
bike,dune_bayes,2190,mean,195.45679473876953,199.83129119873047,203.64815521240234
bike,dune_bayes,2191,mean,111.58089637756348,116.6932373046875,121.35940284729004
bike,dune_bayes,2192,mean,237.6541305541992,243.3680191040039,248.6333465576172
bike,dune_bayes,2193,mean,126.90809593200683,131.56171417236328,136.15594329833985
bike,dune_bayes,2194,mean,247.70818710327148,253.40347290039062,258.7239273071289
bike,dune_bayes,2195,mean,294.872492980957,300.9411163330078,306.4415054321289
bike,dune_bayes,2196,mean,194.5855484008789,198.87560272216797,202.7418640136719
bike,dune_bayes,2197,mean,179.20123901367188,183.74525451660156,187.2248992919922
bike,dune_bayes,2198,mean,167.9036437988281,172.59574127197266,176.2974723815918
bike,dune_bayes,2199,mean,271.62445373535155,277.0108184814453,282.1593719482422
bike,dune_bayes,2200,mean,294.5399627685547,300.0142364501953,305.2884048461914
bike,dune_bayes,2201,mean,302.3051010131836,308.03076171875,313.4203125
bike,dune_bayes,2202,mean,193.70270233154298,199.37388610839844,204.4981330871582
bike,dune_bayes,2203,mean,213.4199546813965,219.2254867553711,224.23007278442384
bike,dune_bayes,2204,mean,224.52035064697264,229.92618560791016,235.23479309082032
bike,dune_bayes,2205,mean,251.00420684814452,256.5321350097656,261.63323669433595
bike,dune_bayes,2206,mean,215.8077178955078,221.32617950439453,226.12023162841797
bike,dune_bayes,2207,mean,157.00634002685547,162.13355255126953,167.02940826416014
bike,dune_bayes,2208,mean,185.01372222900392,190.71705627441406,196.18447189331056
bike,dune_bayes,2209,mean,205.40315017700195,211.49612426757812,217.162646484375
bike,dune_bayes,2210,mean,234.41129150390626,240.1340560913086,245.6326820373535
bike,dune_bayes,2211,mean,243.1181312561035,248.75922393798828,254.36507186889648
bike,dune_bayes,2212,mean,257.2289611816406,263.0518341064453,268.1108932495117
bike,dune_bayes,2213,mean,258.3766342163086,264.10963439941406,269.3141830444336
bike,dune_bayes,2214,mean,275.8895721435547,281.7652130126953,286.93677520751953
bike,dune_bayes,2215,mean,224.13259506225586,230.01390838623047,235.4980354309082
bike,dune_bayes,2216,mean,232.25504608154296,237.85863494873047,243.3605209350586
bike,dune_bayes,2217,mean,285.48697357177736,291.4984436035156,296.8800979614258
bike,dune_bayes,2218,mean,307.1692230224609,313.90020751953125,319.289501953125
bike,dune_bayes,2219,mean,222.6127166748047,227.926025390625,232.84903793334962
bike,dune_bayes,2220,mean,228.92848739624023,234.67050170898438,239.76672744750977
bike,dune_bayes,2221,mean,237.0648277282715,242.88436889648438,248.21935424804687
bike,dune_bayes,2222,mean,285.63088073730466,291.6967468261719,297.40079193115236
bike,dune_bayes,2223,mean,276.22109375,282.0570983886719,287.85650024414065
bike,dune_bayes,2224,mean,263.9500961303711,269.68702697753906,275.0213134765625
bike,dune_bayes,2225,mean,212.04377517700195,217.13860321044922,221.59911499023437
bike,dune_bayes,2226,mean,240.10083541870117,245.9020004272461,251.26625137329103
bike,dune_bayes,2227,mean,231.16869888305663,237.20799255371094,242.84689025878905
bike,dune_bayes,2228,mean,166.68097000122071,171.8231658935547,177.04151153564453
bike,dune_bayes,2229,mean,171.56426010131835,176.81065368652344,181.98049240112306
bike,dune_bayes,2230,mean,187.55457153320313,193.10428619384766,197.94468994140624
bike,dune_bayes,2231,mean,185.81645431518555,190.98787689208984,195.63077774047852
bike,dune_bayes,2232,mean,198.98412857055663,204.4375991821289,209.16334533691406
bike,dune_bayes,2233,mean,243.95888137817383,249.42728424072266,254.68381118774414
bike,dune_bayes,2234,mean,256.21658782958986,261.8338623046875,267.44372406005857
bike,dune_bayes,2235,mean,236.38885955810548,242.37720489501953,247.64496994018555
bike,dune_bayes,2236,mean,216.96515350341798,222.73633575439453,227.5829132080078
bike,dune_bayes,2237,mean,159.8730781555176,164.84259033203125,169.37975616455077
bike,dune_bayes,2238,mean,263.07115173339844,268.7074432373047,273.9193130493164
bike,dune_bayes,2239,mean,271.37757110595703,277.2675018310547,282.2426727294922
bike,dune_bayes,2240,mean,163.6316825866699,167.8369903564453,171.64360580444335
bike,dune_bayes,2241,mean,161.6513801574707,166.44241333007812,170.57159576416015
bike,dune_bayes,2242,mean,161.6513801574707,166.44241333007812,170.57159576416015
bike,dune_bayes,2243,mean,179.87126083374022,184.73072814941406,188.89672088623047
bike,dune_bayes,2244,mean,238.8064811706543,243.8451690673828,248.59148101806642
bike,dune_bayes,2245,mean,302.34354400634766,308.6972961425781,314.0893280029297
bike,dune_bayes,2246,mean,302.9142501831055,308.83099365234375,314.19764709472656
bike,dune_bayes,2247,mean,268.3146377563477,273.3143005371094,278.5029098510742
bike,dune_bayes,2248,mean,291.53396759033205,297.03904724121094,302.58827514648436
bike,dune_bayes,2249,mean,197.3937255859375,201.53968048095703,206.11051330566406
bike,dune_bayes,2250,mean,159.77521209716798,164.46661376953125,169.82805099487305
bike,dune_bayes,2251,mean,139.8004623413086,144.8376922607422,150.24304122924804
bike,dune_bayes,2252,mean,207.11741256713867,211.47360229492188,216.36950454711913
bike,dune_bayes,2253,mean,327.1358169555664,333.5299987792969,339.4525146484375
bike,dune_bayes,2254,mean,319.1203186035156,325.48936462402344,331.1454086303711
bike,dune_bayes,2255,mean,275.64183197021487,280.8377990722656,285.89972534179685
bike,dune_bayes,2256,mean,154.76541900634766,159.7372589111328,165.2207389831543
bike,dune_bayes,2257,mean,310.18688812255857,316.3704376220703,321.9127227783203
bike,dune_bayes,2258,mean,304.38096923828124,310.2869567871094,315.7315185546875
bike,dune_bayes,2259,mean,304.2957260131836,310.18687438964844,315.5916915893555
bike,dune_bayes,2260,mean,267.6735610961914,273.2669219970703,278.70379333496095
bike,dune_bayes,2261,mean,264.9489776611328,270.4186096191406,275.5436676025391
bike,dune_bayes,2262,mean,237.34947814941407,242.56103515625,247.5293746948242
bike,dune_bayes,2263,mean,220.35086059570312,225.39078521728516,230.0784309387207
bike,dune_bayes,2264,mean,179.20123901367188,183.74525451660156,187.2248992919922
bike,dune_bayes,2265,mean,133.6740936279297,138.26399993896484,142.57263565063477
bike,dune_bayes,2266,mean,115.71726570129394,120.62499237060547,125.31623039245605
bike,dune_bayes,2267,mean,115.35290298461913,120.28798294067383,124.9058464050293
bike,dune_bayes,2268,mean,113.44211349487304,118.33808898925781,123.01143913269043
bike,dune_bayes,2269,mean,113.44211349487304,118.33808898925781,123.01143913269043
bike,dune_bayes,2270,mean,113.44211349487304,118.33808898925781,123.01143913269043
bike,dune_bayes,2271,mean,98.00553092956542,103.18712997436523,108.11057815551757
bike,dune_bayes,2272,mean,236.55833358764647,241.5797882080078,246.5965835571289
bike,dune_bayes,2273,mean,88.79397697448731,94.17469787597656,99.54770774841307
bike,dune_bayes,2274,mean,276.1601928710937,281.4286804199219,286.64928131103517
bike,dune_bayes,2275,mean,234.46401748657226,239.0018768310547,243.5083351135254
bike,dune_bayes,2276,mean,135.15102157592773,140.08777618408203,145.37482376098632
bike,dune_bayes,2277,mean,293.1661071777344,298.66712951660156,304.38172149658203
bike,dune_bayes,2278,mean,306.37833709716796,312.3661193847656,317.67613372802737
bike,dune_bayes,2279,mean,321.076155090332,327.6525421142578,333.3756759643555
bike,dune_bayes,2280,mean,178.56358108520507,183.3200912475586,188.44885864257813
bike,dune_bayes,2281,mean,120.37243995666503,125.48318099975586,130.6665069580078
bike,dune_bayes,2282,mean,86.14720001220704,91.59169387817383,97.05151748657227
bike,dune_bayes,2283,mean,73.69996490478516,79.63361740112305,85.36815528869629
bike,dune_bayes,2284,mean,73.63434753417968,79.46951293945312,85.2528247833252
bike,dune_bayes,2285,mean,75.71013107299805,81.82610702514648,87.5998764038086
bike,dune_bayes,2286,mean,70.7260871887207,76.45405197143555,82.2174503326416
bike,dune_bayes,2287,mean,75.56753578186036,80.78496551513672,86.10397911071777
bike,dune_bayes,2288,mean,108.29537811279297,113.0367431640625,118.28044395446777
bike,dune_bayes,2289,mean,75.96687126159668,81.90021896362305,87.0988208770752
bike,dune_bayes,2290,mean,94.49158248901367,99.52441024780273,104.42097854614258
bike,dune_bayes,2291,mean,78.5734649658203,83.66033935546875,88.87909355163573
bike,dune_bayes,2292,mean,79.56176795959473,84.73599624633789,90.00709533691406
bike,dune_bayes,2293,mean,100.90127983093262,105.5950698852539,110.44928665161133
bike,dune_bayes,2294,mean,192.98813705444337,198.3641128540039,203.30843658447264
bike,dune_bayes,2295,mean,237.18074798583984,243.10943603515625,248.5964210510254
bike,dune_bayes,2296,mean,257.6129180908203,263.29310607910156,268.95391540527345
bike,dune_bayes,2297,mean,103.60011672973633,108.40850067138672,113.12018165588378
bike,dune_bayes,2298,mean,257.02911071777345,262.4925231933594,267.62758178710936
bike,dune_bayes,2299,mean,269.60096740722656,275.38902282714844,280.7842422485352
bike,dune_bayes,2300,mean,277.85137329101565,283.7179718017578,289.03099365234374
bike,dune_bayes,2301,mean,295.9580703735352,302.0824890136719,307.3089324951172
bike,dune_bayes,2302,mean,199.46753616333007,203.87474822998047,207.84169998168946
bike,dune_bayes,2303,mean,187.82913360595703,191.99901580810547,195.62803955078124
bike,dune_bayes,2304,mean,159.66033325195312,164.65242767333984,169.558683013916
bike,dune_bayes,2305,mean,160.05542373657227,164.9459457397461,169.91129608154296
bike,dune_bayes,2306,mean,198.63710250854493,203.03741455078125,207.42830810546874
bike,dune_bayes,2307,mean,205.28954315185547,210.91638946533203,215.99986877441407
bike,dune_bayes,2308,mean,205.96816177368163,211.8062973022461,217.36370315551758
bike,dune_bayes,2309,mean,234.66109313964844,240.61605834960938,245.82164459228517
bike,dune_bayes,2310,mean,175.3773323059082,180.70126342773438,185.8105438232422
bike,dune_bayes,2311,mean,196.18343811035157,201.75260162353516,206.98950119018554
bike,dune_bayes,2312,mean,190.2621742248535,195.93071746826172,201.04761123657227
bike,dune_bayes,2313,mean,208.48037872314453,214.03705596923828,219.10556564331054
bike,dune_bayes,2314,mean,87.4456413269043,92.84639739990234,97.92187843322753
bike,dune_bayes,2315,mean,77.69595870971679,83.22468185424805,88.43063621520996
bike,dune_bayes,2316,mean,103.40459594726562,108.37075424194336,113.39589385986328
bike,dune_bayes,2317,mean,201.00127410888672,205.65416717529297,210.1678237915039
bike,dune_bayes,2318,mean,267.75071868896487,273.3216094970703,278.5901702880859
bike,dune_bayes,2319,mean,231.970166015625,236.8343505859375,241.5965133666992
bike,dune_bayes,2320,mean,198.89490814208983,204.47335052490234,209.30628128051757
bike,dune_bayes,2321,mean,204.43630676269532,208.4756851196289,212.35710830688475
bike,dune_bayes,2322,mean,215.70135040283202,220.1552505493164,224.25199966430665
bike,dune_bayes,2323,mean,183.59032135009767,187.6112823486328,191.38322219848632
bike,dune_bayes,2324,mean,163.6005973815918,168.31395721435547,172.81397857666016
bike,dune_bayes,2325,mean,185.52675552368163,190.22610473632812,195.41959762573242
bike,dune_bayes,2326,mean,222.88753662109374,227.60047149658203,232.03945770263672
bike,dune_bayes,2327,mean,146.6186721801758,151.8733139038086,157.46530990600587
bike,dune_bayes,2328,mean,160.80670394897462,165.6516876220703,170.5520881652832
bike,dune_bayes,2329,mean,127.73762588500976,132.77099609375,137.753816986084
bike,dune_bayes,2330,mean,108.86272621154785,114.13391494750977,119.0230728149414
bike,dune_bayes,2331,mean,150.42884979248046,155.52471923828125,160.35040893554688
bike,dune_bayes,2332,mean,176.35270309448242,180.93585968017578,185.7035354614258
bike,dune_bayes,2333,mean,182.721337890625,187.701904296875,193.16242065429688
bike,dune_bayes,2334,mean,177.7217025756836,182.56095123291016,187.81495666503906
bike,dune_bayes,2335,mean,249.00051498413086,254.2730255126953,258.74965820312497
bike,dune_bayes,2336,mean,296.63411102294924,302.24755859375,307.7421417236328
bike,dune_bayes,2337,mean,278.9102447509766,284.51324462890625,289.56416473388674
bike,dune_bayes,2338,mean,213.18362884521486,217.4116973876953,222.0879638671875
bike,dune_bayes,2339,mean,132.03997039794922,137.3418426513672,143.2555824279785
bike,dune_bayes,2340,mean,235.9372428894043,240.3684539794922,245.2707946777344
bike,dune_bayes,2341,mean,218.87429580688476,223.3443832397461,228.20313568115233
bike,dune_bayes,2342,mean,140.21559295654296,145.125244140625,150.5604118347168
bike,dune_bayes,2343,mean,158.46112823486328,163.2765655517578,168.58758087158202
bike,dune_bayes,2344,mean,229.21699447631835,233.98263549804688,238.4970603942871
bike,dune_bayes,2345,mean,231.58609848022462,235.94691467285156,240.60716094970704
bike,dune_bayes,2346,mean,144.84897994995117,149.7344207763672,154.52908172607422
bike,dune_bayes,2347,mean,135.15081481933595,140.09192657470703,145.08596649169922
bike,dune_bayes,2348,mean,191.47722396850585,195.5755386352539,199.84002914428712
bike,dune_bayes,2349,mean,256.584326171875,261.5806884765625,266.4783935546875
bike,dune_bayes,2350,mean,232.3978187561035,237.14146423339844,241.83914031982422
bike,dune_bayes,2351,mean,226.06180114746093,230.17139434814453,234.66519012451172
bike,dune_bayes,2352,mean,202.37689514160155,206.89940643310547,211.98331756591796
bike,dune_bayes,2353,mean,214.10228271484374,218.2792739868164,223.1688148498535
bike,dune_bayes,2354,mean,168.78097610473634,173.79619598388672,179.25980758666992
bike,dune_bayes,2355,mean,220.5865447998047,224.53937530517578,229.02010650634764
bike,dune_bayes,2356,mean,259.87256774902346,265.0318603515625,269.8939575195312
bike,dune_bayes,2357,mean,273.4028076171875,278.7435302734375,284.0362152099609
bike,dune_bayes,2358,mean,155.30979080200194,160.3159637451172,165.36927490234376
bike,dune_bayes,2359,mean,146.4974822998047,151.35425567626953,155.87126693725585
bike,dune_bayes,2360,mean,157.73998641967773,162.3632583618164,166.28537139892578
bike,dune_bayes,2361,mean,191.9571548461914,197.10317993164062,201.57420654296874
bike,dune_bayes,2362,mean,254.25906295776366,260.037841796875,265.3554992675781
bike,dune_bayes,2363,mean,259.50641479492185,264.8481903076172,270.1812149047852
bike,dune_bayes,2364,mean,292.4306930541992,297.94590759277344,303.2704879760742
bike,dune_bayes,2365,mean,302.3987411499023,308.5733184814453,313.99398651123045
bike,dune_bayes,2366,mean,270.7054107666016,275.9804229736328,281.0934585571289
bike,dune_bayes,2367,mean,227.90858154296876,232.3400115966797,237.0408477783203
bike,dune_bayes,2368,mean,182.55880966186524,186.66478729248047,191.0995864868164
bike,dune_bayes,2369,mean,175.2402816772461,179.36219787597656,183.7787254333496
bike,dune_bayes,2370,mean,244.33119506835936,248.87166595458984,253.7553268432617
bike,dune_bayes,2371,mean,297.51624450683596,303.1407165527344,308.88499145507814
bike,dune_bayes,2372,mean,260.28345947265626,265.2704315185547,270.2434555053711
bike,dune_bayes,2373,mean,231.24848327636718,235.60089111328125,240.26416091918944
bike,dune_bayes,2374,mean,242.07375564575196,246.52357482910156,251.23220977783203
bike,dune_bayes,2375,mean,160.44882354736328,165.28377532958984,170.1972969055176
bike,dune_bayes,2376,mean,142.17219314575195,147.12701416015625,152.48495712280274
bike,dune_bayes,2377,mean,196.9029556274414,201.30844116210938,206.2899253845215
bike,dune_bayes,2378,mean,149.1823959350586,154.35515594482422,159.6505500793457
bike,dune_bayes,2379,mean,148.09184494018555,153.04833221435547,158.72406005859375
bike,dune_bayes,2380,mean,162.18535461425782,167.18841552734375,172.71198577880858
bike,dune_bayes,2381,mean,202.1527214050293,206.61075592041016,211.56800003051757
bike,dune_bayes,2382,mean,250.05421829223633,255.02650451660156,259.2953628540039
bike,dune_bayes,2383,mean,203.0144470214844,207.49977111816406,212.56126708984374
bike,dune_bayes,2384,mean,155.02485046386718,160.0125274658203,165.77571868896484
bike,dune_bayes,2385,mean,142.10456008911132,147.1665496826172,152.75402221679687
bike,dune_bayes,2386,mean,147.71466903686525,152.74102020263672,158.43564376831054
bike,dune_bayes,2387,mean,134.31613464355468,139.1773910522461,144.87432861328125
bike,dune_bayes,2388,mean,133.77303237915038,138.74490356445312,144.44209213256835
bike,dune_bayes,2389,mean,240.49162902832032,245.43563842773438,249.79507751464843
bike,dune_bayes,2390,mean,295.37992095947266,301.2763366699219,306.8415985107422
bike,dune_bayes,2391,mean,202.1527214050293,206.61075592041016,211.56800003051757
bike,dune_bayes,2392,mean,169.063330078125,174.08927154541016,179.5729202270508
bike,dune_bayes,2393,mean,163.31968307495117,167.56216430664062,171.63412170410157
bike,dune_bayes,2394,mean,140.84356384277345,145.39901733398438,149.92797775268554
bike,dune_bayes,2395,mean,118.87514572143554,123.90851974487305,128.80204010009766
bike,dune_bayes,2396,mean,203.82167739868163,207.81990814208984,211.7752456665039
bike,dune_bayes,2397,mean,292.59094085693357,298.2957458496094,303.6810531616211
bike,dune_bayes,2398,mean,299.62757263183596,305.45135498046875,311.0005615234375
bike,dune_bayes,2399,mean,290.79736785888673,296.3647155761719,301.68240509033205
bike,dune_bayes,2400,mean,240.39017562866212,244.88453674316406,249.71581954956054
bike,dune_bayes,2401,mean,214.04448547363282,218.5676498413086,222.8489196777344
bike,dune_bayes,2402,mean,231.45818481445312,236.4687042236328,241.2909034729004
bike,dune_bayes,2403,mean,187.02047958374024,191.35121154785156,195.1583122253418
bike,dune_bayes,2404,mean,154.56720809936525,158.8904037475586,163.25580673217775
bike,dune_bayes,2405,mean,283.0614929199219,288.6023712158203,294.22326812744143
bike,dune_bayes,2406,mean,314.89952087402344,321.1496124267578,326.80093536376955
bike,dune_bayes,2407,mean,318.2253051757813,324.42686462402344,330.20375671386716
bike,dune_bayes,2408,mean,315.3591369628906,321.4470520019531,327.1068832397461
bike,dune_bayes,2409,mean,218.90026321411133,223.3151626586914,227.3561538696289
bike,dune_bayes,2410,mean,175.55400390625,179.6857681274414,184.00524291992187
bike,dune_bayes,2411,mean,298.39844665527346,304.5061340332031,309.8732177734375
bike,dune_bayes,2412,mean,280.6021011352539,285.7946014404297,290.9542297363281
bike,dune_bayes,2413,mean,157.0125389099121,162.35869598388672,167.7367042541504
bike,dune_bayes,2414,mean,149.76289596557618,154.89260864257812,160.24759979248046
bike,dune_bayes,2415,mean,149.76289596557618,154.89260864257812,160.24759979248046
bike,dune_bayes,2416,mean,149.76289596557618,154.89260864257812,160.24759979248046
bike,dune_bayes,2417,mean,156.34991989135742,161.69831085205078,167.09983825683594
bike,dune_bayes,2418,mean,169.063330078125,174.08927154541016,179.5729202270508
bike,dune_bayes,2419,mean,169.40833206176757,174.34850311279297,179.80081329345703
bike,dune_bayes,2420,mean,206.28797073364257,210.9027328491211,215.37576141357422
bike,dune_bayes,2421,mean,148.57861251831054,153.72018432617188,159.09453659057615
bike,dune_bayes,2422,mean,183.77390899658204,188.4940948486328,193.8708122253418
bike,dune_bayes,2423,mean,175.22471389770507,180.1192626953125,185.58524322509766
bike,dune_bayes,2424,mean,174.3879020690918,179.3541488647461,185.00976333618163
bike,dune_bayes,2425,mean,173.3727798461914,178.5641860961914,184.26277084350585
bike,dune_bayes,2426,mean,160.090584564209,165.33026885986328,171.13594970703124
bike,dune_bayes,2427,mean,161.91568145751953,166.93785858154297,172.55031814575196
bike,dune_bayes,2428,mean,195.84579772949218,200.37146759033203,205.2801383972168
bike,dune_bayes,2429,mean,224.4406394958496,228.87738037109375,233.1934745788574
bike,dune_bayes,2430,mean,174.3879020690918,179.3541488647461,185.00976333618163
bike,dune_bayes,2431,mean,167.33674850463868,172.32129669189453,177.99374389648438
bike,dune_bayes,2432,mean,167.33674850463868,172.32129669189453,177.99374389648438
bike,dune_bayes,2433,mean,167.90940704345704,173.03412628173828,178.52647094726564
bike,dune_bayes,2434,mean,197.82357482910157,202.58018493652344,208.22115936279297
bike,dune_bayes,2435,mean,197.51511154174804,202.32538604736328,207.86793060302733
bike,dune_bayes,2436,mean,258.3600616455078,263.30177307128906,267.7796997070312
bike,dune_bayes,2437,mean,256.036238861084,260.87196350097656,265.40099182128904
bike,dune_bayes,2438,mean,203.5188117980957,208.3543243408203,213.32927627563475
bike,dune_bayes,2439,mean,179.90384674072266,185.10540008544922,190.60144424438477
bike,dune_bayes,2440,mean,171.00263900756835,176.3958282470703,182.14293365478517
bike,dune_bayes,2441,mean,197.5954689025879,202.47521209716797,208.0576499938965
bike,dune_bayes,2442,mean,212.39776000976562,217.3040008544922,222.66864624023438
bike,dune_bayes,2443,mean,204.24041366577148,208.7351303100586,213.965811920166
bike,dune_bayes,2444,mean,174.77501220703124,179.82424926757812,185.33278427124023
bike,dune_bayes,2445,mean,166.9801773071289,172.25492095947266,178.0507667541504
bike,dune_bayes,2446,mean,290.3918914794922,295.9875946044922,301.3991180419922
bike,dune_bayes,2447,mean,297.77657928466795,303.49920654296875,309.0846939086914
bike,dune_bayes,2448,mean,219.22026824951172,223.81561279296875,228.72813873291017
bike,dune_bayes,2449,mean,174.09247283935548,179.1337890625,184.8267738342285
bike,dune_bayes,2450,mean,177.47629089355468,182.2154769897461,187.5953742980957
bike,dune_bayes,2451,mean,195.45675735473634,199.95352935791016,205.19634399414062
bike,dune_bayes,2452,mean,256.7330490112305,261.9348907470703,266.6723358154297
bike,dune_bayes,2453,mean,260.8986389160156,265.7564697265625,270.6131866455078
bike,dune_bayes,2454,mean,285.23575286865236,290.41734313964844,295.79840087890625
bike,dune_bayes,2455,mean,246.22254333496093,251.02333068847656,255.85642318725584
bike,dune_bayes,2456,mean,229.8698944091797,234.7338104248047,239.80742263793945
bike,dune_bayes,2457,mean,296.86316375732423,302.4810485839844,307.941471862793
bike,dune_bayes,2458,mean,304.052067565918,309.7506103515625,315.4721206665039
bike,dune_bayes,2459,mean,310.642106628418,316.42845153808594,322.27270965576173
bike,dune_bayes,2460,mean,164.19756469726562,169.4388656616211,174.8492561340332
bike,dune_bayes,2461,mean,167.14222412109376,172.17179107666016,177.96343307495118
bike,dune_bayes,2462,mean,159.41815414428712,164.9092254638672,170.94406433105468
bike,dune_bayes,2463,mean,172.39191284179688,177.6604995727539,183.3222869873047
bike,dune_bayes,2464,mean,207.63684539794923,211.84634399414062,216.4418601989746
bike,dune_bayes,2465,mean,269.70288848876953,275.36073303222656,280.030256652832
bike,dune_bayes,2466,mean,292.45947723388673,298.3865203857422,303.7082763671875
bike,dune_bayes,2467,mean,208.290779876709,212.22049713134766,216.11528778076172
bike,dune_bayes,2468,mean,217.06292877197265,221.60930633544922,226.3101593017578
bike,dune_bayes,2469,mean,211.83188095092774,216.43816375732422,221.09655151367187
bike,dune_bayes,2470,mean,304.41490325927737,310.3088073730469,316.26103057861326
bike,dune_bayes,2471,mean,309.1404327392578,315.1305236816406,320.48948669433594
bike,dune_bayes,2472,mean,314.42956695556643,320.43267822265625,326.0381576538086
bike,dune_bayes,2473,mean,322.35717010498047,328.5400695800781,333.9893035888672
bike,dune_bayes,2474,mean,321.2082717895508,327.3140869140625,333.02640533447266
bike,dune_bayes,2475,mean,290.17075500488284,295.7699890136719,301.1907958984375
bike,dune_bayes,2476,mean,274.0060638427734,279.4107971191406,284.5755813598633
bike,dune_bayes,2477,mean,249.85750579833984,254.79368591308594,259.7573776245117
bike,dune_bayes,2478,mean,290.6835342407227,296.47247314453125,301.7420288085938
bike,dune_bayes,2479,mean,288.77489318847654,294.5993347167969,299.7954330444336
bike,dune_bayes,2480,mean,274.1700714111328,279.7640838623047,285.29691619873046
bike,dune_bayes,2481,mean,202.64094161987305,206.76921844482422,210.8144973754883
bike,dune_bayes,2482,mean,265.1077026367187,270.3085479736328,275.3538543701172
bike,dune_bayes,2483,mean,276.84842376708986,282.2973175048828,287.6691207885742
bike,dune_bayes,2484,mean,303.0960632324219,309.1264190673828,314.55606231689455
bike,dune_bayes,2485,mean,306.10441131591796,312.4249572753906,318.1829315185547
bike,dune_bayes,2486,mean,308.8130218505859,314.9488983154297,320.30971374511716
bike,dune_bayes,2487,mean,174.33434677124023,178.62191772460938,182.85457916259764
bike,dune_bayes,2488,mean,278.35003051757815,283.5961151123047,288.9589019775391
bike,dune_bayes,2489,mean,288.1027603149414,293.8184814453125,299.5794952392578
bike,dune_bayes,2490,mean,240.01996688842775,244.4548568725586,249.22625122070312
bike,dune_bayes,2491,mean,137.51918869018556,142.30624389648438,147.01237030029296
bike,dune_bayes,2492,mean,265.39814910888674,270.54176330566406,275.5859771728516
bike,dune_bayes,2493,mean,219.50365447998047,224.04157257080078,228.0350326538086
bike,dune_bayes,2494,mean,174.33434677124023,178.62191772460938,182.85457916259764
bike,dune_bayes,2495,mean,118.87514572143554,123.90851974487305,128.80204010009766
bike,dune_bayes,2496,mean,155.1241027832031,159.7722396850586,164.23644561767577
bike,dune_bayes,2497,mean,214.99026107788086,219.10318756103516,223.17115936279296
bike,dune_bayes,2498,mean,287.9051284790039,294.10516357421875,299.82294311523435
bike,dune_bayes,2499,mean,170.67324295043946,175.22028350830078,179.6144836425781
bike,dune_bayes,2500,mean,151.34696273803712,156.30528259277344,161.01389083862304
bike,dune_bayes,2501,mean,150.42884979248046,155.52471923828125,160.35040893554688
bike,dune_bayes,2502,mean,151.7415023803711,156.7454071044922,161.53653259277343
bike,dune_bayes,2503,mean,152.05534744262695,157.058837890625,161.94561843872071
bike,dune_bayes,2504,mean,126.35739822387696,131.29932403564453,136.39522857666014
bike,dune_bayes,2505,mean,309.7663772583008,315.7228240966797,321.2450469970703
bike,dune_bayes,2506,mean,313.3309783935547,319.40867614746094,324.9734649658203
bike,dune_bayes,2507,mean,207.81008224487306,211.8241195678711,215.64852447509764
bike,dune_bayes,2508,mean,163.79885330200196,168.46416473388672,172.9545913696289
bike,dune_bayes,2509,mean,221.86414184570313,226.04046630859375,230.34550018310546
bike,dune_bayes,2510,mean,307.70314331054686,313.6470642089844,319.47828216552733
bike,dune_bayes,2511,mean,323.9735580444336,330.19334411621094,336.05271911621094
bike,dune_bayes,2512,mean,325.0383026123047,331.17767333984375,336.91473388671875
bike,dune_bayes,2513,mean,325.13921508789065,331.3014221191406,337.071142578125
bike,dune_bayes,2514,mean,294.3852111816406,300.3274688720703,305.73909454345704
bike,dune_bayes,2515,mean,208.7305824279785,212.88993072509766,217.30157318115235
bike,dune_bayes,2516,mean,277.8411361694336,283.3520812988281,288.5604705810547
bike,dune_bayes,2517,mean,335.72089233398435,342.33697509765625,348.0155090332031
bike,dune_bayes,2518,mean,335.25804138183594,341.67665100097656,347.34417419433595
bike,dune_bayes,2519,mean,317.7462219238281,323.86109924316406,329.2237854003906
bike,dune_bayes,2520,mean,259.21279296875,264.3365020751953,269.03908386230466
bike,dune_bayes,2521,mean,200.43845977783204,204.84310913085938,210.09262619018554
bike,dune_bayes,2522,mean,309.8155151367188,315.67669677734375,321.2632064819336
bike,dune_bayes,2523,mean,250.7933204650879,255.66290283203125,260.3149932861328
bike,dune_bayes,2524,mean,262.5315185546875,267.6212615966797,272.5011077880859
bike,dune_bayes,2525,mean,204.33501815795898,208.9781265258789,214.0369415283203
bike,dune_bayes,2526,mean,189.51277770996094,194.21707153320312,199.52502212524413
bike,dune_bayes,2527,mean,203.87178802490234,208.6596221923828,213.6702880859375
bike,dune_bayes,2528,mean,238.0916664123535,242.7492446899414,247.19488449096679
bike,dune_bayes,2529,mean,264.0231399536133,269.2960205078125,273.81117248535156
bike,dune_bayes,2530,mean,260.5783493041992,265.77178955078125,270.4775115966797
bike,dune_bayes,2531,mean,260.5783493041992,265.77178955078125,270.4775115966797
bike,dune_bayes,2532,mean,161.91568145751953,166.93785858154297,172.55031814575196
bike,dune_bayes,2533,mean,171.1926254272461,176.4772186279297,182.44747467041014
bike,dune_bayes,2534,mean,169.40833206176757,174.34850311279297,179.80081329345703
bike,dune_bayes,2535,mean,215.71367645263672,220.20144653320312,225.76778335571288
bike,dune_bayes,2536,mean,282.77488403320314,288.04962158203125,293.5097351074219
bike,dune_bayes,2537,mean,230.24701309204102,234.60708618164062,239.27847213745116
bike,dune_bayes,2538,mean,231.07586593627929,235.23609161376953,239.91029205322266
bike,dune_bayes,2539,mean,225.82785034179688,229.87936401367188,234.35151748657225
bike,dune_bayes,2540,mean,207.23321762084962,211.54653930664062,216.19291000366212
bike,dune_bayes,2541,mean,154.84522171020507,159.88159942626953,165.3313980102539
bike,dune_bayes,2542,mean,147.97285385131835,152.9243392944336,158.19248733520507
bike,dune_bayes,2543,mean,273.4028076171875,278.7435302734375,284.0362152099609
bike,dune_bayes,2544,mean,292.42086029052734,298.1376953125,303.65734100341797
bike,dune_bayes,2545,mean,306.4282745361328,312.3633728027344,317.77660064697267
bike,dune_bayes,2546,mean,309.1404327392578,315.1305236816406,320.48948669433594
bike,dune_bayes,2547,mean,272.2821380615234,277.80885314941406,283.00827941894534
bike,dune_bayes,2548,mean,233.56589126586914,237.975830078125,242.48227005004884
bike,dune_bayes,2549,mean,182.17225494384766,186.37567138671875,190.79411697387695
bike,dune_bayes,2550,mean,227.47429885864258,231.92816162109375,236.5108741760254
bike,dune_bayes,2551,mean,274.3861557006836,279.8086700439453,284.9500244140625
bike,dune_bayes,2552,mean,311.4872299194336,317.68946838378906,323.17835998535156
bike,dune_bayes,2553,mean,255.87473373413087,260.8150939941406,265.9801391601562
bike,dune_bayes,2554,mean,194.4836296081543,198.41796875,202.67774658203126
bike,dune_bayes,2555,mean,163.24858169555665,167.6415786743164,172.4708267211914
bike,dune_bayes,2556,mean,259.9169982910156,264.9807891845703,269.93651428222654
bike,dune_bayes,2557,mean,249.4439895629883,254.19444274902344,259.1362808227539
bike,dune_bayes,2558,mean,260.28345947265626,265.2704315185547,270.2434555053711
bike,dune_bayes,2559,mean,160.05542373657227,164.9459457397461,169.91129608154296
bike,dune_bayes,2560,mean,198.0933853149414,202.21688842773438,206.79054794311523
bike,dune_bayes,2561,mean,201.66989364624024,205.8246612548828,210.29180679321288
bike,dune_bayes,2562,mean,195.84579772949218,200.37146759033203,205.2801383972168
bike,dune_bayes,2563,mean,196.31711502075194,200.67391967773438,205.6095016479492
bike,dune_bayes,2564,mean,177.7217025756836,182.56095123291016,187.81495666503906
bike,dune_bayes,2565,mean,269.43992919921874,275.0043182373047,279.38683319091797
bike,dune_bayes,2566,mean,284.60572509765626,290.17210388183594,295.06773071289064
bike,dune_bayes,2567,mean,285.18699645996094,290.78074645996094,295.77257537841797
bike,dune_bayes,2568,mean,202.27632675170898,207.07875061035156,212.58091201782227
bike,dune_bayes,2569,mean,185.08850326538087,190.0764389038086,195.87492065429686
bike,dune_bayes,2570,mean,171.38042297363282,176.49766540527344,182.47896881103514
bike,dune_bayes,2571,mean,205.38172149658203,210.3248748779297,216.0423126220703
bike,dune_bayes,2572,mean,214.7109359741211,219.98204803466797,225.31827850341796
bike,dune_bayes,2573,mean,192.34971618652344,197.34561157226562,203.17800827026366
bike,dune_bayes,2574,mean,284.60572509765626,290.17210388183594,295.06773071289064
bike,dune_bayes,2575,mean,336.69114685058594,342.58592224121094,348.5350067138672
bike,dune_bayes,2576,mean,321.76819763183596,327.4893798828125,333.14169921875
bike,dune_bayes,2577,mean,316.6173629760742,322.3381042480469,327.86409149169924
bike,dune_bayes,2578,mean,220.88116302490235,225.67745208740234,231.32142028808593
bike,dune_bayes,2579,mean,240.69127349853517,245.6954574584961,250.71631774902343
bike,dune_bayes,2580,mean,270.95741577148436,276.1511535644531,280.8240707397461
bike,dune_bayes,2581,mean,194.1640968322754,198.88226318359375,204.4729263305664
bike,dune_bayes,2582,mean,179.2530876159668,184.26464080810547,189.9848777770996
bike,dune_bayes,2583,mean,222.1313262939453,226.8270721435547,231.5489601135254
bike,dune_bayes,2584,mean,330.5887420654297,336.76332092285156,342.3238494873047
bike,dune_bayes,2585,mean,310.8312255859375,316.842529296875,322.3577056884766
bike,dune_bayes,2586,mean,295.6209228515625,301.54669189453125,307.0888977050781
bike,dune_bayes,2587,mean,276.74214630126954,282.4907531738281,287.82887573242186
bike,dune_bayes,2588,mean,272.6348373413086,278.33245849609375,283.5839569091797
bike,dune_bayes,2589,mean,310.10390319824216,315.955810546875,321.49578857421875
bike,dune_bayes,2590,mean,336.28590240478513,342.6043395996094,348.402033996582
bike,dune_bayes,2591,mean,330.92612915039064,337.2898864746094,342.9548080444336
bike,dune_bayes,2592,mean,326.76314239501954,333.08319091796875,338.56678771972656
bike,dune_bayes,2593,mean,239.27098541259767,243.74610900878906,248.3022705078125
bike,dune_bayes,2594,mean,223.4501045227051,227.7024154663086,232.65960617065429
bike,dune_bayes,2595,mean,204.33501815795898,208.9781265258789,214.0369415283203
bike,dune_bayes,2596,mean,313.35668487548827,319.14422607421875,324.9489410400391
bike,dune_bayes,2597,mean,284.43426513671875,290.0418395996094,295.1727920532227
bike,dune_bayes,2598,mean,327.9086486816406,334.2457275390625,340.0753677368164
bike,dune_bayes,2599,mean,292.31626586914064,297.8173065185547,303.3466339111328
bike,dune_bayes,2600,mean,284.4610656738281,290.067138671875,295.68043823242186
bike,dune_bayes,2601,mean,320.7892547607422,326.94618225097656,332.7426284790039
bike,dune_bayes,2602,mean,245.27776870727538,250.27738189697266,255.01280975341797
bike,dune_bayes,2603,mean,272.29317779541014,277.5729675292969,282.81024780273435
bike,dune_bayes,2604,mean,325.13921508789065,331.3014221191406,337.071142578125
bike,dune_bayes,2605,mean,334.1487213134766,340.41021728515625,346.51996154785155
bike,dune_bayes,2606,mean,337.8380599975586,344.1707458496094,350.2666748046875
bike,dune_bayes,2607,mean,337.4235809326172,343.7491455078125,349.78665313720705
bike,dune_bayes,2608,mean,271.5306991577148,276.8572235107422,281.8723205566406
bike,dune_bayes,2609,mean,327.71706237792966,333.81036376953125,339.45460357666013
bike,dune_bayes,2610,mean,326.9630554199219,332.9271240234375,338.61817932128906
bike,dune_bayes,2611,mean,286.9753753662109,292.6990661621094,297.73058013916017
bike,dune_bayes,2612,mean,293.03613128662107,298.7491760253906,304.22140350341795
bike,dune_bayes,2613,mean,264.0231399536133,269.2960205078125,273.81117248535156
bike,dune_bayes,2614,mean,274.98045806884767,280.69793701171875,285.3812713623047
bike,dune_bayes,2615,mean,278.8649429321289,284.46714782714844,289.22784118652345
bike,dune_bayes,2616,mean,324.4497894287109,330.16162109375,335.9764373779297
bike,dune_bayes,2617,mean,339.6384552001953,345.58099365234375,351.60507049560545
bike,dune_bayes,2618,mean,171.12870254516602,176.70579528808594,182.4288948059082
bike,dune_bayes,2619,mean,171.12870254516602,176.70579528808594,182.4288948059082
bike,dune_bayes,2620,mean,336.52179565429685,342.87652587890625,348.7339263916016
bike,dune_bayes,2621,mean,328.90408782958986,334.8995056152344,341.09384765625
bike,dune_bayes,2622,mean,195.78763809204102,200.75131225585938,206.98426971435546
bike,dune_bayes,2623,mean,196.33288345336913,201.21521759033203,206.94337615966796
bike,dune_bayes,2624,mean,200.31968536376954,205.28854370117188,211.12871551513672
bike,dune_bayes,2625,mean,331.1546401977539,337.0713806152344,342.78941955566404
bike,dune_bayes,2626,mean,343.5271026611328,349.8249969482422,355.80476531982424
bike,dune_bayes,2627,mean,321.36485900878904,327.2881774902344,333.022151184082
bike,dune_bayes,2628,mean,277.271923828125,283.1139221191406,288.3889129638672
bike,dune_bayes,2629,mean,335.8134567260742,342.070068359375,348.03017578125
bike,dune_bayes,2630,mean,330.84359283447264,336.9744415283203,342.7101745605469
bike,dune_bayes,2631,mean,308.87215118408204,314.6501770019531,320.1873718261719
bike,dune_bayes,2632,mean,265.3718658447266,270.98707580566406,275.37461853027344
bike,dune_bayes,2633,mean,334.65899353027345,340.79052734375,346.7380798339844
bike,dune_bayes,2634,mean,326.0797119140625,332.0811767578125,337.87704010009764
bike,dune_bayes,2635,mean,196.11732025146483,201.06729125976562,206.87232055664063
bike,dune_bayes,2636,mean,208.23338088989257,213.0686264038086,218.38531036376952
bike,dune_bayes,2637,mean,338.2719192504883,344.5589599609375,350.5873031616211
bike,dune_bayes,2638,mean,334.54107360839845,340.2853240966797,346.2733947753906
bike,dune_bayes,2639,mean,308.8890548706055,314.51304626464844,319.95272369384764
bike,dune_bayes,2640,mean,315.0432159423828,320.82115173339844,326.44288177490233
bike,dune_bayes,2641,mean,337.4579360961914,343.69041442871094,349.61085205078126
bike,dune_bayes,2642,mean,331.8934814453125,337.8581085205078,343.70091552734374
bike,dune_bayes,2643,mean,262.27417907714846,267.13677978515625,271.99599609375
bike,dune_bayes,2644,mean,276.3190521240234,281.52313232421875,286.5999481201172
bike,dune_bayes,2645,mean,342.500390625,348.6221618652344,354.55775756835936
bike,dune_bayes,2646,mean,340.4077423095703,346.31402587890625,352.47606201171874
bike,dune_bayes,2647,mean,285.3249771118164,290.5965881347656,295.75500030517577
bike,dune_bayes,2648,mean,335.2125701904297,340.9474334716797,346.7688903808594
bike,dune_bayes,2649,mean,232.14783477783203,237.01392364501953,242.36204147338867
bike,dune_bayes,2650,mean,276.7461441040039,282.3202362060547,287.2269760131836
bike,dune_bayes,2651,mean,262.96983947753904,268.3204650878906,272.90297241210936
bike,dune_bayes,2652,mean,212.3082702636719,217.08629608154297,222.49727554321288
bike,dune_bayes,2653,mean,306.4744537353516,312.1461944580078,317.62806243896483
bike,dune_bayes,2654,mean,321.77630004882815,327.5775146484375,333.3875274658203
bike,dune_bayes,2655,mean,297.47943420410155,303.12347412109375,308.5469741821289
bike,dune_bayes,2656,mean,213.79703903198242,218.377197265625,223.6468650817871
bike,dune_bayes,2657,mean,181.49346542358398,186.36436462402344,191.84263916015624
bike,dune_bayes,2658,mean,170.32929458618165,175.78211212158203,181.7361618041992
bike,dune_bayes,2659,mean,171.95428466796875,177.05865478515625,182.78386688232422
bike,dune_bayes,2660,mean,171.95428466796875,177.05865478515625,182.78386688232422
bike,dune_bayes,2661,mean,170.32929458618165,175.78211212158203,181.7361618041992
bike,dune_bayes,2662,mean,269.9430587768555,275.2939758300781,279.77754669189454
bike,dune_bayes,2663,mean,327.94615325927737,334.2127380371094,339.73374938964844
bike,dune_bayes,2664,mean,317.63905181884763,323.7089385986328,329.33902435302736
bike,dune_bayes,2665,mean,262.96983947753904,268.3204650878906,272.90297241210936
bike,dune_bayes,2666,mean,293.5337371826172,299.1348876953125,304.58594970703126
bike,dune_bayes,2667,mean,302.32232666015625,308.10308837890625,313.7901138305664
bike,dune_bayes,2668,mean,271.5306991577148,276.8572235107422,281.8723205566406
bike,dune_bayes,2669,mean,241.39086303710937,246.17035675048828,250.4956314086914
bike,dune_bayes,2670,mean,244.93603134155273,250.09378814697266,254.51455535888672
bike,dune_bayes,2671,mean,269.70288848876953,275.36073303222656,280.030256652832
bike,dune_bayes,2672,mean,269.70288848876953,275.36073303222656,280.030256652832
bike,dune_bayes,2673,mean,281.30271606445314,287.05162048339844,292.0043029785156
bike,dune_bayes,2674,mean,286.49415130615233,292.083740234375,297.22474365234376
bike,dune_bayes,2675,mean,288.48744049072263,294.1658172607422,299.5515533447266
bike,dune_bayes,2676,mean,240.93033599853516,245.60967254638672,250.1982307434082
bike,dune_bayes,2677,mean,206.43288497924806,211.91594696044922,217.15955200195313
bike,dune_bayes,2678,mean,180.98102188110352,186.2747039794922,192.33256988525392
bike,dune_bayes,2679,mean,203.16268081665038,208.31106567382812,214.2834487915039
bike,dune_bayes,2680,mean,320.1084014892578,325.79136657714844,331.5513214111328
bike,dune_bayes,2681,mean,196.5747863769531,201.8131332397461,207.73066635131835
bike,dune_bayes,2682,mean,204.2500442504883,209.10384368896484,215.07563552856445
bike,dune_bayes,2683,mean,204.67312927246093,209.52318572998047,215.40231704711914
bike,dune_bayes,2684,mean,196.91700973510743,201.8003921508789,207.4425506591797
bike,dune_bayes,2685,mean,241.77837371826172,246.57774353027344,251.38384323120118
bike,dune_bayes,2686,mean,258.0155776977539,263.00514221191406,267.4469223022461
bike,dune_bayes,2687,mean,305.35057525634767,311.0023193359375,316.4948043823242
bike,dune_bayes,2688,mean,248.79896697998046,253.5417022705078,258.8070236206055
bike,dune_bayes,2689,mean,228.78452835083007,233.81942749023438,239.1474594116211
bike,dune_bayes,2690,mean,308.7205978393555,314.5924987792969,320.1049346923828
bike,dune_bayes,2691,mean,270.3819107055664,275.6512451171875,280.10422973632814
bike,dune_bayes,2692,mean,260.1321273803711,265.3086700439453,269.6009353637695
bike,dune_bayes,2693,mean,336.1374816894531,342.29681396484375,348.3152603149414
bike,dune_bayes,2694,mean,227.66445846557616,232.32691192626953,237.40427932739257
bike,dune_bayes,2695,mean,238.74999465942383,243.38973236083984,248.22345733642578
bike,dune_bayes,2696,mean,308.2348068237305,313.9035949707031,319.31697235107424
bike,dune_bayes,2697,mean,307.79070434570315,313.4646301269531,318.91551818847654
bike,dune_bayes,2698,mean,178.1171775817871,183.4662857055664,189.20624618530272
bike,dune_bayes,2699,mean,176.3227684020996,181.62708282470703,187.64203262329102
bike,dune_bayes,2700,mean,177.29047393798828,182.4181137084961,188.2025077819824
bike,dune_bayes,2701,mean,202.0772331237793,206.7617645263672,212.41904067993164
bike,dune_bayes,2702,mean,179.10185623168945,184.76879119873047,190.72044448852537
bike,dune_bayes,2703,mean,181.8936004638672,187.01856994628906,192.48755493164063
bike,dune_bayes,2704,mean,175.50556106567382,180.4623565673828,185.9160011291504
bike,dune_bayes,2705,mean,176.31206436157225,181.31402587890625,186.76436614990234
bike,dune_bayes,2706,mean,175.25531158447265,180.37623596191406,185.80670166015625
bike,dune_bayes,2707,mean,155.6256851196289,160.9779510498047,166.62861404418945
bike,dune_bayes,2708,mean,160.94843368530275,166.2301788330078,172.03289794921875
bike,dune_bayes,2709,mean,160.35807266235352,165.6084747314453,171.60314712524413
bike,dune_bayes,2710,mean,187.48168182373047,192.5523681640625,198.2961441040039
bike,dune_bayes,2711,mean,215.24764099121094,219.86996459960938,224.97634887695312
bike,dune_bayes,2712,mean,222.11612701416016,226.84837341308594,231.94083938598632
bike,dune_bayes,2713,mean,237.62711181640626,242.42491149902344,247.14571685791014
bike,dune_bayes,2714,mean,237.62711181640626,242.42491149902344,247.14571685791014
bike,dune_bayes,2715,mean,241.62615432739258,246.6026611328125,251.42266998291015
bike,dune_bayes,2716,mean,200.50284881591796,205.43607330322266,211.27214736938475
bike,dune_bayes,2717,mean,171.52053146362306,176.75445556640625,182.59780578613282
bike,dune_bayes,2718,mean,180.97459564208984,186.24811553955078,192.32079544067383
bike,dune_bayes,2719,mean,269.94813232421876,275.28358459472656,279.7468063354492
bike,dune_bayes,2720,mean,294.3985595703125,300.04736328125,305.0520584106445
bike,dune_bayes,2721,mean,307.87083435058594,313.541015625,319.0250473022461
bike,dune_bayes,2722,mean,258.3600616455078,263.30177307128906,267.7796997070312
bike,dune_bayes,2723,mean,231.04059906005858,235.7806396484375,240.93299713134766
bike,dune_bayes,2724,mean,292.59105987548827,298.2713317871094,303.26564636230466
bike,dune_bayes,2725,mean,285.58062744140625,291.22511291503906,296.22154693603517
bike,dune_bayes,2726,mean,293.9383270263672,299.71031188964844,305.0336685180664
bike,dune_bayes,2727,mean,247.54837951660156,252.28904724121094,256.7309005737305
bike,dune_bayes,2728,mean,225.82785034179688,229.87936401367188,234.35151748657225
bike,dune_bayes,2729,mean,318.23812713623045,324.4958953857422,330.4734741210937
bike,dune_bayes,2730,mean,323.9435211181641,330.1866455078125,335.891618347168
bike,dune_bayes,2731,mean,325.68297119140624,331.8975830078125,338.0311019897461
bike,dune_bayes,2732,mean,204.67008590698242,209.26628875732422,214.29492874145507
bike,dune_bayes,2733,mean,231.40343475341797,236.13361358642578,241.20023727416992
bike,dune_bayes,2734,mean,286.81171264648435,292.28282165527344,297.2858184814453
bike,dune_bayes,2735,mean,200.15662536621093,205.24990844726562,210.99247131347656
bike,dune_bayes,2736,mean,306.82737884521487,312.6605987548828,318.24290924072267
bike,dune_bayes,2737,mean,306.02373046875,311.6172790527344,317.26829528808594
bike,dune_bayes,2738,mean,309.8551712036133,315.3879089355469,321.0989532470703
bike,dune_bayes,2739,mean,311.9696960449219,317.4497833251953,323.2123138427734
bike,dune_bayes,2740,mean,269.1565933227539,274.7131652832031,279.1850875854492
bike,dune_bayes,2741,mean,243.80021591186522,248.8502426147461,253.8450500488281
bike,dune_bayes,2742,mean,324.8891006469727,330.5400390625,336.38346099853516
bike,dune_bayes,2743,mean,217.57191772460936,222.185546875,226.89938201904297
bike,dune_bayes,2744,mean,279.0561126708984,284.24769592285156,289.47094879150393
bike,dune_bayes,2745,mean,299.7002975463867,305.26885986328125,311.0393569946289
bike,dune_bayes,2746,mean,315.78887634277345,321.71649169921875,327.34779968261716
bike,dune_bayes,2747,mean,278.44706268310546,283.62474060058594,288.79075622558594
bike,dune_bayes,2748,mean,226.15262756347656,230.9965362548828,236.029541015625
bike,dune_bayes,2749,mean,222.11612701416016,226.84837341308594,231.94083938598632
bike,dune_bayes,2750,mean,212.11288528442384,216.90508270263672,222.35411834716797
bike,dune_bayes,2751,mean,206.94782028198242,212.0188446044922,217.29802169799805
bike,dune_bayes,2752,mean,184.06564712524414,189.326904296875,195.2100082397461
bike,dune_bayes,2753,mean,281.2939712524414,287.09051513671875,291.67327880859375
bike,dune_bayes,2754,mean,272.4641174316406,277.8428955078125,282.9385620117188
bike,dune_bayes,2755,mean,213.79703903198242,218.377197265625,223.6468650817871
bike,dune_bayes,2756,mean,185.67489166259764,190.49916076660156,196.24957885742188
bike,dune_bayes,2757,mean,268.4672149658203,274.1014404296875,278.5297027587891
bike,dune_bayes,2758,mean,257.66576995849607,262.7018127441406,267.04735870361327
bike,dune_bayes,2759,mean,280.0587554931641,285.689453125,290.64538726806643
bike,dune_bayes,2760,mean,189.89398117065429,194.5178680419922,199.8209228515625
bike,dune_bayes,2761,mean,238.24869918823242,242.98218536376953,247.69515304565428
bike,dune_bayes,2762,mean,200.15662536621093,205.24990844726562,210.99247131347656
bike,dune_bayes,2763,mean,321.0409362792969,326.9048767089844,332.604638671875
bike,dune_bayes,2764,mean,226.88020782470704,231.65206146240234,236.74077911376952
bike,dune_bayes,2765,mean,292.69781799316405,298.34764099121094,303.4830062866211
bike,dune_bayes,2766,mean,304.993669128418,310.7735290527344,316.1140625
bike,dune_bayes,2767,mean,249.06768188476562,253.9203643798828,258.52097473144534
bike,dune_bayes,2768,mean,208.70605926513673,213.8064193725586,219.43101196289064
bike,dune_bayes,2769,mean,195.78763809204102,200.75131225585938,206.98426971435546
bike,dune_bayes,2770,mean,205.23970718383788,210.172119140625,215.9140251159668
bike,dune_bayes,2771,mean,224.88022003173828,229.65511322021484,234.8530586242676
bike,dune_bayes,2772,mean,310.62948150634764,316.42588806152344,322.2221740722656
bike,dune_bayes,2773,mean,322.45532073974607,328.30133056640625,334.1199676513672
bike,dune_bayes,2774,mean,296.090104675293,301.5633239746094,307.1308792114258
bike,dune_bayes,2775,mean,216.8316291809082,221.74481964111328,226.8860870361328
bike,dune_bayes,2776,mean,324.94329223632815,330.99949645996094,337.2700469970703
bike,dune_bayes,2777,mean,204.45355682373048,209.23088836669922,215.18290481567382
bike,dune_bayes,2778,mean,205.38172149658203,210.3248748779297,216.0423126220703
bike,dune_bayes,2779,mean,306.8011016845703,312.5894775390625,318.3380462646484
bike,dune_bayes,2780,mean,192.78446197509766,197.76795959472656,203.59659729003906
bike,dune_bayes,2781,mean,230.33677444458007,235.10992431640625,240.29768829345704
bike,dune_bayes,2782,mean,258.0155776977539,263.00514221191406,267.4469223022461
bike,dune_bayes,2783,mean,230.33677444458007,235.10992431640625,240.29768829345704
bike,dune_bayes,2784,mean,216.0086814880371,220.8544158935547,226.49987182617187
bike,dune_bayes,2785,mean,191.4718215942383,196.5782012939453,202.56577835083007
bike,dune_bayes,2786,mean,191.4718215942383,196.5782012939453,202.56577835083007
bike,dune_bayes,2787,mean,193.05243225097655,198.05779266357422,203.93169860839845
bike,dune_bayes,2788,mean,243.80021591186522,248.8502426147461,253.8450500488281
bike,dune_bayes,2789,mean,290.6491302490234,296.4480285644531,301.37059020996094
bike,dune_bayes,2790,mean,314.6486572265625,320.4814147949219,325.90932006835936
bike,dune_bayes,2791,mean,300.92223663330077,306.4908447265625,312.0126358032227
bike,dune_bayes,2792,mean,281.6382598876953,287.33470153808594,292.10336151123045
bike,dune_bayes,2793,mean,242.98465957641602,247.54729461669922,252.27983169555665
bike,dune_bayes,2794,mean,181.46267013549806,186.69671630859375,192.67344512939454
bike,dune_bayes,2795,mean,329.3231170654297,335.1953125,341.067431640625
bike,dune_bayes,2796,mean,218.59682540893556,222.7457275390625,227.56715927124023
bike,dune_bayes,2797,mean,237.53615798950196,242.296630859375,246.78577041625977
bike,dune_bayes,2798,mean,213.10370712280275,217.7457046508789,223.05830993652344
bike,dune_bayes,2799,mean,194.02138671875,199.4049835205078,205.0427230834961
bike,dune_bayes,2800,mean,170.32929458618165,175.78211212158203,181.7361618041992
bike,dune_bayes,2801,mean,272.0067825317383,277.45030212402344,282.2396697998047
bike,dune_bayes,2802,mean,179.2530876159668,184.26464080810547,189.9848777770996
bike,dune_bayes,2803,mean,178.32424926757812,184.00836944580078,189.77128067016602
bike,dune_bayes,2804,mean,176.29700927734376,181.7719955444336,187.6489044189453
bike,dune_bayes,2805,mean,194.41453857421874,199.2584686279297,204.74950256347657
bike,dune_bayes,2806,mean,237.03674545288087,241.48609924316406,246.22364654541016
bike,dune_bayes,2807,mean,223.7933334350586,228.24610137939453,232.7773864746094
bike,dune_bayes,2808,mean,278.55322265625,283.94110107421875,289.09000396728516
bike,dune_bayes,2809,mean,310.10390319824216,315.955810546875,321.49578857421875
bike,dune_bayes,2810,mean,244.07248153686524,249.26012420654297,253.89512405395507
bike,dune_bayes,2811,mean,229.04026565551757,233.60346221923828,237.93997192382812
bike,dune_bayes,2812,mean,212.052335357666,216.56403350830078,221.16815948486328
bike,dune_bayes,2813,mean,282.18311462402346,287.90293884277344,292.84461517333983
bike,dune_bayes,2814,mean,324.6717330932617,330.79107666015625,336.5119995117187
bike,dune_bayes,2815,mean,288.13206481933594,293.9014129638672,299.0983154296875
bike,dune_bayes,2816,mean,255.76445465087892,260.51649475097656,264.9474899291992
bike,dune_bayes,2817,mean,213.79703903198242,218.377197265625,223.6468650817871
bike,dune_bayes,2818,mean,309.0531311035156,314.73423767089844,320.29447174072266
bike,dune_bayes,2819,mean,255.76445465087892,260.51649475097656,264.9474899291992
bike,dune_bayes,2820,mean,251.27553024291993,256.098388671875,260.4917556762695
bike,dune_bayes,2821,mean,251.98833694458008,256.7375793457031,261.1649993896484
bike,dune_bayes,2822,mean,297.47943420410155,303.12347412109375,308.5469741821289
bike,dune_bayes,2823,mean,287.19638977050784,292.6291809082031,297.9214172363281
bike,dune_bayes,2824,mean,199.85540237426758,204.6847686767578,209.83478622436525
bike,dune_bayes,2825,mean,197.2122314453125,201.64151000976562,206.6283271789551
bike,dune_bayes,2826,mean,327.94615325927737,334.2127380371094,339.73374938964844
bike,dune_bayes,2827,mean,326.2026824951172,332.39581298828125,338.14111175537107
bike,dune_bayes,2828,mean,320.2423583984375,326.3709716796875,332.3556243896484
bike,dune_bayes,2829,mean,310.3768646240234,316.28846740722656,322.00542907714845
bike,dune_bayes,2830,mean,184.32658996582032,188.9243392944336,194.27493286132812
bike,dune_bayes,2831,mean,277.7749877929688,283.55296325683594,288.72722778320315
bike,dune_bayes,2832,mean,181.49346542358398,186.36436462402344,191.84263916015624
bike,dune_bayes,2833,mean,180.56952972412108,185.67865753173828,191.16766967773438
bike,dune_bayes,2834,mean,307.63622589111327,313.5579376220703,319.0853302001953
bike,dune_bayes,2835,mean,315.2526428222656,321.3633270263672,326.7025482177734
bike,dune_bayes,2836,mean,315.54671478271484,321.7456359863281,327.0426818847656
bike,dune_bayes,2837,mean,291.7787811279297,297.3079833984375,302.800048828125
bike,dune_bayes,2838,mean,219.7983154296875,224.47440338134766,229.80666122436523
bike,dune_bayes,2839,mean,201.32339935302736,205.7917938232422,211.01547241210938
bike,dune_bayes,2840,mean,161.2820083618164,166.28480529785156,171.7942283630371
bike,dune_bayes,2841,mean,178.0854248046875,182.85993194580078,188.11170806884766
bike,dune_bayes,2842,mean,210.7598503112793,215.623046875,220.35291595458983
bike,dune_bayes,2843,mean,211.83188095092774,216.43816375732422,221.09655151367187
bike,dune_bayes,2844,mean,275.2802368164063,280.70127868652344,285.51861572265625
bike,dune_bayes,2845,mean,276.175146484375,281.6957092285156,286.6632369995117
bike,dune_bayes,2846,mean,185.02321701049806,189.5904998779297,194.89272079467773
bike,dune_bayes,2847,mean,167.25963668823243,172.41429901123047,178.16336517333986
bike,dune_bayes,2848,mean,156.34991989135742,161.69831085205078,167.09983825683594
bike,dune_bayes,2849,mean,177.7217025756836,182.56095123291016,187.81495666503906
bike,dune_bayes,2850,mean,178.0854248046875,182.85993194580078,188.11170806884766
bike,dune_bayes,2851,mean,306.2785400390625,312.3948669433594,318.28755645751954
bike,dune_bayes,2852,mean,313.6012878417969,319.7308807373047,325.73473358154297
bike,dune_bayes,2853,mean,287.6883773803711,293.28224182128906,298.58252868652346
bike,dune_bayes,2854,mean,275.7951232910156,281.354248046875,286.38789520263674
bike,dune_bayes,2855,mean,199.85540237426758,204.6847686767578,209.83478622436525
bike,dune_bayes,2856,mean,199.85540237426758,204.6847686767578,209.83478622436525
bike,dune_bayes,2857,mean,182.721337890625,187.701904296875,193.16242065429688
bike,dune_bayes,2858,mean,232.43196487426758,237.36505126953125,241.96124877929688
bike,dune_bayes,2859,mean,202.40596542358398,207.37883758544922,212.46454696655272
bike,dune_bayes,2860,mean,199.85540237426758,204.6847686767578,209.83478622436525
bike,dune_bayes,2861,mean,188.2299346923828,193.3237075805664,198.80932846069337
bike,dune_bayes,2862,mean,173.3727798461914,178.5641860961914,184.26277084350585
bike,dune_bayes,2863,mean,174.3879020690918,179.3541488647461,185.00976333618163
bike,dune_bayes,2864,mean,203.32317657470702,208.16692352294922,213.1697883605957
bike,dune_bayes,2865,mean,294.21619873046876,299.7508850097656,305.2693801879883
bike,dune_bayes,2866,mean,215.7647735595703,220.65516662597656,225.5007339477539
bike,dune_bayes,2867,mean,173.3727798461914,178.5641860961914,184.26277084350585
bike,dune_bayes,2868,mean,188.2299346923828,193.3237075805664,198.80932846069337
bike,dune_bayes,2869,mean,287.19638977050784,292.6291809082031,297.9214172363281
bike,dune_bayes,2870,mean,239.27098541259767,243.74610900878906,248.3022705078125
bike,dune_bayes,2871,mean,216.23700790405275,220.72686767578125,225.65740280151368
bike,dune_bayes,2872,mean,216.36107864379883,220.90096282958984,225.77813720703125
bike,dune_bayes,2873,mean,201.0228416442871,205.49707794189453,210.74339904785157
bike,dune_bayes,2874,mean,204.48618240356444,209.04867553710938,214.20164184570314
bike,dune_bayes,2875,mean,284.41100311279297,289.8650817871094,295.11021881103517
bike,dune_bayes,2876,mean,171.47984313964844,177.00072479248047,182.68142013549806
bike,dune_bayes,2877,mean,168.41663970947266,173.59922790527344,179.29600524902344
bike,dune_bayes,2878,mean,171.47984313964844,177.00072479248047,182.68142013549806
bike,dune_bayes,2879,mean,217.71798782348634,222.6664581298828,228.01673278808593
bike,dune_bayes,2880,mean,170.66317977905274,175.8331298828125,181.7320243835449
bike,dune_bayes,2881,mean,179.6117691040039,184.78667449951172,190.32943267822264
bike,dune_bayes,2882,mean,173.6192512512207,178.7090606689453,184.42074127197264
bike,dune_bayes,2883,mean,173.3727798461914,178.5641860961914,184.26277084350585
bike,dune_bayes,2884,mean,173.3727798461914,178.5641860961914,184.26277084350585
bike,dune_bayes,2885,mean,185.21227264404297,190.19410705566406,195.9288475036621
bike,dune_bayes,2886,mean,256.036238861084,260.87196350097656,265.40099182128904
bike,dune_bayes,2887,mean,315.4103012084961,321.1962432861328,326.96649169921875
bike,dune_bayes,2888,mean,289.2478729248047,295.06597900390625,300.316960144043
bike,dune_bayes,2889,mean,223.7593200683594,228.42894744873047,232.67631912231445
bike,dune_bayes,2890,mean,290.05333251953124,295.6719512939453,300.95912475585936
bike,dune_bayes,2891,mean,309.33592376708987,315.5124816894531,321.38969268798826
bike,dune_bayes,2892,mean,310.3768646240234,316.28846740722656,322.00542907714845
bike,dune_bayes,2893,mean,314.99778442382814,320.976806640625,326.6476287841797
bike,dune_bayes,2894,mean,262.14547576904295,267.4930725097656,272.3440460205078
bike,dune_bayes,2895,mean,210.7598503112793,215.623046875,220.35291595458983
bike,dune_bayes,2896,mean,222.88753662109374,227.60047149658203,232.03945770263672
bike,dune_bayes,2897,mean,194.39019927978515,199.17376708984375,204.06414031982422
bike,dune_bayes,2898,mean,194.39019927978515,199.17376708984375,204.06414031982422
bike,dune_bayes,2899,mean,258.19020080566406,263.74314880371094,268.1201232910156
bike,dune_bayes,2900,mean,296.26099548339846,301.892333984375,307.33733825683595
bike,dune_bayes,2901,mean,267.28045349121095,272.48138427734375,276.9819808959961
bike,dune_bayes,2902,mean,190.48790435791017,195.46302032470703,201.19487075805665
bike,dune_bayes,2903,mean,176.9781982421875,182.1326446533203,188.02758178710937
bike,dune_bayes,2904,mean,172.14544525146485,177.33618927001953,183.0424362182617
bike,dune_bayes,2905,mean,211.04760055541993,216.1805648803711,221.52171478271484
bike,dune_bayes,2906,mean,257.0322692871094,262.35118103027344,266.5703140258789
bike,dune_bayes,2907,mean,341.9460678100586,348.1138610839844,354.2965850830078
bike,dune_bayes,2908,mean,334.4372894287109,340.5952453613281,346.5192443847656
bike,dune_bayes,2909,mean,222.84313888549804,227.51500701904297,232.37527084350586
bike,dune_bayes,2910,mean,292.2151473999023,297.99009704589844,303.3674575805664
bike,dune_bayes,2911,mean,292.2151473999023,297.99009704589844,303.3674575805664
bike,dune_bayes,2912,mean,169.65063400268554,174.925537109375,181.0308624267578
bike,dune_bayes,2913,mean,170.38153076171875,175.55169677734375,181.7616859436035
bike,dune_bayes,2914,mean,180.48790740966797,185.47441864013672,191.69206008911132
bike,dune_bayes,2915,mean,190.7434226989746,195.78824615478516,202.0128547668457
bike,dune_bayes,2916,mean,203.16268081665038,208.31106567382812,214.2834487915039
bike,dune_bayes,2917,mean,215.13338241577148,220.03856658935547,225.4455596923828
bike,dune_bayes,2918,mean,192.15681381225585,197.35675811767578,203.36041793823242
bike,dune_bayes,2919,mean,169.41293411254884,174.6687469482422,181.10707473754883
bike,dune_bayes,2920,mean,175.90444717407226,181.00341033935547,186.99102935791015
bike,dune_bayes,2921,mean,191.68732223510742,196.74827575683594,202.7768539428711
bike,dune_bayes,2922,mean,230.6333915710449,235.38452911376953,240.43706665039062
bike,dune_bayes,2923,mean,175.43093643188476,180.88135528564453,187.0190658569336
bike,dune_bayes,2924,mean,181.16179504394532,186.40988159179688,192.3913604736328
bike,dune_bayes,2925,mean,231.95968170166014,236.73487091064453,241.74319915771486
bike,dune_bayes,2926,mean,203.20530319213867,208.01434326171875,213.57427062988282
bike,dune_bayes,2927,mean,235.94021224975586,240.7449951171875,246.08963317871093
bike,dune_bayes,2928,mean,282.96580963134767,288.7909851074219,293.3164825439453
bike,dune_bayes,2929,mean,203.8536460876465,209.07516479492188,214.87025451660156
bike,dune_bayes,2930,mean,192.34971618652344,197.34561157226562,203.17800827026366
bike,dune_bayes,2931,mean,171.52053146362306,176.75445556640625,182.59780578613282
bike,dune_bayes,2932,mean,231.7702438354492,236.43011474609375,241.4491050720215
bike,dune_bayes,2933,mean,167.33674850463868,172.32129669189453,177.99374389648438
bike,dune_bayes,2934,mean,174.3879020690918,179.3541488647461,185.00976333618163
bike,dune_bayes,2935,mean,166.05572586059571,171.41411590576172,177.20797424316405
bike,dune_bayes,2936,mean,167.33674850463868,172.32129669189453,177.99374389648438
bike,dune_bayes,2937,mean,273.5651290893555,278.823974609375,283.299072265625
bike,dune_bayes,2938,mean,273.5651290893555,278.823974609375,283.299072265625
bike,dune_bayes,2939,mean,259.47526092529296,264.4196472167969,269.03052978515626
bike,dune_bayes,2940,mean,178.1171775817871,183.4662857055664,189.20624618530272
bike,dune_bayes,2941,mean,177.5914566040039,182.9232635498047,188.62860565185548
bike,dune_bayes,2942,mean,171.44285354614257,176.95685577392578,182.81884460449217
bike,dune_bayes,2943,mean,202.50119171142578,207.83003997802734,213.10549392700196
bike,dune_bayes,2944,mean,286.5967987060547,292.01580810546875,297.3952972412109
bike,dune_bayes,2945,mean,148.37454833984376,153.70706176757812,159.3760025024414
bike,dune_bayes,2946,mean,153.6768371582031,158.9368896484375,164.8258560180664
bike,dune_bayes,2947,mean,169.2920997619629,173.9129409790039,178.86215515136718
bike,dune_bayes,2948,mean,152.55293807983398,157.35900115966797,162.5421569824219
bike,dune_bayes,2949,mean,295.6716278076172,301.7068786621094,307.2382553100586
bike,dune_bayes,2950,mean,305.18392181396484,311.318603515625,316.5918884277344
bike,dune_bayes,2951,mean,265.38744659423827,270.5896301269531,275.76304016113284
bike,dune_bayes,2952,mean,208.97374725341797,212.8799057006836,216.98360748291014
bike,dune_bayes,2953,mean,210.35956726074218,214.5225372314453,219.00929336547853
bike,dune_bayes,2954,mean,282.8711791992188,288.3035125732422,293.81128082275393
bike,dune_bayes,2955,mean,298.9620330810547,304.61834716796875,310.1143829345703
bike,dune_bayes,2956,mean,301.5825927734375,307.31626892089844,313.0008972167969
bike,dune_bayes,2957,mean,289.7969436645508,295.2981414794922,300.7631210327148
bike,dune_bayes,2958,mean,276.08912658691406,281.4682922363281,286.68075408935545
bike,dune_bayes,2959,mean,156.14337387084962,160.79285430908203,165.25680236816407
bike,dune_bayes,2960,mean,257.14224700927736,262.48463439941406,267.73717041015624
bike,dune_bayes,2961,mean,282.65955810546876,288.5187530517578,294.1797805786133
bike,dune_bayes,2962,mean,303.80868377685545,310.01734924316406,315.6261642456055
bike,dune_bayes,2963,mean,313.9957611083984,320.21534729003906,325.8159210205078
bike,dune_bayes,2964,mean,280.4543960571289,285.93572998046875,291.25272369384766
bike,dune_bayes,2965,mean,234.27264556884765,238.73139190673828,243.1381408691406
bike,dune_bayes,2966,mean,202.43080291748046,206.6510467529297,210.70184173583985
bike,dune_bayes,2967,mean,163.79885330200196,168.46416473388672,172.9545913696289
bike,dune_bayes,2968,mean,155.97936477661133,160.61548614501953,165.1121612548828
bike,dune_bayes,2969,mean,155.97936477661133,160.61548614501953,165.1121612548828
bike,dune_bayes,2970,mean,216.22160949707032,220.45184326171875,224.6486618041992
bike,dune_bayes,2971,mean,304.99591369628905,311.01194763183594,316.3754455566406
bike,dune_bayes,2972,mean,236.3403533935547,241.0914764404297,245.36498107910157
bike,dune_bayes,2973,mean,301.8708526611328,307.6778259277344,313.01940155029297
bike,dune_bayes,2974,mean,218.6684326171875,223.03868103027344,227.23245544433593
bike,dune_bayes,2975,mean,175.76950073242188,180.4670639038086,185.19590911865234
bike,dune_bayes,2976,mean,175.76950073242188,180.4670639038086,185.19590911865234
bike,dune_bayes,2977,mean,174.84611968994142,179.68389129638672,184.4419044494629
bike,dune_bayes,2978,mean,139.33966598510742,144.5616683959961,150.07268142700195
bike,dune_bayes,2979,mean,232.43196487426758,237.36505126953125,241.96124877929688
bike,dune_bayes,2980,mean,296.2131881713867,301.9018249511719,307.4817581176758
bike,dune_bayes,2981,mean,281.30271606445314,287.05162048339844,292.0043029785156
bike,dune_bayes,2982,mean,296.79665222167966,302.53285217285156,308.06451416015625
bike,dune_bayes,2983,mean,281.4240493774414,287.2368469238281,292.60540161132815
bike,dune_bayes,2984,mean,291.42171783447264,297.24513244628906,302.5788848876953
bike,dune_bayes,2985,mean,206.13032989501954,210.302978515625,214.62320785522462
bike,dune_bayes,2986,mean,193.6359962463379,197.6803207397461,202.0308967590332
bike,dune_bayes,2987,mean,154.4899787902832,158.86929321289062,163.8702835083008
bike,dune_bayes,2988,mean,195.50640029907225,199.2725067138672,203.41763458251953
bike,dune_bayes,2989,mean,285.28407897949216,290.53955078125,295.7598403930664
bike,dune_bayes,2990,mean,262.0789398193359,267.0843505859375,272.0483337402344
bike,dune_bayes,2991,mean,163.6005973815918,168.31395721435547,172.81397857666016
bike,dune_bayes,2992,mean,225.82785034179688,229.87936401367188,234.35151748657225
bike,dune_bayes,2993,mean,176.07091217041017,181.03977966308594,186.49020385742188
bike,dune_bayes,2994,mean,173.65404510498047,178.9740982055664,184.69940795898438
bike,dune_bayes,2995,mean,174.37471084594728,179.82925415039062,185.8814826965332
bike,dune_bayes,2996,mean,200.62960357666014,206.103759765625,211.72749710083008
bike,dune_bayes,2997,mean,162.94247817993164,168.28616333007812,173.83282928466795
bike,dune_bayes,2998,mean,162.11663131713868,167.26380920410156,172.84163360595704
bike,dune_bayes,2999,mean,197.35327911376953,201.58480834960938,205.75021057128905
bike,dune_bayes,3000,mean,192.4656768798828,196.59496307373047,200.3607292175293
bike,dune_bayes,3001,mean,177.75857162475586,182.0810089111328,186.1845458984375
bike,dune_bayes,3002,mean,192.4656768798828,196.59496307373047,200.3607292175293
bike,dune_bayes,3003,mean,209.4620132446289,213.49935913085938,217.65397109985352
bike,dune_bayes,3004,mean,258.1781890869141,263.4587097167969,268.5224273681641
bike,dune_bayes,3005,mean,162.74778594970704,167.06494140625,171.29388046264648
bike,dune_bayes,3006,mean,274.70130615234376,280.21571350097656,285.4273345947266
bike,dune_bayes,3007,mean,203.63534851074218,207.58350372314453,211.7187828063965
bike,dune_bayes,3008,mean,162.76279220581054,167.43765258789062,172.07372512817383
bike,dune_bayes,3009,mean,255.09926071166993,259.94142150878906,264.82416381835935
bike,dune_bayes,3010,mean,272.947087097168,278.36439514160156,283.25721282958983
bike,dune_bayes,3011,mean,272.18348541259763,277.5054016113281,282.51895904541016
bike,dune_bayes,3012,mean,207.63684539794923,211.84634399414062,216.4418601989746
bike,dune_bayes,3013,mean,190.542041015625,194.9252166748047,199.8064178466797
bike,dune_bayes,3014,mean,156.6111633300781,161.5383529663086,167.11639862060548
bike,dune_bayes,3015,mean,156.28475112915038,161.30560302734375,166.87122268676757
bike,dune_bayes,3016,mean,275.85028686523435,281.1628112792969,286.0995376586914
bike,dune_bayes,3017,mean,249.85176010131835,254.426513671875,259.44022064208986
bike,dune_bayes,3018,mean,233.2091827392578,238.20121002197266,242.99393844604492
bike,dune_bayes,3019,mean,201.02741775512695,205.9641571044922,210.32993011474608
bike,dune_bayes,3020,mean,252.25140533447265,257.4144592285156,262.34935607910154
bike,dune_bayes,3021,mean,243.66156539916992,248.90609741210938,253.91083831787108
bike,dune_bayes,3022,mean,166.82750396728517,171.11823272705078,174.85431671142578
bike,dune_bayes,3023,mean,259.14159240722654,264.49562072753906,269.82043609619143
bike,dune_bayes,3024,mean,114.32948303222656,119.18254852294922,123.76506690979004
bike,dune_bayes,3025,mean,278.35003051757815,283.5961151123047,288.9589019775391
bike,dune_bayes,3026,mean,275.8140930175781,281.0703582763672,286.36863861083987
bike,dune_bayes,3027,mean,242.47491455078125,246.98352813720703,251.79817886352538
bike,dune_bayes,3028,mean,242.71859817504884,247.24195098876953,252.1051300048828
bike,dune_bayes,3029,mean,178.12575912475586,182.6509552001953,187.27518157958986
bike,dune_bayes,3030,mean,271.5306991577148,276.8572235107422,281.8723205566406
bike,dune_bayes,3031,mean,179.44253005981446,184.1915512084961,189.40998306274415
bike,dune_bayes,3032,mean,177.55061264038085,182.3839111328125,187.69175491333007
bike,dune_bayes,3033,mean,218.59682540893556,222.7457275390625,227.56715927124023
bike,dune_bayes,3034,mean,176.5045066833496,181.48917388916016,186.88387222290038
bike,dune_bayes,3035,mean,162.94247817993164,168.28616333007812,173.83282928466795
bike,dune_bayes,3036,mean,174.55148849487304,179.47699737548828,185.08523406982422
bike,dune_bayes,3037,mean,272.56754302978516,277.8168029785156,282.8517272949219
bike,dune_bayes,3038,mean,264.32130279541013,269.45021057128906,274.4707458496094
bike,dune_bayes,3039,mean,263.65909271240236,268.7395935058594,273.6829177856445
bike,dune_bayes,3040,mean,249.48367919921876,254.463623046875,259.0729095458984
bike,dune_bayes,3041,mean,203.52032318115235,207.80257415771484,211.73649291992186
bike,dune_bayes,3042,mean,183.30037155151368,187.6129913330078,191.48311920166014
bike,dune_bayes,3043,mean,280.8656723022461,286.49024963378906,291.7122528076172
bike,dune_bayes,3044,mean,275.83862152099607,281.49122619628906,286.70459747314453
bike,dune_bayes,3045,mean,271.1980712890625,276.5440368652344,281.7359848022461
bike,dune_bayes,3046,mean,193.98115921020508,198.1039047241211,202.1366180419922
bike,dune_bayes,3047,mean,132.52149353027343,137.26809692382812,141.90989837646484
bike,dune_bayes,3048,mean,121.37069664001464,126.29761123657227,130.89384918212892
bike,dune_bayes,3049,mean,218.68466796875,223.18047332763672,227.54728164672852
bike,dune_bayes,3050,mean,168.93163146972657,173.7115020751953,178.2773811340332
bike,dune_bayes,3051,mean,157.9143295288086,163.0233917236328,167.98315963745117
bike,dune_bayes,3052,mean,154.76541900634766,159.7372589111328,165.2207389831543
bike,dune_bayes,3053,mean,155.16583557128905,160.2162628173828,165.60840301513673
bike,dune_bayes,3054,mean,167.67455444335937,172.66087341308594,178.23267517089843
bike,dune_bayes,3055,mean,222.7602996826172,227.55323791503906,232.547998046875
bike,dune_bayes,3056,mean,236.77082061767578,241.61505126953125,246.30223999023437
bike,dune_bayes,3057,mean,202.40596542358398,207.37883758544922,212.46454696655272
bike,dune_bayes,3058,mean,170.32929458618165,175.78211212158203,181.7361618041992
bike,dune_bayes,3059,mean,185.67489166259764,190.49916076660156,196.24957885742188
bike,dune_bayes,3060,mean,276.5452941894531,282.01918029785156,286.8937255859375
bike,dune_bayes,3061,mean,223.99727249145508,228.58045196533203,232.91255416870118
bike,dune_bayes,3062,mean,205.32626342773438,210.1151123046875,214.60472946166993
bike,dune_bayes,3063,mean,274.31139678955077,279.9239807128906,285.185530090332
bike,dune_bayes,3064,mean,150.42884979248046,155.52471923828125,160.35040893554688
bike,dune_bayes,3065,mean,202.05130844116212,206.0977783203125,210.61715240478514
bike,dune_bayes,3066,mean,159.77521209716798,164.46661376953125,169.82805099487305
bike,dune_bayes,3067,mean,155.1854148864746,160.22051239013672,165.78908157348633
bike,dune_bayes,3068,mean,207.83309936523438,212.0975112915039,216.98134994506836
bike,dune_bayes,3069,mean,266.90407409667966,272.42784118652344,277.6835083007812
bike,dune_bayes,3070,mean,239.76734619140626,244.7715072631836,249.99459686279297
bike,dune_bayes,3071,mean,179.962166595459,184.23927307128906,187.94432525634767
bike,dune_bayes,3072,mean,127.38161201477051,132.0550308227539,136.8094055175781
bike,dune_bayes,3073,mean,98.54328880310058,103.65044403076172,108.75734481811523
bike,dune_bayes,3074,mean,98.24692153930664,103.36295700073242,108.3947940826416
bike,dune_bayes,3075,mean,97.11198081970215,102.4439697265625,107.40066757202148
bike,dune_bayes,3076,mean,97.52524223327637,102.74025344848633,107.66191329956054
bike,dune_bayes,3077,mean,83.30123596191406,88.77701568603516,93.89030761718749
bike,dune_bayes,3078,mean,124.63746643066406,129.26654815673828,133.83710403442382
bike,dune_bayes,3079,mean,145.17530975341796,149.62835693359375,153.78406295776367
bike,dune_bayes,3080,mean,110.84929275512695,115.80170059204102,120.81153717041016
bike,dune_bayes,3081,mean,80.09942665100098,85.24482727050781,90.56113243103027
bike,dune_bayes,3082,mean,191.77338180541992,195.55657196044922,199.43988342285155
bike,dune_bayes,3083,mean,136.08989868164062,140.95674896240234,145.71490631103515
bike,dune_bayes,3084,mean,144.43415908813478,149.3695526123047,154.23801040649414
bike,dune_bayes,3085,mean,243.98553619384765,248.95459747314453,254.00701980590821
bike,dune_bayes,3086,mean,235.7005355834961,240.79037475585938,246.13339691162108
bike,dune_bayes,3087,mean,198.98412857055663,204.4375991821289,209.16334533691406
bike,dune_bayes,3088,mean,249.98129272460938,255.52484893798828,260.6150207519531
bike,dune_bayes,3089,mean,256.54791259765625,262.0260314941406,267.0878692626953
bike,dune_bayes,3090,mean,244.9031219482422,250.21183013916016,255.28423385620115
bike,dune_bayes,3091,mean,157.32315521240236,161.51806640625,165.3087936401367
bike,dune_bayes,3092,mean,137.1097038269043,141.8371810913086,146.07329940795898
bike,dune_bayes,3093,mean,87.8351863861084,93.1234130859375,98.12499084472655
bike,dune_bayes,3094,mean,254.08799514770507,259.75474548339844,265.0121612548828
bike,dune_bayes,3095,mean,268.5624465942383,274.11268615722656,279.72489776611326
bike,dune_bayes,3096,mean,224.60435180664064,230.32107543945312,235.53554992675782
bike,dune_bayes,3097,mean,215.68714981079103,221.41539764404297,226.50957260131835
bike,dune_bayes,3098,mean,229.74060592651367,235.05745697021484,240.20856399536132
bike,dune_bayes,3099,mean,240.5471420288086,246.06309509277344,251.2651496887207
bike,dune_bayes,3100,mean,245.04680480957032,250.22203063964844,255.4135269165039
bike,dune_bayes,3101,mean,226.73498306274413,232.0853042602539,237.17015075683594
bike,dune_bayes,3102,mean,162.37696685791016,167.08108520507812,171.35201263427734
bike,dune_bayes,3103,mean,121.63992767333984,126.3875617980957,131.2225212097168
bike,dune_bayes,3104,mean,220.05022048950195,224.4618377685547,228.8331443786621
bike,dune_bayes,3105,mean,295.23791046142577,301.1699523925781,306.4705093383789
bike,dune_bayes,3106,mean,203.07842559814452,207.19747924804688,211.49208221435546
bike,dune_bayes,3107,mean,177.63864822387694,182.123779296875,186.81974868774415
bike,dune_bayes,3108,mean,177.63864822387694,182.123779296875,186.81974868774415
bike,dune_bayes,3109,mean,204.08999481201172,208.19641876220703,212.3558662414551
bike,dune_bayes,3110,mean,159.31003112792968,164.29908752441406,169.16522903442382
bike,dune_bayes,3111,mean,197.52581787109375,201.75952911376953,205.6721534729004
bike,dune_bayes,3112,mean,148.2972640991211,152.74358367919922,156.88781661987304
bike,dune_bayes,3113,mean,140.89326171875,145.44886016845703,149.5100524902344
bike,dune_bayes,3114,mean,240.99866333007813,245.87960815429688,251.09919281005858
bike,dune_bayes,3115,mean,236.74753646850587,241.8869857788086,246.80705947875975
bike,dune_bayes,3116,mean,166.82750396728517,171.11823272705078,174.85431671142578
bike,dune_bayes,3117,mean,113.44211349487304,118.33808898925781,123.01143913269043
bike,dune_bayes,3118,mean,219.71064682006835,224.20193481445312,228.1906768798828
bike,dune_bayes,3119,mean,119.96194190979004,124.85614013671875,129.79092254638672
bike,dune_bayes,3120,mean,104.03070297241212,109.03208923339844,114.07365570068359
bike,dune_bayes,3121,mean,120.4570743560791,125.47694778442383,130.52329711914064
bike,dune_bayes,3122,mean,144.43415908813478,149.3695526123047,154.23801040649414
bike,dune_bayes,3123,mean,176.48893661499022,180.82708740234375,184.8261260986328
bike,dune_bayes,3124,mean,228.40254592895508,232.70836639404297,237.1109588623047
bike,dune_bayes,3125,mean,264.0686264038086,269.2681427001953,274.1395721435547
bike,dune_bayes,3126,mean,229.26875,233.62289428710938,238.1039695739746
bike,dune_bayes,3127,mean,192.26616516113282,196.28038787841797,200.6513542175293
bike,dune_bayes,3128,mean,155.55230178833008,160.6974334716797,166.2889144897461
bike,dune_bayes,3129,mean,243.4276382446289,248.02438354492188,252.6852912902832
bike,dune_bayes,3130,mean,142.7879196166992,147.77780151367188,152.5935516357422
bike,dune_bayes,3131,mean,143.66764450073242,148.5959243774414,153.35871963500978
bike,dune_bayes,3132,mean,109.97480125427246,115.05199813842773,120.00833625793457
bike,dune_bayes,3133,mean,96.24740295410156,101.42035293579102,106.61802024841309
bike,dune_bayes,3134,mean,256.50658264160154,262.1175079345703,267.2579681396484
bike,dune_bayes,3135,mean,167.25986709594727,171.78289031982422,175.89113235473633
bike,dune_bayes,3136,mean,149.8337615966797,154.31915283203125,158.40208206176757
bike,dune_bayes,3137,mean,110.65146598815917,115.4119758605957,120.25119018554688
bike,dune_bayes,3138,mean,148.12798995971679,152.75320434570312,156.9490592956543
bike,dune_bayes,3139,mean,225.9341163635254,230.92577362060547,235.74441146850586
bike,dune_bayes,3140,mean,266.58486328125,272.2259826660156,277.58377838134766
bike,dune_bayes,3141,mean,167.72476654052736,171.97984313964844,175.60198745727538
bike,dune_bayes,3142,mean,206.38117370605468,210.82837677001953,214.93133087158202
bike,dune_bayes,3143,mean,274.08788299560547,279.63685607910156,285.385237121582
bike,dune_bayes,3144,mean,290.71734008789065,296.14601135253906,301.73152618408204
bike,dune_bayes,3145,mean,195.2546859741211,199.3170166015625,203.28557510375975
bike,dune_bayes,3146,mean,195.66823501586913,199.8756103515625,203.49647903442383
bike,dune_bayes,3147,mean,102.99851303100586,107.97366333007812,113.0302059173584
bike,dune_bayes,3148,mean,121.21232376098632,126.16744232177734,130.69018783569337
bike,dune_bayes,3149,mean,140.84356384277345,145.39901733398438,149.92797775268554
bike,dune_bayes,3150,mean,206.80486297607422,211.08773803710938,215.12168197631837
bike,dune_bayes,3151,mean,296.08543701171874,301.6348571777344,306.96800994873047
bike,dune_bayes,3152,mean,209.7257049560547,213.86898803710938,218.23767318725587
bike,dune_bayes,3153,mean,190.078702545166,194.34646606445312,198.78698425292967
bike,dune_bayes,3154,mean,143.66764450073242,148.5959243774414,153.35871963500978
bike,dune_bayes,3155,mean,143.66764450073242,148.5959243774414,153.35871963500978
bike,dune_bayes,3156,mean,132.92022094726562,138.2314224243164,143.36046600341797
bike,dune_bayes,3157,mean,126.53872795104981,131.44595336914062,136.5312828063965
bike,dune_bayes,3158,mean,140.115323638916,145.1272430419922,150.27742462158204
bike,dune_bayes,3159,mean,260.9934829711914,266.5942077636719,271.369694519043
bike,dune_bayes,3160,mean,320.76929779052733,326.8911590576172,332.52277221679685
bike,dune_bayes,3161,mean,301.4857437133789,307.5884704589844,313.193994140625
bike,dune_bayes,3162,mean,215.92754516601562,220.09770965576172,224.3849349975586
bike,dune_bayes,3163,mean,133.69573898315429,138.5330810546875,143.96228485107423
bike,dune_bayes,3164,mean,141.24248504638672,146.24602508544922,151.29921188354493
bike,dune_bayes,3165,mean,219.18216857910156,223.33809661865234,227.60952606201172
bike,dune_bayes,3166,mean,201.26484451293945,205.46534729003906,210.14617004394532
bike,dune_bayes,3167,mean,133.3021385192871,138.2007064819336,143.5804214477539
bike,dune_bayes,3168,mean,132.8916976928711,137.87999725341797,143.31120223999022
bike,dune_bayes,3169,mean,140.40009765625,145.3866729736328,150.96206817626953
bike,dune_bayes,3170,mean,164.87024612426757,169.7651596069336,174.91513061523438
bike,dune_bayes,3171,mean,148.31653213500977,153.28144073486328,158.4589874267578
bike,dune_bayes,3172,mean,125.28382263183593,130.16051483154297,135.64038467407227
bike,dune_bayes,3173,mean,125.28382263183593,130.16051483154297,135.64038467407227
bike,dune_bayes,3174,mean,144.8480094909668,149.6074447631836,154.72718811035156
bike,dune_bayes,3175,mean,170.01669616699218,174.48153686523438,179.37049865722656
bike,dune_bayes,3176,mean,203.67409439086913,207.79032135009766,212.14654464721679
bike,dune_bayes,3177,mean,176.4384963989258,180.80498504638672,185.21195449829102
bike,dune_bayes,3178,mean,212.02814102172852,217.12593841552734,222.26376495361328
bike,dune_bayes,3179,mean,190.2359390258789,194.8933563232422,199.37105560302734
bike,dune_bayes,3180,mean,75.96687126159668,81.90021896362305,87.0988208770752
bike,dune_bayes,3181,mean,65.79547348022462,71.1033935546875,76.62717552185057
bike,dune_bayes,3182,mean,64.88376121520996,70.13357543945312,75.65384178161621
bike,dune_bayes,3183,mean,74.20645866394042,79.47705841064453,84.68727684020996
bike,dune_bayes,3184,mean,93.37980194091797,98.45577239990234,103.36083450317382
bike,dune_bayes,3185,mean,191.72605590820314,196.78356170654297,201.19780807495115
bike,dune_bayes,3186,mean,181.03466873168946,185.75657653808594,189.87656936645507
bike,dune_bayes,3187,mean,181.72300415039064,186.4591064453125,190.61942443847656
bike,dune_bayes,3188,mean,153.95889053344726,158.45379638671875,162.91875686645508
bike,dune_bayes,3189,mean,153.3809944152832,157.97200775146484,162.52235412597656
bike,dune_bayes,3190,mean,139.11024017333983,143.5176010131836,148.01232147216797
bike,dune_bayes,3191,mean,185.11143493652344,190.3496322631836,194.88461608886718
bike,dune_bayes,3192,mean,116.36382522583008,120.90081024169922,125.49646606445312
bike,dune_bayes,3193,mean,100.1751937866211,104.960693359375,109.63408241271972
bike,dune_bayes,3194,mean,210.68934478759766,216.51738739013672,221.907307434082
bike,dune_bayes,3195,mean,182.29184494018554,187.76952362060547,192.82042770385743
bike,dune_bayes,3196,mean,176.9582748413086,182.46270751953125,187.6104995727539
bike,dune_bayes,3197,mean,182.66476745605468,188.29489135742188,193.44293365478515
bike,dune_bayes,3198,mean,172.06240158081056,177.36341094970703,182.0587173461914
bike,dune_bayes,3199,mean,159.07219696044922,164.21245574951172,168.97649459838865
bike,dune_bayes,3200,mean,106.41811408996583,111.19759368896484,116.09521827697753
bike,dune_bayes,3201,mean,122.69852600097656,127.5101432800293,132.20339126586913
bike,dune_bayes,3202,mean,203.0886978149414,208.80879974365234,213.91802062988282
bike,dune_bayes,3203,mean,187.08367843627929,192.84019470214844,198.04741897583008
bike,dune_bayes,3204,mean,154.37119827270507,159.54357147216797,164.84324493408204
bike,dune_bayes,3205,mean,143.0989959716797,148.1263885498047,152.65525131225587
bike,dune_bayes,3206,mean,142.61882247924805,147.7635269165039,152.4215217590332
bike,dune_bayes,3207,mean,197.2092643737793,203.03952026367188,208.08644714355466
bike,dune_bayes,3208,mean,139.11693115234374,144.1299057006836,148.82131805419922
bike,dune_bayes,3209,mean,119.41925506591797,124.27071380615234,128.90825500488282
bike,dune_bayes,3210,mean,89.26035346984864,94.13575744628906,98.98563423156737
bike,dune_bayes,3211,mean,175.96068801879883,181.23674774169922,186.44434204101563
bike,dune_bayes,3212,mean,143.65995407104492,148.4480743408203,152.98657455444337
bike,dune_bayes,3213,mean,144.04960556030272,148.7813491821289,153.26668167114258
bike,dune_bayes,3214,mean,124.77088317871093,129.35665130615234,134.12585906982423
bike,dune_bayes,3215,mean,140.2963508605957,145.24883270263672,150.04188919067383
bike,dune_bayes,3216,mean,151.21117630004883,156.3185272216797,161.47259979248048
bike,dune_bayes,3217,mean,151.4216438293457,156.5283660888672,161.86906967163085
bike,dune_bayes,3218,mean,136.46640548706054,141.4867706298828,146.3014419555664
bike,dune_bayes,3219,mean,124.57058715820312,129.25704193115234,134.02929229736327
bike,dune_bayes,3220,mean,157.16922149658203,162.37725067138672,167.45836639404297
bike,dune_bayes,3221,mean,166.68097000122071,171.8231658935547,177.04151153564453
bike,dune_bayes,3222,mean,124.28226814270019,129.02525329589844,133.7386047363281
bike,dune_bayes,3223,mean,161.56628494262696,166.85808563232422,172.06035537719725
bike,dune_bayes,3224,mean,179.56714782714843,185.47476959228516,190.79383926391603
bike,dune_bayes,3225,mean,187.53738098144532,193.58087921142578,199.32308120727538
bike,dune_bayes,3226,mean,194.35194931030273,200.34152221679688,206.18948364257812
bike,dune_bayes,3227,mean,239.62012405395507,245.52002716064453,250.9619644165039
bike,dune_bayes,3228,mean,223.9012649536133,230.11468505859375,235.5324234008789
bike,dune_bayes,3229,mean,197.8497055053711,203.77257537841797,209.44570693969726
bike,dune_bayes,3230,mean,157.16922149658203,162.37725067138672,167.45836639404297
bike,dune_bayes,3231,mean,107.27007141113282,112.01774978637695,116.49296150207519
bike,dune_bayes,3232,mean,216.96225814819337,222.77140045166016,227.80830841064454
bike,dune_bayes,3233,mean,230.52704010009765,236.07492065429688,241.0079963684082
bike,dune_bayes,3234,mean,227.3084274291992,232.78577423095703,237.72830200195312
bike,dune_bayes,3235,mean,202.97502365112305,208.55704498291016,213.3439514160156
bike,dune_bayes,3236,mean,202.94219055175782,208.10916900634766,213.06972885131836
bike,dune_bayes,3237,mean,56.049920654296876,61.535888671875,67.39005699157715
bike,dune_bayes,3238,mean,86.48660659790039,91.64421844482422,96.806644821167
bike,dune_bayes,3239,mean,161.45019073486327,166.15953063964844,170.29227142333986
bike,dune_bayes,3240,mean,185.78862380981445,190.4283676147461,194.6595375061035
bike,dune_bayes,3241,mean,63.999197769165036,69.2999153137207,75.10243682861328
bike,dune_bayes,3242,mean,127.3902214050293,132.16546630859375,136.5773483276367
bike,dune_bayes,3243,mean,163.54795150756837,167.78765106201172,171.6113082885742
bike,dune_bayes,3244,mean,148.72237701416014,152.91822814941406,157.20934448242187
bike,dune_bayes,3245,mean,109.99330978393554,114.76644515991211,119.90911674499512
bike,dune_bayes,3246,mean,163.8826141357422,168.3309326171875,173.0951820373535
bike,dune_bayes,3247,mean,223.0089195251465,227.39124298095703,231.89708404541014
bike,dune_bayes,3248,mean,203.37484741210938,207.5346908569336,211.83149490356445
bike,dune_bayes,3249,mean,152.8809371948242,157.65089416503906,162.78540802001953
bike,dune_bayes,3250,mean,169.2920997619629,173.9129409790039,178.86215515136718
bike,dune_bayes,3251,mean,90.67679786682129,96.15760803222656,101.56960906982421
bike,dune_bayes,3252,mean,161.21604080200194,166.03801727294922,170.89859008789062
bike,dune_bayes,3253,mean,136.46640548706054,141.4867706298828,146.3014419555664
bike,dune_bayes,3254,mean,104.91651763916016,109.6961784362793,114.49623794555663
bike,dune_bayes,3255,mean,104.5739013671875,109.35612869262695,114.0839012145996
bike,dune_bayes,3256,mean,186.4997886657715,192.13782501220703,197.23976516723633
bike,dune_bayes,3257,mean,155.51716842651368,160.45384216308594,165.16609268188478
bike,dune_bayes,3258,mean,128.26395492553712,132.90462493896484,137.49819259643553
bike,dune_bayes,3259,mean,116.15493049621583,120.63946151733398,125.43756294250488
bike,dune_bayes,3260,mean,115.73403053283691,120.29569625854492,124.78157997131348
bike,dune_bayes,3261,mean,116.36382522583008,120.90081024169922,125.49646606445312
bike,dune_bayes,3262,mean,114.57906646728516,119.09427261352539,123.70474281311034
bike,dune_bayes,3263,mean,127.61664390563965,132.3028335571289,136.86542510986328
bike,dune_bayes,3264,mean,159.44257278442382,164.50890350341797,169.13536071777344
bike,dune_bayes,3265,mean,193.13324890136718,198.7153549194336,203.68140716552733
bike,dune_bayes,3266,mean,216.2452377319336,221.76544189453125,226.78230514526368
bike,dune_bayes,3267,mean,182.29184494018554,187.76952362060547,192.82042770385743
bike,dune_bayes,3268,mean,156.4314697265625,161.38906860351562,166.22272644042968
bike,dune_bayes,3269,mean,106.97941970825195,111.95541381835938,116.71731605529784
bike,dune_bayes,3270,mean,191.9704933166504,197.75137329101562,202.83804168701172
bike,dune_bayes,3271,mean,203.3556655883789,209.09346771240234,214.1782440185547
bike,dune_bayes,3272,mean,142.91012802124024,147.73726654052734,152.46066513061524
bike,dune_bayes,3273,mean,99.29734954833984,104.03439712524414,109.07048835754395
bike,dune_bayes,3274,mean,121.63493041992187,126.26074600219727,131.07598114013672
bike,dune_bayes,3275,mean,150.9641891479492,155.71665954589844,159.82315979003906
bike,dune_bayes,3276,mean,181.31246032714844,186.28990936279297,190.6550407409668
bike,dune_bayes,3277,mean,126.32124328613281,131.0306854248047,135.46156158447266
bike,dune_bayes,3278,mean,126.32124328613281,131.0306854248047,135.46156158447266
bike,dune_bayes,3279,mean,126.81074829101563,131.40068817138672,135.99149475097656
bike,dune_bayes,3280,mean,127.1319694519043,131.72476196289062,136.31186904907227
bike,dune_bayes,3281,mean,188.3182273864746,193.03829193115234,197.1837631225586
bike,dune_bayes,3282,mean,169.6847381591797,174.32005310058594,178.05807876586914
bike,dune_bayes,3283,mean,145.46440353393555,149.80503845214844,154.16754913330078
bike,dune_bayes,3284,mean,174.85284576416015,179.54474639892578,183.16222076416017
bike,dune_bayes,3285,mean,123.42387771606445,128.08712768554688,132.4852752685547
bike,dune_bayes,3286,mean,60.41278991699219,65.88987731933594,71.5784481048584
bike,dune_bayes,3287,mean,60.41278991699219,65.88987731933594,71.5784481048584
bike,dune_bayes,3288,mean,56.65819778442383,62.18516159057617,67.83791465759278
bike,dune_bayes,3289,mean,137.39892120361327,141.76002502441406,145.88923339843748
bike,dune_bayes,3290,mean,215.8077178955078,221.32617950439453,226.12023162841797
bike,dune_bayes,3291,mean,229.16864700317382,234.58877563476562,239.6242546081543
bike,dune_bayes,3292,mean,212.39729385375978,217.89697265625,222.87820892333986
bike,dune_bayes,3293,mean,207.1768943786621,212.67871856689453,217.63574600219727
bike,dune_bayes,3294,mean,233.05897903442383,238.64447021484375,243.97876434326173
bike,dune_bayes,3295,mean,231.05712203979493,236.5737075805664,241.92079467773436
bike,dune_bayes,3296,mean,96.32918663024903,101.4403190612793,106.62379608154296
bike,dune_bayes,3297,mean,103.59146614074707,108.6616096496582,113.6634593963623
bike,dune_bayes,3298,mean,75.67736282348633,80.8968276977539,85.86055679321288
bike,dune_bayes,3299,mean,62.09047393798828,67.51613998413086,72.81187438964842
bike,dune_bayes,3300,mean,62.09047393798828,67.51613998413086,72.81187438964842
bike,dune_bayes,3301,mean,62.09047393798828,67.51613998413086,72.81187438964842
bike,dune_bayes,3302,mean,165.1524917602539,171.15623474121094,176.95598220825195
bike,dune_bayes,3303,mean,159.94154052734376,165.5839614868164,170.99511108398437
bike,dune_bayes,3304,mean,152.49371032714845,158.19550323486328,163.54680404663085
bike,dune_bayes,3305,mean,171.49925079345704,177.21368408203125,182.42520217895506
bike,dune_bayes,3306,mean,87.50718269348144,92.66619491577148,97.83393096923828
bike,dune_bayes,3307,mean,87.50718269348144,92.66619491577148,97.83393096923828
bike,dune_bayes,3308,mean,216.2452377319336,221.76544189453125,226.78230514526368
bike,dune_bayes,3309,mean,216.13388900756837,221.59957885742188,226.63998107910157
bike,dune_bayes,3310,mean,104.50812034606933,109.20011520385742,113.91351318359375
bike,dune_bayes,3311,mean,74.95849914550782,80.11987686157227,85.36085395812988
bike,dune_bayes,3312,mean,78.92940368652344,84.04445266723633,89.23133201599121
bike,dune_bayes,3313,mean,88.91267585754395,94.34423828125,99.72770309448242
bike,dune_bayes,3314,mean,86.07730712890626,91.0171127319336,96.02184562683105
bike,dune_bayes,3315,mean,108.29076385498047,112.92537689208984,117.70870780944824
bike,dune_bayes,3316,mean,135.44561309814452,140.57447814941406,145.34734191894532
bike,dune_bayes,3317,mean,173.32146835327148,178.90223693847656,184.19452896118165
bike,dune_bayes,3318,mean,191.90714416503906,197.85797882080078,203.52744903564454
bike,dune_bayes,3319,mean,187.3500663757324,193.09272003173828,198.45953674316405
bike,dune_bayes,3320,mean,131.16830139160157,136.35684967041016,141.08526306152342
bike,dune_bayes,3321,mean,103.57441635131836,108.52903747558594,113.22749328613281
bike,dune_bayes,3322,mean,87.50718269348144,92.66619491577148,97.83393096923828
bike,dune_bayes,3323,mean,118.319091796875,123.4017562866211,128.06754302978516
bike,dune_bayes,3324,mean,110.46521377563477,115.05348205566406,119.51379051208495
bike,dune_bayes,3325,mean,206.8836311340332,212.77684020996094,217.97934494018554
bike,dune_bayes,3326,mean,192.2722183227539,198.07976531982422,203.14373245239256
bike,dune_bayes,3327,mean,91.74892616271973,96.72000122070312,101.57746925354003
bike,dune_bayes,3328,mean,88.45415649414062,93.50045013427734,98.45361442565918
bike,dune_bayes,3329,mean,74.56887245178223,79.87466812133789,85.13195343017578
bike,dune_bayes,3330,mean,159.36971054077148,164.39413452148438,169.0707710266113
bike,dune_bayes,3331,mean,114.61298141479492,119.29824447631836,123.90237083435058
bike,dune_bayes,3332,mean,65.70421447753907,71.15126419067383,76.75721817016601
bike,dune_bayes,3333,mean,52.708716583251956,58.18440246582031,64.18033180236816
bike,dune_bayes,3334,mean,50.385433197021484,56.23979187011719,62.373988723754884
bike,dune_bayes,3335,mean,108.81984596252441,113.79333877563477,118.62686347961426
bike,dune_bayes,3336,mean,148.12798995971679,152.75320434570312,156.9490592956543
bike,dune_bayes,3337,mean,92.26308975219726,97.25458145141602,102.48830451965333
bike,dune_bayes,3338,mean,47.95492782592773,53.82349395751953,59.67245025634765
bike,dune_bayes,3339,mean,62.49136161804199,68.02518463134766,73.66799087524414
bike,dune_bayes,3340,mean,98.24692153930664,103.36295700073242,108.3947940826416
bike,dune_bayes,3341,mean,121.63992767333984,126.3875617980957,131.2225212097168
bike,dune_bayes,3342,mean,105.25319213867188,110.39754104614258,115.13040618896484
bike,dune_bayes,3343,mean,115.03005867004394,119.9880599975586,124.57330703735352
bike,dune_bayes,3344,mean,70.46129150390625,76.11725234985352,81.2778709411621
bike,dune_bayes,3345,mean,70.46129150390625,76.11725234985352,81.2778709411621
bike,dune_bayes,3346,mean,239.27799072265626,244.02284240722656,248.53139572143553
bike,dune_bayes,3347,mean,248.81925354003906,253.84300231933594,258.44779205322266
bike,dune_bayes,3348,mean,95.55874481201172,100.85898208618164,105.79118690490722
bike,dune_bayes,3349,mean,103.3471794128418,108.34297943115234,113.3145092010498
bike,dune_bayes,3350,mean,118.87514572143554,123.90851974487305,128.80204010009766
bike,dune_bayes,3351,mean,235.3755844116211,239.6340103149414,244.26195220947267
bike,dune_bayes,3352,mean,185.16181640625,189.44718170166016,193.19371948242187
bike,dune_bayes,3353,mean,156.16136779785157,160.3271026611328,164.27924346923828
bike,dune_bayes,3354,mean,186.03405532836913,190.59479522705078,194.78528060913087
bike,dune_bayes,3355,mean,196.25541915893555,201.28939819335938,205.61683044433593
bike,dune_bayes,3356,mean,216.58013687133788,222.33660125732422,227.41258392333984
bike,dune_bayes,3357,mean,224.14949264526368,229.6161346435547,234.70108947753906
bike,dune_bayes,3358,mean,243.39772338867186,249.24666595458984,254.9648338317871
bike,dune_bayes,3359,mean,178.5405403137207,183.96104431152344,189.4161849975586
bike,dune_bayes,3360,mean,175.565087890625,181.02506256103516,186.51376647949218
bike,dune_bayes,3361,mean,168.47777557373047,174.04222106933594,179.2260543823242
bike,dune_bayes,3362,mean,119.41925506591797,124.27071380615234,128.90825500488282
bike,dune_bayes,3363,mean,119.69716949462891,124.55028915405273,129.2112907409668
bike,dune_bayes,3364,mean,89.50629005432128,94.48588562011719,99.49614257812499
bike,dune_bayes,3365,mean,106.96445846557617,111.54556274414062,116.32474555969239
bike,dune_bayes,3366,mean,98.55478515625,103.60551071166992,108.43259315490722
bike,dune_bayes,3367,mean,130.26720504760743,134.86881256103516,139.15199508666993
bike,dune_bayes,3368,mean,116.42864112854004,121.3104019165039,125.79713745117188
bike,dune_bayes,3369,mean,75.25011329650879,80.85517120361328,86.41125411987305
bike,dune_bayes,3370,mean,74.3555950164795,79.99545288085938,85.33641166687012
bike,dune_bayes,3371,mean,90.29785232543945,95.49362564086914,100.53633346557616
bike,dune_bayes,3372,mean,83.76750564575195,89.09725570678711,94.11716651916502
bike,dune_bayes,3373,mean,89.52738533020019,94.8592414855957,99.97237243652343
bike,dune_bayes,3374,mean,81.69084854125977,87.08477020263672,92.49164085388183
bike,dune_bayes,3375,mean,71.5449291229248,76.95205688476562,82.73209762573242
bike,dune_bayes,3376,mean,64.78290939331055,70.46551895141602,76.26587944030761
bike,dune_bayes,3377,mean,64.68714256286621,70.32052230834961,76.10808067321777
bike,dune_bayes,3378,mean,65.53376808166504,70.97167587280273,76.33047142028808
bike,dune_bayes,3379,mean,76.18407859802247,81.6036148071289,86.80413932800293
bike,dune_bayes,3380,mean,77.0520004272461,82.27051162719727,87.7339630126953
bike,dune_bayes,3381,mean,85.74685783386231,90.89300155639648,96.22083015441895
bike,dune_bayes,3382,mean,92.31137390136719,97.46134948730469,102.9259521484375
bike,dune_bayes,3383,mean,111.60029220581055,116.59272766113281,121.7173583984375
bike,dune_bayes,3384,mean,139.67898483276366,144.13702392578125,148.54204940795898
bike,dune_bayes,3385,mean,108.14238395690919,112.79571533203125,117.81217575073242
bike,dune_bayes,3386,mean,138.2889877319336,142.62210083007812,147.30483322143556
bike,dune_bayes,3387,mean,138.9524688720703,143.37078094482422,148.30130844116212
bike,dune_bayes,3388,mean,156.18439483642578,161.1083755493164,165.94254455566406
bike,dune_bayes,3389,mean,138.7303367614746,143.85443878173828,148.59611587524415
bike,dune_bayes,3390,mean,175.61503143310546,180.9662628173828,186.064306640625
bike,dune_bayes,3391,mean,150.53028106689453,155.57154083251953,160.66585845947264
bike,dune_bayes,3392,mean,136.0004684448242,141.23526763916016,146.06234741210938
bike,dune_bayes,3393,mean,120.35242195129395,125.14788436889648,129.75640106201172
bike,dune_bayes,3394,mean,184.43898544311523,190.04843139648438,195.3301528930664
bike,dune_bayes,3395,mean,192.60640029907228,198.36304473876953,203.53909454345703
bike,dune_bayes,3396,mean,187.4159683227539,193.047119140625,198.49277420043944
bike,dune_bayes,3397,mean,178.09278869628906,183.7279052734375,189.02166595458985
bike,dune_bayes,3398,mean,103.57441635131836,108.52903747558594,113.22749328613281
bike,dune_bayes,3399,mean,67.52179565429688,72.78055953979492,78.1399772644043
bike,dune_bayes,3400,mean,119.78846664428711,124.30295944213867,128.89063262939453
bike,dune_bayes,3401,mean,173.07835693359374,178.2475357055664,183.15941848754883
bike,dune_bayes,3402,mean,159.36971054077148,164.39413452148438,169.0707710266113
bike,dune_bayes,3403,mean,78.03812026977539,83.25103759765625,88.48282661437989
bike,dune_bayes,3404,mean,136.3596954345703,141.12602996826172,145.436612701416
bike,dune_bayes,3405,mean,72.37010040283204,77.83916854858398,83.40166625976562
bike,dune_bayes,3406,mean,73.52199745178223,78.95001983642578,84.3477657318115
bike,dune_bayes,3407,mean,71.60167007446289,77.04363250732422,82.36354064941406
bike,dune_bayes,3408,mean,92.12747955322266,97.29444122314453,102.3554817199707
bike,dune_bayes,3409,mean,104.22039222717285,109.11383819580078,114.15645637512206
bike,dune_bayes,3410,mean,103.40459594726562,108.37075424194336,113.39589385986328
bike,dune_bayes,3411,mean,70.95158004760742,76.67631912231445,82.35894927978515
bike,dune_bayes,3412,mean,98.24692153930664,103.36295700073242,108.3947940826416
bike,dune_bayes,3413,mean,64.44367485046386,70.19862365722656,75.6615161895752
bike,dune_bayes,3414,mean,89.32401657104492,94.69508743286133,99.63572349548339
bike,dune_bayes,3415,mean,90.1949390411377,95.5130386352539,100.39237594604491
bike,dune_bayes,3416,mean,95.94530792236328,101.17012023925781,106.09241142272948
bike,dune_bayes,3417,mean,90.62227821350098,95.8375244140625,101.06950454711914
bike,dune_bayes,3418,mean,89.20689315795899,94.49519729614258,99.84067611694336
bike,dune_bayes,3419,mean,105.25319213867188,110.39754104614258,115.13040618896484
bike,dune_bayes,3420,mean,71.96361694335937,77.32552337646484,82.72572212219238
bike,dune_bayes,3421,mean,218.4997985839844,223.52841186523438,228.24724731445312
bike,dune_bayes,3422,mean,114.36684112548828,118.94293212890625,123.53817977905273
bike,dune_bayes,3423,mean,180.26398391723632,185.63323211669922,190.6899543762207
bike,dune_bayes,3424,mean,114.61298141479492,119.29824447631836,123.90237083435058
bike,dune_bayes,3425,mean,149.65614318847656,154.3833236694336,158.9205764770508
bike,dune_bayes,3426,mean,165.6603042602539,170.5386734008789,175.3007797241211
bike,dune_bayes,3427,mean,114.08285751342774,119.12442398071289,124.29500312805175
bike,dune_bayes,3428,mean,95.87657508850097,101.21724700927734,106.72291717529296
bike,dune_bayes,3429,mean,152.07817306518555,156.89346313476562,161.9580078125
bike,dune_bayes,3430,mean,181.14954986572266,186.9932861328125,192.73963088989257
bike,dune_bayes,3431,mean,185.65799102783203,191.59581756591797,197.3703643798828
bike,dune_bayes,3432,mean,172.9270812988281,178.85460662841797,184.38099822998046
bike,dune_bayes,3433,mean,156.9869514465332,162.66156005859375,168.32877349853516
bike,dune_bayes,3434,mean,165.6606246948242,171.76246643066406,177.99680938720704
bike,dune_bayes,3435,mean,142.7720817565918,148.47394561767578,153.70369720458984
bike,dune_bayes,3436,mean,142.7720817565918,148.47394561767578,153.70369720458984
bike,dune_bayes,3437,mean,138.72026672363282,144.49485778808594,149.61988983154296
bike,dune_bayes,3438,mean,198.03333206176757,204.07518005371094,209.50494003295898
bike,dune_bayes,3439,mean,193.94636993408204,199.83934020996094,205.23675460815429
bike,dune_bayes,3440,mean,117.67816429138183,122.64989852905273,127.53613967895508
bike,dune_bayes,3441,mean,87.50718269348144,92.66619491577148,97.83393096923828
bike,dune_bayes,3442,mean,84.81748504638672,90.01653289794922,95.10183753967284
bike,dune_bayes,3443,mean,105.88046646118164,110.7493782043457,115.33436889648436
bike,dune_bayes,3444,mean,51.82879867553711,57.30193328857422,63.16292648315429
bike,dune_bayes,3445,mean,68.09696540832519,73.40754318237305,79.07872314453125
bike,dune_bayes,3446,mean,87.33990592956543,92.37483596801758,97.55555114746093
bike,dune_bayes,3447,mean,187.617333984375,193.18253326416016,198.0821060180664
bike,dune_bayes,3448,mean,144.4344627380371,149.3730239868164,153.93097000122071
bike,dune_bayes,3449,mean,116.63644638061524,121.49178695678711,126.26374969482421
bike,dune_bayes,3450,mean,51.40620040893555,57.17945861816406,63.04193878173828
bike,dune_bayes,3451,mean,59.260955047607425,65.12493133544922,70.62212142944335
bike,dune_bayes,3452,mean,63.362256622314455,68.81083297729492,74.67298583984375
bike,dune_bayes,3453,mean,66.26637420654296,71.93799209594727,77.52331161499023
bike,dune_bayes,3454,mean,54.99702377319336,60.59758758544922,66.37486991882324
bike,dune_bayes,3455,mean,90.01912651062011,94.95343399047852,99.7268569946289
bike,dune_bayes,3456,mean,125.7552360534668,130.76968383789062,136.15838317871092
bike,dune_bayes,3457,mean,163.27149963378906,168.85433197021484,174.4021858215332
bike,dune_bayes,3458,mean,120.06005783081055,124.86146545410156,129.512117767334
bike,dune_bayes,3459,mean,120.35242195129395,125.14788436889648,129.75640106201172
bike,dune_bayes,3460,mean,104.3975616455078,109.2110366821289,113.86534729003905
bike,dune_bayes,3461,mean,160.74914321899413,165.97596740722656,171.06330032348632
bike,dune_bayes,3462,mean,74.74287834167481,79.82361602783203,85.11411399841309
bike,dune_bayes,3463,mean,64.50456657409669,69.87707901000977,75.56647758483885
bike,dune_bayes,3464,mean,39.975487518310544,45.669036865234375,51.80643539428711
bike,dune_bayes,3465,mean,52.708716583251956,58.18440246582031,64.18033180236816
bike,dune_bayes,3466,mean,127.93298377990723,132.6074981689453,137.19024963378905
bike,dune_bayes,3467,mean,136.67848892211913,141.88111114501953,147.25545501708984
bike,dune_bayes,3468,mean,135.61740188598634,140.90765380859375,146.03216857910155
bike,dune_bayes,3469,mean,144.46698379516602,150.08155059814453,155.70122299194335
bike,dune_bayes,3470,mean,170.55993576049804,176.87319946289062,183.05851516723632
bike,dune_bayes,3471,mean,169.87950134277344,175.9667510986328,181.9236686706543
bike,dune_bayes,3472,mean,97.4034481048584,102.3658447265625,107.26329269409179
bike,dune_bayes,3473,mean,86.28779602050781,91.1578483581543,96.17391815185546
bike,dune_bayes,3474,mean,123.30523719787598,128.10051727294922,132.74126129150392
bike,dune_bayes,3475,mean,123.30523719787598,128.10051727294922,132.74126129150392
bike,dune_bayes,0,dispersion,1.2794235110282899,1.868996798992157,2.540610897541046
bike,dune_bayes,1,dispersion,0.9522323280572891,1.4167524576187134,1.9702244043350219
bike,dune_bayes,2,dispersion,0.8630889147520066,1.2257848978042603,1.6806822836399076
bike,dune_bayes,3,dispersion,0.8691928386688232,1.2382065653800964,1.7033397912979122
bike,dune_bayes,4,dispersion,0.8139726668596268,1.206993818283081,1.66807541847229
bike,dune_bayes,5,dispersion,0.8070169270038605,1.1127814054489136,1.5071251451969143
bike,dune_bayes,6,dispersion,0.8927638083696365,1.2532430291175842,1.700902724266052
bike,dune_bayes,7,dispersion,0.7476264119148255,1.0390276908874512,1.4003579616546629
bike,dune_bayes,8,dispersion,0.8725133329629898,1.1965463161468506,1.6295316994190214
bike,dune_bayes,9,dispersion,0.96516732275486,1.3418014645576477,1.8178717255592345
bike,dune_bayes,10,dispersion,0.3835093006491661,0.6499601304531097,1.0240907728672026
bike,dune_bayes,11,dispersion,0.5378245860338211,0.856579065322876,1.2659278810024261
bike,dune_bayes,12,dispersion,0.7359335988759995,1.1278939843177795,1.686750954389572
bike,dune_bayes,13,dispersion,1.1094303548336029,1.540204107761383,2.0066778302192687
bike,dune_bayes,14,dispersion,0.8658528327941895,1.2504330277442932,1.70570575594902
bike,dune_bayes,15,dispersion,0.6728696376085281,1.0320671200752258,1.510834282636642
bike,dune_bayes,16,dispersion,0.8445253193378448,1.1568018794059753,1.520408177375793
bike,dune_bayes,17,dispersion,0.8341102063655853,1.2118176221847534,1.634210008382797
bike,dune_bayes,18,dispersion,0.8341102063655853,1.2118176221847534,1.634210008382797
bike,dune_bayes,19,dispersion,1.6604864478111268,2.2184343338012695,2.7797043204307554
bike,dune_bayes,20,dispersion,0.8929340273141861,1.262994408607483,1.6751513421535487
bike,dune_bayes,21,dispersion,0.881977429986,1.2825968265533447,1.738999330997467
bike,dune_bayes,22,dispersion,0.5664330810308457,0.8864932060241699,1.3445843338966368
bike,dune_bayes,23,dispersion,0.5253954499959945,0.8123416006565094,1.2027632057666775
bike,dune_bayes,24,dispersion,0.7096172541379928,1.0810174345970154,1.5210129380226134
bike,dune_bayes,25,dispersion,1.1321146070957184,1.5578938722610474,2.01374888420105
bike,dune_bayes,26,dispersion,0.9198616176843644,1.3769460916519165,1.9194617807865142
bike,dune_bayes,27,dispersion,0.8210694491863251,1.2169602513313293,1.682401442527771
bike,dune_bayes,28,dispersion,0.5984117448329925,0.9796282947063446,1.487341159582137
bike,dune_bayes,29,dispersion,0.6716795772314071,0.9889753758907318,1.3808619201183316
bike,dune_bayes,30,dispersion,0.9344469875097274,1.320513665676117,1.7353987634181975
bike,dune_bayes,31,dispersion,1.4248502552509308,1.8428635597229004,2.3153369307518004
bike,dune_bayes,32,dispersion,1.4412275075912475,1.8992774486541748,2.390743732452392
bike,dune_bayes,33,dispersion,0.8524372935295105,1.2230074405670166,1.6914548337459558
bike,dune_bayes,34,dispersion,0.6660773426294327,1.0293947458267212,1.534123831987381
bike,dune_bayes,35,dispersion,0.785938423871994,1.1685432195663452,1.6327728688716887
bike,dune_bayes,36,dispersion,0.7787867903709412,1.2401736974716187,1.821914440393448
bike,dune_bayes,37,dispersion,0.8114936321973801,1.2353840470314026,1.7289616167545319
bike,dune_bayes,38,dispersion,0.9102353930473328,1.3197417259216309,1.7447443008422852
bike,dune_bayes,39,dispersion,1.3769102334976195,1.9396485686302185,2.5553256034851075
bike,dune_bayes,40,dispersion,0.6133043289184571,0.9584183990955353,1.4279574453830717
bike,dune_bayes,41,dispersion,0.4479888439178467,0.8209058046340942,1.4294526815414428
bike,dune_bayes,42,dispersion,0.6959892690181733,1.090145230293274,1.5734350085258482
bike,dune_bayes,43,dispersion,0.6910226076841355,1.1232366561889648,1.6730764687061306
bike,dune_bayes,44,dispersion,0.7366753935813903,1.2089045643806458,1.7887846469879147
bike,dune_bayes,45,dispersion,0.6857015937566757,1.160625159740448,1.8377275526523589
bike,dune_bayes,46,dispersion,0.5430548995733261,0.9766406416893005,1.6260653495788573
bike,dune_bayes,47,dispersion,0.4746713995933533,0.8388258814811707,1.413427138328552
bike,dune_bayes,48,dispersion,0.7976671397686005,1.2169477939605713,1.654902571439743
bike,dune_bayes,49,dispersion,0.9326156914234162,1.3750099539756775,1.8488100230693818
bike,dune_bayes,50,dispersion,0.7659830987453461,1.1452054977416992,1.6173351824283597
bike,dune_bayes,51,dispersion,0.7914856731891632,1.1669548749923706,1.5978481769561768
bike,dune_bayes,52,dispersion,0.8142616838216782,1.2289948463439941,1.707728314399719
bike,dune_bayes,53,dispersion,1.004628163576126,1.4339722394943237,1.9013487875461577
bike,dune_bayes,54,dispersion,1.7580073416233062,2.3334567546844482,2.919873785972595
bike,dune_bayes,55,dispersion,1.7793030440807343,2.2999027967453003,2.9180569410324093
bike,dune_bayes,56,dispersion,1.8110136687755585,2.378344416618347,2.99706836938858
bike,dune_bayes,57,dispersion,1.1171292066574097,1.5041059851646423,1.946941232681274
bike,dune_bayes,58,dispersion,0.9761889159679413,1.4790276288986206,2.072797930240631
bike,dune_bayes,59,dispersion,1.1546159923076629,1.6795197129249573,2.2526404976844776
bike,dune_bayes,60,dispersion,1.0757405936717988,1.5026649236679077,1.9675769388675688
bike,dune_bayes,61,dispersion,1.1094303548336029,1.540204107761383,2.0066778302192687
bike,dune_bayes,62,dispersion,0.6249118834733963,0.9671266376972198,1.4666332304477692
bike,dune_bayes,63,dispersion,0.9742585062980652,1.407508909702301,1.9301607787609099
bike,dune_bayes,64,dispersion,1.3359962701797485,1.8132489323616028,2.318484044075012
bike,dune_bayes,65,dispersion,1.8828352689743042,2.387133002281189,2.968909740447997
bike,dune_bayes,66,dispersion,1.6484017431735993,2.2699942588806152,2.883754432201385
bike,dune_bayes,67,dispersion,1.6484335243701935,2.1260980367660522,2.658561301231384
bike,dune_bayes,68,dispersion,1.124565726518631,1.5248371958732605,1.9580877780914305
bike,dune_bayes,69,dispersion,0.9842998534440994,1.369648516178131,1.8369932234287258
bike,dune_bayes,70,dispersion,1.2374908685684205,1.74727463722229,2.3134684205055236
bike,dune_bayes,71,dispersion,1.1969148516654968,1.7447959184646606,2.4068800330162046
bike,dune_bayes,72,dispersion,1.1744909524917602,1.6555900573730469,2.1906537652015685
bike,dune_bayes,73,dispersion,0.4045488312840462,0.6655196249485016,1.0045305907726287
bike,dune_bayes,74,dispersion,0.38693791031837466,0.6405727565288544,0.9500470519065857
bike,dune_bayes,75,dispersion,0.3521077916026116,0.591077446937561,0.8949583649635314
bike,dune_bayes,76,dispersion,0.3833502814173698,0.6353522837162018,0.9400876522064208
bike,dune_bayes,77,dispersion,0.47077052891254423,0.7609989643096924,1.1302118659019464
bike,dune_bayes,78,dispersion,0.7488126397132874,1.0699574947357178,1.435214638710021
bike,dune_bayes,79,dispersion,0.748239666223526,1.1190804243087769,1.5400012671947478
bike,dune_bayes,80,dispersion,0.6671010732650757,1.0323836207389832,1.4433606445789335
bike,dune_bayes,81,dispersion,0.4323663875460625,0.7307508885860443,1.1185224473476407
bike,dune_bayes,82,dispersion,0.6238446652889251,0.9892324507236481,1.4171001315116882
bike,dune_bayes,83,dispersion,0.6575959235429764,1.0230804681777954,1.420587009191513
bike,dune_bayes,84,dispersion,0.712248095870018,1.1011759638786316,1.5673915147781372
bike,dune_bayes,85,dispersion,0.6877881705760956,1.0706853866577148,1.4897817075252533
bike,dune_bayes,86,dispersion,0.8070808082818985,1.2209087014198303,1.6647557258605956
bike,dune_bayes,87,dispersion,0.7673318028450012,1.159469485282898,1.6032658159732815
bike,dune_bayes,88,dispersion,0.7140206724405289,1.0809465646743774,1.5023437619209288
bike,dune_bayes,89,dispersion,0.7670653015375137,1.1407741904258728,1.546199768781662
bike,dune_bayes,90,dispersion,1.436336487531662,1.9948527812957764,2.642107129096985
bike,dune_bayes,91,dispersion,1.5378369987010956,2.0751341581344604,2.704035115242004
bike,dune_bayes,92,dispersion,1.561349219083786,2.0327460765838623,2.5700230717658994
bike,dune_bayes,93,dispersion,1.5672066688537598,2.0468679666519165,2.5798900842666628
bike,dune_bayes,94,dispersion,1.5366531133651733,2.2149640321731567,2.853987169265747
bike,dune_bayes,95,dispersion,0.9237037062644958,1.3690149188041687,1.8565793395042416
bike,dune_bayes,96,dispersion,0.7121193528175354,1.0224932432174683,1.3716615438461301
bike,dune_bayes,97,dispersion,1.0598419785499573,1.4113152623176575,1.8225550293922423
bike,dune_bayes,98,dispersion,1.0998645186424256,1.5232658982276917,1.9869340717792503
bike,dune_bayes,99,dispersion,0.7305163890123367,1.1592116951942444,1.7276475965976705
bike,dune_bayes,100,dispersion,0.8640705168247222,1.3349487781524658,1.8883768856525416
bike,dune_bayes,101,dispersion,0.8298272758722306,1.302537739276886,1.9107226252555845
bike,dune_bayes,102,dispersion,1.0008509129285812,1.4989416003227234,2.072001600265503
bike,dune_bayes,103,dispersion,1.0114519238471986,1.5326775312423706,2.2034746289253233
bike,dune_bayes,104,dispersion,0.8418206721544266,1.363832950592041,1.9775680124759674
bike,dune_bayes,105,dispersion,0.9017309278249741,1.406707227230072,1.9558822989463798
bike,dune_bayes,106,dispersion,0.7817398250102997,1.2682557106018066,1.8276914536952964
bike,dune_bayes,107,dispersion,0.8182796329259873,1.28983074426651,1.782716423273086
bike,dune_bayes,108,dispersion,1.319476854801178,1.842751920223236,2.4472734093666073
bike,dune_bayes,109,dispersion,1.319476854801178,1.842751920223236,2.4472734093666073
bike,dune_bayes,110,dispersion,1.5074752628803254,2.053992748260498,2.643431437015533
bike,dune_bayes,111,dispersion,1.319476854801178,1.842751920223236,2.4472734093666073
bike,dune_bayes,112,dispersion,0.973695257306099,1.4450300931930542,1.9897219240665434
bike,dune_bayes,113,dispersion,0.7664682865142822,1.1773993372917175,1.6207675457000728
bike,dune_bayes,114,dispersion,0.5417520344257355,0.9484098255634308,1.4829534769058224
bike,dune_bayes,115,dispersion,0.760408878326416,1.2104614973068237,1.689571863412856
bike,dune_bayes,116,dispersion,1.1293552458286287,1.6407870650291443,2.1814985156059263
bike,dune_bayes,117,dispersion,1.212794977426529,1.7198435068130493,2.281638956069946
bike,dune_bayes,118,dispersion,1.1667488873004914,1.7400964498519897,2.4141657114028927
bike,dune_bayes,119,dispersion,1.0194750785827638,1.4462549686431885,1.9232313871383666
bike,dune_bayes,120,dispersion,1.0757405936717988,1.5026649236679077,1.9675769388675688
bike,dune_bayes,121,dispersion,1.577439147233963,2.034728169441223,2.5515713334083556
bike,dune_bayes,122,dispersion,1.227504849433899,1.5987666845321655,2.0149250864982604
bike,dune_bayes,123,dispersion,1.5027871251106262,2.021209239959717,2.610905957221985
bike,dune_bayes,124,dispersion,1.5027871251106262,2.021209239959717,2.610905957221985
bike,dune_bayes,125,dispersion,1.4942032754421235,2.0311886072158813,2.68016300201416
bike,dune_bayes,126,dispersion,1.4942032754421235,2.0311886072158813,2.68016300201416
bike,dune_bayes,127,dispersion,1.562808781862259,2.068585157394409,2.61025847196579
bike,dune_bayes,128,dispersion,1.714931559562683,2.3087562322616577,2.9179340958595263
bike,dune_bayes,129,dispersion,1.5974013686180115,2.28848135471344,2.931540107727051
bike,dune_bayes,130,dispersion,1.482474136352539,2.1394081115722656,2.729601728916167
bike,dune_bayes,131,dispersion,1.4280179381370544,1.8810603618621826,2.3638018131256104
bike,dune_bayes,132,dispersion,1.1354150474071503,1.593200445175171,2.135057997703552
bike,dune_bayes,133,dispersion,1.3257290482521058,1.8680377006530762,2.4776275634765623
bike,dune_bayes,134,dispersion,1.525799423456192,2.1887576580047607,2.9109303593635554
bike,dune_bayes,135,dispersion,1.5804523229599,2.2963061332702637,3.0751904487609845
bike,dune_bayes,136,dispersion,1.2268987357616425,1.7804511785507202,2.4182070374488824
bike,dune_bayes,137,dispersion,0.5996039599180222,0.8968768119812012,1.2702459275722502
bike,dune_bayes,138,dispersion,0.6478794366121292,1.0093584060668945,1.50087040066719
bike,dune_bayes,139,dispersion,0.6478794366121292,1.0093584060668945,1.50087040066719
bike,dune_bayes,140,dispersion,0.9215075999498368,1.2840505838394165,1.7092005252838134
bike,dune_bayes,141,dispersion,1.080008202791214,1.4938796758651733,1.9790019571781157
bike,dune_bayes,142,dispersion,1.1580235719680787,1.5416548252105713,1.9682392656803127
bike,dune_bayes,143,dispersion,1.4355814933776856,1.9385359287261963,2.4771764993667595
bike,dune_bayes,144,dispersion,1.2357693254947661,1.652035653591156,2.1489066243171693
bike,dune_bayes,145,dispersion,1.285071176290512,1.7137324810028076,2.1768438935279844
bike,dune_bayes,146,dispersion,1.2022017538547516,1.6233472228050232,2.068408846855163
bike,dune_bayes,147,dispersion,1.7484643399715423,2.4951828718185425,3.190738821029663
bike,dune_bayes,148,dispersion,1.7484643399715423,2.4951828718185425,3.190738821029663
bike,dune_bayes,149,dispersion,1.5974013686180115,2.28848135471344,2.931540107727051
bike,dune_bayes,150,dispersion,1.6060133934020997,2.1164116859436035,2.696365368366241
bike,dune_bayes,151,dispersion,1.5381819128990173,2.059388041496277,2.671943414211273
bike,dune_bayes,152,dispersion,1.6020817399024962,2.1786547899246216,2.7951183915138245
bike,dune_bayes,153,dispersion,1.6020817399024962,2.1786547899246216,2.7951183915138245
bike,dune_bayes,154,dispersion,1.5646392583847046,2.0926443338394165,2.701017034053802
bike,dune_bayes,155,dispersion,1.5249449372291566,2.025385022163391,2.6350793361663816
bike,dune_bayes,156,dispersion,1.4993724584579469,2.011033058166504,2.609356904029846
bike,dune_bayes,157,dispersion,0.9567168265581131,1.2823437452316284,1.6550640523433684
bike,dune_bayes,158,dispersion,0.46827486604452134,0.8165417313575745,1.2700232744216917
bike,dune_bayes,159,dispersion,0.3864369362592697,0.6890173554420471,1.2138008356094359
bike,dune_bayes,160,dispersion,0.5257344394922256,0.881023496389389,1.4084047853946686
bike,dune_bayes,161,dispersion,0.6055579125881195,1.0229628086090088,1.6481024086475373
bike,dune_bayes,162,dispersion,0.7866496175527573,1.1480143666267395,1.6272777497768403
bike,dune_bayes,163,dispersion,0.7848467320203781,1.133475124835968,1.548814421892166
bike,dune_bayes,164,dispersion,0.713272625207901,1.125169575214386,1.6781633675098413
bike,dune_bayes,165,dispersion,0.8096141815185547,1.1852195262908936,1.6290713429450987
bike,dune_bayes,166,dispersion,0.8625732630491257,1.3190259337425232,1.8719852566719053
bike,dune_bayes,167,dispersion,1.485675084590912,1.9686040878295898,2.4783757686614987
bike,dune_bayes,168,dispersion,1.7720183193683625,2.2941921949386597,2.8703458905220027
bike,dune_bayes,169,dispersion,0.9909079611301422,1.3907951712608337,1.8265147566795348
bike,dune_bayes,170,dispersion,1.0921582639217378,1.4998186826705933,1.9104870140552517
bike,dune_bayes,171,dispersion,0.9663182079792023,1.3714804649353027,1.8186308681964873
bike,dune_bayes,172,dispersion,1.1652240812778474,1.6076411604881287,2.1383049726486205
bike,dune_bayes,173,dispersion,1.3931133806705476,2.0270254611968994,2.7465642452239987
bike,dune_bayes,174,dispersion,1.3267580330371858,1.9059576988220215,2.5628921031951903
bike,dune_bayes,175,dispersion,1.3182095527648925,2.0004433393478394,2.7155450582504264
bike,dune_bayes,176,dispersion,1.3182095527648925,2.0004433393478394,2.7155450582504264
bike,dune_bayes,177,dispersion,0.9341931790113449,1.5103299021720886,2.2047676801681515
bike,dune_bayes,178,dispersion,1.1736892879009246,1.7231720089912415,2.335023617744445
bike,dune_bayes,179,dispersion,1.015623778104782,1.4004175662994385,1.8731995046138759
bike,dune_bayes,180,dispersion,0.781027439236641,1.1871710419654846,1.6806545794010161
bike,dune_bayes,181,dispersion,0.998015382885933,1.4087182879447937,1.8901472508907318
bike,dune_bayes,182,dispersion,0.4381064668297768,0.7352665960788727,1.159153068065643
bike,dune_bayes,183,dispersion,0.4381064668297768,0.7352665960788727,1.159153068065643
bike,dune_bayes,184,dispersion,0.9774279773235321,1.4391821026802063,2.029125213623047
bike,dune_bayes,185,dispersion,1.1796972692012786,1.7100533843040466,2.2387782692909233
bike,dune_bayes,186,dispersion,1.5974013686180115,2.28848135471344,2.931540107727051
bike,dune_bayes,187,dispersion,1.6798049330711364,2.4213802814483643,3.104266035556793
bike,dune_bayes,188,dispersion,1.6705658555030822,2.3721935749053955,3.0210880160331723
bike,dune_bayes,189,dispersion,0.9135167002677917,1.3174023032188416,1.7928974390029908
bike,dune_bayes,190,dispersion,0.9862867057323456,1.3025041818618774,1.6299474358558654
bike,dune_bayes,191,dispersion,1.0703228116035461,1.5392886400222778,2.0367588162422177
bike,dune_bayes,192,dispersion,1.0703228116035461,1.5392886400222778,2.0367588162422177
bike,dune_bayes,193,dispersion,1.4618370175361632,1.9694480895996094,2.552607870101929
bike,dune_bayes,194,dispersion,1.2936459541320802,1.7849215865135193,2.3374173521995543
bike,dune_bayes,195,dispersion,0.6342069000005722,1.0641602873802185,1.6990941405296314
bike,dune_bayes,196,dispersion,0.614314791560173,0.9903355836868286,1.5411172211170197
bike,dune_bayes,197,dispersion,0.8272475272417069,1.296276867389679,1.9306810379028314
bike,dune_bayes,198,dispersion,0.884501451253891,1.3796822428703308,2.0232295036315917
bike,dune_bayes,199,dispersion,1.0008509129285812,1.4989416003227234,2.072001600265503
bike,dune_bayes,200,dispersion,1.2155737161636353,1.7440170645713806,2.3206312656402583
bike,dune_bayes,201,dispersion,1.0881590306758882,1.624654233455658,2.2777808904647827
bike,dune_bayes,202,dispersion,0.6702690482139587,1.0666420459747314,1.5774355292320248
bike,dune_bayes,203,dispersion,0.6662859380245209,1.0571794509887695,1.5790013194084163
bike,dune_bayes,204,dispersion,0.7567102968692779,1.156688153743744,1.6633151173591614
bike,dune_bayes,205,dispersion,1.020614790916443,1.5064681768417358,2.0635082244873044
bike,dune_bayes,206,dispersion,1.337701779603958,1.8376311659812927,2.364137268066406
bike,dune_bayes,207,dispersion,0.48470204323530197,0.7548741102218628,1.150760793685913
bike,dune_bayes,208,dispersion,0.5115224093198776,0.870598316192627,1.3847050905227656
bike,dune_bayes,209,dispersion,0.5543937265872956,0.9357401132583618,1.482238709926605
bike,dune_bayes,210,dispersion,0.6195849716663361,1.0259060263633728,1.5689341545104978
bike,dune_bayes,211,dispersion,1.170377218723297,1.602218508720398,2.0428632974624628
bike,dune_bayes,212,dispersion,1.3077887892723083,1.831130027770996,2.3961792469024656
bike,dune_bayes,213,dispersion,1.5112224221229553,2.0935455560684204,2.740262329578399
bike,dune_bayes,214,dispersion,1.622741323709488,2.259792447090149,2.954872417449951
bike,dune_bayes,215,dispersion,1.5717970430850983,2.202060341835022,2.8659532189369203
bike,dune_bayes,216,dispersion,0.33513485789299013,0.6081327795982361,0.9602811366319653
bike,dune_bayes,217,dispersion,0.7366917490959167,1.0977451801300049,1.5168627023696897
bike,dune_bayes,218,dispersion,1.1676021575927735,1.6258946061134338,2.132571852207183
bike,dune_bayes,219,dispersion,1.1851230263710022,1.6458241939544678,2.1700817823410032
bike,dune_bayes,220,dispersion,0.3226878598332405,0.5877739191055298,0.9980905652046203
bike,dune_bayes,221,dispersion,0.2602907031774521,0.4697552025318146,0.7754319101572035
bike,dune_bayes,222,dispersion,0.24852596521377565,0.4388335794210434,0.7151607871055602
bike,dune_bayes,223,dispersion,0.27245007157325746,0.4697433114051819,0.7342556565999985
bike,dune_bayes,224,dispersion,0.2889104649424553,0.4824041277170181,0.7451765090227127
bike,dune_bayes,225,dispersion,0.39417539685964587,0.6202765703201294,0.9760867208242413
bike,dune_bayes,226,dispersion,0.6969317942857742,0.973790317773819,1.302011680603027
bike,dune_bayes,227,dispersion,0.5545671164989472,0.8031491339206696,1.138275736570358
bike,dune_bayes,228,dispersion,0.3676201894879341,0.5918821096420288,0.9462662160396573
bike,dune_bayes,229,dispersion,0.37265111356973646,0.6456037759780884,1.0788036465644835
bike,dune_bayes,230,dispersion,0.3706625059247017,0.7234492003917694,1.2787301599979393
bike,dune_bayes,231,dispersion,0.4081205531954765,0.80629563331604,1.4559606432914733
bike,dune_bayes,232,dispersion,0.5941595405340194,0.9402408599853516,1.4079148292541495
bike,dune_bayes,233,dispersion,0.4589518293738365,0.7326970100402832,1.1168624460697174
bike,dune_bayes,234,dispersion,0.4275585725903511,0.6835943758487701,1.054746627807617
bike,dune_bayes,235,dispersion,0.78104487657547,1.1820860505104065,1.64957023859024
bike,dune_bayes,236,dispersion,1.0575468838214874,1.4336240887641907,1.8579977452754972
bike,dune_bayes,237,dispersion,1.016720813512802,1.401191532611847,1.8099204182624815
bike,dune_bayes,238,dispersion,0.5927468329668045,0.9226712882518768,1.4087077438831324
bike,dune_bayes,239,dispersion,0.3858605086803436,0.6048027575016022,0.9490353524684905
bike,dune_bayes,240,dispersion,0.33782492876052855,0.5450895428657532,0.8858569145202636
bike,dune_bayes,241,dispersion,0.3535778596997261,0.5334008932113647,0.8359128415584562
bike,dune_bayes,242,dispersion,0.7010614722967148,0.9538526833057404,1.251732039451599
bike,dune_bayes,243,dispersion,0.4390979647636414,0.609795868396759,0.8532518535852431
bike,dune_bayes,244,dispersion,0.5373764634132385,0.7689821422100067,1.0239745080471039
bike,dune_bayes,245,dispersion,0.6077348530292511,0.8482818007469177,1.1059341251850126
bike,dune_bayes,246,dispersion,0.6363544583320617,0.8553774356842041,1.0853086173534392
bike,dune_bayes,247,dispersion,0.7755484819412232,1.0463522672653198,1.325263077020645
bike,dune_bayes,248,dispersion,0.8742402464151382,1.1711989641189575,1.490954577922821
bike,dune_bayes,249,dispersion,0.8043974995613098,1.0555862188339233,1.317564994096756
bike,dune_bayes,250,dispersion,0.9634346067905426,1.220554232597351,1.5298846423625947
bike,dune_bayes,251,dispersion,0.9958068996667861,1.3033648133277893,1.646218711137771
bike,dune_bayes,252,dispersion,1.0095646321773528,1.3192076086997986,1.652992290258407
bike,dune_bayes,253,dispersion,0.2892293184995651,0.45763592422008514,0.7563790261745451
bike,dune_bayes,254,dispersion,0.3061165392398834,0.4675929844379425,0.7443815499544143
bike,dune_bayes,255,dispersion,0.18365187719464304,0.3703337013721466,0.7352266490459439
bike,dune_bayes,256,dispersion,0.18271801546216013,0.3883116990327835,0.8546784877777096
bike,dune_bayes,257,dispersion,0.15978860929608346,0.3601541072130203,0.8509963721036908
bike,dune_bayes,258,dispersion,0.1741751939058304,0.3685503602027893,0.8082610160112379
bike,dune_bayes,259,dispersion,0.25023443028330805,0.4733753651380539,0.8464646399021141
bike,dune_bayes,260,dispersion,0.46318764686584474,0.8473507463932037,1.4524931728839874
bike,dune_bayes,261,dispersion,0.6162237733602524,0.9634314179420471,1.37731831073761
bike,dune_bayes,262,dispersion,0.7527761220932007,1.0674606561660767,1.4335506916046143
bike,dune_bayes,263,dispersion,0.46020113825798037,0.7269191145896912,1.0267478764057159
bike,dune_bayes,264,dispersion,0.648265078663826,0.9407595992088318,1.2977243602275845
bike,dune_bayes,265,dispersion,0.9161936342716217,1.2983121871948242,1.7274821162223815
bike,dune_bayes,266,dispersion,1.023492169380188,1.5466832518577576,2.1807721138000487
bike,dune_bayes,267,dispersion,1.6882211446762085,2.1789705753326416,2.7296096801757814
bike,dune_bayes,268,dispersion,1.0091461837291718,1.3805458545684814,1.7899895131587982
bike,dune_bayes,269,dispersion,0.8637340843677521,1.2278808951377869,1.6904246270656582
bike,dune_bayes,270,dispersion,0.9114423722028733,1.3154891729354858,1.789618462324142
bike,dune_bayes,271,dispersion,1.0319813668727875,1.481993854045868,1.9668691992759704
bike,dune_bayes,272,dispersion,0.4652925685048103,0.7437951564788818,1.13316633105278
bike,dune_bayes,273,dispersion,0.8332168936729432,1.256711483001709,1.7588930547237391
bike,dune_bayes,274,dispersion,1.033169448375702,1.4324305057525635,1.8907072484493255
bike,dune_bayes,275,dispersion,1.4412275075912475,1.8992774486541748,2.390743732452392
bike,dune_bayes,276,dispersion,1.4436178982257843,1.8577020168304443,2.329906380176544
bike,dune_bayes,277,dispersion,1.510893499851227,1.933129906654358,2.422427761554718
bike,dune_bayes,278,dispersion,1.3192284643650054,1.7135090231895447,2.1561717152595516
bike,dune_bayes,279,dispersion,0.6856335252523422,1.0189116597175598,1.4442641735076904
bike,dune_bayes,280,dispersion,0.6021605104207992,0.8503327071666718,1.1354030728340145
bike,dune_bayes,281,dispersion,1.2804591357707977,1.781822144985199,2.3102012038230897
bike,dune_bayes,282,dispersion,0.7521079897880555,1.1552046537399292,1.63821821808815
bike,dune_bayes,283,dispersion,0.2342154085636139,0.5231990218162537,1.0455074727535245
bike,dune_bayes,284,dispersion,0.3915622472763062,0.793783038854599,1.4148797631263728
bike,dune_bayes,285,dispersion,0.7096439719200134,1.0395772457122803,1.473496890068054
bike,dune_bayes,286,dispersion,0.9295993208885193,1.3361318707466125,1.8465446352958679
bike,dune_bayes,287,dispersion,0.9295993208885193,1.3361318707466125,1.8465446352958679
bike,dune_bayes,288,dispersion,0.46020113825798037,0.7269191145896912,1.0267478764057159
bike,dune_bayes,289,dispersion,0.48333512544631957,0.7390609681606293,1.0439017355442046
bike,dune_bayes,290,dispersion,0.6661574989557266,0.9481502175331116,1.2884823739528655
bike,dune_bayes,291,dispersion,1.1347438097000122,1.6464391350746155,2.248381221294402
bike,dune_bayes,292,dispersion,0.9496072560548783,1.2717739939689636,1.6009554326534268
bike,dune_bayes,293,dispersion,1.0287026584148407,1.4093552231788635,1.8607191145420074
bike,dune_bayes,294,dispersion,0.9988559931516647,1.4303283095359802,1.910446107387542
bike,dune_bayes,295,dispersion,1.0592860519886016,1.5111865401268005,2.0003267765045165
bike,dune_bayes,296,dispersion,0.7415505230426789,1.2625930905342102,1.9248278856277459
bike,dune_bayes,297,dispersion,1.310577780008316,1.7290385961532593,2.2098713755607604
bike,dune_bayes,298,dispersion,1.379067701101303,1.8015417456626892,2.262065017223358
bike,dune_bayes,299,dispersion,1.310577780008316,1.7290385961532593,2.2098713755607604
bike,dune_bayes,300,dispersion,1.5638407349586487,2.0454529523849487,2.560799968242645
bike,dune_bayes,301,dispersion,0.29922550916671753,0.5280953049659729,0.987478747963905
bike,dune_bayes,302,dispersion,0.36832065880298615,0.632878839969635,1.0893052339553833
bike,dune_bayes,303,dispersion,0.38344588279724123,0.6951824724674225,1.246673983335495
bike,dune_bayes,304,dispersion,0.5184762448072433,0.888245552778244,1.4483626008033748
bike,dune_bayes,305,dispersion,0.8158256858587265,1.278990924358368,1.825006067752838
bike,dune_bayes,306,dispersion,0.8114936321973801,1.2353840470314026,1.7289616167545319
bike,dune_bayes,307,dispersion,0.8027311980724334,1.265497624874115,1.8349350929260253
bike,dune_bayes,308,dispersion,1.0598419785499573,1.4113152623176575,1.8225550293922423
bike,dune_bayes,309,dispersion,0.6076059222221375,0.8296069800853729,1.1126111388206479
bike,dune_bayes,310,dispersion,1.230334323644638,1.6201708912849426,2.040754914283752
bike,dune_bayes,311,dispersion,1.0982493579387664,1.5833909511566162,2.144553732872009
bike,dune_bayes,312,dispersion,1.092616069316864,1.5833496451377869,2.1338167667388905
bike,dune_bayes,313,dispersion,0.6336042225360871,0.8770992755889893,1.1778864324092864
bike,dune_bayes,314,dispersion,0.47812953889369963,0.6870363354682922,0.9636266767978667
bike,dune_bayes,315,dispersion,0.7207228690385818,1.0299001932144165,1.4211342692375184
bike,dune_bayes,316,dispersion,0.7687921702861786,1.1069924235343933,1.5448814034461975
bike,dune_bayes,317,dispersion,0.7449274271726608,1.1587472558021545,1.6989046514034272
bike,dune_bayes,318,dispersion,0.7878036797046661,1.1953305006027222,1.7237792611122131
bike,dune_bayes,319,dispersion,0.7165753364562989,1.1120085716247559,1.6497290968894958
bike,dune_bayes,320,dispersion,0.9103073686361313,1.3748132586479187,1.9277354776859283
bike,dune_bayes,321,dispersion,0.9084105223417283,1.4084658026695251,2.047583591938019
bike,dune_bayes,322,dispersion,0.8567882120609284,1.434104084968567,2.173294579982757
bike,dune_bayes,323,dispersion,1.242350023984909,1.9076281785964966,2.7009214043617242
bike,dune_bayes,324,dispersion,0.5124669343233108,0.8161787390708923,1.2746372878551482
bike,dune_bayes,325,dispersion,0.43835689723491666,0.7211294770240784,1.1644254267215728
bike,dune_bayes,326,dispersion,1.0091461837291718,1.3805458545684814,1.7899895131587982
bike,dune_bayes,327,dispersion,0.42355257272720337,0.6435243189334869,0.9733754694461818
bike,dune_bayes,328,dispersion,0.8531648874282837,1.2039415836334229,1.5918567061424254
bike,dune_bayes,329,dispersion,1.4257577419281007,1.9041320085525513,2.3877020955085744
bike,dune_bayes,330,dispersion,1.5380276322364808,2.009613275527954,2.575189125537872
bike,dune_bayes,331,dispersion,1.254083949327469,1.6823023557662964,2.185431754589081
bike,dune_bayes,332,dispersion,0.3955317512154579,0.6740041971206665,1.1046108961105345
bike,dune_bayes,333,dispersion,0.3534233048558235,0.6115832924842834,1.0571812212467193
bike,dune_bayes,334,dispersion,0.363204750418663,0.6107178926467896,0.993931323289871
bike,dune_bayes,335,dispersion,0.3455874666571617,0.580242246389389,0.9539228647947311
bike,dune_bayes,336,dispersion,0.3379460647702217,0.5624358057975769,0.9335743337869641
bike,dune_bayes,337,dispersion,0.3379460647702217,0.5624358057975769,0.9335743337869641
bike,dune_bayes,338,dispersion,0.3313993215560913,0.5480677783489227,0.9115582495927804
bike,dune_bayes,339,dispersion,0.2900993451476097,0.5112370848655701,0.9025758653879162
bike,dune_bayes,340,dispersion,1.232886952161789,1.7289281487464905,2.271152102947235
bike,dune_bayes,341,dispersion,1.232886952161789,1.7289281487464905,2.271152102947235
bike,dune_bayes,342,dispersion,1.180092489719391,1.5400633215904236,1.952263879776001
bike,dune_bayes,343,dispersion,0.6888044953346253,0.9286803007125854,1.2508692800998686
bike,dune_bayes,344,dispersion,0.7367611676454544,1.0186898112297058,1.3674415647983549
bike,dune_bayes,345,dispersion,0.8276156127452851,1.1818419098854065,1.5935901880264283
bike,dune_bayes,346,dispersion,0.9106028497219085,1.298073410987854,1.727130228281021
bike,dune_bayes,347,dispersion,0.8913579761981965,1.271548867225647,1.7178701996803283
bike,dune_bayes,348,dispersion,0.32562727481126785,0.5536346733570099,0.9181492030620573
bike,dune_bayes,349,dispersion,0.47144096344709396,0.7004555463790894,0.9966541528701782
bike,dune_bayes,350,dispersion,0.6221000880002976,0.9504412710666656,1.413578361272812
bike,dune_bayes,351,dispersion,0.9125765532255172,1.2855509519577026,1.7571772456169128
bike,dune_bayes,352,dispersion,0.6725933969020843,0.9481974542140961,1.2699417650699614
bike,dune_bayes,353,dispersion,0.6567227333784104,0.9223747849464417,1.2413238942623137
bike,dune_bayes,354,dispersion,0.2675046920776367,0.45105715095996857,0.730456095933914
bike,dune_bayes,355,dispersion,0.8425326347351074,1.1592148542404175,1.5333663165569305
bike,dune_bayes,356,dispersion,0.666229847073555,0.9516613781452179,1.3272966325283047
bike,dune_bayes,357,dispersion,0.5314829230308533,0.7773422598838806,1.093841230869293
bike,dune_bayes,358,dispersion,0.5174343973398209,0.7707157731056213,1.0904884338378906
bike,dune_bayes,359,dispersion,1.548960667848587,2.0033113956451416,2.5248784899711603
bike,dune_bayes,360,dispersion,1.2735981702804566,1.7180368304252625,2.1846369266510006
bike,dune_bayes,361,dispersion,1.111231166124344,1.6124926209449768,2.142236006259918
bike,dune_bayes,362,dispersion,0.7729337632656097,1.026756763458252,1.340667766332626
bike,dune_bayes,363,dispersion,0.6144985377788543,0.8472915291786194,1.125682097673416
bike,dune_bayes,364,dispersion,1.015096938610077,1.3507240414619446,1.7327114939689636
bike,dune_bayes,365,dispersion,1.3655911326408385,1.870881199836731,2.447413551807403
bike,dune_bayes,366,dispersion,1.338936799764633,1.856140673160553,2.3924342155456535
bike,dune_bayes,367,dispersion,1.3290590405464173,1.785836100578308,2.3339252591133115
bike,dune_bayes,368,dispersion,0.609005069732666,0.794616311788559,1.0203155934810637
bike,dune_bayes,369,dispersion,0.4916154995560646,0.7139683961868286,0.9832842707633971
bike,dune_bayes,370,dispersion,0.8665178269147873,1.1029926538467407,1.3772263288497923
bike,dune_bayes,371,dispersion,1.1958503484725953,1.5874486565589905,2.010962200164794
bike,dune_bayes,372,dispersion,0.4778683826327324,0.6437687277793884,0.8761686682701111
bike,dune_bayes,373,dispersion,0.4534564435482025,0.6283999681472778,0.8643955916166305
bike,dune_bayes,374,dispersion,0.8620337396860123,1.101737916469574,1.3759816229343411
bike,dune_bayes,375,dispersion,0.9229540556669236,1.179675281047821,1.4761218130588527
bike,dune_bayes,376,dispersion,0.762231382727623,0.9765828847885132,1.2114017784595483
bike,dune_bayes,377,dispersion,0.42704841643571856,0.6388804018497467,0.9463587731122969
bike,dune_bayes,378,dispersion,0.38073623031377796,0.5678761899471283,0.8224223673343658
bike,dune_bayes,379,dispersion,0.4433663010597229,0.6495493948459625,0.9092862486839294
bike,dune_bayes,380,dispersion,0.28985441029071807,0.4753198176622391,0.7654539108276361
bike,dune_bayes,381,dispersion,0.3163786053657532,0.48736314475536346,0.7476622372865677
bike,dune_bayes,382,dispersion,0.27125833034515384,0.43930506706237793,0.7252790898084638
bike,dune_bayes,383,dispersion,0.22785540893673897,0.40957406163215637,0.7019317358732216
bike,dune_bayes,384,dispersion,0.22584358900785448,0.4103301018476486,0.7081571489572525
bike,dune_bayes,385,dispersion,0.24395462349057198,0.41870251297950745,0.6773539304733275
bike,dune_bayes,386,dispersion,0.2926348581910133,0.4773723632097244,0.7390541017055511
bike,dune_bayes,387,dispersion,0.48489418476819995,0.7598484754562378,1.1221875786781303
bike,dune_bayes,388,dispersion,0.6606940686702728,0.9662980437278748,1.3208262622356415
bike,dune_bayes,389,dispersion,0.2889104649424553,0.4824041277170181,0.7451765090227127
bike,dune_bayes,390,dispersion,0.3044764265418053,0.5120795667171478,0.8262727051973342
bike,dune_bayes,391,dispersion,0.8977361023426056,1.3030980825424194,1.7593416452407835
bike,dune_bayes,392,dispersion,0.9650756061077118,1.3336269855499268,1.7345866560935974
bike,dune_bayes,393,dispersion,0.9650756061077118,1.3336269855499268,1.7345866560935974
bike,dune_bayes,394,dispersion,0.7183520913124084,0.9640308320522308,1.2158746182918545
bike,dune_bayes,395,dispersion,0.7435343146324158,0.9729282557964325,1.2021873652935027
bike,dune_bayes,396,dispersion,0.517653864622116,0.8070892691612244,1.1589740335941314
bike,dune_bayes,397,dispersion,0.7731912344694137,0.9919306635856628,1.2128762304782867
bike,dune_bayes,398,dispersion,1.0503870666027069,1.4491931796073914,1.9201333463191985
bike,dune_bayes,399,dispersion,1.0400459408760072,1.3908272981643677,1.808090847730636
bike,dune_bayes,400,dispersion,1.0490456819534302,1.5090283751487732,1.9936149656772602
bike,dune_bayes,401,dispersion,1.0657267808914184,1.398027241230011,1.7836273670196532
bike,dune_bayes,402,dispersion,1.0561598420143128,1.4361381530761719,1.8569831788539886
bike,dune_bayes,403,dispersion,0.4766724735498428,0.6904741823673248,0.9419597715139388
bike,dune_bayes,404,dispersion,0.5855724006891251,0.7854038178920746,1.019628995656967
bike,dune_bayes,405,dispersion,1.1944844007492066,1.5899640321731567,2.0480570077896116
bike,dune_bayes,406,dispersion,1.1255753695964814,1.51261568069458,1.9478898763656616
bike,dune_bayes,407,dispersion,1.1871980607509613,1.6024143695831299,2.0679608583450317
bike,dune_bayes,408,dispersion,1.0867429316043853,1.4449282884597778,1.854009997844696
bike,dune_bayes,409,dispersion,1.0128543317317962,1.3244277834892273,1.666729336977005
bike,dune_bayes,410,dispersion,1.0872449815273284,1.6433733105659485,2.2504371643066405
bike,dune_bayes,411,dispersion,1.2497277557849884,1.6963894963264465,2.221791386604309
bike,dune_bayes,412,dispersion,1.1175716936588287,1.4686948657035828,1.8694727718830106
bike,dune_bayes,413,dispersion,0.7117768347263336,1.0532957315444946,1.4932633519172667
bike,dune_bayes,414,dispersion,1.227504849433899,1.5987666845321655,2.0149250864982604
bike,dune_bayes,415,dispersion,1.595127135515213,2.038241147994995,2.560516083240509
bike,dune_bayes,416,dispersion,1.0529970228672028,1.480193853378296,1.9973428070545196
bike,dune_bayes,417,dispersion,0.7664782255887985,1.1087565422058105,1.5502187430858607
bike,dune_bayes,418,dispersion,0.4702455222606659,0.7338235080242157,1.1474168062210077
bike,dune_bayes,419,dispersion,0.5618512243032455,0.8639063537120819,1.3055497109889982
bike,dune_bayes,420,dispersion,0.4594087362289429,0.7545193731784821,1.139925593137741
bike,dune_bayes,421,dispersion,0.6068176418542862,0.9508210122585297,1.3334424912929534
bike,dune_bayes,422,dispersion,0.7670653015375137,1.1407741904258728,1.546199768781662
bike,dune_bayes,423,dispersion,0.6337780267000198,0.9983311593532562,1.4088054895400999
bike,dune_bayes,424,dispersion,0.522414755821228,0.8358800113201141,1.1960858464241026
bike,dune_bayes,425,dispersion,0.4127798318862915,0.6810026168823242,1.0034944653511046
bike,dune_bayes,426,dispersion,0.3597974479198456,0.6099886894226074,0.9310866117477417
bike,dune_bayes,427,dispersion,0.3314794510602951,0.5711605548858643,0.8827660501003263
bike,dune_bayes,428,dispersion,0.5457838773727417,0.8510944843292236,1.1938199818134305
bike,dune_bayes,429,dispersion,0.5090487658977508,0.807918906211853,1.1864119291305542
bike,dune_bayes,430,dispersion,1.478392243385315,2.1088396310806274,2.7724030017852783
bike,dune_bayes,431,dispersion,1.162266993522644,1.5895631909370422,2.0979745864868162
bike,dune_bayes,432,dispersion,0.41818669736385344,0.6910145878791809,1.014984732866287
bike,dune_bayes,433,dispersion,0.522414755821228,0.8358800113201141,1.1960858464241026
bike,dune_bayes,434,dispersion,0.881977429986,1.2825968265533447,1.738999330997467
bike,dune_bayes,435,dispersion,0.572440329194069,0.8903583288192749,1.331009185314178
bike,dune_bayes,436,dispersion,0.48144985288381575,0.7773094177246094,1.176470685005188
bike,dune_bayes,437,dispersion,0.6026527732610703,0.9433678388595581,1.4479934394359586
bike,dune_bayes,438,dispersion,0.46472161114215854,0.7162073850631714,1.0847759723663328
bike,dune_bayes,439,dispersion,0.7958954632282257,1.1991388201713562,1.635448390245437
bike,dune_bayes,440,dispersion,0.5494056046009064,0.8928630650043488,1.3573722839355469
bike,dune_bayes,441,dispersion,0.7121193528175354,1.0224932432174683,1.3716615438461301
bike,dune_bayes,442,dispersion,0.5912229239940644,0.832970142364502,1.1254092216491698
bike,dune_bayes,443,dispersion,0.602457982301712,0.8554427027702332,1.1571623921394347
bike,dune_bayes,444,dispersion,0.5549706786870956,0.7913333773612976,1.0655480563640594
bike,dune_bayes,445,dispersion,1.5249449372291566,2.025385022163391,2.6350793361663816
bike,dune_bayes,446,dispersion,1.4993724584579469,2.011033058166504,2.609356904029846
bike,dune_bayes,447,dispersion,1.4512753248214723,1.970582127571106,2.5788877844810485
bike,dune_bayes,448,dispersion,1.4177390575408935,1.9163315892219543,2.481792330741882
bike,dune_bayes,449,dispersion,1.342137336730957,1.796129286289215,2.3000565767288204
bike,dune_bayes,450,dispersion,1.342137336730957,1.796129286289215,2.3000565767288204
bike,dune_bayes,451,dispersion,1.488316923379898,1.9978263974189758,2.578977012634277
bike,dune_bayes,452,dispersion,1.4669109463691712,2.1661297082901,2.828857147693634
bike,dune_bayes,453,dispersion,0.5353688359260559,0.7912876307964325,1.155580699443817
bike,dune_bayes,454,dispersion,0.5726491272449493,0.832958310842514,1.1946256875991819
bike,dune_bayes,455,dispersion,1.0412782609462738,1.4635191559791565,1.9632613122463225
bike,dune_bayes,456,dispersion,0.7874407172203064,1.1095207929611206,1.4956889986991881
bike,dune_bayes,457,dispersion,0.9625977128744125,1.3504379987716675,1.8469283938407897
bike,dune_bayes,458,dispersion,0.8232205867767335,1.1528695225715637,1.5449889957904814
bike,dune_bayes,459,dispersion,0.7641649872064591,1.096805453300476,1.5009065389633178
bike,dune_bayes,460,dispersion,0.746729189157486,1.1289792656898499,1.647667998075485
bike,dune_bayes,461,dispersion,0.8560602962970734,1.1984552145004272,1.6056923568248749
bike,dune_bayes,462,dispersion,0.6251461267471313,0.8854818642139435,1.201364630460739
bike,dune_bayes,463,dispersion,0.27658145874738693,0.4526604264974594,0.7151027172803878
bike,dune_bayes,464,dispersion,0.34524186551570896,0.5343130230903625,0.7790210247039794
bike,dune_bayes,465,dispersion,0.3601659044623375,0.588899552822113,0.8619594126939772
bike,dune_bayes,466,dispersion,0.570628446340561,0.7734212279319763,1.0165364027023314
bike,dune_bayes,467,dispersion,0.6478616952896118,0.8777877390384674,1.1352582871913908
bike,dune_bayes,468,dispersion,0.5625924855470658,0.7809263467788696,1.0215472102165222
bike,dune_bayes,469,dispersion,0.32496403604745866,0.522889256477356,0.8683871418237686
bike,dune_bayes,470,dispersion,0.13103025630116463,0.2797948122024536,0.6314069300889967
bike,dune_bayes,471,dispersion,0.19694799855351447,0.3683948218822479,0.7220922917127609
bike,dune_bayes,472,dispersion,0.38567700386047366,0.6585955321788788,1.0556757688522338
bike,dune_bayes,473,dispersion,0.4268206298351288,0.6932440400123596,1.0817192018032071
bike,dune_bayes,474,dispersion,0.35818619281053543,0.6152278482913971,1.0553255617618558
bike,dune_bayes,475,dispersion,0.5605135709047318,0.8111662566661835,1.1301012039184568
bike,dune_bayes,476,dispersion,0.7143279016017914,1.0322797894477844,1.4040751516819
bike,dune_bayes,477,dispersion,1.043445235490799,1.4114282727241516,1.799218118190765
bike,dune_bayes,478,dispersion,1.3259400486946107,1.783202350139618,2.254528450965881
bike,dune_bayes,479,dispersion,0.31060960739850996,0.515081375837326,0.8645214855670929
bike,dune_bayes,480,dispersion,0.3225654274225235,0.5111196935176849,0.839870300889015
bike,dune_bayes,481,dispersion,0.4203247785568237,0.5960184037685394,0.8634937822818756
bike,dune_bayes,482,dispersion,0.5364301651716232,0.7391558587551117,0.9968648076057433
bike,dune_bayes,483,dispersion,1.1944844007492066,1.5899640321731567,2.0480570077896116
bike,dune_bayes,484,dispersion,1.0918582081794739,1.4259836077690125,1.8067094266414638
bike,dune_bayes,485,dispersion,0.5188244432210922,0.7319107949733734,0.9797978162765503
bike,dune_bayes,486,dispersion,0.40773305147886274,0.6043145954608917,0.8766584903001784
bike,dune_bayes,487,dispersion,1.0296534299850464,1.349889099597931,1.7171985089778898
bike,dune_bayes,488,dispersion,1.1552212476730346,1.5205938816070557,1.9279466927051543
bike,dune_bayes,489,dispersion,1.1871980607509613,1.6024143695831299,2.0679608583450317
bike,dune_bayes,490,dispersion,1.230899566411972,1.6871027946472168,2.203295302391052
bike,dune_bayes,491,dispersion,1.0392452120780944,1.4993404746055603,2.0252001404762265
bike,dune_bayes,492,dispersion,0.9258240759372711,1.2904146909713745,1.7684565305709834
bike,dune_bayes,493,dispersion,0.9561838030815124,1.3921669125556946,1.929768449068069
bike,dune_bayes,494,dispersion,0.9545139133930206,1.4145659804344177,1.996799862384796
bike,dune_bayes,495,dispersion,0.9545139133930206,1.4145659804344177,1.996799862384796
bike,dune_bayes,496,dispersion,0.9239806503057479,1.3674026727676392,1.9328930020332336
bike,dune_bayes,497,dispersion,0.7108816921710968,0.9718189835548401,1.3147296607494354
bike,dune_bayes,498,dispersion,0.754348075389862,1.0537922382354736,1.4210669755935665
bike,dune_bayes,499,dispersion,0.8141793310642242,1.1768279671669006,1.6592417359352112
bike,dune_bayes,500,dispersion,1.0339788854122163,1.4185729622840881,1.8669484674930568
bike,dune_bayes,501,dispersion,0.5873409658670425,0.9264823198318481,1.3434132993221284
bike,dune_bayes,502,dispersion,0.19844380170106887,0.3929179012775421,0.7390286803245542
bike,dune_bayes,503,dispersion,0.19844380170106887,0.3929179012775421,0.7390286803245542
bike,dune_bayes,504,dispersion,0.4263863876461983,0.602588027715683,0.8662228018045423
bike,dune_bayes,505,dispersion,0.4877553090453148,0.6999880373477936,0.9495820432901381
bike,dune_bayes,506,dispersion,0.9779596716165543,1.2764264345169067,1.6183270156383514
bike,dune_bayes,507,dispersion,0.983467435836792,1.346014678478241,1.7317498147487635
bike,dune_bayes,508,dispersion,1.059007078409195,1.4709687232971191,1.9302768886089323
bike,dune_bayes,509,dispersion,1.0253492712974548,1.4649052619934082,1.9575582444667814
bike,dune_bayes,510,dispersion,1.079519110918045,1.4696054458618164,1.8852027177810666
bike,dune_bayes,511,dispersion,1.0140967190265655,1.3588407635688782,1.729075175523758
bike,dune_bayes,512,dispersion,0.8742402464151382,1.1711989641189575,1.490954577922821
bike,dune_bayes,513,dispersion,0.7266580075025558,0.9599458873271942,1.1984724283218384
bike,dune_bayes,514,dispersion,0.5526660412549973,0.7308854460716248,0.9407787859439849
bike,dune_bayes,515,dispersion,0.4815859138965607,0.669072151184082,0.8939118057489395
bike,dune_bayes,516,dispersion,0.4558031424880028,0.6482848823070526,0.8881469845771788
bike,dune_bayes,517,dispersion,0.39524365961551666,0.5766749978065491,0.8258798867464063
bike,dune_bayes,518,dispersion,0.7977072834968567,1.014360785484314,1.2724437952041625
bike,dune_bayes,519,dispersion,0.6985142976045609,0.9326833486557007,1.186723220348358
bike,dune_bayes,520,dispersion,0.7974103540182114,1.209229052066803,1.7107667028903955
bike,dune_bayes,521,dispersion,0.9154128789901733,1.303906261920929,1.805379700660705
bike,dune_bayes,522,dispersion,0.9098192125558854,1.3190209865570068,1.8238090634346007
bike,dune_bayes,523,dispersion,0.31897882670164107,0.5679756104946136,0.9472298651933666
bike,dune_bayes,524,dispersion,0.9435276478528977,1.3604629635810852,1.8725136518478391
bike,dune_bayes,525,dispersion,0.9075171917676925,1.3059563040733337,1.799662059545517
bike,dune_bayes,526,dispersion,0.7614584624767303,1.1608651876449585,1.682369267940521
bike,dune_bayes,527,dispersion,0.5688802272081376,0.9813169538974762,1.6099258244037626
bike,dune_bayes,528,dispersion,0.6623768240213395,0.9176875352859497,1.210920065641403
bike,dune_bayes,529,dispersion,0.24062550365924837,0.41189076006412506,0.7015388041734691
bike,dune_bayes,530,dispersion,0.19663364291191102,0.3824837654829025,0.7352651864290233
bike,dune_bayes,531,dispersion,0.6738501727581024,0.9207955896854401,1.232586681842804
bike,dune_bayes,532,dispersion,0.5195355206727982,0.7404789626598358,0.9836187511682509
bike,dune_bayes,533,dispersion,0.4199310034513474,0.6033701300621033,0.852226087450981
bike,dune_bayes,534,dispersion,0.4227955535054207,0.6036546528339386,0.869969967007637
bike,dune_bayes,535,dispersion,0.3850601717829704,0.5553358495235443,0.8168384045362467
bike,dune_bayes,536,dispersion,0.5915327876806259,0.8789793848991394,1.209119290113449
bike,dune_bayes,537,dispersion,0.7867810517549515,1.0399116277694702,1.3438697934150694
bike,dune_bayes,538,dispersion,0.5074660360813141,0.7021728456020355,0.9600330203771591
bike,dune_bayes,539,dispersion,0.9916671186685563,1.3275688290596008,1.7187270402908323
bike,dune_bayes,540,dispersion,1.0503870666027069,1.4491931796073914,1.9201333463191985
bike,dune_bayes,541,dispersion,1.0686898291110993,1.580676257610321,2.1238532781600945
bike,dune_bayes,542,dispersion,0.5702694684267045,0.9378424882888794,1.3958420991897582
bike,dune_bayes,543,dispersion,0.795684865117073,1.0805071592330933,1.4265785098075865
bike,dune_bayes,544,dispersion,0.18733921647071838,0.347462996840477,0.6700079351663589
bike,dune_bayes,545,dispersion,0.18442377001047133,0.31980280578136444,0.585642436146736
bike,dune_bayes,546,dispersion,0.1921018250286579,0.3461803197860718,0.6547466486692424
bike,dune_bayes,547,dispersion,0.29475810676813125,0.4827587306499481,0.7550183117389676
bike,dune_bayes,548,dispersion,0.3061165392398834,0.4675929844379425,0.7443815499544143
bike,dune_bayes,549,dispersion,0.38247657716274264,0.5495959520339966,0.8208774954080579
bike,dune_bayes,550,dispersion,0.3579179123044014,0.5703500211238861,0.8906751364469525
bike,dune_bayes,551,dispersion,0.4038281187415123,0.6728684902191162,1.0221661508083342
bike,dune_bayes,552,dispersion,0.40773106515407564,0.7357416450977325,1.1604116559028623
bike,dune_bayes,553,dispersion,0.4093809947371483,0.7090996205806732,1.1078259527683254
bike,dune_bayes,554,dispersion,0.4156651645898819,0.634447455406189,0.9638743519783017
bike,dune_bayes,555,dispersion,0.33944126665592195,0.5191661715507507,0.8174118787050246
bike,dune_bayes,556,dispersion,0.5023294046521187,0.7301814258098602,1.0253248870372773
bike,dune_bayes,557,dispersion,0.6547240525484085,0.8810185492038727,1.1815949261188508
bike,dune_bayes,558,dispersion,0.6608809292316438,0.9184894561767578,1.225717622041702
bike,dune_bayes,559,dispersion,1.1552212476730346,1.5205938816070557,1.9279466927051543
bike,dune_bayes,560,dispersion,1.2442570984363557,1.6684650182724,2.1530900239944457
bike,dune_bayes,561,dispersion,1.018224036693573,1.5073281526565552,2.081180942058563
bike,dune_bayes,562,dispersion,1.0436463236808777,1.5421572923660278,2.1329998612403864
bike,dune_bayes,563,dispersion,0.6588125050067901,1.0220195055007935,1.5574846386909484
bike,dune_bayes,564,dispersion,0.7630741685628891,1.1309022307395935,1.5660508036613456
bike,dune_bayes,565,dispersion,0.6948117524385452,1.0214248299598694,1.3769529044628142
bike,dune_bayes,566,dispersion,0.8149047911167145,1.1653404235839844,1.5931249380111694
bike,dune_bayes,567,dispersion,0.8371125400066376,1.2412424087524414,1.7893658816814422
bike,dune_bayes,568,dispersion,0.30679941177368164,0.501905232667923,0.7821812748908996
bike,dune_bayes,569,dispersion,0.4004436179995537,0.624584436416626,0.913658809661865
bike,dune_bayes,570,dispersion,0.5837403327226639,0.832276314496994,1.1766431868076324
bike,dune_bayes,571,dispersion,0.8063496679067612,1.2142171263694763,1.703771901130676
bike,dune_bayes,572,dispersion,1.0367716491222383,1.4674822688102722,1.9619395911693571
bike,dune_bayes,573,dispersion,0.3401584208011627,0.5453895032405853,0.8439776659011836
bike,dune_bayes,574,dispersion,0.44854056984186175,0.6762025952339172,0.953164681792259
bike,dune_bayes,575,dispersion,0.7965081602334976,1.106691300868988,1.4403122305870055
bike,dune_bayes,576,dispersion,0.9646732687950135,1.3385663032531738,1.7499268054962156
bike,dune_bayes,577,dispersion,0.6845663845539094,1.0211490988731384,1.427067786455154
bike,dune_bayes,578,dispersion,0.3751530468463898,0.5839351117610931,0.8689828753471374
bike,dune_bayes,579,dispersion,0.8326104640960694,1.1555798053741455,1.538815873861312
bike,dune_bayes,580,dispersion,0.94308742582798,1.27498197555542,1.6519574344158172
bike,dune_bayes,581,dispersion,1.0114396512508392,1.3902114033699036,1.8216769158840178
bike,dune_bayes,582,dispersion,0.9881009727716445,1.3789128065109253,1.8108714103698726
bike,dune_bayes,583,dispersion,0.7168284565210342,1.1607040166854858,1.6820629775524139
bike,dune_bayes,584,dispersion,0.7038771212100983,1.0816537737846375,1.54833368062973
bike,dune_bayes,585,dispersion,0.651276457309723,1.0667254328727722,1.5733007311820983
bike,dune_bayes,586,dispersion,0.3520266830921173,0.5475485324859619,0.8704465627670288
bike,dune_bayes,587,dispersion,0.3520266830921173,0.5475485324859619,0.8704465627670288
bike,dune_bayes,588,dispersion,0.4807422772049904,0.6858416199684143,0.9172635555267334
bike,dune_bayes,589,dispersion,0.48026232272386554,0.6689374148845673,0.8878613024950027
bike,dune_bayes,590,dispersion,0.43121509850025175,0.6398147940635681,0.8997056365013122
bike,dune_bayes,591,dispersion,0.39047881811857227,0.5708627700805664,0.8330339878797531
bike,dune_bayes,592,dispersion,0.5445000529289246,0.7752879559993744,1.0318885862827298
bike,dune_bayes,593,dispersion,0.42706930786371233,0.630079448223114,0.881965285539627
bike,dune_bayes,594,dispersion,0.4372620716691017,0.6421479880809784,0.8960962325334548
bike,dune_bayes,595,dispersion,0.46024602800607683,0.6664036810398102,0.9164447158575056
bike,dune_bayes,596,dispersion,0.2983143851161003,0.47736507654190063,0.7551647663116454
bike,dune_bayes,597,dispersion,0.33821858912706376,0.5189667046070099,0.7867523312568664
bike,dune_bayes,598,dispersion,0.8487595796585083,1.231140673160553,1.7105573117732995
bike,dune_bayes,599,dispersion,0.7280013412237167,1.0079489350318909,1.38882942199707
bike,dune_bayes,600,dispersion,0.6716781914234162,0.936045229434967,1.309334909915924
bike,dune_bayes,601,dispersion,0.8109024643898011,1.1677367687225342,1.6624644517898557
bike,dune_bayes,602,dispersion,0.7893987774848938,1.2194347381591797,1.7536152362823485
bike,dune_bayes,603,dispersion,0.7701881498098373,1.0659706592559814,1.430794686079025
bike,dune_bayes,604,dispersion,0.9577922999858857,1.220629632472992,1.5461287438869475
bike,dune_bayes,605,dispersion,1.024410116672516,1.3244876861572266,1.6900755822658537
bike,dune_bayes,606,dispersion,1.024410116672516,1.3244876861572266,1.6900755822658537
bike,dune_bayes,607,dispersion,0.9127481043338775,1.2264217734336853,1.5713078379631042
bike,dune_bayes,608,dispersion,0.7453461527824402,1.0043413043022156,1.268623000383377
bike,dune_bayes,609,dispersion,0.6583863824605942,0.8914607763290405,1.1302654504776
bike,dune_bayes,610,dispersion,0.8350407242774963,1.232358992099762,1.6669541120529174
bike,dune_bayes,611,dispersion,0.9324843436479568,1.2414294481277466,1.583592879772186
bike,dune_bayes,612,dispersion,0.7875806152820587,1.1631651520729065,1.5808903992176047
bike,dune_bayes,613,dispersion,0.6311203390359879,0.9453031122684479,1.316959112882614
bike,dune_bayes,614,dispersion,0.5721842467784881,0.8349457681179047,1.1497804105281826
bike,dune_bayes,615,dispersion,0.9898054122924804,1.2851192951202393,1.617962896823883
bike,dune_bayes,616,dispersion,0.5176792204380035,0.822485089302063,1.1767280161380764
bike,dune_bayes,617,dispersion,0.4361279368400574,0.6747162342071533,0.992946022748947
bike,dune_bayes,618,dispersion,0.8169288635253906,1.0542831420898438,1.3259242475032806
bike,dune_bayes,619,dispersion,0.9443230241537094,1.2343292832374573,1.5802003383636474
bike,dune_bayes,620,dispersion,0.5450284570455551,0.7347911596298218,0.9813254207372661
bike,dune_bayes,621,dispersion,0.3952533856034279,0.575672060251236,0.835580089688301
bike,dune_bayes,622,dispersion,0.25556834861636163,0.47151927649974823,0.9146743208169936
bike,dune_bayes,623,dispersion,0.33575136959552765,0.5156466364860535,0.8070011317729946
bike,dune_bayes,624,dispersion,0.3621669977903366,0.5458134114742279,0.8309066891670227
bike,dune_bayes,625,dispersion,0.8134784191846848,1.0449373722076416,1.308782362937927
bike,dune_bayes,626,dispersion,0.39005564898252487,0.5614731907844543,0.8341785997152326
bike,dune_bayes,627,dispersion,0.8267619997262955,1.1950514316558838,1.684746021032333
bike,dune_bayes,628,dispersion,0.8095000118017197,1.149881899356842,1.6138984739780424
bike,dune_bayes,629,dispersion,0.40590347051620485,0.5972011685371399,0.8379748970270152
bike,dune_bayes,630,dispersion,0.28889837861061096,0.46084947884082794,0.7338292807340621
bike,dune_bayes,631,dispersion,0.7641112536191941,1.158684492111206,1.6816937565803523
bike,dune_bayes,632,dispersion,0.5720104694366455,0.816362202167511,1.123600834608078
bike,dune_bayes,633,dispersion,0.36600541472435,0.5559273064136505,0.8329698652029036
bike,dune_bayes,634,dispersion,0.3638845577836037,0.5691569149494171,0.8675460547208782
bike,dune_bayes,635,dispersion,0.32384830713272095,0.5236172676086426,0.8177617371082305
bike,dune_bayes,636,dispersion,0.34529614448547363,0.5908865034580231,0.9241002887487411
bike,dune_bayes,637,dispersion,0.34529614448547363,0.5908865034580231,0.9241002887487411
bike,dune_bayes,638,dispersion,0.32288065999746324,0.5207700133323669,0.8052404046058654
bike,dune_bayes,639,dispersion,1.0319763660430907,1.4013832211494446,1.839737993478775
bike,dune_bayes,640,dispersion,0.9040893852710724,1.1806947588920593,1.4856027722358702
bike,dune_bayes,641,dispersion,0.6050626903772354,0.791282594203949,0.9953593611717224
bike,dune_bayes,642,dispersion,0.4199310034513474,0.6033701300621033,0.852226087450981
bike,dune_bayes,643,dispersion,0.3856084167957306,0.5617132186889648,0.8194234400987624
bike,dune_bayes,644,dispersion,0.34722332954406737,0.5182051658630371,0.8066544264554973
bike,dune_bayes,645,dispersion,0.43528285473585127,0.6187841594219208,0.8694355696439742
bike,dune_bayes,646,dispersion,0.6991824179887772,0.9138481020927429,1.1522100389003753
bike,dune_bayes,647,dispersion,0.7472858339548111,0.9760497510433197,1.2360787093639372
bike,dune_bayes,648,dispersion,0.5194589167833328,0.7275473177433014,0.9645947277545929
bike,dune_bayes,649,dispersion,0.7137851357460022,0.9279222190380096,1.1577834844589232
bike,dune_bayes,650,dispersion,0.5380599707365036,0.8216552436351776,1.13377445936203
bike,dune_bayes,651,dispersion,0.6227080047130585,0.8418939113616943,1.0761984288692474
bike,dune_bayes,652,dispersion,0.37464259266853334,0.6191048622131348,0.9147851437330242
bike,dune_bayes,653,dispersion,0.9969465792179107,1.3698392510414124,1.7760195672512054
bike,dune_bayes,654,dispersion,0.8348838657140731,1.0834143161773682,1.317869836091995
bike,dune_bayes,655,dispersion,1.017154622077942,1.3342883586883545,1.716614133119583
bike,dune_bayes,656,dispersion,1.0360740423202515,1.3558571934700012,1.7326935231685636
bike,dune_bayes,657,dispersion,1.0437116146087646,1.4073224067687988,1.8349204301834106
bike,dune_bayes,658,dispersion,1.0437116146087646,1.4073224067687988,1.8349204301834106
bike,dune_bayes,659,dispersion,1.0365349769592285,1.3851687908172607,1.7890326559543597
bike,dune_bayes,660,dispersion,0.8735953450202942,1.2869662642478943,1.7913909494876858
bike,dune_bayes,661,dispersion,1.0266231417655944,1.3386695981025696,1.7212992310523985
bike,dune_bayes,662,dispersion,1.0256352603435517,1.366001307964325,1.7714829683303832
bike,dune_bayes,663,dispersion,1.0041111826896667,1.3275145888328552,1.7049630224704742
bike,dune_bayes,664,dispersion,0.8364626854658127,1.2538046836853027,1.8079177558422088
bike,dune_bayes,665,dispersion,0.7840191870927811,1.1681391596794128,1.6455268085002899
bike,dune_bayes,666,dispersion,0.8141609787940979,1.2930418848991394,1.9427288889884944
bike,dune_bayes,667,dispersion,0.8322584658861161,1.2470148801803589,1.7839916706085202
bike,dune_bayes,668,dispersion,0.8253609240055084,1.2365594506263733,1.749297130107879
bike,dune_bayes,669,dispersion,0.8141609787940979,1.2930418848991394,1.9427288889884944
bike,dune_bayes,670,dispersion,0.6916642487049103,1.0143321752548218,1.3734161853790283
bike,dune_bayes,671,dispersion,0.6098202168941498,0.8819843828678131,1.2550539553165436
bike,dune_bayes,672,dispersion,0.6403274953365325,0.9835679829120636,1.4030300796031951
bike,dune_bayes,673,dispersion,0.8035605549812317,1.247160017490387,1.832717859745025
bike,dune_bayes,674,dispersion,1.0478354156017304,1.4195134043693542,1.862177920341491
bike,dune_bayes,675,dispersion,1.0481569826602937,1.45558762550354,1.925835520029068
bike,dune_bayes,676,dispersion,1.0413532853126526,1.4039655923843384,1.8550474882125854
bike,dune_bayes,677,dispersion,0.5366717040538788,0.8346594572067261,1.1514171957969663
bike,dune_bayes,678,dispersion,0.48433618545532225,0.7100705802440643,0.9693387299776077
bike,dune_bayes,679,dispersion,0.9877035409212113,1.3420608043670654,1.73698616027832
bike,dune_bayes,680,dispersion,0.9939351618289948,1.4560186862945557,1.9702241837978363
bike,dune_bayes,681,dispersion,1.0010958075523377,1.3796321153640747,1.829779529571533
bike,dune_bayes,682,dispersion,0.9136446505784989,1.3048020601272583,1.7555205523967738
bike,dune_bayes,683,dispersion,0.5603615254163742,0.8742317259311676,1.2595601260662077
bike,dune_bayes,684,dispersion,1.0251363933086395,1.3805596828460693,1.7938916146755217
bike,dune_bayes,685,dispersion,0.9480903893709183,1.334440290927887,1.750005042552948
bike,dune_bayes,686,dispersion,1.020888578891754,1.4511001706123352,1.9405177295207976
bike,dune_bayes,687,dispersion,0.8806130021810532,1.2107508182525635,1.5753237068653105
bike,dune_bayes,688,dispersion,0.8823528796434402,1.2040183544158936,1.5552192270755767
bike,dune_bayes,689,dispersion,1.0410551667213441,1.3966878056526184,1.8341074764728542
bike,dune_bayes,690,dispersion,1.015993446111679,1.5252587795257568,2.1020102381706236
bike,dune_bayes,691,dispersion,0.961286461353302,1.2967642545700073,1.6773770213127135
bike,dune_bayes,692,dispersion,0.9371017277240753,1.1949741840362549,1.473612803220749
bike,dune_bayes,693,dispersion,0.7616226941347122,0.9744022786617279,1.193800789117813
bike,dune_bayes,694,dispersion,0.693890380859375,0.907236784696579,1.1363206982612608
bike,dune_bayes,695,dispersion,1.0576853632926941,1.448433518409729,1.9017193078994747
bike,dune_bayes,696,dispersion,0.5908615380525589,0.7855296432971954,0.9974898219108581
bike,dune_bayes,697,dispersion,0.8941473126411438,1.276424765586853,1.7146930873394002
bike,dune_bayes,698,dispersion,0.7791279762983322,1.0914573669433594,1.5330662965774535
bike,dune_bayes,699,dispersion,0.3495030105113983,0.555823415517807,0.8621812731027603
bike,dune_bayes,700,dispersion,0.22843463718891144,0.42637526988983154,0.7388146072626111
bike,dune_bayes,701,dispersion,0.1989707015454769,0.34653328359127045,0.5990488231182098
bike,dune_bayes,702,dispersion,0.46169241070747374,0.7702295780181885,1.1578390061855317
bike,dune_bayes,703,dispersion,0.6290288805961609,0.8998027741909027,1.2636400282382965
bike,dune_bayes,704,dispersion,0.8204445779323578,1.2956852912902832,1.9437847614288328
bike,dune_bayes,705,dispersion,0.8357992708683014,1.2291868925094604,1.7659454107284547
bike,dune_bayes,706,dispersion,0.2858884409070015,0.4725937098264694,0.7188839703798292
bike,dune_bayes,707,dispersion,0.641409718990326,0.913114458322525,1.284304094314575
bike,dune_bayes,708,dispersion,1.027803546190262,1.3881418108940125,1.7878592669963835
bike,dune_bayes,709,dispersion,1.0419857859611512,1.4192468523979187,1.8695509910583494
bike,dune_bayes,710,dispersion,0.5399210691452027,0.8532097339630127,1.2530015289783476
bike,dune_bayes,711,dispersion,0.9565895438194275,1.3020271062850952,1.7150770008563994
bike,dune_bayes,712,dispersion,1.012044644355774,1.3758061528205872,1.80840099453926
bike,dune_bayes,713,dispersion,0.719554340839386,0.9733274579048157,1.2473876476287842
bike,dune_bayes,714,dispersion,0.8014297723770142,1.104248583316803,1.4874477267265318
bike,dune_bayes,715,dispersion,0.806533220410347,1.0793700814247131,1.4105488061904907
bike,dune_bayes,716,dispersion,1.0367674291133882,1.4480095505714417,1.9282357692718504
bike,dune_bayes,717,dispersion,1.0259981274604797,1.4471933841705322,1.9283557474613187
bike,dune_bayes,718,dispersion,0.3779273957014084,0.5723663568496704,0.7912705540657042
bike,dune_bayes,719,dispersion,0.3757864385843277,0.5573238134384155,0.7791771680116651
bike,dune_bayes,720,dispersion,0.3088674694299698,0.4653592109680176,0.7114349842071531
bike,dune_bayes,721,dispersion,0.7368856608867645,0.9944600164890289,1.2966633379459378
bike,dune_bayes,722,dispersion,0.6303994983434678,0.9390308558940887,1.2957060873508452
bike,dune_bayes,723,dispersion,0.22669195830821992,0.35890141129493713,0.5818107515573501
bike,dune_bayes,724,dispersion,0.20144495740532875,0.3425912410020828,0.6004160761833189
bike,dune_bayes,725,dispersion,0.8275145143270493,1.105549156665802,1.4070359528064722
bike,dune_bayes,726,dispersion,0.3212157145142555,0.5303152203559875,0.8486097544431684
bike,dune_bayes,727,dispersion,0.442467537522316,0.6649148464202881,0.9433076828718182
bike,dune_bayes,728,dispersion,0.9794681429862976,1.3334211707115173,1.747068184614181
bike,dune_bayes,729,dispersion,0.4049611255526543,0.6357623338699341,0.9237069487571712
bike,dune_bayes,730,dispersion,0.2196822829544544,0.3764416128396988,0.6281623840332029
bike,dune_bayes,731,dispersion,0.6748451203107834,1.00546532869339,1.436807209253311
bike,dune_bayes,732,dispersion,0.7310381442308426,1.095823347568512,1.5464183688163755
bike,dune_bayes,733,dispersion,0.757023373246193,1.1502051949501038,1.6754086852073664
bike,dune_bayes,734,dispersion,0.7587655156850815,1.1499777436256409,1.6331892490386961
bike,dune_bayes,735,dispersion,0.6779101341962814,1.0666654706001282,1.4947083830833432
bike,dune_bayes,736,dispersion,0.5775852531194687,0.9368856251239777,1.3586196660995482
bike,dune_bayes,737,dispersion,0.6064106911420822,0.9328838288784027,1.3757226526737212
bike,dune_bayes,738,dispersion,0.731023120880127,1.1174551844596863,1.6085158228874206
bike,dune_bayes,739,dispersion,0.708661162853241,1.1113504767417908,1.6577641427516927
bike,dune_bayes,740,dispersion,0.6586593002080917,1.0478640794754028,1.5594994127750392
bike,dune_bayes,741,dispersion,0.2639413610100746,0.4881976842880249,0.8185829341411589
bike,dune_bayes,742,dispersion,0.4180252566933632,0.6662326157093048,1.0116140723228453
bike,dune_bayes,743,dispersion,0.8486239075660705,1.227968156337738,1.6933482348918913
bike,dune_bayes,744,dispersion,0.36377059370279313,0.5568981766700745,0.7799548745155335
bike,dune_bayes,745,dispersion,0.2954126730561257,0.47022204101085663,0.6808376908302306
bike,dune_bayes,746,dispersion,0.22993950992822648,0.36710308492183685,0.5660301744937896
bike,dune_bayes,747,dispersion,0.8368228286504745,1.171816885471344,1.5962186038494108
bike,dune_bayes,748,dispersion,0.29787949174642564,0.4578177034854889,0.6841398239135741
bike,dune_bayes,749,dispersion,0.20904391407966613,0.3913842737674713,0.6323381811380385
bike,dune_bayes,750,dispersion,0.6555018156766892,0.9511899054050446,1.3229996919631957
bike,dune_bayes,751,dispersion,0.5291264861822128,0.7597973942756653,1.0285047590732574
bike,dune_bayes,752,dispersion,0.3838771000504494,0.5742751657962799,0.8427322924137114
bike,dune_bayes,753,dispersion,0.3483862653374672,0.5302601456642151,0.7952485233545302
bike,dune_bayes,754,dispersion,0.20153089612722397,0.3520764112472534,0.649593624472618
bike,dune_bayes,755,dispersion,0.14755415990948678,0.2885364443063736,0.6044273406267165
bike,dune_bayes,756,dispersion,0.1621009185910225,0.28249572217464447,0.5329585313796996
bike,dune_bayes,757,dispersion,0.3188685208559036,0.4870617836713791,0.7698560029268264
bike,dune_bayes,758,dispersion,0.4230536088347435,0.6420035064220428,0.9365248322486877
bike,dune_bayes,759,dispersion,0.39700493663549424,0.5837450325489044,0.8787669092416759
bike,dune_bayes,760,dispersion,0.2915675714612007,0.46171674132347107,0.770315811038017
bike,dune_bayes,761,dispersion,0.24279743582010269,0.39260073006153107,0.6658935010433196
bike,dune_bayes,762,dispersion,0.20731919184327127,0.35786283016204834,0.6384922862052916
bike,dune_bayes,763,dispersion,0.23222009390592574,0.38310980796813965,0.6699093908071517
bike,dune_bayes,764,dispersion,0.3207105830311775,0.5063355565071106,0.7787504285573956
bike,dune_bayes,765,dispersion,0.39405653178691863,0.6502920091152191,0.9961349129676818
bike,dune_bayes,766,dispersion,0.5934192061424255,0.8411573469638824,1.1757963120937347
bike,dune_bayes,767,dispersion,0.2586952865123749,0.43086449801921844,0.7268095523118967
bike,dune_bayes,768,dispersion,0.1551589384675026,0.28902198374271393,0.5505316257476807
bike,dune_bayes,769,dispersion,0.1527495875954628,0.2788172513246536,0.5152383446693418
bike,dune_bayes,770,dispersion,0.1215801078826189,0.24502000212669373,0.5293918669223785
bike,dune_bayes,771,dispersion,0.3968157708644867,0.6331618428230286,0.9657691180706021
bike,dune_bayes,772,dispersion,0.5430449604988098,0.7866871356964111,1.09158444404602
bike,dune_bayes,773,dispersion,0.6333742320537568,0.9273184835910797,1.2500593900680539
bike,dune_bayes,774,dispersion,0.71594158411026,1.0197657942771912,1.4101396977901457
bike,dune_bayes,775,dispersion,0.28984574377536776,0.5255069136619568,0.8821270495653152
bike,dune_bayes,776,dispersion,0.22345924749970436,0.4277048408985138,0.7483050972223282
bike,dune_bayes,777,dispersion,0.4621174067258835,0.6939909756183624,1.0011900126934052
bike,dune_bayes,778,dispersion,0.9906387895345687,1.3246077299118042,1.7244899392127988
bike,dune_bayes,779,dispersion,1.012359607219696,1.3932153582572937,1.840463799238205
bike,dune_bayes,780,dispersion,0.17179772704839708,0.2971508651971817,0.5181809514760969
bike,dune_bayes,781,dispersion,0.38751478493213654,0.5664218068122864,0.7987172275781631
bike,dune_bayes,782,dispersion,0.8802209377288819,1.1874265670776367,1.5704765319824217
bike,dune_bayes,783,dispersion,1.01086665391922,1.3419888019561768,1.7426943480968473
bike,dune_bayes,784,dispersion,0.9466698855161667,1.2614068388938904,1.626227080821991
bike,dune_bayes,785,dispersion,0.19713203981518745,0.3159720450639725,0.538223424553871
bike,dune_bayes,786,dispersion,0.2689571395516396,0.4113253802061081,0.6337523847818374
bike,dune_bayes,787,dispersion,0.3925178825855255,0.587633490562439,0.8040598213672636
bike,dune_bayes,788,dispersion,0.9089884877204895,1.255575180053711,1.6882376849651337
bike,dune_bayes,789,dispersion,0.8008042067289353,1.205387830734253,1.6750559389591215
bike,dune_bayes,790,dispersion,0.37895410805940627,0.5620838403701782,0.7881370574235916
bike,dune_bayes,791,dispersion,0.760705754160881,1.1682366728782654,1.6468003511428828
bike,dune_bayes,792,dispersion,0.13375469967722892,0.22834111005067825,0.4080594897270202
bike,dune_bayes,793,dispersion,0.11157525181770325,0.21008948981761932,0.383186490833759
bike,dune_bayes,794,dispersion,0.12066973112523556,0.21091140061616898,0.38016211092472063
bike,dune_bayes,795,dispersion,0.30550018697977066,0.5313864946365356,0.8230979949235915
bike,dune_bayes,796,dispersion,0.3989160627126694,0.5870050191879272,0.8080826878547668
bike,dune_bayes,797,dispersion,0.8364895582199097,1.1642702221870422,1.5746940433979029
bike,dune_bayes,798,dispersion,0.2013389401137829,0.37934574484825134,0.6332874178886412
bike,dune_bayes,799,dispersion,0.32157638370990754,0.4894658476114273,0.7178763508796692
bike,dune_bayes,800,dispersion,0.43454227298498155,0.6560601890087128,0.8981224089860914
bike,dune_bayes,801,dispersion,0.5593205004930496,0.8507965207099915,1.2438080668449403
bike,dune_bayes,802,dispersion,0.1469648689031601,0.2754520922899246,0.48174907565116876
bike,dune_bayes,803,dispersion,0.5272417694330216,0.8056448698043823,1.1642484128475188
bike,dune_bayes,804,dispersion,0.5664627462625503,0.8603851795196533,1.2185037553310392
bike,dune_bayes,805,dispersion,0.7310381442308426,1.095823347568512,1.5464183688163755
bike,dune_bayes,806,dispersion,0.5066247999668121,0.875237762928009,1.352021586894989
bike,dune_bayes,807,dispersion,0.7848387151956558,1.084624707698822,1.4170139908790587
bike,dune_bayes,808,dispersion,0.693671977519989,0.9541266858577728,1.2212048828601836
bike,dune_bayes,809,dispersion,0.2845222145318985,0.502299964427948,0.7987081050872796
bike,dune_bayes,810,dispersion,0.26597847789525986,0.41458868980407715,0.6758651971817015
bike,dune_bayes,811,dispersion,0.22078408524394036,0.3947550356388092,0.7347372889518737
bike,dune_bayes,812,dispersion,0.24123618751764297,0.40281981229782104,0.7017359256744384
bike,dune_bayes,813,dispersion,0.32065357714891435,0.4827108234167099,0.7530662983655929
bike,dune_bayes,814,dispersion,0.43122836500406264,0.6160257160663605,0.8501452922821043
bike,dune_bayes,815,dispersion,0.5514705806970597,0.7677312195301056,1.0439520180225372
bike,dune_bayes,816,dispersion,0.4292820975184441,0.6047128438949585,0.8550196617841721
bike,dune_bayes,817,dispersion,0.4322650790214539,0.6120250523090363,0.8473268687725063
bike,dune_bayes,818,dispersion,0.3288799062371254,0.49812503159046173,0.7426185816526409
bike,dune_bayes,819,dispersion,0.3762629836797714,0.5856607556343079,0.892953684926033
bike,dune_bayes,820,dispersion,0.6654185444116593,0.8722577393054962,1.097414320707321
bike,dune_bayes,821,dispersion,0.8283291250467301,1.0713455080986023,1.335952419042587
bike,dune_bayes,822,dispersion,0.7157449036836624,0.9487281441688538,1.189196842908859
bike,dune_bayes,823,dispersion,0.20255937799811363,0.3535054922103882,0.5936577081680298
bike,dune_bayes,824,dispersion,0.22353986874222756,0.3896181732416153,0.6422681093215942
bike,dune_bayes,825,dispersion,0.7349095314741134,0.9640511870384216,1.175061583518982
bike,dune_bayes,826,dispersion,0.9156200051307678,1.187097430229187,1.4863246500492093
bike,dune_bayes,827,dispersion,0.5582679778337478,0.7766818404197693,1.031521886587143
bike,dune_bayes,828,dispersion,0.719554340839386,0.9733274579048157,1.2473876476287842
bike,dune_bayes,829,dispersion,0.8777205139398575,1.205887496471405,1.6175107836723326
bike,dune_bayes,830,dispersion,1.0268982529640198,1.4378979206085205,1.9190266728401184
bike,dune_bayes,831,dispersion,0.8508561611175537,1.19096839427948,1.5977275550365444
bike,dune_bayes,832,dispersion,0.7091484069824219,1.0778456926345825,1.5601185262203214
bike,dune_bayes,833,dispersion,0.6143883109092713,0.9655925631523132,1.421651953458786
bike,dune_bayes,834,dispersion,0.35915675163269045,0.5697864890098572,0.8365822970867156
bike,dune_bayes,835,dispersion,0.14394673705101013,0.2645692676305771,0.47155454605817787
bike,dune_bayes,836,dispersion,0.5924038052558899,0.891894668340683,1.2838064372539517
bike,dune_bayes,837,dispersion,0.26264174431562426,0.4518522620201111,0.7493933588266373
bike,dune_bayes,838,dispersion,0.18892358243465424,0.37147919833660126,0.6576086789369581
bike,dune_bayes,839,dispersion,0.9336395174264908,1.3219872117042542,1.784198462963104
bike,dune_bayes,840,dispersion,0.8933652758598327,1.3368902206420898,1.8741228342056269
bike,dune_bayes,841,dispersion,1.0245835959911347,1.3674630522727966,1.7656403124332427
bike,dune_bayes,842,dispersion,0.8823528796434402,1.2040183544158936,1.5552192270755767
bike,dune_bayes,843,dispersion,0.8275145143270493,1.105549156665802,1.4070359528064722
bike,dune_bayes,844,dispersion,0.9609879642724991,1.280634343624115,1.6517676532268524
bike,dune_bayes,845,dispersion,0.9014953672885895,1.2662872672080994,1.703969520330429
bike,dune_bayes,846,dispersion,0.9067353814840317,1.2229119539260864,1.6075278162956235
bike,dune_bayes,847,dispersion,0.700082728266716,0.9859367311000824,1.3089089453220357
bike,dune_bayes,848,dispersion,0.32157638370990754,0.4894658476114273,0.7178763508796692
bike,dune_bayes,849,dispersion,0.2660340115427971,0.40991631150245667,0.6316249400377273
bike,dune_bayes,850,dispersion,0.2514722764492035,0.39319004118442535,0.6095493495464324
bike,dune_bayes,851,dispersion,0.6762785851955414,0.979428231716156,1.3580413460731506
bike,dune_bayes,852,dispersion,0.6531566143035888,0.9397273361682892,1.2565712630748744
bike,dune_bayes,853,dispersion,0.7550684034824371,1.0716930031776428,1.4501847982406615
bike,dune_bayes,854,dispersion,0.43171401470899584,0.6637174189090729,0.9587028175592421
bike,dune_bayes,855,dispersion,0.6776693403720856,0.960480660200119,1.2853837788105
bike,dune_bayes,856,dispersion,0.6303994983434678,0.9390308558940887,1.2957060873508452
bike,dune_bayes,857,dispersion,0.7988664299249649,1.0922534465789795,1.4446648657321925
bike,dune_bayes,858,dispersion,0.7505273044109345,1.1177881956100464,1.569723105430603
bike,dune_bayes,859,dispersion,0.18879996463656426,0.3078094571828842,0.5258239358663556
bike,dune_bayes,860,dispersion,0.14091814309358597,0.2672058939933777,0.5352976173162459
bike,dune_bayes,861,dispersion,0.3475829929113388,0.587793380022049,0.8863476097583769
bike,dune_bayes,862,dispersion,0.38981430083513263,0.6027840673923492,0.8780144780874252
bike,dune_bayes,863,dispersion,0.17882857769727706,0.3553244024515152,0.6479210108518599
bike,dune_bayes,864,dispersion,0.1608309417963028,0.29130199551582336,0.536689183115959
bike,dune_bayes,865,dispersion,0.1608309417963028,0.29130199551582336,0.536689183115959
bike,dune_bayes,866,dispersion,0.2006179139018059,0.3458516150712967,0.5849950015544891
bike,dune_bayes,867,dispersion,0.28334483355283735,0.46711525321006775,0.7317417144775389
bike,dune_bayes,868,dispersion,0.25496790260076524,0.4239688664674759,0.6808153599500655
bike,dune_bayes,869,dispersion,0.42169721573591235,0.6525523364543915,0.9699376553297038
bike,dune_bayes,870,dispersion,0.22950994819402695,0.399747371673584,0.6743741661310194
bike,dune_bayes,871,dispersion,0.211211546510458,0.3694770932197571,0.62697993516922
bike,dune_bayes,872,dispersion,0.17166474610567092,0.3448167145252228,0.6377236723899841
bike,dune_bayes,873,dispersion,0.17166474610567092,0.3448167145252228,0.6377236723899841
bike,dune_bayes,874,dispersion,0.1989707015454769,0.34653328359127045,0.5990488231182098
bike,dune_bayes,875,dispersion,0.7447094678878784,1.0532362461090088,1.3934326171874996
bike,dune_bayes,876,dispersion,0.37997386455535886,0.633676141500473,0.9396133333444595
bike,dune_bayes,877,dispersion,0.3975939303636551,0.5900259912014008,0.8187619864940642
bike,dune_bayes,878,dispersion,0.3652615234255791,0.6073534488677979,0.9181648820638656
bike,dune_bayes,879,dispersion,0.4906835019588471,0.7038802206516266,0.947152903676033
bike,dune_bayes,880,dispersion,0.5562272936105729,0.8823308348655701,1.269215726852417
bike,dune_bayes,881,dispersion,0.19153419137001038,0.3081439435482025,0.5041400402784346
bike,dune_bayes,882,dispersion,0.15451296269893647,0.30647361278533936,0.536883434653282
bike,dune_bayes,883,dispersion,0.4531110435724258,0.7296428680419922,1.064371222257614
bike,dune_bayes,884,dispersion,0.5877696216106415,0.8706289529800415,1.1881330430507657
bike,dune_bayes,885,dispersion,0.7077879160642624,1.0464171171188354,1.4557447552680962
bike,dune_bayes,886,dispersion,0.4132829397916794,0.5902782082557678,0.8298940867185592
bike,dune_bayes,887,dispersion,0.15812398716807366,0.273094579577446,0.49812907129526135
bike,dune_bayes,888,dispersion,0.3780591353774071,0.5471103489398956,0.7830806493759155
bike,dune_bayes,889,dispersion,0.43798151314258577,0.6275407373905182,0.8527770966291426
bike,dune_bayes,890,dispersion,0.6654165834188461,0.8764505982398987,1.1053721964359282
bike,dune_bayes,891,dispersion,0.17632922232151033,0.29722820222377777,0.5300754785537719
bike,dune_bayes,892,dispersion,0.3195347175002098,0.48233993351459503,0.7265540748834609
bike,dune_bayes,893,dispersion,0.41851402521133424,0.6816045641899109,0.9944650620222092
bike,dune_bayes,894,dispersion,0.7413218080997467,1.1227681636810303,1.5290608286857603
bike,dune_bayes,895,dispersion,0.7497606813907624,0.9768230319023132,1.228312224149704
bike,dune_bayes,896,dispersion,0.6623198449611664,0.8855379223823547,1.1255302488803862
bike,dune_bayes,897,dispersion,0.1428003840148449,0.25393445789813995,0.4723467081785202
bike,dune_bayes,898,dispersion,0.3069679006934166,0.533134400844574,0.8314894050359726
bike,dune_bayes,899,dispersion,0.262956677377224,0.44561344385147095,0.7370742589235304
bike,dune_bayes,900,dispersion,0.5917270213365555,0.8929090201854706,1.2553665995597838
bike,dune_bayes,901,dispersion,0.12792712673544884,0.2665681838989258,0.5256372183561324
bike,dune_bayes,902,dispersion,0.10953639224171638,0.21736276894807816,0.42117690294980964
bike,dune_bayes,903,dispersion,0.20165589153766633,0.35582582652568817,0.5894356936216354
bike,dune_bayes,904,dispersion,0.2518049202859402,0.42242568731307983,0.6875873744487762
bike,dune_bayes,905,dispersion,0.32892967462539674,0.5201224684715271,0.7762169808149337
bike,dune_bayes,906,dispersion,0.14406150206923485,0.2628253102302551,0.48364403396844863
bike,dune_bayes,907,dispersion,0.19481218978762627,0.3807039260864258,0.686493107676506
bike,dune_bayes,908,dispersion,0.18842396512627602,0.36171458661556244,0.6117051333189009
bike,dune_bayes,909,dispersion,0.36945237815380094,0.5639102160930634,0.8268656492233276
bike,dune_bayes,910,dispersion,0.64752699136734,0.930438369512558,1.2509829640388486
bike,dune_bayes,911,dispersion,0.8257882624864579,1.1790624856948853,1.614813655614853
bike,dune_bayes,912,dispersion,0.3497669145464897,0.5220836102962494,0.7564872026443481
bike,dune_bayes,913,dispersion,0.9479977875947952,1.3159995079040527,1.7567390620708465
bike,dune_bayes,914,dispersion,0.16738720759749412,0.3272954076528549,0.5685279875993726
bike,dune_bayes,915,dispersion,0.22669195830821992,0.35890141129493713,0.5818107515573501
bike,dune_bayes,916,dispersion,0.7420568317174911,1.0630029439926147,1.4330313742160796
bike,dune_bayes,917,dispersion,0.464114710688591,0.7203599810600281,1.0564781844615934
bike,dune_bayes,918,dispersion,0.47013884484767915,0.7254555821418762,1.0571625411510468
bike,dune_bayes,919,dispersion,0.6972547143697738,1.0646989345550537,1.526530957221985
bike,dune_bayes,920,dispersion,0.6618744879961014,1.0032863020896912,1.4157182931900023
bike,dune_bayes,921,dispersion,0.7310381442308426,1.095823347568512,1.5464183688163755
bike,dune_bayes,922,dispersion,0.6748451203107834,1.00546532869339,1.436807209253311
bike,dune_bayes,923,dispersion,0.21351078301668167,0.37253959476947784,0.6047646582126617
bike,dune_bayes,924,dispersion,0.3598764106631279,0.5687510967254639,0.8461859226226806
bike,dune_bayes,925,dispersion,0.3771259218454361,0.5868788957595825,0.8654947370290753
bike,dune_bayes,926,dispersion,0.12965435460209848,0.2397051751613617,0.43818906545639014
bike,dune_bayes,927,dispersion,0.11120132878422737,0.21720682084560394,0.41878196597099293
bike,dune_bayes,928,dispersion,0.10282947681844236,0.19970782101154327,0.3882642477750778
bike,dune_bayes,929,dispersion,0.12025188095867634,0.22675219923257828,0.4272802829742431
bike,dune_bayes,930,dispersion,0.5755628049373627,0.8055107593536377,1.0686979353427886
bike,dune_bayes,931,dispersion,0.23800113052129745,0.40012112259864807,0.6725881546735761
bike,dune_bayes,932,dispersion,0.21417702287435533,0.345561146736145,0.5613485395908355
bike,dune_bayes,933,dispersion,0.181435027718544,0.3320813924074173,0.6093162149190903
bike,dune_bayes,934,dispersion,0.6594306766986847,0.9530461728572845,1.2927878022193908
bike,dune_bayes,935,dispersion,0.7550684034824371,1.0716930031776428,1.4501847982406615
bike,dune_bayes,936,dispersion,0.7540147036314011,1.0849942564964294,1.4869988739490507
bike,dune_bayes,937,dispersion,0.7540147036314011,1.0849942564964294,1.4869988739490507
bike,dune_bayes,938,dispersion,0.24213730096817015,0.3923649191856384,0.6016299635171889
bike,dune_bayes,939,dispersion,0.17599095702171327,0.28683385252952576,0.4780735507607459
bike,dune_bayes,940,dispersion,0.11559438519179821,0.211622454226017,0.4096785947680473
bike,dune_bayes,941,dispersion,0.1646657720208168,0.2719332426786423,0.48159136772155753
bike,dune_bayes,942,dispersion,0.16598547622561455,0.2784033417701721,0.4860108092427252
bike,dune_bayes,943,dispersion,0.3360000833868981,0.5705493688583374,0.8643647134304041
bike,dune_bayes,944,dispersion,0.8588414996862411,1.2973958253860474,1.8217701375484463
bike,dune_bayes,945,dispersion,0.7860137581825256,1.1037805080413818,1.5064758896827697
bike,dune_bayes,946,dispersion,0.6386687815189361,0.9382581114768982,1.2522439360618591
bike,dune_bayes,947,dispersion,0.4995236203074455,0.7188704907894135,0.9691820830106735
bike,dune_bayes,948,dispersion,0.1939554549753666,0.3260934054851532,0.565105766057968
bike,dune_bayes,949,dispersion,0.26887405663728714,0.4173208773136139,0.661351355910301
bike,dune_bayes,950,dispersion,0.30748374462127687,0.4617735594511032,0.7104489266872406
bike,dune_bayes,951,dispersion,0.6554864704608917,0.9007242918014526,1.1594733297824857
bike,dune_bayes,952,dispersion,0.8894982784986496,1.1843584179878235,1.5498180031776427
bike,dune_bayes,953,dispersion,0.7079269647598266,0.9590376913547516,1.2398228049278257
bike,dune_bayes,954,dispersion,0.6004993796348572,0.8123210668563843,1.0507280886173247
bike,dune_bayes,955,dispersion,0.30320087522268296,0.4546557664871216,0.6934441834688186
bike,dune_bayes,956,dispersion,0.38319681882858275,0.5481772422790527,0.789730480313301
bike,dune_bayes,957,dispersion,0.6811455816030503,0.9717997014522552,1.3559546291828153
bike,dune_bayes,958,dispersion,0.16917016431689264,0.3047100305557251,0.527079078555107
bike,dune_bayes,959,dispersion,0.20165589153766633,0.35582582652568817,0.5894356936216354
bike,dune_bayes,960,dispersion,0.32892967462539674,0.5201224684715271,0.7762169808149337
bike,dune_bayes,961,dispersion,0.5476581633090973,0.8079686164855957,1.122624689340591
bike,dune_bayes,962,dispersion,0.1429106466472149,0.2649221867322922,0.5093124002218246
bike,dune_bayes,963,dispersion,0.8835413336753846,1.1781299114227295,1.52975235581398
bike,dune_bayes,964,dispersion,0.5172794997692108,0.7413595020771027,1.0239967107772827
bike,dune_bayes,965,dispersion,0.2935172200202942,0.4837730675935745,0.6981674671173094
bike,dune_bayes,966,dispersion,0.3834815382957458,0.5859956741333008,0.8215147286653518
bike,dune_bayes,967,dispersion,0.3016246140003204,0.5269632041454315,0.810052379965782
bike,dune_bayes,968,dispersion,0.12472550049424172,0.21591590344905853,0.40501811653375625
bike,dune_bayes,969,dispersion,0.7040688991546631,1.005390703678131,1.3723624229431148
bike,dune_bayes,970,dispersion,0.7983285665512085,1.2113676071166992,1.6862191140651699
bike,dune_bayes,971,dispersion,0.8238876432180404,1.1746395826339722,1.5860229492187499
bike,dune_bayes,972,dispersion,0.8550623267889023,1.2269737124443054,1.6817550003528592
bike,dune_bayes,973,dispersion,0.5945244193077087,0.9559985995292664,1.3570215463638302
bike,dune_bayes,974,dispersion,0.38835758715867996,0.6015854775905609,0.8701085627079009
bike,dune_bayes,975,dispersion,0.4735360532999039,0.7387596964836121,1.061116927862167
bike,dune_bayes,976,dispersion,0.41035876870155336,0.6244139969348907,0.8899360626935957
bike,dune_bayes,977,dispersion,0.5318688362836838,0.8159840404987335,1.1618550360202788
bike,dune_bayes,978,dispersion,0.6635300546884537,0.9655943512916565,1.3339402854442592
bike,dune_bayes,979,dispersion,0.7329755604267121,1.0767934322357178,1.5027996003627775
bike,dune_bayes,980,dispersion,0.18990035876631736,0.32262296974658966,0.5547279089689254
bike,dune_bayes,981,dispersion,0.17291373685002326,0.28684860467910767,0.4717327415943145
bike,dune_bayes,982,dispersion,0.38183578550815583,0.6024103164672852,0.8881336510181426
bike,dune_bayes,983,dispersion,0.3035984382033348,0.4945816695690155,0.733256363868713
bike,dune_bayes,984,dispersion,0.18132087886333464,0.32657524943351746,0.5211774587631224
bike,dune_bayes,985,dispersion,0.1671079583466053,0.29861627519130707,0.48556027561426146
bike,dune_bayes,986,dispersion,0.13567416816949845,0.23420120030641556,0.4122006848454475
bike,dune_bayes,987,dispersion,0.20785454213619234,0.3610452562570572,0.562489795684814
bike,dune_bayes,988,dispersion,0.37101356536149976,0.5608492791652679,0.8098574608564376
bike,dune_bayes,989,dispersion,0.13098999187350274,0.24245519936084747,0.4331507205963134
bike,dune_bayes,990,dispersion,0.10208910331130028,0.19847660511732101,0.37696314007043835
bike,dune_bayes,991,dispersion,0.07420233562588692,0.15223150700330734,0.3041268125176429
bike,dune_bayes,992,dispersion,0.08475697562098504,0.1901472583413124,0.38449434489011747
bike,dune_bayes,993,dispersion,0.07337011657655239,0.16885101795196533,0.3479466333985329
bike,dune_bayes,994,dispersion,0.0756976492702961,0.15577388554811478,0.31183526366949077
bike,dune_bayes,995,dispersion,0.07840849868953229,0.1593267247080803,0.31012026518583286
bike,dune_bayes,996,dispersion,0.2651867315173149,0.46928825974464417,0.7445691585540769
bike,dune_bayes,997,dispersion,0.15131220892071726,0.2700839936733246,0.4685791581869124
bike,dune_bayes,998,dispersion,0.12309307344257832,0.22787108272314072,0.41876724660396575
bike,dune_bayes,999,dispersion,0.101421083137393,0.1958920657634735,0.3715882301330566
bike,dune_bayes,1000,dispersion,0.6267330974340439,1.027204990386963,1.4512164771556852
bike,dune_bayes,1001,dispersion,0.5678613036870956,0.9166355729103088,1.3239776849746703
bike,dune_bayes,1002,dispersion,0.4043714627623558,0.6808322668075562,1.0095637738704681
bike,dune_bayes,1003,dispersion,0.5716027528047561,0.847385048866272,1.169982212781906
bike,dune_bayes,1004,dispersion,0.7585150510072708,1.077340841293335,1.463645493984222
bike,dune_bayes,1005,dispersion,0.7585150510072708,1.077340841293335,1.463645493984222
bike,dune_bayes,1006,dispersion,0.8550623267889023,1.2269737124443054,1.6817550003528592
bike,dune_bayes,1007,dispersion,0.8566638827323914,1.2026976346969604,1.63997403383255
bike,dune_bayes,1008,dispersion,0.22894836887717246,0.3657495975494385,0.5932502061128611
bike,dune_bayes,1009,dispersion,0.17165825366973878,0.2922584116458893,0.5096627563238144
bike,dune_bayes,1010,dispersion,0.1602710649371147,0.31348031759262085,0.5485657632350914
bike,dune_bayes,1011,dispersion,0.1436968855559826,0.28924910724163055,0.5183532983064648
bike,dune_bayes,1012,dispersion,0.10931614376604556,0.19983649998903275,0.39840880781412114
bike,dune_bayes,1013,dispersion,0.13342634290456773,0.24676720798015594,0.48773639649152745
bike,dune_bayes,1014,dispersion,0.3484437048435211,0.5386581718921661,0.7505779683589934
bike,dune_bayes,1015,dispersion,0.38381759226322176,0.591831237077713,0.8226418614387512
bike,dune_bayes,1016,dispersion,0.44772571623325347,0.6399985253810883,0.8630871146917343
bike,dune_bayes,1017,dispersion,0.3196808472275734,0.47160667181015015,0.712964844703674
bike,dune_bayes,1018,dispersion,0.37997386455535886,0.633676141500473,0.9396133333444595
bike,dune_bayes,1019,dispersion,0.6086291164159775,0.8697525560855865,1.1675044953823088
bike,dune_bayes,1020,dispersion,0.522045961022377,0.7484560310840607,1.0199001312255858
bike,dune_bayes,1021,dispersion,0.16955162584781647,0.2825746387243271,0.47589047104120247
bike,dune_bayes,1022,dispersion,0.37101356536149976,0.5608492791652679,0.8098574608564376
bike,dune_bayes,1023,dispersion,0.7397044032812119,1.066129744052887,1.4631163656711577
bike,dune_bayes,1024,dispersion,0.24264094457030297,0.4203135818243027,0.6953216940164565
bike,dune_bayes,1025,dispersion,0.07658490613102914,0.17632845789194107,0.3812789246439934
bike,dune_bayes,1026,dispersion,0.07884458117187024,0.1665772795677185,0.3368960544466972
bike,dune_bayes,1027,dispersion,0.07075102478265763,0.14976510405540466,0.32015447020530696
bike,dune_bayes,1028,dispersion,0.07841217592358589,0.1655174419283867,0.34611643105745316
bike,dune_bayes,1029,dispersion,0.1527495875954628,0.2788172513246536,0.5152383446693418
bike,dune_bayes,1030,dispersion,0.37018887996673583,0.6241312026977539,0.9368671149015426
bike,dune_bayes,1031,dispersion,0.3643215045332909,0.6483085453510284,1.0371914863586424
bike,dune_bayes,1032,dispersion,0.42971293032169344,0.7614387571811676,1.1961745023727413
bike,dune_bayes,1033,dispersion,0.2237153545022011,0.395029217004776,0.6584927946329113
bike,dune_bayes,1034,dispersion,0.3624205753207207,0.5764994919300079,0.8549032896757125
bike,dune_bayes,1035,dispersion,0.64752699136734,0.930438369512558,1.2509829640388486
bike,dune_bayes,1036,dispersion,0.8620532363653183,1.2273675203323364,1.6616233885288234
bike,dune_bayes,1037,dispersion,0.11274406351149083,0.23483575880527496,0.43916068375110623
bike,dune_bayes,1038,dispersion,0.2395930752158165,0.37285272777080536,0.6190526634454727
bike,dune_bayes,1039,dispersion,0.6608935266733169,0.9445212185382843,1.2660654306411734
bike,dune_bayes,1040,dispersion,0.8020171582698822,1.0925312042236328,1.4321987330913541
bike,dune_bayes,1041,dispersion,0.4392036333680153,0.6528840959072113,0.9124069511890405
bike,dune_bayes,1042,dispersion,0.15707047060132026,0.26508307456970215,0.4844148084521293
bike,dune_bayes,1043,dispersion,0.1046502597630024,0.18935788422822952,0.36379365921020473
bike,dune_bayes,1044,dispersion,0.11355366930365564,0.21691910922527313,0.4020676866173742
bike,dune_bayes,1045,dispersion,0.24478245228528978,0.38999223709106445,0.6073410570621489
bike,dune_bayes,1046,dispersion,0.2901263624429703,0.45165008306503296,0.6744423598051071
bike,dune_bayes,1047,dispersion,0.3156137019395828,0.48472388088703156,0.709984603524208
bike,dune_bayes,1048,dispersion,0.349193400144577,0.5514596104621887,0.784364452958107
bike,dune_bayes,1049,dispersion,0.3633900970220566,0.5431027710437775,0.7804512619972227
bike,dune_bayes,1050,dispersion,0.760705754160881,1.1682366728782654,1.6468003511428828
bike,dune_bayes,1051,dispersion,0.9059859305620194,1.3012784719467163,1.7939672231674193
bike,dune_bayes,1052,dispersion,0.9059859305620194,1.3012784719467163,1.7939672231674193
bike,dune_bayes,1053,dispersion,0.7509935468435287,1.1211298108100891,1.5780316889286026
bike,dune_bayes,1054,dispersion,0.5077028423547745,0.7221890985965729,0.9958882451057434
bike,dune_bayes,1055,dispersion,0.804597532749176,1.1023234724998474,1.4648913502693168
bike,dune_bayes,1056,dispersion,0.8785760670900344,1.2059450149536133,1.6092855274677271
bike,dune_bayes,1057,dispersion,0.8785760670900344,1.2059450149536133,1.6092855274677271
bike,dune_bayes,1058,dispersion,0.8785760670900344,1.2059450149536133,1.6092855274677271
bike,dune_bayes,1059,dispersion,0.3014655262231827,0.45353835821151733,0.6742052167654037
bike,dune_bayes,1060,dispersion,0.6279449760913849,0.926925927400589,1.3391674757003778
bike,dune_bayes,1061,dispersion,0.3834583699703217,0.6176209151744843,0.9339065462350845
bike,dune_bayes,1062,dispersion,0.20229710638523102,0.36156080663204193,0.6392731457948684
bike,dune_bayes,1063,dispersion,0.15840524211525916,0.28210900723934174,0.4896361485123634
bike,dune_bayes,1064,dispersion,0.5282852619886399,0.8598459362983704,1.2931422293186188
bike,dune_bayes,1065,dispersion,0.08204588405787945,0.1664440780878067,0.3268892928957937
bike,dune_bayes,1066,dispersion,0.08204588405787945,0.1664440780878067,0.3268892928957937
bike,dune_bayes,1067,dispersion,0.2768791139125824,0.5943500399589539,1.119775694608688
bike,dune_bayes,1068,dispersion,0.8588414996862411,1.2973958253860474,1.8217701375484463
bike,dune_bayes,1069,dispersion,0.14152318388223648,0.2406122386455536,0.43798791766166684
bike,dune_bayes,1070,dispersion,0.15110498368740083,0.26271796226501465,0.46293609589338286
bike,dune_bayes,1071,dispersion,0.38356403410434725,0.5927479863166809,0.8343277662992478
bike,dune_bayes,1072,dispersion,0.7087972819805145,1.0174599885940552,1.3920945823192592
bike,dune_bayes,1073,dispersion,0.5962279468774796,0.8416743576526642,1.145258629322052
bike,dune_bayes,1074,dispersion,0.32157638370990754,0.4894658476114273,0.7178763508796692
bike,dune_bayes,1075,dispersion,0.24680400788784027,0.4107898324728012,0.6210037380456919
bike,dune_bayes,1076,dispersion,0.2611245349049568,0.4017771780490875,0.6377472400665279
bike,dune_bayes,1077,dispersion,0.32705318033695224,0.48105689883232117,0.7068626344203947
bike,dune_bayes,1078,dispersion,0.5445243000984192,0.8387988805770874,1.1741116523742674
bike,dune_bayes,1079,dispersion,0.48078002631664274,0.7125281095504761,0.9628912717103958
bike,dune_bayes,1080,dispersion,0.14395963177084922,0.251829132437706,0.46999188214540477
bike,dune_bayes,1081,dispersion,0.2432435095310211,0.4429005831480026,0.7223801195621488
bike,dune_bayes,1082,dispersion,0.7344506084918976,0.9623655080795288,1.2165943443775178
bike,dune_bayes,1083,dispersion,0.3390120446681976,0.5075563192367554,0.7468878030776976
bike,dune_bayes,1084,dispersion,0.18325814157724382,0.3056984841823578,0.5304721921682356
bike,dune_bayes,1085,dispersion,0.1719383828341961,0.3333691358566284,0.5831790506839746
bike,dune_bayes,1086,dispersion,0.43798151314258577,0.6275407373905182,0.8527770966291426
bike,dune_bayes,1087,dispersion,0.2035967506468296,0.38789963722229004,0.6620479553937907
bike,dune_bayes,1088,dispersion,0.1532975010573864,0.307297483086586,0.5511001527309417
bike,dune_bayes,1089,dispersion,0.21734414771199226,0.34572431445121765,0.5853848516941068
bike,dune_bayes,1090,dispersion,0.4035250127315521,0.6598760783672333,0.9766740024089812
bike,dune_bayes,1091,dispersion,0.3503381386399269,0.5762623250484467,0.9046789824962616
bike,dune_bayes,1092,dispersion,0.4301788449287415,0.6563758552074432,0.9609080910682678
bike,dune_bayes,1093,dispersion,0.3944807216525078,0.6254064738750458,0.9370765447616572
bike,dune_bayes,1094,dispersion,0.5004624456167222,0.8266174495220184,1.254008728265762
bike,dune_bayes,1095,dispersion,0.5750351071357727,0.9324820339679718,1.3499351382255553
bike,dune_bayes,1096,dispersion,0.6936857551336288,1.0696653127670288,1.5451947927474972
bike,dune_bayes,1097,dispersion,0.5935628801584244,0.9723458886146545,1.424423712491989
bike,dune_bayes,1098,dispersion,0.4108486160635948,0.6444251239299774,0.9435662448406216
bike,dune_bayes,1099,dispersion,0.3841269820928574,0.5979923903942108,0.8756583631038662
bike,dune_bayes,1100,dispersion,0.734126728773117,1.1690176725387573,1.7157239198684686
bike,dune_bayes,1101,dispersion,0.367353256046772,0.5619938373565674,0.815748533606529
bike,dune_bayes,1102,dispersion,0.33040418922901155,0.5092264711856842,0.7678529411554336
bike,dune_bayes,1103,dispersion,0.5755628049373627,0.8055107593536377,1.0686979353427886
bike,dune_bayes,1104,dispersion,0.8415742933750152,1.1116968989372253,1.4125048637390134
bike,dune_bayes,1105,dispersion,0.7319974482059479,1.066865861415863,1.433755135536193
bike,dune_bayes,1106,dispersion,0.342289237678051,0.5893062353134155,0.9543594419956203
bike,dune_bayes,1107,dispersion,0.32705318033695224,0.48105689883232117,0.7068626344203947
bike,dune_bayes,1108,dispersion,0.2560311555862427,0.3960038125514984,0.6426499605178831
bike,dune_bayes,1109,dispersion,0.25677997171878814,0.3956606239080429,0.6210743635892867
bike,dune_bayes,1110,dispersion,0.8275145143270493,1.105549156665802,1.4070359528064722
bike,dune_bayes,1111,dispersion,0.6890732944011688,1.0542854070663452,1.4538964509963985
bike,dune_bayes,1112,dispersion,0.8405259013175964,1.2426615953445435,1.7185622274875638
bike,dune_bayes,1113,dispersion,0.4255297854542732,0.6144903004169464,0.8350501686334607
bike,dune_bayes,1114,dispersion,0.23130230680108071,0.39153073728084564,0.6137390881776807
bike,dune_bayes,1115,dispersion,0.1895432561635971,0.3046201765537262,0.5123650461435317
bike,dune_bayes,1116,dispersion,0.7790894478559494,1.11683851480484,1.5106332123279564
bike,dune_bayes,1117,dispersion,0.4832039326429367,0.7149226367473602,0.9967442005872726
bike,dune_bayes,1118,dispersion,0.1882934905588627,0.3206121325492859,0.5774024546146392
bike,dune_bayes,1119,dispersion,0.1882934905588627,0.3206121325492859,0.5774024546146392
bike,dune_bayes,1120,dispersion,0.8793176680803299,1.2992473244667053,1.8061028242111203
bike,dune_bayes,1121,dispersion,0.8415731698274612,1.2554357647895813,1.7454650938510894
bike,dune_bayes,1122,dispersion,0.42322371900081635,0.6226280629634857,0.8674597024917602
bike,dune_bayes,1123,dispersion,0.24680400788784027,0.4107898324728012,0.6210037380456919
bike,dune_bayes,1124,dispersion,0.9644077897071839,1.2935155630111694,1.694870913028717
bike,dune_bayes,1125,dispersion,0.7495785236358643,1.204487681388855,1.8014550268650051
bike,dune_bayes,1126,dispersion,0.3117624595761299,0.5517785847187042,0.9081566095352169
bike,dune_bayes,1127,dispersion,0.1469648689031601,0.2754520922899246,0.48174907565116876
bike,dune_bayes,1128,dispersion,0.4334614619612694,0.6758162379264832,0.9783894598484038
bike,dune_bayes,1129,dispersion,0.629707470536232,0.961426168680191,1.3743575632572171
bike,dune_bayes,1130,dispersion,0.591441810131073,0.9734647870063782,1.4146529018878933
bike,dune_bayes,1131,dispersion,0.5935628801584244,0.9723458886146545,1.424423712491989
bike,dune_bayes,1132,dispersion,0.5282852619886399,0.8598459362983704,1.2931422293186188
bike,dune_bayes,1133,dispersion,0.42282846122980117,0.6679697334766388,0.9831683009862898
bike,dune_bayes,1134,dispersion,0.5335182696580887,0.8405116200447083,1.2346605002880093
bike,dune_bayes,1135,dispersion,0.18143918141722679,0.32891128957271576,0.6245905905961985
bike,dune_bayes,1136,dispersion,0.19335020631551741,0.3334614783525467,0.601356741786003
bike,dune_bayes,1137,dispersion,0.5157017260789871,0.7064956426620483,0.9525285989046096
bike,dune_bayes,1138,dispersion,0.3683802545070648,0.6148668825626373,0.9080008298158643
bike,dune_bayes,1139,dispersion,0.28330162465572356,0.4622039943933487,0.7239536941051482
bike,dune_bayes,1140,dispersion,0.30495069772005085,0.48605236411094666,0.7491381764411923
bike,dune_bayes,1141,dispersion,0.24888846278190613,0.42291612923145294,0.6845284551382064
bike,dune_bayes,1142,dispersion,0.2506105713546276,0.3968825936317444,0.6458802580833435
bike,dune_bayes,1143,dispersion,0.8127858668565751,1.0645285248756409,1.3624072432518
bike,dune_bayes,1144,dispersion,0.33040418922901155,0.5092264711856842,0.7678529411554336
bike,dune_bayes,1145,dispersion,0.4207597181200981,0.665416806936264,0.9964567303657532
bike,dune_bayes,1146,dispersion,0.5997931450605393,0.8947637975215912,1.2101167500019072
bike,dune_bayes,1147,dispersion,0.6840086877346039,1.0345160365104675,1.4451841294765464
bike,dune_bayes,1148,dispersion,0.7192332804203033,1.1294772028923035,1.5795551002025603
bike,dune_bayes,1149,dispersion,0.7585150510072708,1.077340841293335,1.463645493984222
bike,dune_bayes,1150,dispersion,0.7397044032812119,1.066129744052887,1.4631163656711577
bike,dune_bayes,1151,dispersion,0.9409954667091369,1.312472641468048,1.7305307507514953
bike,dune_bayes,1152,dispersion,0.9965170294046403,1.3695411086082458,1.8124638915061948
bike,dune_bayes,1153,dispersion,0.9271088182926178,1.3712925910949707,1.9046059310436245
bike,dune_bayes,1154,dispersion,0.9271088182926178,1.3712925910949707,1.9046059310436245
bike,dune_bayes,1155,dispersion,0.8793176680803299,1.2992473244667053,1.8061028242111203
bike,dune_bayes,1156,dispersion,0.4227201759815216,0.6852496266365051,1.0157140016555783
bike,dune_bayes,1157,dispersion,0.32721276730299,0.5610529482364655,0.8612954199314118
bike,dune_bayes,1158,dispersion,0.5619218707084656,0.854484349489212,1.190291666984558
bike,dune_bayes,1159,dispersion,0.7769344717264175,1.1392714381217957,1.5700554251670835
bike,dune_bayes,1160,dispersion,0.5708367198705673,0.8963741660118103,1.3360284984111783
bike,dune_bayes,1161,dispersion,0.5536753386259079,0.8759764730930328,1.2996710419654847
bike,dune_bayes,1162,dispersion,0.5161947429180146,0.8550673127174377,1.2787864506244655
bike,dune_bayes,1163,dispersion,0.48888247907161714,0.8298288285732269,1.2808629751205445
bike,dune_bayes,1164,dispersion,0.40815136283636094,0.8887056708335876,1.6439762413501737
bike,dune_bayes,1165,dispersion,0.15027286484837532,0.28614215552806854,0.5370800286531446
bike,dune_bayes,1166,dispersion,0.4977993279695511,0.6882903575897217,0.9257290631532668
bike,dune_bayes,1167,dispersion,0.3929562598466873,0.5520570576190948,0.8129624873399733
bike,dune_bayes,1168,dispersion,0.3929562598466873,0.5520570576190948,0.8129624873399733
bike,dune_bayes,1169,dispersion,0.49932367354631424,0.68610480427742,0.9070312738418579
bike,dune_bayes,1170,dispersion,0.5850782930850983,0.8064360022544861,1.0291340947151182
bike,dune_bayes,1171,dispersion,0.9255451887845993,1.21181058883667,1.536236900091171
bike,dune_bayes,1172,dispersion,0.9325003772974014,1.2382420897483826,1.585615450143814
bike,dune_bayes,1173,dispersion,0.8714922547340394,1.2710886597633362,1.7085345387458801
bike,dune_bayes,1174,dispersion,0.8792094826698303,1.31427663564682,1.786807745695114
bike,dune_bayes,1175,dispersion,0.7722002625465394,1.0499898195266724,1.3892459750175477
bike,dune_bayes,1176,dispersion,0.26159890592098234,0.42254239320755005,0.6603046804666517
bike,dune_bayes,1177,dispersion,0.26159890592098234,0.42254239320755005,0.6603046804666517
bike,dune_bayes,1178,dispersion,0.18430568650364876,0.3023195117712021,0.5039161622524261
bike,dune_bayes,1179,dispersion,0.5335408121347427,0.7470784783363342,0.9747025907039641
bike,dune_bayes,1180,dispersion,0.9992430120706558,1.3654115200042725,1.8033354580402372
bike,dune_bayes,1181,dispersion,0.8792094826698303,1.31427663564682,1.786807745695114
bike,dune_bayes,1182,dispersion,0.36647623032331467,0.5497451424598694,0.7836031436920162
bike,dune_bayes,1183,dispersion,0.36647623032331467,0.5497451424598694,0.7836031436920162
bike,dune_bayes,1184,dispersion,0.5830010801553727,0.7924059927463531,1.03583065867424
bike,dune_bayes,1185,dispersion,0.6554864704608917,0.9007242918014526,1.1594733297824857
bike,dune_bayes,1186,dispersion,0.6956584423780442,0.9274849891662598,1.1628189921379088
bike,dune_bayes,1187,dispersion,0.9929622083902359,1.3122456073760986,1.675394761562347
bike,dune_bayes,1188,dispersion,0.9794681429862976,1.3334211707115173,1.747068184614181
bike,dune_bayes,1189,dispersion,0.804597532749176,1.1023234724998474,1.4648913502693168
bike,dune_bayes,1190,dispersion,0.4885847523808479,0.7007496953010559,0.9547223061323165
bike,dune_bayes,1191,dispersion,0.821567776799202,1.1240363717079163,1.5054043471813199
bike,dune_bayes,1192,dispersion,0.8275145143270493,1.105549156665802,1.4070359528064722
bike,dune_bayes,1193,dispersion,0.6578981071710587,0.9283353686332703,1.3015949606895445
bike,dune_bayes,1194,dispersion,0.4555089384317398,0.692730039358139,0.991971954703331
bike,dune_bayes,1195,dispersion,0.35915675163269045,0.5697864890098572,0.8365822970867156
bike,dune_bayes,1196,dispersion,0.4049611255526543,0.6357623338699341,0.9237069487571712
bike,dune_bayes,1197,dispersion,0.5591491073369981,0.8514339625835419,1.2543440878391259
bike,dune_bayes,1198,dispersion,0.5968710869550705,0.958441972732544,1.4336721241474146
bike,dune_bayes,1199,dispersion,0.41550452411174776,0.6569766700267792,0.9651755988597868
bike,dune_bayes,1200,dispersion,0.3366763964295387,0.5413809716701508,0.8144347399473189
bike,dune_bayes,1201,dispersion,0.3420339092612267,0.5521025657653809,0.8147250562906262
bike,dune_bayes,1202,dispersion,0.45008434653282164,0.6967858374118805,1.0185375154018401
bike,dune_bayes,1203,dispersion,0.5208744317293167,0.7912373840808868,1.1563982069492338
bike,dune_bayes,1204,dispersion,0.6586593002080917,1.0478640794754028,1.5594994127750392
bike,dune_bayes,1205,dispersion,0.897332152724266,1.29684978723526,1.7861668109893798
bike,dune_bayes,1206,dispersion,0.9521527647972107,1.3326350450515747,1.7574799537658687
bike,dune_bayes,1207,dispersion,0.9986270278692245,1.3837202787399292,1.8262663662433622
bike,dune_bayes,1208,dispersion,1.0267625093460082,1.399228572845459,1.826663702726364
bike,dune_bayes,1209,dispersion,0.9986270278692245,1.3837202787399292,1.8262663662433622
bike,dune_bayes,1210,dispersion,1.0332056641578675,1.4208842515945435,1.8861274719238281
bike,dune_bayes,1211,dispersion,0.966907748579979,1.4393794536590576,1.9774683117866516
bike,dune_bayes,1212,dispersion,1.0040130555629732,1.4846869111061096,2.033246862888336
bike,dune_bayes,1213,dispersion,0.9336395174264908,1.3219872117042542,1.784198462963104
bike,dune_bayes,1214,dispersion,0.9856590390205383,1.340615689754486,1.7793983459472655
bike,dune_bayes,1215,dispersion,0.9583931773900985,1.3229551315307617,1.7737161397933958
bike,dune_bayes,1216,dispersion,0.97884581387043,1.3717492818832397,1.8393172204494475
bike,dune_bayes,1217,dispersion,0.8479057967662811,1.2457346320152283,1.7140089750289915
bike,dune_bayes,1218,dispersion,0.9512793302536011,1.334370732307434,1.8196050882339476
bike,dune_bayes,1219,dispersion,0.9856590390205383,1.340615689754486,1.7793983459472655
bike,dune_bayes,1220,dispersion,0.9907502979040146,1.3616500496864319,1.8188712954521178
bike,dune_bayes,1221,dispersion,0.9307824164628983,1.4035893678665161,1.9601067900657654
bike,dune_bayes,1222,dispersion,0.7000173479318619,1.0144786834716797,1.392434149980545
bike,dune_bayes,1223,dispersion,0.795352828502655,1.1738070845603943,1.7106758594512939
bike,dune_bayes,1224,dispersion,0.6507630616426467,0.9995512962341309,1.4498344063758848
bike,dune_bayes,1225,dispersion,0.6515582889318466,1.050844669342041,1.5371976375579832
bike,dune_bayes,1226,dispersion,0.2896497279405594,0.49078264832496643,0.7900626510381699
bike,dune_bayes,1227,dispersion,0.7460335254669189,1.0813912153244019,1.5273313403129576
bike,dune_bayes,1228,dispersion,0.9939351618289948,1.4560186862945557,1.9702241837978363
bike,dune_bayes,1229,dispersion,0.9508402436971665,1.3901795148849487,1.897172611951828
bike,dune_bayes,1230,dispersion,0.9336242973804474,1.277762532234192,1.6724232196807862
bike,dune_bayes,1231,dispersion,0.47612484693527224,0.6644864678382874,0.8928358465433118
bike,dune_bayes,1232,dispersion,0.30641518235206605,0.4971112310886383,0.7264337092638007
bike,dune_bayes,1233,dispersion,0.6334391087293625,0.9672738015651703,1.3347870349884032
bike,dune_bayes,1234,dispersion,0.9609879642724991,1.280634343624115,1.6517676532268524
bike,dune_bayes,1235,dispersion,0.9508276969194412,1.311013400554657,1.7073441326618188
bike,dune_bayes,1236,dispersion,0.2818724259734154,0.44812171161174774,0.7178000211715696
bike,dune_bayes,1237,dispersion,0.2994785845279694,0.4590010493993759,0.7131347835063934
bike,dune_bayes,1238,dispersion,0.32705318033695224,0.48105689883232117,0.7068626344203947
bike,dune_bayes,1239,dispersion,0.8810079008340835,1.2021452188491821,1.6118548095226286
bike,dune_bayes,1240,dispersion,0.9641485840082169,1.3368498086929321,1.7519326567649829
bike,dune_bayes,1241,dispersion,0.3925010785460472,0.5806353092193604,0.8264508724212647
bike,dune_bayes,1242,dispersion,0.2807669281959534,0.4304884970188141,0.6434766769409179
bike,dune_bayes,1243,dispersion,0.3309852167963982,0.5613928139209747,0.9131825804710388
bike,dune_bayes,1244,dispersion,0.7808967918157578,1.0337259769439697,1.3300405085086815
bike,dune_bayes,1245,dispersion,0.8662761300802231,1.1568228006362915,1.5203333079814905
bike,dune_bayes,1246,dispersion,0.8519603341817856,1.1621517539024353,1.5425907492637632
bike,dune_bayes,1247,dispersion,0.8792094826698303,1.31427663564682,1.786807745695114
bike,dune_bayes,1248,dispersion,0.6721965551376343,0.9540390372276306,1.237852692604065
bike,dune_bayes,1249,dispersion,0.7937792271375657,1.0614624619483948,1.3437859058380126
bike,dune_bayes,1250,dispersion,0.8826658606529236,1.1184841394424438,1.397664189338684
bike,dune_bayes,1251,dispersion,0.931938859820366,1.2163602113723755,1.5413676917552948
bike,dune_bayes,1252,dispersion,0.91053866147995,1.2065412402153015,1.5359029471874235
bike,dune_bayes,1253,dispersion,0.5187077820301056,0.7148737907409668,0.9373309820890426
bike,dune_bayes,1254,dispersion,0.8109024643898011,1.1677367687225342,1.6624644517898557
bike,dune_bayes,1255,dispersion,0.7280013412237167,1.0079489350318909,1.38882942199707
bike,dune_bayes,1256,dispersion,0.7140928000211716,0.9701375663280487,1.2977225065231321
bike,dune_bayes,1257,dispersion,0.6882260501384735,0.963198184967041,1.296206796169281
bike,dune_bayes,1258,dispersion,0.7635752946138382,1.0603483319282532,1.4320653438568116
bike,dune_bayes,1259,dispersion,0.7140928000211716,0.9701375663280487,1.2977225065231321
bike,dune_bayes,1260,dispersion,0.5056531637907028,0.7421711087226868,1.0452316105365753
bike,dune_bayes,1261,dispersion,0.4385340303182602,0.6638733446598053,0.9567460417747496
bike,dune_bayes,1262,dispersion,0.6615253567695618,0.9284728765487671,1.288006180524826
bike,dune_bayes,1263,dispersion,0.9292913287878036,1.2214245200157166,1.5702182829380036
bike,dune_bayes,1264,dispersion,0.8683750033378601,1.1057851314544678,1.3639805138111112
bike,dune_bayes,1265,dispersion,0.6881347447633743,0.9347979426383972,1.192862844467163
bike,dune_bayes,1266,dispersion,0.6317403703927994,0.9467130899429321,1.2819190502166746
bike,dune_bayes,1267,dispersion,0.6654165834188461,0.8764505982398987,1.1053721964359282
bike,dune_bayes,1268,dispersion,0.9265288233757019,1.1881295442581177,1.4621920406818387
bike,dune_bayes,1269,dispersion,1.0369136154651641,1.3892616033554077,1.8018690586090085
bike,dune_bayes,1270,dispersion,1.0369136154651641,1.3892616033554077,1.8018690586090085
bike,dune_bayes,1271,dispersion,1.0267625093460082,1.399228572845459,1.826663702726364
bike,dune_bayes,1272,dispersion,1.027803546190262,1.3881418108940125,1.7878592669963835
bike,dune_bayes,1273,dispersion,0.9849092900753021,1.4363711476325989,1.9475747644901273
bike,dune_bayes,1274,dispersion,1.0040130555629732,1.4846869111061096,2.033246862888336
bike,dune_bayes,1275,dispersion,1.0060587644577026,1.4963775277137756,2.0404218316078184
bike,dune_bayes,1276,dispersion,1.0367674291133882,1.4480095505714417,1.9282357692718504
bike,dune_bayes,1277,dispersion,0.9975611180067062,1.4191322326660156,1.9336878955364225
bike,dune_bayes,1278,dispersion,0.9901122391223908,1.4031831622123718,1.886363661289215
bike,dune_bayes,1279,dispersion,1.0016466587781907,1.3947910070419312,1.8776409268379208
bike,dune_bayes,1280,dispersion,0.9998284131288528,1.4140616059303284,1.9089698493480682
bike,dune_bayes,1281,dispersion,0.9236613184213639,1.2661402821540833,1.6822541117668148
bike,dune_bayes,1282,dispersion,0.8682399243116379,1.1788511276245117,1.5644463419914239
bike,dune_bayes,1283,dispersion,0.9336395174264908,1.3219872117042542,1.784198462963104
bike,dune_bayes,1284,dispersion,0.9907502979040146,1.3616500496864319,1.8188712954521178
bike,dune_bayes,1285,dispersion,0.9593848347663879,1.459639847278595,2.0155693888664246
bike,dune_bayes,1286,dispersion,0.9907502979040146,1.3616500496864319,1.8188712954521178
bike,dune_bayes,1287,dispersion,0.9724329382181168,1.3815699219703674,1.8896338284015655
bike,dune_bayes,1288,dispersion,0.9975611180067062,1.4191322326660156,1.9336878955364225
bike,dune_bayes,1289,dispersion,0.9307824164628983,1.4035893678665161,1.9601067900657654
bike,dune_bayes,1290,dispersion,0.9907502979040146,1.3616500496864319,1.8188712954521178
bike,dune_bayes,1291,dispersion,1.021364724636078,1.4207033514976501,1.8905250191688534
bike,dune_bayes,1292,dispersion,0.8046882182359696,1.2201286554336548,1.802459770441055
bike,dune_bayes,1293,dispersion,0.8230462282896042,1.2091270685195923,1.7528648614883413
bike,dune_bayes,1294,dispersion,0.7953248739242553,1.179633378982544,1.7327153921127318
bike,dune_bayes,1295,dispersion,0.5911187052726746,0.9100883603096008,1.3208196520805358
bike,dune_bayes,1296,dispersion,0.757023373246193,1.1502051949501038,1.6754086852073664
bike,dune_bayes,1297,dispersion,0.7495785236358643,1.204487681388855,1.8014550268650051
bike,dune_bayes,1298,dispersion,0.757023373246193,1.1502051949501038,1.6754086852073664
bike,dune_bayes,1299,dispersion,0.6166785269975662,1.0123319625854492,1.5082744300365447
bike,dune_bayes,1300,dispersion,0.6684385120868683,1.0469191670417786,1.5454621851444243
bike,dune_bayes,1301,dispersion,0.7435165315866471,1.148409128189087,1.705864393711089
bike,dune_bayes,1302,dispersion,0.7415394097566606,1.140382468700409,1.6863542973995205
bike,dune_bayes,1303,dispersion,0.9307824164628983,1.4035893678665161,1.9601067900657654
bike,dune_bayes,1304,dispersion,0.9271088182926178,1.3712925910949707,1.9046059310436245
bike,dune_bayes,1305,dispersion,0.9236613184213639,1.2661402821540833,1.6822541117668148
bike,dune_bayes,1306,dispersion,0.5928709506988525,0.8158557116985321,1.0777508497238155
bike,dune_bayes,1307,dispersion,0.9525170028209686,1.3039370775222778,1.7367539107799528
bike,dune_bayes,1308,dispersion,0.9907502979040146,1.3616500496864319,1.8188712954521178
bike,dune_bayes,1309,dispersion,0.9907502979040146,1.3616500496864319,1.8188712954521178
bike,dune_bayes,1310,dispersion,0.968889918923378,1.3714791536331177,1.8648234367370602
bike,dune_bayes,1311,dispersion,0.97884581387043,1.3717492818832397,1.8393172204494475
bike,dune_bayes,1312,dispersion,0.97884581387043,1.3717492818832397,1.8393172204494475
bike,dune_bayes,1313,dispersion,0.9236613184213639,1.2661402821540833,1.6822541117668148
bike,dune_bayes,1314,dispersion,0.9052454501390457,1.2782003283500671,1.7264003992080688
bike,dune_bayes,1315,dispersion,0.8036691904067993,1.127653956413269,1.521891802549362
bike,dune_bayes,1316,dispersion,0.8823405504226685,1.2182169556617737,1.642006367444992
bike,dune_bayes,1317,dispersion,0.9525170028209686,1.3039370775222778,1.7367539107799528
bike,dune_bayes,1318,dispersion,0.9314952492713928,1.3695020079612732,1.8766477346420285
bike,dune_bayes,1319,dispersion,0.9375416755676269,1.2971876859664917,1.725605010986328
bike,dune_bayes,1320,dispersion,0.9353930950164795,1.3185895681381226,1.7629043042659756
bike,dune_bayes,1321,dispersion,0.8825095802545547,1.2419723272323608,1.665315932035446
bike,dune_bayes,1322,dispersion,0.9895695269107819,1.3686166405677795,1.8296251058578479
bike,dune_bayes,1323,dispersion,0.9895695269107819,1.3686166405677795,1.8296251058578479
bike,dune_bayes,1324,dispersion,0.993958368897438,1.3546509146690369,1.7887873113155353
bike,dune_bayes,1325,dispersion,0.6592700958251954,0.8675988614559174,1.095669800043106
bike,dune_bayes,1326,dispersion,0.37674312591552733,0.5557701885700226,0.8235382139682764
bike,dune_bayes,1327,dispersion,0.28411466628313065,0.469036340713501,0.7954366177320479
bike,dune_bayes,1328,dispersion,0.7847382754087449,1.1622217893600464,1.577235549688339
bike,dune_bayes,1329,dispersion,1.0145581424236298,1.3793007135391235,1.795194363594055
bike,dune_bayes,1330,dispersion,0.5222376316785813,0.7158226370811462,0.9544402152299879
bike,dune_bayes,1331,dispersion,0.56915462911129,0.8289929926395416,1.1640520930290221
bike,dune_bayes,1332,dispersion,0.8215008288621903,1.1589955687522888,1.5892086207866662
bike,dune_bayes,1333,dispersion,0.6916711181402206,0.9608162641525269,1.3109504103660583
bike,dune_bayes,1334,dispersion,0.8070169270038605,1.1127814054489136,1.5071251451969143
bike,dune_bayes,1335,dispersion,0.9177186578512192,1.34355628490448,1.8591895163059233
bike,dune_bayes,1336,dispersion,0.9177186578512192,1.34355628490448,1.8591895163059233
bike,dune_bayes,1337,dispersion,0.9554719477891922,1.393208920955658,1.912310183048248
bike,dune_bayes,1338,dispersion,0.613273772597313,0.8433072865009308,1.1203483521938322
bike,dune_bayes,1339,dispersion,0.9273343622684479,1.326072335243225,1.8234273314476013
bike,dune_bayes,1340,dispersion,0.9424858003854751,1.3493152856826782,1.8453869640827179
bike,dune_bayes,1341,dispersion,0.8070215553045273,1.1044582724571228,1.4762019515037532
bike,dune_bayes,1342,dispersion,1.1558376967906951,1.5662217736244202,2.027755630016327
bike,dune_bayes,1343,dispersion,1.0467597126960755,1.3582087755203247,1.720064151287078
bike,dune_bayes,1344,dispersion,1.0397415339946747,1.384523868560791,1.7612140834331507
bike,dune_bayes,1345,dispersion,0.9537093639373779,1.2203678488731384,1.5376641690731048
bike,dune_bayes,1346,dispersion,0.9896617978811264,1.2684603333473206,1.606420212984085
bike,dune_bayes,1347,dispersion,1.1018877804279328,1.5309335589408875,1.986596339941024
bike,dune_bayes,1348,dispersion,1.0934637486934662,1.471975862979889,1.8950220882892608
bike,dune_bayes,1349,dispersion,0.7759499430656434,1.0429113507270813,1.3103786170482634
bike,dune_bayes,1350,dispersion,0.5628846883773804,0.7745550572872162,1.027107661962509
bike,dune_bayes,1351,dispersion,0.5288200676441193,0.7237748801708221,0.9551844328641891
bike,dune_bayes,1352,dispersion,0.5280268520116806,0.7538139224052429,1.0406841337680814
bike,dune_bayes,1353,dispersion,0.5503915011882782,0.8304117918014526,1.1591965794563293
bike,dune_bayes,1354,dispersion,1.00320885181427,1.3018645644187927,1.6648334801197051
bike,dune_bayes,1355,dispersion,0.5447785973548889,0.7442648112773895,0.9539582282304762
bike,dune_bayes,1356,dispersion,0.9898054122924804,1.2851192951202393,1.617962896823883
bike,dune_bayes,1357,dispersion,1.0188146591186524,1.373903751373291,1.7892641603946684
bike,dune_bayes,1358,dispersion,0.4995826482772827,0.7733705341815948,1.074787366390228
bike,dune_bayes,1359,dispersion,0.5195355206727982,0.7404789626598358,0.9836187511682509
bike,dune_bayes,1360,dispersion,0.9878732353448868,1.3093385100364685,1.6793541371822354
bike,dune_bayes,1361,dispersion,1.0503870666027069,1.4491931796073914,1.9201333463191985
bike,dune_bayes,1362,dispersion,1.0620976328849792,1.4801406860351562,1.9462315678596491
bike,dune_bayes,1363,dispersion,0.457987567782402,0.7375880777835846,1.0509230017662048
bike,dune_bayes,1364,dispersion,0.7034154146909714,0.942056804895401,1.2069741189479826
bike,dune_bayes,1365,dispersion,0.7893987774848938,1.2194347381591797,1.7536152362823485
bike,dune_bayes,1366,dispersion,0.23526951596140863,0.43691669404506683,0.7806370764970778
bike,dune_bayes,1367,dispersion,0.2818618670105934,0.4710661619901657,0.7681133210659026
bike,dune_bayes,1368,dispersion,0.8187071204185487,1.2666630148887634,1.8607358276844024
bike,dune_bayes,1369,dispersion,0.8273210316896439,1.2858957648277283,1.8835032284259794
bike,dune_bayes,1370,dispersion,0.8187071204185487,1.2666630148887634,1.8607358276844024
bike,dune_bayes,1371,dispersion,0.7463548481464386,1.1468722224235535,1.6471612334251402
bike,dune_bayes,1372,dispersion,0.6618113189935684,1.0420258045196533,1.5015492677688598
bike,dune_bayes,1373,dispersion,1.0103631615638733,1.3853693008422852,1.8128181517124176
bike,dune_bayes,1374,dispersion,0.8343394875526429,1.0929978489875793,1.391049516201019
bike,dune_bayes,1375,dispersion,0.8898268133401871,1.1559361219406128,1.4428850293159483
bike,dune_bayes,1376,dispersion,0.9532486140727997,1.247053623199463,1.5855309724807738
bike,dune_bayes,1377,dispersion,0.9174202889204025,1.2169529795646667,1.555548733472824
bike,dune_bayes,1378,dispersion,0.8191271364688874,1.2617308497428894,1.8073709785938257
bike,dune_bayes,1379,dispersion,0.8720923662185669,1.27937650680542,1.8067062437534331
bike,dune_bayes,1380,dispersion,0.9328270226716996,1.3374110460281372,1.8169801950454711
bike,dune_bayes,1381,dispersion,0.9303559452295304,1.3173937797546387,1.7569416940212248
bike,dune_bayes,1382,dispersion,0.9986270278692245,1.3837202787399292,1.8262663662433622
bike,dune_bayes,1383,dispersion,1.0267625093460082,1.399228572845459,1.826663702726364
bike,dune_bayes,1384,dispersion,1.0420183539390564,1.4322360157966614,1.8922589123249052
bike,dune_bayes,1385,dispersion,1.0060587644577026,1.4963775277137756,2.0404218316078184
bike,dune_bayes,1386,dispersion,1.0060587644577026,1.4963775277137756,2.0404218316078184
bike,dune_bayes,1387,dispersion,1.0367674291133882,1.4480095505714417,1.9282357692718504
bike,dune_bayes,1388,dispersion,1.0276328146457672,1.4512250423431396,1.9448123812675475
bike,dune_bayes,1389,dispersion,0.921509250998497,1.2464705109596252,1.6248132705688476
bike,dune_bayes,1390,dispersion,0.8640784353017807,1.2107150554656982,1.620992761850356
bike,dune_bayes,1391,dispersion,1.0270239531993866,1.4048153758049011,1.86046884059906
bike,dune_bayes,1392,dispersion,1.0245835959911347,1.3674630522727966,1.7656403124332427
bike,dune_bayes,1393,dispersion,0.3779408723115921,0.5621181726455688,0.8517907023429866
bike,dune_bayes,1394,dispersion,0.48042096346616747,0.6876245141029358,0.9674393892288203
bike,dune_bayes,1395,dispersion,0.2052208885550499,0.3781851977109909,0.7076851069927211
bike,dune_bayes,1396,dispersion,0.471391835808754,0.6888766884803772,0.9566437065601345
bike,dune_bayes,1397,dispersion,0.712275630235672,0.9827935993671417,1.319320303201675
bike,dune_bayes,1398,dispersion,0.3285977467894554,0.49867574870586395,0.7416801989078518
bike,dune_bayes,1399,dispersion,0.24223294258117675,0.40276752412319183,0.6944112032651899
bike,dune_bayes,1400,dispersion,0.25818866193294526,0.42665939033031464,0.7179957926273345
bike,dune_bayes,1401,dispersion,0.2766723856329918,0.4836515933275223,0.8303270339965819
bike,dune_bayes,1402,dispersion,0.33511008620262145,0.5430275797843933,0.8596047461032867
bike,dune_bayes,1403,dispersion,0.5514705806970597,0.7677312195301056,1.0439520180225372
bike,dune_bayes,1404,dispersion,0.6978498965501785,0.8975149393081665,1.1178410410881043
bike,dune_bayes,1405,dispersion,0.7079014748334884,0.9422125220298767,1.1871862232685086
bike,dune_bayes,1406,dispersion,0.6268535166978836,0.8113784193992615,1.025215148925781
bike,dune_bayes,1407,dispersion,0.35583802610635756,0.5302062928676605,0.77829430103302
bike,dune_bayes,1408,dispersion,0.476266510784626,0.6652739644050598,0.894521790742874
bike,dune_bayes,1409,dispersion,0.780437758564949,1.2491375207901,1.8160800516605373
bike,dune_bayes,1410,dispersion,1.0010958075523377,1.3796321153640747,1.829779529571533
bike,dune_bayes,1411,dispersion,0.9309937298297882,1.34526127576828,1.8225624084472654
bike,dune_bayes,1412,dispersion,1.0367674291133882,1.4480095505714417,1.9282357692718504
bike,dune_bayes,1413,dispersion,1.0350767016410827,1.4105103015899658,1.851689767837524
bike,dune_bayes,1414,dispersion,0.8901000261306763,1.3015167713165283,1.824611163139343
bike,dune_bayes,1415,dispersion,1.0467597126960755,1.3582087755203247,1.720064151287078
bike,dune_bayes,1416,dispersion,1.0534290671348572,1.3462165594100952,1.7032384157180787
bike,dune_bayes,1417,dispersion,0.8032088696956634,1.0245428085327148,1.2881660878658294
bike,dune_bayes,1418,dispersion,0.4385054871439934,0.6222453415393829,0.8775587648153303
bike,dune_bayes,1419,dispersion,0.609005069732666,0.794616311788559,1.0203155934810637
bike,dune_bayes,1420,dispersion,0.6887414515018463,0.9723738729953766,1.335563838481903
bike,dune_bayes,1421,dispersion,0.5967149257659913,0.8393601477146149,1.148499107360839
bike,dune_bayes,1422,dispersion,0.3403294116258621,0.5729074776172638,0.9052846670150753
bike,dune_bayes,1423,dispersion,0.47029898911714557,0.6774560213088989,0.9498143911361694
bike,dune_bayes,1424,dispersion,0.45780931264162067,0.6874671280384064,0.9774898767471313
bike,dune_bayes,1425,dispersion,0.6569777995347977,0.9827327728271484,1.438446944952011
bike,dune_bayes,1426,dispersion,0.7974103540182114,1.209229052066803,1.7107667028903955
bike,dune_bayes,1427,dispersion,0.8671612769365311,1.3297001123428345,1.8883329212665556
bike,dune_bayes,1428,dispersion,0.9285241961479187,1.426440954208374,2.0162701964378353
bike,dune_bayes,1429,dispersion,0.986138927936554,1.4299466013908386,1.9906312346458432
bike,dune_bayes,1430,dispersion,1.105998021364212,1.4488176703453064,1.8643005549907683
bike,dune_bayes,1431,dispersion,1.1100609302520752,1.6248505115509033,2.1660315513610837
bike,dune_bayes,1432,dispersion,1.1078750133514403,1.5193947553634644,1.976425230503082
bike,dune_bayes,1433,dispersion,0.7874007642269134,1.0048009157180786,1.2199961662292478
bike,dune_bayes,1434,dispersion,1.0763816952705383,1.4111387729644775,1.823055350780487
bike,dune_bayes,1435,dispersion,1.1322188615798952,1.5174827575683594,1.936932361125946
bike,dune_bayes,1436,dispersion,0.9031764805316925,1.2988200187683105,1.7473163247108459
bike,dune_bayes,1437,dispersion,0.4748111695051193,0.6588382422924042,0.9054915994405743
bike,dune_bayes,1438,dispersion,0.32514952272176745,0.5287310481071472,0.8693843573331833
bike,dune_bayes,1439,dispersion,0.39918181896209715,0.5878525078296661,0.8430427283048629
bike,dune_bayes,1440,dispersion,0.4645789936184883,0.6626027524471283,0.9100755751132964
bike,dune_bayes,1441,dispersion,0.9926469057798386,1.4188223481178284,1.9061413645744323
bike,dune_bayes,1442,dispersion,1.0391405165195464,1.5193852186203003,2.0902836203575133
bike,dune_bayes,1443,dispersion,1.0391405165195464,1.5193852186203003,2.0902836203575133
bike,dune_bayes,1444,dispersion,1.0437116146087646,1.4073224067687988,1.8349204301834106
bike,dune_bayes,1445,dispersion,1.050010335445404,1.3941709995269775,1.8065655410289763
bike,dune_bayes,1446,dispersion,1.0145581424236298,1.3793007135391235,1.795194363594055
bike,dune_bayes,1447,dispersion,0.9334541887044907,1.2048632502555847,1.4885996580123897
bike,dune_bayes,1448,dispersion,0.6988271236419678,1.0520170331001282,1.4778307557106
bike,dune_bayes,1449,dispersion,0.9940850079059601,1.324805200099945,1.7192805290222164
bike,dune_bayes,1450,dispersion,0.9266830086708069,1.2296198010444641,1.594658553600311
bike,dune_bayes,1451,dispersion,0.6144985377788543,0.8472915291786194,1.125682097673416
bike,dune_bayes,1452,dispersion,0.8678389251232147,1.1211916208267212,1.4439114987850186
bike,dune_bayes,1453,dispersion,1.0674406468868256,1.5827068090438843,2.1962321996688843
bike,dune_bayes,1454,dispersion,1.0558366537094117,1.60670804977417,2.276683735847473
bike,dune_bayes,1455,dispersion,1.028117835521698,1.6326059103012085,2.3367896556854246
bike,dune_bayes,1456,dispersion,1.2878472328186035,1.8109960556030273,2.3875110268592823
bike,dune_bayes,1457,dispersion,1.1626705706119538,1.7033290266990662,2.33361873626709
bike,dune_bayes,1458,dispersion,0.9972114473581314,1.3937666416168213,1.85579434633255
bike,dune_bayes,1459,dispersion,0.4933088645339012,0.7262349724769592,1.0020382165908814
bike,dune_bayes,1460,dispersion,0.5923406034708023,0.9274240434169769,1.3857952177524564
bike,dune_bayes,1461,dispersion,1.5356208682060242,2.2554961442947388,2.9201082825660705
bike,dune_bayes,1462,dispersion,0.583093273639679,0.8045622408390045,1.084109878540039
bike,dune_bayes,1463,dispersion,1.0918582081794739,1.4259836077690125,1.8067094266414638
bike,dune_bayes,1464,dispersion,1.168795108795166,1.530899465084076,1.955177915096283
bike,dune_bayes,1465,dispersion,1.2236106812953949,1.623257577419281,2.0818917512893678
bike,dune_bayes,1466,dispersion,1.0004458606243134,1.3046175837516785,1.6548258125782014
bike,dune_bayes,1467,dispersion,0.5203353822231293,0.7347579598426819,0.9788322448730469
bike,dune_bayes,1468,dispersion,0.6191625326871872,0.8014551997184753,1.0108729779720307
bike,dune_bayes,1469,dispersion,0.48993119299411775,0.6845253705978394,0.9076367020606995
bike,dune_bayes,1470,dispersion,1.1202528178691864,1.6101130843162537,2.1377158999443053
bike,dune_bayes,1471,dispersion,1.2261729121208191,1.8078234195709229,2.3920614838600156
bike,dune_bayes,1472,dispersion,1.2261729121208191,1.8078234195709229,2.3920614838600156
bike,dune_bayes,1473,dispersion,0.5645896613597869,0.7756212949752808,1.0137702226638794
bike,dune_bayes,1474,dispersion,0.899340096116066,1.1548396944999695,1.4382835149765
bike,dune_bayes,1475,dispersion,1.1263321697711945,1.4843357801437378,1.8818573772907257
bike,dune_bayes,1476,dispersion,1.1923279404640197,1.628747284412384,2.095276057720184
bike,dune_bayes,1477,dispersion,0.8748581111431122,1.0987477898597717,1.3640601634979248
bike,dune_bayes,1478,dispersion,0.49449131488800047,0.6683087646961212,0.8900502532720562
bike,dune_bayes,1479,dispersion,0.6184297740459442,0.8504989743232727,1.1031574845314023
bike,dune_bayes,1480,dispersion,1.0923534750938415,1.4834862351417542,1.9106210768222807
bike,dune_bayes,1481,dispersion,1.0536526024341584,1.5215665102005005,2.0412572145462033
bike,dune_bayes,1482,dispersion,0.6574651300907135,1.007431447505951,1.4178848803043365
bike,dune_bayes,1483,dispersion,0.3136372402310372,0.5311174094676971,0.927628272771835
bike,dune_bayes,1484,dispersion,0.5210956305265426,0.8047812283039093,1.1659056425094603
bike,dune_bayes,1485,dispersion,0.531651696562767,0.8031054437160492,1.1129633545875548
bike,dune_bayes,1486,dispersion,0.3158013761043549,0.5185422897338867,0.7729336857795712
bike,dune_bayes,1487,dispersion,0.35139868408441544,0.5686784088611603,0.8297643184661865
bike,dune_bayes,1488,dispersion,0.4685117170214653,0.7272993922233582,1.0566877961158752
bike,dune_bayes,1489,dispersion,1.1580615758895874,1.7180152535438538,2.3690806269645686
bike,dune_bayes,1490,dispersion,1.2538250148296357,1.8546407222747803,2.5585827112197874
bike,dune_bayes,1491,dispersion,1.1573705971240997,1.6656090021133423,2.260910093784332
bike,dune_bayes,1492,dispersion,1.244191437959671,1.8415542244911194,2.4396675825119014
bike,dune_bayes,1493,dispersion,1.1804315567016601,1.6256216764450073,2.104599297046661
bike,dune_bayes,1494,dispersion,1.2804591357707977,1.781822144985199,2.3102012038230897
bike,dune_bayes,1495,dispersion,1.1456712543964387,1.6766738295555115,2.221116960048675
bike,dune_bayes,1496,dispersion,0.7977072834968567,1.014360785484314,1.2724437952041625
bike,dune_bayes,1497,dispersion,0.5233308166265488,0.7099772095680237,0.9267113476991653
bike,dune_bayes,1498,dispersion,0.47792436480522155,0.6868489980697632,0.9367394387722013
bike,dune_bayes,1499,dispersion,0.996793532371521,1.4376919865608215,1.9219816207885738
bike,dune_bayes,1500,dispersion,1.1456712543964387,1.6766738295555115,2.221116960048675
bike,dune_bayes,1501,dispersion,1.2692038357257842,1.8788986206054688,2.490723645687103
bike,dune_bayes,1502,dispersion,1.2692038357257842,1.8788986206054688,2.490723645687103
bike,dune_bayes,1503,dispersion,1.244191437959671,1.8415542244911194,2.4396675825119014
bike,dune_bayes,1504,dispersion,1.0586980164051056,1.3841527104377747,1.7726927042007439
bike,dune_bayes,1505,dispersion,0.474526484310627,0.6427316963672638,0.876643905043602
bike,dune_bayes,1506,dispersion,0.5174480646848678,0.6898275911808014,0.9065942198038099
bike,dune_bayes,1507,dispersion,0.972634780406952,1.3984410762786865,1.8674278616905207
bike,dune_bayes,1508,dispersion,1.076763665676117,1.5778945684432983,2.108241510391234
bike,dune_bayes,1509,dispersion,1.076763665676117,1.5778945684432983,2.108241510391234
bike,dune_bayes,1510,dispersion,1.076763665676117,1.5778945684432983,2.108241510391234
bike,dune_bayes,1511,dispersion,1.1238410651683808,1.6579838991165161,2.2385415434837337
bike,dune_bayes,1512,dispersion,1.0307359635829925,1.4030505418777466,1.8202966392040252
bike,dune_bayes,1513,dispersion,1.0699364960193634,1.4515991806983948,1.8769246399402617
bike,dune_bayes,1514,dispersion,1.1483186841011048,1.5139230489730835,1.9443188726902008
bike,dune_bayes,1515,dispersion,0.4004248917102814,0.6740625202655792,1.0553111433982847
bike,dune_bayes,1516,dispersion,0.3217163383960724,0.5911257863044739,1.0781197786331174
bike,dune_bayes,1517,dispersion,0.3114932969212532,0.5588435530662537,0.9771739482879636
bike,dune_bayes,1518,dispersion,0.2629143983125687,0.47437596321105957,0.8383497893810268
bike,dune_bayes,1519,dispersion,0.2868068695068359,0.5146960616111755,0.8673470377922057
bike,dune_bayes,1520,dispersion,0.5000358819961548,0.7996627390384674,1.1803641259670254
bike,dune_bayes,1521,dispersion,0.8768661439418793,1.250323235988617,1.6748252034187314
bike,dune_bayes,1522,dispersion,0.8768661439418793,1.250323235988617,1.6748252034187314
bike,dune_bayes,1523,dispersion,1.2231675505638122,1.6878689527511597,2.2317996621131893
bike,dune_bayes,1524,dispersion,0.6404253125190735,0.9044049978256226,1.240275329351425
bike,dune_bayes,1525,dispersion,0.45076857805252074,0.6854996979236603,0.9731465727090834
bike,dune_bayes,1526,dispersion,0.2741144627332687,0.43818575143814087,0.6907288938760755
bike,dune_bayes,1527,dispersion,0.3745370224118233,0.5768839716911316,0.8428786426782608
bike,dune_bayes,1528,dispersion,0.5411390155553818,0.7603155672550201,1.0220452606678008
bike,dune_bayes,1529,dispersion,0.30591822862625123,0.4925924390554428,0.7557746142148971
bike,dune_bayes,1530,dispersion,0.2399265319108963,0.4066682904958725,0.6860384583473205
bike,dune_bayes,1531,dispersion,0.23924280777573587,0.41000714898109436,0.6791158318519583
bike,dune_bayes,1532,dispersion,0.7075515449047088,0.9580658674240112,1.2136954963207243
bike,dune_bayes,1533,dispersion,0.9284070909023285,1.1870245337486267,1.4903854608535765
bike,dune_bayes,1534,dispersion,0.9040893852710724,1.1806947588920593,1.4856027722358702
bike,dune_bayes,1535,dispersion,0.5718800812959671,0.7796681523323059,1.0186097502708433
bike,dune_bayes,1536,dispersion,0.7418756276369095,1.0419175028800964,1.3473201572895048
bike,dune_bayes,1537,dispersion,0.8702615767717361,1.1216174364089966,1.4107015550136563
bike,dune_bayes,1538,dispersion,0.9330994218587876,1.1866618990898132,1.4611859321594238
bike,dune_bayes,1539,dispersion,0.9845422118902206,1.3176411986351013,1.7121792554855346
bike,dune_bayes,1540,dispersion,1.042820006608963,1.478270947933197,1.948370534181595
bike,dune_bayes,1541,dispersion,1.0418381214141845,1.488727331161499,1.9704247117042537
bike,dune_bayes,1542,dispersion,1.0391405165195464,1.5193852186203003,2.0902836203575133
bike,dune_bayes,1543,dispersion,1.0571019291877746,1.4525921940803528,1.9065459191799163
bike,dune_bayes,1544,dispersion,1.0448480367660522,1.4571543335914612,1.925853770971298
bike,dune_bayes,1545,dispersion,0.9977376729249954,1.3719476461410522,1.781618362665176
bike,dune_bayes,1546,dispersion,1.0881558418273927,1.469041347503662,1.906769174337387
bike,dune_bayes,1547,dispersion,0.9179854929447174,1.2658603191375732,1.6481492817401882
bike,dune_bayes,1548,dispersion,0.738143315911293,0.9794013798236847,1.274596470594406
bike,dune_bayes,1549,dispersion,0.8148490875959397,1.0971794128417969,1.4399268388748168
bike,dune_bayes,1550,dispersion,0.643623548746109,0.9154758751392365,1.2310185849666595
bike,dune_bayes,1551,dispersion,0.49040895551443103,0.799699991941452,1.2414994955062866
bike,dune_bayes,1552,dispersion,0.6002258032560348,0.8778560757637024,1.2205327570438385
bike,dune_bayes,1553,dispersion,0.8215278148651123,1.139598786830902,1.5177164733409874
bike,dune_bayes,1554,dispersion,0.7556370824575425,1.0915527939796448,1.4828921437263487
bike,dune_bayes,1555,dispersion,0.5093420624732972,0.8538650870323181,1.3297152340412137
bike,dune_bayes,1556,dispersion,0.4657047241926193,0.71556156873703,1.0379441857337952
bike,dune_bayes,1557,dispersion,0.48013789802789686,0.7395461797714233,1.0939356148242951
bike,dune_bayes,1558,dispersion,0.7355254799127579,1.0568503141403198,1.4296354889869687
bike,dune_bayes,1559,dispersion,0.7861123204231262,1.1360028386116028,1.5293144822120666
bike,dune_bayes,1560,dispersion,0.5680919200181961,0.8744773268699646,1.234595388174057
bike,dune_bayes,1561,dispersion,0.5724651753902436,0.870076984167099,1.2331996560096736
bike,dune_bayes,1562,dispersion,0.2889104649424553,0.4824041277170181,0.7451765090227127
bike,dune_bayes,1563,dispersion,0.32901394814252855,0.5232991278171539,0.7635601937770842
bike,dune_bayes,1564,dispersion,0.712275630235672,0.9827935993671417,1.319320303201675
bike,dune_bayes,1565,dispersion,0.6623768240213395,0.9176875352859497,1.210920065641403
bike,dune_bayes,1566,dispersion,0.7362106233835221,1.0139856934547424,1.36471591591835
bike,dune_bayes,1567,dispersion,0.7429127156734466,1.0357939004898071,1.4472037136554718
bike,dune_bayes,1568,dispersion,0.5720104694366455,0.816362202167511,1.123600834608078
bike,dune_bayes,1569,dispersion,0.5697106391191482,0.8168290853500366,1.0867688834667204
bike,dune_bayes,1570,dispersion,1.0339788854122163,1.4185729622840881,1.8669484674930568
bike,dune_bayes,1571,dispersion,1.0448480367660522,1.4571543335914612,1.925853770971298
bike,dune_bayes,1572,dispersion,1.0145581424236298,1.3793007135391235,1.795194363594055
bike,dune_bayes,1573,dispersion,0.9922071665525436,1.297783613204956,1.6536903858184815
bike,dune_bayes,1574,dispersion,1.0101787567138671,1.3329301476478577,1.7071687638759612
bike,dune_bayes,1575,dispersion,1.0882366180419922,1.4801679849624634,1.9015451133251187
bike,dune_bayes,1576,dispersion,1.0882366180419922,1.4801679849624634,1.9015451133251187
bike,dune_bayes,1577,dispersion,1.1074146807193757,1.5271155834197998,2.003381967544555
bike,dune_bayes,1578,dispersion,1.060488647222519,1.5489569902420044,2.060971939563751
bike,dune_bayes,1579,dispersion,1.0438562035560608,1.4071264863014221,1.8652115166187284
bike,dune_bayes,1580,dispersion,0.4586785063147545,0.7562746405601501,1.113149869441986
bike,dune_bayes,1581,dispersion,0.5998622566461563,0.9479382038116455,1.3319763600826253
bike,dune_bayes,1582,dispersion,0.514643344283104,0.8197726905345917,1.234696489572525
bike,dune_bayes,1583,dispersion,0.289054773747921,0.45729635655879974,0.7125758051872253
bike,dune_bayes,1584,dispersion,0.2591587945818901,0.42391444742679596,0.6797698825597763
bike,dune_bayes,1585,dispersion,1.1501491963863373,1.6752263307571411,2.1926887273788447
bike,dune_bayes,1586,dispersion,0.7151167064905166,0.97923743724823,1.279013067483902
bike,dune_bayes,1587,dispersion,1.0433654129505157,1.5057459473609924,2.053947019577026
bike,dune_bayes,1588,dispersion,1.0427891969680787,1.564970850944519,2.165844225883484
bike,dune_bayes,1589,dispersion,0.9993166595697404,1.414376139640808,1.916928505897522
bike,dune_bayes,1590,dispersion,0.9521363317966461,1.3690205216407776,1.8779818534851072
bike,dune_bayes,1591,dispersion,0.40444808155298234,0.6627549231052399,1.036446851491928
bike,dune_bayes,1592,dispersion,0.3342363879084587,0.5660237669944763,0.9039166748523711
bike,dune_bayes,1593,dispersion,0.9273343622684479,1.326072335243225,1.8234273314476013
bike,dune_bayes,1594,dispersion,0.8812409907579423,1.257378339767456,1.7419758677482604
bike,dune_bayes,1595,dispersion,0.2260541208088398,0.4079349935054779,0.7536052048206329
bike,dune_bayes,1596,dispersion,0.5489444732666016,0.7733063995838165,1.0417274177074431
bike,dune_bayes,1597,dispersion,0.6853740513324738,0.9517476558685303,1.2783634662628172
bike,dune_bayes,1598,dispersion,0.9072589457035065,1.2350575923919678,1.590559488534927
bike,dune_bayes,1599,dispersion,1.0256352603435517,1.366001307964325,1.7714829683303832
bike,dune_bayes,1600,dispersion,1.0210541605949401,1.4746885299682617,1.9841065287590027
bike,dune_bayes,1601,dispersion,1.0288655459880829,1.4138122200965881,1.8579138040542602
bike,dune_bayes,1602,dispersion,1.086140787601471,1.475979208946228,1.9227920949459074
bike,dune_bayes,1603,dispersion,0.43562534004449843,0.6751553416252136,1.0201392531394955
bike,dune_bayes,1604,dispersion,0.7712788820266724,1.0567682981491089,1.4061686873435972
bike,dune_bayes,1605,dispersion,0.979748272895813,1.3187269568443298,1.7396323204040527
bike,dune_bayes,1606,dispersion,0.8723982274532318,1.212511420249939,1.6325777828693389
bike,dune_bayes,1607,dispersion,1.0700999975204468,1.5210814476013184,1.9898554980754841
bike,dune_bayes,1608,dispersion,1.2735981702804566,1.7180368304252625,2.1846369266510006
bike,dune_bayes,1609,dispersion,1.482474136352539,2.1394081115722656,2.729601728916167
bike,dune_bayes,1610,dispersion,0.7540699124336243,1.0200773477554321,1.3309522449970244
bike,dune_bayes,1611,dispersion,0.62160065472126,0.9116832315921783,1.246860188245773
bike,dune_bayes,1612,dispersion,0.9106028497219085,1.298073410987854,1.727130228281021
bike,dune_bayes,1613,dispersion,1.094291979074478,1.5242681503295898,2.013670134544372
bike,dune_bayes,1614,dispersion,1.1635078310966491,1.651615023612976,2.2240632891654966
bike,dune_bayes,1615,dispersion,0.6478688150644303,0.9899405837059021,1.4663252413272858
bike,dune_bayes,1616,dispersion,0.9982168823480606,1.4250444769859314,1.939921289682388
bike,dune_bayes,1617,dispersion,1.1580615758895874,1.7180152535438538,2.3690806269645686
bike,dune_bayes,1618,dispersion,1.1896052062511444,1.775603175163269,2.454769170284271
bike,dune_bayes,1619,dispersion,1.1896052062511444,1.775603175163269,2.454769170284271
bike,dune_bayes,1620,dispersion,0.8426875054836274,1.1830507516860962,1.6094572901725768
bike,dune_bayes,1621,dispersion,0.9862363517284394,1.4260558485984802,1.9717172980308528
bike,dune_bayes,1622,dispersion,1.3462055444717407,1.81752347946167,2.3234463572502135
bike,dune_bayes,1623,dispersion,0.972634780406952,1.3984410762786865,1.8674278616905207
bike,dune_bayes,1624,dispersion,1.0339788854122163,1.4185729622840881,1.8669484674930568
bike,dune_bayes,1625,dispersion,1.0441979050636292,1.4476341009140015,1.9228344023227688
bike,dune_bayes,1626,dispersion,1.0441979050636292,1.4476341009140015,1.9228344023227688
bike,dune_bayes,1627,dispersion,1.0415896475315094,1.450470209121704,1.9320870101451875
bike,dune_bayes,1628,dispersion,0.9978626072406769,1.4100117683410645,1.8848084032535548
bike,dune_bayes,1629,dispersion,1.02520712018013,1.4210830926895142,1.9025980472564696
bike,dune_bayes,1630,dispersion,1.0377139031887055,1.5179434418678284,2.0282064557075494
bike,dune_bayes,1631,dispersion,1.0415896475315094,1.450470209121704,1.9320870101451875
bike,dune_bayes,1632,dispersion,1.0162333071231842,1.4482485055923462,1.9542675435543058
bike,dune_bayes,1633,dispersion,1.306291550397873,1.9038606882095337,2.6017453789710996
bike,dune_bayes,1634,dispersion,1.3641951262950898,1.933510422706604,2.5899951457977295
bike,dune_bayes,1635,dispersion,1.1222058892250062,1.498556137084961,1.9125207483768463
bike,dune_bayes,1636,dispersion,0.9584588676691055,1.3362144231796265,1.7754172444343566
bike,dune_bayes,1637,dispersion,1.3259400486946107,1.783202350139618,2.254528450965881
bike,dune_bayes,1638,dispersion,1.1796972692012786,1.7100533843040466,2.2387782692909233
bike,dune_bayes,1639,dispersion,1.2822988867759704,1.846457839012146,2.4181626796722413
bike,dune_bayes,1640,dispersion,1.482474136352539,2.1394081115722656,2.729601728916167
bike,dune_bayes,1641,dispersion,1.4294213891029357,2.0649592876434326,2.66130211353302
bike,dune_bayes,1642,dispersion,0.5950772374868393,0.8229043483734131,1.0769667387008668
bike,dune_bayes,1643,dispersion,0.5068577885627746,0.7265231609344482,1.0145178020000458
bike,dune_bayes,1644,dispersion,0.8687332689762115,1.148223102092743,1.4551825046539306
bike,dune_bayes,1645,dispersion,0.8480902671813965,1.2263728976249695,1.6825468778610226
bike,dune_bayes,1646,dispersion,0.8024291276931763,1.1648422479629517,1.609607809782028
bike,dune_bayes,1647,dispersion,0.8024291276931763,1.1648422479629517,1.609607809782028
bike,dune_bayes,1648,dispersion,0.998015382885933,1.4087182879447937,1.8901472508907318
bike,dune_bayes,1649,dispersion,0.9286033093929291,1.3224117159843445,1.7553187668323516
bike,dune_bayes,1650,dispersion,0.746457976102829,1.0765640139579773,1.4546416044235229
bike,dune_bayes,1651,dispersion,0.2902583509683609,0.5348924696445465,0.9109597653150556
bike,dune_bayes,1652,dispersion,1.0586669802665711,1.4849680066108704,1.960062938928604
bike,dune_bayes,1653,dispersion,1.0109255969524384,1.441832423210144,1.9563523411750792
bike,dune_bayes,1654,dispersion,0.48338783383369444,0.8492982983589172,1.3429701626300805
bike,dune_bayes,1655,dispersion,0.38796796947717666,0.721578985452652,1.1728587746620172
bike,dune_bayes,1656,dispersion,1.436963713169098,1.9310360550880432,2.4397836685180665
bike,dune_bayes,1657,dispersion,1.402151894569397,1.985116183757782,2.561647689342499
bike,dune_bayes,1658,dispersion,1.402151894569397,1.985116183757782,2.561647689342499
bike,dune_bayes,1659,dispersion,1.6833993077278138,2.3815670013427734,3.021532213687897
bike,dune_bayes,1660,dispersion,1.7641240417957307,2.3159464597702026,2.8941002488136287
bike,dune_bayes,1661,dispersion,0.804921904206276,1.1528748869895935,1.5347143709659574
bike,dune_bayes,1662,dispersion,0.7627840101718902,1.0908088684082031,1.4540091395378112
bike,dune_bayes,1663,dispersion,0.8141845434904098,1.1444780230522156,1.4967573702335357
bike,dune_bayes,1664,dispersion,0.8417488217353821,1.1878167986869812,1.5661260485649109
bike,dune_bayes,1665,dispersion,1.364193606376648,1.9713340997695923,2.55462098121643
bike,dune_bayes,1666,dispersion,1.482474136352539,2.1394081115722656,2.729601728916167
bike,dune_bayes,1667,dispersion,1.6705658555030822,2.3721935749053955,3.0210880160331723
bike,dune_bayes,1668,dispersion,1.5544645726680757,2.2224632501602173,2.8244007945060723
bike,dune_bayes,1669,dispersion,0.4585931733250618,0.7070663571357727,1.072505062818527
bike,dune_bayes,1670,dispersion,0.5387475550174713,0.7904552221298218,1.0829772531986237
bike,dune_bayes,1671,dispersion,1.0716458797454833,1.5489860773086548,2.057511794567108
bike,dune_bayes,1672,dispersion,0.72394700050354,1.0897362232208252,1.5182097911834715
bike,dune_bayes,1673,dispersion,0.7456044584512711,1.0348913669586182,1.3491191923618315
bike,dune_bayes,1674,dispersion,0.7978780597448349,1.0729517936706543,1.398621767759323
bike,dune_bayes,1675,dispersion,0.4860395610332489,0.7050690650939941,0.9784435272216797
bike,dune_bayes,1676,dispersion,0.9558944970369339,1.2088584303855896,1.504861843585968
bike,dune_bayes,1677,dispersion,0.6366750925779343,0.8530738651752472,1.0917675375938414
bike,dune_bayes,1678,dispersion,0.5737996131181717,0.8389407694339752,1.1898402273654938
bike,dune_bayes,1679,dispersion,0.614693209528923,0.8777318596839905,1.1885957062244414
bike,dune_bayes,1680,dispersion,0.9663182079792023,1.3714804649353027,1.8186308681964873
bike,dune_bayes,1681,dispersion,0.7210725396871567,1.0390485525131226,1.4011705994606016
bike,dune_bayes,1682,dispersion,0.4818173810839653,0.7694869339466095,1.1302774608135224
bike,dune_bayes,1683,dispersion,0.5081418126821519,0.825061023235321,1.2650871515274047
bike,dune_bayes,1684,dispersion,0.794374281167984,1.1479436159133911,1.5370337426662444
bike,dune_bayes,1685,dispersion,0.8056810736656189,1.128717303276062,1.5241755962371826
bike,dune_bayes,1686,dispersion,1.5553893327713013,2.083052635192871,2.6280133008956907
bike,dune_bayes,1687,dispersion,1.6861097037792205,2.2511261701583862,2.8258478760719297
bike,dune_bayes,1688,dispersion,1.8093046009540559,2.366286873817444,2.975451099872589
bike,dune_bayes,1689,dispersion,0.5429269671440125,0.7631220817565918,1.0296942591667173
bike,dune_bayes,1690,dispersion,0.8982426822185516,1.3102624416351318,1.7648943841457365
bike,dune_bayes,1691,dispersion,0.5800466269254685,0.8861055970191956,1.2546069920063019
bike,dune_bayes,1692,dispersion,1.079932653903961,1.4179601669311523,1.799860566854477
bike,dune_bayes,1693,dispersion,0.9937967956066132,1.4404608607292175,1.9080292761325837
bike,dune_bayes,1694,dispersion,1.1456712543964387,1.6766738295555115,2.221116960048675
bike,dune_bayes,1695,dispersion,1.1565745174884796,1.712473750114441,2.284872674942016
bike,dune_bayes,1696,dispersion,0.8197872668504715,1.229314386844635,1.7105502188205717
bike,dune_bayes,1697,dispersion,0.8665129244327545,1.2908035516738892,1.7819805681705472
bike,dune_bayes,1698,dispersion,0.9025919646024704,1.3237008452415466,1.829359608888626
bike,dune_bayes,1699,dispersion,1.205598819255829,1.7765017747879028,2.361627423763275
bike,dune_bayes,1700,dispersion,1.1456712543964387,1.6766738295555115,2.221116960048675
bike,dune_bayes,1701,dispersion,1.1354566812515259,1.5700129270553589,2.036644041538238
bike,dune_bayes,1702,dispersion,1.0923534750938415,1.4834862351417542,1.9106210768222807
bike,dune_bayes,1703,dispersion,0.8970673173666001,1.298360288143158,1.7450822472572323
bike,dune_bayes,1704,dispersion,1.0639862775802613,1.4263959527015686,1.838786506652832
bike,dune_bayes,1705,dispersion,0.6076059222221375,0.8296069800853729,1.1126111388206479
bike,dune_bayes,1706,dispersion,0.8176210701465607,1.1391477584838867,1.5129122257232663
bike,dune_bayes,1707,dispersion,1.0344964981079101,1.3354791402816772,1.6769485354423517
bike,dune_bayes,1708,dispersion,0.8251504331827164,1.1668025255203247,1.5925834596157074
bike,dune_bayes,1709,dispersion,0.960239315032959,1.3300930857658386,1.789542132616043
bike,dune_bayes,1710,dispersion,0.39679288417100905,0.6873432695865631,1.1027096807956693
bike,dune_bayes,1711,dispersion,0.39505169838666915,0.6488175988197327,0.9531479954719541
bike,dune_bayes,1712,dispersion,0.5330720037221909,0.8352611362934113,1.188791751861572
bike,dune_bayes,1713,dispersion,0.46916085183620454,0.7687153816223145,1.1560979545116423
bike,dune_bayes,1714,dispersion,0.7478731155395508,1.0762763023376465,1.4662227213382715
bike,dune_bayes,1715,dispersion,0.6895273894071579,1.1126807928085327,1.649479776620864
bike,dune_bayes,1716,dispersion,0.8619029015302658,1.2234532237052917,1.6300234198570251
bike,dune_bayes,1717,dispersion,1.2729932367801666,1.8037928938865662,2.3874826073646545
bike,dune_bayes,1718,dispersion,1.1093436419963836,1.5784210562705994,2.1008190155029296
bike,dune_bayes,1719,dispersion,0.9211099952459335,1.3220582604408264,1.7727582812309264
bike,dune_bayes,1720,dispersion,1.2231675505638122,1.6878689527511597,2.2317996621131893
bike,dune_bayes,1721,dispersion,0.4250936508178711,0.6683942675590515,0.9522925674915311
bike,dune_bayes,1722,dispersion,0.5179743200540543,0.7998746335506439,1.1716159820556638
bike,dune_bayes,1723,dispersion,1.050651490688324,1.3600751161575317,1.7237494647502898
bike,dune_bayes,1724,dispersion,0.9940850079059601,1.324805200099945,1.7192805290222164
bike,dune_bayes,1725,dispersion,1.0586559772491455,1.3951375484466553,1.7569620370864867
bike,dune_bayes,1726,dispersion,0.9007726460695267,1.3029242753982544,1.7559427201747888
bike,dune_bayes,1727,dispersion,0.9007726460695267,1.3029242753982544,1.7559427201747888
bike,dune_bayes,1728,dispersion,1.2239312827587128,1.6334705352783203,2.1059574365615843
bike,dune_bayes,1729,dispersion,1.192284220457077,1.5671163201332092,1.984344208240509
bike,dune_bayes,1730,dispersion,0.4107895717024803,0.6845379173755646,1.1443879902362823
bike,dune_bayes,1731,dispersion,0.5948175072669983,0.9215590059757233,1.3802720367908474
bike,dune_bayes,1732,dispersion,1.1700882017612457,1.6771849393844604,2.2217708587646485
bike,dune_bayes,1733,dispersion,1.3915853440761565,1.865806519985199,2.3566255092620847
bike,dune_bayes,1734,dispersion,1.3190937399864198,1.7609978318214417,2.1999094724655146
bike,dune_bayes,1735,dispersion,0.7591002494096756,1.0925127863883972,1.4807266116142273
bike,dune_bayes,1736,dispersion,0.9578161746263504,1.2807915210723877,1.6323647677898405
bike,dune_bayes,1737,dispersion,1.0956637382507324,1.475831925868988,1.8628506004810332
bike,dune_bayes,1738,dispersion,1.212353390455246,1.608851432800293,2.0286130905151367
bike,dune_bayes,1739,dispersion,1.489294457435608,2.0020642280578613,2.51888403892517
bike,dune_bayes,1740,dispersion,1.2972144961357117,1.8902618288993835,2.452965879440307
bike,dune_bayes,1741,dispersion,0.8205449879169464,1.1275486946105957,1.4703421890735622
bike,dune_bayes,1742,dispersion,0.6686801582574845,0.898926168680191,1.161221480369568
bike,dune_bayes,1743,dispersion,0.8687332689762115,1.148223102092743,1.4551825046539306
bike,dune_bayes,1744,dispersion,0.9766974806785583,1.3237228393554688,1.6666632354259487
bike,dune_bayes,1745,dispersion,0.9496072560548783,1.2717739939689636,1.6009554326534268
bike,dune_bayes,1746,dispersion,0.5556426733732224,0.8243453502655029,1.1538861334323882
bike,dune_bayes,1747,dispersion,0.8269767075777054,1.2480437755584717,1.762205207347869
bike,dune_bayes,1748,dispersion,0.28733885139226917,0.45015470683574677,0.7156503289937973
bike,dune_bayes,1749,dispersion,0.357843978703022,0.5539948046207428,0.8281216204166411
bike,dune_bayes,1750,dispersion,0.26774616837501525,0.47810138761997223,0.8341701239347458
bike,dune_bayes,1751,dispersion,0.471391835808754,0.6888766884803772,0.9566437065601345
bike,dune_bayes,1752,dispersion,0.4494187667965889,0.6566662490367889,0.9164770245552062
bike,dune_bayes,1753,dispersion,0.5411390155553818,0.7603155672550201,1.0220452606678008
bike,dune_bayes,1754,dispersion,0.6459290832281113,0.9071857929229736,1.2162307322025296
bike,dune_bayes,1755,dispersion,1.0427891969680787,1.564970850944519,2.165844225883484
bike,dune_bayes,1756,dispersion,1.0982493579387664,1.5833909511566162,2.144553732872009
bike,dune_bayes,1757,dispersion,1.2059848129749298,1.7288042306900024,2.3207494616508484
bike,dune_bayes,1758,dispersion,0.5700072526931763,0.8101541101932526,1.1137477278709411
bike,dune_bayes,1759,dispersion,0.4091727703809738,0.6115792691707611,0.8814251840114592
bike,dune_bayes,1760,dispersion,0.3785015478730202,0.5629378855228424,0.8078311145305632
bike,dune_bayes,1761,dispersion,0.6336042225360871,0.8770992755889893,1.1778864324092864
bike,dune_bayes,1762,dispersion,0.3706983163952828,0.5905745029449463,0.9223328977823254
bike,dune_bayes,1763,dispersion,0.26092860102653503,0.4663597494363785,0.821284770965576
bike,dune_bayes,1764,dispersion,0.3749965578317642,0.6901232898235321,1.2033964097499845
bike,dune_bayes,1765,dispersion,0.537331509590149,0.8579288423061371,1.2247433483600616
bike,dune_bayes,1766,dispersion,1.119704681634903,1.550383746623993,2.0354697585105894
bike,dune_bayes,1767,dispersion,0.6393129140138626,1.0800164341926575,1.7182887613773346
bike,dune_bayes,1768,dispersion,0.7683195859193802,1.2495683431625366,1.9160107731819151
bike,dune_bayes,1769,dispersion,0.9728245735168457,1.4522797465324402,1.9798576772212977
bike,dune_bayes,1770,dispersion,1.0218708753585817,1.5058475136756897,2.1295495986938477
bike,dune_bayes,1771,dispersion,1.3022886216640472,1.8318593502044678,2.4199881553649902
bike,dune_bayes,1772,dispersion,1.124258989095688,1.6349878311157227,2.22806384563446
bike,dune_bayes,1773,dispersion,1.1215019404888154,1.5980659127235413,2.0954821586608885
bike,dune_bayes,1774,dispersion,0.957679283618927,1.3801406621932983,1.8721727252006528
bike,dune_bayes,1775,dispersion,1.0054435908794404,1.4275372624397278,1.9135373830795288
bike,dune_bayes,1776,dispersion,0.8026068568229675,1.2090467810630798,1.6971505165100096
bike,dune_bayes,1777,dispersion,0.8096141815185547,1.1852195262908936,1.6290713429450987
bike,dune_bayes,1778,dispersion,0.8625732630491257,1.3190259337425232,1.8719852566719053
bike,dune_bayes,1779,dispersion,0.8649961322546006,1.2779109477996826,1.7484837949275969
bike,dune_bayes,1780,dispersion,0.9974678933620453,1.4058946371078491,1.8705431461334228
bike,dune_bayes,1781,dispersion,1.1800795674324036,1.6272925734519958,2.0785695791244505
bike,dune_bayes,1782,dispersion,1.5002015948295593,2.125711679458618,2.7378746747970566
bike,dune_bayes,1783,dispersion,0.4368380531668663,0.6697782576084137,0.9992377698421478
bike,dune_bayes,1784,dispersion,1.3424553751945496,1.7446908354759216,2.1969666719436645
bike,dune_bayes,1785,dispersion,0.45911058634519575,0.6614172458648682,0.954043909907341
bike,dune_bayes,1786,dispersion,0.3433147504925728,0.5251896381378174,0.8084868162870403
bike,dune_bayes,1787,dispersion,0.46473374515771865,0.6530272364616394,0.9026086568832395
bike,dune_bayes,1788,dispersion,0.47210350185632705,0.724930077791214,1.0336236119270323
bike,dune_bayes,1789,dispersion,0.5898414552211761,0.8395870923995972,1.144594919681549
bike,dune_bayes,1790,dispersion,0.34467334747314454,0.5314886569976807,0.7714961171150206
bike,dune_bayes,1791,dispersion,0.30461219549179075,0.4729241579771042,0.7198871880769728
bike,dune_bayes,1792,dispersion,0.4009904369711876,0.6387123465538025,0.9321707278490063
bike,dune_bayes,1793,dispersion,0.5750997573137283,0.9250900149345398,1.3961184442043297
bike,dune_bayes,1794,dispersion,0.4008744522929192,0.6327967047691345,0.908608278632164
bike,dune_bayes,1795,dispersion,0.6781062453985215,0.9835053086280823,1.3198194622993469
bike,dune_bayes,1796,dispersion,1.3230312943458558,1.7897483706474304,2.2611836910247805
bike,dune_bayes,1797,dispersion,1.586616325378418,2.1534923315048218,2.7511476516723627
bike,dune_bayes,1798,dispersion,1.5366531133651733,2.2149640321731567,2.853987169265747
bike,dune_bayes,1799,dispersion,1.6497163951396943,2.228207230567932,2.828753423690795
bike,dune_bayes,1800,dispersion,1.729149043560028,2.281207799911499,2.935671758651733
bike,dune_bayes,1801,dispersion,0.40061075836420057,0.5965234041213989,0.8958189874887466
bike,dune_bayes,1802,dispersion,0.40061075836420057,0.5965234041213989,0.8958189874887466
bike,dune_bayes,1803,dispersion,0.47492911517620084,0.7035824954509735,1.0010633885860443
bike,dune_bayes,1804,dispersion,1.6811615467071535,2.195047378540039,2.77876648902893
bike,dune_bayes,1805,dispersion,1.1722101747989655,1.5890260338783264,2.056514525413513
bike,dune_bayes,1806,dispersion,1.1871980607509613,1.6024143695831299,2.0679608583450317
bike,dune_bayes,1807,dispersion,1.2322651088237762,1.7235890626907349,2.2459528684616084
bike,dune_bayes,1808,dispersion,0.9688507348299027,1.2375245094299316,1.5694051206111908
bike,dune_bayes,1809,dispersion,0.8027538657188416,1.001380205154419,1.2518381476402283
bike,dune_bayes,1810,dispersion,0.91053866147995,1.2065412402153015,1.5359029471874235
bike,dune_bayes,1811,dispersion,0.8989007949829102,1.269277274608612,1.6733336746692657
bike,dune_bayes,1812,dispersion,0.8384790867567062,1.3064514994621277,1.8456653475761406
bike,dune_bayes,1813,dispersion,0.46029667258262635,0.8214918673038483,1.4106268525123589
bike,dune_bayes,1814,dispersion,0.4574811771512032,0.7770416438579559,1.292722344398498
bike,dune_bayes,1815,dispersion,0.4861916571855545,0.8046481609344482,1.294239354133606
bike,dune_bayes,1816,dispersion,0.6260947614908219,0.9403522610664368,1.3604249835014341
bike,dune_bayes,1817,dispersion,1.0434464871883393,1.5046804547309875,2.0257467985153186
bike,dune_bayes,1818,dispersion,0.791738972067833,1.274985671043396,1.8839572787284848
bike,dune_bayes,1819,dispersion,0.5640353590250016,0.903665691614151,1.2839820623397824
bike,dune_bayes,1820,dispersion,0.5102711379528045,0.8338381350040436,1.1923980176448818
bike,dune_bayes,1821,dispersion,0.666904690861702,1.0442255735397339,1.4569369733333581
bike,dune_bayes,1822,dispersion,0.7803361892700196,1.1774637699127197,1.6029792189598078
bike,dune_bayes,1823,dispersion,0.8419786512851716,1.2703407406806946,1.7310952067375178
bike,dune_bayes,1824,dispersion,1.0142208218574524,1.471459150314331,1.9282029986381521
bike,dune_bayes,1825,dispersion,0.6234595119953156,0.9867756068706512,1.436650091409683
bike,dune_bayes,1826,dispersion,0.5369164675474167,0.8944192826747894,1.3240651607513427
bike,dune_bayes,1827,dispersion,0.46456350535154345,0.8249778747558594,1.227702122926712
bike,dune_bayes,1828,dispersion,0.8004349142313003,1.2373201847076416,1.7502522528171536
bike,dune_bayes,1829,dispersion,0.822173210978508,1.3223229050636292,1.9428558647632594
bike,dune_bayes,1830,dispersion,1.0948310732841493,1.5852818489074707,2.127028656005858
bike,dune_bayes,1831,dispersion,1.1824061155319214,1.6618872284889221,2.157924091815948
bike,dune_bayes,1832,dispersion,1.1824061155319214,1.6618872284889221,2.157924091815948
bike,dune_bayes,1833,dispersion,0.7818564504384995,1.1656318306922913,1.6190757811069485
bike,dune_bayes,1834,dispersion,0.4828133136034012,0.7904438376426697,1.203681921958923
bike,dune_bayes,1835,dispersion,0.5480645626783371,0.8470979928970337,1.2409289121627805
bike,dune_bayes,1836,dispersion,1.1944844007492066,1.5899640321731567,2.0480570077896116
bike,dune_bayes,1837,dispersion,1.2863801419734955,1.7247005105018616,2.221464681625366
bike,dune_bayes,1838,dispersion,0.9616126537322998,1.3231791853904724,1.7192708492279052
bike,dune_bayes,1839,dispersion,0.4218003287911415,0.7440723776817322,1.2279310464859006
bike,dune_bayes,1840,dispersion,0.4864194840192795,0.8013004958629608,1.284945225715637
bike,dune_bayes,1841,dispersion,0.5065563887357711,0.8484447300434113,1.3777310550212856
bike,dune_bayes,1842,dispersion,1.2874003171920776,1.7602219581604004,2.2659778237342834
bike,dune_bayes,1843,dispersion,1.2874003171920776,1.7602219581604004,2.2659778237342834
bike,dune_bayes,1844,dispersion,1.1871229350566863,1.6153942346572876,2.0601115465164184
bike,dune_bayes,1845,dispersion,0.982423460483551,1.3514166474342346,1.7707539260387417
bike,dune_bayes,1846,dispersion,0.7656090945005417,1.0986492037773132,1.4899892032146453
bike,dune_bayes,1847,dispersion,0.6768053293228149,0.9938812553882599,1.4201903522014618
bike,dune_bayes,1848,dispersion,0.7096439719200134,1.0395772457122803,1.473496890068054
bike,dune_bayes,1849,dispersion,1.3592486917972564,1.7650980949401855,2.2227025151252744
bike,dune_bayes,1850,dispersion,1.1504120349884033,1.6010388731956482,2.0992833018302917
bike,dune_bayes,1851,dispersion,1.5515014290809632,2.1386975049972534,2.7803740859031674
bike,dune_bayes,1852,dispersion,1.5716874480247498,2.2525339126586914,2.9730092406272886
bike,dune_bayes,1853,dispersion,1.479672622680664,2.130632162094116,2.8094636321067807
bike,dune_bayes,1854,dispersion,1.3203197360038756,1.852568805217743,2.451627492904663
bike,dune_bayes,1855,dispersion,1.2663818001747131,1.7782213687896729,2.3439213752746575
bike,dune_bayes,1856,dispersion,1.2582168519496917,1.7470308542251587,2.284732580184936
bike,dune_bayes,1857,dispersion,1.17145516872406,1.6366251707077026,2.1367904663085935
bike,dune_bayes,1858,dispersion,1.4220620810985565,1.9452768564224243,2.5509074091911312
bike,dune_bayes,1859,dispersion,1.4313855648040772,2.0282065868377686,2.6569260001182555
bike,dune_bayes,1860,dispersion,1.4866572976112367,2.1267799139022827,2.794571530818939
bike,dune_bayes,1861,dispersion,1.6705658555030822,2.3721935749053955,3.0210880160331723
bike,dune_bayes,1862,dispersion,1.7437127590179444,2.2992969751358032,2.909404182434082
bike,dune_bayes,1863,dispersion,1.6705658555030822,2.3721935749053955,3.0210880160331723
bike,dune_bayes,1864,dispersion,1.6811615467071535,2.195047378540039,2.77876648902893
bike,dune_bayes,1865,dispersion,1.5974724531173705,2.107797861099243,2.7336774110794066
bike,dune_bayes,1866,dispersion,1.569326502084732,2.1122348308563232,2.7508070111274714
bike,dune_bayes,1867,dispersion,1.3872191965579987,1.9134626984596252,2.53035329580307
bike,dune_bayes,1868,dispersion,1.3272664427757264,1.890817105770111,2.4570554018020627
bike,dune_bayes,1869,dispersion,1.3272664427757264,1.890817105770111,2.4570554018020627
bike,dune_bayes,1870,dispersion,1.2239312827587128,1.6334705352783203,2.1059574365615843
bike,dune_bayes,1871,dispersion,0.9850385218858719,1.2516397833824158,1.5814943253993987
bike,dune_bayes,1872,dispersion,0.7951159179210663,1.083480417728424,1.376983046531677
bike,dune_bayes,1873,dispersion,1.1938073873519897,1.7478007078170776,2.296262288093567
bike,dune_bayes,1874,dispersion,1.149766856431961,1.4896683096885681,1.876339018344879
bike,dune_bayes,1875,dispersion,1.4072381377220153,1.8176298141479492,2.294941437244415
bike,dune_bayes,1876,dispersion,0.6431148022413253,0.9144827425479889,1.2254979252815246
bike,dune_bayes,1877,dispersion,0.5620169818401337,0.8724639415740967,1.2984989583492277
bike,dune_bayes,1878,dispersion,1.3143056690692902,1.7388387322425842,2.203929913043975
bike,dune_bayes,1879,dispersion,1.3462055444717407,1.81752347946167,2.3234463572502135
bike,dune_bayes,1880,dispersion,0.9756161510944367,1.2936316132545471,1.6653860390186304
bike,dune_bayes,1881,dispersion,1.0586980164051056,1.3841527104377747,1.7726927042007439
bike,dune_bayes,1882,dispersion,1.0766151785850524,1.4979727268218994,1.95573536157608
bike,dune_bayes,1883,dispersion,0.9988559931516647,1.4303283095359802,1.910446107387542
bike,dune_bayes,1884,dispersion,0.9682750284671784,1.350283920764923,1.7587841808795925
bike,dune_bayes,1885,dispersion,0.36211717426776885,0.6692689061164856,1.090103805065155
bike,dune_bayes,1886,dispersion,0.3558361425995827,0.6699891686439514,1.1092220306396483
bike,dune_bayes,1887,dispersion,0.5332901775836945,0.8135773241519928,1.2193363428115844
bike,dune_bayes,1888,dispersion,0.8101620137691498,1.2354153394699097,1.7937278091907494
bike,dune_bayes,1889,dispersion,1.0849830627441406,1.5829839706420898,2.1948910832405084
bike,dune_bayes,1890,dispersion,0.32406997084617617,0.5129210948944092,0.7597342073917388
bike,dune_bayes,1891,dispersion,0.2319509893655777,0.4428519457578659,0.8412876993417737
bike,dune_bayes,1892,dispersion,0.27119158059358595,0.4959644377231598,0.8135827988386153
bike,dune_bayes,1893,dispersion,0.3810153856873512,0.6522790491580963,0.9851062953472137
bike,dune_bayes,1894,dispersion,0.35612961649894714,0.6444791853427887,1.0254196405410767
bike,dune_bayes,1895,dispersion,0.4932653889060021,0.8836314678192139,1.3879465520381904
bike,dune_bayes,1896,dispersion,0.6069103956222535,0.9812230169773102,1.453189331293106
bike,dune_bayes,1897,dispersion,0.677426415681839,1.0679329633712769,1.5414985358715054
bike,dune_bayes,1898,dispersion,0.712248095870018,1.1011759638786316,1.5673915147781372
bike,dune_bayes,1899,dispersion,0.509097358584404,0.8492119312286377,1.2828971982002257
bike,dune_bayes,1900,dispersion,0.3344332680106163,0.5865279138088226,0.9132213801145552
bike,dune_bayes,1901,dispersion,0.2840632036328316,0.5038230121135712,0.8161946088075638
bike,dune_bayes,1902,dispersion,0.33294129371643066,0.5849665403366089,0.9104940176010131
bike,dune_bayes,1903,dispersion,0.41818669736385344,0.6910145878791809,1.014984732866287
bike,dune_bayes,1904,dispersion,0.3577771157026291,0.6212650239467621,0.9794387072324751
bike,dune_bayes,1905,dispersion,0.4002032905817032,0.6736669540405273,1.137769258022308
bike,dune_bayes,1906,dispersion,0.6535028517246246,1.059142827987671,1.5822503983974452
bike,dune_bayes,1907,dispersion,0.46057639718055726,0.7147115767002106,1.0887384176254271
bike,dune_bayes,1908,dispersion,0.795099139213562,1.1204896569252014,1.467598259449005
bike,dune_bayes,1909,dispersion,0.7587275266647339,1.040475606918335,1.3877836167812347
bike,dune_bayes,1910,dispersion,0.454039378464222,0.6584341526031494,0.9556918501853943
bike,dune_bayes,1911,dispersion,0.27986878901720047,0.4857184588909149,0.8603856801986693
bike,dune_bayes,1912,dispersion,0.30979819893836974,0.4999978542327881,0.8334360003471374
bike,dune_bayes,1913,dispersion,0.35287770926952367,0.5295857191085815,0.8141424357891082
bike,dune_bayes,1914,dispersion,0.42260977178812026,0.607183426618576,0.8816921353340144
bike,dune_bayes,1915,dispersion,1.070923376083374,1.4300203323364258,1.81183830499649
bike,dune_bayes,1916,dispersion,0.7304755419492721,0.94536492228508,1.2021859526634215
bike,dune_bayes,1917,dispersion,0.39221677780151365,0.571631669998169,0.8249312371015547
bike,dune_bayes,1918,dispersion,0.5714545130729676,0.7544839084148407,0.9730733245611191
bike,dune_bayes,1919,dispersion,0.895768916606903,1.146411955356598,1.4472254574298857
bike,dune_bayes,1920,dispersion,1.1100609302520752,1.6248505115509033,2.1660315513610837
bike,dune_bayes,1921,dispersion,1.0397994577884675,1.3639061450958252,1.7655174493789672
bike,dune_bayes,1922,dispersion,1.0306383848190308,1.3535149693489075,1.7347360491752624
bike,dune_bayes,1923,dispersion,1.0306383848190308,1.3535149693489075,1.7347360491752624
bike,dune_bayes,1924,dispersion,0.5620169818401337,0.8724639415740967,1.2984989583492277
bike,dune_bayes,1925,dispersion,0.45718859434127807,0.691212922334671,1.0006280004978179
bike,dune_bayes,1926,dispersion,0.646789276599884,0.9260274171829224,1.2558620274066925
bike,dune_bayes,1927,dispersion,1.0412782609462738,1.4635191559791565,1.9632613122463225
bike,dune_bayes,1928,dispersion,1.2148971140384675,1.74912828207016,2.3515284299850463
bike,dune_bayes,1929,dispersion,1.2538250148296357,1.8546407222747803,2.5585827112197874
bike,dune_bayes,1930,dispersion,1.2415586709976196,1.802882969379425,2.434394133090973
bike,dune_bayes,1931,dispersion,0.9257128417491913,1.3613353371620178,1.926045310497284
bike,dune_bayes,1932,dispersion,1.0458208322525024,1.4571350812911987,1.9527658462524413
bike,dune_bayes,1933,dispersion,1.2666289567947389,1.8271489143371582,2.4552083611488333
bike,dune_bayes,1934,dispersion,1.2505189895629885,1.7907444834709167,2.40686913728714
bike,dune_bayes,1935,dispersion,1.2505189895629885,1.7907444834709167,2.40686913728714
bike,dune_bayes,1936,dispersion,1.26244814991951,1.8402639627456665,2.493905448913574
bike,dune_bayes,1937,dispersion,1.2505189895629885,1.7907444834709167,2.40686913728714
bike,dune_bayes,1938,dispersion,1.015623778104782,1.4004175662994385,1.8731995046138759
bike,dune_bayes,1939,dispersion,0.62160065472126,0.9116832315921783,1.246860188245773
bike,dune_bayes,1940,dispersion,0.5684349238872528,0.8373769521713257,1.1497220456600188
bike,dune_bayes,1941,dispersion,0.5508924812078476,0.8310748338699341,1.1561678946018217
bike,dune_bayes,1942,dispersion,1.2216199338436127,1.6303526759147644,2.0505187749862666
bike,dune_bayes,1943,dispersion,1.690261447429657,2.234536051750183,2.8054914712905883
bike,dune_bayes,1944,dispersion,1.8093046009540559,2.366286873817444,2.975451099872589
bike,dune_bayes,1945,dispersion,1.2717442572116853,1.6856237649917603,2.130483162403107
bike,dune_bayes,1946,dispersion,0.5112507820129395,0.7410966157913208,1.0408191740512849
bike,dune_bayes,1947,dispersion,1.1617857456207275,1.5003847479820251,1.8786954939365386
bike,dune_bayes,1948,dispersion,0.602457982301712,0.8554427027702332,1.1571623921394347
bike,dune_bayes,1949,dispersion,0.41086112558841703,0.5945138037204742,0.8639179557561875
bike,dune_bayes,1950,dispersion,0.8269783645868302,1.117577075958252,1.4558547973632812
bike,dune_bayes,1951,dispersion,1.006814306974411,1.3459563851356506,1.718521350622177
bike,dune_bayes,1952,dispersion,1.2633579909801482,1.6376900672912598,2.054499340057373
bike,dune_bayes,1953,dispersion,0.955999094247818,1.3115161657333374,1.6837605655193322
bike,dune_bayes,1954,dispersion,1.482133013010025,1.9516246914863586,2.4741952776908867
bike,dune_bayes,1955,dispersion,1.482133013010025,1.9516246914863586,2.4741952776908867
bike,dune_bayes,1956,dispersion,0.889191472530365,1.2226080298423767,1.6008985579013815
bike,dune_bayes,1957,dispersion,0.7561651259660721,1.1440064907073975,1.590664941072464
bike,dune_bayes,1958,dispersion,1.0965376019477844,1.5090627670288086,1.910349267721176
bike,dune_bayes,1959,dispersion,0.8599201947450638,1.2234774231910706,1.6347221851348874
bike,dune_bayes,1960,dispersion,1.1626926600933074,1.5650728344917297,2.0040892601013183
bike,dune_bayes,1961,dispersion,0.6288182288408279,0.9260542392730713,1.278231507539749
bike,dune_bayes,1962,dispersion,0.9596256196498871,1.3005061149597168,1.6682301282882688
bike,dune_bayes,1963,dispersion,0.992749172449112,1.4339309930801392,1.9079441606998442
bike,dune_bayes,1964,dispersion,1.3173918962478637,1.909083068370819,2.5424310684204086
bike,dune_bayes,1965,dispersion,1.0481663048267365,1.5642386078834534,2.1803468227386475
bike,dune_bayes,1966,dispersion,0.8436600744724274,1.3153406977653503,1.8738272726535792
bike,dune_bayes,1967,dispersion,1.076117616891861,1.5681666731834412,2.0584195137023924
bike,dune_bayes,1968,dispersion,0.7521524310112,1.181576907634735,1.6745101451873774
bike,dune_bayes,1969,dispersion,0.5791228979825973,0.9948756396770477,1.5806720972061152
bike,dune_bayes,1970,dispersion,0.5430548995733261,0.9766406416893005,1.6260653495788573
bike,dune_bayes,1971,dispersion,0.5269703775644302,0.9712198078632355,1.6452211737632747
bike,dune_bayes,1972,dispersion,0.46786537766456604,0.8348849415779114,1.4155503094196316
bike,dune_bayes,1973,dispersion,0.5725156009197235,0.9873664975166321,1.5969198048114777
bike,dune_bayes,1974,dispersion,1.3359962701797485,1.8132489323616028,2.318484044075012
bike,dune_bayes,1975,dispersion,0.5083035886287689,0.8061802089214325,1.2623888611793517
bike,dune_bayes,1976,dispersion,0.45643155425786974,0.7317070364952087,1.1121826946735383
bike,dune_bayes,1977,dispersion,0.43697846233844756,0.6835724115371704,1.0483130753040313
bike,dune_bayes,1978,dispersion,0.6411675572395324,1.0282748341560364,1.519792872667312
bike,dune_bayes,1979,dispersion,1.1659290492534637,1.570456862449646,1.9862442195415495
bike,dune_bayes,1980,dispersion,1.2062643766403198,1.624039113521576,2.062018585205078
bike,dune_bayes,1981,dispersion,1.0655183255672456,1.3801655769348145,1.7364335656166072
bike,dune_bayes,1982,dispersion,0.7906454533338547,1.1323949098587036,1.5214285254478452
bike,dune_bayes,1983,dispersion,0.8176210701465607,1.1391477584838867,1.5129122257232663
bike,dune_bayes,1984,dispersion,0.627958956360817,0.8711419999599457,1.1636786878108976
bike,dune_bayes,1985,dispersion,0.3939595252275467,0.6042907536029816,0.9331653565168377
bike,dune_bayes,1986,dispersion,0.4530165657401085,0.6409057974815369,0.8968234807252883
bike,dune_bayes,1987,dispersion,0.7043870627880097,0.961949348449707,1.2627193391323088
bike,dune_bayes,1988,dispersion,1.1525445640087129,1.5350292325019836,1.9278653621673583
bike,dune_bayes,1989,dispersion,1.0425004661083221,1.3611568212509155,1.727865356206894
bike,dune_bayes,1990,dispersion,1.201721054315567,1.617029845714569,2.072634446620941
bike,dune_bayes,1991,dispersion,1.404891848564148,1.887958586215973,2.4546955823898315
bike,dune_bayes,1992,dispersion,1.4129159092903136,2.1044260263442993,2.756400430202484
bike,dune_bayes,1993,dispersion,0.6885741829872132,1.0307705402374268,1.4572773516178124
bike,dune_bayes,1994,dispersion,0.3385991469025612,0.5546265840530396,0.9293240010738373
bike,dune_bayes,1995,dispersion,1.028597140312195,1.5073602199554443,2.10525015592575
bike,dune_bayes,1996,dispersion,1.1509998261928558,1.664185106754303,2.2373413205146786
bike,dune_bayes,1997,dispersion,0.652593457698822,0.9267795383930206,1.2716761231422424
bike,dune_bayes,1998,dispersion,0.32670454680919647,0.5274966657161713,0.7894253760576246
bike,dune_bayes,1999,dispersion,0.2749958872795105,0.4420062005519867,0.6832339614629744
bike,dune_bayes,2000,dispersion,0.5128348708152771,0.7853400409221649,1.1100826740264893
bike,dune_bayes,2001,dispersion,1.3275507807731628,1.8771793246269226,2.5230846405029292
bike,dune_bayes,2002,dispersion,0.840472188591957,1.2545747756958008,1.7319477915763852
bike,dune_bayes,2003,dispersion,0.4254195332527161,0.6898222267627716,1.0260721862316131
bike,dune_bayes,2004,dispersion,0.27706921845674515,0.48730117082595825,0.7781950652599333
bike,dune_bayes,2005,dispersion,0.3423918426036835,0.577818751335144,0.8791334778070448
bike,dune_bayes,2006,dispersion,1.436963713169098,1.9310360550880432,2.4397836685180665
bike,dune_bayes,2007,dispersion,0.6202816992998124,0.9338935911655426,1.3543679893016811
bike,dune_bayes,2008,dispersion,0.4524888753890991,0.7262580692768097,1.1340971410274505
bike,dune_bayes,2009,dispersion,0.37665736079216006,0.6291959583759308,1.042734056711197
bike,dune_bayes,2010,dispersion,1.0152461528778076,1.3198792934417725,1.6692535519599914
bike,dune_bayes,2011,dispersion,0.5689367562532425,0.7929445803165436,1.0526502907276152
bike,dune_bayes,2012,dispersion,0.2868018180131912,0.4879232347011566,0.8632562428712842
bike,dune_bayes,2013,dispersion,0.49340159744024276,0.6771378517150879,0.9288513958454132
bike,dune_bayes,2014,dispersion,0.8748581111431122,1.0987477898597717,1.3640601634979248
bike,dune_bayes,2015,dispersion,1.0128543317317962,1.3244277834892273,1.666729336977005
bike,dune_bayes,2016,dispersion,1.1534430921077727,1.5574273467063904,2.015616714954376
bike,dune_bayes,2017,dispersion,0.425394681096077,0.6051846444606781,0.8499099314212798
bike,dune_bayes,2018,dispersion,0.48301603049039843,0.6762449443340302,0.9193547576665878
bike,dune_bayes,2019,dispersion,0.558800122141838,0.7435014545917511,0.9671189635992047
bike,dune_bayes,2020,dispersion,1.0882366180419922,1.4801679849624634,1.9015451133251187
bike,dune_bayes,2021,dispersion,0.3027466952800751,0.5544951260089874,1.0309532761573788
bike,dune_bayes,2022,dispersion,0.4134992927312851,0.7281767129898071,1.1788929820060725
bike,dune_bayes,2023,dispersion,0.3063754945993424,0.6001906096935272,1.1340278327465048
bike,dune_bayes,2024,dispersion,0.345937879383564,0.6175705194473267,0.9910307526588438
bike,dune_bayes,2025,dispersion,0.5375028282403946,0.8510317504405975,1.2708359479904172
bike,dune_bayes,2026,dispersion,0.5530802518129349,0.8750507831573486,1.2382997393608093
bike,dune_bayes,2027,dispersion,0.647306752204895,0.992190808057785,1.3758965373039242
bike,dune_bayes,2028,dispersion,0.3518965318799019,0.6444953680038452,1.0542701601982112
bike,dune_bayes,2029,dispersion,0.30739808082580566,0.5258888006210327,0.8155750602483745
bike,dune_bayes,2030,dispersion,0.4307983607053757,0.6949588060379028,0.9965421229600904
bike,dune_bayes,2031,dispersion,0.7488126397132874,1.0699574947357178,1.435214638710021
bike,dune_bayes,2032,dispersion,0.4089441478252411,0.6150246560573578,0.9210805803537367
bike,dune_bayes,2033,dispersion,0.45911058634519575,0.6614172458648682,0.954043909907341
bike,dune_bayes,2034,dispersion,0.2947066679596901,0.4966287910938263,0.8539716958999632
bike,dune_bayes,2035,dispersion,0.6063314586877823,0.8821692168712616,1.2095405936241148
bike,dune_bayes,2036,dispersion,0.6785209029912949,0.9769933223724365,1.3304393529891967
bike,dune_bayes,2037,dispersion,1.2976614117622376,1.7440314888954163,2.218321371078491
bike,dune_bayes,2038,dispersion,1.3010028660297395,1.714349091053009,2.178954839706421
bike,dune_bayes,2039,dispersion,1.1669973313808442,1.6378751993179321,2.190488350391388
bike,dune_bayes,2040,dispersion,1.0122632920742034,1.380391001701355,1.7761060476303097
bike,dune_bayes,2041,dispersion,1.0564682722091674,1.4058502912521362,1.7883167505264275
bike,dune_bayes,2042,dispersion,1.0686898291110993,1.580676257610321,2.1238532781600945
bike,dune_bayes,2043,dispersion,1.0311702132225036,1.3842288851737976,1.799574625492096
bike,dune_bayes,2044,dispersion,0.9432093977928162,1.2562678456306458,1.5921289086341854
bike,dune_bayes,2045,dispersion,0.3707316443324089,0.6068412661552429,0.9607945442199706
bike,dune_bayes,2046,dispersion,0.8165235012769699,1.0927515625953674,1.4283404648303983
bike,dune_bayes,2047,dispersion,1.111231166124344,1.6124926209449768,2.142236006259918
bike,dune_bayes,2048,dispersion,0.5429269671440125,0.7631220817565918,1.0296942591667173
bike,dune_bayes,2049,dispersion,1.1534430921077727,1.5574273467063904,2.015616714954376
bike,dune_bayes,2050,dispersion,1.1534430921077727,1.5574273467063904,2.015616714954376
bike,dune_bayes,2051,dispersion,0.9545139133930206,1.4145659804344177,1.996799862384796
bike,dune_bayes,2052,dispersion,0.9561838030815124,1.3921669125556946,1.929768449068069
bike,dune_bayes,2053,dispersion,0.90896635055542,1.3287347555160522,1.8627327144145964
bike,dune_bayes,2054,dispersion,0.2927110970020294,0.47673359513282776,0.755664873123169
bike,dune_bayes,2055,dispersion,0.5210956305265426,0.8047812283039093,1.1659056425094603
bike,dune_bayes,2056,dispersion,0.48719633668661116,0.7590922117233276,1.1101260304450984
bike,dune_bayes,2057,dispersion,0.3565259784460068,0.5905184745788574,0.9381742417812347
bike,dune_bayes,2058,dispersion,1.083458012342453,1.5065069794654846,1.9804296970367432
bike,dune_bayes,2059,dispersion,1.2305448353290558,1.6780651807785034,2.1400597810745237
bike,dune_bayes,2060,dispersion,1.1559937834739684,1.5888768434524536,2.017095899581909
bike,dune_bayes,2061,dispersion,0.8552974373102189,1.1905009746551514,1.6023414552211759
bike,dune_bayes,2062,dispersion,0.8594154834747314,1.1778191924095154,1.556066060066223
bike,dune_bayes,2063,dispersion,0.5208422601222992,0.8710858821868896,1.399892324209213
bike,dune_bayes,2064,dispersion,0.6862678289413453,1.0441573858261108,1.518160444498062
bike,dune_bayes,2065,dispersion,0.8676492750644684,1.3060858249664307,1.8340055525302883
bike,dune_bayes,2066,dispersion,1.0448241472244262,1.3891416788101196,1.8092882752418518
bike,dune_bayes,2067,dispersion,0.8884419471025466,1.210928201675415,1.591364926099777
bike,dune_bayes,2068,dispersion,0.7929924339056015,1.092922329902649,1.4659962356090543
bike,dune_bayes,2069,dispersion,0.7324210554361343,1.0621750950813293,1.4884648025035851
bike,dune_bayes,2070,dispersion,0.9145881474018097,1.26557058095932,1.689821523427963
bike,dune_bayes,2071,dispersion,0.8617314547300339,1.2473843097686768,1.6796511054038998
bike,dune_bayes,2072,dispersion,0.40061075836420057,0.5965234041213989,0.8958189874887466
bike,dune_bayes,2073,dispersion,0.31060960739850996,0.515081375837326,0.8645214855670929
bike,dune_bayes,2074,dispersion,0.30774823725223543,0.5177665054798126,0.8762863785028455
bike,dune_bayes,2075,dispersion,0.3172481894493103,0.5233449637889862,0.8748679846525192
bike,dune_bayes,2076,dispersion,0.6360266745090485,0.9265509843826294,1.244197380542755
bike,dune_bayes,2077,dispersion,0.6360266745090485,0.9265509843826294,1.244197380542755
bike,dune_bayes,2078,dispersion,0.6389793485403061,1.0033465027809143,1.4055006980895992
bike,dune_bayes,2079,dispersion,0.5122946977615357,0.8125739395618439,1.1921813189983368
bike,dune_bayes,2080,dispersion,0.34512809962034224,0.5462507903575897,0.8773942917585369
bike,dune_bayes,2081,dispersion,0.7119906693696976,1.1522865891456604,1.6830204904079435
bike,dune_bayes,2082,dispersion,0.4002380922436714,0.6368919312953949,1.0171461582183834
bike,dune_bayes,2083,dispersion,0.34819143265485764,0.5372447967529297,0.8472479552030561
bike,dune_bayes,2084,dispersion,0.29959886372089384,0.5014975666999817,0.8599337249994277
bike,dune_bayes,2085,dispersion,0.2794650733470917,0.49110037088394165,0.9256933510303496
bike,dune_bayes,2086,dispersion,0.4136631339788437,0.6470850706100464,1.0091489374637603
bike,dune_bayes,2087,dispersion,0.47828507274389265,0.7384073734283447,1.1164662539958954
bike,dune_bayes,2088,dispersion,0.35771539658308027,0.631584495306015,1.0033073306083675
bike,dune_bayes,2089,dispersion,0.5894597679376602,0.9227063059806824,1.3332164287567136
bike,dune_bayes,2090,dispersion,0.388797801733017,0.700000137090683,1.1751875936985015
bike,dune_bayes,2091,dispersion,0.3577771157026291,0.6212650239467621,0.9794387072324751
bike,dune_bayes,2092,dispersion,0.31128352880477905,0.5933303534984589,0.9816806614398952
bike,dune_bayes,2093,dispersion,0.31128352880477905,0.5933303534984589,0.9816806614398952
bike,dune_bayes,2094,dispersion,0.3037868559360504,0.5670923590660095,0.9089630484580993
bike,dune_bayes,2095,dispersion,0.7158909231424332,1.0451627969741821,1.4290424048900603
bike,dune_bayes,2096,dispersion,0.25380092561244966,0.4168076813220978,0.677415969967842
bike,dune_bayes,2097,dispersion,0.3588740795850754,0.5477423965930939,0.7897316813468932
bike,dune_bayes,2098,dispersion,0.6703470855951309,0.9233759045600891,1.2294126272201535
bike,dune_bayes,2099,dispersion,0.8705908000469208,1.1717113256454468,1.493348830938339
bike,dune_bayes,2100,dispersion,0.468599858880043,0.6504223644733429,0.8894867599010466
bike,dune_bayes,2101,dispersion,0.4199310034513474,0.6033701300621033,0.852226087450981
bike,dune_bayes,2102,dispersion,0.6115740686655045,0.803168922662735,1.0196868419647216
bike,dune_bayes,2103,dispersion,0.5540637910366059,0.7411905527114868,0.9576767623424528
bike,dune_bayes,2104,dispersion,0.42774826735258104,0.6400579810142517,0.9265999406576156
bike,dune_bayes,2105,dispersion,0.20655613839626313,0.36309313774108887,0.6659964442253106
bike,dune_bayes,2106,dispersion,0.25073118060827254,0.40574127435684204,0.6711193412542342
bike,dune_bayes,2107,dispersion,0.32184304893016813,0.555995762348175,0.8917327284812927
bike,dune_bayes,2108,dispersion,0.25479036569595337,0.4647398144006729,0.773300769925117
bike,dune_bayes,2109,dispersion,0.2718162193894386,0.48221659660339355,0.7846762329339978
bike,dune_bayes,2110,dispersion,0.37263498157262803,0.5671882331371307,0.8465335309505461
bike,dune_bayes,2111,dispersion,0.41628544181585314,0.6248982846736908,0.9013966560363769
bike,dune_bayes,2112,dispersion,0.6394930630922318,0.9644626975059509,1.3323255479335785
bike,dune_bayes,2113,dispersion,0.3653926894068718,0.5527942180633545,0.8354290336370466
bike,dune_bayes,2114,dispersion,0.8702615767717361,1.1216174364089966,1.4107015550136563
bike,dune_bayes,2115,dispersion,1.0694266498088836,1.4495745301246643,1.8630149483680725
bike,dune_bayes,2116,dispersion,1.0694266498088836,1.4495745301246643,1.8630149483680725
bike,dune_bayes,2117,dispersion,1.1018877804279328,1.5309335589408875,1.986596339941024
bike,dune_bayes,2118,dispersion,1.02480451464653,1.4922125339508057,2.031344962120056
bike,dune_bayes,2119,dispersion,1.047767049074173,1.545177936553955,2.0995375037193296
bike,dune_bayes,2120,dispersion,0.7724420130252838,1.0738434791564941,1.4967166543006896
bike,dune_bayes,2121,dispersion,0.3186527669429779,0.5154891312122345,0.8100258082151408
bike,dune_bayes,2122,dispersion,0.640383267402649,0.9687924385070801,1.4075878381729126
bike,dune_bayes,2123,dispersion,0.7672988533973694,1.0631155967712402,1.4567550539970398
bike,dune_bayes,2124,dispersion,0.8131058216094971,1.1647930145263672,1.6438734710216523
bike,dune_bayes,2125,dispersion,0.8586955755949021,1.2635061740875244,1.7413722038269037
bike,dune_bayes,2126,dispersion,0.8891726702451707,1.3171039819717407,1.8598232626914977
bike,dune_bayes,2127,dispersion,0.8579008936882019,1.2318094372749329,1.6796634256839746
bike,dune_bayes,2128,dispersion,0.8585585922002793,1.2546259760856628,1.7537997722625724
bike,dune_bayes,2129,dispersion,1.047767049074173,1.545177936553955,2.0995375037193296
bike,dune_bayes,2130,dispersion,0.9368152141571046,1.2103094458580017,1.526064848899841
bike,dune_bayes,2131,dispersion,0.42922588139772416,0.5975253582000732,0.8395776927471157
bike,dune_bayes,2132,dispersion,1.018681037425995,1.4225620031356812,1.8763442277908324
bike,dune_bayes,2133,dispersion,1.0462607979774474,1.424027919769287,1.8779799342155454
bike,dune_bayes,2134,dispersion,1.0251363933086395,1.3805596828460693,1.7938916146755217
bike,dune_bayes,2135,dispersion,0.8040292263031006,1.0730391144752502,1.4076003134250639
bike,dune_bayes,2136,dispersion,0.8192218184471131,1.1069499850273132,1.4402678430080413
bike,dune_bayes,2137,dispersion,1.0437116146087646,1.4073224067687988,1.8349204301834106
bike,dune_bayes,2138,dispersion,1.0402292728424072,1.4115919470787048,1.8629074633121487
bike,dune_bayes,2139,dispersion,1.0360740423202515,1.3558571934700012,1.7326935231685636
bike,dune_bayes,2140,dispersion,0.7653781622648239,1.148903727531433,1.5521317124366756
bike,dune_bayes,2141,dispersion,0.9510385811328889,1.3421017527580261,1.8057525396347045
bike,dune_bayes,2142,dispersion,1.0486456692218782,1.460395336151123,1.938615560531616
bike,dune_bayes,2143,dispersion,0.8894982784986496,1.1843584179878235,1.5498180031776427
bike,dune_bayes,2144,dispersion,0.29492494463920593,0.47222602367401123,0.7156875610351561
bike,dune_bayes,2145,dispersion,0.4342190608382225,0.6145989298820496,0.8414817392826079
bike,dune_bayes,2146,dispersion,0.7846633464097976,1.0481196641921997,1.310297429561615
bike,dune_bayes,2147,dispersion,0.6273754894733429,0.9589043259620667,1.391428279876709
bike,dune_bayes,2148,dispersion,0.7774529010057449,1.0866717100143433,1.524785280227661
bike,dune_bayes,2149,dispersion,0.7774529010057449,1.0866717100143433,1.524785280227661
bike,dune_bayes,2150,dispersion,0.8031545132398605,1.130252480506897,1.5512531816959376
bike,dune_bayes,2151,dispersion,0.7969799757003784,1.1730202436447144,1.6454527556896206
bike,dune_bayes,2152,dispersion,0.7512719124555588,1.1334108114242554,1.6263136088848111
bike,dune_bayes,2153,dispersion,0.7844715565443039,1.2080174684524536,1.7273195445537561
bike,dune_bayes,2154,dispersion,0.850993824005127,1.2303385734558105,1.7493302047252655
bike,dune_bayes,2155,dispersion,0.9787048101425171,1.309260070323944,1.6787598371505734
bike,dune_bayes,2156,dispersion,0.750107279419899,0.9671182334423065,1.2078202784061431
bike,dune_bayes,2157,dispersion,0.2723454996943474,0.5026402771472931,0.9158445686101907
bike,dune_bayes,2158,dispersion,0.23954194188117983,0.4644213765859604,0.9300262242555611
bike,dune_bayes,2159,dispersion,0.3724553734064102,0.6061708331108093,1.0104812026023862
bike,dune_bayes,2160,dispersion,0.34410432130098345,0.6168351471424103,1.1085614502429961
bike,dune_bayes,2161,dispersion,0.3682544618844986,0.6556474268436432,1.171561777591705
bike,dune_bayes,2162,dispersion,0.7331538587808609,1.0907557606697083,1.5307587206363678
bike,dune_bayes,2163,dispersion,0.6862678289413453,1.0441573858261108,1.518160444498062
bike,dune_bayes,2164,dispersion,0.5504332184791565,0.83348748087883,1.210657387971878
bike,dune_bayes,2165,dispersion,0.5171126425266266,0.7784612476825714,1.147941482067108
bike,dune_bayes,2166,dispersion,0.4426314413547516,0.7412894070148468,1.170979815721511
bike,dune_bayes,2167,dispersion,0.4919745698571205,0.7261081635951996,1.0317076861858363
bike,dune_bayes,2168,dispersion,0.4971760854125023,0.7363813817501068,1.0507964789867401
bike,dune_bayes,2169,dispersion,0.5878615081310272,0.8439679741859436,1.1701014220714565
bike,dune_bayes,2170,dispersion,0.4967537805438042,0.7434388399124146,1.105674660205841
bike,dune_bayes,2171,dispersion,0.49555193483829496,0.7238510251045227,1.043133795261383
bike,dune_bayes,2172,dispersion,0.4864188373088837,0.7420516610145569,1.099620079994201
bike,dune_bayes,2173,dispersion,0.5036432623863221,0.7456566393375397,1.0925654888153074
bike,dune_bayes,2174,dispersion,0.5908615380525589,0.7855296432971954,0.9974898219108581
bike,dune_bayes,2175,dispersion,0.8609767109155655,1.115641474723816,1.4077795028686524
bike,dune_bayes,2176,dispersion,0.710065558552742,0.9216606318950653,1.1494820535182952
bike,dune_bayes,2177,dispersion,0.3889966353774071,0.6294293105602264,0.9596745640039438
bike,dune_bayes,2178,dispersion,0.41322974264621737,0.6134254932403564,0.9053412437438964
bike,dune_bayes,2179,dispersion,0.3598074346780777,0.553659051656723,0.8709781408309936
bike,dune_bayes,2180,dispersion,0.33615487664937976,0.5409601032733917,0.873153805732727
bike,dune_bayes,2181,dispersion,0.4554902195930481,0.6534000337123871,0.9322246849536895
bike,dune_bayes,2182,dispersion,0.8705908000469208,1.1717113256454468,1.493348830938339
bike,dune_bayes,2183,dispersion,0.6083538144826889,0.9319035708904266,1.3203537940979004
bike,dune_bayes,2184,dispersion,0.7885916829109192,1.0172045230865479,1.2753408610820767
bike,dune_bayes,2185,dispersion,0.8070169270038605,1.1127814054489136,1.5071251451969143
bike,dune_bayes,2186,dispersion,0.6439854472875595,1.0004192292690277,1.490745961666107
bike,dune_bayes,2187,dispersion,0.8290576487779617,1.1639769673347473,1.6110240340232846
bike,dune_bayes,2188,dispersion,0.8694651067256928,1.2488322854042053,1.7319764554500579
bike,dune_bayes,2189,dispersion,0.3747255280613899,0.56679368019104,0.8480954617261885
bike,dune_bayes,2190,dispersion,0.5155115276575089,0.7317560911178589,0.9922724455595017
bike,dune_bayes,2191,dispersion,1.0559091210365295,1.4110981822013855,1.828127318620681
bike,dune_bayes,2192,dispersion,0.3871479794383049,0.5871659219264984,0.8720909506082528
bike,dune_bayes,2193,dispersion,0.9502019584178925,1.3236053586006165,1.7042173564434049
bike,dune_bayes,2194,dispersion,0.3629070430994034,0.6129858195781708,0.9580395817756652
bike,dune_bayes,2195,dispersion,0.32569420933723453,0.5142697691917419,0.8366814821958541
bike,dune_bayes,2196,dispersion,0.6394930630922318,0.9644626975059509,1.3323255479335785
bike,dune_bayes,2197,dispersion,0.6511876612901688,0.9698817133903503,1.3426622748374937
bike,dune_bayes,2198,dispersion,0.6656653940677643,0.9855093359947205,1.373626697063446
bike,dune_bayes,2199,dispersion,0.43122836500406264,0.6160257160663605,0.8501452922821043
bike,dune_bayes,2200,dispersion,0.3364742323756218,0.5003211200237274,0.7552933484315871
bike,dune_bayes,2201,dispersion,0.30306743681430814,0.4792156219482422,0.7766278594732284
bike,dune_bayes,2202,dispersion,0.47719581723213195,0.6931965947151184,0.9932107001543041
bike,dune_bayes,2203,dispersion,0.4352578192949295,0.6186919808387756,0.8906066954135893
bike,dune_bayes,2204,dispersion,0.4036851093173027,0.6576241850852966,1.0207658767700194
bike,dune_bayes,2205,dispersion,0.3832998424768448,0.5674266219139099,0.8313797146081925
bike,dune_bayes,2206,dispersion,0.45607762932777407,0.635817676782608,0.8807397902011871
bike,dune_bayes,2207,dispersion,0.666229847073555,0.9516613781452179,1.3272966325283047
bike,dune_bayes,2208,dispersion,0.4967537805438042,0.7434388399124146,1.105674660205841
bike,dune_bayes,2209,dispersion,0.27119158059358595,0.4959644377231598,0.8135827988386153
bike,dune_bayes,2210,dispersion,0.24288310706615449,0.42389731109142303,0.6805608659982676
bike,dune_bayes,2211,dispersion,0.21889055892825127,0.3972596824169159,0.6942077577114105
bike,dune_bayes,2212,dispersion,0.25495464950799945,0.43193279206752777,0.7157951980829237
bike,dune_bayes,2213,dispersion,0.24139304384589197,0.40984369814395905,0.6734035819768903
bike,dune_bayes,2214,dispersion,0.23475325107574463,0.40004293620586395,0.6749748110771177
bike,dune_bayes,2215,dispersion,0.2799084305763245,0.4868922382593155,0.7630676239728927
bike,dune_bayes,2216,dispersion,0.2623436823487282,0.4436527043581009,0.7064030677080154
bike,dune_bayes,2217,dispersion,0.24948347881436347,0.4218323826789856,0.7224514544010161
bike,dune_bayes,2218,dispersion,0.18660401329398157,0.34140026569366455,0.6412813842296595
bike,dune_bayes,2219,dispersion,0.455487622320652,0.6532642543315887,0.8954905986785886
bike,dune_bayes,2220,dispersion,0.3961691826581955,0.5869443714618683,0.8737295120954514
bike,dune_bayes,2221,dispersion,0.33059614300727846,0.5277769267559052,0.8531218439340591
bike,dune_bayes,2222,dispersion,0.24949044063687326,0.4614655673503876,0.904564768075943
bike,dune_bayes,2223,dispersion,0.2937952771782875,0.49604956805706024,0.8536504924297331
bike,dune_bayes,2224,dispersion,0.36591922342777256,0.5420292019844055,0.8140059888362879
bike,dune_bayes,2225,dispersion,0.5220200687646867,0.6967859268188477,0.9237665802240369
bike,dune_bayes,2226,dispersion,0.3106502488255501,0.509612500667572,0.8689981758594513
bike,dune_bayes,2227,dispersion,0.3068009451031685,0.5112552344799042,0.8930729746818539
bike,dune_bayes,2228,dispersion,0.6222293734550476,0.8946729302406311,1.2425327479839325
bike,dune_bayes,2229,dispersion,0.5726491272449493,0.832958310842514,1.1946256875991819
bike,dune_bayes,2230,dispersion,0.5324498951435089,0.753640204668045,1.0151226878166197
bike,dune_bayes,2231,dispersion,0.5264434307813645,0.7448834180831909,1.0195728719234465
bike,dune_bayes,2232,dispersion,0.4761267647147179,0.6810084879398346,0.9555758446455002
bike,dune_bayes,2233,dispersion,0.3681891396641731,0.5466343462467194,0.8263863831758498
bike,dune_bayes,2234,dispersion,0.30584384500980377,0.501842588186264,0.844132113456726
bike,dune_bayes,2235,dispersion,0.35874846428632734,0.5392136871814728,0.8310525923967358
bike,dune_bayes,2236,dispersion,0.4199263617396355,0.6113051474094391,0.889173138141632
bike,dune_bayes,2237,dispersion,0.7086724996566772,0.9771918952465057,1.2942541718482967
bike,dune_bayes,2238,dispersion,0.3433147504925728,0.5251896381378174,0.8084868162870403
bike,dune_bayes,2239,dispersion,0.3626068592071533,0.555175244808197,0.8586059778928756
bike,dune_bayes,2240,dispersion,0.7729599326848984,1.02104651927948,1.2949840724468231
bike,dune_bayes,2241,dispersion,0.5524776250123977,0.7852805256843567,1.0780062437057494
bike,dune_bayes,2242,dispersion,0.5524776250123977,0.7852805256843567,1.0780062437057494
bike,dune_bayes,2243,dispersion,0.471391835808754,0.6888766884803772,0.9566437065601345
bike,dune_bayes,2244,dispersion,0.3423765957355499,0.5199397802352905,0.7622941881418226
bike,dune_bayes,2245,dispersion,0.18898407742381096,0.34369972348213196,0.6493143469095229
bike,dune_bayes,2246,dispersion,0.1880208820104599,0.33052192628383636,0.5940428495407104
bike,dune_bayes,2247,dispersion,0.30865983217954635,0.4977681338787079,0.7669494420289992
bike,dune_bayes,2248,dispersion,0.20280692651867865,0.36730679869651794,0.6638397514820098
bike,dune_bayes,2249,dispersion,0.611907583475113,0.8729278445243835,1.185324680805206
bike,dune_bayes,2250,dispersion,0.7345791131258012,1.040217638015747,1.4110588133335114
bike,dune_bayes,2251,dispersion,0.8114220976829529,1.1432429552078247,1.5810819923877704
bike,dune_bayes,2252,dispersion,0.5772965610027313,0.8382205963134766,1.1535432755947113
bike,dune_bayes,2253,dispersion,0.09496901966631413,0.19902191311120987,0.44530326426029104
bike,dune_bayes,2254,dispersion,0.12390127405524254,0.2427697777748108,0.5029291063547134
bike,dune_bayes,2255,dispersion,0.27056275457143786,0.4519852101802826,0.7128168106079101
bike,dune_bayes,2256,dispersion,0.9992430120706558,1.3654115200042725,1.8033354580402372
bike,dune_bayes,2257,dispersion,0.25821610242128373,0.4252789169549942,0.7405547231435775
bike,dune_bayes,2258,dispersion,0.284138685464859,0.4547876566648483,0.7447329908609389
bike,dune_bayes,2259,dispersion,0.2906975343823433,0.45709434151649475,0.7494790762662886
bike,dune_bayes,2260,dispersion,0.3608335316181183,0.5414161086082458,0.8161809176206588
bike,dune_bayes,2261,dispersion,0.3855303809046745,0.5802854299545288,0.8545500695705414
bike,dune_bayes,2262,dispersion,0.44529873579740525,0.6156240403652191,0.8491108119487761
bike,dune_bayes,2263,dispersion,0.5017353937029839,0.667204886674881,0.8977996319532394
bike,dune_bayes,2264,dispersion,0.6511876612901688,0.9698817133903503,1.3426622748374937
bike,dune_bayes,2265,dispersion,0.9607297152280807,1.2436344027519226,1.6106901943683625
bike,dune_bayes,2266,dispersion,0.9958068996667861,1.3033648133277893,1.646218711137771
bike,dune_bayes,2267,dispersion,1.0095646321773528,1.3192076086997986,1.652992290258407
bike,dune_bayes,2268,dispersion,0.9789176791906357,1.4140681028366089,1.8996505558490744
bike,dune_bayes,2269,dispersion,0.9789176791906357,1.4140681028366089,1.8996505558490744
bike,dune_bayes,2270,dispersion,0.9789176791906357,1.4140681028366089,1.8996505558490744
bike,dune_bayes,2271,dispersion,1.0934637486934662,1.471975862979889,1.8950220882892608
bike,dune_bayes,2272,dispersion,0.4995826482772827,0.7733705341815948,1.074787366390228
bike,dune_bayes,2273,dispersion,1.0720498204231261,1.520159900188446,2.00434638261795
bike,dune_bayes,2274,dispersion,0.39634223729372026,0.5684590935707092,0.8373665988445281
bike,dune_bayes,2275,dispersion,0.6131528168916702,0.81451416015625,1.0243666052818299
bike,dune_bayes,2276,dispersion,0.74187753200531,1.0930484533309937,1.475013118982315
bike,dune_bayes,2277,dispersion,0.20782217830419542,0.36343173682689667,0.6150897830724711
bike,dune_bayes,2278,dispersion,0.1810702294111252,0.31281793117523193,0.5558533251285552
bike,dune_bayes,2279,dispersion,0.12732155695557595,0.2498473897576332,0.5200250804424279
bike,dune_bayes,2280,dispersion,0.5317535489797592,0.8757571280002594,1.3886456787586212
bike,dune_bayes,2281,dispersion,0.7209041595458985,1.0543269515037537,1.513165611028671
bike,dune_bayes,2282,dispersion,0.7647155791521072,1.1879867911338806,1.7434834718704222
bike,dune_bayes,2283,dispersion,0.7563899666070938,1.237521231174469,1.8830125153064723
bike,dune_bayes,2284,dispersion,0.7867603033781052,1.2504493594169617,1.8699785470962522
bike,dune_bayes,2285,dispersion,0.7424637615680695,1.2340150475502014,1.9135489046573633
bike,dune_bayes,2286,dispersion,1.1564837217330932,1.6110150814056396,2.127219319343567
bike,dune_bayes,2287,dispersion,1.246246910095215,1.664331316947937,2.1306529998779298
bike,dune_bayes,2288,dispersion,0.9288844674825668,1.3154563307762146,1.741179782152176
bike,dune_bayes,2289,dispersion,1.148898321390152,1.6151337623596191,2.1399635434150697
bike,dune_bayes,2290,dispersion,1.1232284545898437,1.4677626490592957,1.8648433327674865
bike,dune_bayes,2291,dispersion,1.2593100547790528,1.6637245416641235,2.113572466373443
bike,dune_bayes,2292,dispersion,1.2171610116958618,1.606550931930542,2.0618852972984314
bike,dune_bayes,2293,dispersion,1.149766856431961,1.4896683096885681,1.876339018344879
bike,dune_bayes,2294,dispersion,0.4525877103209496,0.6893595457077026,1.0209678113460536
bike,dune_bayes,2295,dispersion,0.3171721234917641,0.517898440361023,0.8727834612131116
bike,dune_bayes,2296,dispersion,0.3013014644384384,0.4971439838409424,0.8429908126592635
bike,dune_bayes,2297,dispersion,1.0961066722869872,1.4919902086257935,1.9101645588874816
bike,dune_bayes,2298,dispersion,0.3937105029821396,0.5938892960548401,0.8545965671539305
bike,dune_bayes,2299,dispersion,0.3459502875804901,0.5222487449645996,0.8134956151247023
bike,dune_bayes,2300,dispersion,0.3525853678584099,0.5375871956348419,0.8347157925367353
bike,dune_bayes,2301,dispersion,0.3038719564676285,0.4809635579586029,0.7873025894165032
bike,dune_bayes,2302,dispersion,0.6184297740459442,0.8504989743232727,1.1031574845314023
bike,dune_bayes,2303,dispersion,0.6831259220838547,0.933311253786087,1.1926158547401424
bike,dune_bayes,2304,dispersion,0.9906022340059281,1.2835426926612854,1.6096303224563597
bike,dune_bayes,2305,dispersion,0.9820590913295746,1.2593842148780823,1.5841418802738185
bike,dune_bayes,2306,dispersion,0.5171569794416427,0.811986118555069,1.1737430632114407
bike,dune_bayes,2307,dispersion,0.4156651645898819,0.634447455406189,0.9638743519783017
bike,dune_bayes,2308,dispersion,0.34966317266225816,0.6067769527435303,1.000098034739494
bike,dune_bayes,2309,dispersion,0.3508408427238464,0.5396943986415863,0.8420746773481368
bike,dune_bayes,2310,dispersion,0.44427519142627714,0.7064290046691895,1.0063218474388123
bike,dune_bayes,2311,dispersion,0.35406123697757724,0.589702308177948,0.884401363134384
bike,dune_bayes,2312,dispersion,0.37586697041988376,0.6375415921211243,1.0234314560890194
bike,dune_bayes,2313,dispersion,0.32406997084617617,0.5129210948944092,0.7597342073917388
bike,dune_bayes,2314,dispersion,0.9258240759372711,1.2904146909713745,1.7684565305709834
bike,dune_bayes,2315,dispersion,0.9434115022420884,1.3659107089042664,1.9027409255504606
bike,dune_bayes,2316,dispersion,0.8426875054836274,1.1830507516860962,1.6094572901725768
bike,dune_bayes,2317,dispersion,0.39242624789476394,0.6553636491298676,1.010938227176666
bike,dune_bayes,2318,dispersion,0.29125712811946874,0.46813467144966125,0.7508222281932829
bike,dune_bayes,2319,dispersion,0.37986375838518144,0.569785475730896,0.8313009351491927
bike,dune_bayes,2320,dispersion,0.49443396627902986,0.6948496401309967,0.9516319572925566
bike,dune_bayes,2321,dispersion,0.6876596212387085,0.886162668466568,1.0960790693759919
bike,dune_bayes,2322,dispersion,0.6171530604362487,0.8118140995502472,1.0264260709285733
bike,dune_bayes,2323,dispersion,0.782085719704628,1.004647135734558,1.249628239870071
bike,dune_bayes,2324,dispersion,0.923446050286293,1.2266151309013367,1.5909440338611602
bike,dune_bayes,2325,dispersion,0.8569859743118287,1.172968864440918,1.5231984972953794
bike,dune_bayes,2326,dispersion,0.6606015264987946,1.0074140429496765,1.3713732719421385
bike,dune_bayes,2327,dispersion,0.9939351618289948,1.4560186862945557,1.9702241837978363
bike,dune_bayes,2328,dispersion,0.9287966668605805,1.233170211315155,1.5747359871864317
bike,dune_bayes,2329,dispersion,0.9959376752376556,1.326970398426056,1.693735975027084
bike,dune_bayes,2330,dispersion,1.02480451464653,1.4922125339508057,2.031344962120056
bike,dune_bayes,2331,dispersion,0.9505760818719864,1.3575121760368347,1.8261185705661773
bike,dune_bayes,2332,dispersion,0.9255451887845993,1.21181058883667,1.536236900091171
bike,dune_bayes,2333,dispersion,0.8661802679300309,1.2781833410263062,1.7573641300201415
bike,dune_bayes,2334,dispersion,0.9456396222114564,1.2738075852394104,1.6574093997478485
bike,dune_bayes,2335,dispersion,0.5094322949647904,0.7968354821205139,1.1297725081443784
bike,dune_bayes,2336,dispersion,0.2832195430994034,0.43785595893859863,0.6696184456348419
bike,dune_bayes,2337,dispersion,0.39137280583381656,0.5834226012229919,0.8307411193847656
bike,dune_bayes,2338,dispersion,0.7638576686382293,1.0156853795051575,1.278885221481323
bike,dune_bayes,2339,dispersion,0.816640067100525,1.2672715783119202,1.9079759120941162
bike,dune_bayes,2340,dispersion,0.36807819455862045,0.620713621377945,0.9886066973209376
bike,dune_bayes,2341,dispersion,0.4529551833868027,0.7287618517875671,1.1052630364894866
bike,dune_bayes,2342,dispersion,0.8031545132398605,1.130252480506897,1.5512531816959376
bike,dune_bayes,2343,dispersion,0.7774529010057449,1.0866717100143433,1.524785280227661
bike,dune_bayes,2344,dispersion,0.46169241070747374,0.7702295780181885,1.1578390061855317
bike,dune_bayes,2345,dispersion,0.4673040956258774,0.697529673576355,0.9805571109056472
bike,dune_bayes,2346,dispersion,0.9892929166555405,1.2690531015396118,1.5972599685192108
bike,dune_bayes,2347,dispersion,1.0118530690670013,1.3295941352844238,1.7037079513072964
bike,dune_bayes,2348,dispersion,0.8313973158597946,1.072613000869751,1.3067470014095302
bike,dune_bayes,2349,dispersion,0.47400401532649994,0.6717766523361206,0.9336575806140899
bike,dune_bayes,2350,dispersion,0.5222376316785813,0.7158226370811462,0.9544402152299879
bike,dune_bayes,2351,dispersion,0.6554864704608917,0.9007242918014526,1.1594733297824857
bike,dune_bayes,2352,dispersion,0.798498910665512,1.0750183463096619,1.3864576399326323
bike,dune_bayes,2353,dispersion,0.6893979430198669,0.980513721704483,1.2780893445014951
bike,dune_bayes,2354,dispersion,0.9906387895345687,1.3246077299118042,1.7244899392127988
bike,dune_bayes,2355,dispersion,0.6908975154161453,0.9347933530807495,1.1929540574550628
bike,dune_bayes,2356,dispersion,0.5024062842130661,0.7162046432495117,0.9668067693710327
bike,dune_bayes,2357,dispersion,0.4342190608382225,0.6145989298820496,0.8414817392826079
bike,dune_bayes,2358,dispersion,0.6631576925516128,1.119489848613739,1.722770172357559
bike,dune_bayes,2359,dispersion,0.8362037181854248,1.1907641887664795,1.598958033323288
bike,dune_bayes,2360,dispersion,0.7235152572393417,1.0222331285476685,1.3481818735599516
bike,dune_bayes,2361,dispersion,0.5450284570455551,0.7347911596298218,0.9813254207372661
bike,dune_bayes,2362,dispersion,0.3623401314020157,0.5480604469776154,0.8385202169418332
bike,dune_bayes,2363,dispersion,0.40658137798309324,0.5918181538581848,0.8491519570350647
bike,dune_bayes,2364,dispersion,0.24140231311321259,0.4042312204837799,0.6794828116893767
bike,dune_bayes,2365,dispersion,0.21602190509438515,0.36783507466316223,0.6494663596153258
bike,dune_bayes,2366,dispersion,0.30674848705530167,0.4885966032743454,0.7634065866470336
bike,dune_bayes,2367,dispersion,0.4764666438102722,0.7198172211647034,1.0328240633010863
bike,dune_bayes,2368,dispersion,0.6519958525896072,0.9121688306331635,1.2574123084545132
bike,dune_bayes,2369,dispersion,0.6530787825584412,0.9063918888568878,1.2409098744392395
bike,dune_bayes,2370,dispersion,0.39606933742761613,0.6064771115779877,0.8966925710439679
bike,dune_bayes,2371,dispersion,0.17729956433176994,0.3306620270013809,0.6043603003025054
bike,dune_bayes,2372,dispersion,0.3414323002099991,0.5400725305080414,0.8126341670751571
bike,dune_bayes,2373,dispersion,0.4786040484905243,0.7053798735141754,1.0024751543998716
bike,dune_bayes,2374,dispersion,0.5628120243549347,0.7641015946865082,0.9897700279951095
bike,dune_bayes,2375,dispersion,0.9576298415660858,1.2491686940193176,1.5704190969467162
bike,dune_bayes,2376,dispersion,0.9884857058525086,1.3524133563041687,1.7566593170166016
bike,dune_bayes,2377,dispersion,0.8415742933750152,1.1116968989372253,1.4125048637390134
bike,dune_bayes,2378,dispersion,0.9849274635314942,1.3461002707481384,1.7510701715946195
bike,dune_bayes,2379,dispersion,1.0410551667213441,1.3966878056526184,1.8341074764728542
bike,dune_bayes,2380,dispersion,1.01086665391922,1.3419888019561768,1.7426943480968473
bike,dune_bayes,2381,dispersion,0.828428640961647,1.0886489748954773,1.3852785766124722
bike,dune_bayes,2382,dispersion,0.5260569393634796,0.7651789486408234,1.0269677340984344
bike,dune_bayes,2383,dispersion,0.7447094678878784,1.0532362461090088,1.3934326171874996
bike,dune_bayes,2384,dispersion,1.028074711561203,1.3837350010871887,1.817839044332504
bike,dune_bayes,2385,dispersion,1.0202525794506072,1.3983912467956543,1.8265848338603974
bike,dune_bayes,2386,dispersion,1.0206724762916566,1.409938395023346,1.8631474196910858
bike,dune_bayes,2387,dispersion,1.0420183539390564,1.4322360157966614,1.8922589123249052
bike,dune_bayes,2388,dispersion,1.020888578891754,1.4511001706123352,1.9405177295207976
bike,dune_bayes,2389,dispersion,0.574839073419571,0.878955751657486,1.2136783063411711
bike,dune_bayes,2390,dispersion,0.31171758770942687,0.49603819847106934,0.7354966014623641
bike,dune_bayes,2391,dispersion,0.828428640961647,1.0886489748954773,1.3852785766124722
bike,dune_bayes,2392,dispersion,0.9929622083902359,1.3122456073760986,1.675394761562347
bike,dune_bayes,2393,dispersion,0.8707500696182251,1.106742024421692,1.3903091490268706
bike,dune_bayes,2394,dispersion,0.9487139701843262,1.2377788424491882,1.6066291391849516
bike,dune_bayes,2395,dispersion,1.0399777233600616,1.388825237751007,1.8157949447631834
bike,dune_bayes,2396,dispersion,0.7055023699998856,0.9073169827461243,1.1382660210132598
bike,dune_bayes,2397,dispersion,0.3483085960149765,0.5317789316177368,0.7919094502925872
bike,dune_bayes,2398,dispersion,0.325808522105217,0.5092104971408844,0.7774501115083693
bike,dune_bayes,2399,dispersion,0.3489822313189507,0.5203927755355835,0.7787200629711148
bike,dune_bayes,2400,dispersion,0.4865401923656464,0.6935994029045105,0.9778051644563674
bike,dune_bayes,2401,dispersion,0.5915327876806259,0.8789793848991394,1.209119290113449
bike,dune_bayes,2402,dispersion,0.37705874890089036,0.5764434039592743,0.8479326933622358
bike,dune_bayes,2403,dispersion,0.5165719330310822,0.7603376805782318,1.0658747911453246
bike,dune_bayes,2404,dispersion,0.6677589505910874,0.9277194142341614,1.2940266907215119
bike,dune_bayes,2405,dispersion,0.2687410995364189,0.4560714066028595,0.7545270860195152
bike,dune_bayes,2406,dispersion,0.17180221304297447,0.3167286366224289,0.6002345532178878
bike,dune_bayes,2407,dispersion,0.15601120740175248,0.29901838302612305,0.5772901386022568
bike,dune_bayes,2408,dispersion,0.16059247702360152,0.30435892939567566,0.5797021538019179
bike,dune_bayes,2409,dispersion,0.46688945442438123,0.6886200308799744,0.9941522240638732
bike,dune_bayes,2410,dispersion,0.6432450830936431,0.8927928805351257,1.1962532341480254
bike,dune_bayes,2411,dispersion,0.19748577177524568,0.35254980623722076,0.6444447934627532
bike,dune_bayes,2412,dispersion,0.23622508943080903,0.40632742643356323,0.6726354569196692
bike,dune_bayes,2413,dispersion,0.8770353496074677,1.2752392292022705,1.747767508029937
bike,dune_bayes,2414,dispersion,0.9418467909097672,1.323546290397644,1.7391716122627254
bike,dune_bayes,2415,dispersion,0.9418467909097672,1.323546290397644,1.7391716122627254
bike,dune_bayes,2416,dispersion,0.9418467909097672,1.323546290397644,1.7391716122627254
bike,dune_bayes,2417,dispersion,0.9371466457843781,1.314700961112976,1.7329633653163907
bike,dune_bayes,2418,dispersion,0.9929622083902359,1.3122456073760986,1.675394761562347
bike,dune_bayes,2419,dispersion,0.9739076852798462,1.2942755818367004,1.6593768596649168
bike,dune_bayes,2420,dispersion,0.795684865117073,1.0805071592330933,1.4265785098075865
bike,dune_bayes,2421,dispersion,1.0245835959911347,1.3674630522727966,1.7656403124332427
bike,dune_bayes,2422,dispersion,0.9121262729167938,1.2470869421958923,1.6456126272678373
bike,dune_bayes,2423,dispersion,0.9609879642724991,1.280634343624115,1.6517676532268524
bike,dune_bayes,2424,dispersion,0.9409954667091369,1.312472641468048,1.7305307507514953
bike,dune_bayes,2425,dispersion,0.9055914551019669,1.3375930190086365,1.8434411227703087
bike,dune_bayes,2426,dispersion,0.962250941991806,1.4087351560592651,1.9300231456756587
bike,dune_bayes,2427,dispersion,1.0095192611217498,1.3452109098434448,1.7461059868335722
bike,dune_bayes,2428,dispersion,0.8661821752786636,1.1498488187789917,1.4821362316608426
bike,dune_bayes,2429,dispersion,0.7071134448051453,0.9453346431255341,1.221107679605484
bike,dune_bayes,2430,dispersion,0.9409954667091369,1.312472641468048,1.7305307507514953
bike,dune_bayes,2431,dispersion,0.9735540568828583,1.3481222987174988,1.7735382854938506
bike,dune_bayes,2432,dispersion,0.9735540568828583,1.3481222987174988,1.7735382854938506
bike,dune_bayes,2433,dispersion,0.9848019629716873,1.3142279982566833,1.7176309168338775
bike,dune_bayes,2434,dispersion,0.8080987870693207,1.1101312637329102,1.4749476015567773
bike,dune_bayes,2435,dispersion,0.7993970543146134,1.1202229857444763,1.4943815588951108
bike,dune_bayes,2436,dispersion,0.42322371900081635,0.6226280629634857,0.8674597024917602
bike,dune_bayes,2437,dispersion,0.4312233701348305,0.6409581303596497,0.9039322137832639
bike,dune_bayes,2438,dispersion,0.804597532749176,1.1023234724998474,1.4648913502693168
bike,dune_bayes,2439,dispersion,0.6856809318065643,1.0192310214042664,1.4522120416164397
bike,dune_bayes,2440,dispersion,0.6985458582639694,1.0747551321983337,1.5615333318710323
bike,dune_bayes,2441,dispersion,0.5707667410373688,0.8751964867115021,1.2654271304607385
bike,dune_bayes,2442,dispersion,0.5074232965707779,0.78266441822052,1.134666401147842
bike,dune_bayes,2443,dispersion,0.5664627462625503,0.8603851795196533,1.2185037553310392
bike,dune_bayes,2444,dispersion,0.7097667872905731,1.0466050505638123,1.4594859778881073
bike,dune_bayes,2445,dispersion,0.7310381442308426,1.095823347568512,1.5464183688163755
bike,dune_bayes,2446,dispersion,0.1832753151655197,0.32091379165649414,0.5570094257593154
bike,dune_bayes,2447,dispersion,0.16549768000841142,0.2940211743116379,0.5183196723461146
bike,dune_bayes,2448,dispersion,0.4222185298800468,0.7103406190872192,1.1318055748939513
bike,dune_bayes,2449,dispersion,0.7137762665748596,1.0657728910446167,1.506543242931365
bike,dune_bayes,2450,dispersion,0.724668687582016,1.0410206317901611,1.4449961483478542
bike,dune_bayes,2451,dispersion,0.6578981071710587,0.9283353686332703,1.3015949606895445
bike,dune_bayes,2452,dispersion,0.3038774937391281,0.511817216873169,0.7800956070423126
bike,dune_bayes,2453,dispersion,0.24367888495326043,0.4209043085575104,0.6775274634361265
bike,dune_bayes,2454,dispersion,0.18040695488452912,0.323484405875206,0.5651505231857299
bike,dune_bayes,2455,dispersion,0.3152546048164368,0.5238199234008789,0.8125159442424772
bike,dune_bayes,2456,dispersion,0.41550452411174776,0.6569766700267792,0.9651755988597868
bike,dune_bayes,2457,dispersion,0.19074321687221527,0.33866406977176666,0.5976460695266721
bike,dune_bayes,2458,dispersion,0.17524818629026412,0.3150925487279892,0.5684061378240579
bike,dune_bayes,2459,dispersion,0.15653397664427757,0.29240095615386963,0.5520422309637063
bike,dune_bayes,2460,dispersion,0.7743779838085174,1.2246680855751038,1.7787701427936553
bike,dune_bayes,2461,dispersion,0.962019431591034,1.3538896441459656,1.7977018654346466
bike,dune_bayes,2462,dispersion,0.9307824164628983,1.4035893678665161,1.9601067900657654
bike,dune_bayes,2463,dispersion,0.9236613184213639,1.2661402821540833,1.6822541117668148
bike,dune_bayes,2464,dispersion,0.8004678636789322,1.0473859906196594,1.306266963481903
bike,dune_bayes,2465,dispersion,0.408829128742218,0.6698612868785858,0.9790196150541305
bike,dune_bayes,2466,dispersion,0.30641518235206605,0.4971112310886383,0.7264337092638007
bike,dune_bayes,2467,dispersion,0.7137851357460022,0.9279222190380096,1.1577834844589232
bike,dune_bayes,2468,dispersion,0.7397847026586533,1.0060765147209167,1.3256542265415192
bike,dune_bayes,2469,dispersion,0.7722002625465394,1.0499898195266724,1.3892459750175477
bike,dune_bayes,2470,dispersion,0.23842973411083224,0.4103023111820221,0.7323927402496335
bike,dune_bayes,2471,dispersion,0.26365049183368683,0.41377195715904236,0.654114720225334
bike,dune_bayes,2472,dispersion,0.24217849895358087,0.40057888627052307,0.6427067577838893
bike,dune_bayes,2473,dispersion,0.20574249997735022,0.34775182604789734,0.5787175804376599
bike,dune_bayes,2474,dispersion,0.19643173813819886,0.3288954794406891,0.5614443808794021
bike,dune_bayes,2475,dispersion,0.3572429224848747,0.5294167697429657,0.7679330915212631
bike,dune_bayes,2476,dispersion,0.421433225274086,0.5883244276046753,0.837764000892639
bike,dune_bayes,2477,dispersion,0.35264322608709336,0.5541905760765076,0.8394072651863097
bike,dune_bayes,2478,dispersion,0.2248030036687851,0.38613438606262207,0.6753042310476303
bike,dune_bayes,2479,dispersion,0.2359553247690201,0.39258086681365967,0.6753900676965713
bike,dune_bayes,2480,dispersion,0.2934542760252953,0.4765109568834305,0.7636999279260633
bike,dune_bayes,2481,dispersion,0.5075263440608978,0.7447943985462189,1.0425261020660395
bike,dune_bayes,2482,dispersion,0.32395465672016144,0.5012692809104919,0.7677149862051006
bike,dune_bayes,2483,dispersion,0.2836212947964668,0.4536387622356415,0.7215255886316297
bike,dune_bayes,2484,dispersion,0.1816967874765396,0.331520214676857,0.6162097275257109
bike,dune_bayes,2485,dispersion,0.187627811729908,0.36768388748168945,0.6949612110853195
bike,dune_bayes,2486,dispersion,0.17999809533357622,0.31901589035987854,0.5686586469411843
bike,dune_bayes,2487,dispersion,0.8133151054382325,1.1753836870193481,1.59760280251503
bike,dune_bayes,2488,dispersion,0.3859392300248146,0.5554579198360443,0.8323042690753932
bike,dune_bayes,2489,dispersion,0.2737584516406059,0.47732409834861755,0.8380613058805464
bike,dune_bayes,2490,dispersion,0.5157017260789871,0.7064956426620483,0.9525285989046096
bike,dune_bayes,2491,dispersion,0.9688831597566605,1.2598132491111755,1.5953130900859833
bike,dune_bayes,2492,dispersion,0.4534623816609383,0.6437912285327911,0.8818816095590588
bike,dune_bayes,2493,dispersion,0.6241007804870605,0.8684764802455902,1.1099807262420653
bike,dune_bayes,2494,dispersion,0.8133151054382325,1.1753836870193481,1.59760280251503
bike,dune_bayes,2495,dispersion,1.0399777233600616,1.388825237751007,1.8157949447631834
bike,dune_bayes,2496,dispersion,0.8928284138441086,1.2703768014907837,1.7007495522499079
bike,dune_bayes,2497,dispersion,0.7034154146909714,0.942056804895401,1.2069741189479826
bike,dune_bayes,2498,dispersion,0.35960269421339036,0.5980947613716125,0.9025420427322384
bike,dune_bayes,2499,dispersion,0.85344078540802,1.1541727185249329,1.455073869228363
bike,dune_bayes,2500,dispersion,0.9782751679420472,1.3112102150917053,1.7050702810287475
bike,dune_bayes,2501,dispersion,0.9505760818719864,1.3575121760368347,1.8261185705661773
bike,dune_bayes,2502,dispersion,0.9933872073888779,1.2986596822738647,1.6495896637439726
bike,dune_bayes,2503,dispersion,0.9898054122924804,1.2851192951202393,1.617962896823883
bike,dune_bayes,2504,dispersion,1.019992208480835,1.3875685334205627,1.816357803344726
bike,dune_bayes,2505,dispersion,0.2547707468271255,0.39729857444763184,0.6527674973011016
bike,dune_bayes,2506,dispersion,0.2462865635752678,0.38670599460601807,0.6421397656202313
bike,dune_bayes,2507,dispersion,0.7065907448530198,0.9503817856311798,1.2178560137748717
bike,dune_bayes,2508,dispersion,0.9292913287878036,1.2214245200157166,1.5702182829380036
bike,dune_bayes,2509,dispersion,0.6881347447633743,0.9347979426383972,1.192862844467163
bike,dune_bayes,2510,dispersion,0.24180158972740173,0.3880642354488373,0.655716651678085
bike,dune_bayes,2511,dispersion,0.16840964332222938,0.3079134523868561,0.5841121762990943
bike,dune_bayes,2512,dispersion,0.19087262600660326,0.31911811232566833,0.5580784767866134
bike,dune_bayes,2513,dispersion,0.18799766302108764,0.3168070912361145,0.5614220947027206
bike,dune_bayes,2514,dispersion,0.341464701294899,0.5236091613769531,0.7864949882030483
bike,dune_bayes,2515,dispersion,0.564489158987999,0.8224419355392456,1.152610981464386
bike,dune_bayes,2516,dispersion,0.2696394741535187,0.4566238969564438,0.7525786906480788
bike,dune_bayes,2517,dispersion,0.09681265428662301,0.19131262600421906,0.39793050587177253
bike,dune_bayes,2518,dispersion,0.09813072420656681,0.19744157046079636,0.40058316141366934
bike,dune_bayes,2519,dispersion,0.1431757427752018,0.26208047568798065,0.4900947138667105
bike,dune_bayes,2520,dispersion,0.3389118641614914,0.5337565243244171,0.8093768209218979
bike,dune_bayes,2521,dispersion,0.6173613220453262,0.9329642653465271,1.3307106494903564
bike,dune_bayes,2522,dispersion,0.16307214125990868,0.30419693887233734,0.5509300291538237
bike,dune_bayes,2523,dispersion,0.3598764106631279,0.5687510967254639,0.8461859226226806
bike,dune_bayes,2524,dispersion,0.3140378311276436,0.5203201174736023,0.8337630659341811
bike,dune_bayes,2525,dispersion,0.806533220410347,1.0793700814247131,1.4105488061904907
bike,dune_bayes,2526,dispersion,0.8810079008340835,1.2021452188491821,1.6118548095226286
bike,dune_bayes,2527,dispersion,0.8020171582698822,1.0925312042236328,1.4321987330913541
bike,dune_bayes,2528,dispersion,0.5941772848367691,0.8261696398258209,1.0901975214481352
bike,dune_bayes,2529,dispersion,0.4387357413768768,0.6252220273017883,0.8573853135108948
bike,dune_bayes,2530,dispersion,0.4633045881986618,0.655320942401886,0.8929571181535719
bike,dune_bayes,2531,dispersion,0.4633045881986618,0.655320942401886,0.8929571181535719
bike,dune_bayes,2532,dispersion,1.0095192611217498,1.3452109098434448,1.7461059868335722
bike,dune_bayes,2533,dispersion,0.9085728883743286,1.2909159064292908,1.776752424240112
bike,dune_bayes,2534,dispersion,0.9739076852798462,1.2942755818367004,1.6593768596649168
bike,dune_bayes,2535,dispersion,0.47777810096740725,0.8870774507522583,1.4049405634403225
bike,dune_bayes,2536,dispersion,0.3312827780842781,0.5217406749725342,0.842909613251686
bike,dune_bayes,2537,dispersion,0.6092374891042709,0.8311707377433777,1.0837542176246642
bike,dune_bayes,2538,dispersion,0.6225513845682145,0.865874171257019,1.1311243295669553
bike,dune_bayes,2539,dispersion,0.6779399275779724,0.9193425178527832,1.1564001202583312
bike,dune_bayes,2540,dispersion,0.8151531338691711,1.057380497455597,1.327020454406738
bike,dune_bayes,2541,dispersion,1.0024395287036896,1.3627058863639832,1.7876190543174741
bike,dune_bayes,2542,dispersion,1.0212183475494385,1.3696362376213074,1.7637188911437984
bike,dune_bayes,2543,dispersion,0.4342190608382225,0.6145989298820496,0.8414817392826079
bike,dune_bayes,2544,dispersion,0.3390120446681976,0.5075563192367554,0.7468878030776976
bike,dune_bayes,2545,dispersion,0.2730556190013885,0.4230556935071945,0.6641130268573759
bike,dune_bayes,2546,dispersion,0.26365049183368683,0.41377195715904236,0.654114720225334
bike,dune_bayes,2547,dispersion,0.4423540771007538,0.6429049968719482,0.9029303669929504
bike,dune_bayes,2548,dispersion,0.4385340303182602,0.6638733446598053,0.9567460417747496
bike,dune_bayes,2549,dispersion,0.6615253567695618,0.9284728765487671,1.288006180524826
bike,dune_bayes,2550,dispersion,0.4869634464383125,0.7307275831699371,1.0654951333999632
bike,dune_bayes,2551,dispersion,0.2958652302622795,0.47293539345264435,0.7403295576572417
bike,dune_bayes,2552,dispersion,0.17624985054135323,0.31743375957012177,0.5708050519227981
bike,dune_bayes,2553,dispersion,0.3339045405387878,0.5332363247871399,0.821341785788536
bike,dune_bayes,2554,dispersion,0.6000524550676346,0.8559225499629974,1.198581624031067
bike,dune_bayes,2555,dispersion,0.7223748147487641,1.0102624297142029,1.401640367507934
bike,dune_bayes,2556,dispersion,0.347346818447113,0.5475280582904816,0.8271605968475342
bike,dune_bayes,2557,dispersion,0.3840181350708008,0.593087375164032,0.8764590203762053
bike,dune_bayes,2558,dispersion,0.3414323002099991,0.5400725305080414,0.8126341670751571
bike,dune_bayes,2559,dispersion,0.9820590913295746,1.2593842148780823,1.5841418802738185
bike,dune_bayes,2560,dispersion,0.8381956428289413,1.069493293762207,1.3192666590213773
bike,dune_bayes,2561,dispersion,0.8266409426927567,1.0687846541404724,1.3231404960155484
bike,dune_bayes,2562,dispersion,0.8661821752786636,1.1498488187789917,1.4821362316608426
bike,dune_bayes,2563,dispersion,0.8666738957166672,1.1348410248756409,1.4311398148536674
bike,dune_bayes,2564,dispersion,0.9456396222114564,1.2738075852394104,1.6574093997478485
bike,dune_bayes,2565,dispersion,0.38381759226322176,0.591831237077713,0.8226418614387512
bike,dune_bayes,2566,dispersion,0.28785136342048645,0.4450078755617142,0.6601379156112671
bike,dune_bayes,2567,dispersion,0.2792413532733917,0.4276481121778488,0.6522933512926101
bike,dune_bayes,2568,dispersion,0.7562955379486084,1.0454431772232056,1.3949998199939724
bike,dune_bayes,2569,dispersion,0.8620532363653183,1.2273675203323364,1.6616233885288234
bike,dune_bayes,2570,dispersion,0.9336395174264908,1.3219872117042542,1.784198462963104
bike,dune_bayes,2571,dispersion,0.7087972819805145,1.0174599885940552,1.3920945823192592
bike,dune_bayes,2572,dispersion,0.6288254946470261,1.007559597492218,1.419562113285064
bike,dune_bayes,2573,dispersion,0.7769344717264175,1.1392714381217957,1.5700554251670835
bike,dune_bayes,2574,dispersion,0.28785136342048645,0.4450078755617142,0.6601379156112671
bike,dune_bayes,2575,dispersion,0.10944828987121583,0.20562804490327835,0.37915605902671784
bike,dune_bayes,2576,dispersion,0.15578310936689377,0.2615765482187271,0.46499438434839246
bike,dune_bayes,2577,dispersion,0.16389982327818872,0.2753438204526901,0.47777689546346663
bike,dune_bayes,2578,dispersion,0.5752987027168274,0.8504597842693329,1.185834288597107
bike,dune_bayes,2579,dispersion,0.5070347875356674,0.8082819581031799,1.1541428864002223
bike,dune_bayes,2580,dispersion,0.3633900970220566,0.5431027710437775,0.7804512619972227
bike,dune_bayes,2581,dispersion,0.6286810904741288,0.9443060159683228,1.370501387119293
bike,dune_bayes,2582,dispersion,0.6684385120868683,1.0469191670417786,1.5454621851444243
bike,dune_bayes,2583,dispersion,0.48618888258934023,0.7410380840301514,1.0423379004001614
bike,dune_bayes,2584,dispersion,0.11297975927591325,0.22198352962732315,0.4294395267963408
bike,dune_bayes,2585,dispersion,0.16906856819987298,0.313807412981987,0.5774474948644638
bike,dune_bayes,2586,dispersion,0.204984799772501,0.39186136424541473,0.6986139506101606
bike,dune_bayes,2587,dispersion,0.2649536803364754,0.4857030361890793,0.8219266682863233
bike,dune_bayes,2588,dispersion,0.29018149971961976,0.5172549784183502,0.8585545122623442
bike,dune_bayes,2589,dispersion,0.16433773413300515,0.29819197952747345,0.5337225645780561
bike,dune_bayes,2590,dispersion,0.08465899787843227,0.1741742044687271,0.3616173237562178
bike,dune_bayes,2591,dispersion,0.09444992989301682,0.1879989057779312,0.38255453556776037
bike,dune_bayes,2592,dispersion,0.10674815326929094,0.20566336810588837,0.4097274169325827
bike,dune_bayes,2593,dispersion,0.5648272693157196,0.7964539527893066,1.051317477226257
bike,dune_bayes,2594,dispersion,0.629980793595314,0.9117347002029419,1.203119897842407
bike,dune_bayes,2595,dispersion,0.806533220410347,1.0793700814247131,1.4105488061904907
bike,dune_bayes,2596,dispersion,0.1890647552907467,0.3079553544521332,0.5395664066076276
bike,dune_bayes,2597,dispersion,0.3242188423871994,0.49070534110069275,0.748973461985588
bike,dune_bayes,2598,dispersion,0.15252931490540506,0.29448090493679047,0.5980162441730497
bike,dune_bayes,2599,dispersion,0.3168674513697624,0.48910513520240784,0.7972438007593149
bike,dune_bayes,2600,dispersion,0.3064310684800148,0.5011252164840698,0.8467622101306914
bike,dune_bayes,2601,dispersion,0.17794088795781135,0.3393687456846237,0.6854333221912382
bike,dune_bayes,2602,dispersion,0.5195513308048249,0.7223663926124573,0.9431225568056105
bike,dune_bayes,2603,dispersion,0.39993535727262497,0.5716151893138885,0.8485794484615325
bike,dune_bayes,2604,dispersion,0.18799766302108764,0.3168070912361145,0.5614220947027206
bike,dune_bayes,2605,dispersion,0.12722022384405138,0.25138601660728455,0.5324243992567057
bike,dune_bayes,2606,dispersion,0.11727703213691712,0.23378733545541763,0.49812958240508975
bike,dune_bayes,2607,dispersion,0.12359483540058136,0.23827007412910461,0.4946408316493034
bike,dune_bayes,2608,dispersion,0.4255297854542732,0.6144903004169464,0.8350501686334607
bike,dune_bayes,2609,dispersion,0.17480915561318397,0.29847484827041626,0.5228895515203474
bike,dune_bayes,2610,dispersion,0.16565944924950599,0.28101062774658203,0.4995846658945082
bike,dune_bayes,2611,dispersion,0.3156137019395828,0.48472388088703156,0.709984603524208
bike,dune_bayes,2612,dispersion,0.3111118718981743,0.4841427803039551,0.7080953985452649
bike,dune_bayes,2613,dispersion,0.4387357413768768,0.6252220273017883,0.8573853135108948
bike,dune_bayes,2614,dispersion,0.3803438484668732,0.5810319781303406,0.8068038165569305
bike,dune_bayes,2615,dispersion,0.34403424263000487,0.5207318365573883,0.7453184157609939
bike,dune_bayes,2616,dispersion,0.12676506340503693,0.22005120664834976,0.40343212634325026
bike,dune_bayes,2617,dispersion,0.0896337565034628,0.16588862240314484,0.32177411764860153
bike,dune_bayes,2618,dispersion,0.6972547143697738,1.0646989345550537,1.526530957221985
bike,dune_bayes,2619,dispersion,0.6972547143697738,1.0646989345550537,1.526530957221985
bike,dune_bayes,2620,dispersion,0.07692644782364369,0.16067396849393845,0.33590019494295087
bike,dune_bayes,2621,dispersion,0.08885758891701699,0.19899049401283264,0.4091040641069411
bike,dune_bayes,2622,dispersion,0.5322995394468307,0.8645755648612976,1.3201025843620295
bike,dune_bayes,2623,dispersion,0.5824105262756348,0.9230008125305176,1.3668257832527158
bike,dune_bayes,2624,dispersion,0.5428657710552216,0.8887395262718201,1.341134029626846
bike,dune_bayes,2625,dispersion,0.0784863367676735,0.15663368999958038,0.32014664262533166
bike,dune_bayes,2626,dispersion,0.06345495246350766,0.1339692547917366,0.2955795973539352
bike,dune_bayes,2627,dispersion,0.11243556961417198,0.2191319242119789,0.4134404942393298
bike,dune_bayes,2628,dispersion,0.29105870723724364,0.5000025928020477,0.8172812014818189
bike,dune_bayes,2629,dispersion,0.1317688450217247,0.23373857140541077,0.44254318624734873
bike,dune_bayes,2630,dispersion,0.1502212241292,0.2651015520095825,0.47422759234905215
bike,dune_bayes,2631,dispersion,0.2298396721482277,0.3827533721923828,0.6096103966236114
bike,dune_bayes,2632,dispersion,0.4012234404683113,0.6600880324840546,0.9764391213655471
bike,dune_bayes,2633,dispersion,0.13569110855460167,0.2443564236164093,0.44391658455133404
bike,dune_bayes,2634,dispersion,0.16002500355243685,0.28371453285217285,0.4901874691247936
bike,dune_bayes,2635,dispersion,0.5810372680425644,0.9303189218044281,1.38824690580368
bike,dune_bayes,2636,dispersion,0.5492944866418839,0.8244923651218414,1.192401188611984
bike,dune_bayes,2637,dispersion,0.09434529878199101,0.17755775898694992,0.36805350035428985
bike,dune_bayes,2638,dispersion,0.11325931288301945,0.20785348862409592,0.3815983667969701
bike,dune_bayes,2639,dispersion,0.19144416451454163,0.31368888914585114,0.5186875522136688
bike,dune_bayes,2640,dispersion,0.20351260975003244,0.3327152132987976,0.5576529592275618
bike,dune_bayes,2641,dispersion,0.12387960441410542,0.2384331002831459,0.4289273783564567
bike,dune_bayes,2642,dispersion,0.12946682497859002,0.22549602389335632,0.41253864318132394
bike,dune_bayes,2643,dispersion,0.2473767213523388,0.4169589728116989,0.647260558605194
bike,dune_bayes,2644,dispersion,0.19737471640110016,0.3477576822042465,0.5623381048440932
bike,dune_bayes,2645,dispersion,0.053824932128191,0.11590181291103363,0.26636896133422816
bike,dune_bayes,2646,dispersion,0.06604696288704873,0.147866353392601,0.3127555817365646
bike,dune_bayes,2647,dispersion,0.17523021697998048,0.31391994655132294,0.5227127909660338
bike,dune_bayes,2648,dispersion,0.06697115190327167,0.13986684381961823,0.2835796236991882
bike,dune_bayes,2649,dispersion,0.38235974311828613,0.6450539231300354,0.9904374122619629
bike,dune_bayes,2650,dispersion,0.35697461366653443,0.524620920419693,0.756413972377777
bike,dune_bayes,2651,dispersion,0.4475960671901703,0.6678650379180908,0.9067418962717055
bike,dune_bayes,2652,dispersion,0.7068069577217102,1.0087966918945312,1.367572623491287
bike,dune_bayes,2653,dispersion,0.22239405512809754,0.3542926460504532,0.573921075463295
bike,dune_bayes,2654,dispersion,0.17864355593919753,0.298984557390213,0.5192532986402512
bike,dune_bayes,2655,dispersion,0.261369389295578,0.4081791937351227,0.6241641551256178
bike,dune_bayes,2656,dispersion,0.6776693403720856,0.960480660200119,1.2853837788105
bike,dune_bayes,2657,dispersion,0.8777205139398575,1.205887496471405,1.6175107836723326
bike,dune_bayes,2658,dispersion,0.8933652758598327,1.3368902206420898,1.8741228342056269
bike,dune_bayes,2659,dispersion,0.9525170028209686,1.3039370775222778,1.7367539107799528
bike,dune_bayes,2660,dispersion,0.9525170028209686,1.3039370775222778,1.7367539107799528
bike,dune_bayes,2661,dispersion,0.8933652758598327,1.3368902206420898,1.8741228342056269
bike,dune_bayes,2662,dispersion,0.3813682943582535,0.5776830315589905,0.8015221923589706
bike,dune_bayes,2663,dispersion,0.17165825366973878,0.2922584116458893,0.5096627563238144
bike,dune_bayes,2664,dispersion,0.19925549402832984,0.32720641791820526,0.5515941321849822
bike,dune_bayes,2665,dispersion,0.4475960671901703,0.6678650379180908,0.9067418962717055
bike,dune_bayes,2666,dispersion,0.3102585896849632,0.4703741818666458,0.7015494853258132
bike,dune_bayes,2667,dispersion,0.26428248882293703,0.4238012284040451,0.6483423858880991
bike,dune_bayes,2668,dispersion,0.4255297854542732,0.6144903004169464,0.8350501686334607
bike,dune_bayes,2669,dispersion,0.5951024234294892,0.8423455655574799,1.1078533351421356
bike,dune_bayes,2670,dispersion,0.5445243000984192,0.8387988805770874,1.1741116523742674
bike,dune_bayes,2671,dispersion,0.408829128742218,0.6698612868785858,0.9790196150541305
bike,dune_bayes,2672,dispersion,0.408829128742218,0.6698612868785858,0.9790196150541305
bike,dune_bayes,2673,dispersion,0.3496131390333176,0.5882620811462402,0.8935141295194625
bike,dune_bayes,2674,dispersion,0.3306087777018547,0.5061114430427551,0.7348186105489729
bike,dune_bayes,2675,dispersion,0.2320374831557274,0.4047164022922516,0.6833174765110015
bike,dune_bayes,2676,dispersion,0.4289412453770638,0.6673137545585632,1.004285055398941
bike,dune_bayes,2677,dispersion,0.4419063329696655,0.7420684695243835,1.1547192573547362
bike,dune_bayes,2678,dispersion,0.6230398476123811,0.9680295288562775,1.4415142357349395
bike,dune_bayes,2679,dispersion,0.5017687886953354,0.8825245797634125,1.393512386083603
bike,dune_bayes,2680,dispersion,0.10693271830677986,0.21462398022413254,0.4050436332821845
bike,dune_bayes,2681,dispersion,0.5141355186700821,0.8242854177951813,1.2461859822273254
bike,dune_bayes,2682,dispersion,0.5052091598510742,0.8419537544250488,1.2896653592586516
bike,dune_bayes,2683,dispersion,0.5198941469192505,0.8197744786739349,1.2387517273426054
bike,dune_bayes,2684,dispersion,0.801696440577507,1.1332272291183472,1.539674240350723
bike,dune_bayes,2685,dispersion,0.5311309516429902,0.77256840467453,1.053856766223907
bike,dune_bayes,2686,dispersion,0.4292191296815872,0.6337838172912598,0.8733463913202286
bike,dune_bayes,2687,dispersion,0.19205067306756976,0.30917899310588837,0.5177745848894116
bike,dune_bayes,2688,dispersion,0.29359822869300845,0.5954359471797943,1.0989643037319183
bike,dune_bayes,2689,dispersion,0.5562272936105729,0.8823308348655701,1.269215726852417
bike,dune_bayes,2690,dispersion,0.17980596944689753,0.33694835007190704,0.5739613592624664
bike,dune_bayes,2691,dispersion,0.35509648770093916,0.5348559021949768,0.7571276813745498
bike,dune_bayes,2692,dispersion,0.39952102601528167,0.615593284368515,0.8557393491268155
bike,dune_bayes,2693,dispersion,0.09689590036869049,0.18085164576768875,0.3707666724920272
bike,dune_bayes,2694,dispersion,0.6037893712520599,0.8554820418357849,1.1545936226844782
bike,dune_bayes,2695,dispersion,0.5696931719779968,0.8030525743961334,1.0706270217895506
bike,dune_bayes,2696,dispersion,0.1957123227417469,0.3330415040254593,0.5339547157287592
bike,dune_bayes,2697,dispersion,0.19922471418976784,0.34512753784656525,0.5481290727853768
bike,dune_bayes,2698,dispersion,0.8153187602758407,1.192655861377716,1.6251383066177365
bike,dune_bayes,2699,dispersion,0.8968834221363068,1.2824389934539795,1.750439614057541
bike,dune_bayes,2700,dispersion,0.9049922674894333,1.2392573356628418,1.6591358482837677
bike,dune_bayes,2701,dispersion,0.758622881770134,1.0623159408569336,1.4319969356060025
bike,dune_bayes,2702,dispersion,0.698001715540886,1.128707766532898,1.67846160531044
bike,dune_bayes,2703,dispersion,0.8241302967071533,1.1747781038284302,1.6049010992050166
bike,dune_bayes,2704,dispersion,0.9448152035474777,1.2593855261802673,1.64462109208107
bike,dune_bayes,2705,dispersion,0.8640784353017807,1.2107150554656982,1.620992761850356
bike,dune_bayes,2706,dispersion,0.6660236686468124,1.024843454360962,1.4217472970485683
bike,dune_bayes,2707,dispersion,0.7099794954061508,1.095962941646576,1.534437882900238
bike,dune_bayes,2708,dispersion,0.7611096352338791,1.1233423352241516,1.581139451265335
bike,dune_bayes,2709,dispersion,0.7560960710048675,1.1434954404830933,1.6563485741615294
bike,dune_bayes,2710,dispersion,0.6515582889318466,1.050844669342041,1.5371976375579832
bike,dune_bayes,2711,dispersion,0.5239196836948394,0.8690814673900604,1.3107758939266203
bike,dune_bayes,2712,dispersion,0.48329242765903474,0.765392929315567,1.136603796482086
bike,dune_bayes,2713,dispersion,0.40435491353273395,0.6581544280052185,0.9705864667892455
bike,dune_bayes,2714,dispersion,0.40435491353273395,0.6581544280052185,0.9705864667892455
bike,dune_bayes,2715,dispersion,0.3841269820928574,0.5979923903942108,0.8756583631038662
bike,dune_bayes,2716,dispersion,0.5463480830192566,0.8821675181388855,1.319467657804489
bike,dune_bayes,2717,dispersion,0.9128096729516983,1.2775863409042358,1.7400131702423096
bike,dune_bayes,2718,dispersion,0.8486239075660705,1.227968156337738,1.6933482348918913
bike,dune_bayes,2719,dispersion,0.36153302937746046,0.542652040719986,0.7655865728855132
bike,dune_bayes,2720,dispersion,0.2445106364786625,0.40737365186214447,0.6095536321401596
bike,dune_bayes,2721,dispersion,0.2106075704097748,0.3595343232154846,0.5749278575181961
bike,dune_bayes,2722,dispersion,0.42322371900081635,0.6226280629634857,0.8674597024917602
bike,dune_bayes,2723,dispersion,0.5629038840532303,0.8094023168087006,1.1067118525505064
bike,dune_bayes,2724,dispersion,0.2254265733063221,0.41570453345775604,0.6643275678157805
bike,dune_bayes,2725,dispersion,0.26417189836502075,0.413899227976799,0.6553523898124693
bike,dune_bayes,2726,dispersion,0.22631365209817886,0.3755325525999069,0.6186381101608275
bike,dune_bayes,2727,dispersion,0.5461698651313782,0.7544183135032654,1.0002943456172941
bike,dune_bayes,2728,dispersion,0.6779399275779724,0.9193425178527832,1.1564001202583312
bike,dune_bayes,2729,dispersion,0.21363715305924416,0.3978714346885681,0.6686195403337473
bike,dune_bayes,2730,dispersion,0.19703475162386894,0.34475670754909515,0.5782414406538008
bike,dune_bayes,2731,dispersion,0.1759711556136608,0.3377995193004608,0.5859637916088095
bike,dune_bayes,2732,dispersion,0.7989357024431228,1.0623014569282532,1.3725193083286282
bike,dune_bayes,2733,dispersion,0.5432998239994049,0.7972071170806885,1.0857293546199798
bike,dune_bayes,2734,dispersion,0.24421900361776352,0.3823036253452301,0.5994089514017104
bike,dune_bayes,2735,dispersion,0.7192332804203033,1.1294772028923035,1.5795551002025603
bike,dune_bayes,2736,dispersion,0.19264911487698555,0.359737828373909,0.6048509329557419
bike,dune_bayes,2737,dispersion,0.17055083736777307,0.29763734340667725,0.5302575975656507
bike,dune_bayes,2738,dispersion,0.18165044859051707,0.2954736202955246,0.5053350359201431
bike,dune_bayes,2739,dispersion,0.1646657720208168,0.2719332426786423,0.48159136772155753
bike,dune_bayes,2740,dispersion,0.3663481935858727,0.5670523047447205,0.7974375456571574
bike,dune_bayes,2741,dispersion,0.47063002586364744,0.7641288936138153,1.0992684364318848
bike,dune_bayes,2742,dispersion,0.09686572365462781,0.18789450079202652,0.36794092059135425
bike,dune_bayes,2743,dispersion,0.5149142771959305,0.7778449654579163,1.079659730195999
bike,dune_bayes,2744,dispersion,0.22727174386382104,0.39200033247470856,0.614872947335243
bike,dune_bayes,2745,dispersion,0.1585188053548336,0.2870168834924698,0.4940375104546546
bike,dune_bayes,2746,dispersion,0.12429435476660729,0.23476668447256088,0.44522313922643647
bike,dune_bayes,2747,dispersion,0.23787588924169542,0.40483005344867706,0.6395187258720396
bike,dune_bayes,2748,dispersion,0.45188579559326175,0.7086039483547211,1.0501771032810203
bike,dune_bayes,2749,dispersion,0.48329242765903474,0.765392929315567,1.136603796482086
bike,dune_bayes,2750,dispersion,0.7153251796960831,1.016683578491211,1.3757570445537561
bike,dune_bayes,2751,dispersion,0.7128820359706879,1.1075265407562256,1.5350781083106992
bike,dune_bayes,2752,dispersion,0.8415731698274612,1.2554357647895813,1.7454650938510894
bike,dune_bayes,2753,dispersion,0.3205835208296776,0.5034346282482147,0.7141193985939025
bike,dune_bayes,2754,dispersion,0.2840663194656372,0.49230337142944336,0.8306708186864851
bike,dune_bayes,2755,dispersion,0.6776693403720856,0.960480660200119,1.2853837788105
bike,dune_bayes,2756,dispersion,0.8772161215543747,1.2106943726539612,1.606490975618362
bike,dune_bayes,2757,dispersion,0.3717580646276474,0.6219730973243713,0.9338102877140044
bike,dune_bayes,2758,dispersion,0.43485058546066285,0.6443817317485809,0.8813990086317062
bike,dune_bayes,2759,dispersion,0.31493120044469836,0.4779542088508606,0.7309371203184127
bike,dune_bayes,2760,dispersion,0.8794466227293014,1.1915720105171204,1.5593682587146753
bike,dune_bayes,2761,dispersion,0.5653305143117905,0.8194927275180817,1.1216934978961943
bike,dune_bayes,2762,dispersion,0.7192332804203033,1.1294772028923035,1.5795551002025603
bike,dune_bayes,2763,dispersion,0.1571686640381813,0.2818554490804672,0.47121793925762173
bike,dune_bayes,2764,dispersion,0.6290872424840928,0.8821259140968323,1.1829748570919034
bike,dune_bayes,2765,dispersion,0.2628698706626892,0.4109886735677719,0.6225961327552793
bike,dune_bayes,2766,dispersion,0.17786283493041993,0.29278554022312164,0.5039425820112228
bike,dune_bayes,2767,dispersion,0.4343700915575027,0.6374516785144806,0.9132613092660904
bike,dune_bayes,2768,dispersion,0.6635300546884537,0.9655943512916565,1.3339402854442592
bike,dune_bayes,2769,dispersion,0.5322995394468307,0.8645755648612976,1.3201025843620295
bike,dune_bayes,2770,dispersion,0.49558776021003725,0.7937853932380676,1.1852074742317196
bike,dune_bayes,2771,dispersion,0.4303473711013794,0.6717835068702698,0.9930552512407301
bike,dune_bayes,2772,dispersion,0.11440248638391495,0.21612302958965302,0.39673727452754975
bike,dune_bayes,2773,dispersion,0.09394076727330686,0.18735816329717636,0.3730380564928051
bike,dune_bayes,2774,dispersion,0.14405268654227257,0.2674357742071152,0.5189881831407545
bike,dune_bayes,2775,dispersion,0.45566878020763396,0.7164005637168884,1.0759866774082183
bike,dune_bayes,2776,dispersion,0.07011638469994068,0.15274368226528168,0.3663674041628833
bike,dune_bayes,2777,dispersion,0.5080324202775955,0.8351781666278839,1.2763358712196349
bike,dune_bayes,2778,dispersion,0.7087972819805145,1.0174599885940552,1.3920945823192592
bike,dune_bayes,2779,dispersion,0.2013389401137829,0.37934574484825134,0.6332874178886412
bike,dune_bayes,2780,dispersion,0.7831126868724823,1.1165724992752075,1.519426143169403
bike,dune_bayes,2781,dispersion,0.5839726358652115,0.8341702222824097,1.1389642655849457
bike,dune_bayes,2782,dispersion,0.4292191296815872,0.6337838172912598,0.8733463913202286
bike,dune_bayes,2783,dispersion,0.5839726358652115,0.8341702222824097,1.1389642655849457
bike,dune_bayes,2784,dispersion,0.6631033182144165,0.9617420434951782,1.3053445577621454
bike,dune_bayes,2785,dispersion,0.760705754160881,1.1682366728782654,1.6468003511428828
bike,dune_bayes,2786,dispersion,0.760705754160881,1.1682366728782654,1.6468003511428828
bike,dune_bayes,2787,dispersion,0.7860137581825256,1.1037805080413818,1.5064758896827697
bike,dune_bayes,2788,dispersion,0.47063002586364744,0.7641288936138153,1.0992684364318848
bike,dune_bayes,2789,dispersion,0.26071033626794815,0.46384239196777344,0.7314189583063124
bike,dune_bayes,2790,dispersion,0.17841437160968782,0.2958906441926956,0.503007400035858
bike,dune_bayes,2791,dispersion,0.22496750354766848,0.35523995757102966,0.5779884696006773
bike,dune_bayes,2792,dispersion,0.31643234342336657,0.4870634526014328,0.7084648936986923
bike,dune_bayes,2793,dispersion,0.5146091133356094,0.7350777983665466,1.0018408238887786
bike,dune_bayes,2794,dispersion,0.8566638827323914,1.2026976346969604,1.63997403383255
bike,dune_bayes,2795,dispersion,0.1390586592257023,0.23888616263866425,0.42301309257745734
bike,dune_bayes,2796,dispersion,0.7023293375968933,0.9676287770271301,1.231733053922653
bike,dune_bayes,2797,dispersion,0.5962279468774796,0.8416743576526642,1.145258629322052
bike,dune_bayes,2798,dispersion,0.700082728266716,0.9859367311000824,1.3089089453220357
bike,dune_bayes,2799,dispersion,0.6921611100435257,1.045192837715149,1.477022188901901
bike,dune_bayes,2800,dispersion,0.8933652758598327,1.3368902206420898,1.8741228342056269
bike,dune_bayes,2801,dispersion,0.30862137377262117,0.5014336109161377,0.802351740002632
bike,dune_bayes,2802,dispersion,0.6684385120868683,1.0469191670417786,1.5454621851444243
bike,dune_bayes,2803,dispersion,0.5324438869953155,0.9317156374454498,1.4436500489711759
bike,dune_bayes,2804,dispersion,0.6550637871026993,1.0177497863769531,1.4863781213760372
bike,dune_bayes,2805,dispersion,0.6279449760913849,0.926925927400589,1.3391674757003778
bike,dune_bayes,2806,dispersion,0.4474730134010315,0.6680178642272949,0.9556284517049789
bike,dune_bayes,2807,dispersion,0.5176131039857864,0.7691981494426727,1.0967111349105831
bike,dune_bayes,2808,dispersion,0.26105284988880156,0.44022946059703827,0.6969206541776655
bike,dune_bayes,2809,dispersion,0.16433773413300515,0.29819197952747345,0.5337225645780561
bike,dune_bayes,2810,dispersion,0.3951887011528015,0.6692385375499725,1.0626953721046446
bike,dune_bayes,2811,dispersion,0.6714211940765381,0.9193351566791534,1.2107427537441253
bike,dune_bayes,2812,dispersion,0.7728772103786469,1.0396611094474792,1.371862959861755
bike,dune_bayes,2813,dispersion,0.3630963683128357,0.562345415353775,0.8033912032842634
bike,dune_bayes,2814,dispersion,0.1823713004589081,0.32446929812431335,0.5493310242891312
bike,dune_bayes,2815,dispersion,0.29070561528205874,0.4432770758867264,0.6836583554744716
bike,dune_bayes,2816,dispersion,0.45183907002210616,0.6494838893413544,0.8997407257556915
bike,dune_bayes,2817,dispersion,0.6776693403720856,0.960480660200119,1.2853837788105
bike,dune_bayes,2818,dispersion,0.2024434007704258,0.3229402005672455,0.5285256922245025
bike,dune_bayes,2819,dispersion,0.45183907002210616,0.6494838893413544,0.8997407257556915
bike,dune_bayes,2820,dispersion,0.5136711955070495,0.7229619920253754,0.9621015042066573
bike,dune_bayes,2821,dispersion,0.4906835019588471,0.7038802206516266,0.947152903676033
bike,dune_bayes,2822,dispersion,0.261369389295578,0.4081791937351227,0.6241641551256178
bike,dune_bayes,2823,dispersion,0.32705318033695224,0.48105689883232117,0.7068626344203947
bike,dune_bayes,2824,dispersion,0.7771866977214813,1.1729976534843445,1.5963261485099791
bike,dune_bayes,2825,dispersion,0.8060252726078033,1.0986912250518799,1.4162182092666624
bike,dune_bayes,2826,dispersion,0.17165825366973878,0.2922584116458893,0.5096627563238144
bike,dune_bayes,2827,dispersion,0.17091236189007758,0.28830982744693756,0.5032278597354889
bike,dune_bayes,2828,dispersion,0.18507013618946075,0.35380807518959045,0.6088011831045145
bike,dune_bayes,2829,dispersion,0.24261280968785287,0.4057752788066864,0.6348839223384856
bike,dune_bayes,2830,dispersion,0.9223086506128311,1.2277586460113525,1.596349704265594
bike,dune_bayes,2831,dispersion,0.29427781999111174,0.4863214045763016,0.7911106199026107
bike,dune_bayes,2832,dispersion,0.8777205139398575,1.205887496471405,1.6175107836723326
bike,dune_bayes,2833,dispersion,0.6618744879961014,1.0032863020896912,1.4157182931900023
bike,dune_bayes,2834,dispersion,0.17245062738657,0.3099171668291092,0.5418262869119644
bike,dune_bayes,2835,dispersion,0.14699569642543792,0.2678537517786026,0.4909747347235676
bike,dune_bayes,2836,dispersion,0.1459897540509701,0.26438622176647186,0.4843402311205855
bike,dune_bayes,2837,dispersion,0.22832576781511307,0.3901827037334442,0.6452221095561981
bike,dune_bayes,2838,dispersion,0.4880127713084221,0.8279479146003723,1.2719100296497343
bike,dune_bayes,2839,dispersion,0.6098202168941498,0.8819843828678131,1.2550539553165436
bike,dune_bayes,2840,dispersion,0.9965170294046403,1.3695411086082458,1.8124638915061948
bike,dune_bayes,2841,dispersion,0.9466698855161667,1.2614068388938904,1.626227080821991
bike,dune_bayes,2842,dispersion,0.7168759167194366,1.089416742324829,1.4977970421314235
bike,dune_bayes,2843,dispersion,0.7722002625465394,1.0499898195266724,1.3892459750175477
bike,dune_bayes,2844,dispersion,0.39252755492925645,0.5773839056491852,0.7983191817998885
bike,dune_bayes,2845,dispersion,0.3770053908228874,0.5441268384456635,0.7773976683616637
bike,dune_bayes,2846,dispersion,0.9128385365009308,1.1987188458442688,1.5417837262153624
bike,dune_bayes,2847,dispersion,0.9314952492713928,1.3695020079612732,1.8766477346420285
bike,dune_bayes,2848,dispersion,0.9371466457843781,1.314700961112976,1.7329633653163907
bike,dune_bayes,2849,dispersion,0.9456396222114564,1.2738075852394104,1.6574093997478485
bike,dune_bayes,2850,dispersion,0.9466698855161667,1.2614068388938904,1.626227080821991
bike,dune_bayes,2851,dispersion,0.2517311334609985,0.45890332758426666,0.7408208817243574
bike,dune_bayes,2852,dispersion,0.22336208522319795,0.41160763800144196,0.6852081000804897
bike,dune_bayes,2853,dispersion,0.3088674694299698,0.4653592109680176,0.7114349842071531
bike,dune_bayes,2854,dispersion,0.3825497984886169,0.5544645488262177,0.787717768549919
bike,dune_bayes,2855,dispersion,0.7771866977214813,1.1729976534843445,1.5963261485099791
bike,dune_bayes,2856,dispersion,0.7771866977214813,1.1729976534843445,1.5963261485099791
bike,dune_bayes,2857,dispersion,0.8661802679300309,1.2781833410263062,1.7573641300201415
bike,dune_bayes,2858,dispersion,0.5988541871309281,0.9272743761539459,1.2844586372375486
bike,dune_bayes,2859,dispersion,0.7516001701354981,1.152928113937378,1.5786208093166352
bike,dune_bayes,2860,dispersion,0.7771866977214813,1.1729976534843445,1.5963261485099791
bike,dune_bayes,2861,dispersion,0.8405259013175964,1.2426615953445435,1.7185622274875638
bike,dune_bayes,2862,dispersion,0.9055914551019669,1.3375930190086365,1.8434411227703087
bike,dune_bayes,2863,dispersion,0.9409954667091369,1.312472641468048,1.7305307507514953
bike,dune_bayes,2864,dispersion,0.8014297723770142,1.104248583316803,1.4874477267265318
bike,dune_bayes,2865,dispersion,0.30080039948225024,0.44848689436912537,0.6814754426479337
bike,dune_bayes,2866,dispersion,0.6890732944011688,1.0542854070663452,1.4538964509963985
bike,dune_bayes,2867,dispersion,0.9055914551019669,1.3375930190086365,1.8434411227703087
bike,dune_bayes,2868,dispersion,0.8405259013175964,1.2426615953445435,1.7185622274875638
bike,dune_bayes,2869,dispersion,0.32705318033695224,0.48105689883232117,0.7068626344203947
bike,dune_bayes,2870,dispersion,0.5648272693157196,0.7964539527893066,1.051317477226257
bike,dune_bayes,2871,dispersion,0.5367582678794861,0.8298738300800323,1.205803287029266
bike,dune_bayes,2872,dispersion,0.540255069732666,0.826736181974411,1.200502687692642
bike,dune_bayes,2873,dispersion,0.624880450963974,0.8943678438663483,1.278140217065811
bike,dune_bayes,2874,dispersion,0.5565977782011032,0.8464308679103851,1.198267769813537
bike,dune_bayes,2875,dispersion,0.2091517738997936,0.3794908821582794,0.6655673235654831
bike,dune_bayes,2876,dispersion,0.6906074702739715,1.0495905876159668,1.5006104648113243
bike,dune_bayes,2877,dispersion,0.6560011327266694,1.0450119972229004,1.4840018689632413
bike,dune_bayes,2878,dispersion,0.6906074702739715,1.0495905876159668,1.5006104648113243
bike,dune_bayes,2879,dispersion,0.41394004672765733,0.6888419389724731,1.0724765121936797
bike,dune_bayes,2880,dispersion,0.6881590932607651,1.089305579662323,1.6238997161388389
bike,dune_bayes,2881,dispersion,0.6798317015171051,1.0274044275283813,1.4816461384296413
bike,dune_bayes,2882,dispersion,0.7062323004007339,1.0831629037857056,1.5882521152496336
bike,dune_bayes,2883,dispersion,0.9055914551019669,1.3375930190086365,1.8434411227703087
bike,dune_bayes,2884,dispersion,0.9055914551019669,1.3375930190086365,1.8434411227703087
bike,dune_bayes,2885,dispersion,0.8762391656637192,1.2294670939445496,1.633979761600494
bike,dune_bayes,2886,dispersion,0.4312233701348305,0.6409581303596497,0.9039322137832639
bike,dune_bayes,2887,dispersion,0.17590530961751938,0.29115206003189087,0.5116153657436371
bike,dune_bayes,2888,dispersion,0.33450532555580137,0.5237842798233032,0.7641912549734114
bike,dune_bayes,2889,dispersion,0.7048435360193253,0.9680459499359131,1.2607105135917662
bike,dune_bayes,2890,dispersion,0.3364394247531891,0.5023648142814636,0.735872587561607
bike,dune_bayes,2891,dispersion,0.2319736085832119,0.4292465001344681,0.7054456830024718
bike,dune_bayes,2892,dispersion,0.24261280968785287,0.4057752788066864,0.6348839223384856
bike,dune_bayes,2893,dispersion,0.22657230570912362,0.37893763184547424,0.6134099841117856
bike,dune_bayes,2894,dispersion,0.487952321767807,0.6999784409999847,0.9540454864501953
bike,dune_bayes,2895,dispersion,0.7168759167194366,1.089416742324829,1.4977970421314235
bike,dune_bayes,2896,dispersion,0.6606015264987946,1.0074140429496765,1.3713732719421385
bike,dune_bayes,2897,dispersion,0.810946986079216,1.2043896317481995,1.6305629789829252
bike,dune_bayes,2898,dispersion,0.810946986079216,1.2043896317481995,1.6305629789829252
bike,dune_bayes,2899,dispersion,0.4658243656158447,0.7396172881126404,1.0573859930038452
bike,dune_bayes,2900,dispersion,0.28651503622531893,0.45263509452342987,0.677652159333229
bike,dune_bayes,2901,dispersion,0.4146023169159889,0.6020356714725494,0.8249155789613722
bike,dune_bayes,2902,dispersion,0.8358843922615051,1.1492188572883606,1.5313216805458068
bike,dune_bayes,2903,dispersion,0.9089884877204895,1.255575180053711,1.6882376849651337
bike,dune_bayes,2904,dispersion,0.9419653415679932,1.2821431159973145,1.698330533504486
bike,dune_bayes,2905,dispersion,0.6690588682889939,1.0585127472877502,1.4860124647617339
bike,dune_bayes,2906,dispersion,0.4322040930390358,0.6597487926483154,0.913887107372284
bike,dune_bayes,2907,dispersion,0.10362584516406059,0.18868552148342133,0.3709906935691833
bike,dune_bayes,2908,dispersion,0.12638929709792138,0.2309335321187973,0.424608863890171
bike,dune_bayes,2909,dispersion,0.48386942148208617,0.7380267381668091,1.0669422626495357
bike,dune_bayes,2910,dispersion,0.16357007324695588,0.33414871990680695,0.6095362335443494
bike,dune_bayes,2911,dispersion,0.16357007324695588,0.33414871990680695,0.6095362335443494
bike,dune_bayes,2912,dispersion,0.6922705352306366,1.1367673873901367,1.7528017640113829
bike,dune_bayes,2913,dispersion,0.6623302310705185,1.0727604031562805,1.6193315148353575
bike,dune_bayes,2914,dispersion,0.6164088547229767,1.0108848810195923,1.5371238172054287
bike,dune_bayes,2915,dispersion,0.5685891777276993,0.9726381897926331,1.5376388072967526
bike,dune_bayes,2916,dispersion,0.5017687886953354,0.8825245797634125,1.393512386083603
bike,dune_bayes,2917,dispersion,0.4797013744711876,0.7836262881755829,1.2042644202709198
bike,dune_bayes,2918,dispersion,0.5708367198705673,0.8963741660118103,1.3360284984111783
bike,dune_bayes,2919,dispersion,0.6648567855358124,1.1124891638755798,1.7325814962387083
bike,dune_bayes,2920,dispersion,0.6586593002080917,1.0478640794754028,1.5594994127750392
bike,dune_bayes,2921,dispersion,0.5628147423267365,0.9213998913764954,1.4127136468887325
bike,dune_bayes,2922,dispersion,0.40343823134899137,0.6373816728591919,0.938986212015152
bike,dune_bayes,2923,dispersion,0.8588414996862411,1.2973958253860474,1.8217701375484463
bike,dune_bayes,2924,dispersion,0.8550623267889023,1.2269737124443054,1.6817550003528592
bike,dune_bayes,2925,dispersion,0.5088276892900467,0.7721580564975739,1.1004390597343443
bike,dune_bayes,2926,dispersion,0.6768207281827927,1.0029280185699463,1.4013465583324427
bike,dune_bayes,2927,dispersion,0.49820087254047396,0.751966655254364,1.0610938787460327
bike,dune_bayes,2928,dispersion,0.2790172815322876,0.4596107751131058,0.6701797366142273
bike,dune_bayes,2929,dispersion,0.667772126197815,1.0791767239570618,1.5192650258541107
bike,dune_bayes,2930,dispersion,0.7769344717264175,1.1392714381217957,1.5700554251670835
bike,dune_bayes,2931,dispersion,0.9128096729516983,1.2775863409042358,1.7400131702423096
bike,dune_bayes,2932,dispersion,0.5238154113292695,0.7912866473197937,1.0872276127338407
bike,dune_bayes,2933,dispersion,0.9735540568828583,1.3481222987174988,1.7735382854938506
bike,dune_bayes,2934,dispersion,0.9409954667091369,1.312472641468048,1.7305307507514953
bike,dune_bayes,2935,dispersion,0.9271088182926178,1.3712925910949707,1.9046059310436245
bike,dune_bayes,2936,dispersion,0.9735540568828583,1.3481222987174988,1.7735382854938506
bike,dune_bayes,2937,dispersion,0.3152837246656418,0.4817829132080078,0.7235275775194168
bike,dune_bayes,2938,dispersion,0.3152837246656418,0.4817829132080078,0.7235275775194168
bike,dune_bayes,2939,dispersion,0.37996806651353837,0.588130921125412,0.860977479815483
bike,dune_bayes,2940,dispersion,0.8153187602758407,1.192655861377716,1.6251383066177365
bike,dune_bayes,2941,dispersion,0.5935628801584244,0.9723458886146545,1.424423712491989
bike,dune_bayes,2942,dispersion,0.635488086938858,1.0167235732078552,1.510154390335083
bike,dune_bayes,2943,dispersion,0.4872475370764732,0.7996004819869995,1.2063908815383908
bike,dune_bayes,2944,dispersion,0.14380870535969736,0.29436977207660675,0.6223494678735727
bike,dune_bayes,2945,dispersion,0.7563383668661118,1.1286901235580444,1.557870864868164
bike,dune_bayes,2946,dispersion,0.7906010121107101,1.1711260676383972,1.7077643036842343
bike,dune_bayes,2947,dispersion,0.6892216503620148,0.9741696119308472,1.3161139905452728
bike,dune_bayes,2948,dispersion,0.7117288678884506,1.0312334299087524,1.3900658905506131
bike,dune_bayes,2949,dispersion,0.21969316452741625,0.41194240748882294,0.7435483992099758
bike,dune_bayes,2950,dispersion,0.18850369229912758,0.327433317899704,0.5809531480073928
bike,dune_bayes,2951,dispersion,0.3209839627146721,0.49375584721565247,0.7605192035436629
bike,dune_bayes,2952,dispersion,0.7035675495862961,0.905285507440567,1.1122493743896484
bike,dune_bayes,2953,dispersion,0.588169950246811,0.8518534302711487,1.153250217437744
bike,dune_bayes,2954,dispersion,0.31897290498018266,0.5124996304512024,0.8474916577339171
bike,dune_bayes,2955,dispersion,0.3061165392398834,0.4675929844379425,0.7443815499544143
bike,dune_bayes,2956,dispersion,0.2844083234667778,0.44860006868839264,0.7518564611673354
bike,dune_bayes,2957,dispersion,0.332432696223259,0.5040523707866669,0.7939424753189084
bike,dune_bayes,2958,dispersion,0.3972312331199646,0.5794626474380493,0.8359778523445128
bike,dune_bayes,2959,dispersion,0.933242455124855,1.2186034321784973,1.5677723944187163
bike,dune_bayes,2960,dispersion,0.46655952632427217,0.7450883984565735,1.0514133870601652
bike,dune_bayes,2961,dispersion,0.3762187331914902,0.6200427711009979,0.9359933167695998
bike,dune_bayes,2962,dispersion,0.310152567923069,0.5034292042255402,0.7955366760492322
bike,dune_bayes,2963,dispersion,0.2647172421216965,0.4380144774913788,0.6989724785089491
bike,dune_bayes,2964,dispersion,0.3890565514564514,0.572992205619812,0.8189755111932753
bike,dune_bayes,2965,dispersion,0.6170372068881989,0.8278125524520874,1.035054016113281
bike,dune_bayes,2966,dispersion,0.7749055743217468,1.0241631865501404,1.3100006580352783
bike,dune_bayes,2967,dispersion,0.9292913287878036,1.2214245200157166,1.5702182829380036
bike,dune_bayes,2968,dispersion,0.9246405452489853,1.2274922728538513,1.5863644778728483
bike,dune_bayes,2969,dispersion,0.9246405452489853,1.2274922728538513,1.5863644778728483
bike,dune_bayes,2970,dispersion,0.7497606813907624,0.9768230319023132,1.228312224149704
bike,dune_bayes,2971,dispersion,0.29290249943733215,0.4556001126766205,0.703986757993698
bike,dune_bayes,2972,dispersion,0.6279613196849823,0.877546638250351,1.1377103328704832
bike,dune_bayes,2973,dispersion,0.2901164099574089,0.44010405242443085,0.6822080999612807
bike,dune_bayes,2974,dispersion,0.7390716463327408,0.9909435510635376,1.2773189485073089
bike,dune_bayes,2975,dispersion,0.912253949046135,1.2304591536521912,1.6040674388408656
bike,dune_bayes,2976,dispersion,0.912253949046135,1.2304591536521912,1.6040674388408656
bike,dune_bayes,2977,dispersion,0.8714922547340394,1.2710886597633362,1.7085345387458801
bike,dune_bayes,2978,dispersion,1.0081297874450683,1.4670065641403198,1.9762500464916228
bike,dune_bayes,2979,dispersion,0.5988541871309281,0.9272743761539459,1.2844586372375486
bike,dune_bayes,2980,dispersion,0.3130494549870491,0.4745555818080902,0.7150286763906478
bike,dune_bayes,2981,dispersion,0.3496131390333176,0.5882620811462402,0.8935141295194625
bike,dune_bayes,2982,dispersion,0.30320087522268296,0.4546557664871216,0.6934441834688186
bike,dune_bayes,2983,dispersion,0.23195252045989037,0.4015442430973053,0.725895407795906
bike,dune_bayes,2984,dispersion,0.20611058324575424,0.369291216135025,0.6894045203924178
bike,dune_bayes,2985,dispersion,0.5083346962928772,0.8057986795902252,1.209912222623825
bike,dune_bayes,2986,dispersion,0.5780231714248657,0.8932496905326843,1.3133905649185178
bike,dune_bayes,2987,dispersion,0.7038403719663621,1.064780056476593,1.5345146059989925
bike,dune_bayes,2988,dispersion,0.5746993362903595,0.8244341015815735,1.1133712828159332
bike,dune_bayes,2989,dispersion,0.2620293900370598,0.43324217200279236,0.7041154712438583
bike,dune_bayes,2990,dispersion,0.34019031971693037,0.526992678642273,0.8108956187963485
bike,dune_bayes,2991,dispersion,0.923446050286293,1.2266151309013367,1.5909440338611602
bike,dune_bayes,2992,dispersion,0.6779399275779724,0.9193425178527832,1.1564001202583312
bike,dune_bayes,2993,dispersion,0.8830853074789047,1.2296117544174194,1.628709656000137
bike,dune_bayes,2994,dispersion,0.8205673575401307,1.2097544074058533,1.6882018566131591
bike,dune_bayes,2995,dispersion,0.7262833327054978,1.1677080988883972,1.7259654164314266
bike,dune_bayes,2996,dispersion,0.4951964631676674,0.9505301713943481,1.5831177055835723
bike,dune_bayes,2997,dispersion,0.899413326382637,1.2827439904212952,1.7297780036926265
bike,dune_bayes,2998,dispersion,0.9833944022655488,1.3251429200172424,1.733595043420791
bike,dune_bayes,2999,dispersion,0.6810277312994003,0.943169116973877,1.2412406265735625
bike,dune_bayes,3000,dispersion,0.7263462632894516,0.9494502544403076,1.1798873126506804
bike,dune_bayes,3001,dispersion,0.7211407274007797,1.0319470763206482,1.3667088031768797
bike,dune_bayes,3002,dispersion,0.7263462632894516,0.9494502544403076,1.1798873126506804
bike,dune_bayes,3003,dispersion,0.6675716370344162,0.8830255270004272,1.0962612330913541
bike,dune_bayes,3004,dispersion,0.44527280032634736,0.6192747354507446,0.8608712911605835
bike,dune_bayes,3005,dispersion,0.8453278571367264,1.1265767812728882,1.4581012785434722
bike,dune_bayes,3006,dispersion,0.4322650790214539,0.6120250523090363,0.8473268687725063
bike,dune_bayes,3007,dispersion,0.7731912344694137,0.9919306635856628,1.2128762304782867
bike,dune_bayes,3008,dispersion,0.8857796519994736,1.2639862895011902,1.6995749890804286
bike,dune_bayes,3009,dispersion,0.5205172300338745,0.7109045386314392,0.9440824449062347
bike,dune_bayes,3010,dispersion,0.37724201530218127,0.563181459903717,0.8251298308372494
bike,dune_bayes,3011,dispersion,0.4132829397916794,0.5902782082557678,0.8298940867185592
bike,dune_bayes,3012,dispersion,0.8004678636789322,1.0473859906196594,1.306266963481903
bike,dune_bayes,3013,dispersion,0.8898268133401871,1.1559361219406128,1.4428850293159483
bike,dune_bayes,3014,dispersion,0.6809155911207199,1.0517555475234985,1.497794598340988
bike,dune_bayes,3015,dispersion,0.6959441274404525,1.067377507686615,1.4905770778656005
bike,dune_bayes,3016,dispersion,0.2518049202859402,0.42242568731307983,0.6875873744487762
bike,dune_bayes,3017,dispersion,0.3761076256632805,0.5847643911838531,0.8660576492547987
bike,dune_bayes,3018,dispersion,0.3523567333817482,0.5289869606494904,0.7776494085788723
bike,dune_bayes,3019,dispersion,0.38589427173137664,0.5964345633983612,0.9032441407442092
bike,dune_bayes,3020,dispersion,0.32659718245267866,0.5040095448493958,0.7591603547334669
bike,dune_bayes,3021,dispersion,0.3336266875267029,0.5071153342723846,0.7667068928480147
bike,dune_bayes,3022,dispersion,0.729494258761406,1.0680950284004211,1.4814685642719267
bike,dune_bayes,3023,dispersion,0.40943617969751356,0.6027697920799255,0.858822053670883
bike,dune_bayes,3024,dispersion,1.037826907634735,1.3716804385185242,1.7752720773220056
bike,dune_bayes,3025,dispersion,0.3859392300248146,0.5554579198360443,0.8323042690753932
bike,dune_bayes,3026,dispersion,0.4139766827225685,0.5779620409011841,0.8409661710262298
bike,dune_bayes,3027,dispersion,0.5346869707107544,0.7489110231399536,1.0078372597694396
bike,dune_bayes,3028,dispersion,0.5118821382522583,0.7354000806808472,1.0220544278621673
bike,dune_bayes,3029,dispersion,0.8292150348424911,1.1410046219825745,1.4657877266407013
bike,dune_bayes,3030,dispersion,0.4255297854542732,0.6144903004169464,0.8350501686334607
bike,dune_bayes,3031,dispersion,0.8823528796434402,1.2040183544158936,1.5552192270755767
bike,dune_bayes,3032,dispersion,0.9336242973804474,1.277762532234192,1.6724232196807862
bike,dune_bayes,3033,dispersion,0.7023293375968933,0.9676287770271301,1.231733053922653
bike,dune_bayes,3034,dispersion,0.8648115038871765,1.2070636749267578,1.6401944339275358
bike,dune_bayes,3035,dispersion,0.899413326382637,1.2827439904212952,1.7297780036926265
bike,dune_bayes,3036,dispersion,0.9508276969194412,1.311013400554657,1.7073441326618188
bike,dune_bayes,3037,dispersion,0.40866409689188005,0.5777857303619385,0.8133412718772884
bike,dune_bayes,3038,dispersion,0.4343752831220627,0.6333006620407104,0.8944097727537154
bike,dune_bayes,3039,dispersion,0.4635226234793663,0.6421697437763214,0.8908669888973236
bike,dune_bayes,3040,dispersion,0.5420529335737229,0.7324721813201904,0.9505100697278976
bike,dune_bayes,3041,dispersion,0.4987763077020645,0.7179268598556519,0.964002352952957
bike,dune_bayes,3042,dispersion,0.5761569261550903,0.7937973439693451,1.0506689965724945
bike,dune_bayes,3043,dispersion,0.24909911453723907,0.415541410446167,0.7091844081878661
bike,dune_bayes,3044,dispersion,0.27688718885183333,0.43943363428115845,0.7093274205923079
bike,dune_bayes,3045,dispersion,0.2902198866009712,0.4592960476875305,0.7323358505964279
bike,dune_bayes,3046,dispersion,0.49856517761945723,0.7942597568035126,1.1773724615573882
bike,dune_bayes,3047,dispersion,0.7451196759939194,1.0430107712745667,1.4683328509330749
bike,dune_bayes,3048,dispersion,1.0216316163539887,1.3417618870735168,1.7321176409721375
bike,dune_bayes,3049,dispersion,0.6076532065868377,0.897966593503952,1.2232196450233457
bike,dune_bayes,3050,dispersion,0.9446022778749467,1.2242815494537354,1.5372146844863892
bike,dune_bayes,3051,dispersion,0.9510385811328889,1.3421017527580261,1.8057525396347045
bike,dune_bayes,3052,dispersion,0.9992430120706558,1.3654115200042725,1.8033354580402372
bike,dune_bayes,3053,dispersion,1.0239446043968201,1.3604658246040344,1.7573927581310271
bike,dune_bayes,3054,dispersion,0.9844447940587997,1.3372337818145752,1.7667357146739957
bike,dune_bayes,3055,dispersion,0.661365932226181,0.9383999705314636,1.2512545347213735
bike,dune_bayes,3056,dispersion,0.5631052166223526,0.8801830112934113,1.234432107210159
bike,dune_bayes,3057,dispersion,0.7516001701354981,1.152928113937378,1.5786208093166352
bike,dune_bayes,3058,dispersion,0.8933652758598327,1.3368902206420898,1.8741228342056269
bike,dune_bayes,3059,dispersion,0.8772161215543747,1.2106943726539612,1.606490975618362
bike,dune_bayes,3060,dispersion,0.35991232842206955,0.5331701934337616,0.7839330494403838
bike,dune_bayes,3061,dispersion,0.7079269647598266,0.9590376913547516,1.2398228049278257
bike,dune_bayes,3062,dispersion,0.7413218080997467,1.1227681636810303,1.5290608286857603
bike,dune_bayes,3063,dispersion,0.43022546321153643,0.6184418499469757,0.8715738236904144
bike,dune_bayes,3064,dispersion,0.9505760818719864,1.3575121760368347,1.8261185705661773
bike,dune_bayes,3065,dispersion,0.8048980385065079,1.0624054074287415,1.3073700726032254
bike,dune_bayes,3066,dispersion,0.7345791131258012,1.040217638015747,1.4110588133335114
bike,dune_bayes,3067,dispersion,0.7827124297618866,1.10834401845932,1.5098316967487329
bike,dune_bayes,3068,dispersion,0.5495331883430481,0.8185268044471741,1.133102130889892
bike,dune_bayes,3069,dispersion,0.26219355314970016,0.4531969428062439,0.7701872438192366
bike,dune_bayes,3070,dispersion,0.3109402760863304,0.5070986449718475,0.8118115574121474
bike,dune_bayes,3071,dispersion,0.5343500405550003,0.7515808343887329,1.0207971990108484
bike,dune_bayes,3072,dispersion,0.726025664806366,1.0876965522766113,1.56907519698143
bike,dune_bayes,3073,dispersion,0.8290576487779617,1.1639769673347473,1.6110240340232846
bike,dune_bayes,3074,dispersion,0.8534041196107864,1.1921820044517517,1.630755352973938
bike,dune_bayes,3075,dispersion,0.8487595796585083,1.231140673160553,1.7105573117732995
bike,dune_bayes,3076,dispersion,0.8582261234521866,1.2157829999923706,1.6770772635936733
bike,dune_bayes,3077,dispersion,0.9078470528125763,1.316795825958252,1.8438686311244965
bike,dune_bayes,3078,dispersion,0.7463068276643753,1.0416285395622253,1.4014842152595515
bike,dune_bayes,3079,dispersion,0.6190040528774261,0.8691134750843048,1.1847178161144256
bike,dune_bayes,3080,dispersion,0.7772022634744644,1.0895885825157166,1.4803034424781798
bike,dune_bayes,3081,dispersion,1.1380879163742066,1.5477633476257324,2.0005061864852904
bike,dune_bayes,3082,dispersion,0.7816705137491227,0.9913691282272339,1.2137717783451074
bike,dune_bayes,3083,dispersion,0.9916671186685563,1.3275688290596008,1.7187270402908323
bike,dune_bayes,3084,dispersion,0.9994718164205552,1.2845029830932617,1.6220599293708802
bike,dune_bayes,3085,dispersion,0.49452242702245713,0.7718278169631958,1.0726570367813109
bike,dune_bayes,3086,dispersion,0.356405945122242,0.6020089685916901,0.9918647468090057
bike,dune_bayes,3087,dispersion,0.4761267647147179,0.6810084879398346,0.9555758446455002
bike,dune_bayes,3088,dispersion,0.3951452970504761,0.6025646924972534,0.8720316290855407
bike,dune_bayes,3089,dispersion,0.39917188584804536,0.6068480908870697,0.8712196052074429
bike,dune_bayes,3090,dispersion,0.4173895299434662,0.6121207773685455,0.8657418400049208
bike,dune_bayes,3091,dispersion,0.7960260003805161,1.0132603645324707,1.264139527082443
bike,dune_bayes,3092,dispersion,0.8948788821697236,1.1753735542297363,1.4830360531806945
bike,dune_bayes,3093,dispersion,1.1558376967906951,1.5662217736244202,2.027755630016327
bike,dune_bayes,3094,dispersion,0.3758611634373665,0.5551584661006927,0.8164538204669948
bike,dune_bayes,3095,dispersion,0.32514952272176745,0.5287310481071472,0.8693843573331833
bike,dune_bayes,3096,dispersion,0.37978255599737165,0.5802121460437775,0.895713847875595
bike,dune_bayes,3097,dispersion,0.30638933181762695,0.5108377635478973,0.7677414059638976
bike,dune_bayes,3098,dispersion,0.2965783283114433,0.467162162065506,0.7214066207408905
bike,dune_bayes,3099,dispersion,0.28208920955657957,0.45135074853897095,0.7114686310291289
bike,dune_bayes,3100,dispersion,0.30178129225969313,0.46198897063732147,0.7187806248664855
bike,dune_bayes,3101,dispersion,0.3110950022935867,0.489360511302948,0.7461004555225371
bike,dune_bayes,3102,dispersion,0.5411390155553818,0.7603155672550201,1.0220452606678008
bike,dune_bayes,3103,dispersion,0.782009768486023,1.07905775308609,1.4512345671653746
bike,dune_bayes,3104,dispersion,0.4455546483397484,0.6585659384727478,0.9059863060712811
bike,dune_bayes,3105,dispersion,0.19005172997713088,0.35274937748908997,0.6755627930164336
bike,dune_bayes,3106,dispersion,0.5554284304380417,0.7968616485595703,1.0683646619319915
bike,dune_bayes,3107,dispersion,0.874989315867424,1.1626142859458923,1.4500291049480438
bike,dune_bayes,3108,dispersion,0.874989315867424,1.1626142859458923,1.4500291049480438
bike,dune_bayes,3109,dispersion,0.7312170535326004,0.9662879407405853,1.2021422326564788
bike,dune_bayes,3110,dispersion,0.9867828518152237,1.2953532338142395,1.6415987849235534
bike,dune_bayes,3111,dispersion,0.6363544583320617,0.8553774356842041,1.0853086173534392
bike,dune_bayes,3112,dispersion,0.8862561851739884,1.1278496384620667,1.4256537675857544
bike,dune_bayes,3113,dispersion,0.8945308417081833,1.1649778485298157,1.4853129923343655
bike,dune_bayes,3114,dispersion,0.41616798043251035,0.6134546995162964,0.8976782947778699
bike,dune_bayes,3115,dispersion,0.4606538683176041,0.6423383057117462,0.8810867249965667
bike,dune_bayes,3116,dispersion,0.729494258761406,1.0680950284004211,1.4814685642719267
bike,dune_bayes,3117,dispersion,0.9789176791906357,1.4140681028366089,1.8996505558490744
bike,dune_bayes,3118,dispersion,0.6306469440460205,0.8608336746692657,1.0938461184501644
bike,dune_bayes,3119,dispersion,1.0178331315517426,1.344340980052948,1.716540044546127
bike,dune_bayes,3120,dispersion,1.0307359635829925,1.4030505418777466,1.8202966392040252
bike,dune_bayes,3121,dispersion,0.9853920847177505,1.3226912021636963,1.6820145070552825
bike,dune_bayes,3122,dispersion,0.9994718164205552,1.2845029830932617,1.6220599293708802
bike,dune_bayes,3123,dispersion,0.8436860471963883,1.0822146534919739,1.334393161535263
bike,dune_bayes,3124,dispersion,0.6115740686655045,0.803168922662735,1.0196868419647216
bike,dune_bayes,3125,dispersion,0.43802108466625217,0.6254463195800781,0.9048957347869871
bike,dune_bayes,3126,dispersion,0.665215814113617,0.8683962523937225,1.0941536009311674
bike,dune_bayes,3127,dispersion,0.7659449189901352,1.0460896492004395,1.3262345731258383
bike,dune_bayes,3128,dispersion,1.0047314584255218,1.35248464345932,1.757124257087707
bike,dune_bayes,3129,dispersion,0.5582679778337478,0.7766818404197693,1.031521886587143
bike,dune_bayes,3130,dispersion,0.9538320004940033,1.3582252860069275,1.8187428176403042
bike,dune_bayes,3131,dispersion,0.9845422118902206,1.3176411986351013,1.7121792554855346
bike,dune_bayes,3132,dispersion,1.0576853632926941,1.448433518409729,1.9017193078994747
bike,dune_bayes,3133,dispersion,0.8369455903768539,1.290342092514038,1.8296754539012907
bike,dune_bayes,3134,dispersion,0.32701214849948884,0.5045463442802429,0.7672781825065612
bike,dune_bayes,3135,dispersion,0.526985564827919,0.8009069561958313,1.2219822585582734
bike,dune_bayes,3136,dispersion,0.6215309470891952,0.8591504395008087,1.159019923210144
bike,dune_bayes,3137,dispersion,0.8129536300897598,1.13108491897583,1.5170552134513855
bike,dune_bayes,3138,dispersion,0.6037494778633118,0.9114591479301453,1.3571135520935056
bike,dune_bayes,3139,dispersion,0.3383382007479668,0.5191045701503754,0.778445017337799
bike,dune_bayes,3140,dispersion,0.28197755217552184,0.4461467117071152,0.696757847070694
bike,dune_bayes,3141,dispersion,0.7702804625034332,1.0355170965194702,1.3286592185497281
bike,dune_bayes,3142,dispersion,0.5797367751598358,0.881306916475296,1.2184966444969172
bike,dune_bayes,3143,dispersion,0.39175549745559696,0.6346720457077026,0.9511587500572203
bike,dune_bayes,3144,dispersion,0.35156175643205645,0.5398721992969513,0.8127176344394682
bike,dune_bayes,3145,dispersion,0.7939521878957748,1.0298070907592773,1.3247916281223295
bike,dune_bayes,3146,dispersion,0.6923577517271042,0.9231555163860321,1.1647034049034117
bike,dune_bayes,3147,dispersion,1.0724828481674193,1.4418376088142395,1.8791636824607847
bike,dune_bayes,3148,dispersion,1.009908252954483,1.3510544300079346,1.7573361098766327
bike,dune_bayes,3149,dispersion,0.9487139701843262,1.2377788424491882,1.6066291391849516
bike,dune_bayes,3150,dispersion,0.6602830559015274,0.9834751188755035,1.3426834881305694
bike,dune_bayes,3151,dispersion,0.32471998780965805,0.48777900636196136,0.7375778257846832
bike,dune_bayes,3152,dispersion,0.7681399673223496,0.9957870841026306,1.253014689683914
bike,dune_bayes,3153,dispersion,0.8452442497014999,1.1165595650672913,1.435334324836731
bike,dune_bayes,3154,dispersion,0.9845422118902206,1.3176411986351013,1.7121792554855346
bike,dune_bayes,3155,dispersion,0.9845422118902206,1.3176411986351013,1.7121792554855346
bike,dune_bayes,3156,dispersion,0.9926469057798386,1.4188223481178284,1.9061413645744323
bike,dune_bayes,3157,dispersion,1.0313944578170777,1.3769877552986145,1.8023185133934019
bike,dune_bayes,3158,dispersion,1.0145581424236298,1.3793007135391235,1.795194363594055
bike,dune_bayes,3159,dispersion,0.46706854104995726,0.739837646484375,1.0600432276725769
bike,dune_bayes,3160,dispersion,0.2173507735133171,0.35243530571460724,0.6009679675102233
bike,dune_bayes,3161,dispersion,0.3048967719078064,0.4809098541736603,0.740986368060112
bike,dune_bayes,3162,dispersion,0.7457865744829177,0.9941344261169434,1.272975116968155
bike,dune_bayes,3163,dispersion,1.045736825466156,1.3958765864372253,1.8086829543113707
bike,dune_bayes,3164,dispersion,1.0266231417655944,1.3386695981025696,1.7212992310523985
bike,dune_bayes,3165,dispersion,0.7429252862930298,0.9737005829811096,1.2463945865631103
bike,dune_bayes,3166,dispersion,0.8429273515939713,1.081229031085968,1.355448293685913
bike,dune_bayes,3167,dispersion,1.0427666902542114,1.4085456728935242,1.8378912925720212
bike,dune_bayes,3168,dispersion,1.026724773645401,1.422712504863739,1.8594881415367124
bike,dune_bayes,3169,dispersion,1.02261283993721,1.415313720703125,1.8587807834148404
bike,dune_bayes,3170,dispersion,0.9995713889598847,1.2893950939178467,1.6236742317676542
bike,dune_bayes,3171,dispersion,1.028921389579773,1.356843888759613,1.7299901604652401
bike,dune_bayes,3172,dispersion,0.821606719493866,1.1728224158287048,1.6142986774444577
bike,dune_bayes,3173,dispersion,0.821606719493866,1.1728224158287048,1.6142986774444577
bike,dune_bayes,3174,dispersion,0.7167410999536514,1.0309451222419739,1.39003729224205
bike,dune_bayes,3175,dispersion,0.6573821693658829,0.949784129858017,1.284846520423889
bike,dune_bayes,3176,dispersion,0.5269732534885406,0.7733663022518158,1.0760639309883115
bike,dune_bayes,3177,dispersion,0.6023186713457108,0.8533487617969513,1.1807599782943725
bike,dune_bayes,3178,dispersion,0.3194471403956413,0.5287719070911407,0.8415852695703503
bike,dune_bayes,3179,dispersion,0.3764190703630447,0.6375680565834045,1.0178968608379364
bike,dune_bayes,3180,dispersion,1.148898321390152,1.6151337623596191,2.1399635434150697
bike,dune_bayes,3181,dispersion,1.3061463713645936,1.7391586899757385,2.2413459420204163
bike,dune_bayes,3182,dispersion,1.342137336730957,1.796129286289215,2.3000565767288204
bike,dune_bayes,3183,dispersion,1.3143056690692902,1.7388387322425842,2.203929913043975
bike,dune_bayes,3184,dispersion,1.1552212476730346,1.5205938816070557,1.9279466927051543
bike,dune_bayes,3185,dispersion,0.5504524946212769,0.7447957694530487,0.9806985229253767
bike,dune_bayes,3186,dispersion,0.6312790483236312,0.8403683304786682,1.0744941174983977
bike,dune_bayes,3187,dispersion,0.6141515165567398,0.815866619348526,1.043814224004745
bike,dune_bayes,3188,dispersion,0.7540699124336243,1.0200773477554321,1.3309522449970244
bike,dune_bayes,3189,dispersion,0.742892250418663,1.0425426959991455,1.3693591058254242
bike,dune_bayes,3190,dispersion,0.86037457883358,1.1133037209510803,1.4079199790954589
bike,dune_bayes,3191,dispersion,0.570628446340561,0.7734212279319763,1.0165364027023314
bike,dune_bayes,3192,dispersion,1.0351520121097566,1.3518195748329163,1.7064459145069122
bike,dune_bayes,3193,dispersion,1.1684087932109832,1.5183515548706055,1.9068839669227595
bike,dune_bayes,3194,dispersion,0.36657005548477173,0.5908529758453369,0.9596785932779309
bike,dune_bayes,3195,dispersion,0.5490842461585999,0.7787951827049255,1.066062766313553
bike,dune_bayes,3196,dispersion,0.40378574281930923,0.6412308514118195,0.9494040071964264
bike,dune_bayes,3197,dispersion,0.3492147892713547,0.584141343832016,0.9226089715957639
bike,dune_bayes,3198,dispersion,0.46270247250795365,0.7017609179019928,0.9715444415807721
bike,dune_bayes,3199,dispersion,0.5428531646728516,0.8025354743003845,1.1176053702831268
bike,dune_bayes,3200,dispersion,0.9286033093929291,1.3224117159843445,1.7553187668323516
bike,dune_bayes,3201,dispersion,0.8108950763940811,1.1396477818489075,1.5379833340644835
bike,dune_bayes,3202,dispersion,0.3313274472951889,0.533896803855896,0.7875047981739043
bike,dune_bayes,3203,dispersion,0.3752160981297493,0.5921675562858582,0.865613943338394
bike,dune_bayes,3204,dispersion,0.535356056690216,0.8176067769527435,1.1606984734535213
bike,dune_bayes,3205,dispersion,0.8382675856351852,1.127914845943451,1.4842236459255218
bike,dune_bayes,3206,dispersion,0.8336371719837189,1.1460756659507751,1.4894479393959044
bike,dune_bayes,3207,dispersion,0.487411068379879,0.7098375260829926,0.9939004898071289
bike,dune_bayes,3208,dispersion,0.8815089762210846,1.1972573399543762,1.5634591579437254
bike,dune_bayes,3209,dispersion,1.0921582639217378,1.4998186826705933,1.9104870140552517
bike,dune_bayes,3210,dispersion,1.379067701101303,1.8015417456626892,2.262065017223358
bike,dune_bayes,3211,dispersion,0.6040627062320709,0.8679450154304504,1.1865021407604217
bike,dune_bayes,3212,dispersion,0.8269783645868302,1.117577075958252,1.4558547973632812
bike,dune_bayes,3213,dispersion,0.8145506888628006,1.1044732332229614,1.4550077855587
bike,dune_bayes,3214,dispersion,0.9789784789085388,1.296958327293396,1.6797546744346619
bike,dune_bayes,3215,dispersion,0.8267894387245178,1.147792100906372,1.542277985811233
bike,dune_bayes,3216,dispersion,0.7511570036411286,1.058582067489624,1.4470019638538358
bike,dune_bayes,3217,dispersion,0.7349468261003494,1.0434982776641846,1.467192393541336
bike,dune_bayes,3218,dispersion,0.8806398302316666,1.2232833504676819,1.6243354260921476
bike,dune_bayes,3219,dispersion,0.979748272895813,1.3187269568443298,1.7396323204040527
bike,dune_bayes,3220,dispersion,0.6456790566444397,0.9417454898357391,1.349858158826828
bike,dune_bayes,3221,dispersion,0.6222293734550476,0.8946729302406311,1.2425327479839325
bike,dune_bayes,3222,dispersion,1.004949337244034,1.3139402866363525,1.6771584331989287
bike,dune_bayes,3223,dispersion,0.6989569246768952,0.9772328436374664,1.301966047286987
bike,dune_bayes,3224,dispersion,0.5746015071868896,0.8591507971286774,1.1944242894649502
bike,dune_bayes,3225,dispersion,0.5179766595363617,0.7954244911670685,1.1828221201896667
bike,dune_bayes,3226,dispersion,0.45533969104290006,0.71927210688591,1.1190918743610379
bike,dune_bayes,3227,dispersion,0.2867977485060692,0.4988451600074768,0.88070692718029
bike,dune_bayes,3228,dispersion,0.34849736988544466,0.5623707175254822,0.9123692780733108
bike,dune_bayes,3229,dispersion,0.40261976718902587,0.6490958034992218,1.043540173768997
bike,dune_bayes,3230,dispersion,0.6456790566444397,0.9417454898357391,1.349858158826828
bike,dune_bayes,3231,dispersion,1.1515446722507476,1.5499699711799622,1.9569682419300072
bike,dune_bayes,3232,dispersion,0.3955021187663078,0.5961239337921143,0.9017581731081007
bike,dune_bayes,3233,dispersion,0.4056934788823128,0.5796239376068115,0.8456685692071915
bike,dune_bayes,3234,dispersion,0.43014596253633497,0.6178489923477173,0.8615946203470229
bike,dune_bayes,3235,dispersion,0.49837017953395846,0.704073965549469,0.970187684893608
bike,dune_bayes,3236,dispersion,0.4999821960926056,0.7163372039794922,0.9937231183052062
bike,dune_bayes,3237,dispersion,1.1908670246601105,1.7240743041038513,2.324283254146575
bike,dune_bayes,3238,dispersion,0.9522323280572891,1.4167524576187134,1.9702244043350219
bike,dune_bayes,3239,dispersion,0.5565353751182556,0.7944398820400238,1.1092200338840483
bike,dune_bayes,3240,dispersion,0.4447182402014732,0.7096269130706787,1.0889950215816497
bike,dune_bayes,3241,dispersion,1.0803828537464142,1.5557739734649658,2.1133827805519103
bike,dune_bayes,3242,dispersion,0.7334485203027725,1.0326083302497864,1.412374728918075
bike,dune_bayes,3243,dispersion,0.5901155650615693,0.815181314945221,1.0851481676101682
bike,dune_bayes,3244,dispersion,0.650182557106018,0.8935069441795349,1.1844575941562652
bike,dune_bayes,3245,dispersion,0.8163182675838471,1.129211187362671,1.534708297252655
bike,dune_bayes,3246,dispersion,0.7126312613487243,0.9800893366336823,1.3460665225982664
bike,dune_bayes,3247,dispersion,0.4575056105852127,0.6850001513957977,0.9677031457424159
bike,dune_bayes,3248,dispersion,0.544160482287407,0.780593603849411,1.0582122445106505
bike,dune_bayes,3249,dispersion,0.6923118770122528,1.0124877095222473,1.3907972276210785
bike,dune_bayes,3250,dispersion,0.6892216503620148,0.9741696119308472,1.3161139905452728
bike,dune_bayes,3251,dispersion,0.9805796623229981,1.4127029776573181,1.8870531022548676
bike,dune_bayes,3252,dispersion,0.6888044953346253,0.9286803007125854,1.2508692800998686
bike,dune_bayes,3253,dispersion,0.8806398302316666,1.2232833504676819,1.6243354260921476
bike,dune_bayes,3254,dispersion,1.2224473416805268,1.5775931477546692,1.9967325925827024
bike,dune_bayes,3255,dispersion,1.227504849433899,1.5987666845321655,2.0149250864982604
bike,dune_bayes,3256,dispersion,0.543762868642807,0.7884394526481628,1.0916877210140228
bike,dune_bayes,3257,dispersion,0.7343258678913117,1.0191917419433594,1.333767575025558
bike,dune_bayes,3258,dispersion,0.954055568575859,1.2495957612991333,1.588377344608307
bike,dune_bayes,3259,dispersion,1.0136195600032807,1.3391416668891907,1.715082365274429
bike,dune_bayes,3260,dispersion,1.0216238439083098,1.383974850177765,1.7467225968837734
bike,dune_bayes,3261,dispersion,1.0351520121097566,1.3518195748329163,1.7064459145069122
bike,dune_bayes,3262,dispersion,1.0516698122024537,1.427838385105133,1.7994931697845453
bike,dune_bayes,3263,dispersion,0.9578161746263504,1.2807915210723877,1.6323647677898405
bike,dune_bayes,3264,dispersion,0.7045977264642715,0.9920861721038818,1.3262599706649778
bike,dune_bayes,3265,dispersion,0.5026546329259872,0.7188005149364471,0.9809823423624039
bike,dune_bayes,3266,dispersion,0.43331724852323533,0.6492720544338226,0.9374775499105452
bike,dune_bayes,3267,dispersion,0.5490842461585999,0.7787951827049255,1.066062766313553
bike,dune_bayes,3268,dispersion,0.7209162235260009,0.9841505885124207,1.3234833300113678
bike,dune_bayes,3269,dispersion,0.9215075999498368,1.2840505838394165,1.7092005252838134
bike,dune_bayes,3270,dispersion,0.3664150223135948,0.5800236463546753,0.8379587978124615
bike,dune_bayes,3271,dispersion,0.3251069888472557,0.5229386389255524,0.7815403968095779
bike,dune_bayes,3272,dispersion,0.648265078663826,0.9407595992088318,1.2977243602275845
bike,dune_bayes,3273,dispersion,0.9241400629281998,1.2811251282691956,1.7256471216678617
bike,dune_bayes,3274,dispersion,0.7114668011665344,1.0173634886741638,1.3773295640945433
bike,dune_bayes,3275,dispersion,0.5582113236188888,0.8012696206569672,1.1109150707721709
bike,dune_bayes,3276,dispersion,0.42360942959785464,0.6319689154624939,0.9017925709486005
bike,dune_bayes,3277,dispersion,0.7144896298646927,0.9896560311317444,1.3166298866271966
bike,dune_bayes,3278,dispersion,0.7144896298646927,0.9896560311317444,1.3166298866271966
bike,dune_bayes,3279,dispersion,0.9280859082937241,1.1957963705062866,1.5010241925716399
bike,dune_bayes,3280,dispersion,0.9131843149662018,1.1833446621894836,1.5106220483779906
bike,dune_bayes,3281,dispersion,0.6224308013916016,0.8064456582069397,1.033951187133789
bike,dune_bayes,3282,dispersion,0.7087704926729202,0.9051030278205872,1.1419900059700008
bike,dune_bayes,3283,dispersion,0.7938281774520874,1.0394291281700134,1.3318341612815856
bike,dune_bayes,3284,dispersion,0.6483690947294235,0.9626955986022949,1.3401866793632504
bike,dune_bayes,3285,dispersion,0.9850385218858719,1.2516397833824158,1.5814943253993987
bike,dune_bayes,3286,dispersion,1.4086202740669251,1.8920640349388123,2.418368268013
bike,dune_bayes,3287,dispersion,1.4086202740669251,1.8920640349388123,2.418368268013
bike,dune_bayes,3288,dispersion,1.4603874921798705,1.9832531809806824,2.564557921886444
bike,dune_bayes,3289,dispersion,0.8217378348112107,1.196901023387909,1.6403917491436002
bike,dune_bayes,3290,dispersion,0.45607762932777407,0.635817676782608,0.8807397902011871
bike,dune_bayes,3291,dispersion,0.4252547636628151,0.6318072378635406,0.9112103283405303
bike,dune_bayes,3292,dispersion,0.4493985041975975,0.6638991236686707,0.9536858499050139
bike,dune_bayes,3293,dispersion,0.33722124844789503,0.5571706593036652,0.8373694598674774
bike,dune_bayes,3294,dispersion,0.2805433824658394,0.5084930658340454,0.840102145075798
bike,dune_bayes,3295,dispersion,0.28750396221876146,0.5142344236373901,0.846351084113121
bike,dune_bayes,3296,dispersion,0.8675492465496063,1.2952210903167725,1.832829886674881
bike,dune_bayes,3297,dispersion,0.8511575311422348,1.2607895135879517,1.7812489092350006
bike,dune_bayes,3298,dispersion,1.4257577419281007,1.9041320085525513,2.3877020955085744
bike,dune_bayes,3299,dispersion,1.4294213891029357,2.0649592876434326,2.66130211353302
bike,dune_bayes,3300,dispersion,1.4294213891029357,2.0649592876434326,2.66130211353302
bike,dune_bayes,3301,dispersion,1.4294213891029357,2.0649592876434326,2.66130211353302
bike,dune_bayes,3302,dispersion,0.43153350204229357,0.7617548108100891,1.2516710996627802
bike,dune_bayes,3303,dispersion,0.5820633322000504,0.9070338904857635,1.2701345324516295
bike,dune_bayes,3304,dispersion,0.6042377591133118,0.934886634349823,1.3119357109069822
bike,dune_bayes,3305,dispersion,0.48786927461624147,0.7829849421977997,1.11782397031784
bike,dune_bayes,3306,dispersion,1.3303007662296296,1.9095476269721985,2.464885318279266
bike,dune_bayes,3307,dispersion,1.3303007662296296,1.9095476269721985,2.464885318279266
bike,dune_bayes,3308,dispersion,0.43331724852323533,0.6492720544338226,0.9374775499105452
bike,dune_bayes,3309,dispersion,0.4317510724067688,0.6519945561885834,0.9582099825143813
bike,dune_bayes,3310,dispersion,1.1168983578681946,1.4499083161354065,1.825004869699478
bike,dune_bayes,3311,dispersion,1.2798120021820067,1.6961122751235962,2.168088436126708
bike,dune_bayes,3312,dispersion,1.2488553464412688,1.6427692770957947,2.091429936885833
bike,dune_bayes,3313,dispersion,1.046636688709259,1.5097328424453735,2.0251132130622858
bike,dune_bayes,3314,dispersion,1.2381641149520874,1.6672239899635315,2.149346148967743
bike,dune_bayes,3315,dispersion,1.160765039920807,1.5018863081932068,1.9009413361549377
bike,dune_bayes,3316,dispersion,0.9291756391525269,1.2680773735046387,1.6483214378356932
bike,dune_bayes,3317,dispersion,0.6202543526887894,0.8934972882270813,1.2128204584121705
bike,dune_bayes,3318,dispersion,0.48420951664447787,0.7460196912288666,1.1095098435878752
bike,dune_bayes,3319,dispersion,0.54401236474514,0.8083177506923676,1.1496195495128632
bike,dune_bayes,3320,dispersion,1.003004789352417,1.3894349336624146,1.8263202011585236
bike,dune_bayes,3321,dispersion,1.256151294708252,1.7114618420600891,2.162426257133484
bike,dune_bayes,3322,dispersion,1.3303007662296296,1.9095476269721985,2.464885318279266
bike,dune_bayes,3323,dispersion,1.0668790102005006,1.5541691184043884,2.074524390697479
bike,dune_bayes,3324,dispersion,1.0965376019477844,1.5090627670288086,1.910349267721176
bike,dune_bayes,3325,dispersion,0.4483622908592224,0.6724027991294861,0.9881092637777328
bike,dune_bayes,3326,dispersion,0.49811165630817417,0.7279896438121796,1.0111631095409392
bike,dune_bayes,3327,dispersion,1.2735981702804566,1.7180368304252625,2.1846369266510006
bike,dune_bayes,3328,dispersion,1.3310357689857484,1.7992706298828125,2.272345304489135
bike,dune_bayes,3329,dispersion,1.364193606376648,1.9713340997695923,2.55462098121643
bike,dune_bayes,3330,dispersion,0.6988708406686783,1.001711905002594,1.3516806423664092
bike,dune_bayes,3331,dispersion,0.992749172449112,1.4339309930801392,1.9079441606998442
bike,dune_bayes,3332,dispersion,1.1514241814613342,1.6454169154167175,2.2067613720893857
bike,dune_bayes,3333,dispersion,1.2473417937755584,1.81392240524292,2.4447457432746877
bike,dune_bayes,3334,dispersion,1.1383334338665008,1.6586305499076843,2.2668580651283263
bike,dune_bayes,3335,dispersion,0.8133220851421357,1.2026882767677307,1.706702584028244
bike,dune_bayes,3336,dispersion,0.6037494778633118,0.9114591479301453,1.3571135520935056
bike,dune_bayes,3337,dispersion,0.9119509607553482,1.298790156841278,1.7855229675769806
bike,dune_bayes,3338,dispersion,1.1997620046138764,1.8127015233039856,2.4997112035751328
bike,dune_bayes,3339,dispersion,1.075538444519043,1.627581000328064,2.2586492300033565
bike,dune_bayes,3340,dispersion,0.8534041196107864,1.1921820044517517,1.630755352973938
bike,dune_bayes,3341,dispersion,0.782009768486023,1.07905775308609,1.4512345671653746
bike,dune_bayes,3342,dispersion,1.0657267808914184,1.398027241230011,1.7836273670196532
bike,dune_bayes,3343,dispersion,1.0360273957252502,1.3303385376930237,1.6870570600032806
bike,dune_bayes,3344,dispersion,1.1565745174884796,1.712473750114441,2.284872674942016
bike,dune_bayes,3345,dispersion,1.1565745174884796,1.712473750114441,2.284872674942016
bike,dune_bayes,3346,dispersion,0.5761634081602097,0.8650338649749756,1.179527050256729
bike,dune_bayes,3347,dispersion,0.5438218206167221,0.7592552602291107,0.970867258310318
bike,dune_bayes,3348,dispersion,1.0841217756271362,1.4897817969322205,1.9540025949478148
bike,dune_bayes,3349,dispersion,1.0567396223545074,1.4311727285385132,1.8348452448844907
bike,dune_bayes,3350,dispersion,1.0399777233600616,1.388825237751007,1.8157949447631834
bike,dune_bayes,3351,dispersion,0.598561453819275,0.7892089188098907,1.0106066584587097
bike,dune_bayes,3352,dispersion,0.7079014748334884,0.9422125220298767,1.1871862232685086
bike,dune_bayes,3353,dispersion,0.8746995091438293,1.0977434515953064,1.3675385296344758
bike,dune_bayes,3354,dispersion,0.5814635872840881,0.899034321308136,1.2741412997245787
bike,dune_bayes,3355,dispersion,0.558800122141838,0.7435014545917511,0.9671189635992047
bike,dune_bayes,3356,dispersion,0.42260977178812026,0.607183426618576,0.8816921353340144
bike,dune_bayes,3357,dispersion,0.4203247785568237,0.5960184037685394,0.8634937822818756
bike,dune_bayes,3358,dispersion,0.2896171346306801,0.502757340669632,0.8920888185501096
bike,dune_bayes,3359,dispersion,0.4840746521949768,0.7697447240352631,1.1827748000621794
bike,dune_bayes,3360,dispersion,0.5212750166654587,0.8058021068572998,1.2292585551738737
bike,dune_bayes,3361,dispersion,0.6657306522130967,0.9746183454990387,1.3474484145641326
bike,dune_bayes,3362,dispersion,1.0921582639217378,1.4998186826705933,1.9104870140552517
bike,dune_bayes,3363,dispersion,1.0928488790988922,1.4837487936019897,1.8845377564430235
bike,dune_bayes,3364,dispersion,1.1768987834453584,1.5469309091567993,1.96025732755661
bike,dune_bayes,3365,dispersion,1.070195871591568,1.3922419548034668,1.737017226219177
bike,dune_bayes,3366,dispersion,1.11682950258255,1.4592269659042358,1.852510958909988
bike,dune_bayes,3367,dispersion,0.8653434723615646,1.2609238624572754,1.7018003046512602
bike,dune_bayes,3368,dispersion,1.0194535076618194,1.3330845832824707,1.6986916542053223
bike,dune_bayes,3369,dispersion,0.9239806503057479,1.3674026727676392,1.9328930020332336
bike,dune_bayes,3370,dispersion,0.8955313980579376,1.414864420890808,2.0296600341796873
bike,dune_bayes,3371,dispersion,0.8749734133481979,1.255881428718567,1.7042931675910944
bike,dune_bayes,3372,dispersion,0.903202211856842,1.3081668615341187,1.8001034796237945
bike,dune_bayes,3373,dispersion,0.8755388677120209,1.277503490447998,1.7906958937644957
bike,dune_bayes,3374,dispersion,0.8891726702451707,1.3171039819717407,1.8598232626914977
bike,dune_bayes,3375,dispersion,0.9557189822196961,1.382338523864746,1.909812432527542
bike,dune_bayes,3376,dispersion,0.9562471389770508,1.4252768158912659,2.023366284370422
bike,dune_bayes,3377,dispersion,0.9627828896045685,1.42970609664917,2.037549543380737
bike,dune_bayes,3378,dispersion,1.172508144378662,1.6722869277000427,2.2249596238136293
bike,dune_bayes,3379,dispersion,1.1438081860542297,1.6035795211791992,2.093840682506561
bike,dune_bayes,3380,dispersion,1.1248235404491425,1.5600921511650085,2.038755464553833
bike,dune_bayes,3381,dispersion,1.0272699773311615,1.4492654204368591,1.9257647931575774
bike,dune_bayes,3382,dispersion,1.0366291761398316,1.4355480670928955,1.9223449945449829
bike,dune_bayes,3383,dispersion,0.9969465792179107,1.3698392510414124,1.7760195672512054
bike,dune_bayes,3384,dispersion,0.7670635193586349,1.0733433365821838,1.3958649575710294
bike,dune_bayes,3385,dispersion,0.9650756061077118,1.3336269855499268,1.7345866560935974
bike,dune_bayes,3386,dispersion,0.7990861266851426,1.0958383083343506,1.438428521156311
bike,dune_bayes,3387,dispersion,0.7253892093896865,1.062360167503357,1.460465818643569
bike,dune_bayes,3388,dispersion,0.7248590528964997,0.9914929270744324,1.3109563708305358
bike,dune_bayes,3389,dispersion,0.8805987805128097,1.219262719154358,1.5733983993530274
bike,dune_bayes,3390,dispersion,0.6063314586877823,0.8821692168712616,1.2095405936241148
bike,dune_bayes,3391,dispersion,0.7912703812122345,1.0913372039794922,1.441636127233505
bike,dune_bayes,3392,dispersion,0.9086375266313553,1.2345576882362366,1.6198108553886412
bike,dune_bayes,3393,dispersion,1.0770681023597717,1.4432955384254456,1.8385295569896698
bike,dune_bayes,3394,dispersion,0.5314829230308533,0.7773422598838806,1.093841230869293
bike,dune_bayes,3395,dispersion,0.4899837300181389,0.7166100442409515,1.017616730928421
bike,dune_bayes,3396,dispersion,0.5384278863668441,0.8054672181606293,1.1445277869701385
bike,dune_bayes,3397,dispersion,0.5925256133079528,0.8811070919036865,1.240764856338501
bike,dune_bayes,3398,dispersion,1.256151294708252,1.7114618420600891,2.162426257133484
bike,dune_bayes,3399,dispersion,1.4114109396934509,1.8550561666488647,2.3616246938705445
bike,dune_bayes,3400,dispersion,1.0132453382015227,1.310979962348938,1.6534774899482727
bike,dune_bayes,3401,dispersion,0.6193456739187241,0.8616437911987305,1.1308516740798948
bike,dune_bayes,3402,dispersion,0.6988708406686783,1.001711905002594,1.3516806423664092
bike,dune_bayes,3403,dispersion,1.111090087890625,1.5683318376541138,2.100082719326019
bike,dune_bayes,3404,dispersion,0.6478688150644303,0.9899405837059021,1.4663252413272858
bike,dune_bayes,3405,dispersion,0.986138927936554,1.4299466013908386,1.9906312346458432
bike,dune_bayes,3406,dispersion,0.9725786417722702,1.3822703957557678,1.8949487209320068
bike,dune_bayes,3407,dispersion,0.9733106464147567,1.49254310131073,2.082711827754974
bike,dune_bayes,3408,dispersion,0.8813613414764404,1.227751612663269,1.6871055722236634
bike,dune_bayes,3409,dispersion,0.8376274734735489,1.1502943634986877,1.5636357843875883
bike,dune_bayes,3410,dispersion,0.8426875054836274,1.1830507516860962,1.6094572901725768
bike,dune_bayes,3411,dispersion,0.9561838030815124,1.3921669125556946,1.929768449068069
bike,dune_bayes,3412,dispersion,0.8534041196107864,1.1921820044517517,1.630755352973938
bike,dune_bayes,3413,dispersion,1.1603347659111023,1.7317526936531067,2.324081802368164
bike,dune_bayes,3414,dispersion,1.076763665676117,1.5778945684432983,2.108241510391234
bike,dune_bayes,3415,dispersion,1.1018877804279328,1.5309335589408875,1.986596339941024
bike,dune_bayes,3416,dispersion,1.0881558418273927,1.469041347503662,1.906769174337387
bike,dune_bayes,3417,dispersion,1.0348253071308136,1.438346028327942,1.8846433639526365
bike,dune_bayes,3418,dispersion,1.0766151785850524,1.4979727268218994,1.95573536157608
bike,dune_bayes,3419,dispersion,1.0657267808914184,1.398027241230011,1.7836273670196532
bike,dune_bayes,3420,dispersion,1.1774343490600585,1.6299984455108643,2.124576413631439
bike,dune_bayes,3421,dispersion,0.4939051419496536,0.6733070611953735,0.907804548740387
bike,dune_bayes,3422,dispersion,1.0461070895195008,1.4362988471984863,1.8246497571468352
bike,dune_bayes,3423,dispersion,0.4927633225917816,0.7542089223861694,1.123239779472351
bike,dune_bayes,3424,dispersion,0.992749172449112,1.4339309930801392,1.9079441606998442
bike,dune_bayes,3425,dispersion,0.7729337632656097,1.026756763458252,1.340667766332626
bike,dune_bayes,3426,dispersion,0.6693436890840531,0.9085827469825745,1.1831029176712033
bike,dune_bayes,3427,dispersion,0.7628734976053237,1.2173906564712524,1.7288681626319877
bike,dune_bayes,3428,dispersion,0.9358652353286744,1.3860183358192444,1.889133763313293
bike,dune_bayes,3429,dispersion,0.5204651176929473,0.9251903593540192,1.4558916330337524
bike,dune_bayes,3430,dispersion,0.45472574383020403,0.7519956231117249,1.218628829717636
bike,dune_bayes,3431,dispersion,0.4466170996427536,0.7258054316043854,1.1879584074020386
bike,dune_bayes,3432,dispersion,0.623823556303978,0.9215682744979858,1.2864272296428678
bike,dune_bayes,3433,dispersion,0.4873455822467804,0.8205167949199677,1.2779285550117487
bike,dune_bayes,3434,dispersion,0.3791045233607292,0.7302135825157166,1.3238900959491722
bike,dune_bayes,3435,dispersion,0.6671010732650757,1.0323836207389832,1.4433606445789335
bike,dune_bayes,3436,dispersion,0.6671010732650757,1.0323836207389832,1.4433606445789335
bike,dune_bayes,3437,dispersion,0.7852883458137513,1.1520970463752747,1.550890481472015
bike,dune_bayes,3438,dispersion,0.3160050392150879,0.5440969467163086,0.8592296361923215
bike,dune_bayes,3439,dispersion,0.3521077916026116,0.591077446937561,0.8949583649635314
bike,dune_bayes,3440,dispersion,0.8598020076751709,1.3005346059799194,1.8804081618785853
bike,dune_bayes,3441,dispersion,1.3303007662296296,1.9095476269721985,2.464885318279266
bike,dune_bayes,3442,dispersion,1.402151894569397,1.985116183757782,2.561647689342499
bike,dune_bayes,3443,dispersion,1.1194425165653228,1.634602665901184,2.147037422657012
bike,dune_bayes,3444,dispersion,1.2538250148296357,1.8546407222747803,2.5585827112197874
bike,dune_bayes,3445,dispersion,1.097953462600708,1.6408340334892273,2.262314987182617
bike,dune_bayes,3446,dispersion,0.9521363317966461,1.3690205216407776,1.8779818534851072
bike,dune_bayes,3447,dispersion,0.36369202136993406,0.5737307965755463,0.8558194518089293
bike,dune_bayes,3448,dispersion,0.606542420387268,0.8757389187812805,1.1978732287883753
bike,dune_bayes,3449,dispersion,0.7687117516994476,1.0796440839767456,1.4518182277679441
bike,dune_bayes,3450,dispersion,1.5537051141262055,2.0988926887512207,2.695126640796661
bike,dune_bayes,3451,dispersion,1.309145164489746,1.822499930858612,2.4296980857849118
bike,dune_bayes,3452,dispersion,1.230899566411972,1.6871027946472168,2.203295302391052
bike,dune_bayes,3453,dispersion,1.2427863001823425,1.7024076581001282,2.213153052330017
bike,dune_bayes,3454,dispersion,1.494376975297928,1.9755986332893372,2.543583726882934
bike,dune_bayes,3455,dispersion,1.3192284643650054,1.7135090231895447,2.1561717152595516
bike,dune_bayes,3456,dispersion,0.7957217663526536,1.254412591457367,1.7941702544689178
bike,dune_bayes,3457,dispersion,0.5462726652622223,0.8887620568275452,1.3919786393642424
bike,dune_bayes,3458,dispersion,1.0868253469467164,1.4647834300994873,1.8673177361488338
bike,dune_bayes,3459,dispersion,1.0770681023597717,1.4432955384254456,1.8385295569896698
bike,dune_bayes,3460,dispersion,1.2638484597206117,1.6608396172523499,2.098966896533966
bike,dune_bayes,3461,dispersion,0.7121193528175354,1.0224932432174683,1.3716615438461301
bike,dune_bayes,3462,dispersion,1.1635078310966491,1.651615023612976,2.2240632891654966
bike,dune_bayes,3463,dispersion,1.1580615758895874,1.7180152535438538,2.3690806269645686
bike,dune_bayes,3464,dispersion,1.376048171520233,2.012883186340332,2.6990774869918814
bike,dune_bayes,3465,dispersion,1.2473417937755584,1.81392240524292,2.4447457432746877
bike,dune_bayes,3466,dispersion,0.7139918982982636,1.0272163152694702,1.3827168047428129
bike,dune_bayes,3467,dispersion,0.6061025351285935,0.9662192761898041,1.4328325688838957
bike,dune_bayes,3468,dispersion,0.6820638358592988,1.012719988822937,1.4021103680133817
bike,dune_bayes,3469,dispersion,0.5553270787000656,0.9279060959815979,1.4477919518947597
bike,dune_bayes,3470,dispersion,0.37265683263540267,0.7069677412509918,1.2867787182331085
bike,dune_bayes,3471,dispersion,0.4224580451846123,0.7394891977310181,1.2125665247440336
bike,dune_bayes,3472,dispersion,1.432258802652359,1.8810614347457886,2.3515308618545525
bike,dune_bayes,3473,dispersion,1.4412275075912475,1.8992774486541748,2.390743732452392
bike,dune_bayes,3474,dispersion,1.0340128302574159,1.3925108313560486,1.771859961748123
bike,dune_bayes,3475,dispersion,1.0340128302574159,1.3925108313560486,1.771859961748123
