dataset,model,observation,aleatoric,epistemic,total
bike,dune_bayes,0,8162.2431640625,12.176973342895508,8174.419921875
bike,dune_bayes,1,12146.1103515625,10.296940803527832,12156.4072265625
bike,dune_bayes,2,11195.90625,10.591146469116211,11206.4970703125
bike,dune_bayes,3,11607.73046875,10.476189613342285,11618.20703125
bike,dune_bayes,4,14507.3173828125,10.41682243347168,14517.734375
bike,dune_bayes,5,15119.8662109375,8.816320419311523,15128.6826171875
bike,dune_bayes,6,11291.099609375,10.353805541992188,11301.453125
bike,dune_bayes,7,17761.501953125,7.577038764953613,17769.078125
bike,dune_bayes,8,13156.6123046875,9.411214828491211,13166.0234375
bike,dune_bayes,9,10619.740234375,10.562405586242676,10630.302734375
bike,dune_bayes,10,23296.548828125,12.845765113830566,23309.39453125
bike,dune_bayes,11,24568.796875,12.318467140197754,24581.115234375
bike,dune_bayes,12,30687.9765625,13.141793251037598,30701.119140625
bike,dune_bayes,13,31083.787109375,10.981395721435547,31094.767578125
bike,dune_bayes,14,32799.3671875,12.311761856079102,32811.6796875
bike,dune_bayes,15,33180.640625,13.330998420715332,33193.97265625
bike,dune_bayes,16,27079.642578125,9.752570152282715,27089.39453125
bike,dune_bayes,17,30131.947265625,10.655160903930664,30142.6015625
bike,dune_bayes,18,30131.947265625,10.655160903930664,30142.6015625
bike,dune_bayes,19,11860.66796875,10.651463508605957,11871.3193359375
bike,dune_bayes,20,30719.150390625,11.323429107666016,30730.474609375
bike,dune_bayes,21,33290.296875,12.068397521972656,33302.3671875
bike,dune_bayes,22,31631.8046875,13.365447998046875,31645.169921875
bike,dune_bayes,23,32322.86328125,12.5475435256958,32335.41015625
bike,dune_bayes,24,33474.1953125,12.208601951599121,33486.40234375
bike,dune_bayes,25,27265.1796875,9.661700248718262,27274.841796875
bike,dune_bayes,26,32430.255859375,11.416548728942871,32441.671875
bike,dune_bayes,27,32416.447265625,11.567451477050781,32428.015625
bike,dune_bayes,28,33620.02734375,12.24454402923584,33632.2734375
bike,dune_bayes,29,32095.728515625,12.043204307556152,32107.771484375
bike,dune_bayes,30,28972.275390625,10.185500144958496,28982.4609375
bike,dune_bayes,31,15846.3076171875,9.42695140838623,15855.734375
bike,dune_bayes,32,15955.087890625,9.342107772827148,15964.4296875
bike,dune_bayes,33,30198.275390625,11.714914321899414,30209.990234375
bike,dune_bayes,34,32455.14453125,13.325407981872559,32468.470703125
bike,dune_bayes,35,34801.46484375,12.66655158996582,34814.1328125
bike,dune_bayes,36,36385.13671875,12.851324081420898,36397.98828125
bike,dune_bayes,37,34577.05859375,12.30081844329834,34589.359375
bike,dune_bayes,38,22869.35546875,10.108781814575195,22879.46484375
bike,dune_bayes,39,10245.6123046875,11.293679237365723,10256.90625
bike,dune_bayes,40,25756.279296875,12.857311248779297,25769.13671875
bike,dune_bayes,41,27639.50390625,15.606705665588379,27655.111328125
bike,dune_bayes,42,29679.03515625,13.753837585449219,29692.7890625
bike,dune_bayes,43,30129.607421875,14.28205394744873,30143.888671875
bike,dune_bayes,44,29775.572265625,14.167707443237305,29789.740234375
bike,dune_bayes,45,27140.236328125,14.419157028198242,27154.65625
bike,dune_bayes,46,27569.888671875,15.202754974365234,27585.091796875
bike,dune_bayes,47,27427.3046875,15.083465576171875,27442.388671875
bike,dune_bayes,48,27631.919921875,12.395487785339355,27644.314453125
bike,dune_bayes,49,26774.39453125,11.48084545135498,26785.875
bike,dune_bayes,50,32801.72265625,12.797511100769043,32814.51953125
bike,dune_bayes,51,33305.3984375,12.479388236999512,33317.87890625
bike,dune_bayes,52,34436.84375,12.285221099853516,34449.12890625
bike,dune_bayes,53,32415.736328125,11.425496101379395,32427.162109375
bike,dune_bayes,54,8472.396484375,11.690314292907715,8484.0869140625
bike,dune_bayes,55,6287.0029296875,12.433480262756348,6299.4365234375
bike,dune_bayes,56,6169.0791015625,12.398445129394531,6181.4775390625
bike,dune_bayes,57,26795.91015625,9.791994094848633,26805.703125
bike,dune_bayes,58,26296.783203125,11.327811241149902,26308.111328125
bike,dune_bayes,59,23678.16796875,10.569669723510742,23688.73828125
bike,dune_bayes,60,30720.30859375,11.201860427856445,30731.509765625
bike,dune_bayes,61,31083.787109375,10.981395721435547,31094.767578125
bike,dune_bayes,62,31168.5078125,13.255132675170898,31181.763671875
bike,dune_bayes,63,32622.74609375,12.270352363586426,32635.015625
bike,dune_bayes,64,29361.380859375,10.279367446899414,29371.66015625
bike,dune_bayes,65,11239.853515625,10.913506507873535,11250.7666015625
bike,dune_bayes,66,16221.5380859375,10.042490005493164,16231.5810546875
bike,dune_bayes,67,15422.978515625,9.769471168518066,15432.748046875
bike,dune_bayes,68,26949.97265625,9.708966255187988,26959.681640625
bike,dune_bayes,69,28936.75,10.915721893310547,28947.666015625
bike,dune_bayes,70,24678.681640625,9.363765716552734,24688.044921875
bike,dune_bayes,71,18165.64453125,9.961498260498047,18175.60546875
bike,dune_bayes,72,17065.01953125,9.599146842956543,17074.619140625
bike,dune_bayes,73,23775.947265625,12.316522598266602,23788.263671875
bike,dune_bayes,74,24497.904296875,11.968226432800293,24509.873046875
bike,dune_bayes,75,24394.69921875,11.900419235229492,24406.599609375
bike,dune_bayes,76,23558.359375,11.889984130859375,23570.25
bike,dune_bayes,77,24915.0078125,11.385762214660645,24926.39453125
bike,dune_bayes,78,21176.666015625,9.242057800292969,21185.908203125
bike,dune_bayes,79,21548.103515625,10.218118667602539,21558.322265625
bike,dune_bayes,80,23191.248046875,11.036596298217773,23202.28515625
bike,dune_bayes,81,25561.4921875,13.315013885498047,25574.806640625
bike,dune_bayes,82,28056.55078125,12.64574909210205,28069.197265625
bike,dune_bayes,83,26699.263671875,12.127984046936035,26711.392578125
bike,dune_bayes,84,28215.080078125,12.328571319580078,28227.408203125
bike,dune_bayes,85,27717.94921875,12.425440788269043,27730.375
bike,dune_bayes,86,25343.220703125,11.505084991455078,25354.7265625
bike,dune_bayes,87,26815.40234375,11.654459953308105,26827.056640625
bike,dune_bayes,88,25972.37109375,11.538249969482422,25983.91015625
bike,dune_bayes,89,24229.216796875,10.804614067077637,24240.021484375
bike,dune_bayes,90,5452.875,13.466682434082031,5466.341796875
bike,dune_bayes,91,6992.01904296875,12.648221015930176,7004.66748046875
bike,dune_bayes,92,8687.2041015625,11.449493408203125,8698.6533203125
bike,dune_bayes,93,9517.9609375,11.153216361999512,9529.1142578125
bike,dune_bayes,94,6859.14794921875,12.336379051208496,6871.484375
bike,dune_bayes,95,26451.349609375,9.114027976989746,26460.462890625
bike,dune_bayes,96,28366.314453125,9.815491676330566,28376.130859375
bike,dune_bayes,97,22645.955078125,8.679997444152832,22654.634765625
bike,dune_bayes,98,18927.328125,9.053850173950195,18936.3828125
bike,dune_bayes,99,29409.94921875,12.909222602844238,29422.859375
bike,dune_bayes,100,39792.80078125,14.097192764282227,39806.8984375
bike,dune_bayes,101,39157.62109375,14.589251518249512,39172.2109375
bike,dune_bayes,102,38564.51953125,13.652875900268555,38578.171875
bike,dune_bayes,103,37363.328125,14.055266380310059,37377.3828125
bike,dune_bayes,104,32305.6953125,14.498139381408691,32320.193359375
bike,dune_bayes,105,34502.62890625,13.52852725982666,34516.15625
bike,dune_bayes,106,34804.28125,13.897314071655273,34818.1796875
bike,dune_bayes,107,34226.359375,13.903069496154785,34240.26171875
bike,dune_bayes,108,23794.068359375,10.459053993225098,23804.52734375
bike,dune_bayes,109,23794.068359375,10.459053993225098,23804.52734375
bike,dune_bayes,110,19273.47265625,10.151840209960938,19283.625
bike,dune_bayes,111,23794.068359375,10.459053993225098,23804.52734375
bike,dune_bayes,112,24173.67578125,11.642967224121094,24185.318359375
bike,dune_bayes,113,28954.92578125,12.761465072631836,28967.6875
bike,dune_bayes,114,30947.71484375,15.142050743103027,30962.857421875
bike,dune_bayes,115,32571.30078125,13.997842788696289,32585.298828125
bike,dune_bayes,116,38640.76171875,12.893989562988281,38653.65625
bike,dune_bayes,117,36642.625,12.552152633666992,36655.17578125
bike,dune_bayes,118,40069.6015625,13.034321784973145,40082.63671875
bike,dune_bayes,119,33121.37109375,11.875262260437012,33133.24609375
bike,dune_bayes,120,30720.30859375,11.201860427856445,30731.509765625
bike,dune_bayes,121,15556.744140625,9.633777618408203,15566.3779296875
bike,dune_bayes,122,19274.6328125,8.480803489685059,19283.11328125
bike,dune_bayes,123,7038.24072265625,12.400054931640625,7050.640625
bike,dune_bayes,124,7038.24072265625,12.400054931640625,7050.640625
bike,dune_bayes,125,5611.94580078125,13.062766075134277,5625.0087890625
bike,dune_bayes,126,5611.94580078125,13.062766075134277,5625.0087890625
bike,dune_bayes,127,11798.41015625,10.512674331665039,11808.9228515625
bike,dune_bayes,128,6472.1904296875,12.294425010681152,6484.48486328125
bike,dune_bayes,129,6767.4189453125,12.403763771057129,6779.82275390625
bike,dune_bayes,130,9493.2841796875,11.483443260192871,9504.767578125
bike,dune_bayes,131,12508.6201171875,10.10165023803711,12518.7216796875
bike,dune_bayes,132,17111.9921875,9.489516258239746,17121.482421875
bike,dune_bayes,133,10451.0908203125,11.175048828125,10462.265625
bike,dune_bayes,134,7052.15576171875,12.7755765914917,7064.93115234375
bike,dune_bayes,135,3490.64404296875,14.111092567443848,3504.755126953125
bike,dune_bayes,136,10457.3681640625,11.272377014160156,10468.640625
bike,dune_bayes,137,22633.8515625,9.575687408447266,22643.427734375
bike,dune_bayes,138,21930.1796875,9.06831169128418,21939.248046875
bike,dune_bayes,139,21930.1796875,9.06831169128418,21939.248046875
bike,dune_bayes,140,16355.1669921875,8.826959609985352,16363.994140625
bike,dune_bayes,141,13332.251953125,9.758255958557129,13342.009765625
bike,dune_bayes,142,23690.779296875,9.015413284301758,23699.794921875
bike,dune_bayes,143,15438.9140625,10.224907875061035,15449.138671875
bike,dune_bayes,144,23822.447265625,9.555971145629883,23832.00390625
bike,dune_bayes,145,24129.587890625,9.218781471252441,24138.806640625
bike,dune_bayes,146,26529.927734375,9.652116775512695,26539.580078125
bike,dune_bayes,147,4326.89599609375,13.239466667175293,4340.13525390625
bike,dune_bayes,148,4326.89599609375,13.239466667175293,4340.13525390625
bike,dune_bayes,149,6767.4189453125,12.403763771057129,6779.82275390625
bike,dune_bayes,150,6935.02197265625,12.00418472290039,6947.0263671875
bike,dune_bayes,151,5581.8271484375,12.799924850463867,5594.626953125
bike,dune_bayes,152,5437.7841796875,12.518385887145996,5450.302734375
bike,dune_bayes,153,5437.7841796875,12.518385887145996,5450.302734375
bike,dune_bayes,154,5535.93408203125,12.556413650512695,5548.49072265625
bike,dune_bayes,155,5921.2451171875,12.31082534790039,5933.55615234375
bike,dune_bayes,156,5942.19287109375,12.37573528289795,5954.56884765625
bike,dune_bayes,157,18003.796875,8.173787117004395,18011.970703125
bike,dune_bayes,158,24983.927734375,10.266223907470703,24994.193359375
bike,dune_bayes,159,26914.720703125,12.9915189743042,26927.712890625
bike,dune_bayes,160,27544.783203125,12.791423797607422,27557.57421875
bike,dune_bayes,161,27592.115234375,13.020307540893555,27605.134765625
bike,dune_bayes,162,29391.072265625,11.761070251464844,29402.833984375
bike,dune_bayes,163,30980.271484375,11.85869026184082,30992.130859375
bike,dune_bayes,164,30564.0859375,13.367995262145996,30577.453125
bike,dune_bayes,165,33580.609375,12.371821403503418,33592.98046875
bike,dune_bayes,166,33797.390625,11.935073852539062,33809.32421875
bike,dune_bayes,167,20881.36328125,9.169112205505371,20890.533203125
bike,dune_bayes,168,8503.4033203125,11.61978816986084,8515.0234375
bike,dune_bayes,169,29415.09765625,10.340357780456543,29425.4375
bike,dune_bayes,170,23304.47265625,8.496325492858887,23312.96875
bike,dune_bayes,171,16356.9404296875,9.007184028625488,16365.947265625
bike,dune_bayes,172,10646.5703125,10.770027160644531,10657.3408203125
bike,dune_bayes,173,3342.5009765625,13.854212760925293,3356.355224609375
bike,dune_bayes,174,3693.526611328125,13.630494117736816,3707.1572265625
bike,dune_bayes,175,3591.846435546875,13.931130409240723,3605.777587890625
bike,dune_bayes,176,3591.846435546875,13.931130409240723,3605.777587890625
bike,dune_bayes,177,5893.02783203125,14.129014015197754,5907.15673828125
bike,dune_bayes,178,4410.15673828125,13.282909393310547,4423.439453125
bike,dune_bayes,179,13506.455078125,9.570202827453613,13516.025390625
bike,dune_bayes,180,15791.0283203125,10.050934791564941,15801.0791015625
bike,dune_bayes,181,16535.5234375,9.041549682617188,16544.564453125
bike,dune_bayes,182,24644.33984375,10.487567901611328,24654.828125
bike,dune_bayes,183,24644.33984375,10.487567901611328,24654.828125
bike,dune_bayes,184,16822.4296875,9.304706573486328,16831.734375
bike,dune_bayes,185,19803.626953125,8.78458309173584,19812.412109375
bike,dune_bayes,186,6767.4189453125,12.403763771057129,6779.82275390625
bike,dune_bayes,187,4636.14697265625,13.111745834350586,4649.2587890625
bike,dune_bayes,188,6407.18798828125,12.552830696105957,6419.74072265625
bike,dune_bayes,189,23198.45703125,7.780611991882324,23206.23828125
bike,dune_bayes,190,20668.67578125,7.333571910858154,20676.009765625
bike,dune_bayes,191,17929.244140625,8.527854919433594,17937.771484375
bike,dune_bayes,192,17929.244140625,8.527854919433594,17937.771484375
bike,dune_bayes,193,6365.587890625,12.086082458496094,6377.673828125
bike,dune_bayes,194,9951.8369140625,11.464730262756348,9963.3017578125
bike,dune_bayes,195,28529.48828125,13.401470184326172,28542.890625
bike,dune_bayes,196,32555.85546875,13.989130973815918,32569.84375
bike,dune_bayes,197,38053.6171875,14.560070991516113,38068.17578125
bike,dune_bayes,198,37974.62109375,14.339550018310547,37988.9609375
bike,dune_bayes,199,38564.51953125,13.652875900268555,38578.171875
bike,dune_bayes,200,37042.2890625,12.197120666503906,37054.484375
bike,dune_bayes,201,38181.04296875,12.764458656311035,38193.80859375
bike,dune_bayes,202,36130.9140625,14.025843620300293,36144.94140625
bike,dune_bayes,203,35996.0078125,14.125385284423828,36010.1328125
bike,dune_bayes,204,38345.59375,13.773419380187988,38359.3671875
bike,dune_bayes,205,36707.31640625,12.458414077758789,36719.7734375
bike,dune_bayes,206,29559.552734375,10.331539154052734,29569.884765625
bike,dune_bayes,207,33179.6484375,12.59583568572998,33192.24609375
bike,dune_bayes,208,35376.93359375,12.859090805053711,35389.79296875
bike,dune_bayes,209,35339.76953125,12.863151550292969,35352.6328125
bike,dune_bayes,210,35028.40625,12.716028213500977,35041.12109375
bike,dune_bayes,211,24064.787109375,8.903214454650879,24073.689453125
bike,dune_bayes,212,13454.6484375,10.318265914916992,13464.966796875
bike,dune_bayes,213,9895.8115234375,11.563350677490234,9907.375
bike,dune_bayes,214,3452.39892578125,13.941065788269043,3466.340087890625
bike,dune_bayes,215,6895.4580078125,12.626019477844238,6908.083984375
bike,dune_bayes,216,24897.98046875,13.650201797485352,24911.630859375
bike,dune_bayes,217,24154.546875,10.575439453125,24165.123046875
bike,dune_bayes,218,13604.296875,9.950174331665039,13614.2470703125
bike,dune_bayes,219,13647.673828125,9.953622817993164,13657.6279296875
bike,dune_bayes,220,22450.703125,13.280570983886719,22463.984375
bike,dune_bayes,221,23339.3203125,12.732010841369629,23352.052734375
bike,dune_bayes,222,24350.80078125,12.086669921875,24362.88671875
bike,dune_bayes,223,23720.771484375,11.821027755737305,23732.591796875
bike,dune_bayes,224,23585.779296875,11.458516120910645,23597.23828125
bike,dune_bayes,225,28456.005859375,11.71213150024414,28467.71875
bike,dune_bayes,226,25725.6796875,9.130301475524902,25734.810546875
bike,dune_bayes,227,27384.17578125,10.471303939819336,27394.646484375
bike,dune_bayes,228,28674.572265625,11.677577018737793,28686.25
bike,dune_bayes,229,27085.759765625,11.87233829498291,27097.6328125
bike,dune_bayes,230,26092.720703125,12.961459159851074,26105.681640625
bike,dune_bayes,231,28075.15625,14.745203971862793,28089.90234375
bike,dune_bayes,232,34087.44921875,13.694287300109863,34101.14453125
bike,dune_bayes,233,32431.8671875,12.78831672668457,32444.65625
bike,dune_bayes,234,32233.6875,12.61400318145752,32246.30078125
bike,dune_bayes,235,33475.13671875,12.01706314086914,33487.15234375
bike,dune_bayes,236,26470.509765625,9.649409294128418,26480.158203125
bike,dune_bayes,237,26508.052734375,9.364358901977539,26517.41796875
bike,dune_bayes,238,29533.388671875,12.886235237121582,29546.275390625
bike,dune_bayes,239,29283.5703125,11.975035667419434,29295.544921875
bike,dune_bayes,240,30337.41015625,11.85690689086914,30349.267578125
bike,dune_bayes,241,33738.76953125,11.184074401855469,33749.953125
bike,dune_bayes,242,26486.95703125,8.521377563476562,26495.478515625
bike,dune_bayes,243,35149.625,9.631590843200684,35159.2578125
bike,dune_bayes,244,32894.76171875,7.365444660186768,32902.12890625
bike,dune_bayes,245,32202.083984375,6.601323127746582,32208.685546875
bike,dune_bayes,246,35084.71875,6.395480155944824,35091.11328125
bike,dune_bayes,247,27446.0078125,6.344372272491455,27452.3515625
bike,dune_bayes,248,23113.55859375,7.204323768615723,23120.763671875
bike,dune_bayes,249,27751.82421875,6.150491237640381,27757.974609375
bike,dune_bayes,250,23769.251953125,6.917587757110596,23776.169921875
bike,dune_bayes,251,19177.46484375,8.14889907836914,19185.61328125
bike,dune_bayes,252,19291.87109375,8.093411445617676,19299.96484375
bike,dune_bayes,253,44832.22265625,12.549515724182129,44844.7734375
bike,dune_bayes,254,45512.70703125,12.372627258300781,45525.078125
bike,dune_bayes,255,28093.802734375,13.596673965454102,28107.3984375
bike,dune_bayes,256,23890.126953125,15.20687484741211,23905.333984375
bike,dune_bayes,257,25065.1796875,15.232063293457031,25080.412109375
bike,dune_bayes,258,25098.49609375,14.648953437805176,25113.14453125
bike,dune_bayes,259,23330.326171875,13.94090747833252,23344.267578125
bike,dune_bayes,260,24248.880859375,14.38090991973877,24263.26171875
bike,dune_bayes,261,24509.716796875,11.854180335998535,24521.5703125
bike,dune_bayes,262,18795.048828125,8.215571403503418,18803.263671875
bike,dune_bayes,263,23471.349609375,10.687725067138672,23482.037109375
bike,dune_bayes,264,20928.01171875,8.39692211151123,20936.408203125
bike,dune_bayes,265,11705.9873046875,10.17144775390625,11716.1591796875
bike,dune_bayes,266,10226.349609375,12.434309005737305,10238.7841796875
bike,dune_bayes,267,11667.2880859375,10.88992691040039,11678.177734375
bike,dune_bayes,268,26333.4765625,9.407093048095703,26342.8828125
bike,dune_bayes,269,30294.7265625,11.622823715209961,30306.349609375
bike,dune_bayes,270,33555.67578125,12.430509567260742,33568.10546875
bike,dune_bayes,271,33563.03515625,11.718289375305176,33574.75390625
bike,dune_bayes,272,33122.3203125,12.125969886779785,33134.4453125
bike,dune_bayes,273,30933.712890625,10.907731056213379,30944.62109375
bike,dune_bayes,274,26943.7734375,9.415377616882324,26953.189453125
bike,dune_bayes,275,15955.087890625,9.342107772827148,15964.4296875
bike,dune_bayes,276,15882.4033203125,9.360715866088867,15891.763671875
bike,dune_bayes,277,13712.470703125,9.910272598266602,13722.380859375
bike,dune_bayes,278,15604.4677734375,9.22905158996582,15613.697265625
bike,dune_bayes,279,23702.978515625,8.99372386932373,23711.97265625
bike,dune_bayes,280,26178.3359375,8.22173023223877,26186.55859375
bike,dune_bayes,281,8185.23388671875,11.431300163269043,8196.6650390625
bike,dune_bayes,282,30113.654296875,8.799589157104492,30122.453125
bike,dune_bayes,283,30637.548828125,13.187891960144043,30650.736328125
bike,dune_bayes,284,25521.19140625,13.10928726196289,25534.30078125
bike,dune_bayes,285,27920.4375,11.19351863861084,27931.630859375
bike,dune_bayes,286,19763.66796875,9.187695503234863,19772.85546875
bike,dune_bayes,287,19763.66796875,9.187695503234863,19772.85546875
bike,dune_bayes,288,23471.349609375,10.687725067138672,23482.037109375
bike,dune_bayes,289,22011.5703125,10.22325611114502,22021.79296875
bike,dune_bayes,290,20884.517578125,8.786937713623047,20893.3046875
bike,dune_bayes,291,7136.30517578125,12.202795028686523,7148.5078125
bike,dune_bayes,292,21590.376953125,7.097860813140869,21597.474609375
bike,dune_bayes,293,17251.69921875,9.752532958984375,17261.451171875
bike,dune_bayes,294,12173.599609375,10.803918838500977,12184.4033203125
bike,dune_bayes,295,12394.982421875,10.435288429260254,12405.41796875
bike,dune_bayes,296,16238.8681640625,11.79758358001709,16250.666015625
bike,dune_bayes,297,15970.2958984375,9.491462707519531,15979.787109375
bike,dune_bayes,298,16142.1650390625,9.1573486328125,16151.322265625
bike,dune_bayes,299,15970.2958984375,9.491462707519531,15979.787109375
bike,dune_bayes,300,11794.7060546875,10.472018241882324,11805.177734375
bike,dune_bayes,301,29082.548828125,13.413220405578613,29095.962890625
bike,dune_bayes,302,29011.03515625,13.731952667236328,29024.767578125
bike,dune_bayes,303,30179.1328125,15.081811904907227,30194.21484375
bike,dune_bayes,304,32314.880859375,14.822427749633789,32329.703125
bike,dune_bayes,305,37531.6484375,14.035778045654297,37545.68359375
bike,dune_bayes,306,34577.05859375,12.30081844329834,34589.359375
bike,dune_bayes,307,35361.10546875,12.505640029907227,35373.609375
bike,dune_bayes,308,22645.955078125,8.679997444152832,22654.634765625
bike,dune_bayes,309,27018.439453125,9.136351585388184,27027.576171875
bike,dune_bayes,310,13954.955078125,9.391084671020508,13964.345703125
bike,dune_bayes,311,8947.525390625,11.422719955444336,8958.9482421875
bike,dune_bayes,312,6347.43505859375,12.38882064819336,6359.82373046875
bike,dune_bayes,313,21017.279296875,6.840756416320801,21024.119140625
bike,dune_bayes,314,26329.16796875,6.798220634460449,26335.966796875
bike,dune_bayes,315,17177.2265625,8.861820220947266,17186.087890625
bike,dune_bayes,316,14043.4072265625,9.942111015319824,14053.349609375
bike,dune_bayes,317,11070.1962890625,11.555575370788574,11081.751953125
bike,dune_bayes,318,10167.0078125,11.546052932739258,10178.5537109375
bike,dune_bayes,319,14107.9921875,11.132331848144531,14119.125
bike,dune_bayes,320,6457.71923828125,12.690546035766602,6470.40966796875
bike,dune_bayes,321,5848.9169921875,13.360589981079102,5862.27734375
bike,dune_bayes,322,5347.25,14.647273063659668,5361.8974609375
bike,dune_bayes,323,9258.49609375,13.702484130859375,9272.1982421875
bike,dune_bayes,324,27998.82421875,12.520931243896484,28011.345703125
bike,dune_bayes,325,28591.33984375,13.057576179504395,28604.396484375
bike,dune_bayes,326,26333.4765625,9.407093048095703,26342.8828125
bike,dune_bayes,327,31737.64453125,11.51685905456543,31749.162109375
bike,dune_bayes,328,27739.453125,9.609539031982422,27749.0625
bike,dune_bayes,329,12526.1630859375,10.14298152923584,12536.3056640625
bike,dune_bayes,330,7378.037109375,11.806864738464355,7389.84375
bike,dune_bayes,331,9695.66015625,10.89588737487793,9706.5556640625
bike,dune_bayes,332,34196.7734375,13.308581352233887,34210.08203125
bike,dune_bayes,333,33070.625,13.517624855041504,33084.14453125
bike,dune_bayes,334,34224.55859375,12.63687515258789,34237.1953125
bike,dune_bayes,335,34535.3671875,12.39161491394043,34547.7578125
bike,dune_bayes,336,35225.46484375,12.174649238586426,35237.640625
bike,dune_bayes,337,35225.46484375,12.174649238586426,35237.640625
bike,dune_bayes,338,36321.85546875,12.002202987670898,36333.859375
bike,dune_bayes,339,34706.22265625,12.801274299621582,34719.0234375
bike,dune_bayes,340,7694.53515625,11.5672607421875,7706.1025390625
bike,dune_bayes,341,7694.53515625,11.5672607421875,7706.1025390625
bike,dune_bayes,342,16233.26953125,8.882683753967285,16242.15234375
bike,dune_bayes,343,26011.001953125,8.724515914916992,26019.7265625
bike,dune_bayes,344,26362.03515625,9.44038200378418,26371.474609375
bike,dune_bayes,345,19393.435546875,8.740026473999023,19402.17578125
bike,dune_bayes,346,16452.697265625,8.79269790649414,16461.490234375
bike,dune_bayes,347,16813.80078125,8.595613479614258,16822.396484375
bike,dune_bayes,348,21472.248046875,10.275895118713379,21482.5234375
bike,dune_bayes,349,24380.52734375,7.719398498535156,24388.24609375
bike,dune_bayes,350,20953.419921875,7.427212715148926,20960.84765625
bike,dune_bayes,351,12550.396484375,9.693863868713379,12560.0908203125
bike,dune_bayes,352,19459.31640625,7.379350185394287,19466.6953125
bike,dune_bayes,353,19100.455078125,7.409387111663818,19107.865234375
bike,dune_bayes,354,25025.03125,10.935161590576172,25035.966796875
bike,dune_bayes,355,25551.06640625,8.361675262451172,25559.427734375
bike,dune_bayes,356,25454.1796875,9.40485954284668,25463.583984375
bike,dune_bayes,357,28492.203125,10.90170955657959,28503.10546875
bike,dune_bayes,358,30452.78515625,10.614906311035156,30463.400390625
bike,dune_bayes,359,9531.7470703125,11.165736198425293,9542.9130859375
bike,dune_bayes,360,16167.060546875,9.003918647766113,16176.064453125
bike,dune_bayes,361,17294.564453125,8.789319038391113,17303.353515625
bike,dune_bayes,362,24802.66796875,7.800488471984863,24810.46875
bike,dune_bayes,363,27277.98046875,9.012396812438965,27286.9921875
bike,dune_bayes,364,17229.01953125,8.390852928161621,17237.41015625
bike,dune_bayes,365,5713.365234375,12.354610443115234,5725.7197265625
bike,dune_bayes,366,7482.1884765625,11.685367584228516,7493.8740234375
bike,dune_bayes,367,7498.73779296875,11.652595520019531,7510.390625
bike,dune_bayes,368,30145.45703125,7.248263359069824,30152.705078125
bike,dune_bayes,369,29632.412109375,8.44579792022705,29640.857421875
bike,dune_bayes,370,23756.724609375,6.438496112823486,23763.1640625
bike,dune_bayes,371,14142.6123046875,9.323665618896484,14151.935546875
bike,dune_bayes,372,37100.48828125,9.066072463989258,37109.5546875
bike,dune_bayes,373,37718.69140625,9.458796501159668,37728.1484375
bike,dune_bayes,374,24056.484375,6.427082061767578,24062.912109375
bike,dune_bayes,375,22243.337890625,6.761621952056885,22250.099609375
bike,dune_bayes,376,29634.86328125,5.867525577545166,29640.73046875
bike,dune_bayes,377,42057.6328125,9.494699478149414,42067.12890625
bike,dune_bayes,378,48934.84765625,11.252815246582031,48946.1015625
bike,dune_bayes,379,50126.8671875,10.44073486328125,50137.30859375
bike,dune_bayes,380,34656.796875,10.6364107131958,34667.43359375
bike,dune_bayes,381,34889.734375,10.26521110534668,34900.0
bike,dune_bayes,382,31988.044921875,11.060900688171387,31999.10546875
bike,dune_bayes,383,29812.84375,11.992636680603027,29824.8359375
bike,dune_bayes,384,25311.03515625,12.035204887390137,25323.0703125
bike,dune_bayes,385,27394.20703125,11.507493019104004,27405.71484375
bike,dune_bayes,386,24713.353515625,10.913799285888672,24724.267578125
bike,dune_bayes,387,20563.859375,10.024734497070312,20573.884765625
bike,dune_bayes,388,20465.103515625,9.275060653686523,20474.37890625
bike,dune_bayes,389,23585.779296875,11.458516120910645,23597.23828125
bike,dune_bayes,390,22358.68359375,11.658156394958496,22370.341796875
bike,dune_bayes,391,16993.7578125,9.03293228149414,17002.791015625
bike,dune_bayes,392,17118.1875,8.639594078063965,17126.826171875
bike,dune_bayes,393,17118.1875,8.639594078063965,17126.826171875
bike,dune_bayes,394,39271.8984375,6.264607906341553,39278.1640625
bike,dune_bayes,395,39613.28125,6.159878253936768,39619.44140625
bike,dune_bayes,396,43386.671875,7.659521579742432,43394.33203125
bike,dune_bayes,397,43067.36328125,6.273791790008545,43073.63671875
bike,dune_bayes,398,19411.5859375,9.307133674621582,19420.892578125
bike,dune_bayes,399,19043.609375,9.206958770751953,19052.81640625
bike,dune_bayes,400,15528.384765625,9.956063270568848,15538.3408203125
bike,dune_bayes,401,17262.4609375,8.878253936767578,17271.33984375
bike,dune_bayes,402,13759.8642578125,9.91471004486084,13769.779296875
bike,dune_bayes,403,37000.140625,9.09019947052002,37009.23046875
bike,dune_bayes,404,29843.89453125,7.358942031860352,29851.25390625
bike,dune_bayes,405,11722.87890625,10.32396125793457,11733.203125
bike,dune_bayes,406,12473.416015625,10.173681259155273,12483.58984375
bike,dune_bayes,407,10482.0576171875,10.680512428283691,10492.73828125
bike,dune_bayes,408,14201.818359375,9.502596855163574,14211.3212890625
bike,dune_bayes,409,18066.8359375,8.234162330627441,18075.0703125
bike,dune_bayes,410,6963.02392578125,13.009122848510742,6976.033203125
bike,dune_bayes,411,8180.22412109375,11.458956718444824,8191.68310546875
bike,dune_bayes,412,16674.30078125,8.630085945129395,16682.931640625
bike,dune_bayes,413,24082.048828125,9.430277824401855,24091.478515625
bike,dune_bayes,414,19274.6328125,8.480803489685059,19283.11328125
bike,dune_bayes,415,12121.5029296875,10.519338607788086,12132.0224609375
bike,dune_bayes,416,23217.26171875,9.744157791137695,23227.005859375
bike,dune_bayes,417,28622.15625,11.186426162719727,28633.341796875
bike,dune_bayes,418,28933.234375,12.607340812683105,28945.841796875
bike,dune_bayes,419,29888.994140625,12.636048316955566,29901.630859375
bike,dune_bayes,420,25175.33203125,12.88679027557373,25188.21875
bike,dune_bayes,421,25770.388671875,12.079028129577637,25782.466796875
bike,dune_bayes,422,24229.216796875,10.804614067077637,24240.021484375
bike,dune_bayes,423,26515.568359375,11.879005432128906,26527.447265625
bike,dune_bayes,424,25641.51953125,11.989537239074707,25653.509765625
bike,dune_bayes,425,24986.0390625,12.215975761413574,24998.255859375
bike,dune_bayes,426,24588.15234375,12.365912437438965,24600.517578125
bike,dune_bayes,427,24975.53125,12.293495178222656,24987.82421875
bike,dune_bayes,428,24737.216796875,11.605118751525879,24748.822265625
bike,dune_bayes,429,24043.498046875,12.027917861938477,24055.525390625
bike,dune_bayes,430,5344.21826171875,13.125770568847656,5357.34423828125
bike,dune_bayes,431,13518.8115234375,10.053399085998535,13528.865234375
bike,dune_bayes,432,24265.61328125,11.99026870727539,24277.603515625
bike,dune_bayes,433,25641.51953125,11.989537239074707,25653.509765625
bike,dune_bayes,434,33290.296875,12.068397521972656,33302.3671875
bike,dune_bayes,435,32585.68359375,13.298357009887695,32598.982421875
bike,dune_bayes,436,33814.96484375,12.513882637023926,33827.48046875
bike,dune_bayes,437,31854.484375,13.58891773223877,31868.07421875
bike,dune_bayes,438,32139.5234375,12.1470308303833,32151.669921875
bike,dune_bayes,439,26084.220703125,8.27027702331543,26092.490234375
bike,dune_bayes,440,32000.451171875,11.470758438110352,32011.921875
bike,dune_bayes,441,28366.314453125,9.815491676330566,28376.130859375
bike,dune_bayes,442,28018.861328125,10.086282730102539,28028.947265625
bike,dune_bayes,443,28611.923828125,9.935734748840332,28621.859375
bike,dune_bayes,444,28092.736328125,9.831659317016602,28102.568359375
bike,dune_bayes,445,5921.2451171875,12.31082534790039,5933.55615234375
bike,dune_bayes,446,5942.19287109375,12.37573528289795,5954.56884765625
bike,dune_bayes,447,5989.85009765625,12.699674606323242,6002.5498046875
bike,dune_bayes,448,6414.8359375,12.278800010681152,6427.11474609375
bike,dune_bayes,449,9006.9384765625,11.148162841796875,9018.0869140625
bike,dune_bayes,450,9006.9384765625,11.148162841796875,9018.0869140625
bike,dune_bayes,451,5962.2080078125,12.479377746582031,5974.6875
bike,dune_bayes,452,5798.044921875,12.630352020263672,5810.67529296875
bike,dune_bayes,453,27171.48046875,10.66718578338623,27182.1484375
bike,dune_bayes,454,26546.83984375,10.048544883728027,26556.888671875
bike,dune_bayes,455,13687.0400390625,9.578591346740723,13696.6181640625
bike,dune_bayes,456,17311.330078125,7.901340007781982,17319.23046875
bike,dune_bayes,457,10663.318359375,10.572309494018555,10673.890625
bike,dune_bayes,458,16690.69140625,8.341047286987305,16699.033203125
bike,dune_bayes,459,19102.6953125,8.24754524230957,19110.943359375
bike,dune_bayes,460,19605.02734375,8.515949249267578,19613.54296875
bike,dune_bayes,461,16387.0,8.665945053100586,16395.666015625
bike,dune_bayes,462,20147.228515625,8.49585247039795,20155.724609375
bike,dune_bayes,463,27438.232421875,10.846521377563477,27449.078125
bike,dune_bayes,464,24040.85546875,9.777368545532227,24050.6328125
bike,dune_bayes,465,24731.15234375,9.983564376831055,24741.13671875
bike,dune_bayes,466,28383.921875,8.521904945373535,28392.443359375
bike,dune_bayes,467,27184.623046875,6.885951519012451,27191.509765625
bike,dune_bayes,468,31049.900390625,7.24180269241333,31057.142578125
bike,dune_bayes,469,44254.671875,11.721280097961426,44266.39453125
bike,dune_bayes,470,36276.640625,15.200267791748047,36291.83984375
bike,dune_bayes,471,41438.31640625,13.943559646606445,41452.26171875
bike,dune_bayes,472,27325.287109375,10.861547470092773,27336.1484375
bike,dune_bayes,473,26977.87890625,10.788235664367676,26988.66796875
bike,dune_bayes,474,27449.025390625,12.325834274291992,27461.3515625
bike,dune_bayes,475,27499.333984375,10.380819320678711,27509.71484375
bike,dune_bayes,476,28634.783203125,9.839003562927246,28644.623046875
bike,dune_bayes,477,23177.9140625,8.259657859802246,23186.173828125
bike,dune_bayes,478,15787.978515625,9.187119483947754,15797.166015625
bike,dune_bayes,479,35665.47265625,11.596220016479492,35677.0703125
bike,dune_bayes,480,38698.88671875,11.683293342590332,38710.5703125
bike,dune_bayes,481,32525.703125,9.94984245300293,32535.65234375
bike,dune_bayes,482,30874.919921875,8.789863586425781,30883.708984375
bike,dune_bayes,483,11722.87890625,10.32396125793457,11733.203125
bike,dune_bayes,484,15739.544921875,8.757479667663574,15748.302734375
bike,dune_bayes,485,41641.66796875,8.614459991455078,41650.28125
bike,dune_bayes,486,49336.12109375,11.221919059753418,49347.34375
bike,dune_bayes,487,16674.486328125,8.616901397705078,16683.103515625
bike,dune_bayes,488,14941.03515625,9.042424201965332,14950.0771484375
bike,dune_bayes,489,10482.0576171875,10.680512428283691,10492.73828125
bike,dune_bayes,490,8179.1572265625,11.560256004333496,8190.71728515625
bike,dune_bayes,491,7609.2578125,11.97465991973877,7621.232421875
bike,dune_bayes,492,11451.3564453125,10.27618408203125,11461.6328125
bike,dune_bayes,493,8364.177734375,11.569059371948242,8375.7470703125
bike,dune_bayes,494,8399.6787109375,11.63898754119873,8411.3173828125
bike,dune_bayes,495,8399.6787109375,11.63898754119873,8411.3173828125
bike,dune_bayes,496,9136.666015625,11.419326782226562,9148.0849609375
bike,dune_bayes,497,25701.97265625,7.252752780914307,25709.224609375
bike,dune_bayes,498,23819.388671875,8.22331428527832,23827.611328125
bike,dune_bayes,499,12660.095703125,10.743728637695312,12670.83984375
bike,dune_bayes,500,17336.60546875,9.698770523071289,17346.3046875
bike,dune_bayes,501,45538.734375,8.294571876525879,45547.02734375
bike,dune_bayes,502,38980.921875,12.286089897155762,38993.20703125
bike,dune_bayes,503,38980.921875,12.286089897155762,38993.20703125
bike,dune_bayes,504,47001.7890625,9.962655067443848,47011.75
bike,dune_bayes,505,50431.45703125,9.651691436767578,50441.109375
bike,dune_bayes,506,21042.68359375,7.919445037841797,21050.603515625
bike,dune_bayes,507,16919.86328125,9.168109893798828,16929.03125
bike,dune_bayes,508,11949.162109375,10.503556251525879,11959.666015625
bike,dune_bayes,509,10761.177734375,11.068222045898438,10772.24609375
bike,dune_bayes,510,13866.6064453125,9.762990951538086,13876.369140625
bike,dune_bayes,511,16998.96875,9.042207717895508,17008.01171875
bike,dune_bayes,512,23113.55859375,7.204323768615723,23120.763671875
bike,dune_bayes,513,27721.228515625,6.133581638336182,27727.361328125
bike,dune_bayes,514,37215.14453125,7.773410797119141,37222.91796875
bike,dune_bayes,515,40453.2734375,9.091574668884277,40462.36328125
bike,dune_bayes,516,43496.0234375,9.78374195098877,43505.80859375
bike,dune_bayes,517,44033.3671875,10.761412620544434,44044.12890625
bike,dune_bayes,518,30491.564453125,5.80308723449707,30497.3671875
bike,dune_bayes,519,32223.140625,6.157336711883545,32229.298828125
bike,dune_bayes,520,15781.8203125,9.143881797790527,15790.9638671875
bike,dune_bayes,521,11505.599609375,10.316961288452148,11515.9169921875
bike,dune_bayes,522,11532.376953125,10.346424102783203,11542.7236328125
bike,dune_bayes,523,29333.775390625,8.93972396850586,29342.71484375
bike,dune_bayes,524,9686.3759765625,11.047924995422363,9697.423828125
bike,dune_bayes,525,9581.2578125,11.12615966796875,9592.3837890625
bike,dune_bayes,526,11340.7080078125,11.218381881713867,11351.9267578125
bike,dune_bayes,527,22678.224609375,11.341309547424316,22689.56640625
bike,dune_bayes,528,19755.732421875,6.9583539962768555,19762.69140625
bike,dune_bayes,529,30001.37109375,11.792189598083496,30013.1640625
bike,dune_bayes,530,31075.384765625,12.985832214355469,31088.37109375
bike,dune_bayes,531,21605.859375,6.655140399932861,21612.513671875
bike,dune_bayes,532,46490.0,8.945488929748535,46498.9453125
bike,dune_bayes,533,47335.78515625,10.533928871154785,47346.3203125
bike,dune_bayes,534,45811.2734375,10.272940635681152,45821.546875
bike,dune_bayes,535,43024.76953125,11.002406120300293,43035.7734375
bike,dune_bayes,536,42416.16796875,7.435276508331299,42423.6015625
bike,dune_bayes,537,41816.56640625,6.182497024536133,41822.75
bike,dune_bayes,538,42844.9921875,8.496923446655273,42853.48828125
bike,dune_bayes,539,26547.84765625,7.704771518707275,26555.552734375
bike,dune_bayes,540,19411.5859375,9.307133674621582,19420.892578125
bike,dune_bayes,541,13855.8134765625,10.468597412109375,13866.2822265625
bike,dune_bayes,542,44391.51953125,8.323997497558594,44399.84375
bike,dune_bayes,543,48987.7265625,7.673313140869141,48995.3984375
bike,dune_bayes,544,38190.81640625,13.350747108459473,38204.16796875
bike,dune_bayes,545,36958.94921875,13.551641464233398,36972.5
bike,dune_bayes,546,38308.46875,13.490034103393555,38321.95703125
bike,dune_bayes,547,48433.1015625,12.85130786895752,48445.953125
bike,dune_bayes,548,45512.70703125,12.372627258300781,45525.078125
bike,dune_bayes,549,46692.03125,11.228815078735352,46703.26171875
bike,dune_bayes,550,35388.265625,10.458962440490723,35398.72265625
bike,dune_bayes,551,30477.08984375,9.23192310333252,30486.322265625
bike,dune_bayes,552,26857.021484375,9.472513198852539,26866.494140625
bike,dune_bayes,553,26693.724609375,10.22304630279541,26703.947265625
bike,dune_bayes,554,28920.376953125,10.254029273986816,28930.630859375
bike,dune_bayes,555,37870.80859375,11.349106788635254,37882.15625
bike,dune_bayes,556,30840.892578125,9.70981502532959,30850.6015625
bike,dune_bayes,557,26275.52734375,8.466696739196777,26283.994140625
bike,dune_bayes,558,25798.015625,8.876483917236328,25806.892578125
bike,dune_bayes,559,14941.03515625,9.042424201965332,14950.0771484375
bike,dune_bayes,560,9684.5302734375,10.957231521606445,9695.4873046875
bike,dune_bayes,561,5846.705078125,12.562396049499512,5859.267578125
bike,dune_bayes,562,5846.73193359375,12.538928985595703,5859.27099609375
bike,dune_bayes,563,23036.921875,10.278963088989258,23047.201171875
bike,dune_bayes,564,24650.21484375,10.157811164855957,24660.373046875
bike,dune_bayes,565,32414.8828125,9.13921070098877,32424.021484375
bike,dune_bayes,566,20171.787109375,9.810742378234863,20181.59765625
bike,dune_bayes,567,19101.66796875,10.417757987976074,19112.0859375
bike,dune_bayes,568,36861.96484375,8.958349227905273,36870.921875
bike,dune_bayes,569,39102.9921875,8.109329223632812,39111.1015625
bike,dune_bayes,570,39984.56640625,8.136093139648438,39992.703125
bike,dune_bayes,571,22211.869140625,10.914060592651367,22222.783203125
bike,dune_bayes,572,21140.412109375,10.030196189880371,21150.44140625
bike,dune_bayes,573,44427.84765625,9.870172500610352,44437.71875
bike,dune_bayes,574,47076.61328125,8.690473556518555,47085.3046875
bike,dune_bayes,575,42917.79296875,7.991631984710693,42925.78515625
bike,dune_bayes,576,29335.46484375,9.557327270507812,29345.021484375
bike,dune_bayes,577,44881.90234375,8.677377700805664,44890.578125
bike,dune_bayes,578,44294.625,9.012630462646484,44303.63671875
bike,dune_bayes,579,42630.01171875,9.109936714172363,42639.12109375
bike,dune_bayes,580,39387.44140625,9.529537200927734,39396.97265625
bike,dune_bayes,581,30498.46875,10.11338996887207,30508.58203125
bike,dune_bayes,582,30306.46484375,10.178372383117676,30316.642578125
bike,dune_bayes,583,39389.18359375,10.636311531066895,39399.8203125
bike,dune_bayes,584,42827.78515625,9.740400314331055,42837.52734375
bike,dune_bayes,585,42427.14453125,10.033493041992188,42437.1796875
bike,dune_bayes,586,45583.40625,10.904430389404297,45594.3125
bike,dune_bayes,587,45583.40625,10.904430389404297,45594.3125
bike,dune_bayes,588,45603.2421875,9.430989265441895,45612.671875
bike,dune_bayes,589,42838.296875,9.315938949584961,42847.61328125
bike,dune_bayes,590,44528.23828125,10.22882080078125,44538.46875
bike,dune_bayes,591,40781.08984375,10.614836692810059,40791.703125
bike,dune_bayes,592,30799.892578125,7.412766456604004,30807.3046875
bike,dune_bayes,593,23978.888671875,7.729379177093506,23986.6171875
bike,dune_bayes,594,24244.095703125,7.6138014793396,24251.708984375
bike,dune_bayes,595,23364.419921875,7.706693172454834,23372.126953125
bike,dune_bayes,596,36475.66796875,10.881937026977539,36486.55078125
bike,dune_bayes,597,34686.43359375,9.895874977111816,34696.328125
bike,dune_bayes,598,13255.3115234375,9.88168716430664,13265.193359375
bike,dune_bayes,599,21695.083984375,7.348637580871582,21702.43359375
bike,dune_bayes,600,27962.36328125,6.631841659545898,27968.99609375
bike,dune_bayes,601,18129.197265625,9.255149841308594,18138.453125
bike,dune_bayes,602,18489.390625,9.543184280395508,18498.93359375
bike,dune_bayes,603,19415.65234375,8.332869529724121,19423.984375
bike,dune_bayes,604,26198.2578125,6.774140357971191,26205.03125
bike,dune_bayes,605,21455.02734375,7.870260238647461,21462.8984375
bike,dune_bayes,606,21455.02734375,7.870260238647461,21462.8984375
bike,dune_bayes,607,28084.423828125,7.824149131774902,28092.248046875
bike,dune_bayes,608,47796.7265625,7.679256916046143,47804.40625
bike,dune_bayes,609,49417.85546875,7.592361927032471,49425.44921875
bike,dune_bayes,610,46708.9609375,8.468417167663574,46717.4296875
bike,dune_bayes,611,36489.328125,8.293111801147461,36497.62109375
bike,dune_bayes,612,40293.16796875,9.150754928588867,40302.3203125
bike,dune_bayes,613,46069.734375,8.02478313446045,46077.7578125
bike,dune_bayes,614,47341.5625,7.800791263580322,47349.36328125
bike,dune_bayes,615,31876.6875,7.658448696136475,31884.345703125
bike,dune_bayes,616,29326.044921875,7.437433242797852,29333.482421875
bike,dune_bayes,617,35042.0390625,8.70096492767334,35050.73828125
bike,dune_bayes,618,23870.8515625,6.725093364715576,23877.576171875
bike,dune_bayes,619,20139.48046875,7.515482425689697,20146.99609375
bike,dune_bayes,620,29091.943359375,8.430288314819336,29100.373046875
bike,dune_bayes,621,36599.0625,10.2161865234375,36609.27734375
bike,dune_bayes,622,39332.00390625,13.183001518249512,39345.1875
bike,dune_bayes,623,43916.1171875,11.838469505310059,43927.95703125
bike,dune_bayes,624,42806.83984375,11.2193021774292,42818.05859375
bike,dune_bayes,625,25368.62890625,6.3723225593566895,25375.001953125
bike,dune_bayes,626,46123.0703125,11.084413528442383,46134.15625
bike,dune_bayes,627,14603.7177734375,9.615257263183594,14613.3330078125
bike,dune_bayes,628,16450.923828125,8.803902626037598,16459.728515625
bike,dune_bayes,629,31841.544921875,8.02698040008545,31849.572265625
bike,dune_bayes,630,37230.88671875,11.162175178527832,37242.05078125
bike,dune_bayes,631,18446.861328125,8.856355667114258,18455.716796875
bike,dune_bayes,632,31571.87109375,6.346752643585205,31578.21875
bike,dune_bayes,633,38081.24609375,9.414929389953613,38090.66015625
bike,dune_bayes,634,38897.83984375,9.51406192779541,38907.35546875
bike,dune_bayes,635,39786.640625,10.37483024597168,39797.015625
bike,dune_bayes,636,41638.87890625,10.205304145812988,41649.0859375
bike,dune_bayes,637,41638.87890625,10.205304145812988,41649.0859375
bike,dune_bayes,638,39498.52734375,10.331926345825195,39508.859375
bike,dune_bayes,639,21667.798828125,8.596761703491211,21676.396484375
bike,dune_bayes,640,23263.57421875,7.0808563232421875,23270.654296875
bike,dune_bayes,641,39007.890625,7.072150230407715,39014.9609375
bike,dune_bayes,642,47335.78515625,10.533928871154785,47346.3203125
bike,dune_bayes,643,47265.421875,11.149808883666992,47276.5703125
bike,dune_bayes,644,45895.90625,11.758028030395508,45907.6640625
bike,dune_bayes,645,46137.76953125,10.234421730041504,46148.00390625
bike,dune_bayes,646,30163.18359375,6.37374210357666,30169.556640625
bike,dune_bayes,647,26059.32421875,6.329772472381592,26065.654296875
bike,dune_bayes,648,41382.12890625,8.580838203430176,41390.7109375
bike,dune_bayes,649,42315.29296875,6.324159145355225,42321.6171875
bike,dune_bayes,650,45539.2578125,8.350214958190918,45547.609375
bike,dune_bayes,651,40846.73828125,7.060041427612305,40853.796875
bike,dune_bayes,652,52348.19140625,11.963296890258789,52360.15625
bike,dune_bayes,653,18843.8125,9.348017692565918,18853.16015625
bike,dune_bayes,654,38525.421875,6.332231521606445,38531.75390625
bike,dune_bayes,655,31892.171875,8.763477325439453,31900.935546875
bike,dune_bayes,656,29123.931640625,8.602920532226562,29132.53515625
bike,dune_bayes,657,24428.404296875,9.126419067382812,24437.53125
bike,dune_bayes,658,24428.404296875,9.126419067382812,24437.53125
bike,dune_bayes,659,26979.46484375,9.188065528869629,26988.65234375
bike,dune_bayes,660,26044.703125,9.969230651855469,26054.671875
bike,dune_bayes,661,28921.51171875,8.606093406677246,28930.1171875
bike,dune_bayes,662,29328.857421875,8.635941505432129,29337.494140625
bike,dune_bayes,663,28724.248046875,8.646523475646973,28732.89453125
bike,dune_bayes,664,20186.5,10.868438720703125,20197.369140625
bike,dune_bayes,665,23219.025390625,10.600491523742676,23229.625
bike,dune_bayes,666,20566.25,11.194478988647461,20577.4453125
bike,dune_bayes,667,20118.6953125,10.829740524291992,20129.525390625
bike,dune_bayes,668,19981.0390625,10.772684097290039,19991.8125
bike,dune_bayes,669,20566.25,11.194478988647461,20577.4453125
bike,dune_bayes,670,34496.38671875,9.319182395935059,34505.70703125
bike,dune_bayes,671,38627.48828125,8.811281204223633,38636.30078125
bike,dune_bayes,672,29554.3671875,9.364717483520508,29563.732421875
bike,dune_bayes,673,26268.33984375,10.52700424194336,26278.8671875
bike,dune_bayes,674,22399.20703125,9.593307495117188,22408.80078125
bike,dune_bayes,675,21025.515625,9.971650123596191,21035.486328125
bike,dune_bayes,676,22549.84765625,9.531536102294922,22559.37890625
bike,dune_bayes,677,53433.46484375,8.90567398071289,53442.37109375
bike,dune_bayes,678,51221.3359375,9.373384475708008,51230.7109375
bike,dune_bayes,679,35128.88671875,9.858726501464844,35138.74609375
bike,dune_bayes,680,34192.3203125,10.143165588378906,34202.46484375
bike,dune_bayes,681,24754.71875,9.809175491333008,24764.52734375
bike,dune_bayes,682,31834.001953125,9.94864559173584,31843.951171875
bike,dune_bayes,683,45591.3125,7.772871017456055,45599.0859375
bike,dune_bayes,684,29902.052734375,9.349963188171387,29911.40234375
bike,dune_bayes,685,32107.583984375,9.759479522705078,32117.34375
bike,dune_bayes,686,28534.865234375,10.008302688598633,28544.873046875
bike,dune_bayes,687,38782.5,8.613269805908203,38791.11328125
bike,dune_bayes,688,41248.78515625,8.783329010009766,41257.5703125
bike,dune_bayes,689,33217.47265625,9.627461433410645,33227.1015625
bike,dune_bayes,690,18857.4609375,10.37897777557373,18867.83984375
bike,dune_bayes,691,40666.15234375,8.607156753540039,40674.7578125
bike,dune_bayes,692,36577.640625,7.0832200050354,36584.72265625
bike,dune_bayes,693,45420.5546875,6.535980701446533,45427.08984375
bike,dune_bayes,694,47226.5234375,6.874204635620117,47233.3984375
bike,dune_bayes,695,19359.9921875,9.270174980163574,19369.26171875
bike,dune_bayes,696,48025.48828125,7.8487467765808105,48033.3359375
bike,dune_bayes,697,38528.328125,7.601129531860352,38535.9296875
bike,dune_bayes,698,26989.599609375,8.372259140014648,26997.97265625
bike,dune_bayes,699,40364.0078125,9.392884254455566,40373.40234375
bike,dune_bayes,700,39607.0078125,12.26126480102539,39619.26953125
bike,dune_bayes,701,34720.0234375,12.18796157836914,34732.2109375
bike,dune_bayes,702,42965.06640625,8.257246971130371,42973.32421875
bike,dune_bayes,703,38480.87109375,7.699565887451172,38488.5703125
bike,dune_bayes,704,18149.0078125,11.07867431640625,18160.0859375
bike,dune_bayes,705,21446.607421875,10.476361274719238,21457.083984375
bike,dune_bayes,706,37441.16796875,9.712164878845215,37450.87890625
bike,dune_bayes,707,37804.203125,8.576167106628418,37812.77734375
bike,dune_bayes,708,32982.890625,9.582378387451172,32992.47265625
bike,dune_bayes,709,28084.8125,9.855218887329102,28094.66796875
bike,dune_bayes,710,45941.83203125,8.539182662963867,45950.37109375
bike,dune_bayes,711,39526.47265625,10.41463851928711,39536.88671875
bike,dune_bayes,712,33297.6328125,10.354137420654297,33307.98828125
bike,dune_bayes,713,48662.62890625,7.924723148345947,48670.5546875
bike,dune_bayes,714,48733.53125,9.084250450134277,48742.6171875
bike,dune_bayes,715,47571.83984375,8.821290969848633,47580.66015625
bike,dune_bayes,716,26615.669921875,10.248613357543945,26625.91796875
bike,dune_bayes,717,31423.236328125,10.260727882385254,31433.49609375
bike,dune_bayes,718,45487.0625,9.802790641784668,45496.8671875
bike,dune_bayes,719,44851.2578125,9.711624145507812,44860.96875
bike,dune_bayes,720,41679.56640625,10.668050765991211,41690.234375
bike,dune_bayes,721,49693.00390625,8.048822402954102,49701.05078125
bike,dune_bayes,722,45535.0546875,9.254132270812988,45544.30859375
bike,dune_bayes,723,34670.24609375,10.865585327148438,34681.11328125
bike,dune_bayes,724,34910.5859375,11.669157981872559,34922.25390625
bike,dune_bayes,725,47363.625,8.376263618469238,47372.0
bike,dune_bayes,726,42124.2578125,9.355114936828613,42133.61328125
bike,dune_bayes,727,45368.16015625,8.3530855178833,45376.51171875
bike,dune_bayes,728,40647.19140625,9.694446563720703,40656.88671875
bike,dune_bayes,729,38601.5234375,8.30911922454834,38609.83203125
bike,dune_bayes,730,32241.6171875,9.97320556640625,32251.58984375
bike,dune_bayes,731,35590.1015625,10.640068054199219,35600.7421875
bike,dune_bayes,732,33279.99609375,11.051186561584473,33291.046875
bike,dune_bayes,733,32443.67578125,10.972603797912598,32454.6484375
bike,dune_bayes,734,30031.19921875,11.311847686767578,30042.51171875
bike,dune_bayes,735,32430.740234375,11.0776948928833,32441.818359375
bike,dune_bayes,736,35213.2578125,10.960758209228516,35224.21875
bike,dune_bayes,737,36735.83984375,11.157000541687012,36746.99609375
bike,dune_bayes,738,31573.443359375,11.592391014099121,31585.03515625
bike,dune_bayes,739,33444.234375,12.098587036132812,33456.33203125
bike,dune_bayes,740,35441.78515625,11.868926048278809,35453.65234375
bike,dune_bayes,741,37672.45703125,10.216924667358398,37682.67578125
bike,dune_bayes,742,37950.9296875,9.366429328918457,37960.296875
bike,dune_bayes,743,43172.16015625,11.676923751831055,43183.8359375
bike,dune_bayes,744,42838.20703125,9.27951717376709,42847.48828125
bike,dune_bayes,745,39885.51171875,10.212066650390625,39895.72265625
bike,dune_bayes,746,34513.11328125,10.700948715209961,34523.8125
bike,dune_bayes,747,41891.30859375,11.341102600097656,41902.6484375
bike,dune_bayes,748,37501.53515625,9.279544830322266,37510.81640625
bike,dune_bayes,749,36248.20703125,11.794696807861328,36260.0
bike,dune_bayes,750,44337.8203125,10.644744873046875,44348.46484375
bike,dune_bayes,751,47119.8359375,8.58852767944336,47128.42578125
bike,dune_bayes,752,49634.51953125,11.339787483215332,49645.859375
bike,dune_bayes,753,48666.18359375,11.910656929016113,48678.09375
bike,dune_bayes,754,40834.42578125,13.92283821105957,40848.34765625
bike,dune_bayes,755,36467.5859375,14.687919616699219,36482.2734375
bike,dune_bayes,756,35713.375,14.289478302001953,35727.6640625
bike,dune_bayes,757,46722.81640625,12.303017616271973,46735.12109375
bike,dune_bayes,758,37700.90234375,9.29713249206543,37710.19921875
bike,dune_bayes,759,42279.80859375,10.463281631469727,42290.2734375
bike,dune_bayes,760,45600.50390625,12.747672080993652,45613.25
bike,dune_bayes,761,43367.65625,13.366387367248535,43381.0234375
bike,dune_bayes,762,41189.359375,13.80295181274414,41203.1640625
bike,dune_bayes,763,43432.953125,13.636113166809082,43446.58984375
bike,dune_bayes,764,48918.0546875,12.441892623901367,48930.49609375
bike,dune_bayes,765,38897.23046875,8.933164596557617,38906.1640625
bike,dune_bayes,766,34124.91015625,6.590484619140625,34131.5
bike,dune_bayes,767,39631.0,11.955666542053223,39642.95703125
bike,dune_bayes,768,33525.828125,13.650400161743164,33539.48046875
bike,dune_bayes,769,31830.29296875,13.260544776916504,31843.552734375
bike,dune_bayes,770,29957.099609375,14.344889640808105,29971.4453125
bike,dune_bayes,771,41714.2890625,8.68646240234375,41722.9765625
bike,dune_bayes,772,39966.5234375,7.5091962814331055,39974.03125
bike,dune_bayes,773,35807.34375,8.403290748596191,35815.74609375
bike,dune_bayes,774,34818.3125,9.302234649658203,34827.61328125
bike,dune_bayes,775,41101.91015625,10.492818832397461,41112.40234375
bike,dune_bayes,776,37685.89453125,11.521044731140137,37697.4140625
bike,dune_bayes,777,40285.2578125,8.182466506958008,40293.44140625
bike,dune_bayes,778,40331.11328125,9.602005004882812,40340.71484375
bike,dune_bayes,779,36162.57421875,9.991281509399414,36172.56640625
bike,dune_bayes,780,35555.71875,13.874618530273438,35569.59375
bike,dune_bayes,781,45649.79296875,9.731172561645508,45659.5234375
bike,dune_bayes,782,45593.6328125,8.03669261932373,45601.66796875
bike,dune_bayes,783,37998.45703125,9.30837631225586,38007.765625
bike,dune_bayes,784,42633.25390625,8.808927536010742,42642.0625
bike,dune_bayes,785,34685.828125,12.586533546447754,34698.4140625
bike,dune_bayes,786,39691.734375,11.413069725036621,39703.1484375
bike,dune_bayes,787,45725.9296875,9.5780029296875,45735.5078125
bike,dune_bayes,788,42144.9453125,11.210208892822266,42156.15625
bike,dune_bayes,789,48272.13671875,10.335186004638672,48282.47265625
bike,dune_bayes,790,43816.375,9.220152854919434,43825.59375
bike,dune_bayes,791,46147.4921875,11.866764068603516,46159.359375
bike,dune_bayes,792,27074.62109375,13.052900314331055,27087.673828125
bike,dune_bayes,793,26455.20703125,14.218928337097168,26469.42578125
bike,dune_bayes,794,26311.896484375,13.669236183166504,26325.56640625
bike,dune_bayes,795,45737.72265625,11.413839340209961,45749.13671875
bike,dune_bayes,796,45328.33203125,9.270241737365723,45337.6015625
bike,dune_bayes,797,47096.65625,9.838555335998535,47106.49609375
bike,dune_bayes,798,38407.9453125,13.047200202941895,38420.9921875
bike,dune_bayes,799,39309.82421875,9.18382740020752,39319.0078125
bike,dune_bayes,800,45832.56640625,8.911947250366211,45841.4765625
bike,dune_bayes,801,39580.6015625,9.57584285736084,39590.17578125
bike,dune_bayes,802,28533.015625,12.043341636657715,28545.05859375
bike,dune_bayes,803,37903.07421875,9.453445434570312,37912.52734375
bike,dune_bayes,804,38338.2578125,9.228562355041504,38347.48828125
bike,dune_bayes,805,33279.99609375,11.051186561584473,33291.046875
bike,dune_bayes,806,41147.54296875,10.48476505279541,41158.02734375
bike,dune_bayes,807,44652.6484375,8.18805980682373,44660.8359375
bike,dune_bayes,808,41702.6796875,6.531376361846924,41709.2109375
bike,dune_bayes,809,49315.50390625,13.194902420043945,49328.69921875
bike,dune_bayes,810,43644.62109375,12.858586311340332,43657.48046875
bike,dune_bayes,811,41563.36328125,13.215444564819336,41576.578125
bike,dune_bayes,812,42133.046875,12.945202827453613,42145.9921875
bike,dune_bayes,813,45547.52734375,12.057867050170898,45559.5859375
bike,dune_bayes,814,48138.0546875,10.329933166503906,48148.3828125
bike,dune_bayes,815,40151.2421875,7.4741740226745605,40158.71484375
bike,dune_bayes,816,47526.9296875,10.369528770446777,47537.30078125
bike,dune_bayes,817,48986.59765625,10.424535751342773,48997.0234375
bike,dune_bayes,818,46381.55859375,11.851101875305176,46393.41015625
bike,dune_bayes,819,45961.015625,10.258975982666016,45971.2734375
bike,dune_bayes,820,45690.671875,6.8577680587768555,45697.53125
bike,dune_bayes,821,32445.62109375,6.175185203552246,32451.796875
bike,dune_bayes,822,34058.015625,6.028334617614746,34064.04296875
bike,dune_bayes,823,40862.90234375,13.828781127929688,40876.73046875
bike,dune_bayes,824,43501.9609375,13.710295677185059,43515.671875
bike,dune_bayes,825,47299.015625,6.810258388519287,47305.82421875
bike,dune_bayes,826,42396.91015625,7.557478427886963,42404.46875
bike,dune_bayes,827,48545.484375,7.805960178375244,48553.2890625
bike,dune_bayes,828,48662.62890625,7.924723148345947,48670.5546875
bike,dune_bayes,829,42485.15234375,10.075440406799316,42495.2265625
bike,dune_bayes,830,31322.19921875,10.211881637573242,31332.41015625
bike,dune_bayes,831,42150.921875,10.105647087097168,42161.02734375
bike,dune_bayes,832,35537.69921875,10.572553634643555,35548.2734375
bike,dune_bayes,833,39047.6796875,10.31751537322998,39057.99609375
bike,dune_bayes,834,38239.55859375,8.441344261169434,38248.0
bike,dune_bayes,835,27933.380859375,12.271183013916016,27945.65234375
bike,dune_bayes,836,39597.078125,9.351530075073242,39606.4296875
bike,dune_bayes,837,36930.6484375,10.121488571166992,36940.76953125
bike,dune_bayes,838,35466.48046875,12.281612396240234,35478.76171875
bike,dune_bayes,839,41690.67578125,11.091534614562988,41701.765625
bike,dune_bayes,840,42589.10546875,11.570133209228516,42600.67578125
bike,dune_bayes,841,32750.966796875,9.573649406433105,32760.541015625
bike,dune_bayes,842,41248.78515625,8.783329010009766,41257.5703125
bike,dune_bayes,843,47363.625,8.376263618469238,47372.0
bike,dune_bayes,844,41858.3203125,9.83292007446289,41868.15234375
bike,dune_bayes,845,38937.3984375,10.458415031433105,38947.85546875
bike,dune_bayes,846,42838.56640625,10.079145431518555,42848.64453125
bike,dune_bayes,847,47325.72265625,9.286965370178223,47335.0078125
bike,dune_bayes,848,39309.82421875,9.18382740020752,39319.0078125
bike,dune_bayes,849,36193.43359375,9.878972053527832,36203.3125
bike,dune_bayes,850,36906.87109375,10.738286972045898,36917.609375
bike,dune_bayes,851,44290.3203125,10.353989601135254,44300.67578125
bike,dune_bayes,852,46613.48828125,9.492037773132324,46622.98046875
bike,dune_bayes,853,46167.671875,10.331682205200195,46178.00390625
bike,dune_bayes,854,43029.50390625,8.561180114746094,43038.06640625
bike,dune_bayes,855,46375.82421875,9.2045259475708,46385.02734375
bike,dune_bayes,856,45535.0546875,9.254132270812988,45544.30859375
bike,dune_bayes,857,45461.9609375,9.949213027954102,45471.91015625
bike,dune_bayes,858,42164.66796875,10.538944244384766,42175.20703125
bike,dune_bayes,859,34456.3125,12.872488975524902,34469.18359375
bike,dune_bayes,860,32814.375,14.164867401123047,32828.5390625
bike,dune_bayes,861,50229.55859375,11.677502632141113,50241.234375
bike,dune_bayes,862,39789.875,8.460494995117188,39798.3359375
bike,dune_bayes,863,36296.2421875,13.062973976135254,36309.3046875
bike,dune_bayes,864,31219.31640625,12.699440956115723,31232.015625
bike,dune_bayes,865,31219.31640625,12.699440956115723,31232.015625
bike,dune_bayes,866,33564.16796875,11.774664878845215,33575.94140625
bike,dune_bayes,867,38430.734375,10.229246139526367,38440.96484375
bike,dune_bayes,868,37222.5078125,11.022306442260742,37233.53125
bike,dune_bayes,869,41124.4453125,8.363668441772461,41132.80859375
bike,dune_bayes,870,36659.953125,11.383249282836914,36671.3359375
bike,dune_bayes,871,35623.953125,11.808412551879883,35635.76171875
bike,dune_bayes,872,36136.2578125,13.301544189453125,36149.55859375
bike,dune_bayes,873,36136.2578125,13.301544189453125,36149.55859375
bike,dune_bayes,874,34720.0234375,12.18796157836914,34732.2109375
bike,dune_bayes,875,45687.3828125,8.426290512084961,45695.80859375
bike,dune_bayes,876,49807.10546875,10.58790111541748,49817.6953125
bike,dune_bayes,877,46922.40625,9.86129379272461,46932.265625
bike,dune_bayes,878,48320.390625,10.554689407348633,48330.9453125
bike,dune_bayes,879,47137.734375,8.290921211242676,47146.0234375
bike,dune_bayes,880,49190.90234375,9.82510757446289,49200.7265625
bike,dune_bayes,881,32603.935546875,12.005664825439453,32615.94140625
bike,dune_bayes,882,33909.63671875,13.9902982711792,33923.62890625
bike,dune_bayes,883,49528.6953125,9.387761116027832,49538.08203125
bike,dune_bayes,884,46409.23828125,8.539292335510254,46417.77734375
bike,dune_bayes,885,44122.19921875,10.025787353515625,44132.2265625
bike,dune_bayes,886,46489.83203125,9.545613288879395,46499.37890625
bike,dune_bayes,887,33942.96875,14.017457008361816,33956.984375
bike,dune_bayes,888,47012.23046875,10.896488189697266,47023.12890625
bike,dune_bayes,889,48975.57421875,10.066649436950684,48985.640625
bike,dune_bayes,890,48445.90234375,7.123871803283691,48453.02734375
bike,dune_bayes,891,36663.51953125,14.035053253173828,36677.5546875
bike,dune_bayes,892,45766.7421875,11.942328453063965,45778.68359375
bike,dune_bayes,893,52618.3515625,10.756009101867676,52629.109375
bike,dune_bayes,894,50311.21484375,8.127554893493652,50319.34375
bike,dune_bayes,895,48313.0625,6.88224458694458,48319.9453125
bike,dune_bayes,896,50121.16015625,7.346802234649658,50128.5078125
bike,dune_bayes,897,33102.78515625,14.432496070861816,33117.21875
bike,dune_bayes,898,49523.11328125,12.645280838012695,49535.7578125
bike,dune_bayes,899,39262.51953125,11.244635581970215,39273.765625
bike,dune_bayes,900,40155.08984375,8.048288345336914,40163.13671875
bike,dune_bayes,901,30859.37890625,14.127232551574707,30873.505859375
bike,dune_bayes,902,26992.451171875,14.00716781616211,27006.458984375
bike,dune_bayes,903,33529.890625,11.323958396911621,33541.21484375
bike,dune_bayes,904,34832.2734375,9.958084106445312,34842.23046875
bike,dune_bayes,905,37742.359375,8.872868537902832,37751.23046875
bike,dune_bayes,906,25718.09765625,10.799436569213867,25728.896484375
bike,dune_bayes,907,34620.15234375,11.603636741638184,34631.7578125
bike,dune_bayes,908,37938.0703125,13.518186569213867,37951.58984375
bike,dune_bayes,909,41302.359375,8.694937705993652,41311.0546875
bike,dune_bayes,910,46122.671875,9.427248001098633,46132.09765625
bike,dune_bayes,911,45406.8671875,10.933676719665527,45417.80078125
bike,dune_bayes,912,41126.09765625,9.074908256530762,41135.171875
bike,dune_bayes,913,41529.390625,11.0272798538208,41540.41796875
bike,dune_bayes,914,35761.41015625,13.891798973083496,35775.30078125
bike,dune_bayes,915,34670.24609375,10.865585327148438,34681.11328125
bike,dune_bayes,916,44655.65234375,9.946942329406738,44665.59765625
bike,dune_bayes,917,42825.4140625,9.038886070251465,42834.453125
bike,dune_bayes,918,43021.625,9.016234397888184,43030.640625
bike,dune_bayes,919,34088.890625,11.42508602142334,34100.31640625
bike,dune_bayes,920,35260.28125,10.641125679016113,35270.921875
bike,dune_bayes,921,33279.99609375,11.051186561584473,33291.046875
bike,dune_bayes,922,35590.1015625,10.640068054199219,35600.7421875
bike,dune_bayes,923,33324.5390625,10.64967155456543,33335.1875
bike,dune_bayes,924,38295.48828125,8.583581924438477,38304.0703125
bike,dune_bayes,925,39256.95703125,8.495888710021973,39265.453125
bike,dune_bayes,926,25914.65625,12.193878173828125,25926.849609375
bike,dune_bayes,927,24925.404296875,13.092981338500977,24938.498046875
bike,dune_bayes,928,24303.30078125,13.516119003295898,24316.81640625
bike,dune_bayes,929,25523.8046875,12.689288139343262,25536.494140625
bike,dune_bayes,930,48389.0703125,8.023173332214355,48397.09375
bike,dune_bayes,931,36435.6875,10.232645034790039,36445.921875
bike,dune_bayes,932,33187.70703125,10.701312065124512,33198.41015625
bike,dune_bayes,933,31191.5078125,10.409727096557617,31201.91796875
bike,dune_bayes,934,47116.72265625,9.592679023742676,47126.31640625
bike,dune_bayes,935,46167.671875,10.331682205200195,46178.00390625
bike,dune_bayes,936,46837.4140625,10.53303050994873,46847.9453125
bike,dune_bayes,937,46837.4140625,10.53303050994873,46847.9453125
bike,dune_bayes,938,36590.875,10.914953231811523,36601.7890625
bike,dune_bayes,939,30908.748046875,12.082033157348633,30920.830078125
bike,dune_bayes,940,25746.47265625,13.29104232788086,25759.763671875
bike,dune_bayes,941,29960.3203125,12.15581226348877,29972.4765625
bike,dune_bayes,942,31279.6640625,12.601091384887695,31292.265625
bike,dune_bayes,943,46468.54296875,10.727459907531738,46479.26953125
bike,dune_bayes,944,43622.08984375,11.8916654586792,43633.98046875
bike,dune_bayes,945,43982.2890625,11.035135269165039,43993.32421875
bike,dune_bayes,946,47089.375,8.031953811645508,47097.40625
bike,dune_bayes,947,47654.54296875,8.368182182312012,47662.91015625
bike,dune_bayes,948,37642.42578125,13.513920783996582,37655.94140625
bike,dune_bayes,949,42672.890625,12.495817184448242,42685.38671875
bike,dune_bayes,950,44497.48828125,11.93972110748291,44509.4296875
bike,dune_bayes,951,48208.87109375,7.38616418838501,48216.2578125
bike,dune_bayes,952,45394.21484375,7.980616092681885,45402.1953125
bike,dune_bayes,953,50833.7734375,7.557679176330566,50841.33203125
bike,dune_bayes,954,50214.62890625,7.811440467834473,50222.44140625
bike,dune_bayes,955,43266.953125,11.652959823608398,43278.60546875
bike,dune_bayes,956,45864.90234375,10.256470680236816,45875.16015625
bike,dune_bayes,957,37261.51171875,8.405023574829102,37269.91796875
bike,dune_bayes,958,31041.16015625,11.99686050415039,31053.15625
bike,dune_bayes,959,33529.890625,11.323958396911621,33541.21484375
bike,dune_bayes,960,37742.359375,8.872868537902832,37751.23046875
bike,dune_bayes,961,39105.3203125,8.10832405090332,39113.4296875
bike,dune_bayes,962,27217.099609375,11.736078262329102,27228.8359375
bike,dune_bayes,963,45306.3359375,9.308999061584473,45315.64453125
bike,dune_bayes,964,45456.6796875,8.463046073913574,45465.14453125
bike,dune_bayes,965,40787.69921875,10.432101249694824,40798.1328125
bike,dune_bayes,966,41856.04296875,8.978271484375,41865.01953125
bike,dune_bayes,967,41672.4921875,10.336921691894531,41682.828125
bike,dune_bayes,968,26228.40625,13.13200569152832,26241.5390625
bike,dune_bayes,969,45174.83984375,10.449888229370117,45185.2890625
bike,dune_bayes,970,46519.85546875,11.450047492980957,46531.3046875
bike,dune_bayes,971,45208.09765625,10.862629890441895,45218.9609375
bike,dune_bayes,972,42991.76953125,11.605846405029297,43003.375
bike,dune_bayes,973,48301.4296875,10.560956001281738,48311.9921875
bike,dune_bayes,974,40077.625,9.091426849365234,40086.71484375
bike,dune_bayes,975,40464.89453125,10.202771186828613,40475.09765625
bike,dune_bayes,976,41700.7265625,8.90257453918457,41709.62890625
bike,dune_bayes,977,42806.6015625,9.92540454864502,42816.52734375
bike,dune_bayes,978,44805.08984375,10.751565933227539,44815.83984375
bike,dune_bayes,979,44422.078125,11.492669105529785,44433.5703125
bike,dune_bayes,980,30296.923828125,10.189614295959473,30307.11328125
bike,dune_bayes,981,28781.9765625,10.860894203186035,28792.837890625
bike,dune_bayes,982,37639.55859375,9.625984191894531,37649.18359375
bike,dune_bayes,983,37361.578125,9.512031555175781,37371.08984375
bike,dune_bayes,984,31310.51953125,11.336675643920898,31321.85546875
bike,dune_bayes,985,30294.70703125,11.937454223632812,30306.64453125
bike,dune_bayes,986,25126.744140625,11.479982376098633,25138.224609375
bike,dune_bayes,987,35415.0390625,11.999479293823242,35427.0390625
bike,dune_bayes,988,40739.0,8.788163185119629,40747.7890625
bike,dune_bayes,989,25335.35546875,11.632667541503906,25346.98828125
bike,dune_bayes,990,23252.26953125,13.035676002502441,23265.3046875
bike,dune_bayes,991,19170.3203125,13.6754150390625,19183.99609375
bike,dune_bayes,992,22593.34765625,14.016911506652832,22607.365234375
bike,dune_bayes,993,21179.595703125,14.532011032104492,21194.126953125
bike,dune_bayes,994,19519.169921875,13.767332077026367,19532.9375
bike,dune_bayes,995,19661.310546875,13.332088470458984,19674.642578125
bike,dune_bayes,996,34022.40234375,9.384499549865723,34031.78515625
bike,dune_bayes,997,26182.931640625,10.736770629882812,26193.66796875
bike,dune_bayes,998,23876.798828125,11.520407676696777,23888.318359375
bike,dune_bayes,999,22811.607421875,13.03043270111084,22824.638671875
bike,dune_bayes,1000,46804.58984375,11.530232429504395,46816.12109375
bike,dune_bayes,1001,46857.515625,10.953091621398926,46868.46875
bike,dune_bayes,1002,44710.77734375,9.844583511352539,44720.62109375
bike,dune_bayes,1003,47656.82421875,9.264829635620117,47666.08984375
bike,dune_bayes,1004,46616.12109375,10.459149360656738,46626.58203125
bike,dune_bayes,1005,46616.12109375,10.459149360656738,46626.58203125
bike,dune_bayes,1006,42991.76953125,11.605846405029297,43003.375
bike,dune_bayes,1007,42625.265625,11.484179496765137,42636.75
bike,dune_bayes,1008,39069.296875,12.679461479187012,39081.9765625
bike,dune_bayes,1009,34981.51171875,13.74795913696289,34995.2578125
bike,dune_bayes,1010,37379.23046875,14.737144470214844,37393.96875
bike,dune_bayes,1011,35470.49609375,14.967087745666504,35485.46484375
bike,dune_bayes,1012,26925.337890625,14.472921371459961,26939.810546875
bike,dune_bayes,1013,29789.3125,13.614154815673828,29802.92578125
bike,dune_bayes,1014,43681.1640625,9.956268310546875,43691.12109375
bike,dune_bayes,1015,45053.296875,9.454789161682129,45062.75
bike,dune_bayes,1016,47130.6171875,8.902854919433594,47139.51953125
bike,dune_bayes,1017,43219.0390625,11.12457275390625,43230.1640625
bike,dune_bayes,1018,49807.10546875,10.58790111541748,49817.6953125
bike,dune_bayes,1019,47457.3671875,8.765241622924805,47466.1328125
bike,dune_bayes,1020,46544.05859375,8.48574447631836,46552.54296875
bike,dune_bayes,1021,30494.328125,12.091117858886719,30506.419921875
bike,dune_bayes,1022,40739.0,8.788163185119629,40747.7890625
bike,dune_bayes,1023,43999.49609375,11.359161376953125,44010.85546875
bike,dune_bayes,1024,35109.7578125,10.192785263061523,35119.94921875
bike,dune_bayes,1025,23387.638671875,15.101405143737793,23402.740234375
bike,dune_bayes,1026,21544.990234375,14.2482271194458,21559.23828125
bike,dune_bayes,1027,20520.6328125,14.37584114074707,20535.0078125
bike,dune_bayes,1028,21961.64453125,14.496671676635742,21976.140625
bike,dune_bayes,1029,31830.29296875,13.260544776916504,31843.552734375
bike,dune_bayes,1030,38733.171875,9.057941436767578,38742.23046875
bike,dune_bayes,1031,40214.96875,9.596949577331543,40224.56640625
bike,dune_bayes,1032,41138.19921875,9.92271900177002,41148.12109375
bike,dune_bayes,1033,31552.8046875,9.306235313415527,31562.111328125
bike,dune_bayes,1034,36499.31640625,8.669398307800293,36507.984375
bike,dune_bayes,1035,46122.671875,9.427248001098633,46132.09765625
bike,dune_bayes,1036,45004.88671875,10.65882396697998,45015.546875
bike,dune_bayes,1037,30199.26953125,15.291298866271973,30214.560546875
bike,dune_bayes,1038,38479.92578125,12.075730323791504,38492.0
bike,dune_bayes,1039,49660.52734375,8.859841346740723,49669.38671875
bike,dune_bayes,1040,48039.68359375,8.903083801269531,48048.5859375
bike,dune_bayes,1041,45455.0546875,8.422786712646484,45463.4765625
bike,dune_bayes,1042,32133.9765625,13.566065788269043,32147.54296875
bike,dune_bayes,1043,25992.228515625,14.584394454956055,26006.8125
bike,dune_bayes,1044,27962.533203125,14.543034553527832,27977.076171875
bike,dune_bayes,1045,37737.21484375,11.484972953796387,37748.69921875
bike,dune_bayes,1046,40387.12890625,10.695704460144043,40397.82421875
bike,dune_bayes,1047,42287.0390625,10.563901901245117,42297.6015625
bike,dune_bayes,1048,44630.0625,10.164382934570312,44640.2265625
bike,dune_bayes,1049,42669.71875,9.132736206054688,42678.8515625
bike,dune_bayes,1050,46147.4921875,11.866764068603516,46159.359375
bike,dune_bayes,1051,40943.48046875,11.830735206604004,40955.3125
bike,dune_bayes,1052,40943.48046875,11.830735206604004,40955.3125
bike,dune_bayes,1053,40749.078125,11.423699378967285,40760.5
bike,dune_bayes,1054,45455.296875,8.389317512512207,45463.6875
bike,dune_bayes,1055,48504.3671875,9.016963958740234,48513.3828125
bike,dune_bayes,1056,46321.25390625,9.555608749389648,46330.80859375
bike,dune_bayes,1057,46321.25390625,9.555608749389648,46330.80859375
bike,dune_bayes,1058,46321.25390625,9.555608749389648,46330.80859375
bike,dune_bayes,1059,40608.87109375,10.514491081237793,40619.38671875
bike,dune_bayes,1060,38049.76953125,10.067723274230957,38059.8359375
bike,dune_bayes,1061,35771.0625,9.215553283691406,35780.27734375
bike,dune_bayes,1062,29777.31640625,9.462661743164062,29786.779296875
bike,dune_bayes,1063,27385.744140625,10.895515441894531,27396.640625
bike,dune_bayes,1064,34921.0,11.509857177734375,34932.51171875
bike,dune_bayes,1065,20232.212890625,13.112765312194824,20245.326171875
bike,dune_bayes,1066,20232.212890625,13.112765312194824,20245.326171875
bike,dune_bayes,1067,33553.625,11.460919380187988,33565.0859375
bike,dune_bayes,1068,43622.08984375,11.8916654586792,43633.98046875
bike,dune_bayes,1069,29096.087890625,13.37057876586914,29109.458984375
bike,dune_bayes,1070,30806.185546875,13.36559009552002,30819.55078125
bike,dune_bayes,1071,45364.671875,9.533185958862305,45374.203125
bike,dune_bayes,1072,45635.671875,10.551443099975586,45646.22265625
bike,dune_bayes,1073,50411.49609375,8.36574935913086,50419.86328125
bike,dune_bayes,1074,39309.82421875,9.18382740020752,39319.0078125
bike,dune_bayes,1075,38931.359375,11.710238456726074,38943.0703125
bike,dune_bayes,1076,39229.7421875,11.465514183044434,39241.20703125
bike,dune_bayes,1077,42689.703125,10.59121322631836,42700.29296875
bike,dune_bayes,1078,53023.86328125,8.821890830993652,53032.68359375
bike,dune_bayes,1079,50066.16796875,8.988750457763672,50075.15625
bike,dune_bayes,1080,32148.51171875,14.171649932861328,32162.68359375
bike,dune_bayes,1081,45650.94140625,13.610448837280273,45664.55078125
bike,dune_bayes,1082,48939.79296875,7.115399360656738,48946.91015625
bike,dune_bayes,1083,46095.203125,11.48682975769043,46106.69140625
bike,dune_bayes,1084,36413.59375,13.674178123474121,36427.26953125
bike,dune_bayes,1085,39470.46484375,14.672139167785645,39485.13671875
bike,dune_bayes,1086,48975.57421875,10.066649436950684,48985.640625
bike,dune_bayes,1087,43715.8515625,14.374035835266113,43730.2265625
bike,dune_bayes,1088,37550.7109375,14.963104248046875,37565.67578125
bike,dune_bayes,1089,37889.625,12.818169593811035,37902.44140625
bike,dune_bayes,1090,51951.0234375,10.808838844299316,51961.83203125
bike,dune_bayes,1091,40949.83203125,9.159904479980469,40958.9921875
bike,dune_bayes,1092,39579.94921875,8.372261047363281,39588.3203125
bike,dune_bayes,1093,36144.76953125,9.180424690246582,36153.94921875
bike,dune_bayes,1094,35716.375,10.723116874694824,35727.09765625
bike,dune_bayes,1095,35073.84765625,11.000020027160645,35084.84765625
bike,dune_bayes,1096,32423.12890625,11.833967208862305,32434.962890625
bike,dune_bayes,1097,33565.0078125,11.724404335021973,33576.73046875
bike,dune_bayes,1098,36998.73046875,9.203446388244629,37007.93359375
bike,dune_bayes,1099,37452.3671875,8.756268501281738,37461.125
bike,dune_bayes,1100,34989.296875,10.757384300231934,35000.0546875
bike,dune_bayes,1101,43383.3671875,9.046916961669922,43392.4140625
bike,dune_bayes,1102,42440.13671875,9.738786697387695,42449.875
bike,dune_bayes,1103,48389.0703125,8.023173332214355,48397.09375
bike,dune_bayes,1104,45406.88671875,8.081541061401367,45414.96875
bike,dune_bayes,1105,44165.90625,8.33566665649414,44174.2421875
bike,dune_bayes,1106,44420.9375,9.338292121887207,44430.27734375
bike,dune_bayes,1107,42689.703125,10.59121322631836,42700.29296875
bike,dune_bayes,1108,39020.23046875,11.500377655029297,39031.73046875
bike,dune_bayes,1109,39662.0078125,11.95250415802002,39673.9609375
bike,dune_bayes,1110,47363.625,8.376263618469238,47372.0
bike,dune_bayes,1111,51914.82421875,8.724454879760742,51923.546875
bike,dune_bayes,1112,47437.2578125,10.032106399536133,47447.2890625
bike,dune_bayes,1113,47718.640625,9.588395118713379,47728.23046875
bike,dune_bayes,1114,39835.38671875,12.64383316040039,39848.03125
bike,dune_bayes,1115,33731.12109375,12.609213829040527,33743.73046875
bike,dune_bayes,1116,43639.3046875,9.395691871643066,43648.69921875
bike,dune_bayes,1117,44962.7421875,8.392183303833008,44971.1328125
bike,dune_bayes,1118,34317.17578125,12.286112785339355,34329.4609375
bike,dune_bayes,1119,34317.17578125,12.286112785339355,34329.4609375
bike,dune_bayes,1120,45118.69140625,10.844494819641113,45129.53515625
bike,dune_bayes,1121,46066.16796875,11.156668663024902,46077.32421875
bike,dune_bayes,1122,44058.2578125,8.602275848388672,44066.859375
bike,dune_bayes,1123,38931.359375,11.710238456726074,38943.0703125
bike,dune_bayes,1124,42204.359375,9.901079177856445,42214.26171875
bike,dune_bayes,1125,33204.4765625,11.385869026184082,33215.86328125
bike,dune_bayes,1126,40616.6953125,9.881983757019043,40626.578125
bike,dune_bayes,1127,28533.015625,12.043341636657715,28545.05859375
bike,dune_bayes,1128,37610.30859375,9.023720741271973,37619.33203125
bike,dune_bayes,1129,35836.77734375,10.874550819396973,35847.65234375
bike,dune_bayes,1130,33437.203125,11.76460075378418,33448.96875
bike,dune_bayes,1131,33565.0078125,11.724404335021973,33576.73046875
bike,dune_bayes,1132,34921.0,11.509857177734375,34932.51171875
bike,dune_bayes,1133,37196.734375,9.03412914276123,37205.76953125
bike,dune_bayes,1134,37198.10546875,10.636371612548828,37208.7421875
bike,dune_bayes,1135,38560.19140625,13.94272232055664,38574.1328125
bike,dune_bayes,1136,39324.03125,13.888789176940918,39337.921875
bike,dune_bayes,1137,43048.96875,8.431478500366211,43057.3984375
bike,dune_bayes,1138,52008.3125,11.851825714111328,52020.1640625
bike,dune_bayes,1139,46910.16015625,12.924860954284668,46923.0859375
bike,dune_bayes,1140,47309.82421875,12.520750045776367,47322.34375
bike,dune_bayes,1141,45674.14453125,13.46707820892334,45687.61328125
bike,dune_bayes,1142,42558.4375,12.97915267944336,42571.41796875
bike,dune_bayes,1143,48274.7109375,7.515542507171631,48282.2265625
bike,dune_bayes,1144,42440.13671875,9.738786697387695,42449.875
bike,dune_bayes,1145,45691.51953125,8.472522735595703,45699.9921875
bike,dune_bayes,1146,46938.76171875,8.236056327819824,46946.99609375
bike,dune_bayes,1147,43806.04296875,10.109553337097168,43816.15234375
bike,dune_bayes,1148,48081.44921875,11.065276145935059,48092.515625
bike,dune_bayes,1149,46616.12109375,10.459149360656738,46626.58203125
bike,dune_bayes,1150,43999.49609375,11.359161376953125,44010.85546875
bike,dune_bayes,1151,42714.2109375,10.06176471710205,42724.2734375
bike,dune_bayes,1152,38530.81640625,10.300002098083496,38541.1171875
bike,dune_bayes,1153,41463.578125,11.132226943969727,41474.7109375
bike,dune_bayes,1154,41463.578125,11.132226943969727,41474.7109375
bike,dune_bayes,1155,45118.69140625,10.844494819641113,45129.53515625
bike,dune_bayes,1156,47865.2265625,9.563232421875,47874.7890625
bike,dune_bayes,1157,43591.7265625,10.216580390930176,43601.94140625
bike,dune_bayes,1158,44199.3203125,9.57284164428711,44208.89453125
bike,dune_bayes,1159,45010.328125,11.33327865600586,45021.66015625
bike,dune_bayes,1160,36303.91015625,11.524317741394043,36315.43359375
bike,dune_bayes,1161,35568.51171875,11.449376106262207,35579.9609375
bike,dune_bayes,1162,34776.9296875,11.54293441772461,34788.47265625
bike,dune_bayes,1163,34273.63671875,11.731801986694336,34285.3671875
bike,dune_bayes,1164,31195.83984375,14.156970024108887,31209.99609375
bike,dune_bayes,1165,29508.30078125,12.3336763381958,29520.634765625
bike,dune_bayes,1166,47654.3515625,8.91747760772705,47663.26953125
bike,dune_bayes,1167,46716.59375,10.746464729309082,46727.33984375
bike,dune_bayes,1168,46716.59375,10.746464729309082,46727.33984375
bike,dune_bayes,1169,49066.65234375,9.102775573730469,49075.75390625
bike,dune_bayes,1170,50253.34375,7.992933750152588,50261.3359375
bike,dune_bayes,1171,40136.265625,7.345861434936523,40143.61328125
bike,dune_bayes,1172,37516.12109375,7.190577030181885,37523.3125
bike,dune_bayes,1173,41597.23046875,7.856872081756592,41605.0859375
bike,dune_bayes,1174,44138.359375,9.38975715637207,44147.75
bike,dune_bayes,1175,50013.88671875,7.958569049835205,50021.84375
bike,dune_bayes,1176,42814.640625,12.624715805053711,42827.265625
bike,dune_bayes,1177,42814.640625,12.624715805053711,42827.265625
bike,dune_bayes,1178,32169.802734375,12.017582893371582,32181.8203125
bike,dune_bayes,1179,50605.0078125,8.540605545043945,50613.546875
bike,dune_bayes,1180,35684.6328125,9.162214279174805,35693.796875
bike,dune_bayes,1181,44138.359375,9.38975715637207,44147.75
bike,dune_bayes,1182,46259.44140625,10.55716323852539,46270.0
bike,dune_bayes,1183,46259.44140625,10.55716323852539,46270.0
bike,dune_bayes,1184,49067.20703125,7.773693084716797,49074.98046875
bike,dune_bayes,1185,48208.87109375,7.38616418838501,48216.2578125
bike,dune_bayes,1186,49203.85546875,7.348782062530518,49211.203125
bike,dune_bayes,1187,40010.953125,9.54168701171875,40020.49609375
bike,dune_bayes,1188,40647.19140625,9.694446563720703,40656.88671875
bike,dune_bayes,1189,48504.3671875,9.016963958740234,48513.3828125
bike,dune_bayes,1190,47160.69921875,8.208492279052734,47168.90625
bike,dune_bayes,1191,48502.0390625,8.620744705200195,48510.66015625
bike,dune_bayes,1192,47363.625,8.376263618469238,47372.0
bike,dune_bayes,1193,38200.51171875,8.601917266845703,38209.11328125
bike,dune_bayes,1194,39227.6796875,7.970746040344238,39235.65234375
bike,dune_bayes,1195,38239.55859375,8.441344261169434,38248.0
bike,dune_bayes,1196,38601.5234375,8.30911922454834,38609.83203125
bike,dune_bayes,1197,37603.171875,10.691597938537598,37613.86328125
bike,dune_bayes,1198,37495.0078125,11.357019424438477,37506.36328125
bike,dune_bayes,1199,37466.2734375,9.267118453979492,37475.5390625
bike,dune_bayes,1200,35187.59375,8.800037384033203,35196.39453125
bike,dune_bayes,1201,35642.90234375,8.830340385437012,35651.734375
bike,dune_bayes,1202,38526.921875,9.105130195617676,38536.02734375
bike,dune_bayes,1203,38735.55859375,9.694279670715332,38745.25390625
bike,dune_bayes,1204,35441.78515625,11.868926048278809,35453.65234375
bike,dune_bayes,1205,28952.03515625,9.915949821472168,28961.951171875
bike,dune_bayes,1206,29251.736328125,9.618352890014648,29261.35546875
bike,dune_bayes,1207,27560.931640625,9.963314056396484,27570.89453125
bike,dune_bayes,1208,27728.419921875,9.89115047454834,27738.310546875
bike,dune_bayes,1209,27560.931640625,9.963314056396484,27570.89453125
bike,dune_bayes,1210,31116.201171875,10.135130882263184,31126.3359375
bike,dune_bayes,1211,37183.55859375,11.310940742492676,37194.87109375
bike,dune_bayes,1212,31984.16796875,10.649584770202637,31994.818359375
bike,dune_bayes,1213,41690.67578125,11.091534614562988,41701.765625
bike,dune_bayes,1214,37726.9921875,10.97571849822998,37737.96875
bike,dune_bayes,1215,37444.23828125,10.945171356201172,37455.18359375
bike,dune_bayes,1216,38295.7421875,11.142459869384766,38306.8828125
bike,dune_bayes,1217,38016.69140625,11.334770202636719,38028.02734375
bike,dune_bayes,1218,39776.08984375,11.459254264831543,39787.55078125
bike,dune_bayes,1219,37726.9921875,10.97571849822998,37737.96875
bike,dune_bayes,1220,38013.28125,11.042799949645996,38024.32421875
bike,dune_bayes,1221,39205.3515625,11.659404754638672,39217.01171875
bike,dune_bayes,1222,44447.80859375,10.1609468460083,44457.96875
bike,dune_bayes,1223,28354.98828125,11.081340789794922,28366.0703125
bike,dune_bayes,1224,38497.265625,10.060455322265625,38507.32421875
bike,dune_bayes,1225,39562.32421875,10.515657424926758,39572.83984375
bike,dune_bayes,1226,37329.69140625,9.451960563659668,37339.14453125
bike,dune_bayes,1227,34082.0625,9.240598678588867,34091.3046875
bike,dune_bayes,1228,34192.3203125,10.143165588378906,34202.46484375
bike,dune_bayes,1229,39216.12890625,9.856660842895508,39225.984375
bike,dune_bayes,1230,43163.671875,8.957257270812988,43172.62890625
bike,dune_bayes,1231,47854.68359375,8.66812515258789,47863.3515625
bike,dune_bayes,1232,44882.57421875,11.55848217010498,44894.1328125
bike,dune_bayes,1233,52956.84765625,8.385276794433594,52965.234375
bike,dune_bayes,1234,41858.3203125,9.83292007446289,41868.15234375
bike,dune_bayes,1235,42546.23828125,10.001304626464844,42556.23828125
bike,dune_bayes,1236,41065.1640625,10.787981033325195,41075.953125
bike,dune_bayes,1237,41461.47265625,10.702932357788086,41472.17578125
bike,dune_bayes,1238,42689.703125,10.59121322631836,42700.29296875
bike,dune_bayes,1239,46121.609375,9.491636276245117,46131.1015625
bike,dune_bayes,1240,40802.40625,9.7510347366333,40812.15625
bike,dune_bayes,1241,44382.44921875,8.993107795715332,44391.44140625
bike,dune_bayes,1242,39259.63671875,10.619683265686035,39270.2578125
bike,dune_bayes,1243,43368.44140625,9.346650123596191,43377.7890625
bike,dune_bayes,1244,49266.5390625,7.789494037628174,49274.328125
bike,dune_bayes,1245,47116.22265625,8.27245807647705,47124.49609375
bike,dune_bayes,1246,47328.90234375,8.332390785217285,47337.234375
bike,dune_bayes,1247,44138.359375,9.38975715637207,44147.75
bike,dune_bayes,1248,47712.6796875,7.941437721252441,47720.62109375
bike,dune_bayes,1249,25460.611328125,6.433600425720215,25467.044921875
bike,dune_bayes,1250,24247.166015625,6.367565155029297,24253.533203125
bike,dune_bayes,1251,20407.02734375,7.388408184051514,20414.416015625
bike,dune_bayes,1252,20285.51953125,7.516422271728516,20293.03515625
bike,dune_bayes,1253,40860.87890625,8.537956237792969,40869.41796875
bike,dune_bayes,1254,18129.197265625,9.255149841308594,18138.453125
bike,dune_bayes,1255,21695.083984375,7.348637580871582,21702.43359375
bike,dune_bayes,1256,21129.392578125,7.410972595214844,21136.802734375
bike,dune_bayes,1257,27896.224609375,7.37490701675415,27903.599609375
bike,dune_bayes,1258,17464.896484375,8.564212799072266,17473.4609375
bike,dune_bayes,1259,21129.392578125,7.410972595214844,21136.802734375
bike,dune_bayes,1260,36575.23046875,6.976046085357666,36582.20703125
bike,dune_bayes,1261,38456.91015625,7.915665626525879,38464.82421875
bike,dune_bayes,1262,32986.30078125,6.90108060836792,32993.203125
bike,dune_bayes,1263,34938.3984375,6.838200092315674,34945.23828125
bike,dune_bayes,1264,39239.3984375,6.292730808258057,39245.69140625
bike,dune_bayes,1265,48014.99609375,7.002401828765869,48022.0
bike,dune_bayes,1266,51396.72265625,7.7436957359313965,51404.46484375
bike,dune_bayes,1267,48445.90234375,7.123871803283691,48453.02734375
bike,dune_bayes,1268,39445.75390625,7.294642448425293,39453.046875
bike,dune_bayes,1269,30106.21484375,9.35202693939209,30115.56640625
bike,dune_bayes,1270,30106.21484375,9.35202693939209,30115.56640625
bike,dune_bayes,1271,27728.419921875,9.89115047454834,27738.310546875
bike,dune_bayes,1272,32982.890625,9.582378387451172,32992.47265625
bike,dune_bayes,1273,36994.9921875,10.455733299255371,37005.44921875
bike,dune_bayes,1274,31984.16796875,10.649584770202637,31994.818359375
bike,dune_bayes,1275,29024.23828125,10.376180648803711,29034.615234375
bike,dune_bayes,1276,26615.669921875,10.248613357543945,26625.91796875
bike,dune_bayes,1277,34668.87890625,11.244036674499512,34680.12109375
bike,dune_bayes,1278,36480.125,10.876801490783691,36491.0
bike,dune_bayes,1279,34313.96875,11.097426414489746,34325.06640625
bike,dune_bayes,1280,34552.0625,11.18808364868164,34563.25
bike,dune_bayes,1281,40541.21484375,10.8046236038208,40552.01953125
bike,dune_bayes,1282,43655.6953125,10.34588623046875,43666.04296875
bike,dune_bayes,1283,41690.67578125,11.091534614562988,41701.765625
bike,dune_bayes,1284,38013.28125,11.042799949645996,38024.32421875
bike,dune_bayes,1285,35317.734375,11.67625617980957,35329.41015625
bike,dune_bayes,1286,38013.28125,11.042799949645996,38024.32421875
bike,dune_bayes,1287,36487.05859375,11.515451431274414,36498.57421875
bike,dune_bayes,1288,34668.87890625,11.244036674499512,34680.12109375
bike,dune_bayes,1289,39205.3515625,11.659404754638672,39217.01171875
bike,dune_bayes,1290,38013.28125,11.042799949645996,38024.32421875
bike,dune_bayes,1291,32011.203125,10.784507751464844,32021.98828125
bike,dune_bayes,1292,27215.3125,11.57260513305664,27226.884765625
bike,dune_bayes,1293,26341.109375,10.886079788208008,26351.99609375
bike,dune_bayes,1294,29844.80078125,10.881441116333008,29855.681640625
bike,dune_bayes,1295,40029.36328125,9.459290504455566,40038.82421875
bike,dune_bayes,1296,32443.67578125,10.972603797912598,32454.6484375
bike,dune_bayes,1297,33204.4765625,11.385869026184082,33215.86328125
bike,dune_bayes,1298,32443.67578125,10.972603797912598,32454.6484375
bike,dune_bayes,1299,40163.59375,10.792851448059082,40174.38671875
bike,dune_bayes,1300,36799.33984375,10.908068656921387,36810.24609375
bike,dune_bayes,1301,32255.37109375,11.80465316772461,32267.17578125
bike,dune_bayes,1302,32121.01953125,11.747660636901855,32132.767578125
bike,dune_bayes,1303,39205.3515625,11.659404754638672,39217.01171875
bike,dune_bayes,1304,41463.578125,11.132226943969727,41474.7109375
bike,dune_bayes,1305,40541.21484375,10.8046236038208,40552.01953125
bike,dune_bayes,1306,48954.9296875,8.077495574951172,48963.0078125
bike,dune_bayes,1307,41201.14453125,10.91950511932373,41212.0625
bike,dune_bayes,1308,38013.28125,11.042799949645996,38024.32421875
bike,dune_bayes,1309,38013.28125,11.042799949645996,38024.32421875
bike,dune_bayes,1310,38434.390625,11.202766418457031,38445.59375
bike,dune_bayes,1311,38295.7421875,11.142459869384766,38306.8828125
bike,dune_bayes,1312,38295.7421875,11.142459869384766,38306.8828125
bike,dune_bayes,1313,40541.21484375,10.8046236038208,40552.01953125
bike,dune_bayes,1314,42493.6953125,11.325173377990723,42505.01953125
bike,dune_bayes,1315,46764.01953125,10.213767051696777,46774.234375
bike,dune_bayes,1316,41445.078125,11.080760955810547,41456.16015625
bike,dune_bayes,1317,41201.14453125,10.91950511932373,41212.0625
bike,dune_bayes,1318,41666.171875,10.184772491455078,41676.35546875
bike,dune_bayes,1319,37127.03125,10.183316230773926,37137.21484375
bike,dune_bayes,1320,37168.76953125,10.951488494873047,37179.72265625
bike,dune_bayes,1321,38694.2734375,9.700634002685547,38703.97265625
bike,dune_bayes,1322,33833.671875,11.018896102905273,33844.69140625
bike,dune_bayes,1323,33833.671875,11.018896102905273,33844.69140625
bike,dune_bayes,1324,35574.9375,10.646553039550781,35585.5859375
bike,dune_bayes,1325,48994.91015625,7.264930248260498,49002.17578125
bike,dune_bayes,1326,45754.99609375,10.211915969848633,45765.20703125
bike,dune_bayes,1327,43688.0,11.816128730773926,43699.81640625
bike,dune_bayes,1328,44176.23046875,7.068911552429199,44183.30078125
bike,dune_bayes,1329,29531.068359375,8.700891494750977,29539.76953125
bike,dune_bayes,1330,40829.75390625,8.184991836547852,40837.9375
bike,dune_bayes,1331,24220.021484375,6.95341157913208,24226.974609375
bike,dune_bayes,1332,12884.154296875,10.00806713104248,12894.162109375
bike,dune_bayes,1333,17956.068359375,7.843763828277588,17963.912109375
bike,dune_bayes,1334,15119.8662109375,8.816320419311523,15128.6826171875
bike,dune_bayes,1335,8294.9541015625,11.650635719299316,8306.6044921875
bike,dune_bayes,1336,8294.9541015625,11.650635719299316,8306.6044921875
bike,dune_bayes,1337,8138.69873046875,11.949618339538574,8150.6484375
bike,dune_bayes,1338,20550.021484375,6.865159511566162,20556.88671875
bike,dune_bayes,1339,9615.345703125,11.061999320983887,9626.4072265625
bike,dune_bayes,1340,9650.5126953125,11.036999702453613,9661.5498046875
bike,dune_bayes,1341,15159.7119140625,8.471055030822754,15168.1826171875
bike,dune_bayes,1342,13704.42578125,9.669782638549805,13714.095703125
bike,dune_bayes,1343,18563.447265625,7.799839973449707,18571.248046875
bike,dune_bayes,1344,18671.603515625,7.845218181610107,18679.44921875
bike,dune_bayes,1345,20536.904296875,7.293454647064209,20544.197265625
bike,dune_bayes,1346,20959.33984375,7.231104373931885,20966.5703125
bike,dune_bayes,1347,14063.0859375,9.847064971923828,14072.9326171875
bike,dune_bayes,1348,15814.564453125,9.209586143493652,15823.7744140625
bike,dune_bayes,1349,29944.83984375,6.185275077819824,29951.025390625
bike,dune_bayes,1350,42821.53515625,7.5613789558410645,42829.09765625
bike,dune_bayes,1351,45404.15234375,8.359723091125488,45412.51171875
bike,dune_bayes,1352,44410.75390625,7.953164100646973,44418.70703125
bike,dune_bayes,1353,41575.6171875,7.272407531738281,41582.890625
bike,dune_bayes,1354,26268.84375,7.6104936599731445,26276.455078125
bike,dune_bayes,1355,48502.359375,8.54159927368164,48510.90234375
bike,dune_bayes,1356,31876.6875,7.658448696136475,31884.345703125
bike,dune_bayes,1357,26969.431640625,8.470771789550781,26977.90234375
bike,dune_bayes,1358,45720.0859375,8.99311637878418,45729.078125
bike,dune_bayes,1359,46490.0,8.945488929748535,46498.9453125
bike,dune_bayes,1360,29320.87109375,7.665732383728027,29328.537109375
bike,dune_bayes,1361,19411.5859375,9.307133674621582,19420.892578125
bike,dune_bayes,1362,17228.927734375,9.469207763671875,17238.396484375
bike,dune_bayes,1363,52637.296875,10.137029647827148,52647.43359375
bike,dune_bayes,1364,45691.921875,6.700894355773926,45698.62109375
bike,dune_bayes,1365,18489.390625,9.543184280395508,18498.93359375
bike,dune_bayes,1366,41246.5859375,12.565852165222168,41259.15234375
bike,dune_bayes,1367,40196.0546875,11.260505676269531,40207.31640625
bike,dune_bayes,1368,16575.5625,10.282764434814453,16585.845703125
bike,dune_bayes,1369,14696.203125,10.438089370727539,14706.6416015625
bike,dune_bayes,1370,16575.5625,10.282764434814453,16585.845703125
bike,dune_bayes,1371,30438.9609375,8.92067813873291,30447.880859375
bike,dune_bayes,1372,38894.265625,8.953352928161621,38903.21875
bike,dune_bayes,1373,29630.34765625,8.743539810180664,29639.091796875
bike,dune_bayes,1374,46706.0234375,7.232870101928711,46713.2578125
bike,dune_bayes,1375,44178.2421875,7.807950973510742,44186.05078125
bike,dune_bayes,1376,42273.53515625,8.7490816116333,42282.28515625
bike,dune_bayes,1377,41574.65234375,8.737443923950195,41583.390625
bike,dune_bayes,1378,28608.1953125,10.456232070922852,28618.65234375
bike,dune_bayes,1379,28823.626953125,10.088225364685059,28833.71484375
bike,dune_bayes,1380,27189.49609375,10.271278381347656,27199.767578125
bike,dune_bayes,1381,29094.3828125,9.758042335510254,29104.140625
bike,dune_bayes,1382,27560.931640625,9.963314056396484,27570.89453125
bike,dune_bayes,1383,27728.419921875,9.89115047454834,27738.310546875
bike,dune_bayes,1384,28267.1015625,9.892786026000977,28276.994140625
bike,dune_bayes,1385,29024.23828125,10.376180648803711,29034.615234375
bike,dune_bayes,1386,29024.23828125,10.376180648803711,29034.615234375
bike,dune_bayes,1387,26615.669921875,10.248613357543945,26625.91796875
bike,dune_bayes,1388,29592.935546875,10.570228576660156,29603.505859375
bike,dune_bayes,1389,43202.4375,10.118952751159668,43212.5546875
bike,dune_bayes,1390,40576.71875,9.911476135253906,40586.62890625
bike,dune_bayes,1391,33766.60546875,10.420510292053223,33777.02734375
bike,dune_bayes,1392,32750.966796875,9.573649406433105,32760.541015625
bike,dune_bayes,1393,40402.5078125,10.781631469726562,40413.2890625
bike,dune_bayes,1394,24530.607421875,6.852749824523926,24537.4609375
bike,dune_bayes,1395,34507.34375,12.928714752197266,34520.2734375
bike,dune_bayes,1396,23938.986328125,7.661706447601318,23946.6484375
bike,dune_bayes,1397,18354.828125,7.282426357269287,18362.111328125
bike,dune_bayes,1398,32855.00390625,9.809953689575195,32864.8125
bike,dune_bayes,1399,35931.30859375,12.014036178588867,35943.32421875
bike,dune_bayes,1400,35918.49609375,11.482142448425293,35929.9765625
bike,dune_bayes,1401,34137.4921875,10.64939022064209,34148.140625
bike,dune_bayes,1402,31728.744140625,9.107186317443848,31737.8515625
bike,dune_bayes,1403,40151.2421875,7.4741740226745605,40158.71484375
bike,dune_bayes,1404,39285.48046875,6.231533050537109,39291.7109375
bike,dune_bayes,1405,33922.37890625,6.09667444229126,33928.4765625
bike,dune_bayes,1406,37247.87890625,6.845814228057861,37254.7265625
bike,dune_bayes,1407,47837.0703125,11.72530746459961,47848.796875
bike,dune_bayes,1408,48492.57421875,9.521439552307129,48502.09375
bike,dune_bayes,1409,25746.5234375,10.641288757324219,25757.1640625
bike,dune_bayes,1410,24754.71875,9.809175491333008,24764.52734375
bike,dune_bayes,1411,24436.384765625,10.134162902832031,24446.51953125
bike,dune_bayes,1412,26615.669921875,10.248613357543945,26625.91796875
bike,dune_bayes,1413,30907.1484375,10.090957641601562,30917.240234375
bike,dune_bayes,1414,32212.00390625,10.846860885620117,32222.8515625
bike,dune_bayes,1415,18563.447265625,7.799839973449707,18571.248046875
bike,dune_bayes,1416,18454.044921875,7.78559684753418,18461.830078125
bike,dune_bayes,1417,25144.46484375,6.399023056030273,25150.86328125
bike,dune_bayes,1418,36119.6796875,9.407140731811523,36129.0859375
bike,dune_bayes,1419,30145.45703125,7.248263359069824,30152.705078125
bike,dune_bayes,1420,20592.34375,6.951241970062256,20599.294921875
bike,dune_bayes,1421,23753.580078125,6.449933052062988,23760.029296875
bike,dune_bayes,1422,32726.552734375,9.539795875549316,32736.091796875
bike,dune_bayes,1423,26546.5703125,7.18383264541626,26553.75390625
bike,dune_bayes,1424,25621.314453125,7.5519208908081055,25628.8671875
bike,dune_bayes,1425,22726.244140625,7.02001953125,22733.263671875
bike,dune_bayes,1426,15781.8203125,9.143881797790527,15790.9638671875
bike,dune_bayes,1427,12328.51953125,10.462312698364258,12338.9814453125
bike,dune_bayes,1428,9839.6611328125,11.376733779907227,9851.0380859375
bike,dune_bayes,1429,8934.3603515625,11.40866470336914,8945.7685546875
bike,dune_bayes,1430,15740.3505859375,9.160253524780273,15749.5107421875
bike,dune_bayes,1431,12821.509765625,10.40942668914795,12831.9189453125
bike,dune_bayes,1432,14035.4736328125,9.812814712524414,14045.2861328125
bike,dune_bayes,1433,40373.96875,6.043203830718994,40380.01171875
bike,dune_bayes,1434,17354.490234375,8.897899627685547,17363.388671875
bike,dune_bayes,1435,14438.880859375,9.49130916595459,14448.3720703125
bike,dune_bayes,1436,24697.16015625,7.322084903717041,24704.482421875
bike,dune_bayes,1437,38523.16015625,8.879453659057617,38532.0390625
bike,dune_bayes,1438,41750.42578125,11.587082862854004,41762.01171875
bike,dune_bayes,1439,44607.0703125,10.686065673828125,44617.7578125
bike,dune_bayes,1440,41674.85546875,9.590319633483887,41684.4453125
bike,dune_bayes,1441,27552.1796875,8.843585014343262,27561.0234375
bike,dune_bayes,1442,17879.9765625,10.105908393859863,17890.08203125
bike,dune_bayes,1443,17879.9765625,10.105908393859863,17890.08203125
bike,dune_bayes,1444,24428.404296875,9.126419067382812,24437.53125
bike,dune_bayes,1445,24275.60546875,9.097957611083984,24284.703125
bike,dune_bayes,1446,29531.068359375,8.700891494750977,29539.76953125
bike,dune_bayes,1447,39788.2265625,7.302178382873535,39795.52734375
bike,dune_bayes,1448,22122.787109375,8.432387351989746,22131.21875
bike,dune_bayes,1449,19680.697265625,8.10793685913086,19688.8046875
bike,dune_bayes,1450,22184.34375,7.943283557891846,22192.287109375
bike,dune_bayes,1451,27277.98046875,9.012396812438965,27286.9921875
bike,dune_bayes,1452,22980.076171875,7.315931797027588,22987.392578125
bike,dune_bayes,1453,6705.52490234375,13.174341201782227,6718.69921875
bike,dune_bayes,1454,5482.94921875,13.90326976776123,5496.8525390625
bike,dune_bayes,1455,6359.8349609375,14.056410789489746,6373.8916015625
bike,dune_bayes,1456,5978.3759765625,12.858176231384277,5991.234375
bike,dune_bayes,1457,10775.671875,11.075281143188477,10786.7470703125
bike,dune_bayes,1458,13447.91015625,9.640044212341309,13457.5498046875
bike,dune_bayes,1459,21476.005859375,8.726482391357422,21484.732421875
bike,dune_bayes,1460,21790.236328125,8.406336784362793,21798.642578125
bike,dune_bayes,1461,5365.81591796875,12.808367729187012,5378.62451171875
bike,dune_bayes,1462,29345.681640625,8.386160850524902,29354.068359375
bike,dune_bayes,1463,15739.544921875,8.757479667663574,15748.302734375
bike,dune_bayes,1464,13629.34375,9.590126037597656,13638.93359375
bike,dune_bayes,1465,11777.0400390625,10.164572715759277,11787.205078125
bike,dune_bayes,1466,18141.3671875,7.966494083404541,18149.333984375
bike,dune_bayes,1467,39075.50390625,8.450651168823242,39083.953125
bike,dune_bayes,1468,34350.12890625,6.817272663116455,34356.9453125
bike,dune_bayes,1469,38532.10546875,8.936854362487793,38541.04296875
bike,dune_bayes,1470,13842.8623046875,9.948019981384277,13852.810546875
bike,dune_bayes,1471,9769.603515625,11.236762046813965,9780.83984375
bike,dune_bayes,1472,9769.603515625,11.236762046813965,9780.83984375
bike,dune_bayes,1473,36122.55859375,7.717670440673828,36130.27734375
bike,dune_bayes,1474,23636.18359375,6.505702972412109,23642.689453125
bike,dune_bayes,1475,14817.3388671875,9.04948902130127,14826.388671875
bike,dune_bayes,1476,12716.82421875,9.956299781799316,12726.7802734375
bike,dune_bayes,1477,26061.095703125,6.156576156616211,26067.251953125
bike,dune_bayes,1478,38925.84765625,8.744915008544922,38934.59375
bike,dune_bayes,1479,35742.609375,6.875383377075195,35749.484375
bike,dune_bayes,1480,15851.0595703125,9.243721008300781,15860.3037109375
bike,dune_bayes,1481,16054.888671875,9.532039642333984,16064.4208984375
bike,dune_bayes,1482,24725.47265625,7.445277214050293,24732.91796875
bike,dune_bayes,1483,29521.568359375,12.465021133422852,29534.033203125
bike,dune_bayes,1484,21112.9609375,10.283519744873047,21123.244140625
bike,dune_bayes,1485,21128.9765625,9.37635326385498,21138.353515625
bike,dune_bayes,1486,24280.751953125,10.825923919677734,24291.578125
bike,dune_bayes,1487,23980.435546875,10.655671119689941,23991.091796875
bike,dune_bayes,1488,23202.443359375,9.249667167663574,23211.693359375
bike,dune_bayes,1489,8544.0595703125,11.925308227539062,8555.9853515625
bike,dune_bayes,1490,6263.33154296875,12.880881309509277,6276.21240234375
bike,dune_bayes,1491,8514.3701171875,11.684405326843262,8526.0546875
bike,dune_bayes,1492,8192.90234375,11.734359741210938,8204.63671875
bike,dune_bayes,1493,11552.75,10.410429954528809,11563.16015625
bike,dune_bayes,1494,8185.23388671875,11.431300163269043,8196.6650390625
bike,dune_bayes,1495,11638.5576171875,10.689887046813965,11649.2470703125
bike,dune_bayes,1496,30491.564453125,5.80308723449707,30497.3671875
bike,dune_bayes,1497,42774.703125,8.551728248596191,42783.25390625
bike,dune_bayes,1498,48061.625,9.801146507263184,48071.42578125
bike,dune_bayes,1499,18830.30859375,8.545577049255371,18838.853515625
bike,dune_bayes,1500,11638.5576171875,10.689887046813965,11649.2470703125
bike,dune_bayes,1501,9025.087890625,11.491950988769531,9036.580078125
bike,dune_bayes,1502,9025.087890625,11.491950988769531,9036.580078125
bike,dune_bayes,1503,8192.90234375,11.734359741210938,8204.63671875
bike,dune_bayes,1504,18487.744140625,8.224852561950684,18495.96875
bike,dune_bayes,1505,39451.54296875,9.208126068115234,39460.75
bike,dune_bayes,1506,39842.7109375,8.566061973571777,39851.27734375
bike,dune_bayes,1507,22042.1171875,8.257200241088867,22050.375
bike,dune_bayes,1508,14217.5419921875,10.13633918762207,14227.6787109375
bike,dune_bayes,1509,14217.5419921875,10.13633918762207,14227.6787109375
bike,dune_bayes,1510,14217.5419921875,10.13633918762207,14227.6787109375
bike,dune_bayes,1511,10924.7431640625,10.987421035766602,10935.73046875
bike,dune_bayes,1512,16845.943359375,9.429917335510254,16855.373046875
bike,dune_bayes,1513,13366.6201171875,9.956443786621094,13376.576171875
bike,dune_bayes,1514,13578.423828125,9.573868751525879,13587.998046875
bike,dune_bayes,1515,22866.384765625,12.425142288208008,22878.810546875
bike,dune_bayes,1516,21826.552734375,13.62382698059082,21840.17578125
bike,dune_bayes,1517,21680.5390625,12.925049781799316,21693.46484375
bike,dune_bayes,1518,22168.1796875,12.811927795410156,22180.9921875
bike,dune_bayes,1519,22292.46484375,12.749775886535645,22305.21484375
bike,dune_bayes,1520,24480.509765625,10.936469078063965,24491.4453125
bike,dune_bayes,1521,19467.076171875,8.946545600891113,19476.0234375
bike,dune_bayes,1522,19467.076171875,8.946545600891113,19476.0234375
bike,dune_bayes,1523,10363.923828125,10.969371795654297,10374.8935546875
bike,dune_bayes,1524,18594.150390625,8.053621292114258,18602.203125
bike,dune_bayes,1525,21215.615234375,8.529741287231445,21224.14453125
bike,dune_bayes,1526,28965.5078125,10.915358543395996,28976.423828125
bike,dune_bayes,1527,23051.33984375,8.92154312133789,23060.26171875
bike,dune_bayes,1528,21675.68359375,7.209240436553955,21682.892578125
bike,dune_bayes,1529,24084.533203125,10.18156623840332,24094.71484375
bike,dune_bayes,1530,30960.58984375,11.91756820678711,30972.5078125
bike,dune_bayes,1531,28730.416015625,11.736984252929688,28742.15234375
bike,dune_bayes,1532,29024.451171875,6.161150932312012,29030.61328125
bike,dune_bayes,1533,23424.12890625,6.9898529052734375,23431.119140625
bike,dune_bayes,1534,23263.57421875,7.0808563232421875,23270.654296875
bike,dune_bayes,1535,43017.65234375,7.4988861083984375,43025.15234375
bike,dune_bayes,1536,37476.7265625,6.703049659729004,37483.4296875
bike,dune_bayes,1537,36595.78515625,6.154169082641602,36601.9375
bike,dune_bayes,1538,31105.8515625,6.669423580169678,31112.521484375
bike,dune_bayes,1539,29426.451171875,7.705660820007324,29434.15625
bike,dune_bayes,1540,17598.734375,9.759194374084473,17608.494140625
bike,dune_bayes,1541,17641.498046875,9.795957565307617,17651.294921875
bike,dune_bayes,1542,17879.9765625,10.105908393859863,17890.08203125
bike,dune_bayes,1543,17511.73046875,9.705549240112305,17521.435546875
bike,dune_bayes,1544,19997.951171875,9.674773216247559,20007.625
bike,dune_bayes,1545,16692.05078125,9.646292686462402,16701.697265625
bike,dune_bayes,1546,15248.2158203125,9.603245735168457,15257.8193359375
bike,dune_bayes,1547,18829.912109375,8.604214668273926,18838.515625
bike,dune_bayes,1548,25218.787109375,7.53840446472168,25226.326171875
bike,dune_bayes,1549,22656.923828125,7.563179016113281,22664.486328125
bike,dune_bayes,1550,25699.154296875,8.962044715881348,25708.1171875
bike,dune_bayes,1551,25957.17578125,10.909862518310547,25968.0859375
bike,dune_bayes,1552,29099.904296875,11.39263916015625,29111.296875
bike,dune_bayes,1553,26877.1796875,9.877206802368164,26887.056640625
bike,dune_bayes,1554,30552.806640625,11.550633430480957,30564.357421875
bike,dune_bayes,1555,33199.7890625,12.054035186767578,33211.84375
bike,dune_bayes,1556,30525.9140625,11.955689430236816,30537.869140625
bike,dune_bayes,1557,31923.884765625,11.876999855041504,31935.76171875
bike,dune_bayes,1558,21000.283203125,9.28744125366211,21009.5703125
bike,dune_bayes,1559,21411.560546875,9.44299030303955,21421.00390625
bike,dune_bayes,1560,23315.74609375,11.118088722229004,23326.86328125
bike,dune_bayes,1561,21543.49609375,10.322269439697266,21553.818359375
bike,dune_bayes,1562,23585.779296875,11.458516120910645,23597.23828125
bike,dune_bayes,1563,24573.734375,10.12414836883545,24583.859375
bike,dune_bayes,1564,18354.828125,7.282426357269287,18362.111328125
bike,dune_bayes,1565,19755.732421875,6.9583539962768555,19762.69140625
bike,dune_bayes,1566,19670.697265625,7.4990081787109375,19678.1953125
bike,dune_bayes,1567,20011.65234375,7.55760383605957,20019.208984375
bike,dune_bayes,1568,31571.87109375,6.346752643585205,31578.21875
bike,dune_bayes,1569,32987.5078125,6.511674880981445,32994.01953125
bike,dune_bayes,1570,17336.60546875,9.698770523071289,17346.3046875
bike,dune_bayes,1571,19997.951171875,9.674773216247559,20007.625
bike,dune_bayes,1572,29531.068359375,8.700891494750977,29539.76953125
bike,dune_bayes,1573,29106.1015625,7.605984210968018,29113.70703125
bike,dune_bayes,1574,23684.451171875,8.39975357055664,23692.8515625
bike,dune_bayes,1575,13922.6279296875,9.744915962219238,13932.373046875
bike,dune_bayes,1576,13922.6279296875,9.744915962219238,13932.373046875
bike,dune_bayes,1577,10726.787109375,10.686917304992676,10737.4736328125
bike,dune_bayes,1578,12458.8193359375,10.518502235412598,12469.337890625
bike,dune_bayes,1579,22269.14453125,9.602538108825684,22278.74609375
bike,dune_bayes,1580,27165.841796875,8.751230239868164,27174.59375
bike,dune_bayes,1581,23758.720703125,7.858498573303223,23766.580078125
bike,dune_bayes,1582,19273.1875,9.678980827331543,19282.8671875
bike,dune_bayes,1583,26700.36328125,10.523832321166992,26710.88671875
bike,dune_bayes,1584,29267.0078125,11.349005699157715,29278.357421875
bike,dune_bayes,1585,14352.73828125,9.668432235717773,14362.40625
bike,dune_bayes,1586,27617.677734375,6.840207576751709,27624.517578125
bike,dune_bayes,1587,9449.0986328125,11.168890953063965,9460.267578125
bike,dune_bayes,1588,9531.1474609375,11.442611694335938,9542.58984375
bike,dune_bayes,1589,11874.615234375,10.09708023071289,11884.7119140625
bike,dune_bayes,1590,11996.4453125,10.049015045166016,12006.494140625
bike,dune_bayes,1591,26948.15234375,8.433613777160645,26956.5859375
bike,dune_bayes,1592,30801.19140625,9.610507011413574,30810.802734375
bike,dune_bayes,1593,9615.345703125,11.061999320983887,9626.4072265625
bike,dune_bayes,1594,10481.66796875,10.828423500061035,10492.49609375
bike,dune_bayes,1595,35008.0078125,12.162909507751465,35020.171875
bike,dune_bayes,1596,27953.681640625,6.387433052062988,27960.068359375
bike,dune_bayes,1597,22992.072265625,7.406103610992432,22999.478515625
bike,dune_bayes,1598,22870.3203125,8.024340629577637,22878.34375
bike,dune_bayes,1599,29328.857421875,8.635941505432129,29337.494140625
bike,dune_bayes,1600,25064.744140625,9.560802459716797,25074.3046875
bike,dune_bayes,1601,13687.5966796875,10.11918830871582,13697.7158203125
bike,dune_bayes,1602,12473.17578125,10.199735641479492,12483.3759765625
bike,dune_bayes,1603,27711.845703125,10.892823219299316,27722.73828125
bike,dune_bayes,1604,24197.755859375,8.318278312683105,24206.07421875
bike,dune_bayes,1605,22486.880859375,8.622025489807129,22495.501953125
bike,dune_bayes,1606,24716.5390625,9.279593467712402,24725.818359375
bike,dune_bayes,1607,18864.310546875,9.24929428100586,18873.560546875
bike,dune_bayes,1608,16167.060546875,9.003918647766113,16176.064453125
bike,dune_bayes,1609,9493.2841796875,11.483443260192871,9504.767578125
bike,dune_bayes,1610,25922.5390625,7.430850505828857,25929.970703125
bike,dune_bayes,1611,20331.5078125,9.037187576293945,20340.544921875
bike,dune_bayes,1612,16452.697265625,8.79269790649414,16461.490234375
bike,dune_bayes,1613,13384.419921875,9.762567520141602,13394.1826171875
bike,dune_bayes,1614,10707.74609375,10.837482452392578,10718.583984375
bike,dune_bayes,1615,20240.0078125,7.697057723999023,20247.705078125
bike,dune_bayes,1616,11898.84375,10.124595642089844,11908.96875
bike,dune_bayes,1617,8544.0595703125,11.925308227539062,8555.9853515625
bike,dune_bayes,1618,6678.6416015625,12.673745155334473,6691.3154296875
bike,dune_bayes,1619,6678.6416015625,12.673745155334473,6691.3154296875
bike,dune_bayes,1620,14225.337890625,9.096150398254395,14234.43359375
bike,dune_bayes,1621,8921.4736328125,11.379651069641113,8932.853515625
bike,dune_bayes,1622,9010.6962890625,11.192325592041016,9021.888671875
bike,dune_bayes,1623,22042.1171875,8.257200241088867,22050.375
bike,dune_bayes,1624,17336.60546875,9.698770523071289,17346.3046875
bike,dune_bayes,1625,16079.087890625,10.033567428588867,16089.12109375
bike,dune_bayes,1626,16079.087890625,10.033567428588867,16089.12109375
bike,dune_bayes,1627,14017.7998046875,10.216307640075684,14028.015625
bike,dune_bayes,1628,15862.919921875,10.199378967285156,15873.119140625
bike,dune_bayes,1629,15932.0224609375,10.106358528137207,15942.12890625
bike,dune_bayes,1630,14219.2421875,10.301741600036621,14229.5439453125
bike,dune_bayes,1631,14017.7998046875,10.216307640075684,14028.015625
bike,dune_bayes,1632,10738.0,11.243000030517578,10749.2431640625
bike,dune_bayes,1633,6057.81982421875,13.744630813598633,6071.564453125
bike,dune_bayes,1634,6034.77587890625,13.296431541442871,6048.072265625
bike,dune_bayes,1635,22838.294921875,8.752184867858887,22847.046875
bike,dune_bayes,1636,25847.849609375,9.76284122467041,25857.61328125
bike,dune_bayes,1637,15787.978515625,9.187119483947754,15797.166015625
bike,dune_bayes,1638,19803.626953125,8.78458309173584,19812.412109375
bike,dune_bayes,1639,15934.021484375,9.475452423095703,15943.4970703125
bike,dune_bayes,1640,9493.2841796875,11.483443260192871,9504.767578125
bike,dune_bayes,1641,9488.943359375,11.441624641418457,9500.384765625
bike,dune_bayes,1642,27984.080078125,8.673962593078613,27992.75390625
bike,dune_bayes,1643,27849.08203125,9.86890697479248,27858.951171875
bike,dune_bayes,1644,23628.70703125,6.90887975692749,23635.615234375
bike,dune_bayes,1645,24316.068359375,7.562508583068848,24323.630859375
bike,dune_bayes,1646,19080.068359375,8.515867233276367,19088.583984375
bike,dune_bayes,1647,19080.068359375,8.515867233276367,19088.583984375
bike,dune_bayes,1648,16535.5234375,9.041549682617188,16544.564453125
bike,dune_bayes,1649,16551.611328125,8.79487133026123,16560.40625
bike,dune_bayes,1650,18194.740234375,8.837759017944336,18203.578125
bike,dune_bayes,1651,22775.091796875,13.334851264953613,22788.42578125
bike,dune_bayes,1652,20629.951171875,9.674604415893555,20639.625
bike,dune_bayes,1653,20660.279296875,9.563135147094727,20669.841796875
bike,dune_bayes,1654,28388.615234375,12.831533432006836,28401.447265625
bike,dune_bayes,1655,28197.369140625,12.92519760131836,28210.294921875
bike,dune_bayes,1656,16008.1220703125,9.410612106323242,16017.5322265625
bike,dune_bayes,1657,16104.763671875,9.667109489440918,16114.4306640625
bike,dune_bayes,1658,16104.763671875,9.667109489440918,16114.4306640625
bike,dune_bayes,1659,8419.1015625,11.946954727172852,8431.048828125
bike,dune_bayes,1660,8482.4580078125,11.660812377929688,8494.119140625
bike,dune_bayes,1661,27708.09765625,9.428589820861816,27717.525390625
bike,dune_bayes,1662,27543.03515625,9.20506477355957,27552.240234375
bike,dune_bayes,1663,25395.81640625,7.979498863220215,25403.796875
bike,dune_bayes,1664,25860.98046875,8.421998977661133,25869.40234375
bike,dune_bayes,1665,12583.59765625,10.431828498840332,12594.029296875
bike,dune_bayes,1666,9493.2841796875,11.483443260192871,9504.767578125
bike,dune_bayes,1667,6407.18798828125,12.552830696105957,6419.74072265625
bike,dune_bayes,1668,9097.431640625,11.654741287231445,9109.0859375
bike,dune_bayes,1669,27495.80078125,11.153158187866211,27506.953125
bike,dune_bayes,1670,28779.96484375,10.764240264892578,28790.728515625
bike,dune_bayes,1671,20355.70703125,8.354528427124023,20364.0625
bike,dune_bayes,1672,27325.7265625,8.3832368850708,27334.109375
bike,dune_bayes,1673,26162.83984375,7.468109607696533,26170.30859375
bike,dune_bayes,1674,22733.884765625,7.239194393157959,22741.123046875
bike,dune_bayes,1675,37900.00390625,8.218554496765137,37908.22265625
bike,dune_bayes,1676,25995.0078125,6.753104209899902,26001.76171875
bike,dune_bayes,1677,37725.80859375,6.506121635437012,37732.31640625
bike,dune_bayes,1678,27740.564453125,10.91073226928711,27751.474609375
bike,dune_bayes,1679,28655.5078125,10.42141342163086,28665.9296875
bike,dune_bayes,1680,16356.9404296875,9.007184028625488,16365.947265625
bike,dune_bayes,1681,20829.783203125,9.372854232788086,20839.15625
bike,dune_bayes,1682,23290.6484375,11.641463279724121,23302.2890625
bike,dune_bayes,1683,22578.607421875,12.022440910339355,22590.62890625
bike,dune_bayes,1684,21849.640625,9.935234069824219,21859.576171875
bike,dune_bayes,1685,18971.5,8.861078262329102,18980.361328125
bike,dune_bayes,1686,11800.3095703125,10.542095184326172,11810.8515625
bike,dune_bayes,1687,8783.267578125,11.551772117614746,8794.8193359375
bike,dune_bayes,1688,6197.701171875,12.357090950012207,6210.05810546875
bike,dune_bayes,1689,28719.59765625,9.486242294311523,28729.083984375
bike,dune_bayes,1690,22082.9453125,7.406341552734375,22090.3515625
bike,dune_bayes,1691,32673.119140625,7.498332500457764,32680.6171875
bike,dune_bayes,1692,17677.654296875,8.087629318237305,17685.7421875
bike,dune_bayes,1693,19021.900390625,8.154122352600098,19030.0546875
bike,dune_bayes,1694,11638.5576171875,10.689887046813965,11649.2470703125
bike,dune_bayes,1695,10009.529296875,11.19605827331543,10020.7255859375
bike,dune_bayes,1696,22786.96484375,9.43277645111084,22796.3984375
bike,dune_bayes,1697,20783.51953125,9.960578918457031,20793.48046875
bike,dune_bayes,1698,21662.419921875,10.246207237243652,21672.666015625
bike,dune_bayes,1699,9031.5458984375,11.470010757446289,9043.015625
bike,dune_bayes,1700,11638.5576171875,10.689887046813965,11649.2470703125
bike,dune_bayes,1701,12703.7041015625,10.125320434570312,12713.8291015625
bike,dune_bayes,1702,15851.0595703125,9.243721008300781,15860.3037109375
bike,dune_bayes,1703,23244.82421875,7.349142551422119,23252.173828125
bike,dune_bayes,1704,14146.5478515625,9.597808837890625,14156.1455078125
bike,dune_bayes,1705,27018.439453125,9.136351585388184,27027.576171875
bike,dune_bayes,1706,22091.96484375,8.08936595916748,22100.0546875
bike,dune_bayes,1707,19817.8125,7.623083114624023,19825.435546875
bike,dune_bayes,1708,16913.501953125,8.2081880569458,16921.7109375
bike,dune_bayes,1709,13780.80859375,9.33102798461914,13790.1396484375
bike,dune_bayes,1710,22131.744140625,12.378934860229492,22144.123046875
bike,dune_bayes,1711,23816.7578125,11.743026733398438,23828.5
bike,dune_bayes,1712,24504.908203125,11.136526107788086,24516.044921875
bike,dune_bayes,1713,25057.91796875,11.400724411010742,25069.318359375
bike,dune_bayes,1714,21356.599609375,9.234729766845703,21365.833984375
bike,dune_bayes,1715,24203.1640625,10.456786155700684,24213.62109375
bike,dune_bayes,1716,19199.548828125,8.989126205444336,19208.537109375
bike,dune_bayes,1717,10136.3994140625,11.189092636108398,10147.5888671875
bike,dune_bayes,1718,8460.24609375,11.814996719360352,8472.0615234375
bike,dune_bayes,1719,11571.4541015625,10.471750259399414,11581.92578125
bike,dune_bayes,1720,10363.923828125,10.969371795654297,10374.8935546875
bike,dune_bayes,1721,22597.564453125,10.417169570922852,22607.982421875
bike,dune_bayes,1722,23363.373046875,9.960905075073242,23373.333984375
bike,dune_bayes,1723,19893.80859375,7.865542411804199,19901.673828125
bike,dune_bayes,1724,19680.697265625,8.10793685913086,19688.8046875
bike,dune_bayes,1725,20127.65234375,7.769575595855713,20135.421875
bike,dune_bayes,1726,16692.822265625,9.791071891784668,16702.61328125
bike,dune_bayes,1727,16692.822265625,9.791071891784668,16702.61328125
bike,dune_bayes,1728,10522.46875,10.5989408493042,10533.0673828125
bike,dune_bayes,1729,14092.3095703125,9.309985160827637,14101.619140625
bike,dune_bayes,1730,27625.205078125,12.779865264892578,27637.984375
bike,dune_bayes,1731,30591.8203125,12.845645904541016,30604.666015625
bike,dune_bayes,1732,24584.0390625,9.217062950134277,24593.255859375
bike,dune_bayes,1733,20048.890625,8.974766731262207,20057.865234375
bike,dune_bayes,1734,20006.466796875,8.754857063293457,20015.220703125
bike,dune_bayes,1735,27663.62890625,9.229925155639648,27672.859375
bike,dune_bayes,1736,22638.380859375,7.7296953201293945,22646.111328125
bike,dune_bayes,1737,19907.171875,8.022387504577637,19915.193359375
bike,dune_bayes,1738,16490.373046875,8.701078414916992,16499.07421875
bike,dune_bayes,1739,12146.0009765625,10.366684913635254,12156.3671875
bike,dune_bayes,1740,13046.3271484375,10.220666885375977,13056.5478515625
bike,dune_bayes,1741,25185.076171875,7.944289207458496,25193.01953125
bike,dune_bayes,1742,27302.705078125,7.75653600692749,27310.4609375
bike,dune_bayes,1743,23628.70703125,6.90887975692749,23635.615234375
bike,dune_bayes,1744,20804.69140625,7.376408576965332,20812.068359375
bike,dune_bayes,1745,21590.376953125,7.097860813140869,21597.474609375
bike,dune_bayes,1746,18997.3125,7.711340427398682,19005.0234375
bike,dune_bayes,1747,14611.578125,9.427774429321289,14621.005859375
bike,dune_bayes,1748,30585.587890625,10.705718040466309,30596.29296875
bike,dune_bayes,1749,25001.07421875,8.682028770446777,25009.755859375
bike,dune_bayes,1750,24377.52734375,10.663152694702148,24388.19140625
bike,dune_bayes,1751,23938.986328125,7.661706447601318,23946.6484375
bike,dune_bayes,1752,23096.1953125,7.788122177124023,23103.984375
bike,dune_bayes,1753,21675.68359375,7.209240436553955,21682.892578125
bike,dune_bayes,1754,20106.03125,7.1030707359313965,20113.134765625
bike,dune_bayes,1755,9531.1474609375,11.442611694335938,9542.58984375
bike,dune_bayes,1756,8947.525390625,11.422719955444336,8958.9482421875
bike,dune_bayes,1757,5417.328125,12.85876178741455,5430.18701171875
bike,dune_bayes,1758,19995.69921875,7.182110786437988,20002.880859375
bike,dune_bayes,1759,23626.25390625,7.958688259124756,23634.212890625
bike,dune_bayes,1760,28419.59765625,8.614527702331543,28428.212890625
bike,dune_bayes,1761,21017.279296875,6.840756416320801,21024.119140625
bike,dune_bayes,1762,24229.623046875,8.40210247039795,24238.025390625
bike,dune_bayes,1763,22214.908203125,12.177345275878906,22227.0859375
bike,dune_bayes,1764,24608.740234375,14.789617538452148,24623.529296875
bike,dune_bayes,1765,25790.037109375,12.363628387451172,25802.400390625
bike,dune_bayes,1766,26857.1796875,10.192061424255371,26867.37109375
bike,dune_bayes,1767,33282.01171875,15.067655563354492,33297.078125
bike,dune_bayes,1768,39117.265625,15.41503620147705,39132.6796875
bike,dune_bayes,1769,39002.80859375,13.487837791442871,39016.296875
bike,dune_bayes,1770,36486.79296875,13.40330982208252,36500.1953125
bike,dune_bayes,1771,38639.0,12.451683044433594,38651.453125
bike,dune_bayes,1772,38237.640625,12.62527847290039,38250.265625
bike,dune_bayes,1773,34613.40625,11.95017147064209,34625.35546875
bike,dune_bayes,1774,34307.8984375,12.534808158874512,34320.43359375
bike,dune_bayes,1775,32912.7890625,12.01056957244873,32924.80078125
bike,dune_bayes,1776,33633.17578125,12.932180404663086,33646.109375
bike,dune_bayes,1777,33580.609375,12.371821403503418,33592.98046875
bike,dune_bayes,1778,33797.390625,11.935073852539062,33809.32421875
bike,dune_bayes,1779,32957.62109375,11.700309753417969,32969.3203125
bike,dune_bayes,1780,29717.6875,10.387166023254395,29728.07421875
bike,dune_bayes,1781,24248.994140625,8.964118957519531,24257.958984375
bike,dune_bayes,1782,11811.9873046875,10.798789978027344,11822.7861328125
bike,dune_bayes,1783,29325.6953125,11.766889572143555,29337.462890625
bike,dune_bayes,1784,15696.166015625,9.13706111907959,15705.302734375
bike,dune_bayes,1785,28795.740234375,10.154603958129883,28805.89453125
bike,dune_bayes,1786,39804.80859375,11.356890678405762,39816.1640625
bike,dune_bayes,1787,30850.47265625,9.845352172851562,30860.318359375
bike,dune_bayes,1788,23066.83984375,9.227764129638672,23076.068359375
bike,dune_bayes,1789,20267.80078125,8.231206893920898,20276.03125
bike,dune_bayes,1790,25327.8671875,9.508061408996582,25337.375
bike,dune_bayes,1791,28901.599609375,10.104142189025879,28911.703125
bike,dune_bayes,1792,23416.82421875,10.971898078918457,23427.796875
bike,dune_bayes,1793,23391.48828125,9.825323104858398,23401.314453125
bike,dune_bayes,1794,22583.02734375,10.154609680175781,22593.181640625
bike,dune_bayes,1795,20632.138671875,9.152873039245605,20641.291015625
bike,dune_bayes,1796,20118.34375,8.820807456970215,20127.1640625
bike,dune_bayes,1797,6907.02978515625,12.076168060302734,6919.10595703125
bike,dune_bayes,1798,6859.14794921875,12.336379051208496,6871.484375
bike,dune_bayes,1799,6822.97900390625,12.144674301147461,6835.12353515625
bike,dune_bayes,1800,4816.19677734375,12.797586441040039,4828.994140625
bike,dune_bayes,1801,30002.51171875,10.716484069824219,30013.228515625
bike,dune_bayes,1802,30002.51171875,10.716484069824219,30013.228515625
bike,dune_bayes,1803,31257.359375,10.12706470489502,31267.486328125
bike,dune_bayes,1804,6855.31396484375,12.073128700256348,6867.38720703125
bike,dune_bayes,1805,10462.875,10.779053688049316,10473.654296875
bike,dune_bayes,1806,10482.0576171875,10.680512428283691,10492.73828125
bike,dune_bayes,1807,9003.666015625,11.194865226745605,9014.861328125
bike,dune_bayes,1808,23947.365234375,6.9368391036987305,23954.302734375
bike,dune_bayes,1809,30198.025390625,5.786758899688721,30203.8125
bike,dune_bayes,1810,20285.51953125,7.516422271728516,20293.03515625
bike,dune_bayes,1811,17681.767578125,8.881629943847656,17690.6484375
bike,dune_bayes,1812,16759.63671875,9.890841484069824,16769.52734375
bike,dune_bayes,1813,30564.328125,15.030776977539062,30579.359375
bike,dune_bayes,1814,30586.20703125,14.411979675292969,30600.619140625
bike,dune_bayes,1815,30279.056640625,13.829227447509766,30292.88671875
bike,dune_bayes,1816,30939.392578125,12.542157173156738,30951.935546875
bike,dune_bayes,1817,24888.48046875,10.646451950073242,24899.126953125
bike,dune_bayes,1818,28350.833984375,12.008951187133789,28362.84375
bike,dune_bayes,1819,26280.509765625,12.685145378112793,26293.1953125
bike,dune_bayes,1820,26403.935546875,12.75030517578125,26416.685546875
bike,dune_bayes,1821,27254.66015625,12.678448677062988,27267.337890625
bike,dune_bayes,1822,26790.17578125,11.963194847106934,26802.138671875
bike,dune_bayes,1823,25726.361328125,11.780747413635254,25738.142578125
bike,dune_bayes,1824,24451.447265625,10.685314178466797,24462.1328125
bike,dune_bayes,1825,27766.396484375,13.394800186157227,27779.791015625
bike,dune_bayes,1826,28378.6484375,13.842262268066406,28392.490234375
bike,dune_bayes,1827,29300.59375,14.170669555664062,29314.763671875
bike,dune_bayes,1828,29901.40234375,12.562172889709473,29913.96484375
bike,dune_bayes,1829,29402.931640625,12.290589332580566,29415.22265625
bike,dune_bayes,1830,25325.154296875,10.755654335021973,25335.91015625
bike,dune_bayes,1831,22052.888671875,10.09737777709961,22062.986328125
bike,dune_bayes,1832,22052.888671875,10.09737777709961,22062.986328125
bike,dune_bayes,1833,21717.904296875,10.664896965026855,21728.568359375
bike,dune_bayes,1834,23599.556640625,12.550090789794922,23612.107421875
bike,dune_bayes,1835,22860.05859375,11.582368850708008,22871.640625
bike,dune_bayes,1836,11722.87890625,10.32396125793457,11733.203125
bike,dune_bayes,1837,8993.333984375,11.319598197937012,9004.6533203125
bike,dune_bayes,1838,16491.869140625,8.989959716796875,16500.859375
bike,dune_bayes,1839,26319.08203125,12.077664375305176,26331.16015625
bike,dune_bayes,1840,27813.35546875,12.85753059387207,27826.212890625
bike,dune_bayes,1841,30922.103515625,14.270570755004883,30936.375
bike,dune_bayes,1842,29157.44140625,10.220050811767578,29167.662109375
bike,dune_bayes,1843,29157.44140625,10.220050811767578,29167.662109375
bike,dune_bayes,1844,27425.646484375,9.793018341064453,27435.439453125
bike,dune_bayes,1845,29005.611328125,10.400629997253418,29016.01171875
bike,dune_bayes,1846,30816.837890625,11.448929786682129,30828.287109375
bike,dune_bayes,1847,29329.33984375,11.762527465820312,29341.1015625
bike,dune_bayes,1848,27920.4375,11.19351863861084,27931.630859375
bike,dune_bayes,1849,16053.736328125,9.25079345703125,16062.9873046875
bike,dune_bayes,1850,16865.716796875,9.709494590759277,16875.42578125
bike,dune_bayes,1851,5160.046875,13.269932746887207,5173.31689453125
bike,dune_bayes,1852,3559.685546875,13.87457275390625,3573.56005859375
bike,dune_bayes,1853,5312.37353515625,13.187405586242676,5325.56103515625
bike,dune_bayes,1854,7862.14697265625,12.0479097366333,7874.19482421875
bike,dune_bayes,1855,7881.4541015625,12.47431468963623,7893.92822265625
bike,dune_bayes,1856,10384.2744140625,11.53864574432373,10395.8134765625
bike,dune_bayes,1857,13344.1083984375,10.46615982055664,13354.57421875
bike,dune_bayes,1858,7397.17333984375,12.550911903381348,7409.72412109375
bike,dune_bayes,1859,7343.1279296875,12.353599548339844,7355.4814453125
bike,dune_bayes,1860,5322.70703125,13.161019325256348,5335.8681640625
bike,dune_bayes,1861,6407.18798828125,12.552830696105957,6419.74072265625
bike,dune_bayes,1862,6484.43115234375,12.264659881591797,6496.69580078125
bike,dune_bayes,1863,6407.18798828125,12.552830696105957,6419.74072265625
bike,dune_bayes,1864,6855.31396484375,12.073128700256348,6867.38720703125
bike,dune_bayes,1865,5511.25732421875,12.491305351257324,5523.74853515625
bike,dune_bayes,1866,4387.59619140625,12.940229415893555,4400.53662109375
bike,dune_bayes,1867,5254.3359375,12.817266464233398,5267.1533203125
bike,dune_bayes,1868,6229.77880859375,12.112178802490234,6241.89111328125
bike,dune_bayes,1869,6229.77880859375,12.112178802490234,6241.89111328125
bike,dune_bayes,1870,10522.46875,10.5989408493042,10533.0673828125
bike,dune_bayes,1871,20815.64453125,7.214749813079834,20822.859375
bike,dune_bayes,1872,25938.591796875,6.459872722625732,25945.05078125
bike,dune_bayes,1873,11953.7373046875,10.503989219665527,11964.2412109375
bike,dune_bayes,1874,16745.685546875,8.528962135314941,16754.21484375
bike,dune_bayes,1875,12455.5400390625,10.178953170776367,12465.71875
bike,dune_bayes,1876,28197.111328125,9.3321533203125,28206.443359375
bike,dune_bayes,1877,30437.935546875,9.956482887268066,30447.892578125
bike,dune_bayes,1878,11124.90234375,10.422037124633789,11135.32421875
bike,dune_bayes,1879,9010.6962890625,11.192325592041016,9021.888671875
bike,dune_bayes,1880,21171.69921875,7.312377452850342,21179.01171875
bike,dune_bayes,1881,18487.744140625,8.224852561950684,18495.96875
bike,dune_bayes,1882,13630.2265625,10.088855743408203,13640.3154296875
bike,dune_bayes,1883,12173.599609375,10.803918838500977,12184.4033203125
bike,dune_bayes,1884,23705.576171875,9.347574234008789,23714.923828125
bike,dune_bayes,1885,28584.9609375,9.973834991455078,28594.935546875
bike,dune_bayes,1886,27394.1796875,10.596719741821289,27404.77734375
bike,dune_bayes,1887,26211.427734375,10.470059394836426,26221.8984375
bike,dune_bayes,1888,19999.876953125,9.03140640258789,20008.908203125
bike,dune_bayes,1889,13602.4443359375,10.060600280761719,13612.5048828125
bike,dune_bayes,1890,24257.099609375,10.227127075195312,24267.326171875
bike,dune_bayes,1891,22498.873046875,12.432613372802734,22511.3046875
bike,dune_bayes,1892,23361.607421875,13.006470680236816,23374.61328125
bike,dune_bayes,1893,25115.6484375,12.615710258483887,25128.263671875
bike,dune_bayes,1894,25861.90234375,14.016154289245605,25875.91796875
bike,dune_bayes,1895,30134.052734375,13.428478240966797,30147.48046875
bike,dune_bayes,1896,29076.728515625,12.96817684173584,29089.697265625
bike,dune_bayes,1897,29116.4375,12.750282287597656,29129.1875
bike,dune_bayes,1898,28215.080078125,12.328571319580078,28227.408203125
bike,dune_bayes,1899,27846.16796875,12.841958999633789,27859.009765625
bike,dune_bayes,1900,25440.88671875,12.866545677185059,25453.75390625
bike,dune_bayes,1901,24299.3515625,12.724085807800293,24312.076171875
bike,dune_bayes,1902,24797.08203125,12.829126358032227,24809.912109375
bike,dune_bayes,1903,24265.61328125,11.99026870727539,24277.603515625
bike,dune_bayes,1904,24270.24609375,13.26497745513916,24283.51171875
bike,dune_bayes,1905,30066.771484375,13.84750747680664,30080.619140625
bike,dune_bayes,1906,33775.58984375,12.239944458007812,33787.828125
bike,dune_bayes,1907,32431.474609375,12.247956275939941,32443.72265625
bike,dune_bayes,1908,27240.236328125,9.408937454223633,27249.64453125
bike,dune_bayes,1909,26812.6640625,9.230257987976074,26821.89453125
bike,dune_bayes,1910,28663.2265625,10.244481086730957,28673.470703125
bike,dune_bayes,1911,40300.9296875,12.606222152709961,40313.53515625
bike,dune_bayes,1912,41287.4609375,12.143474578857422,41299.60546875
bike,dune_bayes,1913,37437.046875,11.112621307373047,37448.16015625
bike,dune_bayes,1914,31003.5,10.064352035522461,31013.564453125
bike,dune_bayes,1915,17546.572265625,8.225691795349121,17554.798828125
bike,dune_bayes,1916,26949.263671875,6.761829853057861,26956.025390625
bike,dune_bayes,1917,46686.18359375,10.996097564697266,46697.1796875
bike,dune_bayes,1918,40154.1484375,7.666067600250244,40161.81640625
bike,dune_bayes,1919,24645.18359375,6.362359046936035,24651.546875
bike,dune_bayes,1920,12821.509765625,10.40942668914795,12831.9189453125
bike,dune_bayes,1921,19646.60546875,8.145373344421387,19654.75
bike,dune_bayes,1922,22746.923828125,8.365765571594238,22755.2890625
bike,dune_bayes,1923,22746.923828125,8.365765571594238,22755.2890625
bike,dune_bayes,1924,30437.935546875,9.956482887268066,30447.892578125
bike,dune_bayes,1925,31856.419921875,10.489058494567871,31866.908203125
bike,dune_bayes,1926,28489.216796875,9.357540130615234,28498.57421875
bike,dune_bayes,1927,13687.0400390625,9.578591346740723,13696.6181640625
bike,dune_bayes,1928,8124.6669921875,11.89877986907959,8136.56591796875
bike,dune_bayes,1929,6263.33154296875,12.880881309509277,6276.21240234375
bike,dune_bayes,1930,6284.5830078125,12.613584518432617,6297.19677734375
bike,dune_bayes,1931,14612.57421875,9.356544494628906,14621.9306640625
bike,dune_bayes,1932,11341.23828125,10.311270713806152,11351.5498046875
bike,dune_bayes,1933,5017.744140625,13.069544792175293,5030.8134765625
bike,dune_bayes,1934,6292.09228515625,12.57738971710205,6304.66943359375
bike,dune_bayes,1935,6292.09228515625,12.57738971710205,6304.66943359375
bike,dune_bayes,1936,5004.060546875,13.105241775512695,5017.166015625
bike,dune_bayes,1937,6292.09228515625,12.57738971710205,6304.66943359375
bike,dune_bayes,1938,13506.455078125,9.570202827453613,13516.025390625
bike,dune_bayes,1939,20331.5078125,9.037187576293945,20340.544921875
bike,dune_bayes,1940,21768.2734375,9.113096237182617,21777.38671875
bike,dune_bayes,1941,21539.59375,9.836957931518555,21549.431640625
bike,dune_bayes,1942,19446.82421875,8.4581880569458,19455.283203125
bike,dune_bayes,1943,8791.25,11.522189140319824,8802.7724609375
bike,dune_bayes,1944,6197.701171875,12.357090950012207,6210.05810546875
bike,dune_bayes,1945,16085.42578125,8.933308601379395,16094.359375
bike,dune_bayes,1946,28315.248046875,10.488475799560547,28325.736328125
bike,dune_bayes,1947,16820.427734375,8.464926719665527,16828.892578125
bike,dune_bayes,1948,28611.923828125,9.935734748840332,28621.859375
bike,dune_bayes,1949,32677.46875,10.357124328613281,32687.826171875
bike,dune_bayes,1950,24937.423828125,8.481609344482422,24945.90625
bike,dune_bayes,1951,22460.3984375,7.967339515686035,22468.365234375
bike,dune_bayes,1952,15919.7939453125,9.014540672302246,15928.80859375
bike,dune_bayes,1953,22955.11328125,7.773165702819824,22962.88671875
bike,dune_bayes,1954,11775.0185546875,10.787952423095703,11785.806640625
bike,dune_bayes,1955,11775.0185546875,10.787952423095703,11785.806640625
bike,dune_bayes,1956,27435.712890625,9.944389343261719,27445.658203125
bike,dune_bayes,1957,28342.701171875,9.479251861572266,28352.1796875
bike,dune_bayes,1958,20065.591796875,8.091777801513672,20073.68359375
bike,dune_bayes,1959,28071.572265625,9.660240173339844,28081.232421875
bike,dune_bayes,1960,23813.6875,8.938891410827637,23822.626953125
bike,dune_bayes,1961,30288.919921875,11.064451217651367,30299.984375
bike,dune_bayes,1962,22797.607421875,7.735062122344971,22805.341796875
bike,dune_bayes,1963,20579.42578125,7.947628498077393,20587.373046875
bike,dune_bayes,1964,4670.732421875,13.254064559936523,4683.986328125
bike,dune_bayes,1965,10236.3037109375,12.210677146911621,10248.5146484375
bike,dune_bayes,1966,26853.876953125,12.898171424865723,26866.775390625
bike,dune_bayes,1967,25904.544921875,11.04174518585205,25915.5859375
bike,dune_bayes,1968,29523.03125,13.427485466003418,29536.458984375
bike,dune_bayes,1969,27802.587890625,14.644187927246094,27817.232421875
bike,dune_bayes,1970,27569.888671875,15.202754974365234,27585.091796875
bike,dune_bayes,1971,27498.927734375,15.415389060974121,27514.34375
bike,dune_bayes,1972,27370.935546875,15.198037147521973,27386.1328125
bike,dune_bayes,1973,27749.083984375,14.758227348327637,27763.841796875
bike,dune_bayes,1974,29361.380859375,10.279367446899414,29371.66015625
bike,dune_bayes,1975,31718.978515625,13.533167839050293,31732.51171875
bike,dune_bayes,1976,33227.89453125,12.213204383850098,33240.109375
bike,dune_bayes,1977,31061.884765625,12.485830307006836,31074.37109375
bike,dune_bayes,1978,32359.267578125,11.671772956848145,32370.939453125
bike,dune_bayes,1979,19741.583984375,8.288533210754395,19749.873046875
bike,dune_bayes,1980,16555.271484375,8.742547035217285,16564.013671875
bike,dune_bayes,1981,20009.279296875,7.797976016998291,20017.078125
bike,dune_bayes,1982,21977.880859375,8.284475326538086,21986.166015625
bike,dune_bayes,1983,22091.96484375,8.08936595916748,22100.0546875
bike,dune_bayes,1984,26052.66796875,8.617374420166016,26061.28515625
bike,dune_bayes,1985,29214.1875,10.727948188781738,29224.916015625
bike,dune_bayes,1986,30485.328125,9.943587303161621,30495.271484375
bike,dune_bayes,1987,26742.423828125,8.478435516357422,26750.90234375
bike,dune_bayes,1988,16973.84375,8.450984954833984,16982.294921875
bike,dune_bayes,1989,17310.818359375,8.258349418640137,17319.076171875
bike,dune_bayes,1990,12697.8310546875,9.924131393432617,12707.7548828125
bike,dune_bayes,1991,6892.51611328125,11.866969108581543,6904.38330078125
bike,dune_bayes,1992,5072.57177734375,12.81753921508789,5085.38916015625
bike,dune_bayes,1993,22187.880859375,8.09841251373291,22195.978515625
bike,dune_bayes,1994,29430.056640625,11.873685836791992,29441.9296875
bike,dune_bayes,1995,13881.2841796875,9.844428062438965,13891.12890625
bike,dune_bayes,1996,8509.267578125,11.657313346862793,8520.9248046875
bike,dune_bayes,1997,20728.548828125,8.367815971374512,20736.916015625
bike,dune_bayes,1998,22939.619140625,10.459470748901367,22950.078125
bike,dune_bayes,1999,27488.673828125,10.787240982055664,27499.4609375
bike,dune_bayes,2000,22262.296875,10.470108032226562,22272.767578125
bike,dune_bayes,2001,4688.76123046875,13.248404502868652,4702.009765625
bike,dune_bayes,2002,19509.935546875,10.263110160827637,19520.19921875
bike,dune_bayes,2003,23328.515625,11.901890754699707,23340.41796875
bike,dune_bayes,2004,24337.451171875,12.155086517333984,24349.60546875
bike,dune_bayes,2005,24096.98046875,12.015467643737793,24108.99609375
bike,dune_bayes,2006,16008.1220703125,9.410612106323242,16017.5322265625
bike,dune_bayes,2007,25157.57421875,9.82143497467041,25167.396484375
bike,dune_bayes,2008,26711.4765625,11.05091667175293,26722.52734375
bike,dune_bayes,2009,27612.66015625,12.001014709472656,27624.662109375
bike,dune_bayes,2010,19699.18359375,7.689021110534668,19706.873046875
bike,dune_bayes,2011,28024.48828125,7.756947040557861,28032.24609375
bike,dune_bayes,2012,37894.6875,12.369829177856445,37907.05859375
bike,dune_bayes,2013,30765.203125,8.892605781555176,30774.095703125
bike,dune_bayes,2014,26061.095703125,6.156576156616211,26067.251953125
bike,dune_bayes,2015,18066.8359375,8.234162330627441,18075.0703125
bike,dune_bayes,2016,11444.6826171875,10.33427619934082,11455.0166015625
bike,dune_bayes,2017,40211.32421875,9.991849899291992,40221.31640625
bike,dune_bayes,2018,34263.3984375,9.056537628173828,34272.453125
bike,dune_bayes,2019,30623.359375,7.921710968017578,30631.28125
bike,dune_bayes,2020,13922.6279296875,9.744915962219238,13932.373046875
bike,dune_bayes,2021,27973.712890625,13.050750732421875,27986.763671875
bike,dune_bayes,2022,22486.087890625,12.843135833740234,22498.931640625
bike,dune_bayes,2023,22552.939453125,14.709813117980957,22567.6484375
bike,dune_bayes,2024,24086.3515625,13.489150047302246,24099.83984375
bike,dune_bayes,2025,24386.763671875,12.525774002075195,24399.2890625
bike,dune_bayes,2026,26048.72265625,12.252897262573242,26060.974609375
bike,dune_bayes,2027,24914.66015625,11.544989585876465,24926.205078125
bike,dune_bayes,2028,26876.607421875,12.223152160644531,26888.830078125
bike,dune_bayes,2029,23840.595703125,12.069519996643066,23852.666015625
bike,dune_bayes,2030,23951.943359375,11.162052154541016,23963.10546875
bike,dune_bayes,2031,21176.666015625,9.242057800292969,21185.908203125
bike,dune_bayes,2032,29348.494140625,11.051403045654297,29359.544921875
bike,dune_bayes,2033,28795.740234375,10.154603958129883,28805.89453125
bike,dune_bayes,2034,38381.55859375,12.199793815612793,38393.7578125
bike,dune_bayes,2035,29235.25,9.941520690917969,29245.19140625
bike,dune_bayes,2036,28483.455078125,9.603388786315918,28493.05859375
bike,dune_bayes,2037,13464.2275390625,9.697495460510254,13473.9248046875
bike,dune_bayes,2038,11105.8427734375,10.408403396606445,11116.2509765625
bike,dune_bayes,2039,8176.03857421875,11.95496654510498,8187.99365234375
bike,dune_bayes,2040,15385.251953125,9.437850952148438,15394.689453125
bike,dune_bayes,2041,15518.798828125,9.216225624084473,15528.0146484375
bike,dune_bayes,2042,13855.8134765625,10.468597412109375,13866.2822265625
bike,dune_bayes,2043,21453.67578125,9.112920761108398,21462.7890625
bike,dune_bayes,2044,23074.357421875,7.833803176879883,23082.19140625
bike,dune_bayes,2045,29717.0390625,10.49351692199707,29727.533203125
bike,dune_bayes,2046,24764.86328125,7.980133533477783,24772.84375
bike,dune_bayes,2047,17294.564453125,8.789319038391113,17303.353515625
bike,dune_bayes,2048,28719.59765625,9.486242294311523,28729.083984375
bike,dune_bayes,2049,11444.6826171875,10.33427619934082,11455.0166015625
bike,dune_bayes,2050,11444.6826171875,10.33427619934082,11455.0166015625
bike,dune_bayes,2051,8399.6787109375,11.63898754119873,8411.3173828125
bike,dune_bayes,2052,8364.177734375,11.569059371948242,8375.7470703125
bike,dune_bayes,2053,10689.5244140625,10.825757026672363,10700.3505859375
bike,dune_bayes,2054,25082.888671875,10.264270782470703,25093.15234375
bike,dune_bayes,2055,21112.9609375,10.283519744873047,21123.244140625
bike,dune_bayes,2056,21802.46484375,10.927437782287598,21813.392578125
bike,dune_bayes,2057,22188.087890625,11.91143798828125,22200.0
bike,dune_bayes,2058,27210.404296875,9.573941230773926,27219.978515625
bike,dune_bayes,2059,24198.408203125,9.050895690917969,24207.458984375
bike,dune_bayes,2060,23392.953125,8.706914901733398,23401.66015625
bike,dune_bayes,2061,25225.810546875,9.475350379943848,25235.28515625
bike,dune_bayes,2062,26628.580078125,9.535018920898438,26638.115234375
bike,dune_bayes,2063,30069.1640625,13.97635269165039,30083.140625
bike,dune_bayes,2064,32680.94921875,13.11697769165039,32694.06640625
bike,dune_bayes,2065,31881.98828125,11.265671730041504,31893.25390625
bike,dune_bayes,2066,19394.87890625,8.355277061462402,19403.234375
bike,dune_bayes,2067,21985.3828125,8.166518211364746,21993.548828125
bike,dune_bayes,2068,24574.7890625,8.747434616088867,24583.537109375
bike,dune_bayes,2069,24203.9765625,9.218303680419922,24213.1953125
bike,dune_bayes,2070,21742.1328125,8.587653160095215,21750.720703125
bike,dune_bayes,2071,21550.830078125,8.993599891662598,21559.82421875
bike,dune_bayes,2072,30002.51171875,10.716484069824219,30013.228515625
bike,dune_bayes,2073,35665.47265625,11.596220016479492,35677.0703125
bike,dune_bayes,2074,39421.57421875,11.751886367797852,39433.32421875
bike,dune_bayes,2075,41492.453125,11.769001960754395,41504.22265625
bike,dune_bayes,2076,28470.34375,6.69175910949707,28477.03515625
bike,dune_bayes,2077,28470.34375,6.69175910949707,28477.03515625
bike,dune_bayes,2078,31142.703125,7.32724666595459,31150.03125
bike,dune_bayes,2079,41139.0390625,7.617635250091553,41146.65625
bike,dune_bayes,2080,44321.23828125,11.296119689941406,44332.53515625
bike,dune_bayes,2081,22224.931640625,9.457502365112305,22234.388671875
bike,dune_bayes,2082,28724.98828125,12.281478881835938,28737.26953125
bike,dune_bayes,2083,34565.35546875,11.242375373840332,34576.59765625
bike,dune_bayes,2084,33187.32421875,12.10973834991455,33199.43359375
bike,dune_bayes,2085,30944.171875,13.086037635803223,30957.2578125
bike,dune_bayes,2086,28942.4609375,12.066320419311523,28954.52734375
bike,dune_bayes,2087,29858.5859375,12.471108436584473,29871.056640625
bike,dune_bayes,2088,23699.87109375,13.196680068969727,23713.068359375
bike,dune_bayes,2089,25335.130859375,12.39698314666748,25347.52734375
bike,dune_bayes,2090,24873.2109375,14.218060493469238,24887.4296875
bike,dune_bayes,2091,24270.24609375,13.26497745513916,24283.51171875
bike,dune_bayes,2092,27694.9296875,12.438004493713379,27707.3671875
bike,dune_bayes,2093,27694.9296875,12.438004493713379,27707.3671875
bike,dune_bayes,2094,26874.576171875,12.357462882995605,26886.93359375
bike,dune_bayes,2095,23123.716796875,10.208816528320312,23133.92578125
bike,dune_bayes,2096,29413.669921875,11.491578102111816,29425.162109375
bike,dune_bayes,2097,24822.15234375,9.075469970703125,24831.228515625
bike,dune_bayes,2098,27871.150390625,7.791220188140869,27878.94140625
bike,dune_bayes,2099,23527.17578125,7.221614837646484,23534.396484375
bike,dune_bayes,2100,31399.9765625,9.315324783325195,31409.291015625
bike,dune_bayes,2101,47335.78515625,10.533928871154785,47346.3203125
bike,dune_bayes,2102,43904.01171875,7.312066555023193,43911.32421875
bike,dune_bayes,2103,44496.3125,8.178699493408203,44504.4921875
bike,dune_bayes,2104,46751.7421875,9.415119171142578,46761.15625
bike,dune_bayes,2105,40224.203125,13.506806373596191,40237.7109375
bike,dune_bayes,2106,42898.84765625,12.990713119506836,42911.83984375
bike,dune_bayes,2107,52875.1875,12.980685234069824,52888.16796875
bike,dune_bayes,2108,50048.1953125,14.048057556152344,50062.2421875
bike,dune_bayes,2109,49419.1171875,13.59179401397705,49432.70703125
bike,dune_bayes,2110,50029.9609375,11.812642097473145,50041.7734375
bike,dune_bayes,2111,49633.33203125,11.043400764465332,49644.375
bike,dune_bayes,2112,38633.09765625,6.5363569259643555,38639.6328125
bike,dune_bayes,2113,49796.5703125,11.811491966247559,49808.3828125
bike,dune_bayes,2114,36595.78515625,6.154169082641602,36601.9375
bike,dune_bayes,2115,13811.931640625,9.82005500793457,13821.751953125
bike,dune_bayes,2116,13811.931640625,9.82005500793457,13821.751953125
bike,dune_bayes,2117,14063.0859375,9.847064971923828,14072.9326171875
bike,dune_bayes,2118,19699.154296875,9.61748218536377,19708.771484375
bike,dune_bayes,2119,15717.845703125,10.25771713256836,15728.103515625
bike,dune_bayes,2120,26754.427734375,8.314033508300781,26762.7421875
bike,dune_bayes,2121,39948.48046875,10.047472953796387,39958.52734375
bike,dune_bayes,2122,34119.44140625,7.286750316619873,34126.7265625
bike,dune_bayes,2123,24023.884765625,8.210311889648438,24032.095703125
bike,dune_bayes,2124,18065.099609375,9.221592903137207,18074.3203125
bike,dune_bayes,2125,11379.2275390625,10.788463592529297,11390.015625
bike,dune_bayes,2126,10207.09765625,11.106935501098633,10218.205078125
bike,dune_bayes,2127,12708.30859375,10.290043830871582,12718.5986328125
bike,dune_bayes,2128,12850.6962890625,10.348871231079102,12861.044921875
bike,dune_bayes,2129,15717.845703125,10.25771713256836,15728.103515625
bike,dune_bayes,2130,34648.19921875,6.774698734283447,34654.97265625
bike,dune_bayes,2131,47714.42578125,10.064322471618652,47724.48828125
bike,dune_bayes,2132,30616.142578125,9.506864547729492,30625.650390625
bike,dune_bayes,2133,25203.6171875,9.683337211608887,25213.30078125
bike,dune_bayes,2134,29902.052734375,9.349963188171387,29911.40234375
bike,dune_bayes,2135,48752.17578125,7.613639831542969,48759.7890625
bike,dune_bayes,2136,45653.17578125,6.960339069366455,45660.13671875
bike,dune_bayes,2137,24428.404296875,9.126419067382812,24437.53125
bike,dune_bayes,2138,19674.4609375,9.606863021850586,19684.068359375
bike,dune_bayes,2139,29123.931640625,8.602920532226562,29132.53515625
bike,dune_bayes,2140,48626.6953125,7.81076192855835,48634.5078125
bike,dune_bayes,2141,36351.58984375,8.33655834197998,36359.92578125
bike,dune_bayes,2142,22724.18359375,9.720708847045898,22733.904296875
bike,dune_bayes,2143,45394.21484375,7.980616092681885,45402.1953125
bike,dune_bayes,2144,45497.51953125,12.299863815307617,45509.8203125
bike,dune_bayes,2145,48328.125,10.046838760375977,48338.171875
bike,dune_bayes,2146,44971.37890625,7.217672348022461,44978.59765625
bike,dune_bayes,2147,38799.609375,7.81591796875,38807.42578125
bike,dune_bayes,2148,29577.544921875,8.533944129943848,29586.078125
bike,dune_bayes,2149,29577.544921875,8.533944129943848,29586.078125
bike,dune_bayes,2150,24333.82421875,9.277083396911621,24343.1015625
bike,dune_bayes,2151,20841.251953125,10.448473930358887,20851.701171875
bike,dune_bayes,2152,18245.779296875,10.652165412902832,18256.431640625
bike,dune_bayes,2153,9911.7421875,11.635058403015137,9923.376953125
bike,dune_bayes,2154,9997.0458984375,11.241670608520508,10008.287109375
bike,dune_bayes,2155,23390.716796875,8.533146858215332,23399.25
bike,dune_bayes,2156,27964.421875,6.035146713256836,27970.45703125
bike,dune_bayes,2157,34825.55078125,12.477594375610352,34838.02734375
bike,dune_bayes,2158,33802.7734375,13.652755737304688,33816.42578125
bike,dune_bayes,2159,29886.84765625,12.919285774230957,29899.767578125
bike,dune_bayes,2160,29331.65234375,14.406628608703613,29346.05859375
bike,dune_bayes,2161,29644.171875,14.619285583496094,29658.791015625
bike,dune_bayes,2162,33634.8046875,12.585153579711914,33647.390625
bike,dune_bayes,2163,32680.94921875,13.11697769165039,32694.06640625
bike,dune_bayes,2164,32159.34375,12.266145706176758,32171.609375
bike,dune_bayes,2165,31608.65234375,12.024246215820312,31620.67578125
bike,dune_bayes,2166,33790.0703125,11.958489418029785,33802.02734375
bike,dune_bayes,2167,30205.744140625,10.978103637695312,30216.72265625
bike,dune_bayes,2168,30571.302734375,10.95167350769043,30582.25390625
bike,dune_bayes,2169,26748.30859375,9.856225967407227,26758.1640625
bike,dune_bayes,2170,27880.47265625,11.362602233886719,27891.8359375
bike,dune_bayes,2171,27923.50390625,10.745588302612305,27934.25
bike,dune_bayes,2172,27026.126953125,10.61534595489502,27036.7421875
bike,dune_bayes,2173,27218.728515625,10.407957077026367,27229.13671875
bike,dune_bayes,2174,48025.48828125,7.8487467765808105,48033.3359375
bike,dune_bayes,2175,39609.34375,6.328018665313721,39615.671875
bike,dune_bayes,2176,44952.16015625,6.583776473999023,44958.7421875
bike,dune_bayes,2177,31012.65625,9.801880836486816,31022.458984375
bike,dune_bayes,2178,31862.158203125,9.756982803344727,31871.916015625
bike,dune_bayes,2179,37950.46484375,10.781600952148438,37961.24609375
bike,dune_bayes,2180,37731.79296875,11.09222412109375,37742.88671875
bike,dune_bayes,2181,29530.642578125,9.772387504577637,29540.4140625
bike,dune_bayes,2182,23527.17578125,7.221614837646484,23534.396484375
bike,dune_bayes,2183,29754.220703125,7.8582844734191895,29762.078125
bike,dune_bayes,2184,24928.267578125,6.464803695678711,24934.732421875
bike,dune_bayes,2185,15119.8662109375,8.816320419311523,15128.6826171875
bike,dune_bayes,2186,15398.4541015625,9.868515014648438,15408.322265625
bike,dune_bayes,2187,12953.1416015625,9.909358024597168,12963.05078125
bike,dune_bayes,2188,13425.052734375,9.465197563171387,13434.517578125
bike,dune_bayes,2189,30585.380859375,8.410112380981445,30593.791015625
bike,dune_bayes,2190,29622.84765625,6.51220178604126,29629.359375
bike,dune_bayes,2191,19367.41015625,8.725408554077148,19376.134765625
bike,dune_bayes,2192,35918.8359375,10.680876731872559,35929.515625
bike,dune_bayes,2193,23032.599609375,7.802281856536865,23040.40234375
bike,dune_bayes,2194,40793.0625,11.186269760131836,40804.25
bike,dune_bayes,2195,48895.8828125,12.368136405944824,48908.25
bike,dune_bayes,2196,38633.09765625,6.5363569259643555,38639.6328125
bike,dune_bayes,2197,33325.953125,6.495425224304199,33332.44921875
bike,dune_bayes,2198,29764.123046875,6.910915374755859,29771.033203125
bike,dune_bayes,2199,48138.0546875,10.329933166503906,48148.3828125
bike,dune_bayes,2200,46655.953125,11.899699211120605,46667.8515625
bike,dune_bayes,2201,47742.83203125,12.6239013671875,47755.45703125
bike,dune_bayes,2202,28279.49609375,10.398001670837402,28289.89453125
bike,dune_bayes,2203,30808.091796875,10.323005676269531,30818.4140625
bike,dune_bayes,2204,35753.1328125,10.702696800231934,35763.8359375
bike,dune_bayes,2205,38602.59375,10.58909797668457,38613.18359375
bike,dune_bayes,2206,32069.859375,9.676067352294922,32079.53515625
bike,dune_bayes,2207,25454.1796875,9.40485954284668,25463.583984375
bike,dune_bayes,2208,27880.47265625,11.362602233886719,27891.8359375
bike,dune_bayes,2209,23361.607421875,13.006470680236816,23374.61328125
bike,dune_bayes,2210,25744.564453125,11.930071830749512,25756.494140625
bike,dune_bayes,2211,26252.96484375,12.4812593460083,26265.4453125
bike,dune_bayes,2212,31377.318359375,11.39730167388916,31388.71484375
bike,dune_bayes,2213,30010.220703125,11.893440246582031,30022.11328125
bike,dune_bayes,2214,33765.1796875,12.363378524780273,33777.54296875
bike,dune_bayes,2215,26603.591796875,11.357559204101562,26614.94921875
bike,dune_bayes,2216,26337.63671875,11.40204906463623,26349.0390625
bike,dune_bayes,2217,38160.47265625,12.142251014709473,38172.61328125
bike,dune_bayes,2218,36752.89453125,13.591504096984863,36766.484375
bike,dune_bayes,2219,34539.6171875,9.498562812805176,34549.1171875
bike,dune_bayes,2220,33668.20703125,10.69031810760498,33678.8984375
bike,dune_bayes,2221,32682.494140625,11.466862678527832,32693.9609375
bike,dune_bayes,2222,42799.10546875,13.513599395751953,42812.6171875
bike,dune_bayes,2223,41947.1640625,12.369213104248047,41959.53515625
bike,dune_bayes,2224,41067.0625,11.125990867614746,41078.1875
bike,dune_bayes,2225,33555.11328125,8.533401489257812,33563.6484375
bike,dune_bayes,2226,32756.42578125,11.883174896240234,32768.30859375
bike,dune_bayes,2227,30816.12109375,12.312447547912598,30828.43359375
bike,dune_bayes,2228,26807.416015625,10.108381271362305,26817.5234375
bike,dune_bayes,2229,26546.83984375,10.048544883728027,26556.888671875
bike,dune_bayes,2230,28406.431640625,9.579590797424316,28416.01171875
bike,dune_bayes,2231,27714.66796875,8.880732536315918,27723.548828125
bike,dune_bayes,2232,29065.84765625,9.303040504455566,29075.150390625
bike,dune_bayes,2233,35590.10546875,10.773231506347656,35600.87890625
bike,dune_bayes,2234,36534.9296875,11.904254913330078,36546.83203125
bike,dune_bayes,2235,33253.90234375,11.07023811340332,33264.97265625
bike,dune_bayes,2236,31519.759765625,10.530438423156738,31530.291015625
bike,dune_bayes,2237,27004.123046875,8.474812507629395,27012.59765625
bike,dune_bayes,2238,39804.80859375,11.356890678405762,39816.1640625
bike,dune_bayes,2239,44443.5078125,11.30002212524414,44454.80859375
bike,dune_bayes,2240,29044.82421875,6.00894832611084,29050.833984375
bike,dune_bayes,2241,22159.953125,7.173861026763916,22167.126953125
bike,dune_bayes,2242,22159.953125,7.173861026763916,22167.126953125
bike,dune_bayes,2243,23938.986328125,7.661706447601318,23946.6484375
bike,dune_bayes,2244,31838.740234375,9.413506507873535,31848.154296875
bike,dune_bayes,2245,35786.0390625,13.332077026367188,35799.37109375
bike,dune_bayes,2246,33916.1953125,12.539371490478516,33928.734375
bike,dune_bayes,2247,38288.91015625,10.022942543029785,38298.93359375
bike,dune_bayes,2248,34564.57421875,11.991494178771973,34576.56640625
bike,dune_bayes,2249,36267.4765625,7.251839637756348,36274.7265625
bike,dune_bayes,2250,28536.580078125,8.479879379272461,28545.060546875
bike,dune_bayes,2251,24532.640625,9.304725646972656,24541.9453125
bike,dune_bayes,2252,38423.48046875,7.884099960327148,38431.36328125
bike,dune_bayes,2253,25312.986328125,14.330377578735352,25327.31640625
bike,dune_bayes,2254,28553.583984375,13.724246978759766,28567.30859375
bike,dune_bayes,2255,36879.8125,10.265687942504883,36890.078125
bike,dune_bayes,2256,35684.6328125,9.162214279174805,35693.796875
bike,dune_bayes,2257,45517.24609375,13.379080772399902,45530.625
bike,dune_bayes,2258,46533.96484375,12.981776237487793,46546.9453125
bike,dune_bayes,2259,46783.62890625,12.92130184173584,46796.55078125
bike,dune_bayes,2260,42085.1171875,11.209967613220215,42096.328125
bike,dune_bayes,2261,43558.38671875,10.812642097473145,43569.19921875
bike,dune_bayes,2262,37252.89453125,9.545610427856445,37262.44140625
bike,dune_bayes,2263,34752.45703125,8.63695240020752,34761.09375
bike,dune_bayes,2264,33325.953125,6.495425224304199,33332.44921875
bike,dune_bayes,2265,24123.828125,6.9876604080200195,24130.81640625
bike,dune_bayes,2266,19177.46484375,8.14889907836914,19185.61328125
bike,dune_bayes,2267,19291.87109375,8.093411445617676,19299.96484375
bike,dune_bayes,2268,20028.51953125,8.47297191619873,20036.9921875
bike,dune_bayes,2269,20028.51953125,8.47297191619873,20036.9921875
bike,dune_bayes,2270,20028.51953125,8.47297191619873,20036.9921875
bike,dune_bayes,2271,15814.564453125,9.209586143493652,15823.7744140625
bike,dune_bayes,2272,45720.0859375,8.99311637878418,45729.078125
bike,dune_bayes,2273,13683.3154296875,10.138980865478516,13693.4541015625
bike,dune_bayes,2274,46630.69921875,10.599418640136719,46641.296875
bike,dune_bayes,2275,47012.609375,7.55341100692749,47020.1640625
bike,dune_bayes,2276,21704.82421875,9.2015380859375,21714.025390625
bike,dune_bayes,2277,34444.68359375,11.69962215423584,34456.3828125
bike,dune_bayes,2278,33004.25390625,12.607529640197754,33016.86328125
bike,dune_bayes,2279,30046.232421875,14.016353607177734,30060.248046875
bike,dune_bayes,2280,30555.98828125,9.192319869995117,30565.1796875
bike,dune_bayes,2281,17180.697265625,9.687475204467773,17190.384765625
bike,dune_bayes,2282,10288.255859375,11.726758003234863,10299.982421875
bike,dune_bayes,2283,8175.765625,13.01595687866211,8188.78173828125
bike,dune_bayes,2284,8186.0703125,12.790460586547852,8198.8603515625
bike,dune_bayes,2285,8664.0458984375,13.336203575134277,8677.3818359375
bike,dune_bayes,2286,9648.828125,11.446202278137207,9660.2744140625
bike,dune_bayes,2287,11050.49609375,10.59189224243164,11061.087890625
bike,dune_bayes,2288,17052.736328125,8.829529762268066,17061.56640625
bike,dune_bayes,2289,10994.6103515625,11.174050331115723,11005.7841796875
bike,dune_bayes,2290,14757.1923828125,9.109899520874023,14766.302734375
bike,dune_bayes,2291,11833.6484375,10.1571683883667,11843.8056640625
bike,dune_bayes,2292,11749.4140625,10.225385665893555,11759.6396484375
bike,dune_bayes,2293,16745.685546875,8.528962135314941,16754.21484375
bike,dune_bayes,2294,27723.83203125,9.911188125610352,27733.744140625
bike,dune_bayes,2295,32452.552734375,11.676894187927246,32464.23046875
bike,dune_bayes,2296,36748.12890625,12.017006874084473,36760.14453125
bike,dune_bayes,2297,17688.193359375,8.259037971496582,17696.453125
bike,dune_bayes,2298,41887.59375,10.583913803100586,41898.17578125
bike,dune_bayes,2299,41814.16015625,11.485265731811523,41825.64453125
bike,dune_bayes,2300,44967.03125,11.586134910583496,44978.6171875
bike,dune_bayes,2301,46845.3203125,12.725172996520996,46858.046875
bike,dune_bayes,2302,35742.609375,6.875383377075195,35749.484375
bike,dune_bayes,2303,34811.7421875,6.155674457550049,34817.8984375
bike,dune_bayes,2304,34910.49609375,7.817220211029053,34918.3125
bike,dune_bayes,2305,34636.19921875,7.815351486206055,34644.015625
bike,dune_bayes,2306,33853.46484375,7.362179279327393,33860.828125
bike,dune_bayes,2307,28920.376953125,10.254029273986816,28930.630859375
bike,dune_bayes,2308,28254.13671875,11.212255477905273,28265.349609375
bike,dune_bayes,2309,32752.74609375,11.10488224029541,32763.8515625
bike,dune_bayes,2310,23410.380859375,10.236557960510254,23420.6171875
bike,dune_bayes,2311,24633.65234375,10.63713264465332,24644.2890625
bike,dune_bayes,2312,25376.796875,10.46103572845459,25387.2578125
bike,dune_bayes,2313,24257.099609375,10.227127075195312,24267.326171875
bike,dune_bayes,2314,11451.3564453125,10.27618408203125,11461.6328125
bike,dune_bayes,2315,9722.08984375,11.088923454284668,9733.1787109375
bike,dune_bayes,2316,14225.337890625,9.096150398254395,14234.43359375
bike,dune_bayes,2317,28505.03125,8.343277931213379,28513.375
bike,dune_bayes,2318,36555.75390625,11.068053245544434,36566.8203125
bike,dune_bayes,2319,32733.923828125,8.828460693359375,32742.751953125
bike,dune_bayes,2320,29740.044921875,9.763216018676758,29749.80859375
bike,dune_bayes,2321,38861.90234375,6.247305870056152,38868.1484375
bike,dune_bayes,2322,39903.05078125,6.990151882171631,39910.0390625
bike,dune_bayes,2323,35708.20703125,5.776155948638916,35713.984375
bike,dune_bayes,2324,35081.23828125,6.88026762008667,35088.1171875
bike,dune_bayes,2325,42956.03515625,9.042120933532715,42965.078125
bike,dune_bayes,2326,52633.296875,8.096274375915527,52641.39453125
bike,dune_bayes,2327,34192.3203125,10.143165588378906,34202.46484375
bike,dune_bayes,2328,34116.81640625,7.919215679168701,34124.734375
bike,dune_bayes,2329,23533.736328125,8.448517799377441,23542.185546875
bike,dune_bayes,2330,19699.154296875,9.61748218536377,19708.771484375
bike,dune_bayes,2331,33157.578125,8.144845008850098,33165.72265625
bike,dune_bayes,2332,40136.265625,7.345861434936523,40143.61328125
bike,dune_bayes,2333,46058.6953125,9.714531898498535,46068.41015625
bike,dune_bayes,2334,42988.87109375,8.900908470153809,42997.7734375
bike,dune_bayes,2335,52158.04296875,9.064526557922363,52167.109375
bike,dune_bayes,2336,41371.21484375,11.441507339477539,41382.65625
bike,dune_bayes,2337,47774.55078125,10.362634658813477,47784.9140625
bike,dune_bayes,2338,48271.41015625,7.679977893829346,48279.08984375
bike,dune_bayes,2339,24496.412109375,11.039898872375488,24507.451171875
bike,dune_bayes,2340,37388.28515625,8.570943832397461,37396.85546875
bike,dune_bayes,2341,37748.34375,8.655756950378418,37757.0
bike,dune_bayes,2342,24333.82421875,9.277083396911621,24343.1015625
bike,dune_bayes,2343,29577.544921875,8.533944129943848,29586.078125
bike,dune_bayes,2344,42965.06640625,8.257246971130371,42973.32421875
bike,dune_bayes,2345,39710.08984375,7.611176490783691,39717.69921875
bike,dune_bayes,2346,28674.66796875,7.586217880249023,28682.25390625
bike,dune_bayes,2347,26425.14453125,8.389557838439941,26433.533203125
bike,dune_bayes,2348,41286.140625,6.543474197387695,41292.68359375
bike,dune_bayes,2349,46929.65234375,9.057879447937012,46938.7109375
bike,dune_bayes,2350,40829.75390625,8.184991836547852,40837.9375
bike,dune_bayes,2351,48208.87109375,7.38616418838501,48216.2578125
bike,dune_bayes,2352,46478.32421875,8.335464477539062,46486.66015625
bike,dune_bayes,2353,46937.921875,7.7728447914123535,46945.6953125
bike,dune_bayes,2354,40331.11328125,9.602005004882812,40340.71484375
bike,dune_bayes,2355,47465.48046875,7.142218589782715,47472.62109375
bike,dune_bayes,2356,51001.421875,9.270349502563477,51010.69140625
bike,dune_bayes,2357,48328.125,10.046838760375977,48338.171875
bike,dune_bayes,2358,29749.80078125,9.640888214111328,29759.44140625
bike,dune_bayes,2359,27689.544921875,8.207015991210938,27697.751953125
bike,dune_bayes,2360,27103.267578125,6.680080413818359,27109.947265625
bike,dune_bayes,2361,29091.943359375,8.430288314819336,29100.373046875
bike,dune_bayes,2362,38435.359375,10.927534103393555,38446.28515625
bike,dune_bayes,2363,42586.1796875,10.4233980178833,42596.6015625
bike,dune_bayes,2364,37828.5390625,12.068676948547363,37840.609375
bike,dune_bayes,2365,37396.64453125,12.694352149963379,37409.33984375
bike,dune_bayes,2366,38862.6015625,10.5198392868042,38873.12109375
bike,dune_bayes,2367,39808.61328125,7.523919582366943,39816.13671875
bike,dune_bayes,2368,32642.453125,6.838918685913086,32649.29296875
bike,dune_bayes,2369,29841.234375,6.649143695831299,29847.8828125
bike,dune_bayes,2370,38566.51953125,8.30137825012207,38574.8203125
bike,dune_bayes,2371,32356.6953125,12.108564376831055,32368.8046875
bike,dune_bayes,2372,39245.34375,9.328513145446777,39254.671875
bike,dune_bayes,2373,40207.12890625,7.628461837768555,40214.7578125
bike,dune_bayes,2374,46964.12109375,7.942060470581055,46972.0625
bike,dune_bayes,2375,34369.44140625,7.850146770477295,34377.29296875
bike,dune_bayes,2376,29513.53515625,9.455458641052246,29522.990234375
bike,dune_bayes,2377,45406.88671875,8.081541061401367,45414.96875
bike,dune_bayes,2378,32309.732421875,9.665109634399414,32319.3984375
bike,dune_bayes,2379,33217.47265625,9.627461433410645,33227.1015625
bike,dune_bayes,2380,37998.45703125,9.30837631225586,38007.765625
bike,dune_bayes,2381,46913.56640625,8.337997436523438,46921.90625
bike,dune_bayes,2382,50396.18359375,8.535051345825195,50404.71875
bike,dune_bayes,2383,45687.3828125,8.426290512084961,45695.80859375
bike,dune_bayes,2384,35903.77734375,9.906527519226074,35913.68359375
bike,dune_bayes,2385,30700.345703125,10.083478927612305,30710.4296875
bike,dune_bayes,2386,33448.71484375,9.70485782623291,33458.41796875
bike,dune_bayes,2387,28267.1015625,9.892786026000977,28276.994140625
bike,dune_bayes,2388,28534.865234375,10.008302688598633,28544.873046875
bike,dune_bayes,2389,53433.45703125,8.554825782775879,53442.01171875
bike,dune_bayes,2390,45848.80078125,11.85293960571289,45860.65234375
bike,dune_bayes,2391,46913.56640625,8.337997436523438,46921.90625
bike,dune_bayes,2392,40010.953125,9.54168701171875,40020.49609375
bike,dune_bayes,2393,31251.6953125,5.931082248687744,31257.626953125
bike,dune_bayes,2394,26498.8125,6.863264083862305,26505.67578125
bike,dune_bayes,2395,21603.33984375,8.559894561767578,21611.900390625
bike,dune_bayes,2396,39720.3671875,6.253971099853516,39726.62109375
bike,dune_bayes,2397,48533.59765625,11.915404319763184,48545.51171875
bike,dune_bayes,2398,48705.54296875,12.380382537841797,48717.921875
bike,dune_bayes,2399,47200.6171875,11.7682466506958,47212.38671875
bike,dune_bayes,2400,42469.6953125,8.6419677734375,42478.3359375
bike,dune_bayes,2401,42416.16796875,7.435276508331299,42423.6015625
bike,dune_bayes,2402,33195.234375,8.865251541137695,33204.1015625
bike,dune_bayes,2403,28329.236328125,6.553079128265381,28335.7890625
bike,dune_bayes,2404,23854.42578125,6.561403274536133,23860.986328125
bike,dune_bayes,2405,40003.265625,11.731066703796387,40014.99609375
bike,dune_bayes,2406,35612.86328125,13.451793670654297,35626.31640625
bike,dune_bayes,2407,34315.70703125,13.672122955322266,34329.37890625
bike,dune_bayes,2408,34256.03125,13.462420463562012,34269.4921875
bike,dune_bayes,2409,35414.78515625,7.465322017669678,35422.25
bike,dune_bayes,2410,29535.923828125,6.660948276519775,29542.583984375
bike,dune_bayes,2411,35265.69140625,12.691535949707031,35278.3828125
bike,dune_bayes,2412,34890.69921875,10.646533012390137,34901.34765625
bike,dune_bayes,2413,34177.24609375,10.31968879699707,34187.56640625
bike,dune_bayes,2414,32012.552734375,9.816662788391113,32022.369140625
bike,dune_bayes,2415,32012.552734375,9.816662788391113,32022.369140625
bike,dune_bayes,2416,32012.552734375,9.816662788391113,32022.369140625
bike,dune_bayes,2417,34662.8046875,10.000328063964844,34672.8046875
bike,dune_bayes,2418,40010.953125,9.54168701171875,40020.49609375
bike,dune_bayes,2419,39694.9921875,9.517428398132324,39704.5078125
bike,dune_bayes,2420,48987.7265625,7.673313140869141,48995.3984375
bike,dune_bayes,2421,32750.966796875,9.573649406433105,32760.541015625
bike,dune_bayes,2422,45010.0078125,9.259552955627441,45019.265625
bike,dune_bayes,2423,41858.3203125,9.83292007446289,41868.15234375
bike,dune_bayes,2424,42714.2109375,10.06176471710205,42724.2734375
bike,dune_bayes,2425,43649.921875,10.518013954162598,43660.44140625
bike,dune_bayes,2426,39449.77734375,10.791189193725586,39460.5703125
bike,dune_bayes,2427,37955.921875,10.147314071655273,37966.0703125
bike,dune_bayes,2428,46684.41015625,8.173477172851562,46692.58203125
bike,dune_bayes,2429,50286.87890625,7.453449726104736,50294.33203125
bike,dune_bayes,2430,42714.2109375,10.06176471710205,42724.2734375
bike,dune_bayes,2431,40462.3671875,10.614683151245117,40472.98046875
bike,dune_bayes,2432,40462.3671875,10.614683151245117,40472.98046875
bike,dune_bayes,2433,39837.06640625,10.446378707885742,39847.51171875
bike,dune_bayes,2434,45891.515625,10.002950668334961,45901.51953125
bike,dune_bayes,2435,46329.390625,10.092469215393066,46339.484375
bike,dune_bayes,2436,44058.2578125,8.602275848388672,44066.859375
bike,dune_bayes,2437,44619.68359375,8.436448097229004,44628.12109375
bike,dune_bayes,2438,48504.3671875,9.016963958740234,48513.3828125
bike,dune_bayes,2439,35931.8671875,10.675071716308594,35942.54296875
bike,dune_bayes,2440,34404.9375,11.495280265808105,34416.43359375
bike,dune_bayes,2441,37085.03125,10.418744087219238,37095.44921875
bike,dune_bayes,2442,38296.08984375,9.640085220336914,38305.73046875
bike,dune_bayes,2443,38338.2578125,9.228562355041504,38347.48828125
bike,dune_bayes,2444,34560.2890625,10.388345718383789,34570.67578125
bike,dune_bayes,2445,33279.99609375,11.051186561584473,33291.046875
bike,dune_bayes,2446,30026.36328125,10.767502784729004,30037.130859375
bike,dune_bayes,2447,29229.33203125,11.468884468078613,29240.80078125
bike,dune_bayes,2448,37284.0546875,8.922200202941895,37292.9765625
bike,dune_bayes,2449,35211.18359375,10.478414535522461,35221.66015625
bike,dune_bayes,2450,35492.20703125,9.375723838806152,35501.58203125
bike,dune_bayes,2451,38200.51171875,8.601917266845703,38209.11328125
bike,dune_bayes,2452,36115.8359375,8.971034049987793,36124.80859375
bike,dune_bayes,2453,31114.251953125,8.973477363586426,31123.224609375
bike,dune_bayes,2454,29077.49609375,10.19192886352539,29087.6875
bike,dune_bayes,2455,34390.953125,8.835895538330078,34399.7890625
bike,dune_bayes,2456,37466.2734375,9.267118453979492,37475.5390625
bike,dune_bayes,2457,33618.23046875,11.149353981018066,33629.37890625
bike,dune_bayes,2458,32903.65234375,11.855257034301758,32915.5078125
bike,dune_bayes,2459,32121.384765625,12.590885162353516,32133.9765625
bike,dune_bayes,2460,35869.14453125,11.03654670715332,35880.1796875
bike,dune_bayes,2461,40614.89453125,10.67517375946045,40625.5703125
bike,dune_bayes,2462,39205.3515625,11.659404754638672,39217.01171875
bike,dune_bayes,2463,40541.21484375,10.8046236038208,40552.01953125
bike,dune_bayes,2464,47323.51171875,7.4213666915893555,47330.93359375
bike,dune_bayes,2465,51276.08984375,10.3699951171875,51286.4609375
bike,dune_bayes,2466,44882.57421875,11.55848217010498,44894.1328125
bike,dune_bayes,2467,42315.29296875,6.324159145355225,42321.6171875
bike,dune_bayes,2468,50212.078125,8.161684036254883,50220.23828125
bike,dune_bayes,2469,50013.88671875,7.958569049835205,50021.84375
bike,dune_bayes,2470,41896.4375,12.856935501098633,41909.29296875
bike,dune_bayes,2471,43194.984375,12.690552711486816,43207.67578125
bike,dune_bayes,2472,42619.59375,13.12482738494873,42632.71875
bike,dune_bayes,2473,39429.984375,13.49538803100586,39443.48046875
bike,dune_bayes,2474,37850.80859375,13.471894264221191,37864.28125
bike,dune_bayes,2475,47295.33984375,11.437787055969238,47306.77734375
bike,dune_bayes,2476,47148.99609375,10.114447593688965,47159.109375
bike,dune_bayes,2477,36884.609375,9.091313362121582,36893.69921875
bike,dune_bayes,2478,36164.91015625,12.164299964904785,36177.07421875
bike,dune_bayes,2479,36469.65625,12.180476188659668,36481.8359375
bike,dune_bayes,2480,39273.51171875,11.185900688171387,39284.69921875
bike,dune_bayes,2481,32664.5703125,6.707305431365967,32671.27734375
bike,dune_bayes,2482,37812.49609375,10.260945320129395,37822.7578125
bike,dune_bayes,2483,37555.48828125,11.056368827819824,37566.54296875
bike,dune_bayes,2484,34406.6953125,12.863049507141113,34419.55859375
bike,dune_bayes,2485,39056.99609375,13.479994773864746,39070.4765625
bike,dune_bayes,2486,34223.38671875,12.942193984985352,34236.328125
bike,dune_bayes,2487,38015.51953125,6.605301380157471,38022.125
bike,dune_bayes,2488,46250.76953125,11.0477294921875,46261.81640625
bike,dune_bayes,2489,44261.140625,12.359116554260254,44273.5
bike,dune_bayes,2490,43048.96875,8.431478500366211,43057.3984375
bike,dune_bayes,2491,25711.9609375,7.646449089050293,25719.607421875
bike,dune_bayes,2492,48085.0,10.028371810913086,48095.02734375
bike,dune_bayes,2493,43698.265625,7.1169819831848145,43705.3828125
bike,dune_bayes,2494,38015.51953125,6.605301380157471,38022.125
bike,dune_bayes,2495,21603.33984375,8.559894561767578,21611.900390625
bike,dune_bayes,2496,32722.15234375,7.116057872772217,32729.267578125
bike,dune_bayes,2497,45691.921875,6.700894355773926,45698.62109375
bike,dune_bayes,2498,52342.98828125,12.293452262878418,52355.28125
bike,dune_bayes,2499,35725.3671875,7.2887282371521,35732.65625
bike,dune_bayes,2500,32488.216796875,7.79751443862915,32496.013671875
bike,dune_bayes,2501,33157.578125,8.144845008850098,33165.72265625
bike,dune_bayes,2502,32123.8671875,7.690816879272461,32131.55859375
bike,dune_bayes,2503,31876.6875,7.658448696136475,31884.345703125
bike,dune_bayes,2504,24226.77734375,8.509064674377441,24235.287109375
bike,dune_bayes,2505,42038.19140625,12.75740909576416,42050.94921875
bike,dune_bayes,2506,42004.38671875,13.03081226348877,42017.41796875
bike,dune_bayes,2507,43002.89453125,6.431180953979492,43009.32421875
bike,dune_bayes,2508,34938.3984375,6.838200092315674,34945.23828125
bike,dune_bayes,2509,48014.99609375,7.002401828765869,48022.0
bike,dune_bayes,2510,40996.953125,12.763736724853516,41009.71875
bike,dune_bayes,2511,36700.99609375,13.992834091186523,36714.98828125
bike,dune_bayes,2512,37942.26953125,13.753828048706055,37956.0234375
bike,dune_bayes,2513,37732.6328125,13.796513557434082,37746.4296875
bike,dune_bayes,2514,48446.12109375,12.004807472229004,48458.125
bike,dune_bayes,2515,38400.33203125,7.091750144958496,38407.421875
bike,dune_bayes,2516,38534.44921875,10.590739250183105,38545.0390625
bike,dune_bayes,2517,25162.9921875,14.371214866638184,25177.36328125
bike,dune_bayes,2518,25857.779296875,14.26668643951416,25872.046875
bike,dune_bayes,2519,30288.931640625,13.221429824829102,30302.15234375
bike,dune_bayes,2520,38780.03125,8.919120788574219,38788.94921875
bike,dune_bayes,2521,39892.79296875,9.014044761657715,39901.80859375
bike,dune_bayes,2522,32554.583984375,12.897799491882324,32567.482421875
bike,dune_bayes,2523,38295.48828125,8.583581924438477,38304.0703125
bike,dune_bayes,2524,38711.53125,9.291091918945312,38720.82421875
bike,dune_bayes,2525,47571.83984375,8.821290969848633,47580.66015625
bike,dune_bayes,2526,46121.609375,9.491636276245117,46131.1015625
bike,dune_bayes,2527,48039.68359375,8.903083801269531,48048.5859375
bike,dune_bayes,2528,49537.6953125,8.168611526489258,49545.86328125
bike,dune_bayes,2529,46520.8828125,8.850825309753418,46529.734375
bike,dune_bayes,2530,47270.91015625,8.658556938171387,47279.5703125
bike,dune_bayes,2531,47270.91015625,8.658556938171387,47279.5703125
bike,dune_bayes,2532,37955.921875,10.147314071655273,37966.0703125
bike,dune_bayes,2533,40783.609375,11.763117790222168,40795.37109375
bike,dune_bayes,2534,39694.9921875,9.517428398132324,39704.5078125
bike,dune_bayes,2535,44662.671875,9.135719299316406,44671.80859375
bike,dune_bayes,2536,45290.53125,11.451680183410645,45301.984375
bike,dune_bayes,2537,46452.0234375,7.27722692489624,46459.30078125
bike,dune_bayes,2538,48396.984375,7.614985466003418,48404.59765625
bike,dune_bayes,2539,48689.71875,7.351043224334717,48697.0703125
bike,dune_bayes,2540,47794.25390625,7.450253009796143,47801.703125
bike,dune_bayes,2541,35557.12109375,9.113216400146484,35566.234375
bike,dune_bayes,2542,32357.11328125,8.804512977600098,32365.91796875
bike,dune_bayes,2543,48328.125,10.046838760375977,48338.171875
bike,dune_bayes,2544,46095.203125,11.48682975769043,46106.69140625
bike,dune_bayes,2545,43276.390625,12.480420112609863,43288.87109375
bike,dune_bayes,2546,43194.984375,12.690552711486816,43207.67578125
bike,dune_bayes,2547,50327.2109375,10.221736907958984,50337.43359375
bike,dune_bayes,2548,38456.91015625,7.915665626525879,38464.82421875
bike,dune_bayes,2549,32986.30078125,6.90108060836792,32993.203125
bike,dune_bayes,2550,40563.6953125,7.654336452484131,40571.3515625
bike,dune_bayes,2551,38429.56640625,10.593239784240723,38440.16015625
bike,dune_bayes,2552,34373.7265625,13.024816513061523,34386.75
bike,dune_bayes,2553,37491.18359375,9.327561378479004,37500.51171875
bike,dune_bayes,2554,34314.91015625,6.631377696990967,34321.54296875
bike,dune_bayes,2555,28979.677734375,7.401524066925049,28987.080078125
bike,dune_bayes,2556,39793.26953125,9.341485023498535,39802.609375
bike,dune_bayes,2557,39284.703125,8.477872848510742,39293.1796875
bike,dune_bayes,2558,39245.34375,9.328513145446777,39254.671875
bike,dune_bayes,2559,34636.19921875,7.815351486206055,34644.015625
bike,dune_bayes,2560,44142.84765625,6.76428747177124,44149.61328125
bike,dune_bayes,2561,45806.69921875,7.154430866241455,45813.85546875
bike,dune_bayes,2562,46684.41015625,8.173477172851562,46692.58203125
bike,dune_bayes,2563,46248.8828125,8.106858253479004,46256.98828125
bike,dune_bayes,2564,42988.87109375,8.900908470153809,42997.7734375
bike,dune_bayes,2565,45053.296875,9.454789161682129,45062.75
bike,dune_bayes,2566,38733.96875,10.042240142822266,38744.01171875
bike,dune_bayes,2567,37725.40625,10.018414497375488,37735.42578125
bike,dune_bayes,2568,45274.79296875,10.175827026367188,45284.96875
bike,dune_bayes,2569,45004.88671875,10.65882396697998,45015.546875
bike,dune_bayes,2570,41690.67578125,11.091534614562988,41701.765625
bike,dune_bayes,2571,45635.671875,10.551443099975586,45646.22265625
bike,dune_bayes,2572,49272.2890625,10.348023414611816,49282.63671875
bike,dune_bayes,2573,45010.328125,11.33327865600586,45021.66015625
bike,dune_bayes,2574,38733.96875,10.042240142822266,38744.01171875
bike,dune_bayes,2575,26003.251953125,14.128464698791504,26017.380859375
bike,dune_bayes,2576,30492.416015625,13.07240104675293,30505.48828125
bike,dune_bayes,2577,30861.296875,12.637341499328613,30873.93359375
bike,dune_bayes,2578,44194.0390625,10.045862197875977,44204.0859375
bike,dune_bayes,2579,49630.01171875,9.362518310546875,49639.375
bike,dune_bayes,2580,42669.71875,9.132736206054688,42678.8515625
bike,dune_bayes,2581,38450.47265625,10.144920349121094,38460.6171875
bike,dune_bayes,2582,36799.33984375,10.908068656921387,36810.24609375
bike,dune_bayes,2583,39104.09765625,8.516474723815918,39112.61328125
bike,dune_bayes,2584,27682.02734375,13.99992847442627,27696.02734375
bike,dune_bayes,2585,34017.6484375,13.065449714660645,34030.71484375
bike,dune_bayes,2586,38081.78515625,12.611239433288574,38094.39453125
bike,dune_bayes,2587,40535.49609375,11.145597457885742,40546.640625
bike,dune_bayes,2588,41613.484375,10.924336433410645,41624.41015625
bike,dune_bayes,2589,32009.328125,12.79400634765625,32022.123046875
bike,dune_bayes,2590,22935.3125,14.193805694580078,22949.505859375
bike,dune_bayes,2591,23892.50390625,13.88428020477295,23906.388671875
bike,dune_bayes,2592,25311.5546875,13.647592544555664,25325.203125
bike,dune_bayes,2593,47847.90234375,8.004768371582031,47855.90625
bike,dune_bayes,2594,47573.703125,8.1556396484375,47581.859375
bike,dune_bayes,2595,47571.83984375,8.821290969848633,47580.66015625
bike,dune_bayes,2596,34153.875,12.703688621520996,34166.578125
bike,dune_bayes,2597,43116.39453125,10.55808162689209,43126.953125
bike,dune_bayes,2598,36435.62890625,14.510534286499023,36450.140625
bike,dune_bayes,2599,45596.8984375,12.36363410949707,45609.26171875
bike,dune_bayes,2600,44340.57421875,12.264128684997559,44352.83984375
bike,dune_bayes,2601,39860.625,14.283060073852539,39874.90625
bike,dune_bayes,2602,45612.88671875,8.848010063171387,45621.734375
bike,dune_bayes,2603,45668.16796875,10.781774520874023,45678.94921875
bike,dune_bayes,2604,37732.6328125,13.796513557434082,37746.4296875
bike,dune_bayes,2605,32750.095703125,14.822230339050293,32764.91796875
bike,dune_bayes,2606,31150.345703125,14.940744400024414,31165.287109375
bike,dune_bayes,2607,31493.720703125,14.694371223449707,31508.416015625
bike,dune_bayes,2608,47718.640625,9.588395118713379,47728.23046875
bike,dune_bayes,2609,35505.22265625,13.743952751159668,35518.96484375
bike,dune_bayes,2610,33610.2109375,13.623266220092773,33623.8359375
bike,dune_bayes,2611,42287.0390625,10.563901901245117,42297.6015625
bike,dune_bayes,2612,43891.76171875,11.371663093566895,43903.1328125
bike,dune_bayes,2613,46520.8828125,8.850825309753418,46529.734375
bike,dune_bayes,2614,46131.5,9.929271697998047,46141.4296875
bike,dune_bayes,2615,43058.55859375,9.860346794128418,43068.41796875
bike,dune_bayes,2616,26375.251953125,13.103710174560547,26388.35546875
bike,dune_bayes,2617,22017.82421875,14.143346786499023,22031.966796875
bike,dune_bayes,2618,34088.890625,11.42508602142334,34100.31640625
bike,dune_bayes,2619,34088.890625,11.42508602142334,34100.31640625
bike,dune_bayes,2620,21334.912109375,14.158636093139648,21349.0703125
bike,dune_bayes,2621,24711.30859375,14.603604316711426,24725.912109375
bike,dune_bayes,2622,36243.87109375,11.8230619430542,36255.6953125
bike,dune_bayes,2623,38674.50390625,10.680240631103516,38685.18359375
bike,dune_bayes,2624,38641.78125,10.973971366882324,38652.75390625
bike,dune_bayes,2625,20028.087890625,13.683887481689453,20041.771484375
bike,dune_bayes,2626,18818.943359375,14.598039627075195,18833.541015625
bike,dune_bayes,2627,25693.8203125,13.334687232971191,25707.154296875
bike,dune_bayes,2628,42471.50390625,10.264396667480469,42481.76953125
bike,dune_bayes,2629,30401.396484375,14.25373649597168,30415.650390625
bike,dune_bayes,2630,32304.876953125,13.910552978515625,32318.787109375
bike,dune_bayes,2631,39209.30078125,12.525851249694824,39221.828125
bike,dune_bayes,2632,48948.91015625,9.927879333496094,48958.83984375
bike,dune_bayes,2633,30584.873046875,14.132817268371582,30599.005859375
bike,dune_bayes,2634,32911.60546875,13.668289184570312,32925.2734375
bike,dune_bayes,2635,38875.3828125,10.747774124145508,38886.12890625
bike,dune_bayes,2636,38703.5234375,9.444740295410156,38712.96875
bike,dune_bayes,2637,23940.267578125,14.323775291442871,23954.591796875
bike,dune_bayes,2638,26043.951171875,13.965726852416992,26057.916015625
bike,dune_bayes,2639,33084.4140625,12.026875495910645,33096.44140625
bike,dune_bayes,2640,36426.44921875,12.839295387268066,36439.2890625
bike,dune_bayes,2641,30003.607421875,14.535286903381348,30018.142578125
bike,dune_bayes,2642,28080.916015625,13.776714324951172,28094.693359375
bike,dune_bayes,2643,30823.998046875,9.075020790100098,30833.072265625
bike,dune_bayes,2644,28884.119140625,9.60394287109375,28893.72265625
bike,dune_bayes,2645,16587.412109375,14.531586647033691,16601.943359375
bike,dune_bayes,2646,19925.134765625,14.68393325805664,19939.818359375
bike,dune_bayes,2647,28121.16015625,10.158036231994629,28131.318359375
bike,dune_bayes,2648,18141.951171875,13.918033599853516,18155.869140625
bike,dune_bayes,2649,37451.01171875,9.730010986328125,37460.7421875
bike,dune_bayes,2650,43137.015625,9.660861015319824,43146.67578125
bike,dune_bayes,2651,48402.375,9.117713928222656,48411.4921875
bike,dune_bayes,2652,48314.42578125,9.508586883544922,48323.93359375
bike,dune_bayes,2653,36566.4375,12.023630142211914,36578.4609375
bike,dune_bayes,2654,34289.97265625,13.293858528137207,34303.265625
bike,dune_bayes,2655,39079.734375,11.316300392150879,39091.05078125
bike,dune_bayes,2656,46375.82421875,9.2045259475708,46385.02734375
bike,dune_bayes,2657,42485.15234375,10.075440406799316,42495.2265625
bike,dune_bayes,2658,42589.10546875,11.570133209228516,42600.67578125
bike,dune_bayes,2659,41201.14453125,10.91950511932373,41212.0625
bike,dune_bayes,2660,41201.14453125,10.91950511932373,41212.0625
bike,dune_bayes,2661,42589.10546875,11.570133209228516,42600.67578125
bike,dune_bayes,2662,44430.79296875,9.32022762298584,44440.11328125
bike,dune_bayes,2663,34981.51171875,13.74795913696289,34995.2578125
bike,dune_bayes,2664,36522.94140625,13.06783676147461,36536.0078125
bike,dune_bayes,2665,48402.375,9.117713928222656,48411.4921875
bike,dune_bayes,2666,43243.55078125,11.291726112365723,43254.84375
bike,dune_bayes,2667,41460.34765625,12.075538635253906,41472.421875
bike,dune_bayes,2668,47718.640625,9.588395118713379,47728.23046875
bike,dune_bayes,2669,51724.33984375,8.060751914978027,51732.40234375
bike,dune_bayes,2670,53023.86328125,8.821890830993652,53032.68359375
bike,dune_bayes,2671,51276.08984375,10.3699951171875,51286.4609375
bike,dune_bayes,2672,51276.08984375,10.3699951171875,51286.4609375
bike,dune_bayes,2673,49193.80859375,11.270438194274902,49205.078125
bike,dune_bayes,2674,43886.59375,10.645559310913086,43897.23828125
bike,dune_bayes,2675,36950.0,11.447792053222656,36961.44921875
bike,dune_bayes,2676,41654.50390625,8.272504806518555,41662.77734375
bike,dune_bayes,2677,34839.3515625,11.052658081054688,34850.40234375
bike,dune_bayes,2678,35066.15234375,11.925466537475586,35078.078125
bike,dune_bayes,2679,39286.6328125,11.70848274230957,39298.33984375
bike,dune_bayes,2680,24881.689453125,13.302233695983887,24894.9921875
bike,dune_bayes,2681,35104.08984375,11.640045166015625,35115.73046875
bike,dune_bayes,2682,38093.3125,11.182233810424805,38104.49609375
bike,dune_bayes,2683,37460.21875,10.981894493103027,37471.19921875
bike,dune_bayes,2684,46978.26171875,10.284629821777344,46988.546875
bike,dune_bayes,2685,47698.44921875,8.723989486694336,47707.171875
bike,dune_bayes,2686,44632.96484375,8.66948413848877,44641.6328125
bike,dune_bayes,2687,32196.119140625,11.639274597167969,32207.7578125
bike,dune_bayes,2688,40786.0234375,9.673689842224121,40795.6953125
bike,dune_bayes,2689,49190.90234375,9.82510757446289,49200.7265625
bike,dune_bayes,2690,34805.34765625,13.073163986206055,34818.421875
bike,dune_bayes,2691,41666.9375,9.106098175048828,41676.04296875
bike,dune_bayes,2692,44069.23046875,9.054682731628418,44078.28515625
bike,dune_bayes,2693,23981.03515625,14.152989387512207,23995.1875
bike,dune_bayes,2694,46931.84765625,8.70194149017334,46940.55078125
bike,dune_bayes,2695,48433.07421875,8.409415245056152,48441.484375
bike,dune_bayes,2696,34146.08984375,12.183504104614258,34158.2734375
bike,dune_bayes,2697,34988.796875,12.396720886230469,35001.1953125
bike,dune_bayes,2698,40788.9296875,11.094611167907715,40800.0234375
bike,dune_bayes,2699,42665.1875,11.392973899841309,42676.58203125
bike,dune_bayes,2700,41792.3359375,11.127382278442383,41803.46484375
bike,dune_bayes,2701,45716.5859375,10.235865592956543,45726.8203125
bike,dune_bayes,2702,39457.375,11.663675308227539,39469.0390625
bike,dune_bayes,2703,41838.2890625,10.166336059570312,41848.45703125
bike,dune_bayes,2704,41517.09765625,9.800802230834961,41526.8984375
bike,dune_bayes,2705,40576.71875,9.911476135253906,40586.62890625
bike,dune_bayes,2706,33956.16796875,10.440110206604004,33966.609375
bike,dune_bayes,2707,28915.51953125,10.6742582321167,28926.193359375
bike,dune_bayes,2708,31754.263671875,10.778068542480469,31765.041015625
bike,dune_bayes,2709,32307.87109375,10.91923999786377,32318.791015625
bike,dune_bayes,2710,39562.32421875,10.515657424926758,39572.83984375
bike,dune_bayes,2711,42757.2734375,9.082047462463379,42766.35546875
bike,dune_bayes,2712,40328.48828125,9.134779930114746,40337.625
bike,dune_bayes,2713,39661.296875,8.816346168518066,39670.11328125
bike,dune_bayes,2714,39661.296875,8.816346168518066,39670.11328125
bike,dune_bayes,2715,37452.3671875,8.756268501281738,37461.125
bike,dune_bayes,2716,38435.56640625,10.903390884399414,38446.46875
bike,dune_bayes,2717,40458.390625,11.648755073547363,40470.0390625
bike,dune_bayes,2718,43172.16015625,11.676923751831055,43183.8359375
bike,dune_bayes,2719,42240.20703125,9.173910140991211,42249.3828125
bike,dune_bayes,2720,37161.2734375,11.01799488067627,37172.29296875
bike,dune_bayes,2721,36384.24609375,12.401442527770996,36396.6484375
bike,dune_bayes,2722,44058.2578125,8.602275848388672,44066.859375
bike,dune_bayes,2723,45774.90234375,8.876260757446289,45783.77734375
bike,dune_bayes,2724,38101.96875,11.700531005859375,38113.66796875
bike,dune_bayes,2725,37096.59375,10.078059196472168,37106.671875
bike,dune_bayes,2726,35930.65625,10.87721061706543,35941.53515625
bike,dune_bayes,2727,48587.5703125,7.991713047027588,48595.5625
bike,dune_bayes,2728,48689.71875,7.351043224334717,48697.0703125
bike,dune_bayes,2729,43578.57421875,14.113078117370605,43592.6875
bike,dune_bayes,2730,39619.703125,13.895302772521973,39633.59765625
bike,dune_bayes,2731,39405.3515625,14.54828929901123,39419.8984375
bike,dune_bayes,2732,47113.21484375,8.77538776397705,47121.98828125
bike,dune_bayes,2733,45271.296875,8.843300819396973,45280.140625
bike,dune_bayes,2734,34429.6015625,9.959487915039062,34439.5625
bike,dune_bayes,2735,48081.44921875,11.065276145935059,48092.515625
bike,dune_bayes,2736,36658.671875,12.976727485656738,36671.6484375
bike,dune_bayes,2737,31437.388671875,11.824331283569336,31449.212890625
bike,dune_bayes,2738,31783.099609375,12.057421684265137,31795.15625
bike,dune_bayes,2739,29960.3203125,12.15581226348877,29972.4765625
bike,dune_bayes,2740,43444.734375,9.419275283813477,43454.15234375
bike,dune_bayes,2741,48112.09765625,9.542170524597168,48121.640625
bike,dune_bayes,2742,22778.416015625,13.303077697753906,22791.71875
bike,dune_bayes,2743,39317.20703125,8.319781303405762,39325.52734375
bike,dune_bayes,2744,33057.39453125,9.908987045288086,33067.3046875
bike,dune_bayes,2745,28627.85546875,11.456063270568848,28639.3125
bike,dune_bayes,2746,26626.052734375,12.925381660461426,26638.978515625
bike,dune_bayes,2747,34036.0234375,9.977216720581055,34046.0
bike,dune_bayes,2748,39012.80078125,9.19920539855957,39022.0
bike,dune_bayes,2749,40328.48828125,9.134779930114746,40337.625
bike,dune_bayes,2750,48558.26953125,9.582201957702637,48567.8515625
bike,dune_bayes,2751,50207.3984375,9.85732364654541,50217.25390625
bike,dune_bayes,2752,46066.16796875,11.156668663024902,46077.32421875
bike,dune_bayes,2753,41795.50390625,10.092123985290527,41805.59765625
bike,dune_bayes,2754,40231.23828125,9.587532043457031,40240.82421875
bike,dune_bayes,2755,46375.82421875,9.2045259475708,46385.02734375
bike,dune_bayes,2756,44429.0,10.47610092163086,44439.4765625
bike,dune_bayes,2757,47166.015625,10.101110458374023,47176.1171875
bike,dune_bayes,2758,45229.7890625,8.773980140686035,45238.5625
bike,dune_bayes,2759,40921.8203125,9.83673095703125,40931.65625
bike,dune_bayes,2760,45715.953125,9.384310722351074,45725.3359375
bike,dune_bayes,2761,49298.6328125,8.615488052368164,49307.25
bike,dune_bayes,2762,48081.44921875,11.065276145935059,48092.515625
bike,dune_bayes,2763,31500.3359375,13.216495513916016,31513.552734375
bike,dune_bayes,2764,47997.52734375,8.864666938781738,48006.390625
bike,dune_bayes,2765,37912.515625,10.751605987548828,37923.265625
bike,dune_bayes,2766,30591.3125,11.510209083557129,30602.822265625
bike,dune_bayes,2767,42342.13671875,8.665231704711914,42350.80078125
bike,dune_bayes,2768,44805.08984375,10.751565933227539,44815.83984375
bike,dune_bayes,2769,36243.87109375,11.8230619430542,36255.6953125
bike,dune_bayes,2770,36627.40625,10.824721336364746,36638.23046875
bike,dune_bayes,2771,36864.9453125,9.575408935546875,36874.51953125
bike,dune_bayes,2772,23643.8203125,12.099674224853516,23655.919921875
bike,dune_bayes,2773,22273.70703125,13.223624229431152,22286.9296875
bike,dune_bayes,2774,26401.67578125,11.130847930908203,26412.806640625
bike,dune_bayes,2775,36772.47265625,9.804128646850586,36782.27734375
bike,dune_bayes,2776,19473.4453125,13.687118530273438,19487.1328125
bike,dune_bayes,2777,37883.3828125,11.108885765075684,37894.4921875
bike,dune_bayes,2778,45635.671875,10.551443099975586,45646.22265625
bike,dune_bayes,2779,38407.9453125,13.047200202941895,38420.9921875
bike,dune_bayes,2780,44396.45703125,11.131319999694824,44407.58984375
bike,dune_bayes,2781,46843.7421875,9.049452781677246,46852.79296875
bike,dune_bayes,2782,44632.96484375,8.66948413848877,44641.6328125
bike,dune_bayes,2783,46843.7421875,9.049452781677246,46852.79296875
bike,dune_bayes,2784,47618.9375,9.725048065185547,47628.6640625
bike,dune_bayes,2785,46147.4921875,11.866764068603516,46159.359375
bike,dune_bayes,2786,46147.4921875,11.866764068603516,46159.359375
bike,dune_bayes,2787,43982.2890625,11.035135269165039,43993.32421875
bike,dune_bayes,2788,48112.09765625,9.542170524597168,48121.640625
bike,dune_bayes,2789,41747.10546875,11.703274726867676,41758.80859375
bike,dune_bayes,2790,32571.529296875,12.556941986083984,32584.0859375
bike,dune_bayes,2791,35748.5390625,11.470047950744629,35760.0078125
bike,dune_bayes,2792,41188.625,9.99187183380127,41198.6171875
bike,dune_bayes,2793,45986.6640625,8.419583320617676,45995.08203125
bike,dune_bayes,2794,42625.265625,11.484179496765137,42636.75
bike,dune_bayes,2795,29291.296875,13.637733459472656,29304.935546875
bike,dune_bayes,2796,48172.20703125,7.916612148284912,48180.125
bike,dune_bayes,2797,50411.49609375,8.36574935913086,50419.86328125
bike,dune_bayes,2798,47325.72265625,9.286965370178223,47335.0078125
bike,dune_bayes,2799,42469.6640625,11.001062393188477,42480.6640625
bike,dune_bayes,2800,42589.10546875,11.570133209228516,42600.67578125
bike,dune_bayes,2801,40764.109375,9.366623878479004,40773.4765625
bike,dune_bayes,2802,36799.33984375,10.908068656921387,36810.24609375
bike,dune_bayes,2803,32634.0390625,12.259933471679688,32646.298828125
bike,dune_bayes,2804,34776.76953125,11.682605743408203,34788.453125
bike,dune_bayes,2805,38049.76953125,10.067723274230957,38059.8359375
bike,dune_bayes,2806,40118.640625,7.848513603210449,40126.48828125
bike,dune_bayes,2807,41035.50390625,7.815248489379883,41043.3203125
bike,dune_bayes,2808,37378.0546875,10.418126106262207,37388.47265625
bike,dune_bayes,2809,32009.328125,12.79400634765625,32022.123046875
bike,dune_bayes,2810,43032.80078125,9.0504150390625,43041.8515625
bike,dune_bayes,2811,51096.3671875,7.823037624359131,51104.19140625
bike,dune_bayes,2812,49766.8671875,7.895139217376709,49774.76171875
bike,dune_bayes,2813,47259.671875,10.742860794067383,47270.4140625
bike,dune_bayes,2814,37251.89453125,13.817279815673828,37265.7109375
bike,dune_bayes,2815,40144.8046875,10.560644149780273,40155.3671875
bike,dune_bayes,2816,45131.18359375,8.429449081420898,45139.61328125
bike,dune_bayes,2817,46375.82421875,9.2045259475708,46385.02734375
bike,dune_bayes,2818,34196.73828125,12.108599662780762,34208.84765625
bike,dune_bayes,2819,45131.18359375,8.429449081420898,45139.61328125
bike,dune_bayes,2820,48255.6484375,8.203250885009766,48263.8515625
bike,dune_bayes,2821,47137.734375,8.290921211242676,47146.0234375
bike,dune_bayes,2822,39079.734375,11.316300392150879,39091.05078125
bike,dune_bayes,2823,42689.703125,10.59121322631836,42700.29296875
bike,dune_bayes,2824,49760.49609375,9.096467018127441,49769.59375
bike,dune_bayes,2825,45016.49609375,8.120037078857422,45024.6171875
bike,dune_bayes,2826,34981.51171875,13.74795913696289,34995.2578125
bike,dune_bayes,2827,34494.53515625,13.63570785522461,34508.171875
bike,dune_bayes,2828,39410.18359375,14.17308235168457,39424.35546875
bike,dune_bayes,2829,41848.671875,12.958203315734863,41861.62890625
bike,dune_bayes,2830,44440.12890625,9.099580764770508,44449.2265625
bike,dune_bayes,2831,41400.2265625,10.026436805725098,41410.25390625
bike,dune_bayes,2832,42485.15234375,10.075440406799316,42495.2265625
bike,dune_bayes,2833,35260.28125,10.641125679016113,35270.921875
bike,dune_bayes,2834,32534.568359375,12.567314147949219,32547.134765625
bike,dune_bayes,2835,30344.87109375,13.034775733947754,30357.90625
bike,dune_bayes,2836,29924.0,13.07912826538086,29937.080078125
bike,dune_bayes,2837,36399.3671875,11.574490547180176,36410.94140625
bike,dune_bayes,2838,42620.67578125,9.327773094177246,42630.00390625
bike,dune_bayes,2839,38627.48828125,8.811281204223633,38636.30078125
bike,dune_bayes,2840,38530.81640625,10.300002098083496,38541.1171875
bike,dune_bayes,2841,42633.25390625,8.808927536010742,42642.0625
bike,dune_bayes,2842,51403.9765625,8.434300422668457,51412.41015625
bike,dune_bayes,2843,50013.88671875,7.958569049835205,50021.84375
bike,dune_bayes,2844,46273.265625,9.776850700378418,46283.04296875
bike,dune_bayes,2845,44518.90234375,9.746892929077148,44528.6484375
bike,dune_bayes,2846,43673.85546875,9.000146865844727,43682.85546875
bike,dune_bayes,2847,41666.171875,10.184772491455078,41676.35546875
bike,dune_bayes,2848,34662.8046875,10.000328063964844,34672.8046875
bike,dune_bayes,2849,42988.87109375,8.900908470153809,42997.7734375
bike,dune_bayes,2850,42633.25390625,8.808927536010742,42642.0625
bike,dune_bayes,2851,45788.640625,13.3036527633667,45801.9453125
bike,dune_bayes,2852,43608.55859375,13.786250114440918,43622.34375
bike,dune_bayes,2853,41679.56640625,10.668050765991211,41690.234375
bike,dune_bayes,2854,45060.39453125,9.722537994384766,45070.1171875
bike,dune_bayes,2855,49760.49609375,9.096467018127441,49769.59375
bike,dune_bayes,2856,49760.49609375,9.096467018127441,49769.59375
bike,dune_bayes,2857,46058.6953125,9.714531898498535,46068.41015625
bike,dune_bayes,2858,52740.4140625,8.652497291564941,52749.06640625
bike,dune_bayes,2859,50020.0390625,9.580159187316895,50029.62109375
bike,dune_bayes,2860,49760.49609375,9.096467018127441,49769.59375
bike,dune_bayes,2861,47437.2578125,10.032106399536133,47447.2890625
bike,dune_bayes,2862,43649.921875,10.518013954162598,43660.44140625
bike,dune_bayes,2863,42714.2109375,10.06176471710205,42724.2734375
bike,dune_bayes,2864,48733.53125,9.084250450134277,48742.6171875
bike,dune_bayes,2865,42042.51953125,11.247940063476562,42053.765625
bike,dune_bayes,2866,51914.82421875,8.724454879760742,51923.546875
bike,dune_bayes,2867,43649.921875,10.518013954162598,43660.44140625
bike,dune_bayes,2868,47437.2578125,10.032106399536133,47447.2890625
bike,dune_bayes,2869,42689.703125,10.59121322631836,42700.29296875
bike,dune_bayes,2870,47847.90234375,8.004768371582031,47855.90625
bike,dune_bayes,2871,41411.1796875,8.60743522644043,41419.7890625
bike,dune_bayes,2872,41174.49609375,8.543756484985352,41183.0390625
bike,dune_bayes,2873,39042.42578125,8.844717025756836,39051.26953125
bike,dune_bayes,2874,37960.51953125,9.25649356842041,37969.77734375
bike,dune_bayes,2875,33374.54296875,10.894973754882812,33385.4375
bike,dune_bayes,2876,33779.0625,11.390604019165039,33790.453125
bike,dune_bayes,2877,32063.736328125,11.200153350830078,32074.935546875
bike,dune_bayes,2878,33779.0625,11.390604019165039,33790.453125
bike,dune_bayes,2879,35674.40625,10.046548843383789,35684.453125
bike,dune_bayes,2880,34873.7109375,11.657878875732422,34885.3671875
bike,dune_bayes,2881,36280.921875,10.745482444763184,36291.66796875
bike,dune_bayes,2882,35698.7421875,10.629693031311035,35709.37109375
bike,dune_bayes,2883,43649.921875,10.518013954162598,43660.44140625
bike,dune_bayes,2884,43649.921875,10.518013954162598,43660.44140625
bike,dune_bayes,2885,44814.96875,10.59105396270752,44825.55859375
bike,dune_bayes,2886,44619.68359375,8.436448097229004,44628.12109375
bike,dune_bayes,2887,32697.703125,12.711224555969238,32710.4140625
bike,dune_bayes,2888,46332.40625,11.30916690826416,46343.71484375
bike,dune_bayes,2889,51104.3203125,7.6206746101379395,51111.94140625
bike,dune_bayes,2890,44996.484375,11.12316608428955,45007.609375
bike,dune_bayes,2891,43766.48828125,13.479166030883789,43779.96875
bike,dune_bayes,2892,41848.671875,12.958203315734863,41861.62890625
bike,dune_bayes,2893,40699.55859375,13.100820541381836,40712.66015625
bike,dune_bayes,2894,50892.89453125,9.31081771850586,50902.20703125
bike,dune_bayes,2895,51403.9765625,8.434300422668457,51412.41015625
bike,dune_bayes,2896,52633.296875,8.096274375915527,52641.39453125
bike,dune_bayes,2897,48519.80078125,8.786608695983887,48528.5859375
bike,dune_bayes,2898,48519.80078125,8.786608695983887,48528.5859375
bike,dune_bayes,2899,51899.55859375,9.515216827392578,51909.07421875
bike,dune_bayes,2900,42002.01171875,11.526164054870605,42013.5390625
bike,dune_bayes,2901,45552.88671875,9.070924758911133,45561.95703125
bike,dune_bayes,2902,44397.48828125,10.651091575622559,44408.140625
bike,dune_bayes,2903,42144.9453125,11.210208892822266,42156.15625
bike,dune_bayes,2904,40868.8671875,10.843932151794434,40879.7109375
bike,dune_bayes,2905,49933.4140625,10.113511085510254,49943.52734375
bike,dune_bayes,2906,46133.3828125,8.991710662841797,46142.375
bike,dune_bayes,2907,25780.615234375,14.508658409118652,25795.123046875
bike,dune_bayes,2908,28934.828125,14.07272720336914,28948.900390625
bike,dune_bayes,2909,39358.984375,8.926651954650879,39367.91015625
bike,dune_bayes,2910,31308.59375,11.8380708694458,31320.431640625
bike,dune_bayes,2911,31308.59375,11.8380708694458,31320.431640625
bike,dune_bayes,2912,35743.12890625,12.115222930908203,35755.2421875
bike,dune_bayes,2913,34217.37890625,12.380115509033203,34229.7578125
bike,dune_bayes,2914,35931.375,12.193047523498535,35943.56640625
bike,dune_bayes,2915,38339.0390625,12.319878578186035,38351.359375
bike,dune_bayes,2916,39286.6328125,11.70848274230957,39298.33984375
bike,dune_bayes,2917,39173.90234375,10.174057960510254,39184.078125
bike,dune_bayes,2918,36303.91015625,11.524317741394043,36315.43359375
bike,dune_bayes,2919,35078.16015625,12.857120513916016,35091.015625
bike,dune_bayes,2920,35441.78515625,11.868926048278809,35453.65234375
bike,dune_bayes,2921,37072.94140625,11.736851692199707,37084.6796875
bike,dune_bayes,2922,36554.6953125,9.175213813781738,36563.87109375
bike,dune_bayes,2923,43622.08984375,11.8916654586792,43633.98046875
bike,dune_bayes,2924,42991.76953125,11.605846405029297,43003.375
bike,dune_bayes,2925,44372.38671875,8.8735990524292,44381.26171875
bike,dune_bayes,2926,44075.8046875,10.200703620910645,44086.00390625
bike,dune_bayes,2927,44507.22265625,9.509749412536621,44516.73046875
bike,dune_bayes,2928,38861.57421875,10.23694133758545,38871.8125
bike,dune_bayes,2929,47598.9609375,11.308685302734375,47610.26953125
bike,dune_bayes,2930,45010.328125,11.33327865600586,45021.66015625
bike,dune_bayes,2931,40458.390625,11.648755073547363,40470.0390625
bike,dune_bayes,2932,44802.87109375,8.843670845031738,44811.71484375
bike,dune_bayes,2933,40462.3671875,10.614683151245117,40472.98046875
bike,dune_bayes,2934,42714.2109375,10.06176471710205,42724.2734375
bike,dune_bayes,2935,41463.578125,11.132226943969727,41474.7109375
bike,dune_bayes,2936,40462.3671875,10.614683151245117,40472.98046875
bike,dune_bayes,2937,38829.28125,9.182186126708984,38838.46484375
bike,dune_bayes,2938,38829.28125,9.182186126708984,38838.46484375
bike,dune_bayes,2939,42345.796875,8.630288124084473,42354.42578125
bike,dune_bayes,2940,40788.9296875,11.094611167907715,40800.0234375
bike,dune_bayes,2941,33565.0078125,11.724404335021973,33576.73046875
bike,dune_bayes,2942,32840.86328125,12.086043357849121,32852.94921875
bike,dune_bayes,2943,35673.8671875,10.79153060913086,35684.66015625
bike,dune_bayes,2944,27865.017578125,10.902595520019531,27875.919921875
bike,dune_bayes,2945,26986.078125,10.353372573852539,26996.431640625
bike,dune_bayes,2946,30473.337890625,10.683600425720215,30484.021484375
bike,dune_bayes,2947,29993.02734375,7.706651210784912,30000.734375
bike,dune_bayes,2948,25851.1640625,8.421226501464844,25859.5859375
bike,dune_bayes,2949,40343.64453125,12.810342788696289,40356.453125
bike,dune_bayes,2950,34259.43359375,12.667916297912598,34272.1015625
bike,dune_bayes,2951,37299.96875,10.31326675415039,37310.28125
bike,dune_bayes,2952,41405.68359375,6.303836822509766,41411.98828125
bike,dune_bayes,2953,39424.37890625,6.904061794281006,39431.28125
bike,dune_bayes,2954,44963.13671875,11.597254753112793,44974.734375
bike,dune_bayes,2955,45512.70703125,12.372627258300781,45525.078125
bike,dune_bayes,2956,44862.57421875,12.729560852050781,44875.3046875
bike,dune_bayes,2957,45953.8203125,12.055916786193848,45965.875
bike,dune_bayes,2958,47297.94140625,10.939690589904785,47308.8828125
bike,dune_bayes,2959,31882.435546875,6.745591163635254,31889.181640625
bike,dune_bayes,2960,51691.703125,10.00361442565918,51701.70703125
bike,dune_bayes,2961,52310.09765625,11.975190162658691,52322.07421875
bike,dune_bayes,2962,50099.55859375,12.85107707977295,50112.41015625
bike,dune_bayes,2963,46479.66015625,13.244768142700195,46492.90625
bike,dune_bayes,2964,47888.78515625,11.102750778198242,47899.88671875
bike,dune_bayes,2965,47578.078125,7.591451644897461,47585.66796875
bike,dune_bayes,2966,44408.046875,6.388829708099365,44414.4375
bike,dune_bayes,2967,34938.3984375,6.838200092315674,34945.23828125
bike,dune_bayes,2968,32009.775390625,6.7852325439453125,32016.560546875
bike,dune_bayes,2969,32009.775390625,6.7852325439453125,32016.560546875
bike,dune_bayes,2970,48313.0625,6.88224458694458,48319.9453125
bike,dune_bayes,2971,45505.8046875,12.520452499389648,45518.32421875
bike,dune_bayes,2972,51642.0,7.789973258972168,51649.7890625
bike,dune_bayes,2973,43503.80859375,12.106158256530762,43515.9140625
bike,dune_bayes,2974,49991.96875,7.275205612182617,49999.2421875
bike,dune_bayes,2975,40650.265625,7.4704132080078125,40657.734375
bike,dune_bayes,2976,40650.265625,7.4704132080078125,40657.734375
bike,dune_bayes,2977,41597.23046875,7.856872081756592,41605.0859375
bike,dune_bayes,2978,31171.0078125,9.875174522399902,31180.8828125
bike,dune_bayes,2979,52740.4140625,8.652497291564941,52749.06640625
bike,dune_bayes,2980,44503.43359375,11.676206588745117,44515.109375
bike,dune_bayes,2981,49193.80859375,11.270438194274902,49205.078125
bike,dune_bayes,2982,43266.953125,11.652959823608398,43278.60546875
bike,dune_bayes,2983,35395.6796875,12.035905838012695,35407.71484375
bike,dune_bayes,2984,35222.328125,12.595253944396973,35234.921875
bike,dune_bayes,2985,36254.09765625,7.169753074645996,36261.265625
bike,dune_bayes,2986,35394.55859375,6.975243091583252,35401.53515625
bike,dune_bayes,2987,27245.607421875,7.658544540405273,27253.265625
bike,dune_bayes,2988,33359.3046875,6.502464294433594,33365.80859375
bike,dune_bayes,2989,38505.2734375,11.518125534057617,38516.79296875
bike,dune_bayes,2990,39272.88671875,9.746094703674316,39282.6328125
bike,dune_bayes,2991,35081.23828125,6.88026762008667,35088.1171875
bike,dune_bayes,2992,48689.71875,7.351043224334717,48697.0703125
bike,dune_bayes,2993,40871.046875,9.842936515808105,40880.890625
bike,dune_bayes,2994,39257.203125,11.037166595458984,39268.2421875
bike,dune_bayes,2995,38496.49609375,11.594256401062012,38508.08984375
bike,dune_bayes,2996,42096.49609375,11.563334465026855,42108.05859375
bike,dune_bayes,2997,36762.16015625,10.310347557067871,36772.46875
bike,dune_bayes,2998,37670.03125,10.12341594696045,37680.15625
bike,dune_bayes,2999,38818.3125,6.465207576751709,38824.77734375
bike,dune_bayes,3000,37123.8515625,6.008657932281494,37129.859375
bike,dune_bayes,3001,34443.27734375,6.730070114135742,34450.0078125
bike,dune_bayes,3002,37123.8515625,6.008657932281494,37129.859375
bike,dune_bayes,3003,40571.3984375,6.430263996124268,40577.828125
bike,dune_bayes,3004,43870.46875,10.008349418640137,43880.4765625
bike,dune_bayes,3005,31669.025390625,6.022547721862793,31675.048828125
bike,dune_bayes,3006,48986.59765625,10.424535751342773,48997.0234375
bike,dune_bayes,3007,43067.36328125,6.273791790008545,43073.63671875
bike,dune_bayes,3008,35880.046875,7.227007865905762,35887.2734375
bike,dune_bayes,3009,48767.06640625,8.444332122802734,48775.51171875
bike,dune_bayes,3010,45210.4140625,9.671783447265625,45220.0859375
bike,dune_bayes,3011,46489.83203125,9.545613288879395,46499.37890625
bike,dune_bayes,3012,47323.51171875,7.4213666915893555,47330.93359375
bike,dune_bayes,3013,44178.2421875,7.807950973510742,44186.05078125
bike,dune_bayes,3014,28068.103515625,10.030177116394043,28078.1328125
bike,dune_bayes,3015,28252.40625,9.894763946533203,28262.30078125
bike,dune_bayes,3016,34832.2734375,9.958084106445312,34842.23046875
bike,dune_bayes,3017,38819.2734375,8.528365135192871,38827.80078125
bike,dune_bayes,3018,31047.072265625,9.055276870727539,31056.126953125
bike,dune_bayes,3019,26192.197265625,7.943702220916748,26200.140625
bike,dune_bayes,3020,34539.92578125,9.875993728637695,34549.80078125
bike,dune_bayes,3021,32323.244140625,9.826239585876465,32333.0703125
bike,dune_bayes,3022,31744.587890625,6.194871425628662,31750.783203125
bike,dune_bayes,3023,43160.52734375,10.379266738891602,43170.90625
bike,dune_bayes,3024,19704.6015625,8.180020332336426,19712.78125
bike,dune_bayes,3025,46250.76953125,11.0477294921875,46261.81640625
bike,dune_bayes,3026,47148.14453125,10.509855270385742,47158.65625
bike,dune_bayes,3027,46277.91015625,8.08767032623291,46285.99609375
bike,dune_bayes,3028,45878.55078125,8.21118450164795,45886.76171875
bike,dune_bayes,3029,38369.1015625,7.534414768218994,38376.63671875
bike,dune_bayes,3030,47718.640625,9.588395118713379,47728.23046875
bike,dune_bayes,3031,41248.78515625,8.783329010009766,41257.5703125
bike,dune_bayes,3032,43163.671875,8.957257270812988,43172.62890625
bike,dune_bayes,3033,48172.20703125,7.916612148284912,48180.125
bike,dune_bayes,3034,40438.76953125,9.955641746520996,40448.7265625
bike,dune_bayes,3035,36762.16015625,10.310347557067871,36772.46875
bike,dune_bayes,3036,42546.23828125,10.001304626464844,42556.23828125
bike,dune_bayes,3037,45939.52734375,9.575708389282227,45949.1015625
bike,dune_bayes,3038,47052.953125,9.285802841186523,47062.23828125
bike,dune_bayes,3039,47341.125,9.619518280029297,47350.74609375
bike,dune_bayes,3040,47907.03125,8.539396286010742,47915.5703125
bike,dune_bayes,3041,31494.255859375,6.659688949584961,31500.916015625
bike,dune_bayes,3042,28542.171875,6.236937046051025,28548.408203125
bike,dune_bayes,3043,36334.3359375,11.58887004852295,36345.92578125
bike,dune_bayes,3044,36545.79296875,11.295208930969238,36557.08984375
bike,dune_bayes,3045,36645.3984375,10.88940715789795,36656.2890625
bike,dune_bayes,3046,31564.029296875,6.911594390869141,31570.94140625
bike,dune_bayes,3047,20095.77734375,7.589537620544434,20103.3671875
bike,dune_bayes,3048,21593.5390625,7.921914577484131,21601.4609375
bike,dune_bayes,3049,45108.078125,7.474697589874268,45115.5546875
bike,dune_bayes,3050,37203.76953125,7.121160507202148,37210.890625
bike,dune_bayes,3051,36351.58984375,8.33655834197998,36359.92578125
bike,dune_bayes,3052,35684.6328125,9.162214279174805,35693.796875
bike,dune_bayes,3053,35297.359375,9.035861015319824,35306.39453125
bike,dune_bayes,3054,40151.74609375,10.51440715789795,40162.26171875
bike,dune_bayes,3055,49396.4296875,8.786487579345703,49405.21484375
bike,dune_bayes,3056,52060.3125,8.896852493286133,52069.2109375
bike,dune_bayes,3057,50020.0390625,9.580159187316895,50029.62109375
bike,dune_bayes,3058,42589.10546875,11.570133209228516,42600.67578125
bike,dune_bayes,3059,44429.0,10.47610092163086,44439.4765625
bike,dune_bayes,3060,44027.82421875,9.79946517944336,44037.625
bike,dune_bayes,3061,50833.7734375,7.557679176330566,50841.33203125
bike,dune_bayes,3062,50311.21484375,8.127554893493652,50319.34375
bike,dune_bayes,3063,49663.7265625,10.471433639526367,49674.19921875
bike,dune_bayes,3064,33157.578125,8.144845008850098,33165.72265625
bike,dune_bayes,3065,45376.29296875,7.169504642486572,45383.4609375
bike,dune_bayes,3066,28536.580078125,8.479879379272461,28545.060546875
bike,dune_bayes,3067,29030.904296875,9.638113975524902,29040.54296875
bike,dune_bayes,3068,37681.2890625,8.003443717956543,37689.29296875
bike,dune_bayes,3069,35071.421875,11.20054817199707,35082.62109375
bike,dune_bayes,3070,31622.4296875,9.775803565979004,31632.205078125
bike,dune_bayes,3071,25906.0390625,6.518033027648926,25912.556640625
bike,dune_bayes,3072,19358.24609375,7.885895252227783,19366.1328125
bike,dune_bayes,3073,12953.1416015625,9.909358024597168,12963.05078125
bike,dune_bayes,3074,13026.2822265625,9.848074913024902,13036.1298828125
bike,dune_bayes,3075,13255.3115234375,9.88168716430664,13265.193359375
bike,dune_bayes,3076,13178.810546875,9.838465690612793,13188.6494140625
bike,dune_bayes,3077,10666.3984375,10.795493125915527,10677.1943359375
bike,dune_bayes,3078,17654.693359375,7.555318832397461,17662.248046875
bike,dune_bayes,3079,19784.767578125,7.080295085906982,19791.84765625
bike,dune_bayes,3080,14924.388671875,8.97675895690918,14933.365234375
bike,dune_bayes,3081,11414.6123046875,10.393716812133789,11425.005859375
bike,dune_bayes,3082,38222.51171875,5.866739749908447,38228.37890625
bike,dune_bayes,3083,26547.84765625,7.704771518707275,26555.552734375
bike,dune_bayes,3084,28888.83984375,7.578035354614258,28896.41796875
bike,dune_bayes,3085,48159.2890625,9.307397842407227,48168.59765625
bike,dune_bayes,3086,36798.39453125,10.155652046203613,36808.55078125
bike,dune_bayes,3087,29065.84765625,9.303040504455566,29075.150390625
bike,dune_bayes,3088,40220.01171875,10.52938461303711,40230.54296875
bike,dune_bayes,3089,42761.89453125,10.632594108581543,42772.52734375
bike,dune_bayes,3090,39177.59765625,10.10084056854248,39187.69921875
bike,dune_bayes,3091,26763.076171875,6.139482021331787,26769.21484375
bike,dune_bayes,3092,23824.072265625,6.551980972290039,23830.625
bike,dune_bayes,3093,13704.42578125,9.669782638549805,13714.095703125
bike,dune_bayes,3094,38796.17578125,10.75174331665039,38806.92578125
bike,dune_bayes,3095,41750.42578125,11.587082862854004,41762.01171875
bike,dune_bayes,3096,31826.240234375,10.422927856445312,31836.6640625
bike,dune_bayes,3097,25760.88671875,10.703892707824707,25771.58984375
bike,dune_bayes,3098,27065.18359375,10.418891906738281,27075.6015625
bike,dune_bayes,3099,28752.984375,10.654681205749512,28763.638671875
bike,dune_bayes,3100,30255.65234375,10.43851089477539,30266.091796875
bike,dune_bayes,3101,27318.568359375,10.145726203918457,27328.71484375
bike,dune_bayes,3102,21675.68359375,7.209240436553955,21682.892578125
bike,dune_bayes,3103,17594.37109375,8.505632400512695,17602.876953125
bike,dune_bayes,3104,33861.3671875,7.374218463897705,33868.7421875
bike,dune_bayes,3105,34540.109375,12.811284065246582,34552.921875
bike,dune_bayes,3106,34798.375,6.767561912536621,34805.140625
bike,dune_bayes,3107,38799.53515625,7.386049270629883,38806.921875
bike,dune_bayes,3108,38799.53515625,7.386049270629883,38806.921875
bike,dune_bayes,3109,42243.86328125,6.376415252685547,42250.23828125
bike,dune_bayes,3110,35188.69140625,7.855197429656982,35196.546875
bike,dune_bayes,3111,35084.71875,6.395480155944824,35091.11328125
bike,dune_bayes,3112,26506.486328125,6.154171943664551,26512.640625
bike,dune_bayes,3113,24844.6875,6.410342693328857,24851.09765625
bike,dune_bayes,3114,38054.546875,9.703781127929688,38064.25
bike,dune_bayes,3115,38209.5078125,9.410809516906738,38218.91796875
bike,dune_bayes,3116,31744.587890625,6.194871425628662,31750.783203125
bike,dune_bayes,3117,20028.51953125,8.47297191619873,20036.9921875
bike,dune_bayes,3118,43450.328125,7.075479984283447,43457.40234375
bike,dune_bayes,3119,21208.396484375,8.496362686157227,21216.892578125
bike,dune_bayes,3120,16845.943359375,9.429917335510254,16855.373046875
bike,dune_bayes,3121,20959.6328125,8.635605812072754,20968.267578125
bike,dune_bayes,3122,28888.83984375,7.578035354614258,28896.41796875
bike,dune_bayes,3123,35612.0390625,6.175457000732422,35618.21484375
bike,dune_bayes,3124,43904.01171875,7.312066555023193,43911.32421875
bike,dune_bayes,3125,46604.75390625,9.766918182373047,46614.51953125
bike,dune_bayes,3126,47904.0,7.110867023468018,47911.109375
bike,dune_bayes,3127,40433.83984375,6.758899211883545,40440.59765625
bike,dune_bayes,3128,35381.859375,9.837997436523438,35391.69921875
bike,dune_bayes,3129,48545.484375,7.805960178375244,48553.2890625
bike,dune_bayes,3130,30015.34375,8.03708267211914,30023.380859375
bike,dune_bayes,3131,29426.451171875,7.705660820007324,29434.15625
bike,dune_bayes,3132,19359.9921875,9.270174980163574,19369.26171875
bike,dune_bayes,3133,13505.4951171875,10.179584503173828,13515.6748046875
bike,dune_bayes,3134,35877.8125,10.157947540283203,35887.96875
bike,dune_bayes,3135,24330.494140625,7.280187606811523,24337.7734375
bike,dune_bayes,3136,20757.5078125,6.8336286544799805,20764.341796875
bike,dune_bayes,3137,15369.013671875,8.378334045410156,15377.3916015625
bike,dune_bayes,3138,21893.404296875,7.17057466506958,21900.57421875
bike,dune_bayes,3139,28676.244140625,9.14727783203125,28685.390625
bike,dune_bayes,3140,34468.81640625,11.119647026062012,34479.9375
bike,dune_bayes,3141,30928.62890625,5.888016223907471,30934.517578125
bike,dune_bayes,3142,39570.16015625,7.263572692871094,39577.421875
bike,dune_bayes,3143,50579.15234375,11.566566467285156,50590.71875
bike,dune_bayes,3144,48721.34375,11.890844345092773,48733.234375
bike,dune_bayes,3145,41611.86328125,6.138331413269043,41618.0
bike,dune_bayes,3146,37314.875,6.171624183654785,37321.046875
bike,dune_bayes,3147,17101.36328125,9.381026268005371,17110.744140625
bike,dune_bayes,3148,21661.6640625,7.957447528839111,21669.62109375
bike,dune_bayes,3149,26498.8125,6.863264083862305,26505.67578125
bike,dune_bayes,3150,44291.56640625,6.794090270996094,44298.359375
bike,dune_bayes,3151,45755.01953125,11.876107215881348,45766.89453125
bike,dune_bayes,3152,46376.6640625,6.5924458503723145,46383.2578125
bike,dune_bayes,3153,42869.8671875,6.634315013885498,42876.5
bike,dune_bayes,3154,29426.451171875,7.705660820007324,29434.15625
bike,dune_bayes,3155,29426.451171875,7.705660820007324,29434.15625
bike,dune_bayes,3156,27552.1796875,8.843585014343262,27561.0234375
bike,dune_bayes,3157,24150.72265625,8.470760345458984,24159.193359375
bike,dune_bayes,3158,29531.068359375,8.700891494750977,29539.76953125
bike,dune_bayes,3159,53105.3671875,9.857584953308105,53115.2265625
bike,dune_bayes,3160,40280.16796875,13.481213569641113,40293.6484375
bike,dune_bayes,3161,46958.23828125,12.461455345153809,46970.69921875
bike,dune_bayes,3162,48824.1875,6.970673561096191,48831.15625
bike,dune_bayes,3163,27156.41015625,9.184547424316406,27165.59375
bike,dune_bayes,3164,28921.51171875,8.606093406677246,28930.1171875
bike,dune_bayes,3165,49466.79296875,7.17852258682251,49473.97265625
bike,dune_bayes,3166,46251.97265625,7.175426006317139,46259.1484375
bike,dune_bayes,3167,27335.40234375,9.21743106842041,27344.619140625
bike,dune_bayes,3168,27511.8984375,9.282448768615723,27521.181640625
bike,dune_bayes,3169,30516.265625,9.461233139038086,30525.7265625
bike,dune_bayes,3170,37347.85546875,8.21216106414795,37356.06640625
bike,dune_bayes,3171,32123.224609375,8.76589584350586,32131.990234375
bike,dune_bayes,3172,20319.54296875,9.797932624816895,20329.341796875
bike,dune_bayes,3173,20319.54296875,9.797932624816895,20329.341796875
bike,dune_bayes,3174,23436.14453125,8.358848571777344,23444.50390625
bike,dune_bayes,3175,29484.69140625,7.886474132537842,29492.578125
bike,dune_bayes,3176,34110.83984375,6.942852973937988,34117.78125
bike,dune_bayes,3177,28598.095703125,6.972538471221924,28605.068359375
bike,dune_bayes,3178,26039.587890625,9.234638214111328,26048.822265625
bike,dune_bayes,3179,25214.626953125,8.12112045288086,25222.748046875
bike,dune_bayes,3180,10994.6103515625,11.174050331115723,11005.7841796875
bike,dune_bayes,3181,8996.66796875,11.219243049621582,9007.8876953125
bike,dune_bayes,3182,9006.9384765625,11.148162841796875,9018.0869140625
bike,dune_bayes,3183,11124.90234375,10.422037124633789,11135.32421875
bike,dune_bayes,3184,14941.03515625,9.042424201965332,14950.0771484375
bike,dune_bayes,3185,29394.779296875,8.310713768005371,29403.08984375
bike,dune_bayes,3186,29299.740234375,7.305456638336182,29307.044921875
bike,dune_bayes,3187,28682.8203125,7.419117450714111,28690.240234375
bike,dune_bayes,3188,25922.5390625,7.430850505828857,25929.970703125
bike,dune_bayes,3189,26281.65625,7.497354984283447,26289.154296875
bike,dune_bayes,3190,23247.96484375,6.928711414337158,23254.89453125
bike,dune_bayes,3191,28383.921875,8.521904945373535,28392.443359375
bike,dune_bayes,3192,19939.583984375,7.596187114715576,19947.1796875
bike,dune_bayes,3193,16896.7734375,8.43972396850586,16905.212890625
bike,dune_bayes,3194,28849.75,11.156392097473145,28860.90625
bike,dune_bayes,3195,27813.03125,9.962223052978516,27822.994140625
bike,dune_bayes,3196,22038.15234375,10.814798355102539,22048.966796875
bike,dune_bayes,3197,21513.431640625,11.18172550201416,21524.61328125
bike,dune_bayes,3198,22523.951171875,9.218842506408691,22533.169921875
bike,dune_bayes,3199,22021.68359375,8.846338272094727,22030.529296875
bike,dune_bayes,3200,16551.611328125,8.79487133026123,16560.40625
bike,dune_bayes,3201,18866.509765625,8.459226608276367,18874.96875
bike,dune_bayes,3202,24019.24609375,10.474888801574707,24029.720703125
bike,dune_bayes,3203,22688.46484375,10.802702903747559,22699.267578125
bike,dune_bayes,3204,21270.40234375,10.087678909301758,21280.490234375
bike,dune_bayes,3205,25136.40625,8.401968955993652,25144.80859375
bike,dune_bayes,3206,25341.8515625,8.362422943115234,25350.21484375
bike,dune_bayes,3207,29967.287109375,10.371493339538574,29977.658203125
bike,dune_bayes,3208,25176.103515625,8.631892204284668,25184.736328125
bike,dune_bayes,3209,23304.47265625,8.496325492858887,23312.96875
bike,dune_bayes,3210,16142.1650390625,9.1573486328125,16151.322265625
bike,dune_bayes,3211,28923.412109375,9.920632362365723,28933.33203125
bike,dune_bayes,3212,24937.423828125,8.481609344482422,24945.90625
bike,dune_bayes,3213,24749.779296875,8.598220825195312,24758.376953125
bike,dune_bayes,3214,22039.236328125,8.182771682739258,22047.419921875
bike,dune_bayes,3215,24564.064453125,9.064210891723633,24573.12890625
bike,dune_bayes,3216,26289.283203125,9.91128921508789,26299.1953125
bike,dune_bayes,3217,26118.80859375,10.10287857055664,26128.912109375
bike,dune_bayes,3218,24791.1640625,9.194454193115234,24800.359375
bike,dune_bayes,3219,22486.880859375,8.622025489807129,22495.501953125
bike,dune_bayes,3220,25297.009765625,9.607937812805176,25306.6171875
bike,dune_bayes,3221,26807.416015625,10.108381271362305,26817.5234375
bike,dune_bayes,3222,22173.6484375,8.073076248168945,22181.720703125
bike,dune_bayes,3223,27579.279296875,9.97079086303711,27589.25
bike,dune_bayes,3224,30002.08984375,11.667364120483398,30013.7578125
bike,dune_bayes,3225,30534.4609375,12.618498802185059,30547.080078125
bike,dune_bayes,3226,29920.927734375,12.842265129089355,29933.76953125
bike,dune_bayes,3227,32291.21484375,12.722134590148926,32303.9375
bike,dune_bayes,3228,31350.63671875,12.216214179992676,31362.853515625
bike,dune_bayes,3229,28144.572265625,12.196927070617676,28156.76953125
bike,dune_bayes,3230,25297.009765625,9.607937812805176,25306.6171875
bike,dune_bayes,3231,19646.423828125,8.24935245513916,19654.673828125
bike,dune_bayes,3232,30582.115234375,10.343579292297363,30592.458984375
bike,dune_bayes,3233,33687.37109375,10.250462532043457,33697.62109375
bike,dune_bayes,3234,34366.10546875,9.881270408630371,34375.98828125
bike,dune_bayes,3235,31269.466796875,9.322175025939941,31278.7890625
bike,dune_bayes,3236,31657.736328125,9.344871520996094,31667.08203125
bike,dune_bayes,3237,6683.7578125,12.404376983642578,6696.162109375
bike,dune_bayes,3238,12146.1103515625,10.296940803527832,12156.4072265625
bike,dune_bayes,3239,22406.923828125,7.208453178405762,22414.1328125
bike,dune_bayes,3240,26527.255859375,7.818256378173828,26535.07421875
bike,dune_bayes,3241,7637.77978515625,11.888632774353027,7649.66845703125
bike,dune_bayes,3242,18395.265625,7.477499485015869,18402.7421875
bike,dune_bayes,3243,23243.8125,6.4007110595703125,23250.212890625
bike,dune_bayes,3244,21202.046875,6.742255210876465,21208.7890625
bike,dune_bayes,3245,15224.03125,8.792913436889648,15232.82421875
bike,dune_bayes,3246,28427.32421875,7.318293571472168,28434.642578125
bike,dune_bayes,3247,36244.3828125,7.414411544799805,36251.796875
bike,dune_bayes,3248,34440.2421875,6.84047794342041,34447.08203125
bike,dune_bayes,3249,25655.31640625,8.53280258178711,25663.849609375
bike,dune_bayes,3250,29993.02734375,7.706651210784912,30000.734375
bike,dune_bayes,3251,13258.66015625,10.523459434509277,13269.18359375
bike,dune_bayes,3252,26011.001953125,8.724515914916992,26019.7265625
bike,dune_bayes,3253,24791.1640625,9.194454193115234,24800.359375
bike,dune_bayes,3254,19190.30859375,8.549750328063965,19198.857421875
bike,dune_bayes,3255,19274.6328125,8.480803489685059,19283.11328125
bike,dune_bayes,3256,29591.611328125,10.176676750183105,29601.787109375
bike,dune_bayes,3257,26628.052734375,8.728425979614258,26636.78125
bike,dune_bayes,3258,22328.884765625,7.83423376083374,22336.71875
bike,dune_bayes,3259,19784.013671875,7.9700727462768555,19791.984375
bike,dune_bayes,3260,20184.9140625,7.648178577423096,20192.5625
bike,dune_bayes,3261,19939.583984375,7.596187114715576,19947.1796875
bike,dune_bayes,3262,20365.712890625,7.818858623504639,20373.53125
bike,dune_bayes,3263,22638.380859375,7.7296953201293945,22646.111328125
bike,dune_bayes,3264,27265.18359375,8.506006240844727,27273.689453125
bike,dune_bayes,3265,28859.19140625,10.100238800048828,28869.291015625
bike,dune_bayes,3266,32766.255859375,10.45224380493164,32776.70703125
bike,dune_bayes,3267,27813.03125,9.962223052978516,27822.994140625
bike,dune_bayes,3268,25929.935546875,8.97720718383789,25938.912109375
bike,dune_bayes,3269,16355.1669921875,8.826959609985352,16363.994140625
bike,dune_bayes,3270,23368.34765625,10.299104690551758,23378.646484375
bike,dune_bayes,3271,23713.498046875,10.580490112304688,23724.078125
bike,dune_bayes,3272,20928.01171875,8.39692211151123,20936.408203125
bike,dune_bayes,3273,14196.3134765625,9.04299259185791,14205.3564453125
bike,dune_bayes,3274,16504.962890625,8.286949157714844,16513.25
bike,dune_bayes,3275,19916.935546875,7.261784076690674,19924.197265625
bike,dune_bayes,3276,22622.216796875,8.054697036743164,22630.271484375
bike,dune_bayes,3277,17200.6796875,7.7747602462768555,17208.455078125
bike,dune_bayes,3278,17200.6796875,7.7747602462768555,17208.455078125
bike,dune_bayes,3279,20989.572265625,7.131096363067627,20996.703125
bike,dune_bayes,3280,20851.615234375,7.231783390045166,20858.84765625
bike,dune_bayes,3281,30469.69921875,7.173194885253906,30476.873046875
bike,dune_bayes,3282,27943.609375,6.572264194488525,27950.181640625
bike,dune_bayes,3283,23684.443359375,6.828605651855469,23691.271484375
bike,dune_bayes,3284,31520.423828125,6.744413375854492,31527.16796875
bike,dune_bayes,3285,20815.64453125,7.214749813079834,20822.859375
bike,dune_bayes,3286,8384.3759765625,11.434160232543945,8395.810546875
bike,dune_bayes,3287,8384.3759765625,11.434160232543945,8395.810546875
bike,dune_bayes,3288,7830.38916015625,11.687901496887207,7842.0771484375
bike,dune_bayes,3289,24443.044921875,7.257236957550049,24450.302734375
bike,dune_bayes,3290,32069.859375,9.676067352294922,32079.53515625
bike,dune_bayes,3291,35731.04296875,10.10538387298584,35741.1484375
bike,dune_bayes,3292,32399.994140625,10.152091979980469,32410.146484375
bike,dune_bayes,3293,25790.8359375,10.067808151245117,25800.904296875
bike,dune_bayes,3294,30122.451171875,10.983160018920898,30133.43359375
bike,dune_bayes,3295,29935.900390625,10.834689140319824,29946.734375
bike,dune_bayes,3296,13638.4462890625,9.721028327941895,13648.1669921875
bike,dune_bayes,3297,15187.91796875,9.000676155090332,15196.9189453125
bike,dune_bayes,3298,12526.1630859375,10.14298152923584,12536.3056640625
bike,dune_bayes,3299,9488.943359375,11.441624641418457,9500.384765625
bike,dune_bayes,3300,9488.943359375,11.441624641418457,9500.384765625
bike,dune_bayes,3301,9488.943359375,11.441624641418457,9500.384765625
bike,dune_bayes,3302,23179.3046875,13.350324630737305,23192.654296875
bike,dune_bayes,3303,25351.796875,11.79826831817627,25363.595703125
bike,dune_bayes,3304,23835.00390625,11.312877655029297,23846.31640625
bike,dune_bayes,3305,25031.056640625,11.777697563171387,25042.833984375
bike,dune_bayes,3306,16370.3837890625,9.49280834197998,16379.876953125
bike,dune_bayes,3307,16370.3837890625,9.49280834197998,16379.876953125
bike,dune_bayes,3308,32766.255859375,10.45224380493164,32776.70703125
bike,dune_bayes,3309,32977.4765625,10.470433235168457,32987.9453125
bike,dune_bayes,3310,17467.62890625,8.172901153564453,17475.802734375
bike,dune_bayes,3311,11086.98828125,10.430925369262695,11097.4189453125
bike,dune_bayes,3312,11805.1943359375,10.142769813537598,11815.3369140625
bike,dune_bayes,3313,13667.845703125,10.361397743225098,13678.20703125
bike,dune_bayes,3314,13936.0283203125,9.89540958404541,13945.923828125
bike,dune_bayes,3315,19359.79296875,8.33985710144043,19368.1328125
bike,dune_bayes,3316,25298.98046875,8.84544849395752,25307.826171875
bike,dune_bayes,3317,28953.990234375,10.36390209197998,28964.353515625
bike,dune_bayes,3318,29990.736328125,12.374224662780762,30003.111328125
bike,dune_bayes,3319,30753.287109375,11.58966064453125,30764.876953125
bike,dune_bayes,3320,26092.72265625,9.055645942687988,26101.77734375
bike,dune_bayes,3321,20214.919921875,8.649919509887695,20223.5703125
bike,dune_bayes,3322,16370.3837890625,9.49280834197998,16379.876953125
bike,dune_bayes,3323,23732.60546875,8.78040599822998,23741.38671875
bike,dune_bayes,3324,20065.591796875,8.091777801513672,20073.68359375
bike,dune_bayes,3325,31459.265625,11.149754524230957,31470.416015625
bike,dune_bayes,3326,29074.65625,10.79043197631836,29085.447265625
bike,dune_bayes,3327,16167.060546875,9.003918647766113,16176.064453125
bike,dune_bayes,3328,15810.2763671875,9.216604232788086,15819.4931640625
bike,dune_bayes,3329,12583.59765625,10.431828498840332,12594.029296875
bike,dune_bayes,3330,27394.353515625,8.53252124786377,27402.88671875
bike,dune_bayes,3331,20579.42578125,7.947628498077393,20587.373046875
bike,dune_bayes,3332,8499.08984375,11.62083625793457,8510.7109375
bike,dune_bayes,3333,6281.05419921875,12.640542984008789,6293.69482421875
bike,dune_bayes,3334,5447.49072265625,13.065945625305176,5460.556640625
bike,dune_bayes,3335,15938.5595703125,8.710799217224121,15947.2705078125
bike,dune_bayes,3336,21893.404296875,7.17057466506958,21900.57421875
bike,dune_bayes,3337,12615.2724609375,9.732946395874023,12625.005859375
bike,dune_bayes,3338,5370.33837890625,13.170353889465332,5383.5087890625
bike,dune_bayes,3339,7682.19287109375,12.201776504516602,7694.39453125
bike,dune_bayes,3340,13026.2822265625,9.848074913024902,13036.1298828125
bike,dune_bayes,3341,17594.37109375,8.505632400512695,17602.876953125
bike,dune_bayes,3342,17262.4609375,8.878253936767578,17271.33984375
bike,dune_bayes,3343,19409.439453125,8.07623291015625,19417.515625
bike,dune_bayes,3344,10009.529296875,11.19605827331543,10020.7255859375
bike,dune_bayes,3345,10009.529296875,11.19605827331543,10020.7255859375
bike,dune_bayes,3346,51765.22265625,8.459744453430176,51773.68359375
bike,dune_bayes,3347,49117.23046875,8.582897186279297,49125.8125
bike,dune_bayes,3348,15316.5078125,9.653998374938965,15326.162109375
bike,dune_bayes,3349,17014.798828125,9.360095024108887,17024.158203125
bike,dune_bayes,3350,21603.33984375,8.559894561767578,21611.900390625
bike,dune_bayes,3351,45938.2578125,7.59212064743042,45945.8515625
bike,dune_bayes,3352,33922.37890625,6.09667444229126,33928.4765625
bike,dune_bayes,3353,28461.236328125,5.9856486320495605,28467.22265625
bike,dune_bayes,3354,32924.10546875,6.9797139167785645,32931.0859375
bike,dune_bayes,3355,30623.359375,7.921710968017578,30631.28125
bike,dune_bayes,3356,31003.5,10.064352035522461,31013.564453125
bike,dune_bayes,3357,32525.703125,9.94984245300293,32535.65234375
bike,dune_bayes,3358,33401.28515625,12.178276062011719,33413.46484375
bike,dune_bayes,3359,26675.580078125,11.31460189819336,26686.89453125
bike,dune_bayes,3360,27177.228515625,11.539737701416016,27188.767578125
bike,dune_bayes,3361,29837.3125,10.599934577941895,29847.912109375
bike,dune_bayes,3362,23304.47265625,8.496325492858887,23312.96875
bike,dune_bayes,3363,23171.287109375,8.460906982421875,23179.748046875
bike,dune_bayes,3364,14042.4892578125,9.332465171813965,14051.8212890625
bike,dune_bayes,3365,17489.107421875,8.097548484802246,17497.205078125
bike,dune_bayes,3366,15889.517578125,8.752324104309082,15898.26953125
bike,dune_bayes,3367,23131.673828125,7.133481979370117,23138.806640625
bike,dune_bayes,3368,19767.66015625,7.5575642585754395,19775.216796875
bike,dune_bayes,3369,9136.666015625,11.419326782226562,9148.0849609375
bike,dune_bayes,3370,9226.716796875,11.681865692138672,9238.3984375
bike,dune_bayes,3371,11666.423828125,10.453278541564941,11676.876953125
bike,dune_bayes,3372,10619.5947265625,10.753368377685547,10630.34765625
bike,dune_bayes,3373,11785.7275390625,10.509708404541016,11796.2373046875
bike,dune_bayes,3374,10207.09765625,11.106935501098633,10218.205078125
bike,dune_bayes,3375,8340.478515625,11.55890941619873,8352.037109375
bike,dune_bayes,3376,7257.16259765625,12.020288467407227,7269.18310546875
bike,dune_bayes,3377,7264.60400390625,12.049188613891602,7276.6533203125
bike,dune_bayes,3378,8613.150390625,11.324114799499512,8624.474609375
bike,dune_bayes,3379,10834.9677734375,10.670269012451172,10845.6376953125
bike,dune_bayes,3380,10780.2099609375,10.60633373260498,10790.81640625
bike,dune_bayes,3381,12228.392578125,10.595284461975098,12238.98828125
bike,dune_bayes,3382,13961.822265625,10.274255752563477,13972.0966796875
bike,dune_bayes,3383,18843.8125,9.348017692565918,18853.16015625
bike,dune_bayes,3384,22543.94140625,7.0484395027160645,22550.990234375
bike,dune_bayes,3385,17118.1875,8.639594078063965,17126.826171875
bike,dune_bayes,3386,22584.115234375,7.6432719230651855,22591.7578125
bike,dune_bayes,3387,22218.10546875,8.220468521118164,22226.326171875
bike,dune_bayes,3388,26150.109375,8.856331825256348,26158.96484375
bike,dune_bayes,3389,25370.513671875,8.591791152954102,25379.10546875
bike,dune_bayes,3390,29235.25,9.941520690917969,29245.19140625
bike,dune_bayes,3391,26786.744140625,9.543022155761719,26796.287109375
bike,dune_bayes,3392,24950.267578125,9.043920516967773,24959.310546875
bike,dune_bayes,3393,22902.056640625,8.493271827697754,22910.55078125
bike,dune_bayes,3394,28492.203125,10.90170955657959,28503.10546875
bike,dune_bayes,3395,28771.564453125,10.929228782653809,28782.494140625
bike,dune_bayes,3396,30641.63671875,10.991523742675781,30652.62890625
bike,dune_bayes,3397,30257.396484375,10.841971397399902,30268.23828125
bike,dune_bayes,3398,20214.919921875,8.649919509887695,20223.5703125
bike,dune_bayes,3399,9967.2275390625,10.910272598266602,9978.1376953125
bike,dune_bayes,3400,20426.736328125,7.537357330322266,20434.2734375
bike,dune_bayes,3401,27556.36328125,8.92481803894043,27565.2890625
bike,dune_bayes,3402,27394.353515625,8.53252124786377,27402.88671875
bike,dune_bayes,3403,11033.234375,10.592516899108887,11043.8271484375
bike,dune_bayes,3404,20240.0078125,7.697057723999023,20247.705078125
bike,dune_bayes,3405,8934.3603515625,11.40866470336914,8945.7685546875
bike,dune_bayes,3406,8843.9140625,11.35571575164795,8855.26953125
bike,dune_bayes,3407,9007.5615234375,11.662676811218262,9019.224609375
bike,dune_bayes,3408,11935.50390625,10.140061378479004,11945.6435546875
bike,dune_bayes,3409,14045.0263671875,9.109463691711426,14054.1357421875
bike,dune_bayes,3410,14225.337890625,9.096150398254395,14234.43359375
bike,dune_bayes,3411,8364.177734375,11.569059371948242,8375.7470703125
bike,dune_bayes,3412,13026.2822265625,9.848074913024902,13036.1298828125
bike,dune_bayes,3413,8641.4697265625,11.601348876953125,8653.0712890625
bike,dune_bayes,3414,14217.5419921875,10.13633918762207,14227.6787109375
bike,dune_bayes,3415,14063.0859375,9.847064971923828,14072.9326171875
bike,dune_bayes,3416,15248.2158203125,9.603245735168457,15257.8193359375
bike,dune_bayes,3417,13422.7958984375,10.241011619567871,13433.037109375
bike,dune_bayes,3418,13630.2265625,10.088855743408203,13640.3154296875
bike,dune_bayes,3419,17262.4609375,8.878253936767578,17271.33984375
bike,dune_bayes,3420,9929.333984375,10.837377548217773,9940.1708984375
bike,dune_bayes,3421,34302.5390625,8.552021026611328,34311.08984375
bike,dune_bayes,3422,20423.80859375,7.8488664627075195,20431.658203125
bike,dune_bayes,3423,26490.970703125,9.7243070602417,26500.6953125
bike,dune_bayes,3424,20579.42578125,7.947628498077393,20587.373046875
bike,dune_bayes,3425,24802.66796875,7.800488471984863,24810.46875
bike,dune_bayes,3426,26775.20703125,8.265724182128906,26783.47265625
bike,dune_bayes,3427,17602.859375,9.47602367401123,17612.3359375
bike,dune_bayes,3428,14452.8681640625,10.195135116577148,14463.0634765625
bike,dune_bayes,3429,23395.22265625,10.104406356811523,23405.326171875
bike,dune_bayes,3430,27413.470703125,12.611089706420898,27426.08203125
bike,dune_bayes,3431,27978.9921875,12.929388999938965,27991.921875
bike,dune_bayes,3432,29846.34375,11.765381813049316,29858.109375
bike,dune_bayes,3433,22463.947265625,12.249817848205566,22476.197265625
bike,dune_bayes,3434,22875.66015625,14.4140043258667,22890.07421875
bike,dune_bayes,3435,23191.248046875,11.036596298217773,23202.28515625
bike,dune_bayes,3436,23191.248046875,11.036596298217773,23202.28515625
bike,dune_bayes,3437,24425.8671875,10.75007438659668,24436.6171875
bike,dune_bayes,3438,23786.0078125,12.699872016906738,23798.70703125
bike,dune_bayes,3439,24394.69921875,11.900419235229492,24406.599609375
bike,dune_bayes,3440,20033.3515625,9.235384941101074,20042.587890625
bike,dune_bayes,3441,16370.3837890625,9.49280834197998,16379.876953125
bike,dune_bayes,3442,16104.763671875,9.667109489440918,16114.4306640625
bike,dune_bayes,3443,20047.3125,8.578302383422852,20055.890625
bike,dune_bayes,3444,6263.33154296875,12.880881309509277,6276.21240234375
bike,dune_bayes,3445,9004.576171875,11.693306922912598,9016.26953125
bike,dune_bayes,3446,11996.4453125,10.049015045166016,12006.494140625
bike,dune_bayes,3447,22178.990234375,10.285795211791992,22189.275390625
bike,dune_bayes,3448,19972.443359375,8.614898681640625,19981.05859375
bike,dune_bayes,3449,16165.833984375,8.4917631149292,16174.326171875
bike,dune_bayes,3450,6974.4560546875,12.468795776367188,6986.9248046875
bike,dune_bayes,3451,7906.91015625,12.383710861206055,7919.2939453125
bike,dune_bayes,3452,8179.1572265625,11.560256004333496,8190.71728515625
bike,dune_bayes,3453,8988.25,11.534163475036621,8999.7841796875
bike,dune_bayes,3454,7408.05322265625,11.894389152526855,7419.94775390625
bike,dune_bayes,3455,15604.4677734375,9.22905158996582,15613.697265625
bike,dune_bayes,3456,21879.923828125,10.055798530578613,21889.98046875
bike,dune_bayes,3457,26209.140625,11.524399757385254,26220.6640625
bike,dune_bayes,3458,23036.04296875,8.458178520202637,23044.501953125
bike,dune_bayes,3459,22902.056640625,8.493271827697754,22910.55078125
bike,dune_bayes,3460,20003.642578125,8.57736873626709,20012.220703125
bike,dune_bayes,3461,28366.314453125,9.815491676330566,28376.130859375
bike,dune_bayes,3462,10707.74609375,10.837482452392578,10718.583984375
bike,dune_bayes,3463,8544.0595703125,11.925308227539062,8555.9853515625
bike,dune_bayes,3464,4329.85791015625,13.480928421020508,4343.3388671875
bike,dune_bayes,3465,6281.05419921875,12.640542984008789,6293.69482421875
bike,dune_bayes,3466,18360.779296875,8.443624496459961,18369.22265625
bike,dune_bayes,3467,20012.20703125,10.578598022460938,20022.78515625
bike,dune_bayes,3468,20520.0546875,9.65122127532959,20529.705078125
bike,dune_bayes,3469,21665.607421875,11.933456420898438,21677.541015625
bike,dune_bayes,3470,23459.54296875,14.69311237335205,23474.236328125
bike,dune_bayes,3471,23893.31640625,13.483267784118652,23906.798828125
bike,dune_bayes,3472,19792.220703125,9.07263469696045,19801.29296875
bike,dune_bayes,3473,15955.0859375,9.342107772827148,15964.427734375
bike,dune_bayes,3474,23031.99609375,8.256514549255371,23040.251953125
bike,dune_bayes,3475,23031.99609375,8.256514549255371,23040.251953125
