dataset,model,observation,aleatoric,epistemic,total
kin8nm,dune_bayes,0,0.051516447216272354,0.003045236226171255,0.05456168204545975
kin8nm,dune_bayes,1,0.04059399291872978,0.0037702959962189198,0.044364288449287415
kin8nm,dune_bayes,2,0.04301329702138901,0.003337520407512784,0.04635081812739372
kin8nm,dune_bayes,3,0.06752795726060867,0.0038615514058619738,0.07138951122760773
kin8nm,dune_bayes,4,0.050702549517154694,0.002859905594959855,0.053562454879283905
kin8nm,dune_bayes,5,0.050071410834789276,0.0025747783947736025,0.05264618992805481
kin8nm,dune_bayes,6,0.051668681204319,0.004142242483794689,0.055810924619436264
kin8nm,dune_bayes,7,0.05944755673408508,0.0023176283575594425,0.06176518276333809
kin8nm,dune_bayes,8,0.0381259061396122,0.0035089196171611547,0.04163482412695885
kin8nm,dune_bayes,9,0.061321571469306946,0.0036645871587097645,0.06498616188764572
kin8nm,dune_bayes,10,0.062180936336517334,0.002911560470238328,0.06509249657392502
kin8nm,dune_bayes,11,0.05189983919262886,0.003031881060451269,0.054931722581386566
kin8nm,dune_bayes,12,0.07966809719800949,0.003491270588710904,0.08315936475992203
kin8nm,dune_bayes,13,0.052558112889528275,0.002983808284625411,0.05554192140698433
kin8nm,dune_bayes,14,0.0803087055683136,0.002958756173029542,0.0832674577832222
kin8nm,dune_bayes,15,0.04899439588189125,0.003814120776951313,0.05280851945281029
kin8nm,dune_bayes,16,0.05525832250714302,0.0033866376616060734,0.058644961565732956
kin8nm,dune_bayes,17,0.06663702428340912,0.0039985692128539085,0.0706355944275856
kin8nm,dune_bayes,18,0.038562409579753876,0.003907355479896069,0.04246976599097252
kin8nm,dune_bayes,19,0.03994843736290932,0.003589851316064596,0.04353828728199005
kin8nm,dune_bayes,20,0.06471206247806549,0.0031671246979385614,0.06787918508052826
kin8nm,dune_bayes,21,0.026418909430503845,0.005056856200098991,0.031475767493247986
kin8nm,dune_bayes,22,0.05999864265322685,0.0026845415122807026,0.06268317997455597
kin8nm,dune_bayes,23,0.04856504127383232,0.0022085406817495823,0.05077357962727547
kin8nm,dune_bayes,24,0.050472140312194824,0.0032034525647759438,0.05367559194564819
kin8nm,dune_bayes,25,0.0370839461684227,0.0028814179822802544,0.03996536508202553
kin8nm,dune_bayes,26,0.06287369877099991,0.0023776055313646793,0.06525130569934845
kin8nm,dune_bayes,27,0.040396880358457565,0.0032201409339904785,0.043617021292448044
kin8nm,dune_bayes,28,0.04364867880940437,0.0036826487630605698,0.047331325709819794
kin8nm,dune_bayes,29,0.04535217210650444,0.0035228535998612642,0.04887502267956734
kin8nm,dune_bayes,30,0.049039777368307114,0.003489959519356489,0.05252973735332489
kin8nm,dune_bayes,31,0.06112978979945183,0.003330285893753171,0.06446007639169693
kin8nm,dune_bayes,32,0.0617545060813427,0.004714318551123142,0.06646881997585297
kin8nm,dune_bayes,33,0.030996166169643402,0.0030420469120144844,0.03403821215033531
kin8nm,dune_bayes,34,0.035630159080028534,0.002821153262630105,0.038451313972473145
kin8nm,dune_bayes,35,0.05651666969060898,0.0040089450776577,0.06052561476826668
kin8nm,dune_bayes,36,0.059506822377443314,0.0027641269844025373,0.06227095052599907
kin8nm,dune_bayes,37,0.04441190883517265,0.0036488648038357496,0.04806077480316162
kin8nm,dune_bayes,38,0.045775700360536575,0.00277510448358953,0.0485508032143116
kin8nm,dune_bayes,39,0.06475850194692612,0.003582258941605687,0.06834075599908829
kin8nm,dune_bayes,40,0.057365257292985916,0.0031918843742460012,0.06055714190006256
kin8nm,dune_bayes,41,0.0363737978041172,0.0031870368402451277,0.03956083580851555
kin8nm,dune_bayes,42,0.049530722200870514,0.003001553937792778,0.05253227800130844
kin8nm,dune_bayes,43,0.04550684243440628,0.0028812240343540907,0.04838806390762329
kin8nm,dune_bayes,44,0.0385221503674984,0.002832593861967325,0.041354745626449585
kin8nm,dune_bayes,45,0.06967991590499878,0.003990181256085634,0.07367009669542313
kin8nm,dune_bayes,46,0.03200940042734146,0.002978807780891657,0.03498820587992668
kin8nm,dune_bayes,47,0.05816706269979477,0.0027288550045341253,0.06089591979980469
kin8nm,dune_bayes,48,0.05919051915407181,0.003214740427210927,0.06240525841712952
kin8nm,dune_bayes,49,0.0565374419093132,0.0038105512503534555,0.060347992926836014
kin8nm,dune_bayes,50,0.04538669437170029,0.0032726123463362455,0.0486593097448349
kin8nm,dune_bayes,51,0.037477023899555206,0.0032673112582415342,0.04074433445930481
kin8nm,dune_bayes,52,0.053278274834156036,0.0024748765863478184,0.05575315281748772
kin8nm,dune_bayes,53,0.04817059263586998,0.002714666537940502,0.05088526010513306
kin8nm,dune_bayes,54,0.0560692623257637,0.0029804010409861803,0.05904966592788696
kin8nm,dune_bayes,55,0.0588548481464386,0.0029807633254677057,0.06183561310172081
kin8nm,dune_bayes,56,0.046242475509643555,0.0030802185647189617,0.049322690814733505
kin8nm,dune_bayes,57,0.04987718164920807,0.004028704017400742,0.05390588566660881
kin8nm,dune_bayes,58,0.05956123396754265,0.0032719725277274847,0.06283320486545563
kin8nm,dune_bayes,59,0.06327647715806961,0.004163758829236031,0.06744024157524109
kin8nm,dune_bayes,60,0.05719923600554466,0.0034158332273364067,0.060615070164203644
kin8nm,dune_bayes,61,0.040944959968328476,0.003122978610917926,0.04406793415546417
kin8nm,dune_bayes,62,0.07825180888175964,0.0033403884153813124,0.08159219473600388
kin8nm,dune_bayes,63,0.06568136066198349,0.004255457781255245,0.06993681937456131
kin8nm,dune_bayes,64,0.0644887313246727,0.002732792403548956,0.06722152233123779
kin8nm,dune_bayes,65,0.037525419145822525,0.002974950708448887,0.04050036892294884
kin8nm,dune_bayes,66,0.052596013993024826,0.002745491685345769,0.05534150451421738
kin8nm,dune_bayes,67,0.042584821581840515,0.003736959071829915,0.04632178321480751
kin8nm,dune_bayes,68,0.03605468198657036,0.0044758934527635574,0.040530573576688766
kin8nm,dune_bayes,69,0.049003977328538895,0.003441756824031472,0.052445732057094574
kin8nm,dune_bayes,70,0.05922650918364525,0.003964405041188002,0.06319091469049454
kin8nm,dune_bayes,71,0.061904069036245346,0.0029586798045784235,0.06486275047063828
kin8nm,dune_bayes,72,0.03716280683875084,0.0032350707333534956,0.04039787873625755
kin8nm,dune_bayes,73,0.05209948495030403,0.003922855015844107,0.056022338569164276
kin8nm,dune_bayes,74,0.04481550678610802,0.002309701405465603,0.047125209122896194
kin8nm,dune_bayes,75,0.05485228821635246,0.003026258200407028,0.05787854269146919
kin8nm,dune_bayes,76,0.051024533808231354,0.004109312314540148,0.055133845657110214
kin8nm,dune_bayes,77,0.048403915017843246,0.0034214481711387634,0.05182536318898201
kin8nm,dune_bayes,78,0.048493463546037674,0.002942487830296159,0.05143595114350319
kin8nm,dune_bayes,79,0.06962410360574722,0.0025889191310852766,0.07221303135156631
kin8nm,dune_bayes,80,0.0704101100564003,0.004036881495267153,0.07444699853658676
kin8nm,dune_bayes,81,0.03751378506422043,0.004000441171228886,0.04151422902941704
kin8nm,dune_bayes,82,0.0374605655670166,0.003243271028622985,0.04070384055376053
kin8nm,dune_bayes,83,0.039376311004161835,0.0031544924713671207,0.04253080487251282
kin8nm,dune_bayes,84,0.04473169520497322,0.003908392507582903,0.048640087246894836
kin8nm,dune_bayes,85,0.05760839581489563,0.003523025894537568,0.061131421476602554
kin8nm,dune_bayes,86,0.038093432784080505,0.002739092567935586,0.0408325269818306
kin8nm,dune_bayes,87,0.05790076032280922,0.0037601792719215155,0.06166093796491623
kin8nm,dune_bayes,88,0.03521027788519859,0.004066325258463621,0.0392766036093235
kin8nm,dune_bayes,89,0.03905783221125603,0.0033051050268113613,0.042362939566373825
kin8nm,dune_bayes,90,0.052908770740032196,0.003062673844397068,0.05597144365310669
kin8nm,dune_bayes,91,0.03509484976530075,0.003182255895808339,0.03827710449695587
kin8nm,dune_bayes,92,0.03891849145293236,0.002922114683315158,0.041840605437755585
kin8nm,dune_bayes,93,0.044650424271821976,0.0026594148948788643,0.047309838235378265
kin8nm,dune_bayes,94,0.0419204942882061,0.002415149472653866,0.04433564469218254
kin8nm,dune_bayes,95,0.047480784356594086,0.002629869617521763,0.05011065676808357
kin8nm,dune_bayes,96,0.06120547652244568,0.0035797657910734415,0.06478524208068848
kin8nm,dune_bayes,97,0.03429547697305679,0.003699830500409007,0.03799530491232872
kin8nm,dune_bayes,98,0.060385286808013916,0.0028828326612710953,0.06326811760663986
kin8nm,dune_bayes,99,0.05469236895442009,0.003353283042088151,0.0580456517636776
kin8nm,dune_bayes,100,0.045941684395074844,0.0036083466839045286,0.04955003038048744
kin8nm,dune_bayes,101,0.03841039538383484,0.002722418401390314,0.041132815182209015
kin8nm,dune_bayes,102,0.06501054763793945,0.004006553906947374,0.06901709735393524
kin8nm,dune_bayes,103,0.034804362803697586,0.0034588659182190895,0.0382632277905941
kin8nm,dune_bayes,104,0.06073373556137085,0.004208633676171303,0.064942367374897
kin8nm,dune_bayes,105,0.05249611288309097,0.0042382762767374516,0.056734390556812286
kin8nm,dune_bayes,106,0.0448431558907032,0.0037340661510825157,0.04857722297310829
kin8nm,dune_bayes,107,0.03353136032819748,0.00225246069021523,0.03578381985425949
kin8nm,dune_bayes,108,0.03806055709719658,0.0033297466579824686,0.041390303522348404
kin8nm,dune_bayes,109,0.032813865691423416,0.00322857522405684,0.03604244068264961
kin8nm,dune_bayes,110,0.047135308384895325,0.002545327413827181,0.04968063533306122
kin8nm,dune_bayes,111,0.03671972453594208,0.0031702183187007904,0.039889946579933167
kin8nm,dune_bayes,112,0.06003767251968384,0.004167653154581785,0.06420532613992691
kin8nm,dune_bayes,113,0.047131240367889404,0.003095908323302865,0.050227146595716476
kin8nm,dune_bayes,114,0.06769662350416183,0.004231453873217106,0.07192807644605637
kin8nm,dune_bayes,115,0.04375068470835686,0.0031853215768933296,0.04693600535392761
kin8nm,dune_bayes,116,0.045504130423069,0.0030069511849433184,0.0485110804438591
kin8nm,dune_bayes,117,0.03783516213297844,0.0034862684551626444,0.04132143408060074
kin8nm,dune_bayes,118,0.04933697730302811,0.0035112507175654173,0.05284822732210159
kin8nm,dune_bayes,119,0.05393439903855324,0.003303882433101535,0.05723828449845314
kin8nm,dune_bayes,120,0.041711945086717606,0.0031803150195628405,0.04489225894212723
kin8nm,dune_bayes,121,0.046615120023489,0.0034647078718990088,0.0500798299908638
kin8nm,dune_bayes,122,0.049245912581682205,0.0029519754461944103,0.052197884768247604
kin8nm,dune_bayes,123,0.04908100888133049,0.0033796769566833973,0.0524606853723526
kin8nm,dune_bayes,124,0.03282393887639046,0.0035387331154197454,0.036362674087285995
kin8nm,dune_bayes,125,0.0364321768283844,0.002660718047991395,0.03909289091825485
kin8nm,dune_bayes,126,0.06018896773457527,0.002929333597421646,0.06311830133199692
kin8nm,dune_bayes,127,0.06890477985143661,0.003793099196627736,0.07269787788391113
kin8nm,dune_bayes,128,0.05281545966863632,0.00356700224801898,0.05638246238231659
kin8nm,dune_bayes,129,0.05779406428337097,0.003174680285155773,0.06096874549984932
kin8nm,dune_bayes,130,0.03805388882756233,0.003902287455275655,0.04195617884397507
kin8nm,dune_bayes,131,0.04090150445699692,0.0032803050708025694,0.044181812554597855
kin8nm,dune_bayes,132,0.05406336486339569,0.003006101120263338,0.05706946551799774
kin8nm,dune_bayes,133,0.05120639503002167,0.004077046178281307,0.05528344586491585
kin8nm,dune_bayes,134,0.05176098272204399,0.004438423551619053,0.05619940534234047
kin8nm,dune_bayes,135,0.05679697170853615,0.003797325072810054,0.06059429422020912
kin8nm,dune_bayes,136,0.06560035794973373,0.003101402660831809,0.06870175898075104
kin8nm,dune_bayes,137,0.04112258553504944,0.0031345130410045385,0.04425709694623947
kin8nm,dune_bayes,138,0.04620492458343506,0.0028798789717257023,0.04908480495214462
kin8nm,dune_bayes,139,0.04287515953183174,0.0035957428626716137,0.046470899134874344
kin8nm,dune_bayes,140,0.037856824696063995,0.0026274758856743574,0.04048430174589157
kin8nm,dune_bayes,141,0.057885270565748215,0.003689854871481657,0.06157512590289116
kin8nm,dune_bayes,142,0.04001738131046295,0.0030298354104161263,0.0430472157895565
kin8nm,dune_bayes,143,0.043791379779577255,0.0034245161805301905,0.04721589758992195
kin8nm,dune_bayes,144,0.04974903538823128,0.002685865620151162,0.05243489891290665
kin8nm,dune_bayes,145,0.07613297551870346,0.0033239342737942934,0.07945691049098969
kin8nm,dune_bayes,146,0.03276984393596649,0.0038384501822292805,0.036608293652534485
kin8nm,dune_bayes,147,0.059528790414333344,0.0039300681091845036,0.06345885992050171
kin8nm,dune_bayes,148,0.051941629499197006,0.0030428313184529543,0.05498446151614189
kin8nm,dune_bayes,149,0.056001801043748856,0.003296677256003022,0.059298478066921234
kin8nm,dune_bayes,150,0.03948698192834854,0.004441738594323397,0.04392872005701065
kin8nm,dune_bayes,151,0.035165753215551376,0.0041097854264080524,0.03927554190158844
kin8nm,dune_bayes,152,0.050367556512355804,0.004392306786030531,0.05475986376404762
kin8nm,dune_bayes,153,0.04445788636803627,0.002911609597504139,0.04736949875950813
kin8nm,dune_bayes,154,0.05701474845409393,0.003249653149396181,0.06026440113782883
kin8nm,dune_bayes,155,0.058328669518232346,0.0026184876915067434,0.060947153717279434
kin8nm,dune_bayes,156,0.04199688881635666,0.003627040423452854,0.04562393203377724
kin8nm,dune_bayes,157,0.038518570363521576,0.003717177314683795,0.04223574697971344
kin8nm,dune_bayes,158,0.05283297970890999,0.003332787426188588,0.05616576597094536
kin8nm,dune_bayes,159,0.04240002483129501,0.003644172102212906,0.04604419320821762
kin8nm,dune_bayes,160,0.06731463223695755,0.0025213556364178658,0.06983598321676254
kin8nm,dune_bayes,161,0.06304491311311722,0.004692865535616875,0.06773778051137924
kin8nm,dune_bayes,162,0.04813733696937561,0.004412551410496235,0.05254988744854927
kin8nm,dune_bayes,163,0.049650728702545166,0.0033789549488574266,0.053029682487249374
kin8nm,dune_bayes,164,0.057815149426460266,0.0031464535277336836,0.06096160039305687
kin8nm,dune_bayes,165,0.046450745314359665,0.002883798908442259,0.04933454096317291
kin8nm,dune_bayes,166,0.07401975244283676,0.004515947308391333,0.07853569835424423
kin8nm,dune_bayes,167,0.05587543547153473,0.002786471741273999,0.05866190791130066
kin8nm,dune_bayes,168,0.04343529790639877,0.002956590848043561,0.04639188572764397
kin8nm,dune_bayes,169,0.058411456644535065,0.0029635645914822817,0.06137501820921898
kin8nm,dune_bayes,170,0.050125978887081146,0.0025567326229065657,0.05268270894885063
kin8nm,dune_bayes,171,0.038134101778268814,0.0028369452338665724,0.040971048176288605
kin8nm,dune_bayes,172,0.052349019795656204,0.004221622832119465,0.056570641696453094
kin8nm,dune_bayes,173,0.045091915875673294,0.003485695458948612,0.04857760667800903
kin8nm,dune_bayes,174,0.06271299719810486,0.0032564066350460052,0.06596940010786057
kin8nm,dune_bayes,175,0.034042373299598694,0.002874895231798291,0.036917269229888916
kin8nm,dune_bayes,176,0.04676001891493797,0.0033478469122201204,0.050107862800359726
kin8nm,dune_bayes,177,0.028310300782322884,0.003380873706191778,0.03169117495417595
kin8nm,dune_bayes,178,0.053006429225206375,0.0036531221121549606,0.056659553200006485
kin8nm,dune_bayes,179,0.051405008882284164,0.003834837581962347,0.05523984506726265
kin8nm,dune_bayes,180,0.07380000501871109,0.003967872820794582,0.07776787877082825
kin8nm,dune_bayes,181,0.0598311647772789,0.004441514145582914,0.0642726793885231
kin8nm,dune_bayes,182,0.05093793943524361,0.0028301975689828396,0.053768135607242584
kin8nm,dune_bayes,183,0.03997340053319931,0.0024562766775488853,0.04242968186736107
kin8nm,dune_bayes,184,0.04372123256325722,0.003732928540557623,0.04745416343212128
kin8nm,dune_bayes,185,0.04886145517230034,0.00232111057266593,0.05118256434798241
kin8nm,dune_bayes,186,0.03951472043991089,0.003446021815761924,0.04296074062585831
kin8nm,dune_bayes,187,0.0504864901304245,0.0029512469191104174,0.053437739610672
kin8nm,dune_bayes,188,0.03784013167023659,0.002673006383702159,0.040513139218091965
kin8nm,dune_bayes,189,0.03965260088443756,0.0031007020734250546,0.042753301560878754
kin8nm,dune_bayes,190,0.06394986063241959,0.00443144841119647,0.06838130950927734
kin8nm,dune_bayes,191,0.07228939235210419,0.003623312572017312,0.075912706553936
kin8nm,dune_bayes,192,0.06087116897106171,0.003609567182138562,0.0644807368516922
kin8nm,dune_bayes,193,0.03107156790792942,0.003244958817958832,0.0343165285885334
kin8nm,dune_bayes,194,0.03880226984620094,0.0031384399626404047,0.04194071143865585
kin8nm,dune_bayes,195,0.04470445588231087,0.001951596001163125,0.0466560535132885
kin8nm,dune_bayes,196,0.06429453939199448,0.002256766427308321,0.06655130535364151
kin8nm,dune_bayes,197,0.045385826379060745,0.0025790571235120296,0.04796488210558891
kin8nm,dune_bayes,198,0.047428518533706665,0.003573644207790494,0.05100215971469879
kin8nm,dune_bayes,199,0.060855623334646225,0.003142879344522953,0.0639984980225563
kin8nm,dune_bayes,200,0.04540448635816574,0.003447860013693571,0.0488523431122303
kin8nm,dune_bayes,201,0.06154736503958702,0.0034460113383829594,0.06499337404966354
kin8nm,dune_bayes,202,0.054191481322050095,0.0033571599051356316,0.0575486421585083
kin8nm,dune_bayes,203,0.048204999417066574,0.0032165227457880974,0.05142151936888695
kin8nm,dune_bayes,204,0.06542109698057175,0.002641612198203802,0.06806271523237228
kin8nm,dune_bayes,205,0.06388214975595474,0.0037154722958803177,0.06759762018918991
kin8nm,dune_bayes,206,0.06338626891374588,0.0039736079052090645,0.06735987961292267
kin8nm,dune_bayes,207,0.036482322961091995,0.0025319356936961412,0.03901425749063492
kin8nm,dune_bayes,208,0.05595162510871887,0.002347816713154316,0.058299437165260315
kin8nm,dune_bayes,209,0.04545116052031517,0.002735572401434183,0.04818673059344292
kin8nm,dune_bayes,210,0.03307061642408371,0.004223336465656757,0.03729395568370819
kin8nm,dune_bayes,211,0.06956537812948227,0.003629902610555291,0.07319528609514236
kin8nm,dune_bayes,212,0.04843059554696083,0.0030907706823199987,0.05152136832475662
kin8nm,dune_bayes,213,0.05863654613494873,0.0022118466440588236,0.06084838882088661
kin8nm,dune_bayes,214,0.0476800873875618,0.00284341792576015,0.05052350461483002
kin8nm,dune_bayes,215,0.0564814917743206,0.003840555902570486,0.06032204627990723
kin8nm,dune_bayes,216,0.034524768590927124,0.00313471513800323,0.03765948489308357
kin8nm,dune_bayes,217,0.04249149560928345,0.0034285944420844316,0.04592008888721466
kin8nm,dune_bayes,218,0.040308769792318344,0.0030549964867532253,0.043363768607378006
kin8nm,dune_bayes,219,0.050652146339416504,0.0028659256640821695,0.05351807177066803
kin8nm,dune_bayes,220,0.05078423395752907,0.0032147306483238935,0.05399896577000618
kin8nm,dune_bayes,221,0.05867113545536995,0.0034440087620168924,0.0621151439845562
kin8nm,dune_bayes,222,0.04975675791501999,0.003980346489697695,0.053737107664346695
kin8nm,dune_bayes,223,0.05087370052933693,0.0020103314891457558,0.05288403108716011
kin8nm,dune_bayes,224,0.0443304069340229,0.0038356217555701733,0.048166029155254364
kin8nm,dune_bayes,225,0.04800419509410858,0.00351119926199317,0.05151539668440819
kin8nm,dune_bayes,226,0.05449100583791733,0.0018684498500078917,0.05635945498943329
kin8nm,dune_bayes,227,0.04870093986392021,0.0027763210237026215,0.05147726088762283
kin8nm,dune_bayes,228,0.061452630907297134,0.0034256749786436558,0.06487830728292465
kin8nm,dune_bayes,229,0.05656101927161217,0.0029512762557715178,0.05951229855418205
kin8nm,dune_bayes,230,0.043393418192863464,0.0035824619699269533,0.04697588086128235
kin8nm,dune_bayes,231,0.030530286952853203,0.0034977311734110117,0.03402801975607872
kin8nm,dune_bayes,232,0.0475270114839077,0.003095089690759778,0.05062210187315941
kin8nm,dune_bayes,233,0.05077404901385307,0.0030493412632495165,0.05382338911294937
kin8nm,dune_bayes,234,0.06334492564201355,0.00272669387049973,0.06607162207365036
kin8nm,dune_bayes,235,0.05790260434150696,0.0030981055460870266,0.06100070849061012
kin8nm,dune_bayes,236,0.041897933930158615,0.002788359532132745,0.04468629136681557
kin8nm,dune_bayes,237,0.041929375380277634,0.0020997384563088417,0.0440291091799736
kin8nm,dune_bayes,238,0.07011526823043823,0.0037054652348160744,0.07382073253393173
kin8nm,dune_bayes,239,0.036392781883478165,0.0048309494741261005,0.041223734617233276
kin8nm,dune_bayes,240,0.05342986062169075,0.002934061223641038,0.056363921612501144
kin8nm,dune_bayes,241,0.04475822672247887,0.003083760617300868,0.047841984778642654
kin8nm,dune_bayes,242,0.039559490978717804,0.0023588561452925205,0.041918348520994186
kin8nm,dune_bayes,243,0.038586750626564026,0.0038121992256492376,0.042398951947689056
kin8nm,dune_bayes,244,0.05696571245789528,0.002862111898139119,0.05982782319188118
kin8nm,dune_bayes,245,0.06284429877996445,0.002560747554525733,0.06540504842996597
kin8nm,dune_bayes,246,0.03459008410573006,0.00411278335377574,0.038702867925167084
kin8nm,dune_bayes,247,0.07098741829395294,0.004163325298577547,0.0751507431268692
kin8nm,dune_bayes,248,0.05074005573987961,0.00301560596562922,0.053755659610033035
kin8nm,dune_bayes,249,0.059742968529462814,0.003560928162187338,0.06330389529466629
kin8nm,dune_bayes,250,0.031015172600746155,0.00336179556325078,0.03437696769833565
kin8nm,dune_bayes,251,0.03675545006990433,0.004368026275187731,0.04112347587943077
kin8nm,dune_bayes,252,0.035582080483436584,0.0031365782488137484,0.038718655705451965
kin8nm,dune_bayes,253,0.05702706798911095,0.005005631595849991,0.06203269958496094
kin8nm,dune_bayes,254,0.03751932829618454,0.003801473183557391,0.0413208045065403
kin8nm,dune_bayes,255,0.04301043227314949,0.0024097117129713297,0.045420143753290176
kin8nm,dune_bayes,256,0.06938989460468292,0.0028225439600646496,0.07221244275569916
kin8nm,dune_bayes,257,0.04860326275229454,0.0032774710562080145,0.05188073217868805
kin8nm,dune_bayes,258,0.05193213000893593,0.0034814095124602318,0.055413540452718735
kin8nm,dune_bayes,259,0.04592311009764671,0.0032861391082406044,0.04920925199985504
kin8nm,dune_bayes,260,0.043057408183813095,0.0030673278961330652,0.046124737709760666
kin8nm,dune_bayes,261,0.033307839184999466,0.003619193797931075,0.036927033215761185
kin8nm,dune_bayes,262,0.06961619853973389,0.0037822010926902294,0.0733983963727951
kin8nm,dune_bayes,263,0.05831786245107651,0.0039106085896492004,0.06222847104072571
kin8nm,dune_bayes,264,0.03751327097415924,0.0029723322950303555,0.04048560559749603
kin8nm,dune_bayes,265,0.038144998252391815,0.002833946142345667,0.040978945791721344
kin8nm,dune_bayes,266,0.05774325877428055,0.0024808868765830994,0.060224149376153946
kin8nm,dune_bayes,267,0.033355776220560074,0.003660866292193532,0.03701664134860039
kin8nm,dune_bayes,268,0.04471728950738907,0.0033822152763605118,0.04809950292110443
kin8nm,dune_bayes,269,0.041203949600458145,0.002288005780428648,0.04349195584654808
kin8nm,dune_bayes,270,0.05279289186000824,0.003086808603256941,0.055879704654216766
kin8nm,dune_bayes,271,0.03666530176997185,0.003841525176540017,0.04050682857632637
kin8nm,dune_bayes,272,0.05376530811190605,0.003229248570278287,0.05699455738067627
kin8nm,dune_bayes,273,0.04114697501063347,0.003291413886472583,0.04443838819861412
kin8nm,dune_bayes,274,0.04400172457098961,0.004073950927704573,0.04807567596435547
kin8nm,dune_bayes,275,0.07344336062669754,0.003535941243171692,0.07697930186986923
kin8nm,dune_bayes,276,0.04072165861725807,0.004042624030262232,0.04476428031921387
kin8nm,dune_bayes,277,0.06118801236152649,0.0031252983026206493,0.06431331485509872
kin8nm,dune_bayes,278,0.06911221146583557,0.0038921376690268517,0.073004350066185
kin8nm,dune_bayes,279,0.039815716445446014,0.0034232137259095907,0.04323893040418625
kin8nm,dune_bayes,280,0.045211948454380035,0.003681074595078826,0.048893023282289505
kin8nm,dune_bayes,281,0.053638625890016556,0.00348229450173676,0.0571209192276001
kin8nm,dune_bayes,282,0.059663452208042145,0.0030118979047983885,0.0626753494143486
kin8nm,dune_bayes,283,0.0547478087246418,0.003414175705984235,0.058161985129117966
kin8nm,dune_bayes,284,0.053715843707323074,0.00252026179805398,0.05623610317707062
kin8nm,dune_bayes,285,0.05179816111922264,0.00392548693343997,0.0557236485183239
kin8nm,dune_bayes,286,0.04107828810811043,0.002279091626405716,0.04335738345980644
kin8nm,dune_bayes,287,0.05291253328323364,0.0022654887288808823,0.055178020149469376
kin8nm,dune_bayes,288,0.04347202554345131,0.0036269675474613905,0.04709899052977562
kin8nm,dune_bayes,289,0.054294466972351074,0.00269495090469718,0.05698942020535469
kin8nm,dune_bayes,290,0.06354691833257675,0.003750296076759696,0.06729721277952194
kin8nm,dune_bayes,291,0.06059275195002556,0.002636509947478771,0.0632292628288269
kin8nm,dune_bayes,292,0.046042293310165405,0.003552737645804882,0.04959503188729286
kin8nm,dune_bayes,293,0.03695059195160866,0.004109310917556286,0.04105990007519722
kin8nm,dune_bayes,294,0.037146084010601044,0.0029353047721087933,0.040081389248371124
kin8nm,dune_bayes,295,0.04918420687317848,0.002331529278308153,0.05151573568582535
kin8nm,dune_bayes,296,0.048943933099508286,0.003464584005996585,0.05240851640701294
kin8nm,dune_bayes,297,0.039564114063978195,0.004168147686868906,0.043732259422540665
kin8nm,dune_bayes,298,0.038076456636190414,0.003025627927854657,0.041102081537246704
kin8nm,dune_bayes,299,0.06633763015270233,0.0034556060563772917,0.0697932317852974
kin8nm,dune_bayes,300,0.06135987117886543,0.0036153499968349934,0.06497522443532944
kin8nm,dune_bayes,301,0.06123034656047821,0.003926967270672321,0.06515731662511826
kin8nm,dune_bayes,302,0.07677865773439407,0.003428882220759988,0.08020754158496857
kin8nm,dune_bayes,303,0.03697836771607399,0.0028860983438789845,0.039864469319581985
kin8nm,dune_bayes,304,0.04490133747458458,0.00297218794003129,0.04787352681159973
kin8nm,dune_bayes,305,0.03423192724585533,0.0033325497061014175,0.0375644788146019
kin8nm,dune_bayes,306,0.047608599066734314,0.004058957099914551,0.051667552441358566
kin8nm,dune_bayes,307,0.05214037746191025,0.002654098439961672,0.05479447543621063
kin8nm,dune_bayes,308,0.03434550017118454,0.003800770500674844,0.03814626857638359
kin8nm,dune_bayes,309,0.06427185982465744,0.0038721482269465923,0.06814400851726532
kin8nm,dune_bayes,310,0.0566103532910347,0.002737739821895957,0.05934809520840645
kin8nm,dune_bayes,311,0.046969614923000336,0.002784154610708356,0.04975377023220062
kin8nm,dune_bayes,312,0.05904838815331459,0.0037919178139418364,0.0628403052687645
kin8nm,dune_bayes,313,0.06043165177106857,0.0036007908638566732,0.06403244286775589
kin8nm,dune_bayes,314,0.06444068998098373,0.0028313652146607637,0.06727205216884613
kin8nm,dune_bayes,315,0.06803478300571442,0.004640940576791763,0.07267572730779648
kin8nm,dune_bayes,316,0.034939076751470566,0.003704480826854706,0.03864355757832527
kin8nm,dune_bayes,317,0.04904143884778023,0.003255753545090556,0.052297193557024
kin8nm,dune_bayes,318,0.04024564474821091,0.003614966059103608,0.04386061057448387
kin8nm,dune_bayes,319,0.04337720945477486,0.0027478933334350586,0.046125102788209915
kin8nm,dune_bayes,320,0.06073508411645889,0.0037013560067862272,0.06443644315004349
kin8nm,dune_bayes,321,0.03561149537563324,0.002992153400555253,0.03860364854335785
kin8nm,dune_bayes,322,0.03903358802199364,0.0025428941007703543,0.041576482355594635
kin8nm,dune_bayes,323,0.0354650504887104,0.002848017727956176,0.03831306844949722
kin8nm,dune_bayes,324,0.04824807494878769,0.0021725348196923733,0.0504206083714962
kin8nm,dune_bayes,325,0.057622816413640976,0.003005499951541424,0.060628313571214676
kin8nm,dune_bayes,326,0.06162416189908981,0.003544352948665619,0.06516851484775543
kin8nm,dune_bayes,327,0.035185154527425766,0.0028388425707817078,0.038023993372917175
kin8nm,dune_bayes,328,0.04924946650862694,0.0025989164132624865,0.051848381757736206
kin8nm,dune_bayes,329,0.054843153804540634,0.0027821543626487255,0.05762530863285065
kin8nm,dune_bayes,330,0.03406282514333725,0.003205678891390562,0.0372685045003891
kin8nm,dune_bayes,331,0.0649348646402359,0.0026702028699219227,0.06760507076978683
kin8nm,dune_bayes,332,0.05774017795920372,0.0021898443810641766,0.059930022805929184
kin8nm,dune_bayes,333,0.044566936790943146,0.0025553505402058363,0.0471222847700119
kin8nm,dune_bayes,334,0.05833128094673157,0.003271309193223715,0.06160258874297142
kin8nm,dune_bayes,335,0.048070330172777176,0.0036916176322847605,0.05176194757223129
kin8nm,dune_bayes,336,0.0528952032327652,0.0028288722969591618,0.05572407692670822
kin8nm,dune_bayes,337,0.04140967130661011,0.0030913420487195253,0.044501014053821564
kin8nm,dune_bayes,338,0.05040040612220764,0.002532986691221595,0.05293339490890503
kin8nm,dune_bayes,339,0.046345725655555725,0.002253573155030608,0.04859929904341698
kin8nm,dune_bayes,340,0.057001132518053055,0.0028344914317131042,0.05983562394976616
kin8nm,dune_bayes,341,0.07789099216461182,0.0033775405026972294,0.08126853406429291
kin8nm,dune_bayes,342,0.04287823289632797,0.0024843402206897736,0.04536256939172745
kin8nm,dune_bayes,343,0.058712493628263474,0.00304853986017406,0.0617610365152359
kin8nm,dune_bayes,344,0.03445454686880112,0.003931181505322456,0.038385726511478424
kin8nm,dune_bayes,345,0.055894721299409866,0.0028528945986181498,0.05874761566519737
kin8nm,dune_bayes,346,0.03538159281015396,0.0029219493735581636,0.03830353915691376
kin8nm,dune_bayes,347,0.043022699654102325,0.0034262039698660374,0.04644890874624252
kin8nm,dune_bayes,348,0.06485038995742798,0.0027731559239327908,0.0676235482096672
kin8nm,dune_bayes,349,0.06495998799800873,0.004012018442153931,0.06897200644016266
kin8nm,dune_bayes,350,0.03983403369784355,0.0031388592906296253,0.04297289252281189
kin8nm,dune_bayes,351,0.06018196791410446,0.0030649162363260984,0.06324688345193863
kin8nm,dune_bayes,352,0.06624944508075714,0.003224905114620924,0.06947435438632965
kin8nm,dune_bayes,353,0.05877590924501419,0.003605943638831377,0.06238185241818428
kin8nm,dune_bayes,354,0.03998440504074097,0.0032456626649945974,0.04323006793856621
kin8nm,dune_bayes,355,0.06471307575702667,0.0037372650112956762,0.06845033913850784
kin8nm,dune_bayes,356,0.046839628368616104,0.003133555641397834,0.04997318610548973
kin8nm,dune_bayes,357,0.060841020196676254,0.002569671254605055,0.0634106919169426
kin8nm,dune_bayes,358,0.0450010672211647,0.0025936965830624104,0.04759475961327553
kin8nm,dune_bayes,359,0.03807210549712181,0.0034386785700917244,0.04151078686118126
kin8nm,dune_bayes,360,0.04375190660357475,0.003645670134574175,0.04739757999777794
kin8nm,dune_bayes,361,0.045842234045267105,0.0036922998260706663,0.04953453689813614
kin8nm,dune_bayes,362,0.05930686369538307,0.0027865406591445208,0.062093403190374374
kin8nm,dune_bayes,363,0.04933962598443031,0.003871607594192028,0.053211234509944916
kin8nm,dune_bayes,364,0.029032288119196892,0.003268358763307333,0.03230064734816551
kin8nm,dune_bayes,365,0.05581657961010933,0.0028159478679299355,0.05863252654671669
kin8nm,dune_bayes,366,0.0335557721555233,0.003991338424384594,0.03754710778594017
kin8nm,dune_bayes,367,0.04047158360481262,0.0025746419560164213,0.04304622486233711
kin8nm,dune_bayes,368,0.059896521270275116,0.0031004121992737055,0.06299693137407303
kin8nm,dune_bayes,369,0.060634762048721313,0.0038401056081056595,0.06447486579418182
kin8nm,dune_bayes,370,0.05394137650728226,0.003481535939499736,0.05742290988564491
kin8nm,dune_bayes,371,0.04595679044723511,0.0031173299066722393,0.049074120819568634
kin8nm,dune_bayes,372,0.04973975941538811,0.004028153605759144,0.053767912089824677
kin8nm,dune_bayes,373,0.04337539151310921,0.002923015272244811,0.04629840329289436
kin8nm,dune_bayes,374,0.041952695697546005,0.003688523545861244,0.0456412173807621
kin8nm,dune_bayes,375,0.036680422723293304,0.0035881930962204933,0.04026861861348152
kin8nm,dune_bayes,376,0.04477211833000183,0.0027364904526621103,0.047508604824543
kin8nm,dune_bayes,377,0.06504861265420914,0.0036285710521042347,0.06867717951536179
kin8nm,dune_bayes,378,0.04937654733657837,0.003059610491618514,0.052436161786317825
kin8nm,dune_bayes,379,0.04217875003814697,0.002815277548506856,0.04499403014779091
kin8nm,dune_bayes,380,0.05338453873991966,0.0036361077800393105,0.0570206455886364
kin8nm,dune_bayes,381,0.03868548944592476,0.002776347566395998,0.04146183282136917
kin8nm,dune_bayes,382,0.04023704677820206,0.0032339629251509905,0.04347100853919983
kin8nm,dune_bayes,383,0.07044629007577896,0.0036379266530275345,0.07408421486616135
kin8nm,dune_bayes,384,0.034706417471170425,0.0031416933052241802,0.037848107516765594
kin8nm,dune_bayes,385,0.038107775151729584,0.0028471078258007765,0.04095488414168358
kin8nm,dune_bayes,386,0.04878583177924156,0.0036494568921625614,0.052435290068387985
kin8nm,dune_bayes,387,0.07165461033582687,0.003259506309404969,0.0749141201376915
kin8nm,dune_bayes,388,0.0344664566218853,0.002878008410334587,0.03734446316957474
kin8nm,dune_bayes,389,0.050240203738212585,0.0025065946392714977,0.05274679884314537
kin8nm,dune_bayes,390,0.051417429000139236,0.004616767168045044,0.05603419616818428
kin8nm,dune_bayes,391,0.03375988081097603,0.0026161647401750088,0.036376047879457474
kin8nm,dune_bayes,392,0.037979353219270706,0.004039814695715904,0.04201916977763176
kin8nm,dune_bayes,393,0.03497821465134621,0.003349333768710494,0.038327548652887344
kin8nm,dune_bayes,394,0.05392727628350258,0.003341241041198373,0.05726851895451546
kin8nm,dune_bayes,395,0.04151054099202156,0.0032502205576747656,0.04476076364517212
kin8nm,dune_bayes,396,0.06800013035535812,0.003691313322633505,0.07169144600629807
kin8nm,dune_bayes,397,0.04513147473335266,0.0021997587755322456,0.04733123257756233
kin8nm,dune_bayes,398,0.06976919621229172,0.003965815529227257,0.07373501360416412
kin8nm,dune_bayes,399,0.03865143284201622,0.002266785129904747,0.04091821610927582
kin8nm,dune_bayes,400,0.04388229176402092,0.002786343451589346,0.046668633818626404
kin8nm,dune_bayes,401,0.052822768688201904,0.0033480727579444647,0.05617084354162216
kin8nm,dune_bayes,402,0.07575808465480804,0.0029230033978819847,0.0786810889840126
kin8nm,dune_bayes,403,0.07581602036952972,0.003520909696817398,0.07933692634105682
kin8nm,dune_bayes,404,0.044123534113168716,0.002953876042738557,0.04707740992307663
kin8nm,dune_bayes,405,0.06458663940429688,0.0037791458889842033,0.06836578249931335
kin8nm,dune_bayes,406,0.05883435532450676,0.0031518989708274603,0.06198625639081001
kin8nm,dune_bayes,407,0.0511283203959465,0.00420472864061594,0.05533304810523987
kin8nm,dune_bayes,408,0.04347391426563263,0.003188158618286252,0.04666207358241081
kin8nm,dune_bayes,409,0.03522341698408127,0.003460613312199712,0.03868403285741806
kin8nm,dune_bayes,410,0.03584035858511925,0.00325778778642416,0.03909814730286598
kin8nm,dune_bayes,411,0.04972134158015251,0.0024558240547776222,0.05217716470360756
kin8nm,dune_bayes,412,0.04537707194685936,0.0024674294982105494,0.047844499349594116
kin8nm,dune_bayes,413,0.037778399884700775,0.0024286629632115364,0.04020706191658974
kin8nm,dune_bayes,414,0.0366683192551136,0.004862860310822725,0.04153117910027504
kin8nm,dune_bayes,415,0.03161124885082245,0.003738031256943941,0.035349275916814804
kin8nm,dune_bayes,416,0.03800572082400322,0.003236060030758381,0.041241779923439026
kin8nm,dune_bayes,417,0.07493620365858078,0.003884728532284498,0.07882092893123627
kin8nm,dune_bayes,418,0.034569151699543,0.0026600765995681286,0.037229228764772415
kin8nm,dune_bayes,419,0.04178159311413765,0.0026645499747246504,0.04444614052772522
kin8nm,dune_bayes,420,0.04510124772787094,0.003098094603046775,0.04819934070110321
kin8nm,dune_bayes,421,0.0394904650747776,0.003924161661416292,0.04341462627053261
kin8nm,dune_bayes,422,0.05364012345671654,0.003923811484128237,0.057563938200473785
kin8nm,dune_bayes,423,0.059156544506549835,0.003644678508862853,0.06280121952295303
kin8nm,dune_bayes,424,0.045462608337402344,0.003299838164821267,0.04876244440674782
kin8nm,dune_bayes,425,0.05608309432864189,0.003172069089487195,0.05925516411662102
kin8nm,dune_bayes,426,0.03137228637933731,0.0039193336851894855,0.03529162332415581
kin8nm,dune_bayes,427,0.05066188424825668,0.0033637196756899357,0.05402560159564018
kin8nm,dune_bayes,428,0.046959344297647476,0.004348550457507372,0.05130789428949356
kin8nm,dune_bayes,429,0.04078013822436333,0.0034024983178824186,0.044182635843753815
kin8nm,dune_bayes,430,0.042923472821712494,0.002010237891227007,0.044933710247278214
kin8nm,dune_bayes,431,0.034588251262903214,0.003600282361730933,0.03818853199481964
kin8nm,dune_bayes,432,0.03712370991706848,0.0034135153982788324,0.04053722694516182
kin8nm,dune_bayes,433,0.04965896159410477,0.003002677345648408,0.05266163870692253
kin8nm,dune_bayes,434,0.07135036587715149,0.004019483458250761,0.07536984980106354
kin8nm,dune_bayes,435,0.04619062319397926,0.0036561100278049707,0.04984673485159874
kin8nm,dune_bayes,436,0.05537859722971916,0.0031624597031623125,0.058541055768728256
kin8nm,dune_bayes,437,0.04984626546502113,0.003117476124316454,0.0529637411236763
kin8nm,dune_bayes,438,0.044307004660367966,0.0030597804579883814,0.04736678674817085
kin8nm,dune_bayes,439,0.04363526031374931,0.0028477972373366356,0.046483058482408524
kin8nm,dune_bayes,440,0.045945703983306885,0.0026674214750528336,0.04861312359571457
kin8nm,dune_bayes,441,0.04616786539554596,0.002536843530833721,0.04870470613241196
kin8nm,dune_bayes,442,0.05018851161003113,0.003819248639047146,0.05400776490569115
kin8nm,dune_bayes,443,0.05818602815270424,0.003277763957157731,0.061463791877031326
kin8nm,dune_bayes,444,0.06451626121997833,0.0027866007294505835,0.06730286031961441
kin8nm,dune_bayes,445,0.05543527007102966,0.0022111660800874233,0.057646434754133224
kin8nm,dune_bayes,446,0.04892147704958916,0.002691405825316906,0.05161288380622864
kin8nm,dune_bayes,447,0.05957651138305664,0.0033528972417116165,0.06292940676212311
kin8nm,dune_bayes,448,0.04619862884283066,0.003233279101550579,0.04943190515041351
kin8nm,dune_bayes,449,0.08071551471948624,0.004443351645022631,0.08515886962413788
kin8nm,dune_bayes,450,0.040146246552467346,0.002717820927500725,0.04286406561732292
kin8nm,dune_bayes,451,0.04355895519256592,0.002723041223362088,0.04628199711441994
kin8nm,dune_bayes,452,0.06105327233672142,0.002846860559657216,0.06390013545751572
kin8nm,dune_bayes,453,0.05096468701958656,0.0028222647961229086,0.053786955773830414
kin8nm,dune_bayes,454,0.0658000260591507,0.0035408721305429935,0.06934089958667755
kin8nm,dune_bayes,455,0.043888356536626816,0.004194480367004871,0.04808283969759941
kin8nm,dune_bayes,456,0.049837514758110046,0.003766570473089814,0.05360408499836922
kin8nm,dune_bayes,457,0.0448044091463089,0.0037429681979119778,0.04854737967252731
kin8nm,dune_bayes,458,0.05193296819925308,0.002171911997720599,0.05410488322377205
kin8nm,dune_bayes,459,0.07107343524694443,0.00400267168879509,0.07507611066102982
kin8nm,dune_bayes,460,0.046622246503829956,0.002632143907248974,0.049254387617111206
kin8nm,dune_bayes,461,0.053820136934518814,0.004580891225486994,0.05840102583169937
kin8nm,dune_bayes,462,0.05100331827998161,0.002859655302017927,0.05386297404766083
kin8nm,dune_bayes,463,0.03574603796005249,0.0035471157170832157,0.03929315134882927
kin8nm,dune_bayes,464,0.05995800718665123,0.003275484312325716,0.06323349475860596
kin8nm,dune_bayes,465,0.06747137755155563,0.003496388904750347,0.07096777111291885
kin8nm,dune_bayes,466,0.04208042845129967,0.003910372965037823,0.045990802347660065
kin8nm,dune_bayes,467,0.04261711612343788,0.0026296970900148153,0.04524681344628334
kin8nm,dune_bayes,468,0.060167502611875534,0.0030394326895475388,0.06320693343877792
kin8nm,dune_bayes,469,0.04572046920657158,0.0036802981048822403,0.04940076917409897
kin8nm,dune_bayes,470,0.044028181582689285,0.003949938341975212,0.04797811806201935
kin8nm,dune_bayes,471,0.02859649807214737,0.003138208296149969,0.03173470497131348
kin8nm,dune_bayes,472,0.0445292703807354,0.0026645828038454056,0.04719385504722595
kin8nm,dune_bayes,473,0.04740365222096443,0.0029148985631763935,0.05031855031847954
kin8nm,dune_bayes,474,0.0439985953271389,0.004417805932462215,0.04841640219092369
kin8nm,dune_bayes,475,0.04042968526482582,0.003379551926627755,0.04380923882126808
kin8nm,dune_bayes,476,0.040646571666002274,0.00280436547473073,0.043450940400362015
kin8nm,dune_bayes,477,0.043751850724220276,0.002836324041709304,0.046588171273469925
kin8nm,dune_bayes,478,0.06281088292598724,0.0027616156730800867,0.06557250022888184
kin8nm,dune_bayes,479,0.05426342412829399,0.0034296070225536823,0.057693030685186386
kin8nm,dune_bayes,480,0.06076938286423683,0.0033953904639929533,0.06416477262973785
kin8nm,dune_bayes,481,0.045595500618219376,0.002854533027857542,0.048450034111738205
kin8nm,dune_bayes,482,0.05960758775472641,0.0033895450178533792,0.06299713253974915
kin8nm,dune_bayes,483,0.040832433849573135,0.0028401792515069246,0.04367261379957199
kin8nm,dune_bayes,484,0.060787446796894073,0.0035216808319091797,0.06430912762880325
kin8nm,dune_bayes,485,0.06057102605700493,0.003800573293119669,0.06437160074710846
kin8nm,dune_bayes,486,0.04194549843668938,0.003757585771381855,0.045703087002038956
kin8nm,dune_bayes,487,0.048230428248643875,0.0032971161417663097,0.05152754485607147
kin8nm,dune_bayes,488,0.08593441545963287,0.004916422069072723,0.0908508375287056
kin8nm,dune_bayes,489,0.04533229023218155,0.0034828134812414646,0.048815105110406876
kin8nm,dune_bayes,490,0.04995327442884445,0.0029519004747271538,0.05290517210960388
kin8nm,dune_bayes,491,0.032549090683460236,0.0025998202618211508,0.03514891117811203
kin8nm,dune_bayes,492,0.04592086747288704,0.003914195578545332,0.04983506351709366
kin8nm,dune_bayes,493,0.0533020943403244,0.003062735078856349,0.05636483058333397
kin8nm,dune_bayes,494,0.041756171733140945,0.003541183192282915,0.04529735818505287
kin8nm,dune_bayes,495,0.06648761034011841,0.00386972283013165,0.0703573226928711
kin8nm,dune_bayes,496,0.03909163549542427,0.0035252512898296118,0.042616888880729675
kin8nm,dune_bayes,497,0.03926980122923851,0.004156771115958691,0.043426573276519775
kin8nm,dune_bayes,498,0.04445677250623703,0.0031451766844838858,0.04760194942355156
kin8nm,dune_bayes,499,0.04388853907585144,0.0031323700677603483,0.04702090844511986
kin8nm,dune_bayes,500,0.0522402785718441,0.0029640423599630594,0.05520431697368622
kin8nm,dune_bayes,501,0.07161131501197815,0.003182850545272231,0.07479416579008102
kin8nm,dune_bayes,502,0.0477619543671608,0.0022266472224146128,0.04998859763145447
kin8nm,dune_bayes,503,0.06030634418129921,0.0028320797719061375,0.06313842535018921
kin8nm,dune_bayes,504,0.06935612857341766,0.0028434202540665865,0.07219955325126648
kin8nm,dune_bayes,505,0.053726449608802795,0.0023976753000169992,0.05612412467598915
kin8nm,dune_bayes,506,0.06795647740364075,0.00289458897896111,0.07085106521844864
kin8nm,dune_bayes,507,0.06877077370882034,0.003956859931349754,0.07272762805223465
kin8nm,dune_bayes,508,0.04599256440997124,0.0045836325734853745,0.05057619512081146
kin8nm,dune_bayes,509,0.034603018313646317,0.0038490609731525183,0.03845208138227463
kin8nm,dune_bayes,510,0.04887854680418968,0.003748885588720441,0.052627433091402054
kin8nm,dune_bayes,511,0.03208448737859726,0.0038884899113327265,0.03597297519445419
kin8nm,dune_bayes,512,0.03965340182185173,0.002035856479778886,0.04168925806879997
kin8nm,dune_bayes,513,0.03634069114923477,0.0034206113778054714,0.03976130485534668
kin8nm,dune_bayes,514,0.05914371460676193,0.0032489877194166183,0.0623927004635334
kin8nm,dune_bayes,515,0.057479579001665115,0.002444372745230794,0.05992395058274269
kin8nm,dune_bayes,516,0.059031616896390915,0.0034771927166730165,0.06250880658626556
kin8nm,dune_bayes,517,0.03608528897166252,0.0023698799777776003,0.038455165922641754
kin8nm,dune_bayes,518,0.03552429750561714,0.004461316857486963,0.03998561576008797
kin8nm,dune_bayes,519,0.045582521706819534,0.0033486876636743546,0.04893121123313904
kin8nm,dune_bayes,520,0.03396648168563843,0.002891991753131151,0.03685847297310829
kin8nm,dune_bayes,521,0.043266814202070236,0.0030269832350313663,0.046293798834085464
kin8nm,dune_bayes,522,0.06330379843711853,0.002211913699284196,0.06551571190357208
kin8nm,dune_bayes,523,0.04675290361046791,0.003953920211642981,0.05070682242512703
kin8nm,dune_bayes,524,0.04932069778442383,0.003284724662080407,0.05260542407631874
kin8nm,dune_bayes,525,0.051334839314222336,0.0028494936414062977,0.054184332489967346
kin8nm,dune_bayes,526,0.05288812890648842,0.0029464883264154196,0.05583461746573448
kin8nm,dune_bayes,527,0.055667445063591,0.004239201080054045,0.059906646609306335
kin8nm,dune_bayes,528,0.054760951548814774,0.0027620752807706594,0.05752302706241608
kin8nm,dune_bayes,529,0.06037404015660286,0.003653423162177205,0.06402746587991714
kin8nm,dune_bayes,530,0.031811121851205826,0.003991032484918833,0.03580215573310852
kin8nm,dune_bayes,531,0.04481047764420509,0.003014117479324341,0.047824591398239136
kin8nm,dune_bayes,532,0.04302283003926277,0.0031117440667003393,0.046134572476148605
kin8nm,dune_bayes,533,0.04282870516180992,0.003073332831263542,0.04590203985571861
kin8nm,dune_bayes,534,0.057472873479127884,0.0032393846195191145,0.06071225926280022
kin8nm,dune_bayes,535,0.04294810816645622,0.0035018285270780325,0.0464499369263649
kin8nm,dune_bayes,536,0.0850876197218895,0.0038757966831326485,0.08896341174840927
kin8nm,dune_bayes,537,0.07319512963294983,0.003908870276063681,0.07710399478673935
kin8nm,dune_bayes,538,0.056906986981630325,0.0032690155785530806,0.060176003724336624
kin8nm,dune_bayes,539,0.055342238396406174,0.0019253685604780912,0.05726760998368263
kin8nm,dune_bayes,540,0.04864857718348503,0.003659756388515234,0.0523083359003067
kin8nm,dune_bayes,541,0.04015545919537544,0.003768583992496133,0.04392404109239578
kin8nm,dune_bayes,542,0.06242778152227402,0.0029194613453000784,0.06534723937511444
kin8nm,dune_bayes,543,0.055385131388902664,0.0033749090507626534,0.05876003950834274
kin8nm,dune_bayes,544,0.042769793421030045,0.003730794647708535,0.04650058597326279
kin8nm,dune_bayes,545,0.05355320870876312,0.002955373842269182,0.05650858208537102
kin8nm,dune_bayes,546,0.04889196902513504,0.0036819884553551674,0.05257395654916763
kin8nm,dune_bayes,547,0.04398953169584274,0.0027440444100648165,0.04673357307910919
kin8nm,dune_bayes,548,0.05721141770482063,0.0031541832722723484,0.060365598648786545
kin8nm,dune_bayes,549,0.06650685518980026,0.004598552826792002,0.07110540568828583
kin8nm,dune_bayes,550,0.05397804453969002,0.0035594338551163673,0.05753747746348381
kin8nm,dune_bayes,551,0.04300235956907272,0.0028787131886929274,0.04588107392191887
kin8nm,dune_bayes,552,0.04841145500540733,0.004095134325325489,0.052506592124700546
kin8nm,dune_bayes,553,0.04301145300269127,0.0026013480965048075,0.04561280086636543
kin8nm,dune_bayes,554,0.04269704967737198,0.003499565878883004,0.04619661346077919
kin8nm,dune_bayes,555,0.04142331704497337,0.003790229558944702,0.04521354287862778
kin8nm,dune_bayes,556,0.035982243716716766,0.003557991934940219,0.039540234953165054
kin8nm,dune_bayes,557,0.047445595264434814,0.003827235661447048,0.051272835582494736
kin8nm,dune_bayes,558,0.03868560865521431,0.002483203774318099,0.04116881266236305
kin8nm,dune_bayes,559,0.05580274760723114,0.0030547992791980505,0.058857545256614685
kin8nm,dune_bayes,560,0.053535301238298416,0.0025789763312786818,0.056114278733730316
kin8nm,dune_bayes,561,0.0427529513835907,0.0027053041849285364,0.04545826092362404
kin8nm,dune_bayes,562,0.049759335815906525,0.0019847124349325895,0.05174404755234718
kin8nm,dune_bayes,563,0.07238852977752686,0.0029015790205448866,0.07529011368751526
kin8nm,dune_bayes,564,0.04774252325296402,0.0029283352196216583,0.05067085474729538
kin8nm,dune_bayes,565,0.04152251407504082,0.002675223397091031,0.04419773444533348
kin8nm,dune_bayes,566,0.049007292836904526,0.004459124989807606,0.05346641689538956
kin8nm,dune_bayes,567,0.05319526046514511,0.004018435720354319,0.05721369385719299
kin8nm,dune_bayes,568,0.039866771548986435,0.004328673705458641,0.044195447117090225
kin8nm,dune_bayes,569,0.05577031150460243,0.0028350865468382835,0.05860539898276329
kin8nm,dune_bayes,570,0.036663200706243515,0.0032597098033875227,0.039922911673784256
kin8nm,dune_bayes,571,0.048683051019907,0.002657524775713682,0.05134057253599167
kin8nm,dune_bayes,572,0.03810877725481987,0.002513822400942445,0.04062259569764137
kin8nm,dune_bayes,573,0.050689101219177246,0.0035068963188678026,0.05419599637389183
kin8nm,dune_bayes,574,0.04861367493867874,0.002854977734386921,0.051468655467033386
kin8nm,dune_bayes,575,0.054969850927591324,0.0026832506991922855,0.05765309929847717
kin8nm,dune_bayes,576,0.03785582631826401,0.0033473449293524027,0.04120317101478577
kin8nm,dune_bayes,577,0.03923366218805313,0.0039556813426315784,0.04318934306502342
kin8nm,dune_bayes,578,0.0559522919356823,0.0026963246054947376,0.05864861607551575
kin8nm,dune_bayes,579,0.05784297734498978,0.003087692428380251,0.06093067303299904
kin8nm,dune_bayes,580,0.04297362267971039,0.0031879390589892864,0.04616156220436096
kin8nm,dune_bayes,581,0.04380534216761589,0.0035340720787644386,0.047339413315057755
kin8nm,dune_bayes,582,0.04649079218506813,0.0020034429617226124,0.048494234681129456
kin8nm,dune_bayes,583,0.05203358829021454,0.0037805945612490177,0.05581418424844742
kin8nm,dune_bayes,584,0.054853979498147964,0.0026754222344607115,0.057529401034116745
kin8nm,dune_bayes,585,0.053534071892499924,0.003132925368845463,0.05666699633002281
kin8nm,dune_bayes,586,0.04202505201101303,0.0029895275365561247,0.045014578849077225
kin8nm,dune_bayes,587,0.07080871611833572,0.003279769094660878,0.07408848404884338
kin8nm,dune_bayes,588,0.049461159855127335,0.0037514951545745134,0.05321265384554863
kin8nm,dune_bayes,589,0.04617346450686455,0.0026152427308261395,0.048788707703351974
kin8nm,dune_bayes,590,0.04686871916055679,0.0029778440948575735,0.04984656348824501
kin8nm,dune_bayes,591,0.03758075460791588,0.003717872779816389,0.041298627853393555
kin8nm,dune_bayes,592,0.037653785198926926,0.0037027797661721706,0.041356563568115234
kin8nm,dune_bayes,593,0.049158528447151184,0.003046939382329583,0.05220546945929527
kin8nm,dune_bayes,594,0.06142911687493324,0.003194962628185749,0.06462407857179642
kin8nm,dune_bayes,595,0.04500184208154678,0.002621781313791871,0.04762361943721771
kin8nm,dune_bayes,596,0.04979466274380684,0.002751976018771529,0.05254663899540901
kin8nm,dune_bayes,597,0.04430320858955383,0.0032870962750166655,0.047590307891368866
kin8nm,dune_bayes,598,0.033878639340400696,0.003031016793102026,0.03690965473651886
kin8nm,dune_bayes,599,0.06997822225093842,0.004414685070514679,0.0743929073214531
kin8nm,dune_bayes,600,0.0502178817987442,0.004206741228699684,0.054424624890089035
kin8nm,dune_bayes,601,0.058513153344392776,0.003387863514944911,0.06190101429820061
kin8nm,dune_bayes,602,0.037839844822883606,0.002813253551721573,0.04065309464931488
kin8nm,dune_bayes,603,0.058686088770627975,0.003165376838296652,0.061851464211940765
kin8nm,dune_bayes,604,0.04181606322526932,0.003338314127177,0.045154374092817307
kin8nm,dune_bayes,605,0.04380124807357788,0.004185771569609642,0.04798702150583267
kin8nm,dune_bayes,606,0.05093320459127426,0.0028145485557615757,0.0537477545440197
kin8nm,dune_bayes,607,0.058317795395851135,0.003278300864621997,0.0615960955619812
kin8nm,dune_bayes,608,0.039765048772096634,0.003211584873497486,0.042976632714271545
kin8nm,dune_bayes,609,0.05753929540514946,0.003129698568955064,0.06066899374127388
kin8nm,dune_bayes,610,0.05666549131274223,0.0034367567859590054,0.06010224670171738
kin8nm,dune_bayes,611,0.057704344391822815,0.0035381619818508625,0.06124250590801239
kin8nm,dune_bayes,612,0.04513924568891525,0.003363975090906024,0.048503220081329346
kin8nm,dune_bayes,613,0.05326158180832863,0.002465516794472933,0.055727098137140274
kin8nm,dune_bayes,614,0.04123380035161972,0.004162501078099012,0.04539630562067032
kin8nm,dune_bayes,615,0.04126029834151268,0.0030450064223259687,0.04430530592799187
kin8nm,dune_bayes,616,0.04420488700270653,0.00227751606144011,0.046482402831315994
kin8nm,dune_bayes,617,0.05888266861438751,0.0024012986104935408,0.06128396838903427
kin8nm,dune_bayes,618,0.0512533001601696,0.0030256961472332478,0.05427899584174156
kin8nm,dune_bayes,619,0.04110315069556236,0.0027180698234587908,0.043821219354867935
kin8nm,dune_bayes,620,0.03751152753829956,0.003185482695698738,0.04069701209664345
kin8nm,dune_bayes,621,0.03891157731413841,0.0027465512976050377,0.041658129543066025
kin8nm,dune_bayes,622,0.07305894792079926,0.003697153879329562,0.07675610482692719
kin8nm,dune_bayes,623,0.0611250102519989,0.0027787177823483944,0.06390372663736343
kin8nm,dune_bayes,624,0.04719680920243263,0.003132859943434596,0.05032967031002045
kin8nm,dune_bayes,625,0.04295124113559723,0.002755968365818262,0.04570721089839935
kin8nm,dune_bayes,626,0.04114067927002907,0.0026630298234522343,0.043803710490465164
kin8nm,dune_bayes,627,0.06883342564105988,0.0036152664106339216,0.07244869321584702
kin8nm,dune_bayes,628,0.033284369856119156,0.0030424902215600014,0.03632685914635658
kin8nm,dune_bayes,629,0.04777354374527931,0.002171632368117571,0.049945175647735596
kin8nm,dune_bayes,630,0.03892916813492775,0.0023591136559844017,0.04128827899694443
kin8nm,dune_bayes,631,0.040325671434402466,0.003938818816095591,0.04426449164748192
kin8nm,dune_bayes,632,0.03702687472105026,0.0032170526683330536,0.040243927389383316
kin8nm,dune_bayes,633,0.04262501373887062,0.0037829047068953514,0.04640791565179825
kin8nm,dune_bayes,634,0.03369070217013359,0.0029931834433227777,0.036683887243270874
kin8nm,dune_bayes,635,0.04567265510559082,0.003995451610535383,0.04966810345649719
kin8nm,dune_bayes,636,0.07368160039186478,0.0032183188013732433,0.07689991593360901
kin8nm,dune_bayes,637,0.026444904506206512,0.004368736408650875,0.030813639983534813
kin8nm,dune_bayes,638,0.039855994284152985,0.003918526228517294,0.04377451911568642
kin8nm,dune_bayes,639,0.038889750838279724,0.00396057590842247,0.04285033047199249
kin8nm,dune_bayes,640,0.041154149919748306,0.0026683497708290815,0.043822500854730606
kin8nm,dune_bayes,641,0.03588937222957611,0.003501549595966935,0.0393909215927124
kin8nm,dune_bayes,642,0.06767283380031586,0.003865637117996812,0.07153847813606262
kin8nm,dune_bayes,643,0.06839347630739212,0.005005934275686741,0.07339940965175629
kin8nm,dune_bayes,644,0.06964540481567383,0.002832618309184909,0.0724780261516571
kin8nm,dune_bayes,645,0.047689300030469894,0.0038035204634070396,0.05149282142519951
kin8nm,dune_bayes,646,0.05556846037507057,0.002075111260637641,0.05764357000589371
kin8nm,dune_bayes,647,0.050908561795949936,0.003530582645907998,0.05443914234638214
kin8nm,dune_bayes,648,0.05840705335140228,0.003977322485297918,0.06238437443971634
kin8nm,dune_bayes,649,0.036775290966033936,0.0029133528005331755,0.03968864306807518
kin8nm,dune_bayes,650,0.06428109854459763,0.003267965279519558,0.06754906475543976
kin8nm,dune_bayes,651,0.041960686445236206,0.0027904678136110306,0.04475115239620209
kin8nm,dune_bayes,652,0.052628517150878906,0.0023273236583918333,0.05495583638548851
kin8nm,dune_bayes,653,0.05168536305427551,0.0033237184397876263,0.055009081959724426
kin8nm,dune_bayes,654,0.05621189996600151,0.003401771653443575,0.0596136711537838
kin8nm,dune_bayes,655,0.038463663309812546,0.003011085791513324,0.04147474840283394
kin8nm,dune_bayes,656,0.0555395744740963,0.0022254236973822117,0.05776499584317207
kin8nm,dune_bayes,657,0.05133629962801933,0.003847261890769005,0.05518355965614319
kin8nm,dune_bayes,658,0.05042395740747452,0.0026395220775157213,0.05306347832083702
kin8nm,dune_bayes,659,0.053223174065351486,0.0021668155677616596,0.05538999289274216
kin8nm,dune_bayes,660,0.04877743497490883,0.0027932217344641685,0.05157065764069557
kin8nm,dune_bayes,661,0.02955526113510132,0.004216216970235109,0.03377148136496544
kin8nm,dune_bayes,662,0.03528794273734093,0.0031124043744057417,0.03840034827589989
kin8nm,dune_bayes,663,0.04848908260464668,0.0034273031633347273,0.05191638693213463
kin8nm,dune_bayes,664,0.042372945696115494,0.003852143883705139,0.046225085854530334
kin8nm,dune_bayes,665,0.05121432989835739,0.002991416957229376,0.054205745458602905
kin8nm,dune_bayes,666,0.04284333437681198,0.0033763942774385214,0.046219728887081146
kin8nm,dune_bayes,667,0.043638262897729874,0.00329132960177958,0.04692959412932396
kin8nm,dune_bayes,668,0.054206956177949905,0.002720220945775509,0.05692717805504799
kin8nm,dune_bayes,669,0.03763948008418083,0.0024792051408439875,0.040118683129549026
kin8nm,dune_bayes,670,0.06014665588736534,0.0031560142524540424,0.0633026733994484
kin8nm,dune_bayes,671,0.04573552682995796,0.0024098616559058428,0.04814538732171059
kin8nm,dune_bayes,672,0.04948808252811432,0.0033352510072290897,0.05282333493232727
kin8nm,dune_bayes,673,0.04436518996953964,0.0026058407966047525,0.04697103053331375
kin8nm,dune_bayes,674,0.051007479429244995,0.0021729397121816874,0.05318041890859604
kin8nm,dune_bayes,675,0.03536183014512062,0.0038345337379723787,0.03919636458158493
kin8nm,dune_bayes,676,0.037450723350048065,0.0039060693234205246,0.04135679081082344
kin8nm,dune_bayes,677,0.03543998673558235,0.0029285482596606016,0.03836853429675102
kin8nm,dune_bayes,678,0.046733491122722626,0.0031381528824567795,0.049871645867824554
kin8nm,dune_bayes,679,0.056380897760391235,0.00275768362917006,0.05913858115673065
kin8nm,dune_bayes,680,0.04155309870839119,0.0029036581981927156,0.04445675387978554
kin8nm,dune_bayes,681,0.04884686693549156,0.0033775002229958773,0.05222436785697937
kin8nm,dune_bayes,682,0.04489338770508766,0.002584226429462433,0.04747761785984039
kin8nm,dune_bayes,683,0.07353176176548004,0.0031485657673329115,0.07668032497167587
kin8nm,dune_bayes,684,0.04345671460032463,0.0033575904089957476,0.04681430757045746
kin8nm,dune_bayes,685,0.045583248138427734,0.0029566611628979445,0.0485399067401886
kin8nm,dune_bayes,686,0.058183517307043076,0.0029071117751300335,0.061090629547834396
kin8nm,dune_bayes,687,0.054643552750349045,0.0026087905280292034,0.05725234001874924
kin8nm,dune_bayes,688,0.0682036504149437,0.0037593981251120567,0.07196304947137833
kin8nm,dune_bayes,689,0.03841081261634827,0.0031333952210843563,0.04154420644044876
kin8nm,dune_bayes,690,0.05846523120999336,0.002682169433683157,0.06114739552140236
kin8nm,dune_bayes,691,0.0781262144446373,0.005118444561958313,0.08324465900659561
kin8nm,dune_bayes,692,0.040266115218400955,0.00274368142709136,0.04300979524850845
kin8nm,dune_bayes,693,0.03371897339820862,0.004112090449780226,0.03783106058835983
kin8nm,dune_bayes,694,0.04421920329332352,0.002865022514015436,0.047084223479032516
kin8nm,dune_bayes,695,0.04440045729279518,0.0024289304856210947,0.04682938754558563
kin8nm,dune_bayes,696,0.04045309126377106,0.003256771247833967,0.04370985925197601
kin8nm,dune_bayes,697,0.038967784494161606,0.003300426062196493,0.04226820915937424
kin8nm,dune_bayes,698,0.05320000648498535,0.00439100619405508,0.05759101361036301
kin8nm,dune_bayes,699,0.03456314653158188,0.00275247311219573,0.037315621972084045
kin8nm,dune_bayes,700,0.038666028529405594,0.004813003819435835,0.043479032814502716
kin8nm,dune_bayes,701,0.03674628958106041,0.003473662305623293,0.040219951421022415
kin8nm,dune_bayes,702,0.05529249459505081,0.0031949770636856556,0.05848747119307518
kin8nm,dune_bayes,703,0.05636919289827347,0.002501126378774643,0.05887031555175781
kin8nm,dune_bayes,704,0.04448586329817772,0.0038669935893267393,0.048352859914302826
kin8nm,dune_bayes,705,0.03258710727095604,0.00405859062448144,0.03664569929242134
kin8nm,dune_bayes,706,0.046326957643032074,0.004197939299046993,0.05052489787340164
kin8nm,dune_bayes,707,0.048154499381780624,0.003080516355112195,0.05123501643538475
kin8nm,dune_bayes,708,0.045876700431108475,0.0037497233133763075,0.049626424908638
kin8nm,dune_bayes,709,0.06870660930871964,0.0027049218770116568,0.07141152769327164
kin8nm,dune_bayes,710,0.04775068163871765,0.0033409481402486563,0.05109163001179695
kin8nm,dune_bayes,711,0.042379848659038544,0.0037254267372190952,0.0461052767932415
kin8nm,dune_bayes,712,0.0640680268406868,0.003142372937873006,0.06721039861440659
kin8nm,dune_bayes,713,0.051518913358449936,0.0030391262844204903,0.05455804243683815
kin8nm,dune_bayes,714,0.032333578914403915,0.003257732605561614,0.035591308027505875
kin8nm,dune_bayes,715,0.06356196105480194,0.0034099675249308348,0.06697192788124084
kin8nm,dune_bayes,716,0.053083594888448715,0.002690398134291172,0.05577399209141731
kin8nm,dune_bayes,717,0.042745910584926605,0.0038777978625148535,0.04662371054291725
kin8nm,dune_bayes,718,0.053239550441503525,0.0022480585612356663,0.05548761039972305
kin8nm,dune_bayes,719,0.04950111731886864,0.0029394642915576696,0.0524405799806118
kin8nm,dune_bayes,720,0.05196196958422661,0.0029101248364895582,0.054872095584869385
kin8nm,dune_bayes,721,0.036012355238199234,0.0039974600076675415,0.040009818971157074
kin8nm,dune_bayes,722,0.05393609404563904,0.002228738972917199,0.056164830923080444
kin8nm,dune_bayes,723,0.052245330065488815,0.0021057692356407642,0.05435110256075859
kin8nm,dune_bayes,724,0.045307356864213943,0.003593109780922532,0.04890046641230583
kin8nm,dune_bayes,725,0.038055673241615295,0.0026265422347933054,0.04068221524357796
kin8nm,dune_bayes,726,0.04559535160660744,0.0027684869710355997,0.04836383834481239
kin8nm,dune_bayes,727,0.05075256526470184,0.003701736219227314,0.05445430055260658
kin8nm,dune_bayes,728,0.05711366608738899,0.0022106696851551533,0.05932433158159256
kin8nm,dune_bayes,729,0.06052172929048538,0.003320790361613035,0.0638425201177597
kin8nm,dune_bayes,730,0.05362624675035477,0.0033032933715730906,0.056929539889097214
kin8nm,dune_bayes,731,0.03810786083340645,0.003200685605406761,0.04130854457616806
kin8nm,dune_bayes,732,0.06111551448702812,0.0024846079759299755,0.06360012292861938
kin8nm,dune_bayes,733,0.05234844610095024,0.0025626900605857372,0.054911136627197266
kin8nm,dune_bayes,734,0.04451370984315872,0.0018119977321475744,0.04632570594549179
kin8nm,dune_bayes,735,0.05693502351641655,0.0034441016614437103,0.06037912517786026
kin8nm,dune_bayes,736,0.05345369130373001,0.003631059778854251,0.05708475038409233
kin8nm,dune_bayes,737,0.0479128323495388,0.003002328332513571,0.05091515928506851
kin8nm,dune_bayes,738,0.03935594484210014,0.0033555326517671347,0.04271147772669792
kin8nm,dune_bayes,739,0.0410415418446064,0.0030560768209397793,0.04409761726856232
kin8nm,dune_bayes,740,0.06802589446306229,0.0031830943189561367,0.07120898365974426
kin8nm,dune_bayes,741,0.07641977816820145,0.0034500539768487215,0.0798698365688324
kin8nm,dune_bayes,742,0.04415499046444893,0.002845078706741333,0.04700006917119026
kin8nm,dune_bayes,743,0.05232846364378929,0.003735432866960764,0.05606389790773392
kin8nm,dune_bayes,744,0.06054249033331871,0.0037912523839622736,0.06433374434709549
kin8nm,dune_bayes,745,0.04224035516381264,0.0036949359346181154,0.04593529552221298
kin8nm,dune_bayes,746,0.0592750683426857,0.003840504912659526,0.06311557441949844
kin8nm,dune_bayes,747,0.03384017571806908,0.0030340359080582857,0.036874208599328995
kin8nm,dune_bayes,748,0.034461598843336105,0.0029371026903390884,0.03739870339632034
kin8nm,dune_bayes,749,0.05246678367257118,0.002955346368253231,0.05542212724685669
kin8nm,dune_bayes,750,0.03805069625377655,0.0037148152478039265,0.04176551476120949
kin8nm,dune_bayes,751,0.035242997109889984,0.0030258840415626764,0.038268882781267166
kin8nm,dune_bayes,752,0.05790727213025093,0.0027882508002221584,0.060695525258779526
kin8nm,dune_bayes,753,0.04297531768679619,0.0025223742704838514,0.04549768939614296
kin8nm,dune_bayes,754,0.050207771360874176,0.0033305019605904818,0.05353827029466629
kin8nm,dune_bayes,755,0.04392343759536743,0.0029500226955860853,0.04687345772981644
kin8nm,dune_bayes,756,0.053166523575782776,0.0035927279386669397,0.05675924941897392
kin8nm,dune_bayes,757,0.04040555655956268,0.003470644587650895,0.04387620463967323
kin8nm,dune_bayes,758,0.05536360293626785,0.003910303581506014,0.05927390605211258
kin8nm,dune_bayes,759,0.046035025268793106,0.0030924060847610235,0.049127429723739624
kin8nm,dune_bayes,760,0.05355947092175484,0.004100235644727945,0.057659707963466644
kin8nm,dune_bayes,761,0.039371129125356674,0.0034277925733476877,0.04279892146587372
kin8nm,dune_bayes,762,0.042392779141664505,0.00304789119400084,0.0454406701028347
kin8nm,dune_bayes,763,0.0661633238196373,0.00411513214930892,0.07027845829725266
kin8nm,dune_bayes,764,0.04029392451047897,0.003474524710327387,0.04376845061779022
kin8nm,dune_bayes,765,0.035342101007699966,0.0028309007175266743,0.038172997534275055
kin8nm,dune_bayes,766,0.06030711159110069,0.0036300693172961473,0.06393717974424362
kin8nm,dune_bayes,767,0.06686878949403763,0.004161816090345383,0.07103060185909271
kin8nm,dune_bayes,768,0.04181259498000145,0.0033489263150840998,0.045161519199609756
kin8nm,dune_bayes,769,0.04949617385864258,0.00274166208691895,0.05223783850669861
kin8nm,dune_bayes,770,0.057687390595674515,0.0027368650771677494,0.060424257069826126
kin8nm,dune_bayes,771,0.06845858693122864,0.0035682290326803923,0.0720268189907074
kin8nm,dune_bayes,772,0.04322753846645355,0.0040197828784585,0.04724732041358948
kin8nm,dune_bayes,773,0.056026872247457504,0.0044803018681705,0.06050717458128929
kin8nm,dune_bayes,774,0.06532523036003113,0.0035087168216705322,0.06883394718170166
kin8nm,dune_bayes,775,0.04007970541715622,0.0027927816845476627,0.042872484773397446
kin8nm,dune_bayes,776,0.03924863040447235,0.003481894265860319,0.04273052513599396
kin8nm,dune_bayes,777,0.04168957844376564,0.00333384913392365,0.04502342268824577
kin8nm,dune_bayes,778,0.05150596424937248,0.003963671158999205,0.055469632148742676
kin8nm,dune_bayes,779,0.03278828784823418,0.0027763028629124165,0.035564593970775604
kin8nm,dune_bayes,780,0.03774977847933769,0.0034249299205839634,0.04117470607161522
kin8nm,dune_bayes,781,0.06485133618116379,0.0036604320630431175,0.06851176917552948
kin8nm,dune_bayes,782,0.03581327199935913,0.0039058057591319084,0.039719078689813614
kin8nm,dune_bayes,783,0.038271594792604446,0.004897593054920435,0.043169185519218445
kin8nm,dune_bayes,784,0.04360584542155266,0.0028770496137440205,0.04648289456963539
kin8nm,dune_bayes,785,0.07197943329811096,0.0038773000705987215,0.07585673779249191
kin8nm,dune_bayes,786,0.05627865344285965,0.0036168338265269995,0.05989548936486244
kin8nm,dune_bayes,787,0.058750130236148834,0.004011732526123524,0.06276186555624008
kin8nm,dune_bayes,788,0.050367847084999084,0.004006173927336931,0.05437402054667473
kin8nm,dune_bayes,789,0.053320854902267456,0.0024266785476356745,0.055747535079717636
kin8nm,dune_bayes,790,0.05425546318292618,0.003059777896851301,0.057315241545438766
kin8nm,dune_bayes,791,0.03422367200255394,0.002849682467058301,0.03707335516810417
kin8nm,dune_bayes,792,0.04447067528963089,0.003814918687567115,0.0482855923473835
kin8nm,dune_bayes,793,0.03636223450303078,0.0033143735490739346,0.03967661038041115
kin8nm,dune_bayes,794,0.05421750992536545,0.004090372007340193,0.05830788239836693
kin8nm,dune_bayes,795,0.04783390462398529,0.00275141722522676,0.050585322082042694
kin8nm,dune_bayes,796,0.05401882156729698,0.0034454904962331057,0.05746431276202202
kin8nm,dune_bayes,797,0.0458172932267189,0.003362077521160245,0.04917937144637108
kin8nm,dune_bayes,798,0.035212524235248566,0.0027647847309708595,0.03797731176018715
kin8nm,dune_bayes,799,0.041700657457113266,0.0032579218968749046,0.044958580285310745
kin8nm,dune_bayes,800,0.053520090878009796,0.0032152647618204355,0.056735359132289886
kin8nm,dune_bayes,801,0.03931412473320961,0.002913529286161065,0.04222765564918518
kin8nm,dune_bayes,802,0.02982090413570404,0.0027069852221757174,0.03252789005637169
kin8nm,dune_bayes,803,0.040203757584095,0.003781575709581375,0.04398532956838608
kin8nm,dune_bayes,804,0.041085489094257355,0.003136545652523637,0.04422203451395035
kin8nm,dune_bayes,805,0.061331551522016525,0.00328235886991024,0.06461390852928162
kin8nm,dune_bayes,806,0.04176084324717522,0.0029332467820495367,0.04469408839941025
kin8nm,dune_bayes,807,0.04556724429130554,0.003325352445244789,0.04889259487390518
kin8nm,dune_bayes,808,0.0620662197470665,0.003364083357155323,0.06543030589818954
kin8nm,dune_bayes,809,0.051147714257240295,0.003971991129219532,0.05511970445513725
kin8nm,dune_bayes,810,0.0404382161796093,0.0033648130483925343,0.043803032487630844
kin8nm,dune_bayes,811,0.04528898373246193,0.0035656020045280457,0.04885458946228027
kin8nm,dune_bayes,812,0.041878849267959595,0.002447208622470498,0.0443260595202446
kin8nm,dune_bayes,813,0.03579946979880333,0.0035495806951075792,0.03934905305504799
kin8nm,dune_bayes,814,0.03585514426231384,0.004211161285638809,0.04006630554795265
kin8nm,dune_bayes,815,0.06191365048289299,0.0027979575097560883,0.06471160799264908
kin8nm,dune_bayes,816,0.04243775084614754,0.0030683933291584253,0.04550614580512047
kin8nm,dune_bayes,817,0.0372295081615448,0.0028531053103506565,0.04008261114358902
kin8nm,dune_bayes,818,0.05616950988769531,0.0038153997156769037,0.05998490750789642
kin8nm,dune_bayes,819,0.07463369518518448,0.003712293691933155,0.07834598422050476
kin8nm,dune_bayes,820,0.05851168558001518,0.003393415128812194,0.06190509721636772
kin8nm,dune_bayes,821,0.03294670581817627,0.0033751402515918016,0.03632184490561485
kin8nm,dune_bayes,822,0.044222403317689896,0.0023958112578839064,0.04661821573972702
kin8nm,dune_bayes,823,0.0443650484085083,0.0037591406144201756,0.04812418669462204
kin8nm,dune_bayes,824,0.05877121165394783,0.0030059069395065308,0.06177711486816406
kin8nm,dune_bayes,825,0.06412087380886078,0.003326697973534465,0.06744757294654846
kin8nm,dune_bayes,826,0.033787794411182404,0.003645774908363819,0.03743356838822365
kin8nm,dune_bayes,827,0.041596438735723495,0.004423300735652447,0.04601974040269852
kin8nm,dune_bayes,828,0.043004751205444336,0.002664563711732626,0.0456693172454834
kin8nm,dune_bayes,829,0.04041296988725662,0.0030590458773076534,0.043472014367580414
kin8nm,dune_bayes,830,0.052827250212430954,0.004477461334317923,0.057304710149765015
kin8nm,dune_bayes,831,0.07148416340351105,0.003215482458472252,0.07469964772462845
kin8nm,dune_bayes,832,0.06335370987653732,0.0040398286655545235,0.06739354133605957
kin8nm,dune_bayes,833,0.03425322100520134,0.0032499388325959444,0.03750315681099892
kin8nm,dune_bayes,834,0.03742310404777527,0.0038275683764368296,0.04125067591667175
kin8nm,dune_bayes,835,0.039581071585416794,0.0026672175154089928,0.04224829003214836
kin8nm,dune_bayes,836,0.03486962243914604,0.0031126930844038725,0.03798231482505798
kin8nm,dune_bayes,837,0.05625937134027481,0.0029962570406496525,0.05925562605261803
kin8nm,dune_bayes,838,0.029856860637664795,0.003225840860977769,0.03308270126581192
kin8nm,dune_bayes,839,0.04234834387898445,0.0029864097014069557,0.04533475264906883
kin8nm,dune_bayes,840,0.03622853010892868,0.002927249064669013,0.03915577754378319
kin8nm,dune_bayes,841,0.05344277620315552,0.0026527349837124348,0.056095510721206665
kin8nm,dune_bayes,842,0.03578120470046997,0.003956889268010855,0.03973809629678726
kin8nm,dune_bayes,843,0.039627209305763245,0.0028157185297459364,0.0424429289996624
kin8nm,dune_bayes,844,0.030048921704292297,0.0035647687036544085,0.03361368924379349
kin8nm,dune_bayes,845,0.039656512439250946,0.0034472367260605097,0.04310375079512596
kin8nm,dune_bayes,846,0.04084077477455139,0.0033039515838027,0.04414472356438637
kin8nm,dune_bayes,847,0.06831466406583786,0.0033984638284891844,0.07171312719583511
kin8nm,dune_bayes,848,0.05417430028319359,0.0031749189365655184,0.05734921991825104
kin8nm,dune_bayes,849,0.0457032173871994,0.0021170233376324177,0.04782024398446083
kin8nm,dune_bayes,850,0.03020247258245945,0.003557046176865697,0.03375951945781708
kin8nm,dune_bayes,851,0.058634109795093536,0.0030253089498728514,0.06165941804647446
kin8nm,dune_bayes,852,0.047698214650154114,0.00354240695014596,0.051240622997283936
kin8nm,dune_bayes,853,0.049943141639232635,0.003247471060603857,0.05319061502814293
kin8nm,dune_bayes,854,0.06007425859570503,0.0030609893146902323,0.06313525140285492
kin8nm,dune_bayes,855,0.05716920644044876,0.002635583281517029,0.05980478972196579
kin8nm,dune_bayes,856,0.08072223514318466,0.00326292822137475,0.08398516476154327
kin8nm,dune_bayes,857,0.05719226971268654,0.0029626358300447464,0.060154903680086136
kin8nm,dune_bayes,858,0.07040280103683472,0.004137928131967783,0.07454072684049606
kin8nm,dune_bayes,859,0.05557428300380707,0.003871934488415718,0.05944621562957764
kin8nm,dune_bayes,860,0.0832972377538681,0.0038551061879843473,0.08715234696865082
kin8nm,dune_bayes,861,0.06346193701028824,0.0032807921525090933,0.06674273312091827
kin8nm,dune_bayes,862,0.0661301389336586,0.0037818821147084236,0.06991202384233475
kin8nm,dune_bayes,863,0.04657087102532387,0.0024233805015683174,0.04899425059556961
kin8nm,dune_bayes,864,0.03233742713928223,0.0028625130653381348,0.03519994020462036
kin8nm,dune_bayes,865,0.04081988334655762,0.003277551382780075,0.04409743472933769
kin8nm,dune_bayes,866,0.03622165694832802,0.003502761712297797,0.03972442075610161
kin8nm,dune_bayes,867,0.04116148501634598,0.0032157714013010263,0.04437725618481636
kin8nm,dune_bayes,868,0.04851500689983368,0.0035226759500801563,0.05203768238425255
kin8nm,dune_bayes,869,0.05866118520498276,0.002379822311922908,0.061041004955768585
kin8nm,dune_bayes,870,0.040227413177490234,0.0025082894135266542,0.04273570328950882
kin8nm,dune_bayes,871,0.03165581449866295,0.0032997550442814827,0.03495556861162186
kin8nm,dune_bayes,872,0.04665840417146683,0.003046028083190322,0.04970443248748779
kin8nm,dune_bayes,873,0.041041940450668335,0.0028671210166066885,0.04390906170010567
kin8nm,dune_bayes,874,0.053654782474040985,0.0031929961405694485,0.05684778094291687
kin8nm,dune_bayes,875,0.0533796101808548,0.0039009228348731995,0.057280533015728
kin8nm,dune_bayes,876,0.06603739410638809,0.0033722349908202887,0.06940963119268417
kin8nm,dune_bayes,877,0.08150671422481537,0.0033905748277902603,0.08489729464054108
kin8nm,dune_bayes,878,0.055278509855270386,0.0029915154445916414,0.05827002599835396
kin8nm,dune_bayes,879,0.044840067625045776,0.003974246326833963,0.0488143153488636
kin8nm,dune_bayes,880,0.03474578261375427,0.003009182633832097,0.03775496780872345
kin8nm,dune_bayes,881,0.03849855437874794,0.00206449325196445,0.04056304693222046
kin8nm,dune_bayes,882,0.0619032122194767,0.003809588495641947,0.06571280211210251
kin8nm,dune_bayes,883,0.04066980257630348,0.00285445642657578,0.04352426156401634
kin8nm,dune_bayes,884,0.04746045917272568,0.004481406416743994,0.05194186419248581
kin8nm,dune_bayes,885,0.03990814462304115,0.0028802487067878246,0.042788393795490265
kin8nm,dune_bayes,886,0.056068070232868195,0.0031030147802084684,0.05917108431458473
kin8nm,dune_bayes,887,0.04766642302274704,0.003710739081725478,0.05137716233730316
kin8nm,dune_bayes,888,0.03598456084728241,0.0028306322637945414,0.03881519287824631
kin8nm,dune_bayes,889,0.0326361358165741,0.004341644234955311,0.03697777912020683
kin8nm,dune_bayes,890,0.05685598775744438,0.0025204832199960947,0.05937647446990013
kin8nm,dune_bayes,891,0.0512775294482708,0.0034343262668699026,0.054711852222681046
kin8nm,dune_bayes,892,0.047781240195035934,0.003872112138196826,0.05165335163474083
kin8nm,dune_bayes,893,0.043151743710041046,0.003704712726175785,0.04685645550489426
kin8nm,dune_bayes,894,0.0431610532104969,0.0023185170721262693,0.04547957330942154
kin8nm,dune_bayes,895,0.04094725474715233,0.0029113164637237787,0.04385857284069061
kin8nm,dune_bayes,896,0.05161371827125549,0.0028412940446287394,0.05445501208305359
kin8nm,dune_bayes,897,0.04143665358424187,0.0025495998561382294,0.0439862497150898
kin8nm,dune_bayes,898,0.045554883778095245,0.0024855162482708693,0.04804040119051933
kin8nm,dune_bayes,899,0.04284851625561714,0.003738706698641181,0.04658722132444382
kin8nm,dune_bayes,900,0.04176263138651848,0.003017539856955409,0.044780172407627106
kin8nm,dune_bayes,901,0.03334197402000427,0.003950008191168308,0.037291981279850006
kin8nm,dune_bayes,902,0.06345566362142563,0.0035880734212696552,0.067043736577034
kin8nm,dune_bayes,903,0.06690909713506699,0.003492440562695265,0.07040153443813324
kin8nm,dune_bayes,904,0.06606491655111313,0.0028789883945137262,0.06894390285015106
kin8nm,dune_bayes,905,0.04746471345424652,0.002198748290538788,0.04966345801949501
kin8nm,dune_bayes,906,0.045227717608213425,0.00370037741959095,0.048928096890449524
kin8nm,dune_bayes,907,0.05405280739068985,0.001943476963788271,0.05599628761410713
kin8nm,dune_bayes,908,0.07240387052297592,0.0034542379435151815,0.07585810869932175
kin8nm,dune_bayes,909,0.04821379855275154,0.004240186419337988,0.05245398357510567
kin8nm,dune_bayes,910,0.04498589038848877,0.0031651442404836416,0.048151034861803055
kin8nm,dune_bayes,911,0.04685381427407265,0.002872555749490857,0.049726370722055435
kin8nm,dune_bayes,912,0.03557280823588371,0.004151482600718737,0.039724286645650864
kin8nm,dune_bayes,913,0.06004693731665611,0.003459217492491007,0.06350615620613098
kin8nm,dune_bayes,914,0.04107316955924034,0.002722308272495866,0.04379547759890556
kin8nm,dune_bayes,915,0.030427301302552223,0.004337591584771872,0.03476489335298538
kin8nm,dune_bayes,916,0.03375914692878723,0.0035311998799443245,0.03729034587740898
kin8nm,dune_bayes,917,0.040533632040023804,0.0034160681534558535,0.04394969716668129
kin8nm,dune_bayes,918,0.04248479753732681,0.002698758151382208,0.04518355429172516
kin8nm,dune_bayes,919,0.036418065428733826,0.003014334011822939,0.03943239897489548
kin8nm,dune_bayes,920,0.05708726495504379,0.003907122649252415,0.06099438667297363
kin8nm,dune_bayes,921,0.03305723890662193,0.0026498374063521624,0.03570707514882088
kin8nm,dune_bayes,922,0.0565088614821434,0.004009364638477564,0.060518231242895126
kin8nm,dune_bayes,923,0.05236338824033737,0.003948679193854332,0.056312065571546555
kin8nm,dune_bayes,924,0.04224538058042526,0.003485144581645727,0.045730527490377426
kin8nm,dune_bayes,925,0.05833810940384865,0.0026980966795235872,0.06103620305657387
kin8nm,dune_bayes,926,0.04622392728924751,0.0031911807600408792,0.04941510781645775
kin8nm,dune_bayes,927,0.047480273991823196,0.004381311591714621,0.051861587911844254
kin8nm,dune_bayes,928,0.034668974578380585,0.0035264643374830484,0.03819543495774269
kin8nm,dune_bayes,929,0.0351020023226738,0.002428897889330983,0.03753090277314186
kin8nm,dune_bayes,930,0.04654964432120323,0.003187913913279772,0.049737561494112015
kin8nm,dune_bayes,931,0.052740488201379776,0.0036414526402950287,0.056381940841674805
kin8nm,dune_bayes,932,0.048829879611730576,0.0034816402476280928,0.05231152102351189
kin8nm,dune_bayes,933,0.0550590455532074,0.0033480264246463776,0.05840706825256348
kin8nm,dune_bayes,934,0.03392377868294716,0.003495421027764678,0.03741919994354248
kin8nm,dune_bayes,935,0.03828144818544388,0.003439730266109109,0.04172118008136749
kin8nm,dune_bayes,936,0.06641698628664017,0.003953429404646158,0.07037042081356049
kin8nm,dune_bayes,937,0.0642092227935791,0.00330040673725307,0.06750962883234024
kin8nm,dune_bayes,938,0.05478522181510925,0.0037081106565892696,0.05849333480000496
kin8nm,dune_bayes,939,0.07643027603626251,0.0030539697036147118,0.0794842466711998
kin8nm,dune_bayes,940,0.04605511575937271,0.0025490436237305403,0.04860416054725647
kin8nm,dune_bayes,941,0.04042968526482582,0.0037233394104987383,0.04415302351117134
kin8nm,dune_bayes,942,0.047498613595962524,0.0036655315198004246,0.05116414278745651
kin8nm,dune_bayes,943,0.04177921265363693,0.003234188538044691,0.04501339793205261
kin8nm,dune_bayes,944,0.05163729190826416,0.003970836754888296,0.055608127266168594
kin8nm,dune_bayes,945,0.03700955584645271,0.002777809975668788,0.03978736698627472
kin8nm,dune_bayes,946,0.045404087752103806,0.003108847187831998,0.048512931913137436
kin8nm,dune_bayes,947,0.04542404040694237,0.003966321237385273,0.049390360713005066
kin8nm,dune_bayes,948,0.05268002301454544,0.0036778668873012066,0.056357886642217636
kin8nm,dune_bayes,949,0.043822482228279114,0.003377387532964349,0.04719987139105797
kin8nm,dune_bayes,950,0.05006488412618637,0.003420299617573619,0.05348518490791321
kin8nm,dune_bayes,951,0.053644124418497086,0.0029037639033049345,0.05654788762331009
kin8nm,dune_bayes,952,0.06473414599895477,0.003400348825380206,0.06813449412584305
kin8nm,dune_bayes,953,0.03726731240749359,0.0039215413853526115,0.04118885099887848
kin8nm,dune_bayes,954,0.05080242455005646,0.0030082245357334614,0.05381064862012863
kin8nm,dune_bayes,955,0.034576166421175,0.0039034346118569374,0.038479603826999664
kin8nm,dune_bayes,956,0.04308305308222771,0.0027544740587472916,0.04583752527832985
kin8nm,dune_bayes,957,0.041552770882844925,0.0034913497511297464,0.04504412040114403
kin8nm,dune_bayes,958,0.03594372421503067,0.0040700617246329784,0.040013786405324936
kin8nm,dune_bayes,959,0.03818914666771889,0.002419121330603957,0.04060826823115349
kin8nm,dune_bayes,960,0.061797332018613815,0.003951979801058769,0.06574930995702744
kin8nm,dune_bayes,961,0.07996250689029694,0.004470702726393938,0.08443322032690048
kin8nm,dune_bayes,962,0.04079122096300125,0.0018953345715999603,0.04268655553460121
kin8nm,dune_bayes,963,0.047847867012023926,0.001797132077626884,0.04964499920606613
kin8nm,dune_bayes,964,0.05407985672354698,0.0025523940566927195,0.05663225054740906
kin8nm,dune_bayes,965,0.06057530641555786,0.003523262683302164,0.06409856677055359
kin8nm,dune_bayes,966,0.05265557020902634,0.0024931947700679302,0.055148765444755554
kin8nm,dune_bayes,967,0.060781847685575485,0.003706918330863118,0.06448876857757568
kin8nm,dune_bayes,968,0.06430178880691528,0.0026436650659888983,0.06694545596837997
kin8nm,dune_bayes,969,0.04131314530968666,0.00415624538436532,0.045469388365745544
kin8nm,dune_bayes,970,0.03978565335273743,0.003152121789753437,0.04293777421116829
kin8nm,dune_bayes,971,0.06694836169481277,0.004050719551742077,0.07099907845258713
kin8nm,dune_bayes,972,0.05748661607503891,0.00481279706582427,0.06229941174387932
kin8nm,dune_bayes,973,0.059487078338861465,0.002570988843217492,0.062058065086603165
kin8nm,dune_bayes,974,0.04301415756344795,0.003600126365199685,0.04661428555846214
kin8nm,dune_bayes,975,0.04579285532236099,0.002456261543557048,0.04824911803007126
kin8nm,dune_bayes,976,0.06681724637746811,0.002215529093518853,0.06903278082609177
kin8nm,dune_bayes,977,0.04873623326420784,0.003104002447798848,0.05184023827314377
kin8nm,dune_bayes,978,0.04209301620721817,0.0031046418007463217,0.045197658240795135
kin8nm,dune_bayes,979,0.048205841332674026,0.0017148214392364025,0.04992065951228142
kin8nm,dune_bayes,980,0.03387581929564476,0.0034229736775159836,0.03729879483580589
kin8nm,dune_bayes,981,0.0289233960211277,0.0038716886192560196,0.03279508650302887
kin8nm,dune_bayes,982,0.07777583599090576,0.004259686451405287,0.08203551918268204
kin8nm,dune_bayes,983,0.05092707276344299,0.0019506443059071898,0.05287771672010422
kin8nm,dune_bayes,984,0.052576079964637756,0.0037604395765811205,0.05633651837706566
kin8nm,dune_bayes,985,0.03666284680366516,0.0021978700533509254,0.03886071592569351
kin8nm,dune_bayes,986,0.05179226025938988,0.0026796991005539894,0.05447196215391159
kin8nm,dune_bayes,987,0.06094548851251602,0.0036161739844828844,0.06456165760755539
kin8nm,dune_bayes,988,0.04836486279964447,0.003938440699130297,0.05230330675840378
kin8nm,dune_bayes,989,0.0359824076294899,0.0026184723246842623,0.03860088065266609
kin8nm,dune_bayes,990,0.07230132818222046,0.004300795029848814,0.07660212367773056
kin8nm,dune_bayes,991,0.05051928386092186,0.003006602870300412,0.053525883704423904
kin8nm,dune_bayes,992,0.03144805505871773,0.0037934042047709227,0.03524145856499672
kin8nm,dune_bayes,993,0.042688701301813126,0.0022687315940856934,0.04495742917060852
kin8nm,dune_bayes,994,0.047912850975990295,0.0023673817049711943,0.05028023198246956
kin8nm,dune_bayes,995,0.04623037576675415,0.003978793974965811,0.0502091683447361
kin8nm,dune_bayes,996,0.04544302448630333,0.0020826554391533136,0.04752568155527115
kin8nm,dune_bayes,997,0.046796754002571106,0.003416472813114524,0.050213225185871124
kin8nm,dune_bayes,998,0.05919714644551277,0.0026005206163972616,0.06179766729474068
kin8nm,dune_bayes,999,0.06923102587461472,0.004101771395653486,0.07333280146121979
kin8nm,dune_bayes,1000,0.06051751226186752,0.0029273468535393476,0.06344486027956009
kin8nm,dune_bayes,1001,0.05311081185936928,0.0028284392319619656,0.05593925341963768
kin8nm,dune_bayes,1002,0.03565124794840813,0.003423969494178891,0.03907521814107895
kin8nm,dune_bayes,1003,0.038105759769678116,0.003117105457931757,0.041222866624593735
kin8nm,dune_bayes,1004,0.03184531256556511,0.003340635448694229,0.03518594801425934
kin8nm,dune_bayes,1005,0.06526468694210052,0.002796798711642623,0.0680614784359932
kin8nm,dune_bayes,1006,0.05747370421886444,0.004454064182937145,0.06192776933312416
kin8nm,dune_bayes,1007,0.04347856342792511,0.0033677394967526197,0.04684630036354065
kin8nm,dune_bayes,1008,0.04122469946742058,0.0028689212631434202,0.04409362003207207
kin8nm,dune_bayes,1009,0.06415805220603943,0.0034503601491451263,0.06760841608047485
kin8nm,dune_bayes,1010,0.05837766453623772,0.003139579901471734,0.061517246067523956
kin8nm,dune_bayes,1011,0.03806155547499657,0.0028323419392108917,0.04089389741420746
kin8nm,dune_bayes,1012,0.057683542370796204,0.0031642073299735785,0.060847751796245575
kin8nm,dune_bayes,1013,0.035650789737701416,0.0033872020430862904,0.03903799131512642
kin8nm,dune_bayes,1014,0.053203705698251724,0.0022575990296900272,0.05546130612492561
kin8nm,dune_bayes,1015,0.05439770594239235,0.0026791843120008707,0.057076893746852875
kin8nm,dune_bayes,1016,0.05391231179237366,0.0040870229713618755,0.05799933522939682
kin8nm,dune_bayes,1017,0.04988851025700569,0.002959425328299403,0.05284793674945831
kin8nm,dune_bayes,1018,0.05687281861901283,0.004362527281045914,0.061235345900058746
kin8nm,dune_bayes,1019,0.04073427990078926,0.002768829697743058,0.043503109365701675
kin8nm,dune_bayes,1020,0.055335912853479385,0.0028273577336221933,0.058163270354270935
kin8nm,dune_bayes,1021,0.04311953857541084,0.003503941697999835,0.04662347957491875
kin8nm,dune_bayes,1022,0.051538802683353424,0.002275825710967183,0.05381462723016739
kin8nm,dune_bayes,1023,0.04280249774456024,0.003725931281223893,0.04652842879295349
kin8nm,dune_bayes,1024,0.07150369137525558,0.0036565614864230156,0.07516025751829147
kin8nm,dune_bayes,1025,0.048222847282886505,0.0022895876318216324,0.05051243305206299
kin8nm,dune_bayes,1026,0.0352812260389328,0.003108867211267352,0.03839009255170822
kin8nm,dune_bayes,1027,0.06088140979409218,0.003601012984290719,0.0644824206829071
kin8nm,dune_bayes,1028,0.0387946292757988,0.003530360059812665,0.042324990034103394
kin8nm,dune_bayes,1029,0.06083853915333748,0.004229486919939518,0.06506802141666412
kin8nm,dune_bayes,1030,0.03729721158742905,0.0028038180898875,0.040101032704114914
kin8nm,dune_bayes,1031,0.06560701876878738,0.002945109037682414,0.06855212897062302
kin8nm,dune_bayes,1032,0.0478847473859787,0.00369515479542315,0.051579900085926056
kin8nm,dune_bayes,1033,0.0466921366751194,0.0034364857710897923,0.050128623843193054
kin8nm,dune_bayes,1034,0.06207654997706413,0.0038970541208982468,0.06597360223531723
kin8nm,dune_bayes,1035,0.040360353887081146,0.003196986857801676,0.043557342141866684
kin8nm,dune_bayes,1036,0.05120036378502846,0.0030725060496479273,0.05427286773920059
kin8nm,dune_bayes,1037,0.05573207885026932,0.003353521693497896,0.059085603803396225
kin8nm,dune_bayes,1038,0.04116786643862724,0.003960307687520981,0.045128174126148224
kin8nm,dune_bayes,1039,0.044478293508291245,0.0032613479997962713,0.04773963987827301
kin8nm,dune_bayes,1040,0.06930491328239441,0.0033291338477283716,0.07263404875993729
kin8nm,dune_bayes,1041,0.043182358145713806,0.003999741282314062,0.047182101756334305
kin8nm,dune_bayes,1042,0.06752678751945496,0.004546347539871931,0.07207313925027847
kin8nm,dune_bayes,1043,0.05445485934615135,0.0024942022282630205,0.05694906413555145
kin8nm,dune_bayes,1044,0.05879686400294304,0.00401255814358592,0.06280942261219025
kin8nm,dune_bayes,1045,0.06386357545852661,0.0028024145867675543,0.06666599214076996
kin8nm,dune_bayes,1046,0.04148535057902336,0.003585635917261243,0.045070987194776535
kin8nm,dune_bayes,1047,0.06741613149642944,0.00341791776008904,0.07083404809236526
kin8nm,dune_bayes,1048,0.03156346455216408,0.003580597462132573,0.03514406457543373
kin8nm,dune_bayes,1049,0.05472465232014656,0.003488816786557436,0.05821346864104271
kin8nm,dune_bayes,1050,0.05878229811787605,0.003175756661221385,0.061958055943250656
kin8nm,dune_bayes,1051,0.03762693703174591,0.003795278025791049,0.04142221808433533
kin8nm,dune_bayes,1052,0.06249847635626793,0.003031462896615267,0.06552994251251221
kin8nm,dune_bayes,1053,0.028922177851200104,0.00405954709276557,0.03298172354698181
kin8nm,dune_bayes,1054,0.03730602189898491,0.0027615411672741175,0.04006756469607353
kin8nm,dune_bayes,1055,0.03841082379221916,0.0031166961416602135,0.04152751713991165
kin8nm,dune_bayes,1056,0.03563913702964783,0.003190388437360525,0.03882952779531479
kin8nm,dune_bayes,1057,0.04567256569862366,0.003418354317545891,0.0490909218788147
kin8nm,dune_bayes,1058,0.045816898345947266,0.002862329361960292,0.04867922514677048
kin8nm,dune_bayes,1059,0.04381639137864113,0.0029684880282729864,0.04678488150238991
kin8nm,dune_bayes,1060,0.04091189056634903,0.0030198143795132637,0.04393170028924942
kin8nm,dune_bayes,1061,0.05803685635328293,0.003032331820577383,0.06106918677687645
kin8nm,dune_bayes,1062,0.03731779381632805,0.003082763869315386,0.04040055721998215
kin8nm,dune_bayes,1063,0.03928956016898155,0.0033694393932819366,0.04265899956226349
kin8nm,dune_bayes,1064,0.05503564700484276,0.002571127377450466,0.0576067753136158
kin8nm,dune_bayes,1065,0.04899769648909569,0.004097028635442257,0.05309472233057022
kin8nm,dune_bayes,1066,0.06070007383823395,0.003304725745692849,0.0640048012137413
kin8nm,dune_bayes,1067,0.05248057842254639,0.002848804695531726,0.05532938614487648
kin8nm,dune_bayes,1068,0.07093953341245651,0.0033956600818783045,0.07433519512414932
kin8nm,dune_bayes,1069,0.04251967743039131,0.002757661510258913,0.045277342200279236
kin8nm,dune_bayes,1070,0.07258694618940353,0.004089336842298508,0.07667628675699234
kin8nm,dune_bayes,1071,0.031164681538939476,0.002665972337126732,0.03383065387606621
kin8nm,dune_bayes,1072,0.051133278757333755,0.0035815099254250526,0.054714787751436234
kin8nm,dune_bayes,1073,0.037153176963329315,0.0038427256513386965,0.040995899587869644
kin8nm,dune_bayes,1074,0.03731733188033104,0.003678821725770831,0.04099615290760994
kin8nm,dune_bayes,1075,0.05346451699733734,0.002796874614432454,0.056261394172906876
kin8nm,dune_bayes,1076,0.0647134929895401,0.0032448882702738047,0.06795837730169296
kin8nm,dune_bayes,1077,0.03851039707660675,0.0020292759872972965,0.04053967446088791
kin8nm,dune_bayes,1078,0.07065702974796295,0.0035976876970380545,0.07425471395254135
kin8nm,dune_bayes,1079,0.055272217839956284,0.0028027889784425497,0.05807500705122948
kin8nm,dune_bayes,1080,0.07611997425556183,0.004760496784001589,0.08088047057390213
kin8nm,dune_bayes,1081,0.04613230749964714,0.0035224438179284334,0.049654752016067505
kin8nm,dune_bayes,1082,0.05560016632080078,0.0037660570815205574,0.059366222470998764
kin8nm,dune_bayes,1083,0.05355236679315567,0.0025780738797038794,0.056130439043045044
kin8nm,dune_bayes,1084,0.04915522411465645,0.0029642826411873102,0.052119504660367966
kin8nm,dune_bayes,1085,0.03382240980863571,0.0036431318148970604,0.03746554255485535
kin8nm,dune_bayes,1086,0.07817187160253525,0.0042738174088299274,0.08244568109512329
kin8nm,dune_bayes,1087,0.042970359325408936,0.004355997312813997,0.047326356172561646
kin8nm,dune_bayes,1088,0.046327535063028336,0.0031797299161553383,0.0495072640478611
kin8nm,dune_bayes,1089,0.07319170981645584,0.0035848799161612988,0.07677659392356873
kin8nm,dune_bayes,1090,0.04408026486635208,0.0032642949372529984,0.04734455794095993
kin8nm,dune_bayes,1091,0.040168095380067825,0.004630901850759983,0.044798996299505234
kin8nm,dune_bayes,1092,0.054145488888025284,0.0039825234562158585,0.05812801420688629
kin8nm,dune_bayes,1093,0.03413252905011177,0.0029724258929491043,0.037104956805706024
kin8nm,dune_bayes,1094,0.05763112008571625,0.003993915859609842,0.06162503734230995
kin8nm,dune_bayes,1095,0.04046747460961342,0.003073203843086958,0.043540678918361664
kin8nm,dune_bayes,1096,0.05198642984032631,0.002672411035746336,0.05465884134173393
kin8nm,dune_bayes,1097,0.0454220287501812,0.003552844049409032,0.04897487536072731
kin8nm,dune_bayes,1098,0.03997068852186203,0.0029299817979335785,0.04290067031979561
kin8nm,dune_bayes,1099,0.03710062801837921,0.0025995695032179356,0.03970019891858101
kin8nm,dune_bayes,1100,0.06858058273792267,0.004118077456951141,0.07269866019487381
kin8nm,dune_bayes,1101,0.0509844534099102,0.0030517654959112406,0.0540362223982811
kin8nm,dune_bayes,1102,0.04859708249568939,0.0032499514054507017,0.05184703320264816
kin8nm,dune_bayes,1103,0.0574701689183712,0.0025837880093604326,0.06005395948886871
kin8nm,dune_bayes,1104,0.038176365196704865,0.003083808347582817,0.04126017540693283
kin8nm,dune_bayes,1105,0.05092855915427208,0.0038867685943841934,0.05481532961130142
kin8nm,dune_bayes,1106,0.03262206166982651,0.00384134566411376,0.036463409662246704
kin8nm,dune_bayes,1107,0.038819748908281326,0.004129327367991209,0.04294907674193382
kin8nm,dune_bayes,1108,0.04813767597079277,0.002716562943533063,0.05085424333810806
kin8nm,dune_bayes,1109,0.0397898405790329,0.0023084376007318497,0.0420982800424099
kin8nm,dune_bayes,1110,0.03872310742735863,0.0021360768005251884,0.04085918515920639
kin8nm,dune_bayes,1111,0.060673173516988754,0.0027612659614533186,0.06343443691730499
kin8nm,dune_bayes,1112,0.04650713875889778,0.0029238786082714796,0.04943101853132248
kin8nm,dune_bayes,1113,0.030556639656424522,0.002817352768033743,0.03337399289011955
kin8nm,dune_bayes,1114,0.043077293783426285,0.003664785297587514,0.04674207419157028
kin8nm,dune_bayes,1115,0.05528433248400688,0.0025006525684148073,0.05778498202562332
kin8nm,dune_bayes,1116,0.038038723170757294,0.0032784673385322094,0.04131719097495079
kin8nm,dune_bayes,1117,0.05099891126155853,0.003048781305551529,0.05404769256711006
kin8nm,dune_bayes,1118,0.03989904001355171,0.0034005711786448956,0.043299611657857895
kin8nm,dune_bayes,1119,0.07508620619773865,0.004093710333108902,0.07917991280555725
kin8nm,dune_bayes,1120,0.04623060300946236,0.0025255430955439806,0.04875614494085312
kin8nm,dune_bayes,1121,0.06802577525377274,0.0039451029151678085,0.0719708800315857
kin8nm,dune_bayes,1122,0.03680756315588951,0.0038125973660498857,0.04062016308307648
kin8nm,dune_bayes,1123,0.05384049937129021,0.0021449874620884657,0.05598548799753189
kin8nm,dune_bayes,1124,0.0629354789853096,0.0033510099165141582,0.06628648936748505
kin8nm,dune_bayes,1125,0.05429406091570854,0.002520636422559619,0.05681469663977623
kin8nm,dune_bayes,1126,0.05611199885606766,0.00238489406183362,0.05849689245223999
kin8nm,dune_bayes,1127,0.05896134302020073,0.002887686714529991,0.06184903159737587
kin8nm,dune_bayes,1128,0.045100901275873184,0.0032721171155571938,0.0483730174601078
kin8nm,dune_bayes,1129,0.04261184111237526,0.0027431754861027002,0.045355018228292465
kin8nm,dune_bayes,1130,0.03549158573150635,0.0037584532983601093,0.03925003856420517
kin8nm,dune_bayes,1131,0.0536167211830616,0.0032107410952448845,0.05682746320962906
kin8nm,dune_bayes,1132,0.05063178762793541,0.003327480750158429,0.05395926907658577
kin8nm,dune_bayes,1133,0.04703411087393761,0.003688539145514369,0.050722651183605194
kin8nm,dune_bayes,1134,0.02638831175863743,0.003907122183591127,0.03029543347656727
kin8nm,dune_bayes,1135,0.032114893198013306,0.0028400192968547344,0.03495491296052933
kin8nm,dune_bayes,1136,0.028950825333595276,0.0034375761169940233,0.03238840028643608
kin8nm,dune_bayes,1137,0.02823244035243988,0.0039629386737942696,0.032195378094911575
kin8nm,dune_bayes,1138,0.046812839806079865,0.0030489377677440643,0.04986177757382393
kin8nm,dune_bayes,1139,0.038309622555971146,0.0029170389752835035,0.04122666269540787
kin8nm,dune_bayes,1140,0.06310907751321793,0.0032325892243534327,0.06634166836738586
kin8nm,dune_bayes,1141,0.04253236949443817,0.004691548179835081,0.04722391813993454
kin8nm,dune_bayes,1142,0.03510568290948868,0.0034371588844805956,0.038542840629816055
kin8nm,dune_bayes,1143,0.04306007921695709,0.0034999330528080463,0.04656001180410385
kin8nm,dune_bayes,1144,0.04692910239100456,0.003036507871001959,0.04996560886502266
kin8nm,dune_bayes,1145,0.04930810257792473,0.0027917767874896526,0.05209987983107567
kin8nm,dune_bayes,1146,0.056350018829107285,0.0032398735638707876,0.05958988890051842
kin8nm,dune_bayes,1147,0.04931263625621796,0.0027987700887024403,0.05211140587925911
kin8nm,dune_bayes,1148,0.0678783431649208,0.0029059015214443207,0.07078424096107483
kin8nm,dune_bayes,1149,0.05451138690114021,0.002177934627979994,0.056689321994781494
kin8nm,dune_bayes,1150,0.051341887563467026,0.003001329954713583,0.054343219846487045
kin8nm,dune_bayes,1151,0.0612003430724144,0.0026225936599075794,0.06382293254137039
kin8nm,dune_bayes,1152,0.04418741166591644,0.003487481502816081,0.04767489433288574
kin8nm,dune_bayes,1153,0.04176276549696922,0.0029739937745034695,0.04473675787448883
kin8nm,dune_bayes,1154,0.03896074742078781,0.003204160835593939,0.04216490685939789
kin8nm,dune_bayes,1155,0.07226257026195526,0.004086332395672798,0.07634890079498291
kin8nm,dune_bayes,1156,0.04240221157670021,0.003281456883996725,0.04568367078900337
kin8nm,dune_bayes,1157,0.05166067183017731,0.0036235488951206207,0.05528422072529793
kin8nm,dune_bayes,1158,0.051647793501615524,0.002312164753675461,0.053959961980581284
kin8nm,dune_bayes,1159,0.07265356183052063,0.003801102517172694,0.07645466178655624
kin8nm,dune_bayes,1160,0.06522735953330994,0.0031187187414616346,0.06834607571363449
kin8nm,dune_bayes,1161,0.032160140573978424,0.0025560634676367044,0.034716203808784485
kin8nm,dune_bayes,1162,0.06367911398410797,0.0036862853448837996,0.06736540049314499
kin8nm,dune_bayes,1163,0.05600808933377266,0.002298302948474884,0.05830639228224754
kin8nm,dune_bayes,1164,0.04629218950867653,0.0029584115836769342,0.04925060272216797
kin8nm,dune_bayes,1165,0.05396241322159767,0.0028494650032371283,0.056811876595020294
kin8nm,dune_bayes,1166,0.05566444620490074,0.003062537172809243,0.05872698128223419
kin8nm,dune_bayes,1167,0.055367667227983475,0.0036494573578238487,0.0590171255171299
kin8nm,dune_bayes,1168,0.040552400052547455,0.003838704898953438,0.04439110681414604
kin8nm,dune_bayes,1169,0.06613802909851074,0.0026273003313690424,0.06876532733440399
kin8nm,dune_bayes,1170,0.04978342354297638,0.0037931145634502172,0.05357653647661209
kin8nm,dune_bayes,1171,0.056797392666339874,0.003047548234462738,0.05984494090080261
kin8nm,dune_bayes,1172,0.04052107036113739,0.0032530406024307013,0.043774113059043884
kin8nm,dune_bayes,1173,0.06330347806215286,0.004406385123729706,0.06770985573530197
kin8nm,dune_bayes,1174,0.06057444587349892,0.002771900035440922,0.06334634870290756
kin8nm,dune_bayes,1175,0.050464894622564316,0.003063304116949439,0.05352819710969925
kin8nm,dune_bayes,1176,0.040725428611040115,0.003342806827276945,0.044068239629268646
kin8nm,dune_bayes,1177,0.0446552149951458,0.003724820911884308,0.048380035907030106
kin8nm,dune_bayes,1178,0.06138234958052635,0.0035007717087864876,0.06488312035799026
kin8nm,dune_bayes,1179,0.041125282645225525,0.003432026831433177,0.04455731064081192
kin8nm,dune_bayes,1180,0.049487851560115814,0.0032058507204055786,0.05269370600581169
kin8nm,dune_bayes,1181,0.05194872245192528,0.0031412194948643446,0.05508993938565254
kin8nm,dune_bayes,1182,0.06533775478601456,0.003154585137963295,0.0684923380613327
kin8nm,dune_bayes,1183,0.0683821365237236,0.0027856328524649143,0.07116776704788208
kin8nm,dune_bayes,1184,0.05151858553290367,0.0037171158473938704,0.05523569881916046
kin8nm,dune_bayes,1185,0.051574259996414185,0.0030892796348780394,0.054663535207509995
kin8nm,dune_bayes,1186,0.054609671235084534,0.0030991206876933575,0.05770879238843918
kin8nm,dune_bayes,1187,0.06706882268190384,0.004044913686811924,0.07111373543739319
kin8nm,dune_bayes,1188,0.06426337361335754,0.004495476838201284,0.06875885277986526
kin8nm,dune_bayes,1189,0.0534919835627079,0.002540750429034233,0.056032732129096985
kin8nm,dune_bayes,1190,0.045951373875141144,0.0031527066603302956,0.049104079604148865
kin8nm,dune_bayes,1191,0.06655057519674301,0.003933658357709646,0.0704842358827591
kin8nm,dune_bayes,1192,0.04503556340932846,0.0038081302773207426,0.048843689262866974
kin8nm,dune_bayes,1193,0.08328807353973389,0.004849003162235022,0.08813708275556564
kin8nm,dune_bayes,1194,0.06132667511701584,0.002867065602913499,0.0641937404870987
kin8nm,dune_bayes,1195,0.04597419872879982,0.0027000552508980036,0.04867425560951233
kin8nm,dune_bayes,1196,0.061647962778806686,0.004519214387983084,0.06616717576980591
kin8nm,dune_bayes,1197,0.03688490390777588,0.0034170830622315407,0.040301986038684845
kin8nm,dune_bayes,1198,0.043558962643146515,0.002760122297331691,0.046319082379341125
kin8nm,dune_bayes,1199,0.032030291855335236,0.0032853628508746624,0.035315655171871185
kin8nm,dune_bayes,1200,0.057354167103767395,0.0031864927150309086,0.06054065749049187
kin8nm,dune_bayes,1201,0.037148017436265945,0.0028516727034002542,0.039999689906835556
kin8nm,dune_bayes,1202,0.04000550135970116,0.0029785220976918936,0.042984019964933395
kin8nm,dune_bayes,1203,0.04509358108043671,0.0027903991285711527,0.047883979976177216
kin8nm,dune_bayes,1204,0.052686721086502075,0.0017265093047171831,0.05441323295235634
kin8nm,dune_bayes,1205,0.04776258394122124,0.0027217476163059473,0.05048432946205139
kin8nm,dune_bayes,1206,0.038043778389692307,0.0030560679733753204,0.04109984263777733
kin8nm,dune_bayes,1207,0.04363878071308136,0.0025602271780371666,0.0461990088224411
kin8nm,dune_bayes,1208,0.07342725992202759,0.0024704490788280964,0.0758977085351944
kin8nm,dune_bayes,1209,0.041443292051553726,0.0037380994763225317,0.04518138989806175
kin8nm,dune_bayes,1210,0.034398555755615234,0.00396514730527997,0.03836370259523392
kin8nm,dune_bayes,1211,0.041492052376270294,0.0026245228946208954,0.04411657154560089
kin8nm,dune_bayes,1212,0.04132393002510071,0.002752282889559865,0.044076211750507355
kin8nm,dune_bayes,1213,0.05128011852502823,0.0033318093046545982,0.0546119250357151
kin8nm,dune_bayes,1214,0.07967576384544373,0.003708419855684042,0.08338417857885361
kin8nm,dune_bayes,1215,0.04253818094730377,0.002874386729672551,0.045412566512823105
kin8nm,dune_bayes,1216,0.06333781033754349,0.0022687220480293036,0.06560653448104858
kin8nm,dune_bayes,1217,0.05744457617402077,0.002788287354633212,0.06023286655545235
kin8nm,dune_bayes,1218,0.035637155175209045,0.002427703933790326,0.0380648598074913
kin8nm,dune_bayes,1219,0.039456188678741455,0.003209373913705349,0.04266556352376938
kin8nm,dune_bayes,1220,0.059023696929216385,0.0035108563024550676,0.06253455579280853
kin8nm,dune_bayes,1221,0.043300386518239975,0.002829337725415826,0.04612972214818001
kin8nm,dune_bayes,1222,0.05778825655579567,0.0035527129657566547,0.06134096533060074
kin8nm,dune_bayes,1223,0.07856249809265137,0.003969595301896334,0.08253209292888641
kin8nm,dune_bayes,1224,0.038962479680776596,0.003121406538411975,0.04208388552069664
kin8nm,dune_bayes,1225,0.05094688758254051,0.0033293538726866245,0.0542762391269207
kin8nm,dune_bayes,1226,0.0439983569085598,0.004049095790833235,0.04804744943976402
kin8nm,dune_bayes,1227,0.03649873286485672,0.003245145780965686,0.03974388167262077
kin8nm,dune_bayes,1228,0.07326837629079819,0.0038143342826515436,0.07708270847797394
kin8nm,dune_bayes,1229,0.04980286955833435,0.003271422116085887,0.053074292838573456
kin8nm,dune_bayes,1230,0.04294421523809433,0.0044203815050423145,0.04736459627747536
kin8nm,dune_bayes,1231,0.05799756571650505,0.0026279562152922153,0.06062551960349083
kin8nm,dune_bayes,1232,0.053959157317876816,0.0024942285381257534,0.05645338445901871
kin8nm,dune_bayes,1233,0.03796357288956642,0.00192795239854604,0.039891526103019714
kin8nm,dune_bayes,1234,0.05308440327644348,0.0029979615937918425,0.05608236417174339
kin8nm,dune_bayes,1235,0.038422841578722,0.003604455618187785,0.042027298361063004
kin8nm,dune_bayes,1236,0.04772374778985977,0.004170455504208803,0.05189420282840729
kin8nm,dune_bayes,1237,0.06916220486164093,0.0033281734213232994,0.0724903792142868
kin8nm,dune_bayes,1238,0.047000765800476074,0.0039014089852571487,0.050902172923088074
kin8nm,dune_bayes,1239,0.04820379987359047,0.0031494665890932083,0.05135326460003853
kin8nm,dune_bayes,1240,0.061603840440511703,0.002536691725254059,0.06414052844047546
kin8nm,dune_bayes,1241,0.05420542508363724,0.0035870876163244247,0.05779251456260681
kin8nm,dune_bayes,1242,0.04830605536699295,0.0026140238624066114,0.05092008039355278
kin8nm,dune_bayes,1243,0.034555938094854355,0.002783483825623989,0.03733942285180092
kin8nm,dune_bayes,1244,0.06836698949337006,0.0030457433313131332,0.07141273468732834
kin8nm,dune_bayes,1245,0.03671363741159439,0.0028153276070952415,0.03952896595001221
kin8nm,dune_bayes,1246,0.04333718493580818,0.003455554833635688,0.046792738139629364
kin8nm,dune_bayes,1247,0.0366729199886322,0.0034197045024484396,0.04009262099862099
kin8nm,dune_bayes,1248,0.04811779037117958,0.004094836767762899,0.05221262574195862
kin8nm,dune_bayes,1249,0.04008723795413971,0.0023736157454550266,0.0424608550965786
kin8nm,dune_bayes,1250,0.06210543215274811,0.003083643736317754,0.06518907099962234
kin8nm,dune_bayes,1251,0.05259999260306358,0.0036769008729606867,0.05627689138054848
kin8nm,dune_bayes,1252,0.025971945375204086,0.004454413428902626,0.030426358804106712
kin8nm,dune_bayes,1253,0.056635644286870956,0.0025463493075221777,0.05918199196457863
kin8nm,dune_bayes,1254,0.050991252064704895,0.0033149435184895992,0.05430619418621063
kin8nm,dune_bayes,1255,0.07993930578231812,0.0032572830095887184,0.08319658786058426
kin8nm,dune_bayes,1256,0.06181171163916588,0.0035920259542763233,0.06540373712778091
kin8nm,dune_bayes,1257,0.04913472384214401,0.003908793441951275,0.05304351821541786
kin8nm,dune_bayes,1258,0.02678564377129078,0.004446637351065874,0.031232280656695366
kin8nm,dune_bayes,1259,0.04917551204562187,0.0029447125270962715,0.05212022364139557
kin8nm,dune_bayes,1260,0.057357218116521835,0.0032465094700455666,0.060603730380535126
kin8nm,dune_bayes,1261,0.0490497387945652,0.002684292383491993,0.05173403024673462
kin8nm,dune_bayes,1262,0.036901071667671204,0.004379464313387871,0.041280534118413925
kin8nm,dune_bayes,1263,0.03292035311460495,0.003723511006683111,0.0366438664495945
kin8nm,dune_bayes,1264,0.04124432057142258,0.0032012909650802612,0.04444561153650284
kin8nm,dune_bayes,1265,0.05122758820652962,0.0033170017413794994,0.0545445941388607
kin8nm,dune_bayes,1266,0.049206916242837906,0.00288404431194067,0.05209096148610115
kin8nm,dune_bayes,1267,0.03894040361046791,0.0041016582399606705,0.04304206371307373
kin8nm,dune_bayes,1268,0.03848390281200409,0.004979147110134363,0.043463051319122314
kin8nm,dune_bayes,1269,0.04835454002022743,0.0038907714188098907,0.05224531143903732
kin8nm,dune_bayes,1270,0.06570594757795334,0.0036751343868672848,0.06938108056783676
kin8nm,dune_bayes,1271,0.04259799048304558,0.0024516263511031866,0.04504961520433426
kin8nm,dune_bayes,1272,0.04235738143324852,0.0036328809801489115,0.04599026218056679
kin8nm,dune_bayes,1273,0.049562737345695496,0.0027778400108218193,0.05234057456254959
kin8nm,dune_bayes,1274,0.046717360615730286,0.002272556535899639,0.0489899180829525
kin8nm,dune_bayes,1275,0.04125892370939255,0.0035376562736928463,0.04479657858610153
kin8nm,dune_bayes,1276,0.0514855831861496,0.0033819503150880337,0.05486753210425377
kin8nm,dune_bayes,1277,0.04926462098956108,0.004996068775653839,0.05426068976521492
kin8nm,dune_bayes,1278,0.04860825464129448,0.0028582587838172913,0.05146651715040207
kin8nm,dune_bayes,1279,0.06473515182733536,0.003409876488149166,0.0681450217962265
kin8nm,dune_bayes,1280,0.04229741916060448,0.0026977292727679014,0.04499514773488045
kin8nm,dune_bayes,1281,0.045247435569763184,0.0029089278541505337,0.048156362026929855
kin8nm,dune_bayes,1282,0.03267144411802292,0.0034089302644133568,0.03608037531375885
kin8nm,dune_bayes,1283,0.03220377489924431,0.003144623478874564,0.03534839674830437
kin8nm,dune_bayes,1284,0.03602138161659241,0.0027120879385620356,0.03873347491025925
kin8nm,dune_bayes,1285,0.053201138973236084,0.0035679221618920565,0.05676906183362007
kin8nm,dune_bayes,1286,0.0442037358880043,0.002782973926514387,0.04698670655488968
kin8nm,dune_bayes,1287,0.057150643318891525,0.0032589826732873917,0.060409627854824066
kin8nm,dune_bayes,1288,0.036348335444927216,0.0026692107785493135,0.03901754319667816
kin8nm,dune_bayes,1289,0.03440576791763306,0.003794956486672163,0.03820072486996651
kin8nm,dune_bayes,1290,0.035559140145778656,0.0031899739988148212,0.03874911367893219
kin8nm,dune_bayes,1291,0.0412304624915123,0.0025735830422490835,0.043804045766592026
kin8nm,dune_bayes,1292,0.0395362414419651,0.004158997908234596,0.04369523748755455
kin8nm,dune_bayes,1293,0.051755357533693314,0.0030067414045333862,0.054762102663517
kin8nm,dune_bayes,1294,0.053074177354574203,0.0036124270409345627,0.056686606258153915
kin8nm,dune_bayes,1295,0.03870292380452156,0.0030778164509683847,0.0417807400226593
kin8nm,dune_bayes,1296,0.043313879519701004,0.0033300938084721565,0.046643972396850586
kin8nm,dune_bayes,1297,0.042023420333862305,0.0026065343990921974,0.04462995380163193
kin8nm,dune_bayes,1298,0.060392286628484726,0.0029332784470170736,0.06332556158304214
kin8nm,dune_bayes,1299,0.04445265978574753,0.004239723086357117,0.048692379146814346
kin8nm,dune_bayes,1300,0.035483360290527344,0.0035621123388409615,0.03904547169804573
kin8nm,dune_bayes,1301,0.03587758168578148,0.0036752400919795036,0.03955282270908356
kin8nm,dune_bayes,1302,0.058141931891441345,0.002999237272888422,0.06114117056131363
kin8nm,dune_bayes,1303,0.047507546842098236,0.002872179262340069,0.05037972703576088
kin8nm,dune_bayes,1304,0.055600907653570175,0.002059748861938715,0.05766065791249275
kin8nm,dune_bayes,1305,0.0651099905371666,0.0029000691138207912,0.06801006197929382
kin8nm,dune_bayes,1306,0.026870936155319214,0.0036813586484640837,0.030552295967936516
kin8nm,dune_bayes,1307,0.057118095457553864,0.0033400114625692368,0.06045810133218765
kin8nm,dune_bayes,1308,0.051299601793289185,0.0038303853943943977,0.05512998625636101
kin8nm,dune_bayes,1309,0.058763548731803894,0.0029721541795879602,0.06173570454120636
kin8nm,dune_bayes,1310,0.05455578491091728,0.0035047989804297686,0.05806058272719383
kin8nm,dune_bayes,1311,0.04663974046707153,0.0033905310556292534,0.05003027245402336
kin8nm,dune_bayes,1312,0.06909312307834625,0.004456410650163889,0.0735495314002037
kin8nm,dune_bayes,1313,0.0382520891726017,0.0028232180047780275,0.04107530787587166
kin8nm,dune_bayes,1314,0.04453466832637787,0.003272982081398368,0.04780764877796173
kin8nm,dune_bayes,1315,0.06590860337018967,0.00481023732572794,0.07071883976459503
kin8nm,dune_bayes,1316,0.05756174772977829,0.0024985005147755146,0.06006024777889252
kin8nm,dune_bayes,1317,0.04002923518419266,0.0035943787079304457,0.04362361505627632
kin8nm,dune_bayes,1318,0.043009549379348755,0.0032950211316347122,0.04630456864833832
kin8nm,dune_bayes,1319,0.03561333566904068,0.004362038802355528,0.039975374937057495
kin8nm,dune_bayes,1320,0.052228670567274094,0.0038575120270252228,0.056086182594299316
kin8nm,dune_bayes,1321,0.04250045120716095,0.0035967561416327953,0.04609720781445503
kin8nm,dune_bayes,1322,0.04694792628288269,0.0034858128055930138,0.05043374001979828
kin8nm,dune_bayes,1323,0.05673518031835556,0.0035514337942004204,0.060286615043878555
kin8nm,dune_bayes,1324,0.047183599323034286,0.0034790141507983208,0.05066261067986488
kin8nm,dune_bayes,1325,0.03287144750356674,0.0024903228040784597,0.035361770540475845
kin8nm,dune_bayes,1326,0.03607272729277611,0.0023164611775428057,0.038389187306165695
kin8nm,dune_bayes,1327,0.06997499614953995,0.002929868409410119,0.07290486246347427
kin8nm,dune_bayes,1328,0.05331072211265564,0.0023883203975856304,0.05569904297590256
kin8nm,dune_bayes,1329,0.06561645120382309,0.003772301133722067,0.06938875466585159
kin8nm,dune_bayes,1330,0.06638815999031067,0.0036221707705408335,0.07001033425331116
kin8nm,dune_bayes,1331,0.04730648919939995,0.002810923382639885,0.05011741444468498
kin8nm,dune_bayes,1332,0.05909598618745804,0.0024690316058695316,0.06156501919031143
kin8nm,dune_bayes,1333,0.03240833804011345,0.002729308558627963,0.03513764962553978
kin8nm,dune_bayes,1334,0.029926327988505363,0.003310703905299306,0.0332370288670063
kin8nm,dune_bayes,1335,0.028970273211598396,0.0034600046928972006,0.03243027627468109
kin8nm,dune_bayes,1336,0.0405980609357357,0.0026468869764357805,0.04324495047330856
kin8nm,dune_bayes,1337,0.056414466351270676,0.0027449028566479683,0.05915936827659607
kin8nm,dune_bayes,1338,0.05084866285324097,0.0042708441615104675,0.05511951074004173
kin8nm,dune_bayes,1339,0.04609024152159691,0.0029685988556593657,0.04905883967876434
kin8nm,dune_bayes,1340,0.0479157492518425,0.003494219621643424,0.05140996724367142
kin8nm,dune_bayes,1341,0.05329369753599167,0.002074123825877905,0.05536781996488571
kin8nm,dune_bayes,1342,0.05406738445162773,0.002244026167318225,0.056311413645744324
kin8nm,dune_bayes,1343,0.056594256311655045,0.0028303249273449183,0.05942457914352417
kin8nm,dune_bayes,1344,0.07926532626152039,0.00385240837931633,0.08311773091554642
kin8nm,dune_bayes,1345,0.04514048621058464,0.004002498462796211,0.0491429828107357
kin8nm,dune_bayes,1346,0.04540557041764259,0.0029784704092890024,0.04838404431939125
kin8nm,dune_bayes,1347,0.04900188744068146,0.0035134379286319017,0.05251532420516014
kin8nm,dune_bayes,1348,0.06524458527565002,0.003495597280561924,0.06874018162488937
kin8nm,dune_bayes,1349,0.052454873919487,0.0033801794052124023,0.0558350533246994
kin8nm,dune_bayes,1350,0.05545111745595932,0.0037368745543062687,0.05918798968195915
kin8nm,dune_bayes,1351,0.047458454966545105,0.0025540278293192387,0.050012484192848206
kin8nm,dune_bayes,1352,0.05649605020880699,0.0028957570903003216,0.0593918077647686
kin8nm,dune_bayes,1353,0.05632695183157921,0.0034748564939945936,0.05980181321501732
kin8nm,dune_bayes,1354,0.04863995686173439,0.002668749773874879,0.051308706402778625
kin8nm,dune_bayes,1355,0.04795974865555763,0.004618004430085421,0.052577752619981766
kin8nm,dune_bayes,1356,0.04087996855378151,0.004250978119671345,0.04513094574213028
kin8nm,dune_bayes,1357,0.04882336035370827,0.004393954761326313,0.053217314183712006
kin8nm,dune_bayes,1358,0.04420402646064758,0.0028193644247949123,0.04702338948845863
kin8nm,dune_bayes,1359,0.054244063794612885,0.003502132371068001,0.057746194303035736
kin8nm,dune_bayes,1360,0.05397050827741623,0.003235935466364026,0.057206448167562485
kin8nm,dune_bayes,1361,0.058935776352882385,0.0030351881869137287,0.06197096407413483
kin8nm,dune_bayes,1362,0.079796202480793,0.0037684279959648848,0.0835646316409111
kin8nm,dune_bayes,1363,0.03090602159500122,0.003510026726871729,0.03441604971885681
kin8nm,dune_bayes,1364,0.05031273514032364,0.002704948652535677,0.05301768332719803
kin8nm,dune_bayes,1365,0.035440608859062195,0.0028273987118154764,0.03826800733804703
kin8nm,dune_bayes,1366,0.04193548858165741,0.0026343567296862602,0.044569846242666245
kin8nm,dune_bayes,1367,0.04904636740684509,0.0034840423613786697,0.05253041163086891
kin8nm,dune_bayes,1368,0.03316693380475044,0.0031792051158845425,0.03634613752365112
kin8nm,dune_bayes,1369,0.054520316421985626,0.0028452256228774786,0.0573655404150486
kin8nm,dune_bayes,1370,0.05503306910395622,0.0027781932149082422,0.05781126022338867
kin8nm,dune_bayes,1371,0.0442434623837471,0.0029990910552442074,0.047242555767297745
kin8nm,dune_bayes,1372,0.05792643502354622,0.0032766240183264017,0.06120305880904198
kin8nm,dune_bayes,1373,0.07231554388999939,0.0030778488144278526,0.07539338618516922
kin8nm,dune_bayes,1374,0.038433466106653214,0.003480125917121768,0.04191359132528305
kin8nm,dune_bayes,1375,0.05454668402671814,0.0031238694209605455,0.05767055228352547
kin8nm,dune_bayes,1376,0.05876248702406883,0.0034708676394075155,0.06223335489630699
kin8nm,dune_bayes,1377,0.030299169942736626,0.00283714453689754,0.033136315643787384
kin8nm,dune_bayes,1378,0.04747318476438522,0.0029633459635078907,0.05043652653694153
kin8nm,dune_bayes,1379,0.047563981264829636,0.0029269170481711626,0.05049089342355728
kin8nm,dune_bayes,1380,0.031916167587041855,0.004218974616378546,0.03613514453172684
kin8nm,dune_bayes,1381,0.04419753700494766,0.0030260104686021805,0.04722354933619499
kin8nm,dune_bayes,1382,0.050066571682691574,0.002690963912755251,0.05275753512978554
kin8nm,dune_bayes,1383,0.046044666320085526,0.0027235248126089573,0.048768192529678345
kin8nm,dune_bayes,1384,0.05344546213746071,0.0034498281311243773,0.056895289570093155
kin8nm,dune_bayes,1385,0.03375102952122688,0.003670233301818371,0.03742126002907753
kin8nm,dune_bayes,1386,0.02937382645905018,0.003365201409906149,0.032739028334617615
kin8nm,dune_bayes,1387,0.07300418615341187,0.004022038076072931,0.07702622562646866
kin8nm,dune_bayes,1388,0.0391419343650341,0.003001545090228319,0.042143482714891434
kin8nm,dune_bayes,1389,0.03239687159657478,0.003646309021860361,0.036043182015419006
kin8nm,dune_bayes,1390,0.057016853243112564,0.0043773045763373375,0.06139415502548218
kin8nm,dune_bayes,1391,0.05501745641231537,0.0034586770925670862,0.05847613513469696
kin8nm,dune_bayes,1392,0.038007523864507675,0.003339735558256507,0.041347257792949677
kin8nm,dune_bayes,1393,0.04953727498650551,0.002199641428887844,0.05173691734671593
kin8nm,dune_bayes,1394,0.04097539559006691,0.002797729102894664,0.04377312585711479
kin8nm,dune_bayes,1395,0.03872312977910042,0.002627870300784707,0.04135100170969963
kin8nm,dune_bayes,1396,0.0440170019865036,0.0035539346281439066,0.047570936381816864
kin8nm,dune_bayes,1397,0.03652305528521538,0.004428382497280836,0.0409514345228672
kin8nm,dune_bayes,1398,0.050031911581754684,0.0031342424917966127,0.05316615477204323
kin8nm,dune_bayes,1399,0.0498485341668129,0.0027142579201608896,0.05256279185414314
kin8nm,dune_bayes,1400,0.036430474370718,0.0033574821427464485,0.039787959307432175
kin8nm,dune_bayes,1401,0.07240366190671921,0.0034218570217490196,0.0758255198597908
kin8nm,dune_bayes,1402,0.05225512385368347,0.003107055788859725,0.05536217615008354
kin8nm,dune_bayes,1403,0.048784539103507996,0.002921542851254344,0.05170607939362526
kin8nm,dune_bayes,1404,0.058517150580883026,0.0027414204087108374,0.06125856935977936
kin8nm,dune_bayes,1405,0.035290855914354324,0.002615271834656596,0.03790612891316414
kin8nm,dune_bayes,1406,0.040044695138931274,0.0029130803886801004,0.04295777902007103
kin8nm,dune_bayes,1407,0.05309659242630005,0.0039061030838638544,0.05700269713997841
kin8nm,dune_bayes,1408,0.0439721904695034,0.002489114413037896,0.046461306512355804
kin8nm,dune_bayes,1409,0.04659115523099899,0.0027777610812336206,0.04936891421675682
kin8nm,dune_bayes,1410,0.027077069506049156,0.003888842184096575,0.030965911224484444
kin8nm,dune_bayes,1411,0.04373525083065033,0.003230208298191428,0.04696546122431755
kin8nm,dune_bayes,1412,0.06925905495882034,0.003140473272651434,0.07239952683448792
kin8nm,dune_bayes,1413,0.06117874011397362,0.0034749596379697323,0.06465370208024979
kin8nm,dune_bayes,1414,0.04707378149032593,0.004203755874186754,0.05127754062414169
kin8nm,dune_bayes,1415,0.05073221027851105,0.002861841581761837,0.05359405279159546
kin8nm,dune_bayes,1416,0.04081980884075165,0.002941044047474861,0.04376085102558136
kin8nm,dune_bayes,1417,0.064494289457798,0.0037616300396621227,0.06825591623783112
kin8nm,dune_bayes,1418,0.06462794542312622,0.0035644406452775,0.06819239258766174
kin8nm,dune_bayes,1419,0.04857674241065979,0.0032932867761701345,0.05187002569437027
kin8nm,dune_bayes,1420,0.04187018424272537,0.003281835000962019,0.04515201970934868
kin8nm,dune_bayes,1421,0.06998340040445328,0.0034939139150083065,0.07347731292247772
kin8nm,dune_bayes,1422,0.057771384716033936,0.0030344543047249317,0.06080584228038788
kin8nm,dune_bayes,1423,0.04493904486298561,0.0031429463997483253,0.04808199033141136
kin8nm,dune_bayes,1424,0.05595647171139717,0.003034003544598818,0.0589904747903347
kin8nm,dune_bayes,1425,0.035446710884571075,0.0027844058349728584,0.03823111951351166
kin8nm,dune_bayes,1426,0.051369186490774155,0.0028109541162848473,0.05418014153838158
kin8nm,dune_bayes,1427,0.04020482301712036,0.0026766133960336447,0.04288143664598465
kin8nm,dune_bayes,1428,0.04037000983953476,0.0032149306498467922,0.04358493909239769
kin8nm,dune_bayes,1429,0.06473599374294281,0.0035814130678772926,0.06831740587949753
kin8nm,dune_bayes,1430,0.08068892359733582,0.003388932440429926,0.0840778574347496
kin8nm,dune_bayes,1431,0.07785234600305557,0.004243687726557255,0.08209603279829025
kin8nm,dune_bayes,1432,0.05241531506180763,0.002707432024180889,0.055122748017311096
kin8nm,dune_bayes,1433,0.0436064749956131,0.003185546025633812,0.04679202288389206
kin8nm,dune_bayes,1434,0.03298008814454079,0.003614771645516157,0.03659486025571823
kin8nm,dune_bayes,1435,0.050690121948719025,0.004053272772580385,0.054743390530347824
kin8nm,dune_bayes,1436,0.036555662751197815,0.0039106085896492004,0.040466271340847015
kin8nm,dune_bayes,1437,0.054544687271118164,0.002772235544398427,0.05731692537665367
kin8nm,dune_bayes,1438,0.07191257923841476,0.003193862270563841,0.07510644197463989
kin8nm,dune_bayes,1439,0.045593343675136566,0.0031132346484810114,0.048706576228141785
kin8nm,dune_bayes,1440,0.04475837200880051,0.00395888602361083,0.048717256635427475
kin8nm,dune_bayes,1441,0.041825369000434875,0.002781799528747797,0.044607166200876236
kin8nm,dune_bayes,1442,0.051971837878227234,0.0033560055308043957,0.055327847599983215
kin8nm,dune_bayes,1443,0.06737330555915833,0.003032162319868803,0.07040546834468842
kin8nm,dune_bayes,1444,0.03653598204255104,0.004441543482244015,0.04097752645611763
kin8nm,dune_bayes,1445,0.06318647414445877,0.00396388303488493,0.06715035438537598
kin8nm,dune_bayes,1446,0.05454454943537712,0.0030024501029402018,0.05754699930548668
kin8nm,dune_bayes,1447,0.04084986075758934,0.0028604306280612946,0.043710291385650635
kin8nm,dune_bayes,1448,0.06200672313570976,0.0036049019545316696,0.06561162322759628
kin8nm,dune_bayes,1449,0.04069839417934418,0.0033958530984818935,0.04409424588084221
kin8nm,dune_bayes,1450,0.05172339081764221,0.002740095602348447,0.05446348711848259
kin8nm,dune_bayes,1451,0.05496680736541748,0.0032473320607095957,0.058214135468006134
kin8nm,dune_bayes,1452,0.04381563141942024,0.003649553982540965,0.047465186566114426
kin8nm,dune_bayes,1453,0.07570046931505203,0.0032491472084075212,0.07894961535930634
kin8nm,dune_bayes,1454,0.032471295446157455,0.0035015998873859644,0.03597289323806763
kin8nm,dune_bayes,1455,0.04268115758895874,0.0034138483460992575,0.04609500616788864
kin8nm,dune_bayes,1456,0.04729709029197693,0.0026302600745111704,0.049927350133657455
kin8nm,dune_bayes,1457,0.036930620670318604,0.002404688159003854,0.03933531045913696
kin8nm,dune_bayes,1458,0.05170503258705139,0.003249275730922818,0.05495430901646614
kin8nm,dune_bayes,1459,0.05505445599555969,0.003329804865643382,0.05838426202535629
kin8nm,dune_bayes,1460,0.05505125969648361,0.0035620464477688074,0.058613307774066925
kin8nm,dune_bayes,1461,0.05626145005226135,0.003787494730204344,0.060048945248126984
kin8nm,dune_bayes,1462,0.049146492034196854,0.002638689475134015,0.0517851822078228
kin8nm,dune_bayes,1463,0.04754849150776863,0.002706486964598298,0.050254978239536285
kin8nm,dune_bayes,1464,0.06673815101385117,0.0029185989405959845,0.06965675204992294
kin8nm,dune_bayes,1465,0.05259222164750099,0.0029533214401453733,0.055545542389154434
kin8nm,dune_bayes,1466,0.04932572320103645,0.00324181467294693,0.05256753787398338
kin8nm,dune_bayes,1467,0.06294777989387512,0.004053689073771238,0.06700146943330765
kin8nm,dune_bayes,1468,0.06949277967214584,0.003938416950404644,0.07343119382858276
kin8nm,dune_bayes,1469,0.05627891421318054,0.0028879940509796143,0.059166908264160156
kin8nm,dune_bayes,1470,0.05176476389169693,0.005247339140623808,0.05701209977269173
kin8nm,dune_bayes,1471,0.06360819935798645,0.003789968555793166,0.06739816814661026
kin8nm,dune_bayes,1472,0.035189542919397354,0.0036170396488159895,0.03880658373236656
kin8nm,dune_bayes,1473,0.06255802512168884,0.003642013529315591,0.06620003283023834
kin8nm,dune_bayes,1474,0.050486668944358826,0.003087311517447233,0.053573980927467346
kin8nm,dune_bayes,1475,0.04626772180199623,0.003211762523278594,0.04947948455810547
kin8nm,dune_bayes,1476,0.04576721414923668,0.003585587255656719,0.049352798610925674
kin8nm,dune_bayes,1477,0.051833320409059525,0.0035094909835606813,0.05534281209111214
kin8nm,dune_bayes,1478,0.04794422909617424,0.003053778549656272,0.050998006016016006
kin8nm,dune_bayes,1479,0.04643208533525467,0.002125081140547991,0.04855716601014137
kin8nm,dune_bayes,1480,0.06218213587999344,0.0035950508899986744,0.06577718257904053
kin8nm,dune_bayes,1481,0.03325926885008812,0.0030987709760665894,0.03635804355144501
kin8nm,dune_bayes,1482,0.0511816143989563,0.003513769479468465,0.054695386439561844
kin8nm,dune_bayes,1483,0.05787079781293869,0.00404893746599555,0.06191973760724068
kin8nm,dune_bayes,1484,0.04963062331080437,0.0034921641927212477,0.053122784942388535
kin8nm,dune_bayes,1485,0.03683799132704735,0.0030843871645629406,0.039922382682561874
kin8nm,dune_bayes,1486,0.07942464202642441,0.0038169182371348143,0.08324155956506729
kin8nm,dune_bayes,1487,0.04448487237095833,0.002899526385590434,0.04738439992070198
kin8nm,dune_bayes,1488,0.05192496255040169,0.003511077491566539,0.055436041206121445
kin8nm,dune_bayes,1489,0.06505143642425537,0.0030761980451643467,0.06812763214111328
kin8nm,dune_bayes,1490,0.06885333359241486,0.004118858836591244,0.07297218590974808
kin8nm,dune_bayes,1491,0.048576392233371735,0.0032718805596232414,0.05184827372431755
kin8nm,dune_bayes,1492,0.05092368274927139,0.0032005447428673506,0.05412422493100166
kin8nm,dune_bayes,1493,0.02747555449604988,0.003953843843191862,0.03142939880490303
kin8nm,dune_bayes,1494,0.06916827708482742,0.0033594199921935797,0.0725276991724968
kin8nm,dune_bayes,1495,0.060736484825611115,0.0028878769371658564,0.06362435966730118
kin8nm,dune_bayes,1496,0.04484732821583748,0.0038361588958650827,0.048683490604162216
kin8nm,dune_bayes,1497,0.049577802419662476,0.0028500230982899666,0.05242782458662987
kin8nm,dune_bayes,1498,0.05694183334708214,0.002290626522153616,0.05923245847225189
kin8nm,dune_bayes,1499,0.07317617535591125,0.003313580295071006,0.07648975402116776
kin8nm,dune_bayes,1500,0.04812603071331978,0.0023830458521842957,0.050509072840213776
kin8nm,dune_bayes,1501,0.04689091444015503,0.0020435203332453966,0.048934437334537506
kin8nm,dune_bayes,1502,0.06178487837314606,0.003089226083829999,0.06487410515546799
kin8nm,dune_bayes,1503,0.06700006127357483,0.0026042547542601824,0.06960432231426239
kin8nm,dune_bayes,1504,0.04004386067390442,0.0034464956261217594,0.04349035769701004
kin8nm,dune_bayes,1505,0.0554664209485054,0.004062437918037176,0.059528857469558716
kin8nm,dune_bayes,1506,0.044383320957422256,0.0027128923684358597,0.047096215188503265
kin8nm,dune_bayes,1507,0.0545937605202198,0.003977834712713957,0.05857159569859505
kin8nm,dune_bayes,1508,0.05677783489227295,0.003436541650444269,0.06021437793970108
kin8nm,dune_bayes,1509,0.05760844051837921,0.004660857375711203,0.06226929649710655
kin8nm,dune_bayes,1510,0.03292902186512947,0.0029777747113257647,0.035906799137592316
kin8nm,dune_bayes,1511,0.045015912503004074,0.0029448913410305977,0.0479608029127121
kin8nm,dune_bayes,1512,0.056698206812143326,0.004047032445669174,0.0607452429831028
kin8nm,dune_bayes,1513,0.06355790793895721,0.0031237683724611998,0.06668167561292648
kin8nm,dune_bayes,1514,0.05787477269768715,0.0030895834788680077,0.06096435710787773
kin8nm,dune_bayes,1515,0.04601726680994034,0.0030685579404234886,0.0490858219563961
kin8nm,dune_bayes,1516,0.05389384180307388,0.001995669212192297,0.05588950961828232
kin8nm,dune_bayes,1517,0.050754349678754807,0.0032612618524581194,0.05401561036705971
kin8nm,dune_bayes,1518,0.03898858651518822,0.0037411218509078026,0.04272971302270889
kin8nm,dune_bayes,1519,0.05310218408703804,0.002922222251072526,0.05602440610527992
kin8nm,dune_bayes,1520,0.044475071132183075,0.0023831534199416637,0.046858225017786026
kin8nm,dune_bayes,1521,0.05556827411055565,0.0027212502900511026,0.05828952416777611
kin8nm,dune_bayes,1522,0.03577042371034622,0.0036949224304407835,0.039465345442295074
kin8nm,dune_bayes,1523,0.05258577689528465,0.004361841827630997,0.05694761499762535
kin8nm,dune_bayes,1524,0.038663532584905624,0.003066127886995673,0.04172965884208679
kin8nm,dune_bayes,1525,0.056646499782800674,0.0027750758454203606,0.05942157655954361
kin8nm,dune_bayes,1526,0.06479315459728241,0.004126658663153648,0.06891980767250061
kin8nm,dune_bayes,1527,0.07065902650356293,0.003376489505171776,0.07403551787137985
kin8nm,dune_bayes,1528,0.04175892472267151,0.002952276961877942,0.04471120238304138
kin8nm,dune_bayes,1529,0.06051551178097725,0.003132582176476717,0.06364809721708298
kin8nm,dune_bayes,1530,0.04905623570084572,0.002294920850545168,0.0513511560857296
kin8nm,dune_bayes,1531,0.050708264112472534,0.0027512263040989637,0.05345948785543442
kin8nm,dune_bayes,1532,0.07358704507350922,0.0044938004575669765,0.07808084785938263
kin8nm,dune_bayes,1533,0.07186111807823181,0.003453447949141264,0.07531456649303436
kin8nm,dune_bayes,1534,0.04814659804105759,0.0031226235441863537,0.05126922205090523
kin8nm,dune_bayes,1535,0.059349872171878815,0.002586116548627615,0.06193598732352257
kin8nm,dune_bayes,1536,0.05238960310816765,0.004060300998389721,0.056449901312589645
kin8nm,dune_bayes,1537,0.06801846623420715,0.004084589425474405,0.07210305333137512
kin8nm,dune_bayes,1538,0.03584572300314903,0.0026201929431408644,0.03846591338515282
kin8nm,dune_bayes,1539,0.042506106197834015,0.003001441713422537,0.04550755023956299
kin8nm,dune_bayes,1540,0.045156609266996384,0.0029919459484517574,0.04814855754375458
kin8nm,dune_bayes,1541,0.04639509320259094,0.0033184208441525698,0.04971351474523544
kin8nm,dune_bayes,1542,0.038776952773332596,0.0032450503204017878,0.04202200099825859
kin8nm,dune_bayes,1543,0.056876666843891144,0.0026608684565871954,0.05953753739595413
kin8nm,dune_bayes,1544,0.043424077332019806,0.002398350276052952,0.04582242667675018
kin8nm,dune_bayes,1545,0.039307184517383575,0.00286690192297101,0.0421740859746933
kin8nm,dune_bayes,1546,0.05023277550935745,0.002502602757886052,0.05273537337779999
kin8nm,dune_bayes,1547,0.06300536543130875,0.0029254204127937555,0.06593078374862671
kin8nm,dune_bayes,1548,0.04440218582749367,0.0021132302936166525,0.046515416353940964
kin8nm,dune_bayes,1549,0.039108775556087494,0.002417496871203184,0.04152626916766167
kin8nm,dune_bayes,1550,0.06724104285240173,0.004048092756420374,0.07128913700580597
kin8nm,dune_bayes,1551,0.06749024242162704,0.0027508053462952375,0.0702410489320755
kin8nm,dune_bayes,1552,0.0497223325073719,0.0029890656005591154,0.05271139740943909
kin8nm,dune_bayes,1553,0.06819835305213928,0.002917015925049782,0.07111536711454391
kin8nm,dune_bayes,1554,0.03914102166891098,0.003740723244845867,0.04288174957036972
kin8nm,dune_bayes,1555,0.057156484574079514,0.0030941569712013006,0.06025063991546631
kin8nm,dune_bayes,1556,0.05835390463471413,0.003696141531690955,0.062050044536590576
kin8nm,dune_bayes,1557,0.04728217050433159,0.0019287883769720793,0.04921095445752144
kin8nm,dune_bayes,1558,0.04524805024266243,0.0028362160082906485,0.04808426275849342
kin8nm,dune_bayes,1559,0.04498865827918053,0.002896790625527501,0.04788544774055481
kin8nm,dune_bayes,1560,0.06291703879833221,0.0037387125194072723,0.06665574759244919
kin8nm,dune_bayes,1561,0.06254925578832626,0.0038586033042520285,0.06640785187482834
kin8nm,dune_bayes,1562,0.07859677076339722,0.004078680649399757,0.08267544955015182
kin8nm,dune_bayes,1563,0.03867090865969658,0.0038636731915175915,0.04253458231687546
kin8nm,dune_bayes,1564,0.03854586184024811,0.0028999948408454657,0.041445858776569366
kin8nm,dune_bayes,1565,0.04102727398276329,0.002299647079780698,0.04332692176103592
kin8nm,dune_bayes,1566,0.046591900289058685,0.002735674846917391,0.04932757467031479
kin8nm,dune_bayes,1567,0.04206375032663345,0.0021762847900390625,0.044240035116672516
kin8nm,dune_bayes,1568,0.07638376951217651,0.004391927272081375,0.08077569305896759
kin8nm,dune_bayes,1569,0.05193738639354706,0.0018829932669177651,0.053820375353097916
kin8nm,dune_bayes,1570,0.039464469999074936,0.0033924002200365067,0.04285686835646629
kin8nm,dune_bayes,1571,0.059840574860572815,0.0027656068559736013,0.06260617822408676
kin8nm,dune_bayes,1572,0.04156889393925667,0.003775400575250387,0.04534429311752319
kin8nm,dune_bayes,1573,0.05525122582912445,0.002823489485308528,0.0580747127532959
kin8nm,dune_bayes,1574,0.04275393858551979,0.0034608887508511543,0.04621483013033867
kin8nm,dune_bayes,1575,0.041591573506593704,0.003573537338525057,0.045165110379457474
kin8nm,dune_bayes,1576,0.05211983993649483,0.0026485216803848743,0.05476836487650871
kin8nm,dune_bayes,1577,0.04532317444682121,0.0033325334079563618,0.04865570738911629
kin8nm,dune_bayes,1578,0.05291707068681717,0.0021403466816991568,0.05505741387605667
kin8nm,dune_bayes,1579,0.03811011090874672,0.0032887852285057306,0.041398897767066956
kin8nm,dune_bayes,1580,0.04189460724592209,0.003002815181389451,0.044897425919771194
kin8nm,dune_bayes,1581,0.05649963393807411,0.0026738897431641817,0.059173524379730225
kin8nm,dune_bayes,1582,0.04618386924266815,0.002576619852334261,0.048760488629341125
kin8nm,dune_bayes,1583,0.03937036544084549,0.003499657614156604,0.04287002235651016
kin8nm,dune_bayes,1584,0.053069453686475754,0.0023059621453285217,0.055375415831804276
kin8nm,dune_bayes,1585,0.06393247842788696,0.003445691429078579,0.06737817078828812
kin8nm,dune_bayes,1586,0.05354690179228783,0.003387328004464507,0.05693422630429268
kin8nm,dune_bayes,1587,0.032278891652822495,0.003753715893253684,0.03603260964155197
kin8nm,dune_bayes,1588,0.045136772096157074,0.003159790765494108,0.04829656332731247
kin8nm,dune_bayes,1589,0.061613671481609344,0.0027893974911421537,0.06440306454896927
kin8nm,dune_bayes,1590,0.053632717579603195,0.002161638578400016,0.055794358253479004
kin8nm,dune_bayes,1591,0.057638779282569885,0.0025334758684039116,0.06017225608229637
kin8nm,dune_bayes,1592,0.046921633183956146,0.004355418495833874,0.051277052611112595
kin8nm,dune_bayes,1593,0.07301072776317596,0.004180425778031349,0.07719115167856216
kin8nm,dune_bayes,1594,0.04036606103181839,0.0029756613075733185,0.04334171861410141
kin8nm,dune_bayes,1595,0.06303253769874573,0.003380412235856056,0.06641295552253723
kin8nm,dune_bayes,1596,0.02987639605998993,0.0029259161092340946,0.03280230984091759
kin8nm,dune_bayes,1597,0.05063973367214203,0.003997280262410641,0.054637014865875244
kin8nm,dune_bayes,1598,0.047801971435546875,0.0030967018101364374,0.05089867115020752
kin8nm,dune_bayes,1599,0.0731867328286171,0.003613163949921727,0.0767998918890953
kin8nm,dune_bayes,1600,0.060920100659132004,0.0035207648761570454,0.06444086879491806
kin8nm,dune_bayes,1601,0.05849936977028847,0.002986501669511199,0.06148587167263031
kin8nm,dune_bayes,1602,0.07803120464086533,0.0031960431952029467,0.08122725039720535
kin8nm,dune_bayes,1603,0.04119546711444855,0.0033295631874352694,0.04452503100037575
kin8nm,dune_bayes,1604,0.07150646299123764,0.0030598235316574574,0.07456628978252411
kin8nm,dune_bayes,1605,0.06061298027634621,0.0027612943667918444,0.06337427347898483
kin8nm,dune_bayes,1606,0.04869001731276512,0.0027277451008558273,0.0514177605509758
kin8nm,dune_bayes,1607,0.048856284469366074,0.002781307091936469,0.05163758993148804
kin8nm,dune_bayes,1608,0.03925248980522156,0.003387615317478776,0.04264010488986969
kin8nm,dune_bayes,1609,0.03916920721530914,0.0031837651040405035,0.04235297068953514
kin8nm,dune_bayes,1610,0.0514591820538044,0.00260843220166862,0.05406761169433594
kin8nm,dune_bayes,1611,0.05511752888560295,0.0037006649654358625,0.05881819128990173
kin8nm,dune_bayes,1612,0.06622949242591858,0.0032217176631093025,0.06945120543241501
kin8nm,dune_bayes,1613,0.04933365434408188,0.00342766591347754,0.052761320024728775
kin8nm,dune_bayes,1614,0.03878652676939964,0.003031299449503422,0.04181782528758049
kin8nm,dune_bayes,1615,0.03863426297903061,0.0036838820669800043,0.04231814667582512
kin8nm,dune_bayes,1616,0.05290753021836281,0.0033858544193208218,0.056293386965990067
kin8nm,dune_bayes,1617,0.051943618804216385,0.002985798753798008,0.05492941662669182
kin8nm,dune_bayes,1618,0.06597429513931274,0.003181115258485079,0.06915540993213654
kin8nm,dune_bayes,1619,0.05932606756687164,0.002777921035885811,0.062103986740112305
kin8nm,dune_bayes,1620,0.05559830367565155,0.002760422881692648,0.058358725160360336
kin8nm,dune_bayes,1621,0.058391932398080826,0.0029675511177629232,0.06135948747396469
kin8nm,dune_bayes,1622,0.04535515978932381,0.004145395010709763,0.04950055480003357
kin8nm,dune_bayes,1623,0.03837908059358597,0.004123057704418898,0.04250213876366615
kin8nm,dune_bayes,1624,0.0473223514854908,0.004189934581518173,0.05151228606700897
kin8nm,dune_bayes,1625,0.04700261726975441,0.0036439348477870226,0.050646550953388214
kin8nm,dune_bayes,1626,0.03990071639418602,0.003816194599494338,0.0437169075012207
kin8nm,dune_bayes,1627,0.054007623344659805,0.0027757720090448856,0.05678339675068855
kin8nm,dune_bayes,1628,0.0573008693754673,0.003110982244834304,0.06041185185313225
kin8nm,dune_bayes,1629,0.035371337085962296,0.0037492415867745876,0.03912058100104332
kin8nm,dune_bayes,1630,0.033744774758815765,0.003647223813459277,0.03739199787378311
kin8nm,dune_bayes,1631,0.048427995294332504,0.001836493844166398,0.05026449263095856
kin8nm,dune_bayes,1632,0.046200383454561234,0.0037547661922872066,0.04995514824986458
kin8nm,dune_bayes,1633,0.06081954762339592,0.004471750929951668,0.06529130041599274
kin8nm,dune_bayes,1634,0.050576042383909225,0.00246512982994318,0.05304117500782013
kin8nm,dune_bayes,1635,0.04630323499441147,0.0030788753647357225,0.04938210919499397
kin8nm,dune_bayes,1636,0.05532965064048767,0.0031860435847193003,0.05851569399237633
kin8nm,dune_bayes,1637,0.05478435754776001,0.0037668300792574883,0.058551184833049774
