dataset,model,observation,aleatoric,epistemic,total
naval,dune_bayes,0,0.0014313707360997796,0.0002554095408413559,0.001686780247837305
naval,dune_bayes,1,0.0011160136200487614,9.640672942623496e-05,0.0012124204076826572
naval,dune_bayes,2,0.0013569877482950687,0.00012064198381267488,0.001477629761211574
naval,dune_bayes,3,0.0011581697035580873,0.0002573588280938566,0.0014155285898596048
naval,dune_bayes,4,0.0013846808578819036,0.0001336586574325338,0.0015183395007625222
naval,dune_bayes,5,0.001414826838299632,0.00024895105161704123,0.0016637778608128428
naval,dune_bayes,6,0.0011129745980724692,0.00013804572517983615,0.0012510203523561358
naval,dune_bayes,7,0.0013664162252098322,0.00013032282004132867,0.0014967389870435
naval,dune_bayes,8,0.0011445550480857491,0.0002504379372112453,0.0013949929270893335
naval,dune_bayes,9,0.0013203402049839497,0.00011406697012716904,0.0014344071969389915
naval,dune_bayes,10,0.0011034848866984248,0.00013540442159865052,0.00123888929374516
naval,dune_bayes,11,0.0011813706951215863,0.00015671737492084503,0.0013380880700424314
naval,dune_bayes,12,0.0013547304552048445,0.00012821744894608855,0.001482947962358594
naval,dune_bayes,13,0.0011379530187696218,0.00024713584571145475,0.001385088893584907
naval,dune_bayes,14,0.0012953069526702166,0.00014983343135099858,0.0014451403403654695
naval,dune_bayes,15,0.0013488780241459608,0.00012716895435005426,0.001476046978496015
naval,dune_bayes,16,0.0011349177220836282,0.00024559712619520724,0.001380514819175005
naval,dune_bayes,17,0.0016638548113405704,0.000373654009308666,0.0020375088788568974
naval,dune_bayes,18,0.0013434712309390306,0.00012621507630683482,0.001469686278142035
naval,dune_bayes,19,0.0010844678618013859,0.0001302250602748245,0.0012146929511800408
naval,dune_bayes,20,0.0011692920234054327,0.00015384632570203394,0.0013231383636593819
naval,dune_bayes,21,0.001435520127415657,0.00028322459547780454,0.001718744751997292
naval,dune_bayes,22,0.001302439020946622,0.00021446877508424222,0.0015169078251346946
naval,dune_bayes,23,0.0010750956134870648,0.00012772118498105556,0.001202816842123866
naval,dune_bayes,24,0.0010712200310081244,0.00012669149145949632,0.0011979115661233664
naval,dune_bayes,25,0.0011186356423422694,0.00023761547345202416,0.001356251072138548
naval,dune_bayes,26,0.0012747240252792835,0.00020650276564992964,0.0014812267618253827
naval,dune_bayes,27,0.0011152945226058364,0.00023601559223607183,0.0013513101730495691
naval,dune_bayes,28,0.0010622560512274504,0.00012431347568053752,0.0011865695705637336
naval,dune_bayes,29,0.0011121997376903892,0.0002345019456697628,0.0013467016397044063
naval,dune_bayes,30,0.001262494595721364,0.00014302422641776502,0.0014055188512429595
naval,dune_bayes,31,0.001304088393226266,0.00011931659537367523,0.0014234050177037716
naval,dune_bayes,32,0.0011090452317148447,0.00023298020823858678,0.001342025469057262
naval,dune_bayes,33,0.001298680785112083,0.00011838566570077091,0.0014170664362609386
naval,dune_bayes,34,0.0010220096446573734,7.973125320859253e-05,0.0011017408687621355
naval,dune_bayes,35,0.0010531519073992968,0.00012194494047435,0.0011750968405976892
naval,dune_bayes,36,0.0012298865476623178,0.00019391693058423698,0.0014238035073503852
naval,dune_bayes,37,0.0011488446034491062,0.00014903918781783432,0.0012978838058188558
naval,dune_bayes,38,0.0012511074310168624,0.00014071694749873132,0.001391824334859848
naval,dune_bayes,39,0.0012827265309169888,0.00011566946341190487,0.0013983959797769785
naval,dune_bayes,40,0.0010964301181957126,0.00022699848341289908,0.0013234285870566964
naval,dune_bayes,41,0.0011404670076444745,0.00014710368122905493,0.0012875706888735294
naval,dune_bayes,42,0.0012774078641086817,0.00011476852523628622,0.0013921763747930527
naval,dune_bayes,43,0.0011513864155858755,0.0001728394126985222,0.0013242257991805673
naval,dune_bayes,44,0.0011374473106116056,0.0001463984081055969,0.001283845747821033
naval,dune_bayes,45,0.0012391386553645134,0.00013828386727254838,0.001377422478981316
naval,dune_bayes,46,0.0013714211527258158,0.00012327806325629354,0.0014946991577744484
naval,dune_bayes,47,0.0011351529974490404,0.00014442656538449228,0.0012795795919373631
naval,dune_bayes,48,0.0011304087238386273,0.0001430533011443913,0.0012734620831906796
naval,dune_bayes,49,0.0013769841752946377,0.00013220947585068643,0.0015091936802491546
naval,dune_bayes,50,0.0010804026387631893,0.0001731040538288653,0.0012535066343843937
naval,dune_bayes,51,0.0013712773798033595,0.00013117965136189014,0.0015024570748209953
naval,dune_bayes,52,0.0010833223350346088,9.047542698681355e-05,0.0011737977620214224
naval,dune_bayes,53,0.001320687006227672,0.00011414640175644308,0.0014348333934322
naval,dune_bayes,54,0.0013540221843868494,0.0001280763535760343,0.0014820985961705446
naval,dune_bayes,55,0.0012931466335430741,0.00014931951591279358,0.001442466164007783
naval,dune_bayes,56,0.001348146703094244,0.00012702395906671882,0.0014751707203686237
naval,dune_bayes,57,0.0012894532410427928,0.0001485601533204317,0.0014380133943632245
naval,dune_bayes,58,0.001285434584133327,0.0001477315672673285,0.0014331662096083164
naval,dune_bayes,59,0.0010535754263401031,8.517510286765173e-05,0.0011387505801394582
naval,dune_bayes,60,0.0010825915960595012,0.00012984377099201083,0.001212435308843851
naval,dune_bayes,61,0.0012811666820198298,0.0001468383416067809,0.001428005052730441
naval,dune_bayes,62,0.0011647229548543692,0.00015273806639015675,0.001317461021244526
naval,dune_bayes,63,0.0010739269200712442,0.0001275312970392406,0.0012014582753181458
naval,dune_bayes,64,0.0012802589917555451,0.00020806811517104506,0.0014883270487189293
naval,dune_bayes,65,0.001272746128961444,0.00014508553431369364,0.001417831634171307
naval,dune_bayes,66,0.0012378739193081856,0.00019619303930085152,0.0014340669149532914
naval,dune_bayes,67,0.001155768521130085,0.00015062540478538722,0.0013063938822597265
naval,dune_bayes,68,0.0010600619716569781,0.0001238722470588982,0.0011839342769235373
naval,dune_bayes,69,0.001108038006350398,0.00023276828869711608,0.0013408062513917685
naval,dune_bayes,70,0.0010412342380732298,0.00016091240104287863,0.0012021466391161084
naval,dune_bayes,71,0.0013030498521402478,0.00011911234469152987,0.0014221621677279472
naval,dune_bayes,72,0.0010555736953392625,0.00012269613216631114,0.001178269856609404
naval,dune_bayes,73,0.0011048733722418547,0.00023124931612983346,0.0013361226301640272
naval,dune_bayes,74,0.0011019101366400719,0.00022979923232924193,0.0013317093253135681
naval,dune_bayes,75,0.0011470033787190914,0.00014857464702799916,0.0012955779675394297
naval,dune_bayes,76,0.0010984988184645772,0.0002282145869685337,0.0013267133617773652
naval,dune_bayes,77,0.0011668038787320256,0.00017688219668343663,0.0013436861336231232
naval,dune_bayes,78,0.0010924439411610365,0.00022532284492626786,0.0013177667278796434
naval,dune_bayes,79,0.0012208933476358652,9.73390051512979e-05,0.0013182323891669512
naval,dune_bayes,80,0.001089195255190134,0.00022382024326361716,0.0013130154693499207
naval,dune_bayes,81,0.001270629116334021,0.00011359384370734915,0.0013842229964211583
naval,dune_bayes,82,0.001117834821343422,0.0001641293929424137,0.001281964243389666
naval,dune_bayes,83,0.0011330337729305029,0.0001453497534384951,0.0012783835409209132
naval,dune_bayes,84,0.0012338695814833045,0.00013719148410018533,0.001371061080135405
naval,dune_bayes,85,0.0009930869564414024,7.501257641706616e-05,0.0010680995183065534
naval,dune_bayes,86,0.0010830144165083766,0.0002209413651144132,0.001303955796174705
naval,dune_bayes,87,0.0009719780646264553,0.00014378418563865125,0.001115762279368937
naval,dune_bayes,88,0.0012024216121062636,9.439600398764014e-05,0.0012968175578862429
naval,dune_bayes,89,0.0010801163734868169,0.00021956657292321324,0.001299683004617691
naval,dune_bayes,90,0.000999025534838438,0.00014995061792433262,0.0011489761527627707
naval,dune_bayes,91,0.0013880216283723712,0.00013420901086647063,0.0015222306828945875
naval,dune_bayes,92,0.0013577969511970878,0.00012081836757715791,0.001478615333326161
naval,dune_bayes,93,0.001150501542724669,0.000254046666668728,0.0014045481802895665
naval,dune_bayes,94,0.0009637911571189761,0.0001420957560185343,0.00110588688403368
naval,dune_bayes,95,0.0013170641614124179,0.00015432378859259188,0.0014713879209011793
naval,dune_bayes,96,0.001382252899929881,0.00013315901742316782,0.0015154118882492185
naval,dune_bayes,97,0.0013761961599811912,0.00013205225695855916,0.0015082483878359199
naval,dune_bayes,98,0.001187136396765709,0.00015803177666384727,0.0013451682170853019
naval,dune_bayes,99,0.001308413571678102,0.00015249036368913949,0.001460903906263411
naval,dune_bayes,100,0.0013703646836802363,0.00013099129137117416,0.0015013560187071562
naval,dune_bayes,101,0.00114055082667619,0.0002490186598151922,0.0013895694864913821
naval,dune_bayes,102,0.001304004224948585,0.00015155356959439814,0.0014555577654391527
naval,dune_bayes,103,0.0013680841075256467,0.00023399601923301816,0.0016020801849663258
naval,dune_bayes,104,0.0013003037311136723,0.00015078928845468909,0.0014510930050164461
naval,dune_bayes,105,0.0013208752498030663,0.00011419405200285837,0.0014350692508742213
naval,dune_bayes,106,0.001070890692062676,8.829282160149887e-05,0.0011591835645958781
naval,dune_bayes,107,0.0011000271188095212,0.000134688540128991,0.0012347156880423427
naval,dune_bayes,108,0.0011333390139043331,0.00024543527979403734,0.0013787742936983705
naval,dune_bayes,109,0.00129621010273695,0.00014993851073086262,0.0014461486134678125
naval,dune_bayes,110,0.0010664570145308971,8.750777487875894e-05,0.0011539647821336985
naval,dune_bayes,111,0.0012131768744438887,0.00021217168250586838,0.0014253485715016723
naval,dune_bayes,112,0.0013439168687909842,0.00022664513380732387,0.0015705620171502233
naval,dune_bayes,113,0.001306822756305337,0.00011173027451150119,0.0014185530599206686
naval,dune_bayes,114,0.001061036018654704,8.655014971736819e-05,0.001147586153820157
naval,dune_bayes,115,0.0011271447874605656,0.00024231440329458565,0.0013694592053070664
naval,dune_bayes,116,0.0013311951188370585,0.00022282717691268772,0.0015540223103016615
naval,dune_bayes,117,0.00128755287732929,0.00014811637811362743,0.0014356692554429173
naval,dune_bayes,118,0.0010854967404156923,0.00013074156595394015,0.0012162383645772934
naval,dune_bayes,119,0.0014296656008809805,0.0002848284493666142,0.0017144940793514252
naval,dune_bayes,120,0.0012832245556637645,0.0001472089352319017,0.001430433476343751
naval,dune_bayes,121,0.0010808849474415183,0.00012949039228260517,0.0012103753397241235
naval,dune_bayes,122,0.001306203892454505,0.00021551625104621053,0.0015217200852930546
naval,dune_bayes,123,0.0011657321592792869,0.0001529306755401194,0.0013186628930270672
naval,dune_bayes,124,0.0013295793905854225,0.0001237005926668644,0.001453279983252287
naval,dune_bayes,125,0.0011168373748660088,0.00023734717979095876,0.001354184583760798
naval,dune_bayes,126,0.001287179416976869,0.000209997029742226,0.0014971764758229256
naval,dune_bayes,127,0.0010369140654802322,8.235183486249298e-05,0.0011192659148946404
naval,dune_bayes,128,0.001267304876819253,0.00014393203309737146,0.0014112369390204549
naval,dune_bayes,129,0.0012663571396842599,0.00010482152720214799,0.0013711786596104503
naval,dune_bayes,130,0.001460406230762601,0.00029153077048249543,0.0017519369721412659
naval,dune_bayes,131,0.0011539080878719687,0.00015015351527836174,0.0013040616177022457
naval,dune_bayes,132,0.0010273326188325882,8.073224307736382e-05,0.00110806489828974
naval,dune_bayes,133,0.0012589333346113563,0.00014220304728951305,0.0014011363964527845
naval,dune_bayes,134,0.0010540354996919632,0.00012238258204888552,0.001176418038085103
naval,dune_bayes,135,0.001199416583403945,0.0001855792652349919,0.0013849958777427673
naval,dune_bayes,136,0.0012468228815123439,0.00010157613724004477,0.001348398975096643
naval,dune_bayes,137,0.0011451030150055885,0.00014809309504926205,0.0012931961100548506
naval,dune_bayes,138,0.001247591688297689,0.00013991435116622597,0.0013875060249119997
naval,dune_bayes,139,0.000938576937187463,0.00013555043551605195,0.0010741273872554302
naval,dune_bayes,140,0.0010277709225192666,0.00011567098408704624,0.00114344188477844
naval,dune_bayes,141,0.0011060951510444283,0.00016113321180455387,0.0012672283919528127
naval,dune_bayes,142,0.0009578191093169153,0.00014018459478393197,0.0010980037041008472
naval,dune_bayes,143,0.001076512853614986,0.00021811958868056536,0.0012946324422955513
naval,dune_bayes,144,0.0009809730108827353,0.00014600421127397567,0.0011269772658124566
naval,dune_bayes,145,0.0012246188707649708,0.0001353016559733078,0.0013599204830825329
naval,dune_bayes,146,0.0011946759186685085,0.00015981444448698312,0.0013544904068112373
naval,dune_bayes,147,0.0013197723310440779,0.00015486270422115922,0.0014746349770575762
naval,dune_bayes,148,0.0009737390209920704,0.0001435942976968363,0.0011173333041369915
naval,dune_bayes,149,0.0013158607762306929,0.0001540407829452306,0.001469901530072093
naval,dune_bayes,150,0.0013503103982657194,0.00011947112216148525,0.0014697815058752894
naval,dune_bayes,151,0.001089785830117762,9.176296589430422e-05,0.0011815488105639815
naval,dune_bayes,152,0.0009598071337677538,0.00014095939695835114,0.001100766472518444
naval,dune_bayes,153,0.0010844002244994044,9.078079892788082e-05,0.00117518100887537
naval,dune_bayes,154,0.0011397538473829627,0.00024891880457289517,0.0013886726228520274
naval,dune_bayes,155,0.000981590012088418,0.0001466342800995335,0.0011282243067398667
naval,dune_bayes,156,0.0013630460016429424,0.00012963525659870356,0.0014926812145859003
naval,dune_bayes,157,0.001074500847607851,8.899367821868509e-05,0.0011634945403784513
naval,dune_bayes,158,0.0013423170894384384,0.00022614499903284013,0.001568462117575109
naval,dune_bayes,159,0.001175924320705235,0.00015530739619862288,0.0013312316732481122
naval,dune_bayes,160,0.0011267353547737002,0.00024240330094471574,0.0013691387139260769
naval,dune_bayes,161,0.001340624294243753,0.0002256441512145102,0.001566268503665924
naval,dune_bayes,162,0.001345700235106051,0.00012653181329369545,0.0014722320483997464
naval,dune_bayes,163,0.0010887087555602193,0.0001317139685852453,0.001220422680489719
naval,dune_bayes,164,0.0012862632283940911,0.00014781854406464845,0.0014340818161144853
naval,dune_bayes,165,0.0013400530442595482,0.00012552892439998686,0.0014655819395557046
naval,dune_bayes,166,0.0010838016169145703,0.0001303996832575649,0.0012142013292759657
naval,dune_bayes,167,0.0010798018192872405,0.00012932367098983377,0.0012091255048289895
naval,dune_bayes,168,0.0013533232267946005,0.00025790417566895485,0.0016112274024635553
naval,dune_bayes,169,0.0011638369178399444,0.00015244506357703358,0.0013162819668650627
naval,dune_bayes,170,0.0011131640058010817,0.000235774161410518,0.0013489382108673453
naval,dune_bayes,171,0.0012852983782067895,0.00020942532864864916,0.0014947237214073539
naval,dune_bayes,172,0.0011611664667725563,0.00015182458446361125,0.001312991022132337
naval,dune_bayes,173,0.0010400337632745504,8.294863800983876e-05,0.0011229823576286435
naval,dune_bayes,174,0.0012685281690210104,0.00020466082787606865,0.0014731889823451638
naval,dune_bayes,175,0.0011580343125388026,0.00015108290244825184,0.001309117185883224
naval,dune_bayes,176,0.0012693300377577543,0.00014429271686822176,0.001413622754625976
naval,dune_bayes,177,0.0016601040260866284,0.00036966349580325186,0.00202976749278605
naval,dune_bayes,178,0.0011548959882929921,0.00015033983800094575,0.0013052357826381922
naval,dune_bayes,179,0.0012665061512961984,0.00010485604434506968,0.0013713622465729713
naval,dune_bayes,180,0.0012386618182063103,0.00019623638945631683,0.0014348982367664576
naval,dune_bayes,181,0.0012617952888831496,0.0001427661773050204,0.0014045614516362548
naval,dune_bayes,182,0.0010566017590463161,0.00012317157234065235,0.001179773360490799
naval,dune_bayes,183,0.0012576718581840396,0.0001419186737621203,0.0013995905173942447
naval,dune_bayes,184,0.0010938586201518774,0.00022653437918052077,0.001320393057540059
naval,dune_bayes,185,0.0011633234098553658,0.0001758942089509219,0.001339217647910118
naval,dune_bayes,186,0.001245659776031971,0.00013947552361059934,0.001385135343298316
naval,dune_bayes,187,0.0011222867760807276,0.00016524524835404009,0.001287532038986683
naval,dune_bayes,188,0.0011376115726307034,0.00014632150123361498,0.0012839330593124032
naval,dune_bayes,189,0.001279007876291871,0.00011495500075398013,0.0013939628843218088
naval,dune_bayes,190,0.0009420527494512498,0.00013537087943404913,0.001077423570677638
naval,dune_bayes,191,0.0011350708082318306,0.00014574415399692953,0.0012808149913325906
naval,dune_bayes,192,0.0012738022487610579,0.00011407780402805656,0.0013878800673410296
naval,dune_bayes,193,0.000927856657654047,0.0001324466138612479,0.0010603033006191254
naval,dune_bayes,194,0.0010784828336909413,0.00021928467322140932,0.0012977675069123507
naval,dune_bayes,195,0.0011290240800008178,0.00014433714386541396,0.0012733612675219774
naval,dune_bayes,196,0.0010753871174529195,0.00021784770069643855,0.0012932347599416971
naval,dune_bayes,197,0.0012266052654013038,0.00013565499102696776,0.0013622601982206106
naval,dune_bayes,198,0.0012574844295158982,0.0001113364050979726,0.0013688207836821675
naval,dune_bayes,199,0.0010721804574131966,0.00021639451733790338,0.0012885750038549304
naval,dune_bayes,200,0.0012474446557462215,0.00010968199057970196,0.0013571266317740083
naval,dune_bayes,201,0.0010660507250577211,0.00021358246158342808,0.0012796331429854035
naval,dune_bayes,202,0.0011899591190740466,0.00015864887973293662,0.0013486079405993223
naval,dune_bayes,203,0.001087946817278862,9.149316611001268e-05,0.0011794399470090866
naval,dune_bayes,204,0.001407491508871317,0.00024636872694827616,0.0016538602067157626
naval,dune_bayes,205,0.0013428168604150414,0.00011812390584964305,0.0014609408099204302
naval,dune_bayes,206,0.0013050874695181847,0.0001516999618615955,0.0014567874604836106
naval,dune_bayes,207,0.0013006352819502354,0.0001507546694483608,0.0014513899805024266
naval,dune_bayes,208,0.0011297614546492696,0.00024419062538072467,0.0013739520218223333
naval,dune_bayes,209,0.001177305239252746,0.00015560669999103993,0.0013329118955880404
naval,dune_bayes,210,0.0013453434221446514,0.00022698369866702706,0.0015723271062597632
naval,dune_bayes,211,0.0011713157873600721,0.00015418391558341682,0.0013254997320473194
naval,dune_bayes,212,0.0010869523975998163,0.00013135636982042342,0.0012183088110759854
naval,dune_bayes,213,0.0012841542484238744,0.00014731976261828095,0.00143147399649024
naval,dune_bayes,214,0.0011651659151539207,0.00015272897144313902,0.001317894901148975
naval,dune_bayes,215,0.0012649077689275146,0.00020368049445096403,0.0014685882488265634
naval,dune_bayes,216,0.0013271572533994913,0.00012321882240939885,0.0014503761194646358
naval,dune_bayes,217,0.0012803287245333195,0.00010720884893089533,0.0013875375734642148
naval,dune_bayes,218,0.0013800474116578698,0.00026708279619924724,0.0016471302369609475
naval,dune_bayes,219,0.0013158012880012393,0.00012123134365538135,0.0014370325952768326
naval,dune_bayes,220,0.0012730584712699056,0.00010596468928270042,0.0013790231896564364
naval,dune_bayes,221,0.0012665976537391543,0.00010488173575140536,0.0013714793603867292
naval,dune_bayes,222,0.0010280447313562036,8.094703662209213e-05,0.0011089917970821261
naval,dune_bayes,223,0.0012596957385540009,0.00014227774227038026,0.0014019734226167202
naval,dune_bayes,224,0.0014237938448786736,0.00027857720851898193,0.0017023710533976555
naval,dune_bayes,225,0.0011596775148063898,0.00017485574062447995,0.001334533211775124
naval,dune_bayes,226,0.001083966693840921,0.00022212993644643575,0.0013060966739431024
naval,dune_bayes,227,0.000995695823803544,7.556275522802025e-05,0.001071258564479649
naval,dune_bayes,228,0.0012323198607191443,0.0001367469085380435,0.0013690667692571878
naval,dune_bayes,229,0.0011277165031060576,0.00014401867520064116,0.0012717351783066988
naval,dune_bayes,230,0.001261696801520884,0.00011201343295397237,0.0013737102271988988
naval,dune_bayes,231,0.0012081618187949061,9.532039985060692e-05,0.001303482218645513
naval,dune_bayes,232,0.0009869309142231941,7.41416442906484e-05,0.0010610725730657578
naval,dune_bayes,233,0.0009254959295503795,0.00013194759958423674,0.0010574435582384467
naval,dune_bayes,234,0.0009613515576347709,0.00014094679499976337,0.0011022983817383647
naval,dune_bayes,235,0.0010559564689174294,0.00014858951908536255,0.0012045459588989615
naval,dune_bayes,236,0.0009547688532620668,0.00013927937834523618,0.0010940482607111335
naval,dune_bayes,237,0.0011192446108907461,0.0001420755434082821,0.001261320197954774
naval,dune_bayes,238,0.0011896847281605005,9.241129737347364e-05,0.0012820960255339742
naval,dune_bayes,239,0.0009731617174111307,7.194767385954037e-05,0.001045109354890883
naval,dune_bayes,240,0.001213579555042088,0.00013302585284691304,0.0013466053642332554
naval,dune_bayes,241,0.0012412574142217636,0.00010863754141610116,0.001349894911982119
naval,dune_bayes,242,0.001386371674016118,0.00023953760683070868,0.001625909237191081
naval,dune_bayes,243,0.001343470299616456,0.00011825881665572524,0.0014617291744798422
naval,dune_bayes,244,0.0011324557708576322,0.0002458161616232246,0.0013782719615846872
naval,dune_bayes,245,0.0011045054998248816,0.0001362998445983976,0.0012408053735271096
naval,dune_bayes,246,0.001125735230743885,0.00024249250418506563,0.0013682277640327811
naval,dune_bayes,247,0.0013517742045223713,0.00022886600345373154,0.0015806402079761028
naval,dune_bayes,248,0.0012950488599017262,0.00014954895596019924,0.001444597844965756
naval,dune_bayes,249,0.0013546959962695837,0.00012807677558157593,0.0014827727572992444
naval,dune_bayes,250,0.0013220286928117275,0.00011444100528024137,0.0014364697271957994
naval,dune_bayes,251,0.0010948636336252093,0.00013363594189286232,0.0012284995755180717
naval,dune_bayes,252,0.0011223731562495232,0.0002408376894891262,0.0013632108457386494
naval,dune_bayes,253,0.0009752106852829456,0.00014484701387118548,0.0011200576554983854
naval,dune_bayes,254,0.0010905751259997487,0.00013248281902633607,0.0012230579741299152
naval,dune_bayes,255,0.0011694827117025852,0.00015371438348665833,0.0013231970369815826
naval,dune_bayes,256,0.0010505609679967165,8.487038576276973e-05,0.0011354313464835286
naval,dune_bayes,257,0.001112189725972712,0.00023589796910528094,0.0013480876805260777
naval,dune_bayes,258,0.001089555211365223,0.00017535088409204036,0.001264906139113009
naval,dune_bayes,259,0.001076146145351231,0.00012858639820478857,0.0012047325726598501
naval,dune_bayes,260,0.0012867687037214637,0.00020975897496100515,0.001496527693234384
naval,dune_bayes,261,0.0011606418993324041,0.00015163635544013232,0.0013122782111167908
naval,dune_bayes,262,0.0012743546394631267,0.00014524917060043663,0.0014196038246154785
naval,dune_bayes,263,0.0012868547346442938,0.00010832615225808695,0.001395180937834084
naval,dune_bayes,264,0.0010714828968048096,0.00012733573385048658,0.0011988186743110418
naval,dune_bayes,265,0.0011059202952310443,0.00023283038171939552,0.0013387507060542703
naval,dune_bayes,266,0.0011837889906018972,0.00020291020337026566,0.0013866991503164172
naval,dune_bayes,267,0.0010358995059505105,8.232931577367708e-05,0.0011182287707924843
naval,dune_bayes,268,0.0013143906835466623,0.00012095427518943325,0.0014353449223563075
naval,dune_bayes,269,0.0010622480185702443,0.00012487858475651592,0.0011871266178786755
naval,dune_bayes,270,0.0013089083367958665,0.00012000374408671632,0.0014289120445027947
naval,dune_bayes,271,0.0012666638940572739,0.00010490593558643013,0.0013715698150917888
naval,dune_bayes,272,0.001258386648260057,0.00014198030112311244,0.0014003668911755085
naval,dune_bayes,273,0.0010219286195933819,7.997193461051211e-05,0.001101900590583682
naval,dune_bayes,274,0.001053167157806456,0.00012248699204064906,0.0011756541207432747
naval,dune_bayes,275,0.0010892723221331835,0.00022490466653835028,0.001314176945015788
naval,dune_bayes,276,0.0011677290312945843,0.00017698768351692706,0.001344716758467257
naval,dune_bayes,277,0.001596400747075677,0.00034058874007314444,0.0019369894871488214
naval,dune_bayes,278,0.0014242305187508464,0.00027857779059559107,0.0017028083093464375
naval,dune_bayes,279,0.001281742355786264,0.00011535442172316834,0.00139709678478539
naval,dune_bayes,280,0.0012339612003415823,9.949077502824366e-05,0.0013334519462659955
naval,dune_bayes,281,0.0010354043915867805,0.00011792474833782762,0.0011533291544765234
naval,dune_bayes,282,0.0011090137995779514,0.00016177273937501013,0.001270786509849131
naval,dune_bayes,283,0.0010766779305413365,0.00021900171122979373,0.0012956795981153846
naval,dune_bayes,284,0.0011313948780298233,0.00014482381811831146,0.0012762186815962195
naval,dune_bayes,285,0.0010714236414059997,0.0001689493510639295,0.0012403730070218444
naval,dune_bayes,286,0.0009890333749353886,7.45282304706052e-05,0.0010635616490617394
naval,dune_bayes,287,0.0011258512968197465,0.00014355241728480905,0.0012694037286564708
naval,dune_bayes,288,0.0009262904059141874,0.00013161124661564827,0.0010579016525298357
naval,dune_bayes,289,0.0010690500494092703,0.00015176122542470694,0.0012208112748339772
naval,dune_bayes,290,0.0012498004361987114,0.00011000498489011079,0.0013598054647445679
naval,dune_bayes,291,0.0011955836089327931,9.333562775282189e-05,0.0012889192439615726
naval,dune_bayes,292,0.0011898347875103354,9.244306420441717e-05,0.0012822778662666678
naval,dune_bayes,293,0.0009714362677186728,7.171383185777813e-05,0.0010431500850245357
naval,dune_bayes,294,0.0012083951150998473,0.00013196944200899452,0.001340364571660757
naval,dune_bayes,295,0.0012346749426797032,0.00010752751404652372,0.0013422024203464389
naval,dune_bayes,296,0.0009627127437852323,7.034595182631165e-05,0.0010330587392672896
naval,dune_bayes,297,0.0009969311067834496,0.00010833614214789122,0.0011052672052755952
naval,dune_bayes,298,0.001508068758994341,0.00030868942849338055,0.0018167581874877214
naval,dune_bayes,299,0.0013625080464407802,0.0002321581996511668,0.0015946662751957774
naval,dune_bayes,300,0.0010736607946455479,8.902296394808218e-05,0.0011626837076619267
naval,dune_bayes,301,0.0012382480781525373,0.00021828526223544031,0.0014565333258360624
naval,dune_bayes,302,0.001355606596916914,0.00023005108232609928,0.0015856577083468437
naval,dune_bayes,303,0.0010690297931432724,8.81975211086683e-05,0.0011572273215278983
naval,dune_bayes,304,0.001174067729152739,0.0001547785068396479,0.0013288462068885565
naval,dune_bayes,305,0.0013224489521235228,0.00011452796024968848,0.0014369769487529993
naval,dune_bayes,306,0.0010637011146172881,8.724776125745848e-05,0.0011509489268064499
naval,dune_bayes,307,0.0010937011102214456,0.00013345743354875594,0.0012271585874259472
naval,dune_bayes,308,0.0013339219149202108,0.00022352096857503057,0.0015574428252875805
naval,dune_bayes,309,0.0013085711980238557,0.0002161046431865543,0.0015246758703142405
naval,dune_bayes,310,0.0013014118885621428,0.00011084802827099338,0.0014122598804533482
naval,dune_bayes,311,0.001024038763716817,0.00015739334048703313,0.0011814320459961891
naval,dune_bayes,312,0.0012938689906150103,0.00010953374294331297,0.0014034027699381113
naval,dune_bayes,313,0.0013247556053102016,0.00012274309119675308,0.0014474986819550395
naval,dune_bayes,314,0.001070008729584515,0.0001270426291739568,0.0011970513733103871
naval,dune_bayes,315,0.0011558582773432136,0.0001504702668171376,0.0013063285732641816
naval,dune_bayes,316,0.001207534340210259,0.0001877030881587416,0.00139523739926517
naval,dune_bayes,317,0.0010956348851323128,0.00022813939722254872,0.0013237742241472006
naval,dune_bayes,318,0.0012351851910352707,0.0002187523350585252,0.0014539374969899654
naval,dune_bayes,319,0.0012599206529557705,0.00010377606668043882,0.001363696763291955
naval,dune_bayes,320,0.0011623980244621634,0.00017557284445501864,0.0013379708398133516
naval,dune_bayes,321,0.0011440825182944536,0.00014772337453905493,0.0012918058782815933
naval,dune_bayes,322,0.0010856373701244593,0.00022346482728607953,0.0013091021683067083
naval,dune_bayes,323,0.0011447124416008592,0.00017093060887418687,0.0013156430795788765
naval,dune_bayes,324,0.0012441978324204683,0.0001390382822137326,0.0013832361437380314
naval,dune_bayes,325,0.0012403089785948396,0.00010053177538793534,0.0013408407103270292
naval,dune_bayes,326,0.0010060131317004561,7.735558756394312e-05,0.001083368668332696
naval,dune_bayes,327,0.0011353633599355817,0.00014570036728400737,0.0012810637708753347
naval,dune_bayes,328,0.0013969907304272056,0.00026916887145489454,0.0016661596018821
naval,dune_bayes,329,0.001115051214583218,0.00016325451724696904,0.0012783057754859328
naval,dune_bayes,330,0.0012749347370117903,0.00011417054338380694,0.0013891053386032581
naval,dune_bayes,331,0.0010726733598858118,0.00021738764189649373,0.0012900610454380512
naval,dune_bayes,332,0.001129773911088705,0.00014441512757912278,0.001274188980460167
naval,dune_bayes,333,0.0012329150922596455,0.00013678403047379106,0.0013696991372853518
naval,dune_bayes,334,0.0010730111971497536,0.0001527229032944888,0.0012257341295480728
naval,dune_bayes,335,0.0012145190266892314,9.634501475375146e-05,0.0013108639977872372
naval,dune_bayes,336,0.0010201361728832126,0.00011417671339586377,0.0011343129444867373
naval,dune_bayes,337,0.0012540319003164768,0.00011068161984439939,0.0013647135347127914
naval,dune_bayes,338,0.0012015142710879445,9.427267650607973e-05,0.001295786933042109
naval,dune_bayes,339,0.0009783016284927726,7.285219908226281e-05,0.001051153871230781
naval,dune_bayes,340,0.001060557784512639,0.00021177856251597404,0.001272336347028613
naval,dune_bayes,341,0.001027993974275887,0.00014185292820911855,0.0011698468588292599
naval,dune_bayes,342,0.0011185634648427367,0.0001418541942257434,0.0012604176299646497
naval,dune_bayes,343,0.001057445420883596,0.00021036675025243312,0.0012678122147917747
naval,dune_bayes,344,0.0011156105902045965,0.00014117553655523807,0.0012567861704155803
naval,dune_bayes,345,0.0012140084290876985,0.00013302758452482522,0.0013470359845086932
naval,dune_bayes,346,0.0011131544597446918,0.00014062703121453524,0.001253781490959227
naval,dune_bayes,347,0.0012335643405094743,0.00010731997463153675,0.0013408843660727143
naval,dune_bayes,348,0.0012918360298499465,0.00014879144146107137,0.0014406275004148483
naval,dune_bayes,349,0.0013466565869748592,0.00012658654304686934,0.0014732431154698133
naval,dune_bayes,350,0.0010567851131781936,8.607139170635492e-05,0.0011428565485402942
naval,dune_bayes,351,0.0011084118159487844,0.00023455568589270115,0.0013429675018414855
naval,dune_bayes,352,0.0013350960798561573,0.00012453315139282495,0.001459629274904728
naval,dune_bayes,353,0.001046819263137877,8.433709444943815e-05,0.0011311563430354
naval,dune_bayes,354,0.001329611986875534,0.00012357423838693649,0.0014531862689182162
naval,dune_bayes,355,0.001294323243200779,0.00010962920350721106,0.001403952483087778
naval,dune_bayes,356,0.0010729215573519468,0.00012794439680874348,0.0012008659541606903
naval,dune_bayes,357,0.001068375539034605,0.00012671700096689165,0.0011950925691053271
naval,dune_bayes,358,0.0010982179082930088,0.0002297001628903672,0.0013279180275276303
naval,dune_bayes,359,0.0012667858973145485,0.00014359726628754288,0.0014103831490501761
naval,dune_bayes,360,0.0010322409216314554,8.181278826668859e-05,0.001114053651690483
naval,dune_bayes,361,0.0010659935651347041,0.00016862973279785365,0.001234623254276812
naval,dune_bayes,362,0.0011508760508149862,0.0001492616574978456,0.001300137722864747
naval,dune_bayes,363,0.001312787993811071,0.00012063843314535916,0.0014334263978525996
naval,dune_bayes,364,0.001058858586475253,0.00012421018618624657,0.001183068729005754
naval,dune_bayes,365,0.0011482414556667209,0.00014865583216305822,0.0012968973023816943
naval,dune_bayes,366,0.0012586605735123158,0.00014193820243235677,0.0014005987904965878
naval,dune_bayes,367,0.001054275082424283,0.00012300275557208806,0.0011772778816521168
naval,dune_bayes,368,0.0011805895483121276,0.0002017896476900205,0.0013823792105540633
naval,dune_bayes,369,0.0011453683255240321,0.00014799302152823657,0.001293361303396523
naval,dune_bayes,370,0.0010454831644892693,0.00012073465040884912,0.0011662178440019488
naval,dune_bayes,371,0.001314078108407557,0.00024432354257442057,0.0015584016218781471
naval,dune_bayes,372,0.0011435665655881166,0.00017058098455891013,0.0013141476083546877
naval,dune_bayes,373,0.0010784518672153354,0.0002203528565587476,0.0012988047674298286
naval,dune_bayes,374,0.00113658735062927,0.00014595300308428705,0.0012825403828173876
naval,dune_bayes,375,0.0012429370544850826,0.00013875489821657538,0.001381692010909319
naval,dune_bayes,376,0.0010781597811728716,0.0001540191296953708,0.001232178881764412
naval,dune_bayes,377,0.001133528770878911,0.000145240337587893,0.001278769108466804
naval,dune_bayes,378,0.0012388956965878606,0.00013793598918709904,0.0013768316712230444
naval,dune_bayes,379,0.0012793369824066758,0.00011489071766845882,0.001394227729178965
naval,dune_bayes,380,0.001031801220960915,0.00011722552153514698,0.0011490267934277654
naval,dune_bayes,381,0.0010693740332499146,0.00021608071983791888,0.001285454723984003
naval,dune_bayes,382,0.0011279723839834332,0.00014396640472114086,0.001271938788704574
naval,dune_bayes,383,0.0012307908618822694,0.00013629929162561893,0.0013670901535078883
naval,dune_bayes,384,0.0013644119026139379,0.00025819859001785517,0.001622610492631793
naval,dune_bayes,385,0.0012635597959160805,0.00011224469199078158,0.0013758045388385653
naval,dune_bayes,386,0.0011570326751098037,0.00019332332885824144,0.0013503560330718756
naval,dune_bayes,387,0.0011224379995837808,0.00014270065003074706,0.0012651386205106974
naval,dune_bayes,388,0.0009813816286623478,7.33880588086322e-05,0.0010547697311267257
naval,dune_bayes,389,0.0010346504859626293,0.0001433907018508762,0.001178041216917336
naval,dune_bayes,390,0.0011197059648111463,0.00014208420179784298,0.0012617901666089892
naval,dune_bayes,391,0.0012532479595392942,0.0001105353730963543,0.0013637833762913942
naval,dune_bayes,392,0.0010097610065713525,0.00011167837510583922,0.0011214393889531493
naval,dune_bayes,393,0.0010566824348643422,0.00021030931384302676,0.0012669917196035385
naval,dune_bayes,394,0.0010291808284819126,0.00015732845349702984,0.0011865092674270272
naval,dune_bayes,395,0.0011958593968302011,9.33931878535077e-05,0.0012892525410279632
naval,dune_bayes,396,0.0010535960318520665,0.0002089082554448396,0.0012625042581930757
naval,dune_bayes,397,0.0011142699513584375,0.0001408496464136988,0.0012551195686683059
naval,dune_bayes,398,0.0009629920241422951,7.047234248602763e-05,0.0010334643302485347
naval,dune_bayes,399,0.0009292077156715095,0.00013285610475577414,0.001062063849531114
naval,dune_bayes,400,0.000995572772808373,0.00013424019562080503,0.001129813026636839
naval,dune_bayes,401,0.0009543760097585618,6.913085235282779e-05,0.0010235068621113896
naval,dune_bayes,402,0.0011334758019074798,0.00011498552339617163,0.0012484613107517362
naval,dune_bayes,403,0.0010384268825873733,0.00020210613729432225,0.0012405330780893564
naval,dune_bayes,404,0.0013356957351788878,0.00022396168787963688,0.0015596573939546943
naval,dune_bayes,405,0.0011701202020049095,0.00015375395014416426,0.001323874108493328
naval,dune_bayes,406,0.0010601229732856154,8.673279808135703e-05,0.0011468557640910149
naval,dune_bayes,407,0.0011115653906017542,0.00023636926198378205,0.0013479345943778753
naval,dune_bayes,408,0.0013156256172806025,0.00011334814189467579,0.001428973744623363
naval,dune_bayes,409,0.0011083218269050121,0.00023478477669414133,0.0013431066181510687
naval,dune_bayes,410,0.0013401593314483762,0.00012541674368549138,0.0014655761187896132
naval,dune_bayes,411,0.0010811741231009364,0.0001302566088270396,0.0012114307610318065
naval,dune_bayes,412,0.00110468955244869,0.00023300154134631157,0.0013376910937950015
naval,dune_bayes,413,0.001334454515017569,0.00012440701539162546,0.0014588615158572793
naval,dune_bayes,414,0.0010452534770593047,8.411431917920709e-05,0.0011293678544461727
naval,dune_bayes,415,0.0010762481251731515,0.00012893995153717697,0.001205188105814159
naval,dune_bayes,416,0.0009465555194765329,0.00013669264444615692,0.001083248178474605
naval,dune_bayes,417,0.001098056323826313,0.00022981294023338705,0.0013278692495077848
naval,dune_bayes,418,0.0012692975578829646,0.0001440767227904871,0.0014133743243291974
naval,dune_bayes,419,0.0010943739907816052,0.00022811365488450974,0.0013224876020103693
naval,dune_bayes,420,0.0009860774734988809,0.00014735863078385592,0.0011334361042827368
naval,dune_bayes,421,0.0010209280299022794,7.994951738510281e-05,0.001100877532735467
naval,dune_bayes,422,0.0011459880042821169,0.00019136808987241238,0.0013373560504987836
naval,dune_bayes,423,0.0012491148663684726,0.0001399575121467933,0.0013890723930671811
naval,dune_bayes,424,0.0012533855624496937,0.00010269748599966988,0.0013560830848291516
naval,dune_bayes,425,0.0012468505883589387,0.00010162376565858722,0.001348474295809865
naval,dune_bayes,426,0.0012407925678417087,0.00010063296213047579,0.0013414255809038877
naval,dune_bayes,427,0.0011321932543069124,0.00014491153706330806,0.0012771048350259662
naval,dune_bayes,428,0.0012377103557810187,0.0001376707077724859,0.001375381019897759
naval,dune_bayes,429,0.0011291925329715014,0.00014421723608393222,0.0012734098127111793
naval,dune_bayes,430,0.001073564519174397,0.00015281132073141634,0.0012263758108019829
naval,dune_bayes,431,0.001062217983417213,0.00021304990514181554,0.001275267917662859
naval,dune_bayes,432,0.0010168516309931874,0.00011354054004186764,0.001130392192862928
naval,dune_bayes,433,0.0011206259950995445,0.00014225055929273367,0.0012628765543922782
naval,dune_bayes,434,0.001251581241376698,0.00011021955288015306,0.0013618008233606815
naval,dune_bayes,435,0.001113124773837626,0.00018052435189019889,0.0012936490820720792
naval,dune_bayes,436,0.0012145474320277572,0.00013305171160027385,0.00134759908542037
naval,dune_bayes,437,0.0012464022729545832,0.00010936363833025098,0.0013557658530771732
naval,dune_bayes,438,0.001004053046926856,0.00011038866796297953,0.0011144416639581323
naval,dune_bayes,439,0.001241399091668427,0.00010854790161829442,0.0013499469496309757
naval,dune_bayes,440,0.0009660044452175498,7.098617061274126e-05,0.0010369906667619944
naval,dune_bayes,441,0.0011775447055697441,9.054385736817494e-05,0.001268088584765792
naval,dune_bayes,442,0.0009912727400660515,0.00010726151231210679,0.0010985342087224126
naval,dune_bayes,443,0.0010407189838588238,0.00020332365238573402,0.001244042650796473
naval,dune_bayes,444,0.0009811462368816137,0.000130983316921629,0.0011121295392513275
naval,dune_bayes,445,0.0011709699174389243,8.952077041612938e-05,0.001260490738786757
naval,dune_bayes,446,0.0009870829526335,0.00010624634887790307,0.0010933292796835303
naval,dune_bayes,447,0.0009785783477127552,0.0001042123549268581,0.0010827906662598252
naval,dune_bayes,448,0.0016288521001115441,0.0003598871408030391,0.001988739240914583
naval,dune_bayes,449,0.0011623306199908257,0.00015187937242444605,0.001314210006967187
naval,dune_bayes,450,0.0013394237030297518,0.0001252657239092514,0.0014646893832832575
naval,dune_bayes,451,0.0014380773063749075,0.0002834959595929831,0.001721573295071721
naval,dune_bayes,452,0.0011596636613830924,0.000151263244333677,0.0013109268620610237
naval,dune_bayes,453,0.0013018564786762,0.00011095090303570032,0.0014128073817119002
naval,dune_bayes,454,0.0012438003905117512,0.00019752747903112322,0.0014413278549909592
naval,dune_bayes,455,0.0011535071535035968,0.00014981614367570728,0.0013033233117312193
naval,dune_bayes,456,0.0013216898078098893,0.00012213113950565457,0.0014438210055232048
naval,dune_bayes,457,0.0012882702285423875,0.00010861994087463245,0.001396890147589147
naval,dune_bayes,458,0.0010338413994759321,8.22023575892672e-05,0.0011160437716171145
naval,dune_bayes,459,0.0012638813350349665,0.00014293243293650448,0.0014068137388676405
naval,dune_bayes,460,0.0012811272172257304,0.00010738687706179917,0.0013885140651836991
naval,dune_bayes,461,0.0010287280892953277,8.132476796163246e-05,0.0011100528063252568
naval,dune_bayes,462,0.0012744226260110736,0.0001062544179148972,0.0013806771021336317
naval,dune_bayes,463,0.001023520715534687,8.04369556135498e-05,0.001103957649320364
naval,dune_bayes,464,0.0012511858949437737,0.00014032397302798927,0.0013915098970755935
naval,dune_bayes,465,0.0012993328273296356,0.00011825754336314276,0.0014175904216244817
naval,dune_bayes,466,0.0011440211674198508,0.0001706260663922876,0.001314647262915969
naval,dune_bayes,467,0.0012474091490730643,0.00010172526526730508,0.0013491343706846237
naval,dune_bayes,468,0.001159787643700838,0.00019538898777682334,0.0013551766751334071
naval,dune_bayes,469,0.0009999927133321762,7.649990584468469e-05,0.001076492597348988
naval,dune_bayes,470,0.0012719158548861742,0.00023030336888041347,0.001502219238318503
naval,dune_bayes,471,0.0011003646068274975,0.0001594601635588333,0.001259824726730585
naval,dune_bayes,472,0.0014182782033458352,0.00028025926440022886,0.0016985374968498945
naval,dune_bayes,473,0.0012315193889662623,0.00013636374205816537,0.0013678831746801734
naval,dune_bayes,474,0.001271572313271463,0.00011352546425769106,0.001385097741149366
naval,dune_bayes,475,0.0012278526555746794,9.852524090092629e-05,0.00132637785281986
naval,dune_bayes,476,0.0009906762279570103,7.498502964153886e-05,0.0010656611993908882
naval,dune_bayes,477,0.001451367512345314,0.0002923058927990496,0.0017436733469367027
naval,dune_bayes,478,0.0010604339186102152,0.0001495841861469671,0.0012100180611014366
naval,dune_bayes,479,0.000985994003713131,7.421670306939632e-05,0.001060210750438273
naval,dune_bayes,480,0.0010586276184767485,0.00021166540682315826,0.0012702930252999067
naval,dune_bayes,481,0.0012243844103068113,0.00013496159226633608,0.001359345973469317
naval,dune_bayes,482,0.0012080883607268333,9.533249249216169e-05,0.0013034208677709103
naval,dune_bayes,483,0.0009770863689482212,7.278286648215726e-05,0.0010498692281544209
naval,dune_bayes,484,0.0012506074272096157,0.00011003431427525356,0.0013606417924165726
naval,dune_bayes,485,0.0011133889202028513,0.00014057142834644765,0.0012539603048935533
naval,dune_bayes,486,0.0011958079412579536,9.340069664176553e-05,0.0012892086524516344
naval,dune_bayes,487,0.0009681253577582538,7.136504427762702e-05,0.0010394904529675841
naval,dune_bayes,488,0.0010025415103882551,0.00011010019807145,0.001112641766667366
naval,dune_bayes,489,0.0011104197474196553,0.00013989134458824992,0.0012503110338002443
naval,dune_bayes,490,0.001074217609129846,0.0001695000973995775,0.001243717735633254
naval,dune_bayes,491,0.0012352754129096866,0.00010751969966804609,0.0013427950907498598
naval,dune_bayes,492,0.0009693811880424619,0.0001416697632521391,0.001111050951294601
naval,dune_bayes,493,0.0009893033420667052,0.0001068932906491682,0.0010961965890601277
naval,dune_bayes,494,0.0009795945370569825,0.00013053168368060142,0.0011101262643933296
naval,dune_bayes,495,0.0012246901169419289,0.00010579048102954403,0.0013304805615916848
naval,dune_bayes,496,0.0009710046579129994,0.00012869093916378915,0.001099695567972958
naval,dune_bayes,497,0.0010999757796525955,0.00013755551481153816,0.001237531309016049
naval,dune_bayes,498,0.00119395786896348,0.00012896193948108703,0.0013229198521003127
naval,dune_bayes,499,0.0009809896582737565,0.00010488227417226881,0.0010858719469979405
naval,dune_bayes,500,0.001097111846320331,0.00013690869673155248,0.001234020572155714
naval,dune_bayes,501,0.0009423656738363206,6.736433715559542e-05,0.0010097300400957465
naval,dune_bayes,502,0.0009478611755184829,0.00013721254072152078,0.0010850736871361732
naval,dune_bayes,503,0.0009697105851955712,0.00012834984227083623,0.001098060398362577
naval,dune_bayes,504,0.0012787679443135858,0.00014594881213270128,0.0014247167855501175
naval,dune_bayes,505,0.001309876679442823,0.0001123760812333785,0.0014222527388483286
naval,dune_bayes,506,0.0010943262604996562,0.00022853031987324357,0.0013228566385805607
naval,dune_bayes,507,0.0012704019900411367,0.0001442253269487992,0.0014146273024380207
naval,dune_bayes,508,0.0012888869969174266,0.00010874029976548627,0.0013976272894069552
naval,dune_bayes,509,0.0009552679257467389,0.00013841580948792398,0.0010936837643384933
naval,dune_bayes,510,0.0010220024269074202,8.022454858291894e-05,0.0011022270191460848
naval,dune_bayes,511,0.000945656152907759,0.00013709011545870453,0.0010827463120222092
naval,dune_bayes,512,0.001169821945950389,0.00017739796021487564,0.0013472199207171798
naval,dune_bayes,513,0.0012542370241135359,0.00014092378842178732,0.001395160797983408
naval,dune_bayes,514,0.0013040790800005198,0.00011905463179573417,0.0014231337700039148
naval,dune_bayes,515,0.0012675600592046976,0.00010509935236768797,0.0013726594625040889
naval,dune_bayes,516,0.001140235224738717,0.0001696478866506368,0.0013098830822855234
naval,dune_bayes,517,0.0012500357115641236,0.00014006391575094312,0.001390099641866982
naval,dune_bayes,518,0.0010076322359964252,7.78090106905438e-05,0.0010854412103071809
naval,dune_bayes,519,0.0011346015380695462,0.00016815484559629112,0.0013027563691139221
naval,dune_bayes,520,0.001281458418816328,0.00011517338134581223,0.0013966318219900131
naval,dune_bayes,521,0.0011452684411779046,0.0001910092105390504,0.0013362776953727007
naval,dune_bayes,522,0.0010837025474756956,0.00015526753850281239,0.001238970085978508
naval,dune_bayes,523,0.0012209777487441897,9.741161193232983e-05,0.0013183893170207739
naval,dune_bayes,524,0.0010547494748607278,0.00021014511003158987,0.0012648946139961481
naval,dune_bayes,525,0.001222283230163157,0.00013448443496599793,0.0013567677233368158
naval,dune_bayes,526,0.0010135200573131442,0.00011290537804597989,0.001126425457186997
naval,dune_bayes,527,0.0010487479157745838,0.0002073864743579179,0.0012561343610286713
naval,dune_bayes,528,0.001602956443093717,0.00034554797457531095,0.001948504475876689
naval,dune_bayes,529,0.001114540733397007,0.00014080252731218934,0.0012553432025015354
naval,dune_bayes,530,0.001249872730113566,0.00010989714792231098,0.0013597698416560888
naval,dune_bayes,531,0.0010453155264258385,0.00020588765619322658,0.001251203240826726
naval,dune_bayes,532,0.001042490010149777,0.00020458828657865524,0.0012470782967284322
naval,dune_bayes,533,0.0011771052377298474,9.047444473253563e-05,0.0012675797333940864
naval,dune_bayes,534,0.000997535651549697,0.00018728550639934838,0.0011848211288452148
naval,dune_bayes,535,0.0010982106905430555,0.00013712506915908307,0.001235335716046393
naval,dune_bayes,536,0.0012188272085040808,0.00010482555808266625,0.001323652802966535
naval,dune_bayes,537,0.0010953020537272096,0.0001364663039566949,0.0012317684013396502
naval,dune_bayes,538,0.0013256873935461044,0.00012278853682801127,0.0014484759885817766
naval,dune_bayes,539,0.001613530213944614,0.00034741032868623734,0.001960940659046173
naval,dune_bayes,540,0.0011501978151500225,0.000148976847412996,0.0012991746189072728
naval,dune_bayes,541,0.0012885613832622766,0.00010867800301639363,0.001397239393554628
naval,dune_bayes,542,0.0010297842090949416,8.16017491160892e-05,0.0011113859945908189
naval,dune_bayes,543,0.0011759307235479355,0.00017900066450238228,0.0013549313880503178
naval,dune_bayes,544,0.0010203804122284055,8.000167872523889e-05,0.0011003820691257715
naval,dune_bayes,545,0.0010777936549857259,0.0002209764497820288,0.0012987700756639242
naval,dune_bayes,546,0.0009973770938813686,0.000148917650221847,0.0011462947586551309
naval,dune_bayes,547,0.0011615464463829994,0.0001751686941133812,0.0013367151841521263
naval,dune_bayes,548,0.0011412400053814054,0.00014688710507471114,0.0012881271541118622
naval,dune_bayes,549,0.00130249815993011,0.00011874260235344991,0.001421240740455687
naval,dune_bayes,550,0.0010437130695208907,0.00012069795047864318,0.001164410961791873
naval,dune_bayes,551,0.0011268847156316042,0.00016617296205367893,0.0012930576922371984
naval,dune_bayes,552,0.001039064140059054,0.00011949795589316636,0.001158562139607966
naval,dune_bayes,553,0.0010515981120988727,0.00016437684826087207,0.001215974916703999
naval,dune_bayes,554,0.000991708948276937,7.523307431256399e-05,0.0010669420007616282
naval,dune_bayes,555,0.00102536054328084,0.00011599319986999035,0.0011413537431508303
naval,dune_bayes,556,0.0012282467214390635,9.860703721642494e-05,0.0013268537586554885
naval,dune_bayes,557,0.001054640975780785,0.0002103104197885841,0.0012649514246731997
naval,dune_bayes,558,0.0012639515334740281,0.00011219331645406783,0.0013761448208242655
naval,dune_bayes,559,0.0009825696470215917,7.375334098469466e-05,0.0010563229443505406
naval,dune_bayes,560,0.0010368938092142344,0.0001438007311662659,0.0011806945549324155
naval,dune_bayes,561,0.0011184957111254334,0.00014166743494570255,0.001260163146071136
naval,dune_bayes,562,0.0012588832760229707,0.00011135534441564232,0.0013702386058866978
naval,dune_bayes,563,0.0009646994294598699,7.091280713211745e-05,0.0010356121929362416
naval,dune_bayes,564,0.0009601009078323841,7.017910684226081e-05,0.0010302800219506025
naval,dune_bayes,565,0.0012750832829624414,0.00022889497631695122,0.0015039782738313079
naval,dune_bayes,566,0.0011771044228225946,9.048091305885464e-05,0.001267585321329534
naval,dune_bayes,567,0.0009943009354174137,0.00018610793631523848,0.0011804088717326522
naval,dune_bayes,568,0.0010961643420159817,0.00013661666889674962,0.0012327809818089008
naval,dune_bayes,569,0.0009428229532204568,6.750905595254153e-05,0.0010103320237249136
naval,dune_bayes,570,0.001093775499612093,0.00013609173765871674,0.0012298672227188945
naval,dune_bayes,571,0.0009622466750442982,0.00012669900024775416,0.001088945660740137
naval,dune_bayes,572,0.0011201412416994572,0.00011241273023188114,0.0012325539719313383
naval,dune_bayes,573,0.0012074774131178856,0.00010297312110196799,0.001310450490564108
naval,dune_bayes,574,0.0009108665981329978,0.00012820820847991854,0.001039074850268662
naval,dune_bayes,575,0.0011471117613837123,8.590547076892108e-05,0.0012330171884968877
naval,dune_bayes,576,0.0011542553547769785,0.000193833009689115,0.0013480883790180087
naval,dune_bayes,577,0.00129648856818676,0.00011007142893504351,0.0014065599534660578
naval,dune_bayes,578,0.0010334629332646728,8.228853403124958e-05,0.0011157514527440071
naval,dune_bayes,579,0.0012154645519331098,0.00018961688329000026,0.0014050814788788557
naval,dune_bayes,580,0.001310421503148973,0.00024051227956078947,0.001550933811813593
naval,dune_bayes,581,0.0013018621830269694,0.00011861998791573569,0.0014204821782186627
naval,dune_bayes,582,0.0010134403128176928,7.888806430855766e-05,0.0010923283407464623
naval,dune_bayes,583,0.0010707011679187417,0.00021792054758407176,0.001288621686398983
naval,dune_bayes,584,0.001067166798748076,0.0002163226017728448,0.0012834894005209208
naval,dune_bayes,585,0.0012427238980308175,0.00013849623792339116,0.0013812201796099544
naval,dune_bayes,586,0.0012546991929411888,0.0001029616832965985,0.001357660861685872
naval,dune_bayes,587,0.0012847817270085216,0.00011568587797228247,0.0014004675904288888
naval,dune_bayes,588,0.001248156768269837,0.00010188109445152804,0.0013500378699973226
naval,dune_bayes,589,0.0010329664219170809,0.0001180289254989475,0.0011509953765198588
naval,dune_bayes,590,0.0011283266358077526,0.00014389026910066605,0.0012722169049084187
naval,dune_bayes,591,0.0009947139769792557,7.578569056931883e-05,0.0010704996529966593
naval,dune_bayes,592,0.0010209570173174143,0.00019793522369582206,0.001218892284668982
naval,dune_bayes,593,0.001230622292496264,0.00013606231368612498,0.0013666845625266433
naval,dune_bayes,594,0.0010198784293606877,0.00015579178580082953,0.0011756701860576868
naval,dune_bayes,595,0.0010197422234341502,0.0001146879731095396,0.001134430174715817
naval,dune_bayes,596,0.0010145548731088638,0.00019509698904585093,0.001209651818498969
naval,dune_bayes,597,0.0012230882421135902,0.00013456560554914176,0.0013576538767665625
naval,dune_bayes,598,0.0012214996386319399,9.751779725775123e-05,0.001319017494097352
naval,dune_bayes,599,0.0010407445952296257,0.00014467613073065877,0.0011854206677526236
naval,dune_bayes,600,0.001010765554383397,0.00011243396875215694,0.0011231994722038507
naval,dune_bayes,601,0.001008570077829063,0.00019246283045504242,0.0012010328937321901
naval,dune_bayes,602,0.0012153428979218006,0.0001330334780504927,0.0013483763905242085
naval,dune_bayes,603,0.0009718646761029959,7.208785245893523e-05,0.0010439525358378887
naval,dune_bayes,604,0.0010052574798464775,0.00019106341642327607,0.0011963208671659231
naval,dune_bayes,605,0.001111255376599729,0.00013999082148075104,0.00125124619808048
naval,dune_bayes,606,0.0010017345193773508,0.0001102053138311021,0.0011119397822767496
naval,dune_bayes,607,0.0010012768907472491,0.00013539280917029828,0.0011366696562618017
naval,dune_bayes,608,0.0011956630041822791,9.338581730844453e-05,0.001289048814214766
naval,dune_bayes,609,0.0009630663553252816,7.069772982504219e-05,0.001033764099702239
naval,dune_bayes,610,0.0009974748827517033,0.00010914909944403917,0.0011066240258514881
naval,dune_bayes,611,0.0009943237528204918,0.00013378811127040535,0.001128111849538982
naval,dune_bayes,612,0.0011055683717131615,0.00013870449038222432,0.0012442728038877249
naval,dune_bayes,613,0.0009964806959033012,0.00018725638801697642,0.0011837370693683624
naval,dune_bayes,614,0.0015871630748733878,0.0003385916061233729,0.0019257547101005912
naval,dune_bayes,615,0.000985182006843388,0.00013171300815884024,0.001116895000450313
naval,dune_bayes,616,0.0011031143367290497,0.00013816030696034431,0.001241274643689394
naval,dune_bayes,617,0.0009886036859825253,0.00010700197162805125,0.0010956056648865342
naval,dune_bayes,618,0.0014991265488788486,0.0003036887792404741,0.0018028153572231531
naval,dune_bayes,619,0.0009497078717686236,6.860522989882156e-05,0.0010183131089434028
naval,dune_bayes,620,0.0012213578447699547,0.00010517257760511711,0.001326530473306775
naval,dune_bayes,621,0.0009450484649278224,6.788671453250572e-05,0.0010129351867362857
naval,dune_bayes,622,0.0012162795756012201,0.00010435292642796412,0.001320632523857057
naval,dune_bayes,623,0.000963136029895395,0.00012681058433372527,0.001089946599677205
naval,dune_bayes,624,0.0009327057632617652,6.600862980121747e-05,0.0009987143566831946
naval,dune_bayes,625,0.0009070527157746255,0.00011180514411535114,0.001018857816234231
naval,dune_bayes,626,0.0010813772678375244,0.0001333045365754515,0.0012146817753091455
naval,dune_bayes,627,0.0009701466769911349,0.00017619392019696534,0.0011463406262919307
naval,dune_bayes,628,0.0012828009203076363,0.00010772724635899067,0.001390528166666627
naval,dune_bayes,629,0.0011408076388761401,0.00014672358520328999,0.00128753122407943
naval,dune_bayes,630,0.0012533592525869608,0.00014061179535929114,0.0013939710333943367
naval,dune_bayes,631,0.0012753921328112483,0.00010645154543453828,0.0013818437000736594
naval,dune_bayes,632,0.0011381837539374828,0.0001461250358261168,0.0012843087315559387
naval,dune_bayes,633,0.001045608427375555,0.00012138273450545967,0.0011669911909848452
naval,dune_bayes,634,0.001295081339776516,0.00011742528295144439,0.0014125066809356213
naval,dune_bayes,635,0.0010073418961837888,7.792618998792022e-05,0.0010852681007236242
naval,dune_bayes,636,0.0012410037452355027,0.0001381065376335755,0.001379110268317163
naval,dune_bayes,637,0.0010380832245573401,0.00015949993394315243,0.0011975831585004926
naval,dune_bayes,638,0.0012333313934504986,0.00013657072850037366,0.001369902165606618
naval,dune_bayes,639,0.0011235260171815753,0.00014274980640038848,0.0012662757653743029
naval,dune_bayes,640,0.0012732275063171983,0.00011371484288247302,0.0013869423419237137
naval,dune_bayes,641,0.0010634631616994739,0.00015015753160696477,0.001213620649650693
naval,dune_bayes,642,0.0012253917520865798,0.0001349863305222243,0.0013603781117126346
naval,dune_bayes,643,0.0009840534767135978,7.409242243738845e-05,0.0010581458918750286
naval,dune_bayes,644,0.0012623521033674479,0.0001118883810704574,0.0013742404989898205
naval,dune_bayes,645,0.0012219136115163565,9.759085514815524e-05,0.001319504459388554
naval,dune_bayes,646,0.0010183347621932626,0.00013932306319475174,0.0011576578253880143
naval,dune_bayes,647,0.0011501193512231112,0.00019222167611587793,0.0013423410709947348
naval,dune_bayes,648,0.0012460114667192101,0.00010916741302935407,0.0013551788870245218
naval,dune_bayes,649,0.000965453393291682,7.111352169886231e-05,0.0010365669149905443
naval,dune_bayes,650,0.0010002965573221445,0.00010993790783686563,0.0011102344142273068
naval,dune_bayes,651,0.0011065172730013728,0.00013887719251215458,0.0012453944655135274
naval,dune_bayes,652,0.001206234679557383,0.00013120085350237787,0.0013374355621635914
naval,dune_bayes,653,0.0009928890503942966,0.00018597747839521617,0.0011788664851337671
naval,dune_bayes,654,0.0009764725109562278,0.00012972917465958744,0.0011062016710639
naval,dune_bayes,655,0.0009520045132376254,6.899838626850396e-05,0.001021002884954214
naval,dune_bayes,656,0.0009479977888986468,6.838479021098465e-05,0.0010163825936615467
naval,dune_bayes,657,0.0012204378144815564,0.00010500032658455893,0.001325438148342073
naval,dune_bayes,658,0.0009435536339879036,6.769146420992911e-05,0.0010112450690940022
naval,dune_bayes,659,0.0012156000593677163,0.00010422823834232986,0.0013198283268138766
naval,dune_bayes,660,0.0009744818089529872,0.00010371999815106392,0.0010782018071040511
naval,dune_bayes,661,0.0009807535680010915,0.0001808244560379535,0.0011615779949352145
naval,dune_bayes,662,0.0012105397181585431,0.00010341489542042837,0.0013139545917510986
naval,dune_bayes,663,0.0009070828091353178,0.00011177820852026343,0.0010188610758632421
naval,dune_bayes,664,0.0009060715092346072,0.00011161538714077324,0.0010176869109272957
naval,dune_bayes,665,0.0010850898688659072,0.00013409421080723405,0.0012191841378808022
naval,dune_bayes,666,0.0009471058147028089,0.00013587757712230086,0.0010829833336174488
naval,dune_bayes,667,0.0011679313611239195,0.00017675246635917574,0.00134468381293118
naval,dune_bayes,668,0.001033533364534378,0.000203936971956864,0.0012374703073874116
naval,dune_bayes,669,0.0011420450173318386,0.000169988619745709,0.0013120336225256324
naval,dune_bayes,670,0.0011395313777029514,0.0001464092347305268,0.0012859406415373087
naval,dune_bayes,671,0.001283691031858325,0.00023405815591104329,0.0015177491586655378
naval,dune_bayes,672,0.0011364036472514272,0.00014567823382094502,0.0012820819392800331
naval,dune_bayes,673,0.0012692076852545142,0.00010542866948526353,0.001374636311084032
naval,dune_bayes,674,0.0012438592966645956,0.00013865037180949003,0.0013825097121298313
naval,dune_bayes,675,0.001103821792639792,0.00016017659800127149,0.0012639984488487244
naval,dune_bayes,676,0.001099651213735342,0.0001590992178535089,0.0012587504461407661
naval,dune_bayes,677,0.00106160924769938,0.00014970792108215392,0.0012113171396777034
naval,dune_bayes,678,0.0010145644191652536,0.00019550764409359545,0.0012100720778107643
naval,dune_bayes,679,0.0012283828109502792,9.864604362519458e-05,0.0013270288472995162
naval,dune_bayes,680,0.0012611070415005088,0.00011165119212819263,0.0013727581826969981
naval,dune_bayes,681,0.0012161732884123921,0.00013311931979842484,0.0013492925791069865
naval,dune_bayes,682,0.0009999099420383573,0.00013501883950084448,0.0011349287815392017
naval,dune_bayes,683,0.000995777314528823,0.00018735912453848869,0.0011831364827230573
naval,dune_bayes,684,0.001105286879464984,0.00013858237070962787,0.0012438693083822727
naval,dune_bayes,685,0.0009551043622195721,6.952778494451195e-05,0.0010246321326121688
naval,dune_bayes,686,0.0010993812466040254,0.000137239636387676,0.0012366208247840405
naval,dune_bayes,687,0.0009663586970418692,0.00012743804836645722,0.0010937966872006655
naval,dune_bayes,688,0.0011895026545971632,0.00012789027823600918,0.0013173929182812572
naval,dune_bayes,689,0.0011709999525919557,8.95495104487054e-05,0.0012605494121089578
naval,dune_bayes,690,0.0009416578686796129,6.744726852048188e-05,0.0010091051226481795
naval,dune_bayes,691,0.0012139661703258753,0.00010392643162049353,0.0013178925728425384
naval,dune_bayes,692,0.000972958339843899,0.00010344335169065744,0.0010764016769826412
naval,dune_bayes,693,0.0011189962970092893,0.00011209833610337228,0.0012310945894569159
naval,dune_bayes,694,0.0011594529496505857,8.779318886809051e-05,0.0012472461676225066
naval,dune_bayes,695,0.0013087628176435828,0.0002391914022155106,0.0015479542780667543
naval,dune_bayes,696,0.001086189760826528,0.00013430934632197022,0.0012204991653561592
naval,dune_bayes,697,0.0011528987670317292,8.678896119818091e-05,0.0012396876700222492
naval,dune_bayes,698,0.0009717886568978429,0.00017727649537846446,0.0011490650940686464
naval,dune_bayes,699,0.0010833292035385966,0.0001336679415544495,0.0012169971596449614
naval,dune_bayes,700,0.0011471371399238706,8.592388621764258e-05,0.0012330610770732164
naval,dune_bayes,701,0.0010809568921104074,0.0001331511593889445,0.0012141080806031823
naval,dune_bayes,702,0.0009202479268424213,6.420892896130681e-05,0.000984456855803728
naval,dune_bayes,703,0.0009559934260323644,9.94606816675514e-05,0.0010554541368037462
naval,dune_bayes,704,0.0011052330955863,0.00010962276428472251,0.0012148558162152767
naval,dune_bayes,705,0.0009163956274278462,6.364380533341318e-05,0.000980039476417005
naval,dune_bayes,706,0.0009631620487198234,0.00017372012371197343,0.0011368822306394577
naval,dune_bayes,707,0.0009064787882380188,0.00012622200301848352,0.0010327007621526718
naval,dune_bayes,708,0.0009172435966320336,0.00011431883467594162,0.001031562453135848
naval,dune_bayes,709,0.000947702385019511,9.754723578225821e-05,0.0010452496353536844
naval,dune_bayes,710,0.0009606137173250318,0.0001726371410768479,0.0011332508875057101
naval,dune_bayes,711,0.0009056171402335167,0.00012673794117290527,0.0010323551250621676
naval,dune_bayes,712,0.0011255117133259773,0.00016569657600484788,0.0012912083184346557
naval,dune_bayes,713,0.0013046878157183528,0.00011903695849468932,0.0014237248105928302
naval,dune_bayes,714,0.0010085769463330507,7.822691259207204e-05,0.0010868038516491652
naval,dune_bayes,715,0.0012934134574607015,0.00011709571117535233,0.0014105092268437147
naval,dune_bayes,716,0.0010386839276179671,0.00011980262206634507,0.0011584865860641003
naval,dune_bayes,717,0.001020635012537241,0.00019843873451463878,0.0012190737761557102
naval,dune_bayes,718,0.0010624509304761887,0.00014985194138716906,0.001212302828207612
naval,dune_bayes,719,0.0009941859170794487,7.583895057905465e-05,0.001070024911314249
naval,dune_bayes,720,0.001029232982546091,0.00011737931345123798,0.0011466123396530747
naval,dune_bayes,721,0.0010245442390441895,0.00011619026190601289,0.0011407345300540328
naval,dune_bayes,722,0.0012102120090276003,0.00020884491095785052,0.0014190569054335356
naval,dune_bayes,723,0.0009849189082160592,7.43273994885385e-05,0.0010592462494969368
naval,dune_bayes,724,0.001010403735563159,0.0001520478108432144,0.0011624515755102038
naval,dune_bayes,725,0.001004859572276473,0.00019148153660353273,0.001196341123431921
naval,dune_bayes,726,0.0012182684149593115,0.0001334847474936396,0.0013517531333491206
naval,dune_bayes,727,0.001002205302938819,0.0001354755077045411,0.0011376808397471905
naval,dune_bayes,728,0.001006301143206656,0.00011160501162521541,0.0011179061839357018
naval,dune_bayes,729,0.0011089708423241973,0.00013937533367425203,0.0012483461759984493
naval,dune_bayes,730,0.0012093407567590475,9.558585588820279e-05,0.0013049265835434198
naval,dune_bayes,731,0.0009922414319589734,0.00018610422557685524,0.0011783456429839134
naval,dune_bayes,732,0.0011964959558099508,9.354123176308349e-05,0.0012900371802970767
naval,dune_bayes,733,0.0009744535782374442,0.0001291985681746155,0.0011036521755158901
naval,dune_bayes,734,0.0011005750857293606,0.00013747953926213086,0.001238054595887661
naval,dune_bayes,735,0.000986455474048853,0.0001836070732679218,0.0011700625764206052
naval,dune_bayes,736,0.001145844697020948,0.00019082598737441003,0.0013366707134991884
naval,dune_bayes,737,0.0009835322853177786,0.00018236822506878525,0.0011659004958346486
naval,dune_bayes,738,0.0009703505202196538,0.0001282654848182574,0.001098616048693657
naval,dune_bayes,739,0.0013718794798478484,0.00026347622042521834,0.0016353556420654058
naval,dune_bayes,740,0.0011845009867101908,0.00012689086725004017,0.0013113918248564005
naval,dune_bayes,741,0.0009354798821732402,6.654034950770438e-05,0.001002020202577114
naval,dune_bayes,742,0.0009670516010373831,0.00010213490895694122,0.0010691864881664515
naval,dune_bayes,743,0.001198191661387682,0.00010139201913261786,0.0012995837023481727
naval,dune_bayes,744,0.001147425384260714,8.597470150562003e-05,0.0012334000784903765
naval,dune_bayes,745,0.0009185701492242515,6.399858102668077e-05,0.000982568715699017
naval,dune_bayes,746,0.000954454590100795,9.918554133037105e-05,0.001053640153259039
naval,dune_bayes,747,0.001188560388982296,9.987787052523345e-05,0.0012884382158517838
naval,dune_bayes,748,0.0009595190058462322,0.00017242257308680564,0.0011319415643811226
naval,dune_bayes,749,0.001123403082601726,8.239537419285625e-05,0.0012057984713464975
naval,dune_bayes,750,0.0011178505374118686,8.15866151242517e-05,0.0011994371889159083
naval,dune_bayes,751,0.001245077233761549,0.00013882150233257562,0.0013838987797498703
naval,dune_bayes,752,0.0009498805156908929,0.0001377331791445613,0.0010876136366277933
naval,dune_bayes,753,0.0012921977322548628,0.00011685897334245965,0.00140905671287328
naval,dune_bayes,754,0.0010805614292621613,0.000154283014126122,0.0012348444433882833
naval,dune_bayes,755,0.0012369337491691113,0.00013718339323531836,0.001374117098748684
naval,dune_bayes,756,0.0012865408789366484,0.00011589217319851741,0.001402433030307293
naval,dune_bayes,757,0.0012562668416649103,0.00010326756455469877,0.0013595344498753548
naval,dune_bayes,758,0.0011827327543869615,0.00020205284818075597,0.0013847856316715479
naval,dune_bayes,759,0.0011246533831581473,0.00014292118430603296,0.001267574611119926
naval,dune_bayes,760,0.0010231301421299577,0.00011593384988373145,0.0011390639701858163
naval,dune_bayes,761,0.0011676211142912507,0.00019601000531110913,0.0013636311050504446
naval,dune_bayes,762,0.0012171892449259758,0.00013324592146091163,0.0013504351954907179
naval,dune_bayes,763,0.0010027210228145123,0.0001355917047476396,0.001138312742114067
naval,dune_bayes,764,0.001209164154715836,0.0001316532725468278,0.0013408174272626638
naval,dune_bayes,765,0.0011047557927668095,0.00013839939492754638,0.0012431552167981863
naval,dune_bayes,766,0.0012029021745547652,9.455946565140039e-05,0.0012974616838619113
naval,dune_bayes,767,0.000974497408606112,0.00012919213622808456,0.0011036895448341966
naval,dune_bayes,768,0.0011966460151597857,9.357452654512599e-05,0.0012902205344289541
naval,dune_bayes,769,0.001044216682203114,0.00016202125698328018,0.0012062379391863942
naval,dune_bayes,770,0.0010993608739227057,0.00013719015987589955,0.0012365509755909443
naval,dune_bayes,771,0.001136265229433775,0.00018795294454321265,0.0013242182321846485
naval,dune_bayes,772,0.0009595346637070179,0.00012589502148330212,0.00108542968519032
naval,dune_bayes,773,0.0009741951362229884,0.0001039106136886403,0.001078105764463544
naval,dune_bayes,774,0.000974066264461726,0.0001785907952580601,0.0011526570888236165
naval,dune_bayes,775,0.0013053518487140536,0.00024080122238956392,0.001546153100207448
naval,dune_bayes,776,0.0012124795466661453,0.00010365127673139796,0.0013161308597773314
naval,dune_bayes,777,0.0010853586718440056,0.0001340504240943119,0.0012194090522825718
naval,dune_bayes,778,0.0012073421385139227,0.0001028273327392526,0.0013101694639772177
naval,dune_bayes,779,0.0009611014393158257,0.00010083121014758945,0.0010619326494634151
naval,dune_bayes,780,0.0010803656186908484,0.00013295933604240417,0.0012133249547332525
naval,dune_bayes,781,0.0011093580396845937,0.00011029792221961543,0.0012196559691801667
naval,dune_bayes,782,0.0010751951485872269,0.00013182176917325705,0.0012070168741047382
naval,dune_bayes,783,0.0009563693893142045,0.0001713299861876294,0.001127699390053749
naval,dune_bayes,784,0.0011823842069134116,9.887966007227078e-05,0.0012812638888135552
naval,dune_bayes,785,0.0010954291792586446,0.00010780947195598856,0.001203238614834845
naval,dune_bayes,786,0.0011774750892072916,9.811202471610159e-05,0.0012755871284753084
naval,dune_bayes,787,0.0009365197620354593,0.00013307941844686866,0.001069599180482328
naval,dune_bayes,788,0.0010924639645963907,0.00010729423956945539,0.0011997581459581852
naval,dune_bayes,789,0.001172710326500237,9.737101208884269e-05,0.0012700813822448254
naval,dune_bayes,790,0.0009006182081066072,6.139211473055184e-05,0.0009620103519409895
naval,dune_bayes,791,0.0010645334841683507,0.00012947581126354635,0.0011940093245357275
naval,dune_bayes,792,0.0011119069531559944,8.071564661804587e-05,0.001192622585222125
naval,dune_bayes,793,0.0008497361559420824,5.484225039253943e-05,0.0009045784245245159
naval,dune_bayes,794,0.0009450785000808537,0.00016670739569235593,0.0011117858812212944
naval,dune_bayes,795,0.0012805312871932983,0.00011485772847663611,0.0013953889720141888
naval,dune_bayes,796,0.0012493488611653447,0.00010211306653218344,0.0013514619786292315
naval,dune_bayes,797,0.0009910757653415203,7.54221182432957e-05,0.0010664978763088584
naval,dune_bayes,798,0.001119854161515832,0.00014178270066622645,0.0012616368476301432
naval,dune_bayes,799,0.0012346920557320118,0.00021808111341670156,0.0014527731109410524
naval,dune_bayes,800,0.0010171975009143353,0.0001145232527051121,0.001131720724515617
naval,dune_bayes,801,0.001006660982966423,0.0001364692288916558,0.0011431302409619093
naval,dune_bayes,802,0.0011112558422610164,0.00013982436212245375,0.0012510801898315549
naval,dune_bayes,803,0.001223260653205216,9.785166184883565e-05,0.001321112271398306
naval,dune_bayes,804,0.0011087674647569656,0.00013927239342592657,0.0012480398872867227
naval,dune_bayes,805,0.000963155529461801,7.091851875884458e-05,0.0010340739972889423
naval,dune_bayes,806,0.0009283356484957039,0.00013138423673808575,0.0010597198270261288
naval,dune_bayes,807,0.0011027817381545901,0.00013790740922559053,0.0012406891910359263
naval,dune_bayes,808,0.0012371210614219308,0.00010761788871604949,0.001344738993793726
naval,dune_bayes,809,0.0009518517181277275,0.00013799972657579929,0.0010898514883592725
naval,dune_bayes,810,0.0012319352244958282,0.00010677019599825144,0.0013387054204940796
naval,dune_bayes,811,0.0011901858961209655,9.255818440578878e-05,0.0012827441096305847
naval,dune_bayes,812,0.0009577343589626253,0.0001255147362826392,0.0010832491097971797
naval,dune_bayes,813,0.001092264661565423,0.00013556957128457725,0.0012278342619538307
naval,dune_bayes,814,0.0009408854530192912,6.744426354998723e-05,0.0010083296801894903
naval,dune_bayes,815,0.0009568248642608523,0.0001253040536539629,0.001082128961570561
naval,dune_bayes,816,0.0011846624547615647,0.0001268299820367247,0.001311492407694459
naval,dune_bayes,817,0.0009368143510073423,6.683026731479913e-05,0.0010036446619778872
naval,dune_bayes,818,0.0009672930464148521,0.00017600797582417727,0.0011433010222390294
naval,dune_bayes,819,0.0011775598395615816,0.00012546796642709523,0.0013030278496444225
naval,dune_bayes,820,0.0011589654022827744,8.77248530741781e-05,0.001246690284460783
naval,dune_bayes,821,0.0009597530588507652,0.00010059052146971226,0.0010603435803204775
naval,dune_bayes,822,0.0009618139010854065,0.0001737047714414075,0.0011355186579748988
naval,dune_bayes,823,0.0011476214276626706,8.601519948570058e-05,0.0012336366344243288
naval,dune_bayes,824,0.0009554879507049918,9.959684393834323e-05,0.0010550847509875894
naval,dune_bayes,825,0.0009529773960821331,0.00017011498857755214,0.00112309237010777
naval,dune_bayes,826,0.0009124208590947092,0.00011315256415400654,0.0010255734669044614
naval,dune_bayes,827,0.0009072295506484807,6.239200592972338e-05,0.0009696215856820345
naval,dune_bayes,828,0.0009501296444796026,0.00016896052693482488,0.0011190901277586818
naval,dune_bayes,829,0.0011766048846766353,9.795335063245147e-05,0.001274558249861002
naval,dune_bayes,830,0.0009443258168175817,0.00016664457507431507,0.0011109703918918967
naval,dune_bayes,831,0.0009252582676708698,0.0001159549065050669,0.0010412131668999791
naval,dune_bayes,832,0.001062853611074388,0.00012907697237096727,0.0011919306125491858
naval,dune_bayes,833,0.0011118912370875478,8.071686897892505e-05,0.0011926081497222185
naval,dune_bayes,834,0.0009195854654535651,0.00011471114703454077,0.0010342965833842754
naval,dune_bayes,835,0.0008445737767033279,5.4172032832866535e-05,0.0008987457840703428
naval,dune_bayes,836,0.0009269531583413482,9.30956011870876e-05,0.0010200487449765205
naval,dune_bayes,837,0.0011209402000531554,0.0001419898762833327,0.0012629301054403186
naval,dune_bayes,838,0.0009894621325656772,7.52113846829161e-05,0.0010646735318005085
naval,dune_bayes,839,0.0010473736329004169,0.00014608660421799868,0.0011934601934626698
naval,dune_bayes,840,0.001115337130613625,0.0001407171948812902,0.0012560542672872543
naval,dune_bayes,841,0.0012215465540066361,0.00013401304022409022,0.001355559565126896
naval,dune_bayes,842,0.0012682301457971334,0.00011275129509158432,0.0013809814117848873
naval,dune_bayes,843,0.0009801622945815325,7.369987724814564e-05,0.0010538621572777629
naval,dune_bayes,844,0.0009983680211007595,0.00018931078375317156,0.0011876787757501006
naval,dune_bayes,845,0.0012229537824168801,9.778999810805544e-05,0.0013207438169047236
naval,dune_bayes,846,0.0009919400326907635,0.000186574412509799,0.0011785144452005625
naval,dune_bayes,847,0.0015842558350414038,0.0003373094368726015,0.0019215652719140053
naval,dune_bayes,848,0.0012166991364210844,9.679017239250243e-05,0.0013134892797097564
naval,dune_bayes,849,0.0009889734210446477,0.00018528892542235553,0.0011742623755708337
naval,dune_bayes,850,0.0009616818279027939,7.072745938785374e-05,0.0010324092581868172
naval,dune_bayes,851,0.0009752814657986164,0.00012928071373607963,0.0011045621940866113
naval,dune_bayes,852,0.0010480656055733562,0.00016191053146030754,0.001209976151585579
naval,dune_bayes,853,0.0009681246592663229,0.00012769601016771048,0.0010958206839859486
naval,dune_bayes,854,0.0009632302680984139,0.00012664012319874018,0.0010898703476414084
naval,dune_bayes,855,0.0009477491257712245,6.855317042209208e-05,0.0010163022670894861
naval,dune_bayes,856,0.0011911268811672926,0.00012805612641386688,0.00131918303668499
naval,dune_bayes,857,0.00094375922344625,6.793987267883494e-05,0.0010116990888491273
naval,dune_bayes,858,0.0012202863581478596,0.00010484934318810701,0.0013251357013359666
naval,dune_bayes,859,0.0011833468452095985,0.0001265400496777147,0.0013098869239911437
naval,dune_bayes,860,0.001171895768493414,8.971749048214406e-05,0.0012616132153198123
naval,dune_bayes,861,0.0009529772796668112,0.0001245390303665772,0.0010775163536891341
naval,dune_bayes,862,0.001179761835373938,0.00012585752119775862,0.001305619371123612
naval,dune_bayes,863,0.0011388964485377073,0.00018857950635720044,0.0013274759985506535
naval,dune_bayes,864,0.001175904762931168,0.0001251098292414099,0.0013010145630687475
naval,dune_bayes,865,0.001159516628831625,8.781468204688281e-05,0.001247331267222762
naval,dune_bayes,866,0.0012002401053905487,0.00010164434206672013,0.0013018844183534384
naval,dune_bayes,867,0.0011064098216593266,0.00010969820141326636,0.0012161079794168472
naval,dune_bayes,868,0.0011954586952924728,0.00010089335410157219,0.001296352013014257
naval,dune_bayes,869,0.0011470179306343198,8.591647201683372e-05,0.0012329344172030687
naval,dune_bayes,870,0.0009539134334772825,9.931703243637457e-05,0.00105323048774153
naval,dune_bayes,871,0.0010743992170318961,0.00013157435751054436,0.0012059735599905252
naval,dune_bayes,872,0.0011030568275600672,0.00010910665878327563,0.0012121634790673852
naval,dune_bayes,873,0.0011904367711395025,0.00010009936522692442,0.001290536136366427
naval,dune_bayes,874,0.0009085352648980916,0.0001122731773648411,0.0010208084713667631
naval,dune_bayes,875,0.0010995009215548635,0.00010846948134712875,0.0012079704320058227
naval,dune_bayes,876,0.000909243302885443,6.2727507611271e-05,0.0009719707886688411
naval,dune_bayes,877,0.0009496408165432513,0.00016898730245884508,0.0011186280753463507
naval,dune_bayes,878,0.001096002059057355,0.00010784506594063714,0.0012038471177220345
naval,dune_bayes,879,0.001129233161918819,8.326391980517656e-05,0.0012124971253797412
naval,dune_bayes,880,0.0009053042158484459,6.215571193024516e-05,0.000967459927778691
naval,dune_bayes,881,0.0011704129865393043,9.69617540249601e-05,0.0012673747260123491
naval,dune_bayes,882,0.001117521314881742,8.153754606610164e-05,0.0011990588391199708
naval,dune_bayes,883,0.0008501745178364217,5.4963689763098955e-05,0.0009051382075995207
naval,dune_bayes,884,0.0010616201907396317,0.00012878859706688672,0.001190408831462264
naval,dune_bayes,885,0.0010862485505640507,0.00010613371705403551,0.0011923823039978743
naval,dune_bayes,886,0.0011066560400649905,7.996785279829055e-05,0.0011866239365190268
naval,dune_bayes,887,0.0009354155045002699,0.00016324405441991985,0.0010986595880240202
naval,dune_bayes,888,0.0009108423255383968,0.00012684754619840533,0.001037689857184887
naval,dune_bayes,889,0.0012432022485882044,0.00010110598668688908,0.0013443082571029663
naval,dune_bayes,890,0.0010198501404374838,0.0001153877965407446,0.001135237980633974
naval,dune_bayes,891,0.0009671535226516426,0.000140988253406249,0.0011081417324021459
naval,dune_bayes,892,0.0009952522814273834,0.00018813481437973678,0.0011833871249109507
naval,dune_bayes,893,0.0012295353226363659,9.886351472232491e-05,0.0013283988228067756
naval,dune_bayes,894,0.0010103824315592647,0.00011302089114906266,0.0011234033154323697
naval,dune_bayes,895,0.0010021176422014832,0.00015084771439433098,0.0011529653565958142
naval,dune_bayes,896,0.0009855757234618068,0.00018404735601507127,0.0011696231085807085
naval,dune_bayes,897,0.0009772076737135649,0.0001296779519179836,0.0011068856110796332
naval,dune_bayes,898,0.0012454066891223192,0.00010892193677136675,0.001354328589513898
naval,dune_bayes,899,0.001210127491503954,9.572994167683646e-05,0.001305857440456748
naval,dune_bayes,900,0.0012401159619912505,0.00010805149213410914,0.0013481674250215292
naval,dune_bayes,901,0.0013501064386218786,0.0002524748560972512,0.0016025812365114689
naval,dune_bayes,902,0.0011844708351418376,0.00020073661289643496,0.0013852074043825269
naval,dune_bayes,903,0.0009463870665058494,6.837778346380219e-05,0.0010147648863494396
naval,dune_bayes,904,0.000978631665930152,0.00010523458331590518,0.0010838662274181843
naval,dune_bayes,905,0.001185572356916964,0.00012693440658040345,0.001312506734393537
naval,dune_bayes,906,0.001086224103346467,0.0001341554307145998,0.0012203794904053211
naval,dune_bayes,907,0.000997271272353828,0.00014936042134650052,0.001146631664596498
naval,dune_bayes,908,0.0009527154034003615,0.0001243990263901651,0.0010771143715828657
naval,dune_bayes,909,0.0011662387987598777,8.886298019206151e-05,0.0012551017571240664
naval,dune_bayes,910,0.0009652156149968505,0.00010205691796727479,0.0010672725038602948
naval,dune_bayes,911,0.0009007870103232563,0.00011036304204026237,0.0010111500741913915
naval,dune_bayes,912,0.0010807528160512447,0.00013294514792505652,0.001213697949424386
naval,dune_bayes,913,0.0012036957778036594,0.00010215699876425788,0.001305852783843875
naval,dune_bayes,914,0.0009245144319720566,6.503336771856993e-05,0.0009895478142425418
naval,dune_bayes,915,0.0009609949192963541,0.00010105651745107025,0.0010620513930916786
naval,dune_bayes,916,0.0009582326165400445,0.00017261545872315764,0.0011308480752632022
naval,dune_bayes,917,0.0011331739369779825,0.00018683822418097407,0.0013200121466070414
naval,dune_bayes,918,0.0011084334691986442,0.0001100286899600178,0.0012184621300548315
naval,dune_bayes,919,0.0011048014275729656,0.00010937426122836769,0.0012141757179051638
naval,dune_bayes,920,0.000952047819737345,0.00017013525939546525,0.0011221830500289798
naval,dune_bayes,921,0.0009033090900629759,0.00011101948621217161,0.0010143285617232323
naval,dune_bayes,922,0.0011012287577614188,0.00010873314022319391,0.001209961948916316
naval,dune_bayes,923,0.0009491870296187699,0.00016897000023163855,0.001118157058954239
naval,dune_bayes,924,0.0009077521390281618,6.25425745965913e-05,0.0009702946990728378
naval,dune_bayes,925,0.0009437144035473466,0.0001667327160248533,0.0011104471050202847
naval,dune_bayes,926,0.0011743666836991906,9.75531293079257e-05,0.0012719198130071163
naval,dune_bayes,927,0.0011239891173318028,8.249913662439212e-05,0.0012064882321283221
naval,dune_bayes,928,0.001415251288563013,0.0002735067391768098,0.0016887580277398229
naval,dune_bayes,929,0.001062495750375092,0.00012894153769593686,0.0011914372444152832
naval,dune_bayes,930,0.001059953705407679,0.00012839410919696093,0.00118834781460464
naval,dune_bayes,931,0.0009286105632781982,0.00011658179573714733,0.0010451923590153456
naval,dune_bayes,932,0.0009322384721599519,0.0001621745032025501,0.0010944129899144173
naval,dune_bayes,933,0.0008373957825824618,5.3255160310072824e-05,0.0008906509610824287
naval,dune_bayes,934,0.0008781183278188109,8.397786587011069e-05,0.0009620962082408369
naval,dune_bayes,935,0.001150761847384274,9.392563515575603e-05,0.0012446874752640724
naval,dune_bayes,936,0.0012660390930250287,0.00011232623364776373,0.0013783653266727924
naval,dune_bayes,937,0.0009923801990225911,0.00018710015865508467,0.0011794803431257606
naval,dune_bayes,938,0.0011094221845269203,0.00013931989087723196,0.0012487421045079827
naval,dune_bayes,939,0.0012299969093874097,9.89476393442601e-05,0.0013289445778355002
naval,dune_bayes,940,0.0010091629810631275,0.00011280114995315671,0.0011219640728086233
naval,dune_bayes,941,0.0009465622715651989,0.00013597801444120705,0.0010825402569025755
naval,dune_bayes,942,0.0012553903507068753,0.00011055553477490321,0.0013659459073096514
naval,dune_bayes,943,0.0012238656636327505,9.795564983505756e-05,0.0013218213571235538
naval,dune_bayes,944,0.0009675362380221486,7.17492657713592e-05,0.001039285445585847
naval,dune_bayes,945,0.0010044416412711143,0.00011163273302372545,0.001116074388846755
naval,dune_bayes,946,0.000985936843790114,0.00018437046674080193,0.0011703072814270854
naval,dune_bayes,947,0.0011038747616112232,0.00013806892093271017,0.0012419436825439334
naval,dune_bayes,948,0.0009998524328693748,0.00011049320892198011,0.0011103455908596516
naval,dune_bayes,949,0.0009825576562434435,0.00018297249334864318,0.0011655301786959171
naval,dune_bayes,950,0.001244899001903832,0.00010882568312808871,0.0013537246268242598
naval,dune_bayes,951,0.0012104136403650045,9.578227763995528e-05,0.0013061959762126207
naval,dune_bayes,952,0.000958382326643914,7.030342385405675e-05,0.0010286857141181827
naval,dune_bayes,953,0.0009677208727225661,0.00012754004274029285,0.0010952609591186047
naval,dune_bayes,954,0.0010982053354382515,0.00013679657422471792,0.001235001953318715
naval,dune_bayes,955,0.00096368562662974,0.00012665727990679443,0.001090342877432704
naval,dune_bayes,956,0.000985971069894731,0.0001071069564204663,0.0010930780554190278
naval,dune_bayes,957,0.0011912599438801408,9.275134652853012e-05,0.001284011290408671
naval,dune_bayes,958,0.0010898818727582693,0.00013493388541974127,0.0012248157290741801
naval,dune_bayes,959,0.0011852583847939968,9.181527275359258e-05,0.0012770736357197165
naval,dune_bayes,960,0.001035878318361938,0.00015851034549996257,0.0011943886056542397
naval,dune_bayes,961,0.0012182459468021989,0.00010446969827171415,0.0013227156596258283
naval,dune_bayes,962,0.0009528096998110414,0.00012448792404029518,0.0010772976092994213
naval,dune_bayes,963,0.0009314489434473217,6.612661672988907e-05,0.0009975755820050836
naval,dune_bayes,964,0.0009662436787039042,0.00014137415564619005,0.0011076178634539247
naval,dune_bayes,965,0.0012031457154080272,0.00010205590660916641,0.0013052016729488969
naval,dune_bayes,966,0.0009596027084626257,0.00010080957872560248,0.0010604122653603554
naval,dune_bayes,967,0.0009515741257928312,9.89466643659398e-05,0.0010505208047106862
naval,dune_bayes,968,0.0009489762596786022,0.00016908634279388934,0.0011180626461282372
naval,dune_bayes,969,0.0009105893550440669,6.300394306890666e-05,0.000973593327216804
naval,dune_bayes,970,0.0010966169647872448,0.00010788729559862986,0.0012045042822137475
naval,dune_bayes,971,0.0009428077028132975,9.694242908153683e-05,0.00103975017555058
naval,dune_bayes,972,0.0012684857938438654,0.00022844223713036627,0.0014969280455261469
naval,dune_bayes,973,0.0010930827120319009,0.00010725733591243625,0.0012003399897366762
naval,dune_bayes,974,0.0011297052260488272,8.334544691024348e-05,0.0012130506802350283
naval,dune_bayes,975,0.0009017426054924726,6.169364496599883e-05,0.0009634362650103867
naval,dune_bayes,976,0.0011738482862710953,9.745958959683776e-05,0.001271307934075594
naval,dune_bayes,977,0.001124044880270958,8.251367398770526e-05,0.0012065585469827056
naval,dune_bayes,978,0.001479489030316472,0.00029597184038721025,0.0017754608998075128
naval,dune_bayes,979,0.0008394086034968495,5.355409302865155e-05,0.000892962678335607
naval,dune_bayes,980,0.0010764483595266938,0.00010433977149659768,0.0011807881528511643
naval,dune_bayes,981,0.0011541752610355616,9.441859583603218e-05,0.001248593907803297
naval,dune_bayes,982,0.0010427441447973251,0.00016024122305680066,0.0012029854115098715
naval,dune_bayes,983,0.0010505643440410495,0.00012632503057830036,0.0011768894037231803
naval,dune_bayes,984,0.001095225103199482,7.832890696590766e-05,0.0011735539883375168
naval,dune_bayes,985,0.0008732567657716572,8.302472269861028e-05,0.0009562814957462251
naval,dune_bayes,986,0.0009602595819160342,0.00013873152784071863,0.0010989911388605833
naval,dune_bayes,987,0.0010297899134457111,6.9067558797542e-05,0.001098857494071126
naval,dune_bayes,988,0.001265607075765729,0.00011224261106690392,0.001377849723212421
naval,dune_bayes,989,0.0012242923257872462,9.803503780858591e-05,0.0013223274145275354
naval,dune_bayes,990,0.001003156416118145,0.00011140499555040151,0.0011145614553242922
naval,dune_bayes,991,0.0012171659618616104,9.687062993180007e-05,0.0013140365481376648
naval,dune_bayes,992,0.0010992531897500157,0.00013699261762667447,0.001236245851032436
naval,dune_bayes,993,0.0009643342345952988,0.00012678024359047413,0.001091114478185773
naval,dune_bayes,994,0.0009519948507659137,6.934309931239113e-05,0.001021337928250432
naval,dune_bayes,995,0.0009730678866617382,0.00017917162040248513,0.0011522395070642233
naval,dune_bayes,996,0.0010911185527220368,0.00013518221385311335,0.0012263007229194045
naval,dune_bayes,997,0.0011915289796888828,9.279481309931725e-05,0.0012843237491324544
naval,dune_bayes,998,0.000980363111011684,0.00010582690447336063,0.0010861899936571717
naval,dune_bayes,999,0.0009755765204317868,0.00010469576955074444,0.0010802722536027431
naval,dune_bayes,1000,0.0009504490881226957,0.00012388000322971493,0.0010743291350081563
naval,dune_bayes,1001,0.0011754432925954461,0.0001249119668500498,0.0013003553031012416
naval,dune_bayes,1002,0.0009035135735757649,0.00012546629295684397,0.0010289798956364393
naval,dune_bayes,1003,0.0009023993043228984,0.00011076357623096555,0.0010131628951057792
naval,dune_bayes,1004,0.0011600968427956104,8.792534208623692e-05,0.001248022192157805
naval,dune_bayes,1005,0.0009488372597843409,0.00013696700625587255,0.001085804309695959
naval,dune_bayes,1006,0.0009066633647307754,0.00011177401029272005,0.001018437324091792
naval,dune_bayes,1007,0.0009541416657157242,9.964624769054353e-05,0.0010537878843024373
naval,dune_bayes,1008,0.0009743573609739542,0.000143332828884013,0.0011176902335137129
naval,dune_bayes,1009,0.0009130260441452265,6.339349056361243e-05,0.0009764195419847965
naval,dune_bayes,1010,0.0010698249097913504,0.00013048507389612496,0.0012003099545836449
naval,dune_bayes,1011,0.0010984170949086547,0.00010816589929163456,0.0012065829942002892
naval,dune_bayes,1012,0.0010670169722288847,0.00012986450747121125,0.0011968815233558416
naval,dune_bayes,1013,0.001156124984845519,0.00019345419423189014,0.0013495791936293244
naval,dune_bayes,1014,0.0009372451459057629,0.0001645118900341913,0.0011017570504918694
naval,dune_bayes,1015,0.000933023460675031,9.47874941630289e-05,0.001027810969389975
naval,dune_bayes,1016,0.001311069237999618,0.00024235931050498039,0.0015534285921603441
naval,dune_bayes,1017,0.0009183957590721548,0.00011436264321673661,0.0010327583877369761
naval,dune_bayes,1018,0.0014687312068417668,0.00029689367511309683,0.0017656248528510332
naval,dune_bayes,1019,0.0010568797588348389,0.00012766497093252838,0.0011845447588711977
naval,dune_bayes,1020,0.001081534894183278,0.00010519099305383861,0.0011867259163409472
naval,dune_bayes,1021,0.001153239980340004,9.425242024008185e-05,0.0012474923860281706
naval,dune_bayes,1022,0.001148504437878728,9.353011409984902e-05,0.0012420346029102802
naval,dune_bayes,1023,0.0009171331184916198,0.00015664621605537832,0.0010737793054431677
naval,dune_bayes,1024,0.0011394121684134007,9.215988393407315e-05,0.0012315720086917281
naval,dune_bayes,1025,0.0010003101779147983,0.00013480563939083368,0.0011351158609613776
naval,dune_bayes,1026,0.0011065409053117037,0.0001386189105687663,0.0012451597722247243
naval,dune_bayes,1027,0.0009693839820101857,7.214511424535885e-05,0.0010415291180834174
naval,dune_bayes,1028,0.0012535140849649906,0.0001101958187064156,0.0013637099182233214
naval,dune_bayes,1029,0.0010019465116783977,0.00011119600821984932,0.0011131424689665437
naval,dune_bayes,1030,0.00121781206689775,9.69871471170336e-05,0.001314799184910953
naval,dune_bayes,1031,0.0009602053323760629,7.068707782309502e-05,0.0010308923665434122
naval,dune_bayes,1032,0.001023467630147934,0.00015502113092225045,0.0011784887174144387
naval,dune_bayes,1033,0.0012428028276190162,0.00010842430492630228,0.0013512271689251065
naval,dune_bayes,1034,0.0009733527549542487,0.00017947875312529504,0.0011528314789757133
naval,dune_bayes,1035,0.0009510114905424416,0.00013680665870197117,0.0010878181783482432
naval,dune_bayes,1036,0.0012376976665109396,0.00010759377619251609,0.0013452915009111166
naval,dune_bayes,1037,0.000939010817091912,0.0001345943455817178,0.0010736051481217146
naval,dune_bayes,1038,0.0009591304115019739,0.00012557169247884303,0.0010847020894289017
naval,dune_bayes,1039,0.0012323487317189574,0.00010671729978639632,0.0013390660751610994
naval,dune_bayes,1040,0.0011982157593593001,9.38561133807525e-05,0.0012920718872919679
naval,dune_bayes,1041,0.0011256947182118893,0.00018467790505383164,0.0013103726087138057
naval,dune_bayes,1042,0.0011850435985252261,9.177839092444628e-05,0.0012768219457939267
naval,dune_bayes,1043,0.0011816293699666858,0.00012607274402398616,0.0013077021576464176
naval,dune_bayes,1044,0.0011777104809880257,0.000125312406453304,0.001303022843785584
naval,dune_bayes,1045,0.0012060139561071992,0.0001024564407998696,0.0013084703823551536
naval,dune_bayes,1046,0.0009245084365829825,6.5156928030774e-05,0.000989665393717587
naval,dune_bayes,1047,0.0009010621579363942,0.00011040402023354545,0.0010114661417901516
naval,dune_bayes,1048,0.0011700111208483577,0.00012382846034597605,0.001293839537538588
naval,dune_bayes,1049,0.0009341707336716354,0.00013239569670986384,0.0010665664449334145
naval,dune_bayes,1050,0.0010735965333878994,0.0001312803797191009,0.0012048769276589155
naval,dune_bayes,1051,0.001196056604385376,0.00010087974078487605,0.0012969363015145063
naval,dune_bayes,1052,0.0009118448360823095,0.00011299491598038003,0.0010248397011309862
naval,dune_bayes,1053,0.0010707443580031395,0.00013064722588751465,0.001201391569338739
naval,dune_bayes,1054,0.0011010016314685345,0.00010860823385883123,0.0012096099089831114
naval,dune_bayes,1055,0.0011910541215911508,0.00010008880053646863,0.001291142893023789
naval,dune_bayes,1056,0.001067919540219009,0.00013002236664760858,0.0011979419505223632
naval,dune_bayes,1057,0.001097394502721727,0.00010796237620525062,0.001205356908030808
naval,dune_bayes,1058,0.0011860366212204099,9.929895895766094e-05,0.0012853356311097741
naval,dune_bayes,1059,0.000944341067224741,9.744645649334416e-05,0.0010417875600978732
naval,dune_bayes,1060,0.0010655722580850124,0.00012951777898706496,0.001195090007968247
naval,dune_bayes,1061,0.0009029907523654401,6.19585407548584e-05,0.0009649493149481714
naval,dune_bayes,1062,0.0009369737817905843,0.00016460669576190412,0.001101580448448658
naval,dune_bayes,1063,0.0008518648101016879,5.532865907298401e-05,0.0009071934618987143
naval,dune_bayes,1064,0.0009357434464618564,9.548945672577247e-05,0.001031232881359756
naval,dune_bayes,1065,0.001086723292246461,0.00010606313298922032,0.0011927863815799356
naval,dune_bayes,1066,0.0011239629238843918,8.249827806139365e-05,0.0012064612237736583
naval,dune_bayes,1067,0.0008483322453685105,5.4842290410306305e-05,0.000903174513950944
naval,dune_bayes,1068,0.001057961955666542,0.00012787165178451687,0.0011858335928991437
naval,dune_bayes,1069,0.0008856221684254706,8.579685527365655e-05,0.0009714190382510424
naval,dune_bayes,1070,0.0009250012808479369,0.00015988503582775593,0.0010848862584680319
naval,dune_bayes,1071,0.0014422601088881493,0.00028799925348721445,0.0017302593914791942
naval,dune_bayes,1072,0.0011065545259043574,7.995645864866674e-05,0.0011865110136568546
naval,dune_bayes,1073,0.0008363788365386426,5.320956915966235e-05,0.0008895883802324533
naval,dune_bayes,1074,0.0009224652894772589,0.00015885579341556877,0.001081321039237082
naval,dune_bayes,1075,0.0010670401388779283,0.0001026411191560328,0.001169681316241622
naval,dune_bayes,1076,0.0010299761779606342,6.910268712090328e-05,0.0010990789160132408
naval,dune_bayes,1077,0.00082473608199507,5.164028698345646e-05,0.0008763763471506536
naval,dune_bayes,1078,0.0011546784080564976,0.00019146902195643634,0.0013461473863571882
naval,dune_bayes,1079,0.0011378810741007328,9.189292177325115e-05,0.001229773974046111
naval,dune_bayes,1080,0.0010401714826002717,0.00012404225708451122,0.0011642137542366982
naval,dune_bayes,1081,0.0011018558871001005,0.00013752334052696824,0.0012393791694194078
naval,dune_bayes,1082,0.0012069324729964137,0.00013095235044602305,0.0013378848088905215
naval,dune_bayes,1083,0.001000689808279276,0.0001109753648051992,0.0011116651585325599
naval,dune_bayes,1084,0.0009729063021950424,0.0001285809266846627,0.0011014871997758746
naval,dune_bayes,1085,0.0012477459385991096,0.00010922933870460838,0.0013569752918556333
naval,dune_bayes,1086,0.0009587605018168688,7.050398562569171e-05,0.0010292645310983062
naval,dune_bayes,1087,0.001089839730411768,0.00017288436356466264,0.001262724050320685
naval,dune_bayes,1088,0.0010934087913483381,0.0001356264838250354,0.0012290353188291192
naval,dune_bayes,1089,0.0012049638899043202,9.493232209933922e-05,0.0012998961610719562
naval,dune_bayes,1090,0.001191627117805183,0.00012797038652934134,0.0013195974752306938
naval,dune_bayes,1091,0.0012317051878198981,0.00010659254621714354,0.0013382977340370417
naval,dune_bayes,1092,0.0009448723867535591,6.832634971942753e-05,0.0010131987510249019
naval,dune_bayes,1093,0.0009362344862893224,0.00013336706615518779,0.0010696015087887645
naval,dune_bayes,1094,0.0011876480421051383,0.0001271935470867902,0.001314841560088098
naval,dune_bayes,1095,0.0012260368093848228,0.00010566306445980445,0.0013316998956725001
naval,dune_bayes,1096,0.000961083045694977,0.00017453487089369446,0.0011356179602444172
naval,dune_bayes,1097,0.0010851259576156735,0.00013378153380472213,0.0012189075350761414
naval,dune_bayes,1098,0.0009504521731287241,0.00012378460087347776,0.0010742368176579475
naval,dune_bayes,1099,0.0011797694023698568,0.00012566169607453048,0.0013054311275482178
naval,dune_bayes,1100,0.0012105819769203663,0.0002101170684909448,0.0014206990599632263
naval,dune_bayes,1101,0.0014946026494726539,0.00030629304819740355,0.001800895668566227
naval,dune_bayes,1102,0.0011722437338903546,0.0001242197904502973,0.0012964635388925672
naval,dune_bayes,1103,0.0009557677549310029,0.00010019137698691338,0.0010559591464698315
naval,dune_bayes,1104,0.0010362665634602308,0.00015843560686334968,0.0011947022285312414
naval,dune_bayes,1105,0.0009140273323282599,0.00011344147787895054,0.0010274688247591257
naval,dune_bayes,1106,0.0010992602910846472,0.0001082527669495903,0.0012075130362063646
naval,dune_bayes,1107,0.0011484742863103747,8.617325511295348e-05,0.001234647585079074
naval,dune_bayes,1108,0.0009471207740716636,9.81803095783107e-05,0.001045301090925932
naval,dune_bayes,1109,0.000939297373406589,0.0001657354150665924,0.0011050327448174357
naval,dune_bayes,1110,0.0011426942655816674,8.530477498425171e-05,0.0012279989896342158
naval,dune_bayes,1111,0.000905407767277211,6.234345346456394e-05,0.000967751198913902
naval,dune_bayes,1112,0.0010639663087204099,0.000129136853502132,0.0011931031476706266
naval,dune_bayes,1113,0.0010922894580289721,0.00010701906285248697,0.0011993085499852896
naval,dune_bayes,1114,0.000920185586437583,0.00011471660400275141,0.0010349021758884192
naval,dune_bayes,1115,0.0010611794423311949,0.00012852381041739136,0.001189703238196671
naval,dune_bayes,1116,0.001027279649861157,0.00015696232730988413,0.0011842419626191258
naval,dune_bayes,1117,0.0011702062329277396,9.680630319053307e-05,0.0012670125579461455
naval,dune_bayes,1118,0.0009277205681428313,0.00016113501624204218,0.001088855555281043
naval,dune_bayes,1119,0.001106120878830552,0.00017877930076792836,0.0012849001213908195
naval,dune_bayes,1120,0.0009307416621595621,0.00011693074338836595,0.0010476723546162248
naval,dune_bayes,1121,0.0010563069954514503,0.00012747997243423015,0.0011837870115414262
naval,dune_bayes,1122,0.0010535534238442779,0.00012687782873399556,0.001180431223474443
naval,dune_bayes,1123,0.0010754932882264256,0.00010407432273495942,0.0011795676546171308
naval,dune_bayes,1124,0.0011066694278270006,7.997830107342452e-05,0.0011866476852446795
naval,dune_bayes,1125,0.0010485983220860362,0.0001258141128346324,0.0011744124349206686
naval,dune_bayes,1126,0.0010720320278778672,0.00010346808267058805,0.0011755001032724977
naval,dune_bayes,1127,0.0011511821066960692,9.388864418724552e-05,0.0012450707145035267
naval,dune_bayes,1128,0.001101139117963612,7.918333722045645e-05,0.0011803224915638566
naval,dune_bayes,1129,0.0009618038893677294,0.00012366147711873055,0.001085465308278799
naval,dune_bayes,1130,0.000960147415753454,0.00012326873547863215,0.0010834161657840014
naval,dune_bayes,1131,0.0011417008936405182,9.244769171345979e-05,0.0012341486290097237
naval,dune_bayes,1132,0.0010301489382982254,6.91275272401981e-05,0.0010992764728143811
naval,dune_bayes,1133,0.0008649325463920832,8.148726919898763e-05,0.0009464198374189436
naval,dune_bayes,1134,0.0009107037330977619,0.00015451149374712259,0.0010652152122929692
naval,dune_bayes,1135,0.0010592127218842506,0.00010126037523150444,0.001160473097115755
naval,dune_bayes,1136,0.001102056703530252,0.0001763566688168794,0.001278413343243301
naval,dune_bayes,1137,0.0009820428676903248,0.00013053591828793287,0.0011125787859782577
naval,dune_bayes,1138,0.0012470991350710392,0.00010910318087553605,0.0013562022941187024
naval,dune_bayes,1139,0.0012187538668513298,9.716155909700319e-05,0.0013159153750166297
naval,dune_bayes,1140,0.0009709092555567622,0.00017877398931887,0.0011496832594275475
naval,dune_bayes,1141,0.0011978247202932835,0.00012913483078591526,0.0013269595801830292
naval,dune_bayes,1142,0.0009673876920714974,0.0001773555122781545,0.0011447431752458215
naval,dune_bayes,1143,0.0009637060575187206,0.0001264716702280566,0.0010901776840910316
naval,dune_bayes,1144,0.0012358861276879907,0.00010724978346843272,0.001343135954812169
naval,dune_bayes,1145,0.0011518218088895082,0.00019037758465856314,0.0013421993935480714
naval,dune_bayes,1146,0.0009544881759211421,0.00013748357014264911,0.0010919717606157064
naval,dune_bayes,1147,0.0010839588940143585,0.00013350590597838163,0.0012174647999927402
naval,dune_bayes,1148,0.0009340273099951446,6.668679998256266e-05,0.0010007141390815377
naval,dune_bayes,1149,0.0009278216166421771,0.0001315749395871535,0.0010593965416774154
naval,dune_bayes,1150,0.0011748728575184941,0.0001246929750777781,0.0012995658908039331
naval,dune_bayes,1151,0.0011732946150004864,8.996160613605753e-05,0.0012632561847567558
naval,dune_bayes,1152,0.0009634358575567603,0.00010206578735960647,0.0010655015939846635
naval,dune_bayes,1153,0.0009017180418595672,0.00011062718112953007,0.0010123451938852668
naval,dune_bayes,1154,0.001073141465894878,0.0001311212545260787,0.0012042627204209566
naval,dune_bayes,1155,0.0011996279936283827,0.00010140537051483989,0.0013010334223508835
naval,dune_bayes,1156,0.000954708200879395,0.00010001041664509103,0.0010547186248004436
naval,dune_bayes,1157,0.0009053006651811302,0.00011144273594254628,0.0010167433647438884
naval,dune_bayes,1158,0.0011940416879951954,0.00010051146819023415,0.0012945531634613872
naval,dune_bayes,1159,0.0011545615270733833,8.70888979989104e-05,0.0012416504323482513
naval,dune_bayes,1160,0.0009503221954219043,9.89914988167584e-05,0.0010493136942386627
naval,dune_bayes,1161,0.0009397791000083089,0.0001660595298744738,0.0011058386880904436
naval,dune_bayes,1162,0.0010679500410333276,0.00012998709280509502,0.0011979371774941683
naval,dune_bayes,1163,0.00118909718003124,9.973196574719623e-05,0.0012888291385024786
naval,dune_bayes,1164,0.001068535610102117,0.00016715317906346172,0.001235688803717494
naval,dune_bayes,1165,0.000916766410227865,0.00011398944479878992,0.0010307558113709092
naval,dune_bayes,1166,0.0011793366866186261,9.820741979638115e-05,0.0012775440700352192
naval,dune_bayes,1167,0.0008526185993105173,5.5497337598353624e-05,0.0009081159369088709
naval,dune_bayes,1168,0.0008932990022003651,0.00012298703950364143,0.0010162860853597522
naval,dune_bayes,1169,0.0010600087698549032,0.00012825167505070567,0.0011882605031132698
naval,dune_bayes,1170,0.0010544651886448264,0.00012703858374152333,0.0011815037578344345
naval,dune_bayes,1171,0.0008413114701397717,5.393864194047637e-05,0.0008952501229941845
naval,dune_bayes,1172,0.0011124844895675778,8.082317071966827e-05,0.0011933076893910766
naval,dune_bayes,1173,0.0010742342565208673,0.00010382223990745842,0.0011780564673244953
naval,dune_bayes,1174,0.0011551830684766173,9.447876072954386e-05,0.0012496617855504155
naval,dune_bayes,1175,0.0008335816091857851,5.2888695790898055e-05,0.0008864703122526407
naval,dune_bayes,1176,0.001213831128552556,0.00021084204490762204,0.0014246731298044324
naval,dune_bayes,1177,0.0010708312038332224,0.0001032280852086842,0.0011740592308342457
naval,dune_bayes,1178,0.0012886314652860165,0.00023476360365748405,0.0015233950689435005
naval,dune_bayes,1179,0.0011459243251010776,9.307542495662346e-05,0.0012389997718855739
naval,dune_bayes,1180,0.0009103199117816985,0.00015451046056114137,0.0010648303432390094
naval,dune_bayes,1181,0.0010302701266482472,6.914733239682391e-05,0.0010994174517691135
naval,dune_bayes,1182,0.0010393261909484863,0.0001237894466612488,0.0011631156085059047
naval,dune_bayes,1183,0.0011357805924490094,9.152682468993589e-05,0.001227307366207242
naval,dune_bayes,1184,0.0010246391175314784,6.838628905825317e-05,0.001093025435693562
naval,dune_bayes,1185,0.001419631764292717,0.00027449807384982705,0.0016941297799348831
naval,dune_bayes,1186,0.001297069014981389,0.00023427596897818148,0.00153134495485574
naval,dune_bayes,1187,0.0008524582372047007,7.897654722910374e-05,0.0009314347989857197
naval,dune_bayes,1188,0.0008071396150626242,4.938086203765124e-05,0.0008565204916521907
naval,dune_bayes,1189,0.0009565773070789874,0.00012490851804614067,0.0010814857669174671
naval,dune_bayes,1190,0.0009463845635764301,6.863415183033794e-05,0.0010150186717510223
naval,dune_bayes,1191,0.001188834896311164,0.0001273528323508799,0.001316187670454383
naval,dune_bayes,1192,0.001180917490273714,0.00012581389455590397,0.0013067313702777028
naval,dune_bayes,1193,0.0009943160694092512,0.00014731530973222107,0.0011416313936933875
naval,dune_bayes,1194,0.0010793966939672828,0.00013245710579212755,0.0012118538143113256
naval,dune_bayes,1195,0.001180565101094544,9.110933751799166e-05,0.0012716744095087051
naval,dune_bayes,1196,0.0009488274808973074,0.00016989748110063374,0.0011187249328941107
naval,dune_bayes,1197,0.0009458794957026839,0.000122675541206263,0.0010685550514608622
naval,dune_bayes,1198,0.0012084466870874166,0.00010277670662617311,0.001311223371885717
naval,dune_bayes,1199,0.0009240350918844342,6.520177703350782e-05,0.000989236868917942
naval,dune_bayes,1200,0.0009454760001972318,0.00012270937440916896,0.0010681853163987398
naval,dune_bayes,1201,0.0009193444857373834,6.449498323490843e-05,0.0009838395053520799
naval,dune_bayes,1202,0.0009427727200090885,0.00016745389439165592,0.0011102266144007444
naval,dune_bayes,1203,0.0011622795136645436,0.00012225142563693225,0.0012845309684053063
naval,dune_bayes,1204,0.0011549515184015036,8.715728472452611e-05,0.001242108759470284
naval,dune_bayes,1205,0.0009134917054325342,0.00011328658001730219,0.0010267782490700483
naval,dune_bayes,1206,0.0010634842328727245,0.0001289724896196276,0.0011924566933885217
naval,dune_bayes,1207,0.0009238850325345993,0.00011545495362952352,0.001039339927956462
naval,dune_bayes,1208,0.0010611555771902204,0.00012847465404774994,0.0011896302457898855
naval,dune_bayes,1209,0.0010895669693127275,0.00010647212184267119,0.001196039142087102
naval,dune_bayes,1210,0.000851221673656255,5.533739022212103e-05,0.0009065590566024184
naval,dune_bayes,1211,0.0008818968781270087,8.52286975714378e-05,0.0009671255829744041
naval,dune_bayes,1212,0.0011126876343041658,8.08582772151567e-05,0.0011935458751395345
naval,dune_bayes,1213,0.00100525445304811,0.00015099970914889127,0.001156254205852747
naval,dune_bayes,1214,0.0010727928020060062,0.00010353980906074867,0.001176332589238882
naval,dune_bayes,1215,0.000873942393809557,8.352421718882397e-05,0.0009574666037224233
naval,dune_bayes,1216,0.0011491443729028106,9.352889173896983e-05,0.0012426732573658228
naval,dune_bayes,1217,0.001043099444359541,0.00012457768025342375,0.0011676771100610495
naval,dune_bayes,1218,0.000865955138579011,8.184503531083465e-05,0.0009478001738898456
naval,dune_bayes,1219,0.0010404126951470971,0.0001239972043549642,0.0011644099140539765
naval,dune_bayes,1220,0.0008204811601899564,5.11641483171843e-05,0.0008716452866792679
naval,dune_bayes,1221,0.001038178219459951,0.00012352768681012094,0.0011617059353739023
naval,dune_bayes,1222,0.0010564310941845179,0.00010071703582070768,0.001157148159109056
naval,dune_bayes,1223,0.0008131011272780597,5.0187514716526493e-05,0.000863288645632565
naval,dune_bayes,1224,0.0010530854342505336,0.0001001406999421306,0.0011532261269167066
naval,dune_bayes,1225,0.00080893374979496,4.964353138348088e-05,0.0008585772593505681
naval,dune_bayes,1226,0.0010306683834642172,0.00012192715803394094,0.00115259550511837
naval,dune_bayes,1227,0.0008050835458561778,4.9138256144942716e-05,0.0008542218129150569
naval,dune_bayes,1228,0.0008472698973491788,7.797610305715352e-05,0.0009252459858544171
naval,dune_bayes,1229,0.0008935524383559823,0.0001482984225731343,0.001041850890032947
naval,dune_bayes,1230,0.0009523233748041093,0.00012390961637720466,0.001076232991181314
naval,dune_bayes,1231,0.0009401838760823011,6.77140851621516e-05,0.001007898012176156
naval,dune_bayes,1232,0.000955410476308316,0.00017275103891734034,0.001128161558881402
naval,dune_bayes,1233,0.0013998739887028933,0.0002687285013962537,0.0016686024609953165
naval,dune_bayes,1234,0.0012978651793673635,0.00023452419554814696,0.0015323893167078495
naval,dune_bayes,1235,0.0012182168429717422,0.00010432855924591422,0.0013225453440099955
naval,dune_bayes,1236,0.0009701261296868324,0.00010381161700934172,0.0010739377466961741
naval,dune_bayes,1237,0.0009493047837167978,0.00017025206761900336,0.001119556836783886
naval,dune_bayes,1238,0.0011801065411418676,9.103443881031126e-05,0.0012711409945040941
naval,dune_bayes,1239,0.0009653236484155059,0.0001026871323119849,0.0010680108098313212
naval,dune_bayes,1240,0.001174097298644483,9.010171197587624e-05,0.0012641990324482322
naval,dune_bayes,1241,0.000898058875463903,0.00010972778545692563,0.0010077867191284895
naval,dune_bayes,1242,0.0011678424198180437,8.914231875678524e-05,0.001256984774954617
naval,dune_bayes,1243,0.0009395464439876378,0.00016633629275020212,0.0011058826930820942
naval,dune_bayes,1244,0.0009255487821064889,0.00013071663852315396,0.0010562654351815581
naval,dune_bayes,1245,0.0010701019782572985,0.00013039204350207,0.0012004940072074533
naval,dune_bayes,1246,0.0011976936366409063,0.0001010497217066586,0.001298743300139904
naval,dune_bayes,1247,0.0009366797166876495,0.0001651723578106612,0.0011018520453944802
naval,dune_bayes,1248,0.0009005857864394784,0.00011037343938369304,0.0010109592694789171
naval,dune_bayes,1249,0.000910184986423701,0.00011256184370722622,0.0010227467864751816
naval,dune_bayes,1250,0.0010644473368301988,0.00012914484250359237,0.0011935922084376216
naval,dune_bayes,1251,0.001095038023777306,0.0001074023311957717,0.0012024403549730778
naval,dune_bayes,1252,0.0009437966509722173,9.766054427018389e-05,0.0010414571734145284
naval,dune_bayes,1253,0.001062088063918054,0.0001286388433072716,0.0011907268781214952
naval,dune_bayes,1254,0.0010595469502732158,0.0001280942524317652,0.0011876411736011505
naval,dune_bayes,1255,0.0011772324796766043,9.782397683011368e-05,0.0012750565074384212
naval,dune_bayes,1256,0.000849882373586297,5.5184373195515946e-05,0.0009050667285919189
naval,dune_bayes,1257,0.000924738182220608,0.0001604524877620861,0.0010851906845346093
naval,dune_bayes,1258,0.0010850421385839581,0.00010565069533186033,0.0011906928848475218
naval,dune_bayes,1259,0.0011724173091351986,9.708093421068043e-05,0.0012694982578977942
naval,dune_bayes,1260,0.0010814964771270752,0.00010502443910809234,0.00118652090895921
naval,dune_bayes,1261,0.0008845182019285858,8.587102638557553e-05,0.0009703892283141613
naval,dune_bayes,1262,0.0011626679915934801,9.557239536661655e-05,0.0012582404306158423
naval,dune_bayes,1263,0.0009158244356513023,0.0001569471205584705,0.0010727716144174337
naval,dune_bayes,1264,0.0009424011805094779,0.00011933414498344064,0.0010617353254929185
naval,dune_bayes,1265,0.0010744888568297029,0.0001037927286233753,0.0011782816145569086
naval,dune_bayes,1266,0.0011578521225601435,9.48327433434315e-05,0.0012526848586276174
naval,dune_bayes,1267,0.0011128663318231702,8.089020411716774e-05,0.0011937565868720412
naval,dune_bayes,1268,0.0009168147807940841,0.00012880102440249175,0.0010456157615408301
naval,dune_bayes,1269,0.0009532581316307187,0.00012171066919108853,0.0010749688372015953
naval,dune_bayes,1270,0.0009097357396967709,0.00015463434101548046,0.0010643700370565057
naval,dune_bayes,1271,0.0009568363311700523,0.00013856578152626753,0.001095402054488659
naval,dune_bayes,1272,0.0011011662427335978,7.91889542597346e-05,0.00118035520426929
naval,dune_bayes,1273,0.0009068073122762144,0.0001535180490463972,0.0010603254195302725
naval,dune_bayes,1274,0.0008646998321637511,8.164296741597354e-05,0.0009463428286835551
naval,dune_bayes,1275,0.0010390004608780146,0.00012366480950731784,0.001162665314041078
naval,dune_bayes,1276,0.0010580789530649781,0.00010095926700159907,0.0011590381618589163
naval,dune_bayes,1277,0.0012756554642692208,0.00023038616927806288,0.0015060416189953685
naval,dune_bayes,1278,0.001004006015136838,0.00013312358350958675,0.00113712961319834
naval,dune_bayes,1279,0.0010317289270460606,0.00012212779256515205,0.001153856748715043
naval,dune_bayes,1280,0.0011244607158005238,8.978221740107983e-05,0.001214242889545858
naval,dune_bayes,1281,0.0008497664821334183,7.854952127672732e-05,0.0009283160325139761
naval,dune_bayes,1282,0.0008036992512643337,4.8986461479216814e-05,0.0008526857127435505
naval,dune_bayes,1283,0.0008003195398487151,4.855223232880235e-05,0.0008488717721775174
naval,dune_bayes,1284,0.0008383247768506408,7.622411067131907e-05,0.0009145488729700446
naval,dune_bayes,1285,0.0012960542226210237,0.0002367841370869428,0.001532838330604136
naval,dune_bayes,1286,0.0013622746337205172,0.0002585732436273247,0.0016208478482440114
naval,dune_bayes,1287,0.0010817311704158783,0.0001329102524323389,0.0012146413791924715
naval,dune_bayes,1288,0.0009441672591492534,0.00012224669626448303,0.0010664139408618212
naval,dune_bayes,1289,0.0012177362805232406,0.00010423891217214987,0.0013219751417636871
naval,dune_bayes,1290,0.000945993815548718,0.0001691041252342984,0.0011150978971272707
naval,dune_bayes,1291,0.000898070284165442,0.00010970572475343943,0.0010077760089188814
naval,dune_bayes,1292,0.0010713548399508,0.00013064194354228675,0.0012019968125969172
naval,dune_bayes,1293,0.0011667003855109215,0.00012301458627916873,0.0012897149426862597
naval,dune_bayes,1294,0.0011972718639299273,0.00010097104677697644,0.0012982429470866919
naval,dune_bayes,1295,0.0009007846820168197,0.00011033047485398129,0.0010111151495948434
naval,dune_bayes,1296,0.001065664691850543,0.00012938502186443657,0.0011950497282668948
naval,dune_bayes,1297,0.0010633013444021344,0.00012887803313788027,0.00119217939209193
naval,dune_bayes,1298,0.0011864010011777282,9.923852485371754e-05,0.0012856394750997424
naval,dune_bayes,1299,0.0011492655612528324,8.629827061668038e-05,0.0012355637736618519
naval,dune_bayes,1300,0.0009274539770558476,0.0001616928493604064,0.001089146826416254
naval,dune_bayes,1301,0.0010904947994276881,0.00010657450184226036,0.0011970693012699485
naval,dune_bayes,1302,0.0008959107217378914,8.840671216603369e-05,0.0009843173902481794
naval,dune_bayes,1303,0.0009171962738037109,0.00011396656191209331,0.0010311627993360162
naval,dune_bayes,1304,0.0010869352845475078,0.00010594385821605101,0.0011928791645914316
naval,dune_bayes,1305,0.0011366987600922585,8.440337842330337e-05,0.0012211021967232227
naval,dune_bayes,1306,0.0010528330458328128,0.00012660968059208244,0.0011794427409768105
naval,dune_bayes,1307,0.0010803218465298414,0.00010478749754838645,0.0011851093731820583
naval,dune_bayes,1308,0.0008408024441450834,5.396080814534798e-05,0.0008947632741183043
naval,dune_bayes,1309,0.0008835486369207501,8.571615762775764e-05,0.0009692647727206349
naval,dune_bayes,1310,0.0010500947246327996,0.0001260146382264793,0.001176109304651618
naval,dune_bayes,1311,0.000836517137940973,5.3373871196527034e-05,0.0008898910018615425
naval,dune_bayes,1312,0.0010735306423157454,0.00010360521264374256,0.001177135854959488
naval,dune_bayes,1313,0.0011130532948300242,8.092076313914731e-05,0.001193974050693214
naval,dune_bayes,1314,0.0010450739646330476,0.00012493696704041213,0.001170010888017714
naval,dune_bayes,1315,0.0008287638192996383,5.2325529395602643e-05,0.0008810893632471561
naval,dune_bayes,1316,0.0010631559416651726,0.00010179689707001671,0.0011649528751149774
naval,dune_bayes,1317,0.00114248797763139,9.247050911653787e-05,0.0012349585304036736
naval,dune_bayes,1318,0.0009012923110276461,0.0001515598560217768,0.0010528521379455924
naval,dune_bayes,1319,0.0009990471880882978,0.00014925291179679334,0.0011483001289889216
naval,dune_bayes,1320,0.0009618717595003545,0.00012352727935649455,0.0010853990679606795
naval,dune_bayes,1321,0.0010605299612507224,0.0001013650544336997,0.0011618949938565493
naval,dune_bayes,1322,0.0008136339019984007,5.031525870435871e-05,0.000863949186168611
naval,dune_bayes,1323,0.0011395243927836418,0.0001881662174127996,0.0013276906684041023
naval,dune_bayes,1324,0.00103255535941571,0.0001222652936121449,0.00115482066757977
naval,dune_bayes,1325,0.0010537157068029046,0.00010018629836849868,0.0011539020342752337
naval,dune_bayes,1326,0.0010301120346412063,0.00012175234587630257,0.001151864416897297
naval,dune_bayes,1327,0.001024224329739809,0.00013785305782221258,0.001162077416665852
naval,dune_bayes,1328,0.0009688778081908822,0.0001067919802153483,0.0010756697738543153
naval,dune_bayes,1329,0.001041110372170806,9.804828732740134e-05,0.0011391586158424616
naval,dune_bayes,1330,0.0007952045416459441,4.791538594872691e-05,0.0008431199239566922
naval,dune_bayes,1331,0.0010378663428127766,9.749770106282085e-05,0.0011353640584275126
naval,dune_bayes,1332,0.0011806623078882694,0.00012565864017233253,0.0013063210062682629
naval,dune_bayes,1333,0.000933222530875355,6.673437019344419e-05,0.0009999568574130535
naval,dune_bayes,1334,0.0011766789248213172,0.00012488718493841588,0.0013015661388635635
naval,dune_bayes,1335,0.001188166905194521,9.232420416083187e-05,0.001280491123907268
naval,dune_bayes,1336,0.0013774490216746926,0.0002623861364554614,0.0016398351872339845
naval,dune_bayes,1337,0.0009547395748086274,0.00010035534796770662,0.0010550948791205883
naval,dune_bayes,1338,0.0009336191578768194,0.00016432121628895402,0.0010979403741657734
naval,dune_bayes,1339,0.0011618809076026082,0.00012207074905745685,0.0012839516857638955
naval,dune_bayes,1340,0.0011621651938185096,8.827596320770681e-05,0.0012504411861300468
naval,dune_bayes,1341,0.0011563267325982451,8.738959877518937e-05,0.0012437163386493921
naval,dune_bayes,1342,0.000998634030111134,0.00014819504576735198,0.0011468291049823165
naval,dune_bayes,1343,0.0009168293327093124,0.00011386194091755897,0.001030691317282617
naval,dune_bayes,1344,0.001086027012206614,0.00010576429485809058,0.001191791263408959
naval,dune_bayes,1345,0.0011760285124182701,9.76031442405656e-05,0.0012736317003145814
naval,dune_bayes,1346,0.0008471064502373338,5.486703958013095e-05,0.0009019735152833164
naval,dune_bayes,1347,0.0008431036258116364,5.430430610431358e-05,0.0008974079391919076
naval,dune_bayes,1348,0.0010788682848215103,0.00010450006811879575,0.0011833683820441365
naval,dune_bayes,1349,0.0011248246300965548,8.26425093691796e-05,0.0012074671685695648
naval,dune_bayes,1350,0.0008393124444410205,5.379126741900109e-05,0.0008931037154980004
naval,dune_bayes,1351,0.0012862252769991755,0.00023395293101202697,0.0015201781643554568
naval,dune_bayes,1352,0.0008350795251317322,5.321363641996868e-05,0.0008882931433618069
naval,dune_bayes,1353,0.0008780431817285717,8.461597462883219e-05,0.000962659134529531
naval,dune_bayes,1354,0.0009099201997742057,0.00015503488248214126,0.001064955024048686
naval,dune_bayes,1355,0.0009497173014096916,0.00012086224887752905,0.0010705795139074326
naval,dune_bayes,1356,0.001046193647198379,0.0001251513895113021,0.0011713450076058507
naval,dune_bayes,1357,0.00115589692723006,9.448460332350805e-05,0.0012503815814852715
naval,dune_bayes,1358,0.0008315418963320553,5.273382703308016e-05,0.0008842757088132203
naval,dune_bayes,1359,0.0008740571793168783,8.376148616662249e-05,0.000957818643655628
naval,dune_bayes,1360,0.0009606511448509991,0.00013851730909664184,0.0010991684393957257
naval,dune_bayes,1361,0.0008661013562232256,8.20751374703832e-05,0.0009481764864176512
naval,dune_bayes,1362,0.0008678611484356225,0.00014087070303503424,0.0010087318951264024
naval,dune_bayes,1363,0.0009725358686409891,0.00012587470700964332,0.0010984105756506324
naval,dune_bayes,1364,0.0010899880435317755,7.759251457173377e-05,0.001167580601759255
naval,dune_bayes,1365,0.0008587361662648618,8.053594501689076e-05,0.0009392721112817526
naval,dune_bayes,1366,0.0010336136911064386,0.00012246360711287707,0.00115607725456357
naval,dune_bayes,1367,0.001132466597482562,9.094505367102101e-05,0.0012234116438776255
naval,dune_bayes,1368,0.0010309494100511074,0.00012189342669444159,0.0011528428876772523
naval,dune_bayes,1369,0.0011231981916353106,8.956029341788962e-05,0.0012127584777772427
naval,dune_bayes,1370,0.001026144833303988,0.00012088020594092086,0.0011470250319689512
naval,dune_bayes,1371,0.0010036863386631012,6.562731869053096e-05,0.0010693136136978865
naval,dune_bayes,1372,0.0010363541077822447,9.72087582340464e-05,0.0011335628805682063
naval,dune_bayes,1373,0.0007897568866610527,4.7250261559383944e-05,0.0008370071300305426
naval,dune_bayes,1374,0.0010336186969652772,9.675767068983987e-05,0.0011303763603791595
naval,dune_bayes,1375,0.0008280393085442483,7.429054676322266e-05,0.0009023298625834286
naval,dune_bayes,1376,0.0009403473231941462,0.00016716186655685306,0.0011075092479586601
naval,dune_bayes,1377,0.001073674880899489,0.00013108958955854177,0.0012047644704580307
naval,dune_bayes,1378,0.0009226037072949111,6.514163396786898e-05,0.0009877453558146954
naval,dune_bayes,1379,0.001070779631845653,0.00013044809747952968,0.0012012277729809284
naval,dune_bayes,1380,0.0011679353192448616,0.00012318394146859646,0.001291119260713458
naval,dune_bayes,1381,0.001205603824928403,0.00010224472498521209,0.001307848608121276
naval,dune_bayes,1382,0.0009183395304717124,6.450866931118071e-05,0.0009828482288867235
naval,dune_bayes,1383,0.0009343345300294459,0.00016473772120662034,0.0010990722803398967
naval,dune_bayes,1384,0.0009432456572540104,0.00012215426249895245,0.0010653999634087086
naval,dune_bayes,1385,0.0009535549324937165,0.00010015950101660565,0.0010537144262343645
naval,dune_bayes,1386,0.0011606835760176182,0.00012180900375824422,0.0012824925361201167
naval,dune_bayes,1387,0.0012232641456648707,0.00021103928156662732,0.0014343034708872437
naval,dune_bayes,1388,0.0008952571079134941,0.00010904499504249543,0.0010043020593002439
naval,dune_bayes,1389,0.0011567132314667106,8.745740342419595e-05,0.0012441705912351608
naval,dune_bayes,1390,0.0008581441361457109,5.644360135192983e-05,0.0009145877556875348
naval,dune_bayes,1391,0.0011532788630574942,0.00012041175068588927,0.0012736906064674258
naval,dune_bayes,1392,0.0011500315740704536,8.642995817353949e-05,0.0012364615686237812
naval,dune_bayes,1393,0.0009083745535463095,0.0001120372035074979,0.001020411727949977
naval,dune_bayes,1394,0.0011441989336162806,8.55557227623649e-05,0.0012297546491026878
naval,dune_bayes,1395,0.001047124620527029,0.00012531464744824916,0.0011724393116310239
naval,dune_bayes,1396,0.0011599783319979906,9.509014489594847e-05,0.0012550684623420238
naval,dune_bayes,1397,0.0011553950607776642,9.439467976335436e-05,0.0012497897259891033
naval,dune_bayes,1398,0.0008727759122848511,8.356041507795453e-05,0.0009563363273628056
naval,dune_bayes,1399,0.0008735305164009333,0.00014310950064100325,0.001016639987938106
naval,dune_bayes,1400,0.0011075607035309076,8.012374019017443e-05,0.0011876844801008701
naval,dune_bayes,1401,0.0012958315201103687,0.0002337988989893347,0.001529630389995873
naval,dune_bayes,1402,0.0011457636719569564,9.292586764786392e-05,0.001238689525052905
naval,dune_bayes,1403,0.001037990557961166,0.0001585475984029472,0.0011965380981564522
naval,dune_bayes,1404,0.0008184524485841393,5.1009043090743944e-05,0.0008694615098647773
naval,dune_bayes,1405,0.0008650890667922795,0.00014001161616761237,0.0010051006684079766
naval,dune_bayes,1406,0.0008625260670669377,0.00013905327068641782,0.0010015793377533555
naval,dune_bayes,1407,0.0008108395850285888,5.000704186386429e-05,0.0008608466014266014
naval,dune_bayes,1408,0.001051036873832345,9.966484503820539e-05,0.0011507016606628895
naval,dune_bayes,1409,0.001027184771373868,0.00012107338989153504,0.0011482581030577421
naval,dune_bayes,1410,0.000854165235068649,0.00013605107960756868,0.000990216271020472
naval,dune_bayes,1411,0.0010325185721740127,0.00013980413496028632,0.0011723226634785533
naval,dune_bayes,1412,0.0010262993164360523,0.0001382914197165519,0.0011645907070487738
naval,dune_bayes,1413,0.0009660908253863454,0.00010618891974445432,0.001072279759682715
naval,dune_bayes,1414,0.0010430634720250964,7.672255742363632e-05,0.0011197860585525632
naval,dune_bayes,1415,0.000843263347633183,0.00013214284263085574,0.000975406204815954
naval,dune_bayes,1416,0.0010318870190531015,9.642379154684022e-05,0.0011283108033239841
naval,dune_bayes,1417,0.0010388345690444112,7.614382775500417e-05,0.0011149784550070763
naval,dune_bayes,1418,0.0014001663075760007,0.00026734580751508474,0.0016675121150910854
naval,dune_bayes,1419,0.0010288564953953028,9.592129936208948e-05,0.0011247778311371803
naval,dune_bayes,1420,0.0010345937917008996,7.556522905360907e-05,0.001110158977098763
naval,dune_bayes,1421,0.0009170073317363858,6.434897659346461e-05,0.0009813562501221895
naval,dune_bayes,1422,0.0009122554329223931,6.363406282616779e-05,0.0009758895030245185
naval,dune_bayes,1423,0.0008932285127229989,0.00010853254934772849,0.0010017610620707273
naval,dune_bayes,1424,0.0010639472166076303,0.00012892548693343997,0.0011928726453334093
naval,dune_bayes,1425,0.0009079223964363337,6.297510844888166e-05,0.0009708974976092577
naval,dune_bayes,1426,0.0011553593212738633,0.0001207598761538975,0.0012761191464960575
naval,dune_bayes,1427,0.0009115582797676325,0.0001126911593019031,0.0010242494754493237
naval,dune_bayes,1428,0.0010587620781734586,0.00012780088582076132,0.0011865629348903894
naval,dune_bayes,1429,0.001184045453555882,9.880332800094038e-05,0.0012828487670049071
naval,dune_bayes,1430,0.001150628668256104,8.653147233417258e-05,0.0012371601769700646
naval,dune_bayes,1431,0.0011446644784882665,8.56328260852024e-05,0.0012302972609177232
naval,dune_bayes,1432,0.0008850842714309692,0.00014757842291146517,0.0010326626943424344
naval,dune_bayes,1433,0.001083464827388525,0.00010525077232159674,0.0011887155706062913
naval,dune_bayes,1434,0.001174204284325242,9.727253927849233e-05,0.0012714768527075648
naval,dune_bayes,1435,0.0008883037371560931,8.695528958924115e-05,0.0009752589976415038
naval,dune_bayes,1436,0.0008824719698168337,0.00014656510029453784,0.0010290370555594563
naval,dune_bayes,1437,0.000973495829384774,0.0001417782186763361,0.0011152740335091949
naval,dune_bayes,1438,0.0008838869980536401,8.6011721577961e-05,0.0009698987123556435
naval,dune_bayes,1439,0.000930693291593343,0.0001166870933957398,0.0010473803849890828
naval,dune_bayes,1440,0.0008767464314587414,0.0001444291410734877,0.0010211755288764834
naval,dune_bayes,1441,0.0010727362241595984,0.00010336311970604584,0.0011760992929339409
naval,dune_bayes,1442,0.0008324550581164658,5.29185235791374e-05,0.0008853735635057092
naval,dune_bayes,1443,0.0008723277132958174,8.352883742190897e-05,0.0009558565216138959
naval,dune_bayes,1444,0.0008707760716788471,0.0001422517088940367,0.001013027736917138
naval,dune_bayes,1445,0.0011879424564540386,0.00020267933723516762,0.0013906217645853758
naval,dune_bayes,1446,0.0008207378559745848,5.133590821060352e-05,0.0008720737532712519
naval,dune_bayes,1447,0.0008650257368572056,0.00014011548773851246,0.0010051411809399724
naval,dune_bayes,1448,0.0010355841368436813,0.0001228203036589548,0.0011584043968468904
naval,dune_bayes,1449,0.0008171140216290951,5.0862872740253806e-05,0.0008679769234731793
naval,dune_bayes,1450,0.0009893442038446665,0.0001296640548389405,0.0011190082877874374
naval,dune_bayes,1451,0.001056135748513043,0.00010050080163637176,0.0011566365137696266
naval,dune_bayes,1452,0.0010304682655259967,0.00012173506547696888,0.0011522033018991351
naval,dune_bayes,1453,0.0008523585856892169,7.934254972497001e-05,0.0009317011572420597
naval,dune_bayes,1454,0.0010495723690837622,9.9381992185954e-05,0.001148954383097589
naval,dune_bayes,1455,0.0010179808596149087,0.0001363173360005021,0.0011542981956154108
naval,dune_bayes,1456,0.0011212722165510058,8.922573033487424e-05,0.0012104979250580072
naval,dune_bayes,1457,0.0008016792125999928,4.8829821025719866e-05,0.0008505090372636914
naval,dune_bayes,1458,0.0008443397236987948,7.770710362819955e-05,0.000922046834602952
naval,dune_bayes,1459,0.0010140311205759645,0.00013534938625525683,0.0011493804631754756
naval,dune_bayes,1460,0.0010509566636756063,7.779225416015834e-05,0.001128748874180019
naval,dune_bayes,1461,0.0008368027047254145,7.616846414748579e-05,0.0009129711543209851
naval,dune_bayes,1462,0.0010466288076713681,7.71948616602458e-05,0.0011238236911594868
naval,dune_bayes,1463,0.0009936015121638775,6.431833025999367e-05,0.0010579198133200407
naval,dune_bayes,1464,0.0009601152851246297,0.00010499057680135593,0.0010651058983057737
naval,dune_bayes,1465,0.0009578857570886612,0.00010455910523887724,0.0010624448768794537
naval,dune_bayes,1466,0.0010334114776924253,7.538063073297963e-05,0.001108792144805193
naval,dune_bayes,1467,0.0011986790923401713,0.00010109572758665308,0.0012997748563066125
naval,dune_bayes,1468,0.000951287045609206,9.979285823646933e-05,0.001051079947501421
naval,dune_bayes,1469,0.001248977379873395,0.00022125976101960987,0.00147023715544492
naval,dune_bayes,1470,0.0011936037335544825,0.00010029082477558404,0.0012938946019858122
naval,dune_bayes,1471,0.0008915109792724252,0.0001501400111010298,0.0010416510049253702
naval,dune_bayes,1472,0.0008994978852570057,0.00011008590809069574,0.0010095838224515319
naval,dune_bayes,1473,0.0010571997845545411,0.00012743150000460446,0.0011846312554553151
naval,dune_bayes,1474,0.0011506330920383334,0.00011984274897258729,0.001270475797355175
naval,dune_bayes,1475,0.0008513443754054606,5.555125972023234e-05,0.0009068956132978201
naval,dune_bayes,1476,0.0008470902685075998,5.495584264281206e-05,0.0009020461002364755
naval,dune_bayes,1477,0.0008828087011352181,0.00014684452617075294,0.0010296532418578863
naval,dune_bayes,1478,0.0011735041625797749,9.714356565382332e-05,0.0012706477427855134
naval,dune_bayes,1479,0.0011382830562070012,8.467325096717104e-05,0.0012229563435539603
naval,dune_bayes,1480,0.0011062106350436807,0.0001768440706655383,0.001283054705709219
naval,dune_bayes,1481,0.0011687835212796926,9.641866199672222e-05,0.0012652021832764149
naval,dune_bayes,1482,0.0008834201144054532,8.598082786193117e-05,0.0009694009204395115
naval,dune_bayes,1483,0.0009303154074586928,0.00011653955152723938,0.0010468550026416779
naval,dune_bayes,1484,0.0008709509274922311,0.00014243021723814309,0.0010133811738342047
naval,dune_bayes,1485,0.0009505257476121187,0.0001209186521009542,0.0010714443633332849
naval,dune_bayes,1486,0.0008234469569288194,5.173448153072968e-05,0.0008751814602874219
naval,dune_bayes,1487,0.0008669361122883856,8.246377547038719e-05,0.0009493998950347304
naval,dune_bayes,1488,0.0008653611876070499,0.00014036757056601346,0.001005728729069233
naval,dune_bayes,1489,0.0009573824936524034,0.00013853079872205853,0.0010959133505821228
naval,dune_bayes,1490,0.0010367477079853415,0.000123044999781996,0.0011597927659749985
naval,dune_bayes,1491,0.0008194008260034025,5.1189697842346504e-05,0.0008705905056558549
naval,dune_bayes,1492,0.001034039305523038,0.00012246245751157403,0.001156501704826951
naval,dune_bayes,1493,0.0011345441453158855,9.119002788793296e-05,0.0012257341295480728
naval,dune_bayes,1494,0.0010908300755545497,7.772271055728197e-05,0.0011685527861118317
naval,dune_bayes,1495,0.001383399241603911,0.0002618675644043833,0.0016452667769044638
naval,dune_bayes,1496,0.0010518110357224941,9.973706619348377e-05,0.0011515481164678931
naval,dune_bayes,1497,0.001020278432406485,6.78229407640174e-05,0.0010881014168262482
naval,dune_bayes,1498,0.0011205670889467,8.910122414818034e-05,0.0012096683494746685
naval,dune_bayes,1499,0.001015141257084906,6.714415940223262e-05,0.0010822854237630963
naval,dune_bayes,1500,0.0010093264281749725,6.637071055592969e-05,0.0010756971314549446
naval,dune_bayes,1501,0.0010042880894616246,6.571441917913035e-05,0.0010700025595724583
naval,dune_bayes,1502,0.0009993279818445444,6.507280340883881e-05,0.001064400770701468
naval,dune_bayes,1503,0.0007897150353528559,4.732496017822996e-05,0.0008370400173589587
naval,dune_bayes,1504,0.0008403285755775869,0.0001313660468440503,0.0009716945933178067
naval,dune_bayes,1505,0.0008283157949335873,7.454062870237976e-05,0.0009028564090840518
naval,dune_bayes,1506,0.0010326779447495937,7.526228000642732e-05,0.0011079402174800634
naval,dune_bayes,1507,0.0009541692561469972,0.00010380246385466307,0.0010579717345535755
naval,dune_bayes,1508,0.001028515282087028,7.469843694707379e-05,0.0011032137554138899
naval,dune_bayes,1509,0.0008171359659172595,7.232475763885304e-05,0.0008894607308320701
naval,dune_bayes,1510,0.0011705171782523394,8.959800470620394e-05,0.0012601151829585433
naval,dune_bayes,1511,0.0008922473061829805,0.00015054443792905658,0.0010427917586639524
naval,dune_bayes,1512,0.0010612659389153123,0.0001282946759602055,0.001189560629427433
naval,dune_bayes,1513,0.0008892297046259046,0.00014940266555640846,0.0010386323556303978
naval,dune_bayes,1514,0.0008542946306988597,5.6006942031672224e-05,0.0009103015763685107
naval,dune_bayes,1515,0.0008991922368295491,8.949878974817693e-05,0.0009886909974738955
naval,dune_bayes,1516,0.0012673126766458154,0.00022706613526679575,0.0014943787828087807
naval,dune_bayes,1517,0.001084015821106732,0.00010527574340812862,0.001189291593618691
naval,dune_bayes,1518,0.0011447081342339516,8.564386371290311e-05,0.0012303519761189818
naval,dune_bayes,1519,0.00084564124699682,5.479238825500943e-05,0.0009004336316138506
naval,dune_bayes,1520,0.0008799671195447445,0.00014591831131838262,0.0010258854599669576
naval,dune_bayes,1521,0.0008865471463650465,8.672646072227508e-05,0.0009732735925354064
naval,dune_bayes,1522,0.0012578627793118358,0.00022140057990327477,0.0014792634174227715
naval,dune_bayes,1523,0.0008742710342630744,0.00014378888590727001,0.0010180599056184292
naval,dune_bayes,1524,0.001070476253516972,0.00010291952639818192,0.001173395779915154
naval,dune_bayes,1525,0.0009436082327738404,0.00011938957322854549,0.0010629978496581316
naval,dune_bayes,1526,0.0008257961017079651,5.2074923587497324e-05,0.0008778710034675896
naval,dune_bayes,1527,0.0009232987649738789,0.00012960706953890622,0.0010529058054089546
naval,dune_bayes,1528,0.001108495518565178,8.027602598303929e-05,0.00118877156637609
naval,dune_bayes,1529,0.0011024281848222017,7.93861472629942e-05,0.0011818143539130688
naval,dune_bayes,1530,0.0010324735194444656,0.00012209896522108465,0.001154572470113635
naval,dune_bayes,1531,0.0011386587284505367,9.179059998132288e-05,0.0012304492993280292
naval,dune_bayes,1532,0.00109673454426229,7.856934098526835e-05,0.0011753039434552193
naval,dune_bayes,1533,0.0008140507852658629,5.0504804676165804e-05,0.0008645555935800076
naval,dune_bayes,1534,0.000988290412351489,0.00014632765669375658,0.0011346180690452456
naval,dune_bayes,1535,0.001027616555802524,0.00012107451766496524,0.0011486910516396165
naval,dune_bayes,1536,0.0010504142846912146,9.9467251857277e-05,0.0011498815147206187
naval,dune_bayes,1537,0.0010049872798845172,0.00013318679702933878,0.0011381740914657712
naval,dune_bayes,1538,0.001024932018481195,0.00012050081568304449,0.0011454328196123242
naval,dune_bayes,1539,0.001046996098011732,9.888040949590504e-05,0.0011458764784038067
naval,dune_bayes,1540,0.0010147223947569728,6.707980355713516e-05,0.0010818021837621927
naval,dune_bayes,1541,0.001034645363688469,0.00014023430412635207,0.001174879726022482
naval,dune_bayes,1542,0.0010203238343819976,0.00011954400542890653,0.0011398678179830313
naval,dune_bayes,1543,0.0010407707886770368,9.782960842130706e-05,0.0011386004043743014
naval,dune_bayes,1544,0.0008381322841159999,7.656460365979001e-05,0.0009146968950517476
naval,dune_bayes,1545,0.0010376618010923266,9.731078171171248e-05,0.0011349725537002087
naval,dune_bayes,1546,0.0007918016635812819,4.761256059282459e-05,0.0008394142496399581
naval,dune_bayes,1547,0.0010343759786337614,9.675409091869369e-05,0.001131130033172667
naval,dune_bayes,1548,0.0009939337614923716,6.436683179344982e-05,0.0010583006078377366
naval,dune_bayes,1549,0.0008321187924593687,0.0001286501792492345,0.000960768957156688
naval,dune_bayes,1550,0.0010250253835693002,9.518738079350442e-05,0.001120212720707059
naval,dune_bayes,1551,0.0007773620309308171,4.578908556140959e-05,0.0008231510873883963
naval,dune_bayes,1552,0.0009787302697077394,6.241898518055677e-05,0.0010411492548882961
naval,dune_bayes,1553,0.0011073038913309574,0.00015708795399405062,0.0012643918162211776
naval,dune_bayes,1554,0.0010237675160169601,7.40450486773625e-05,0.0010978125501424074
naval,dune_bayes,1555,0.0007702129078097641,4.490384890232235e-05,0.0008151167421601713
naval,dune_bayes,1556,0.0011028891894966364,0.00015599711332470179,0.0012588863028213382
naval,dune_bayes,1557,0.0010190705070272088,7.34029381419532e-05,0.0010924733942374587
naval,dune_bayes,1558,0.0009683886310085654,6.110651884227991e-05,0.0010294951498508453
naval,dune_bayes,1559,0.000821670750156045,0.00012503321340773255,0.0009467039490118623
naval,dune_bayes,1560,0.0008569414494559169,5.640590825350955e-05,0.0009133473504334688
naval,dune_bayes,1561,0.0011819435749202967,9.841723658610135e-05,0.0012803608551621437
naval,dune_bayes,1562,0.0008408185094594955,5.4160900617716834e-05,0.000894979399163276
naval,dune_bayes,1563,0.0008813997264951468,8.567296026740223e-05,0.0009670726722106338
naval,dune_bayes,1564,0.0008713601855561137,0.00014289900718722492,0.0010142591781914234
naval,dune_bayes,1565,0.0013051112182438374,0.00023645198962185532,0.0015415631933137774
naval,dune_bayes,1566,0.0009386388119310141,0.0001183147614938207,0.0010569535661488771
naval,dune_bayes,1567,0.0008682916522957385,0.0001417436433257535,0.0010100352810695767
naval,dune_bayes,1568,0.001121134264394641,8.214064291678369e-05,0.001203274936415255
naval,dune_bayes,1569,0.0008657281869091094,0.0001407713134540245,0.001006499514915049
naval,dune_bayes,1570,0.0010658393148332834,0.00010208243475062773,0.0011679216986522079
naval,dune_bayes,1571,0.0011147644836455584,8.11922291177325e-05,0.0011959567200392485
naval,dune_bayes,1572,0.0008627495844848454,0.00013969495194032788,0.0010024445364251733
naval,dune_bayes,1573,0.0011469762539491057,9.301771206082776e-05,0.0012399939587339759
naval,dune_bayes,1574,0.0009651682921685278,0.0001240996498381719,0.001089267898350954
naval,dune_bayes,1575,0.0011421623639762402,9.228780982084572e-05,0.0012344501446932554
naval,dune_bayes,1576,0.0008568212506361306,0.00013756935368292034,0.0009943905752152205
naval,dune_bayes,1577,0.0008566933684051037,8.04394730948843e-05,0.0009371328633278608
naval,dune_bayes,1578,0.0010287411278113723,0.0001212877978105098,0.0011500288965180516
naval,dune_bayes,1579,0.001052186475135386,9.973094711313024e-05,0.0011519173858687282
naval,dune_bayes,1580,0.0008090696064755321,4.988704313291237e-05,0.000858956656884402
naval,dune_bayes,1581,0.0010260635754093528,0.00012071531818946823,0.001146778929978609
naval,dune_bayes,1582,0.0010492559522390366,9.923900506692007e-05,0.00114849500823766
naval,dune_bayes,1583,0.0008487711893394589,7.879651093389839e-05,0.0009275677148252726
naval,dune_bayes,1584,0.0010150772286579013,6.713299808325246e-05,0.0010822102194651961
naval,dune_bayes,1585,0.001437100931070745,0.00028193488833494484,0.0017190357903018594
naval,dune_bayes,1586,0.001178159611299634,0.0001976083731278777,0.0013757679844275117
naval,dune_bayes,1587,0.00103266432415694,0.00013971494627185166,0.0011723792413249612
naval,dune_bayes,1588,0.0008375939214602113,0.000130700136651285,0.000968294043559581
naval,dune_bayes,1589,0.0009071432868950069,0.0001252524962183088,0.0010323957540094852
naval,dune_bayes,1590,0.0010422046761959791,0.00014201107842382044,0.0011842157691717148
naval,dune_bayes,1591,0.001032695989124477,9.642887744121253e-05,0.00112912489566952
naval,dune_bayes,1592,0.0009886018233373761,6.367384776240215e-05,0.0010522756492719054
naval,dune_bayes,1593,0.0010942664230242372,0.00015419312694575638,0.0012484595645219088
naval,dune_bayes,1594,0.0009536930592730641,0.00010366162314312533,0.0010573547333478928
naval,dune_bayes,1595,0.000826614152174443,0.00012685981346294284,0.0009534739656373858
naval,dune_bayes,1596,0.0009789414471015334,6.244759424589574e-05,0.0010413890704512596
naval,dune_bayes,1597,0.0008145718020386994,7.194297359092161e-05,0.0008865147829055786
naval,dune_bayes,1598,0.0009492610697634518,0.00010280207789037377,0.0010520631913095713
naval,dune_bayes,1599,0.0008215042180381715,0.00012508255895227194,0.0009465867769904435
naval,dune_bayes,1600,0.0009468403877690434,0.0001023274744511582,0.0010491678258404136
naval,dune_bayes,1601,0.0011147413169965148,0.00015852505748625845,0.0012732663890346885
naval,dune_bayes,1602,0.0009637733455747366,6.053577453712933e-05,0.001024309080094099
naval,dune_bayes,1603,0.0011505098082125187,0.00011971934145549312,0.0012702291132882237
naval,dune_bayes,1604,0.0011863985564559698,9.909769869409502e-05,0.0012854962842538953
naval,dune_bayes,1605,0.000881020852830261,0.00014659814769402146,0.0010276190005242825
naval,dune_bayes,1606,0.0011223125038668513,0.0001826988154789433,0.0013050113338977098
naval,dune_bayes,1607,0.0009062783792614937,0.00011144536983920261,0.001017723698168993
naval,dune_bayes,1608,0.000847616174723953,5.513374708243646e-05,0.0009027499472722411
naval,dune_bayes,1609,0.000923231418710202,0.00011500414257170632,0.0010382356122136116
naval,dune_bayes,1610,0.0010816077701747417,0.00010479298362042755,0.0011864007683470845
naval,dune_bayes,1611,0.001171471318230033,9.677161870058626e-05,0.0012682429514825344
naval,dune_bayes,1612,0.0008845728589221835,8.64280664245598e-05,0.0009710009326227009
naval,dune_bayes,1613,0.0008718637400306761,0.00014318153262138367,0.0010150452144443989
naval,dune_bayes,1614,0.000831069250125438,5.285439328872599e-05,0.0008839236688800156
naval,dune_bayes,1615,0.0010400221217423677,0.00012365715519990772,0.0011636792914941907
naval,dune_bayes,1616,0.0008274384308606386,5.236338256509043e-05,0.0008798018097877502
naval,dune_bayes,1617,0.0011511790798977017,9.36391152208671e-05,0.001244818209670484
naval,dune_bayes,1618,0.0008599360007792711,0.00013884514919482172,0.0009987811790779233
naval,dune_bayes,1619,0.0010609388118609786,0.00010120107617694885,0.0011621399316936731
naval,dune_bayes,1620,0.0008637355640530586,8.19770066300407e-05,0.0009457125561311841
naval,dune_bayes,1621,0.000815580366179347,5.077183959656395e-05,0.0008663522312417626
naval,dune_bayes,1622,0.0009298886288888752,0.0001308938954025507,0.001060782466083765
naval,dune_bayes,1623,0.0010513229062780738,9.956520079867914e-05,0.0011508881580084562
naval,dune_bayes,1624,0.0009121067705564201,0.00012726907152682543,0.0010393757838755846
naval,dune_bayes,1625,0.0010014836443588138,0.00013231841148808599,0.0011338021140545607
naval,dune_bayes,1626,0.0010249471524730325,0.00012046257324982435,0.0011454097693786025
naval,dune_bayes,1627,0.0011226678034290671,8.934696961659938e-05,0.0012120148167014122
naval,dune_bayes,1628,0.0010212718043476343,6.796843081247061e-05,0.0010892401915043592
naval,dune_bayes,1629,0.0007998460787348449,4.870317570748739e-05,0.0008485492435283959
naval,dune_bayes,1630,0.0008401474333368242,7.710740464972332e-05,0.0009172548307105899
naval,dune_bayes,1631,0.0008402010425925255,0.00013174835476092994,0.0009719494264572859
naval,dune_bayes,1632,0.0010101469233632088,6.64885010337457e-05,0.0010766354389488697
naval,dune_bayes,1633,0.0010351253440603614,9.682147356215864e-05,0.0011319468030706048
naval,dune_bayes,1634,0.0013772306265309453,0.0002594648685771972,0.001636695466004312
naval,dune_bayes,1635,0.0010550805600360036,0.0001451470161555335,0.0012002275325357914
naval,dune_bayes,1636,0.0010302421869710088,7.487410766771063e-05,0.0011051163310185075
naval,dune_bayes,1637,0.0007741889567114413,4.544114926829934e-05,0.0008196301059797406
naval,dune_bayes,1638,0.0009000145364552736,0.0001242575963260606,0.00102427217643708
naval,dune_bayes,1639,0.0009783940622583032,6.2368722865358e-05,0.0010407627560198307
naval,dune_bayes,1640,0.0009478271822445095,0.00010249815386487171,0.0010503253433853388
naval,dune_bayes,1641,0.0009688689024187624,6.117241719039157e-05,0.0010300413705408573
naval,dune_bayes,1642,0.0010096903424710035,7.21256437827833e-05,0.0010818160371854901
naval,dune_bayes,1643,0.0007569655426777899,4.332958269515075e-05,0.0008002951508387923
naval,dune_bayes,1644,0.0007991837919689715,6.902556197019294e-05,0.0008682093466632068
naval,dune_bayes,1645,0.001153473393060267,8.700844773557037e-05,0.0012404818553477526
naval,dune_bayes,1646,0.0008720982004888356,0.00014344176452141255,0.0010155399795621634
naval,dune_bayes,1647,0.0010460737394168973,0.00012491465895436704,0.0011709884274750948
naval,dune_bayes,1648,0.0011702628107741475,9.655149187892675e-05,0.0012668143026530743
naval,dune_bayes,1649,0.0011404864490032196,8.503790741087869e-05,0.0012255243491381407
naval,dune_bayes,1650,0.0009335292270407081,0.00011714136053342372,0.0010506706312298775
naval,dune_bayes,1651,0.0010435490403324366,0.00012438042904250324,0.0011679294984787703
naval,dune_bayes,1652,0.001165195950306952,9.576652519172058e-05,0.0012609624536707997
naval,dune_bayes,1653,0.001160495332442224,9.504918853053823e-05,0.0012555444845929742
naval,dune_bayes,1654,0.0008636611746624112,0.0001403019268764183,0.0010039630578830838
naval,dune_bayes,1655,0.0011221657041460276,8.230488310800865e-05,0.0012044706381857395
naval,dune_bayes,1656,0.0008262003539130092,5.2229159337002784e-05,0.0008784295059740543
naval,dune_bayes,1657,0.0010357690043747425,0.00012271561718080193,0.0011584846070036292
naval,dune_bayes,1658,0.0011505897855386138,9.353028872283176e-05,0.001244120066985488
naval,dune_bayes,1659,0.0009664708049967885,0.00012433811207301915,0.0010908088879659772
naval,dune_bayes,1660,0.0011011642636731267,0.00017513353668618947,0.0012762978440150619
naval,dune_bayes,1661,0.0010281249415129423,0.00012109129602322355,0.0011492162011563778
naval,dune_bayes,1662,0.0011356254108250141,9.125482029048726e-05,0.001226880238391459
naval,dune_bayes,1663,0.0008490903419442475,0.0001350182865280658,0.0009841086575761437
naval,dune_bayes,1664,0.0011308240937069058,9.053333633346483e-05,0.0012213573791086674
naval,dune_bayes,1665,0.0008508811006322503,7.937606278574094e-05,0.0009302571415901184
naval,dune_bayes,1666,0.0008431626483798027,0.00013293919619172812,0.0009761018445715308
naval,dune_bayes,1667,0.0011169057106599212,8.846578566590324e-05,0.0012053714599460363
naval,dune_bayes,1668,0.0009335805661976337,0.00013234881043899804,0.0010659294202923775
naval,dune_bayes,1669,0.0010159609373658895,0.00011854239710373804,0.0011345032835379243
naval,dune_bayes,1670,0.0011122329160571098,8.777474431553856e-05,0.0012000076239928603
naval,dune_bayes,1671,0.0010106404079124331,6.655896140728146e-05,0.0010771993547677994
naval,dune_bayes,1672,0.0010133294854313135,0.0001179859391413629,0.0011313154827803373
naval,dune_bayes,1673,0.0008322070934809744,0.00012907756899949163,0.0009612846770323813
naval,dune_bayes,1674,0.0009995820000767708,6.51053196634166e-05,0.001064687268808484
naval,dune_bayes,1675,0.001033804495818913,7.534014730481431e-05,0.001109144650399685
naval,dune_bayes,1676,0.0008196913986466825,7.306593761313707e-05,0.0008927573217079043
naval,dune_bayes,1677,0.000951017311308533,0.00010309016215614974,0.0010541074443608522
naval,dune_bayes,1678,0.0010938632767647505,0.00015396617527585477,0.0012478294083848596
naval,dune_bayes,1679,0.0009487991919741035,0.00010266462777508423,0.0010514637688174844
naval,dune_bayes,1680,0.0007695754757151008,4.489810817176476e-05,0.0008144736057147384
naval,dune_bayes,1681,0.0008186207851395011,0.00012435438111424446,0.0009429751662537456
naval,dune_bayes,1682,0.000946383981499821,0.00010219182877335697,0.0010485758539289236
naval,dune_bayes,1683,0.0011151853250339627,0.0001586241414770484,0.0012738094665110111
naval,dune_bayes,1684,0.0009611505083739758,0.00013902260980103165,0.0011001731036230922
naval,dune_bayes,1685,0.0007979401270858943,6.884289177833125e-05,0.0008667830261401832
naval,dune_bayes,1686,0.0011456081410869956,0.00018946766795124859,0.0013350758235901594
naval,dune_bayes,1687,0.001047345343977213,0.00012516485003288835,0.0011725102085620165
naval,dune_bayes,1688,0.0008870520978234708,8.708692621439695e-05,0.0009741390240378678
naval,dune_bayes,1689,0.0009200149797834456,0.00011422485840739682,0.0010342398891225457
naval,dune_bayes,1690,0.0010422520572319627,0.0001240753917954862,0.001166327390819788
naval,dune_bayes,1691,0.0008608644129708409,0.0001394170249113813,0.001000281423330307
naval,dune_bayes,1692,0.0011227886425331235,8.240775059675798e-05,0.0012051963713020086
naval,dune_bayes,1693,0.000870400806888938,8.353068551514298e-05,0.0009539314778521657
naval,dune_bayes,1694,0.0008207361097447574,5.1523798902053386e-05,0.0008722599013708532
naval,dune_bayes,1695,0.0008663844782859087,8.267077646451071e-05,0.0009490552474744618
naval,dune_bayes,1696,0.001144692418165505,9.260792285203934e-05,0.0012373003410175443
naval,dune_bayes,1697,0.0008166278712451458,5.097099347040057e-05,0.0008675988647155464
naval,dune_bayes,1698,0.0008622020250186324,8.17894033389166e-05,0.0009439914138056338
naval,dune_bayes,1699,0.0010558197973296046,0.00010028255201177672,0.0011561024002730846
naval,dune_bayes,1700,0.0008130258065648377,5.04955169162713e-05,0.0008635213016532362
naval,dune_bayes,1701,0.0008491432527080178,0.00013520785432774574,0.0009843511506915092
naval,dune_bayes,1702,0.001231913804076612,0.00021316057245712727,0.0014450743328779936
naval,dune_bayes,1703,0.0009818058460950851,0.00012774020433425903,0.0011095460504293442
naval,dune_bayes,1704,0.0010983113897964358,7.882451609475538e-05,0.001177135854959488
naval,dune_bayes,1705,0.0011515027144923806,0.00018928181088995188,0.0013407844817265868
naval,dune_bayes,1706,0.0011256799334660172,8.975140372058377e-05,0.001215431373566389
naval,dune_bayes,1707,0.001086476375348866,7.712411024840549e-05,0.0011636004783213139
naval,dune_bayes,1708,0.0010194843634963036,0.0001192511772387661,0.0011387355625629425
naval,dune_bayes,1709,0.0008376570767723024,0.0001311136584263295,0.0009687707060948014
naval,dune_bayes,1710,0.0010211120825260878,0.00013684900477528572,0.0011579610873013735
naval,dune_bayes,1711,0.0010096898768097162,0.00011720733164111152,0.0011268971720710397
naval,dune_bayes,1712,0.0010292851366102695,9.577586024533957e-05,0.0011250609531998634
naval,dune_bayes,1713,0.0007827096269465983,4.6563578507630154e-05,0.000829273194540292
naval,dune_bayes,1714,0.0008266413933597505,0.00012726675777230412,0.0009539081365801394
naval,dune_bayes,1715,0.001048861537128687,0.0001435765589121729,0.0011924380669370294
naval,dune_bayes,1716,0.00118557782843709,0.00020160329586360604,0.0013871811097487807
naval,dune_bayes,1717,0.0009520110907033086,0.00010326180199626833,0.0010552728781476617
naval,dune_bayes,1718,0.0009892405942082405,6.376585952239111e-05,0.001053006504662335
naval,dune_bayes,1719,0.0008215527050197124,0.00012548119411803782,0.0009470338700339198
naval,dune_bayes,1720,0.0010196855291724205,9.417511319043115e-05,0.001113860635086894
naval,dune_bayes,1721,0.0010285311145707965,7.46017976780422e-05,0.001103132963180542
naval,dune_bayes,1722,0.0008186545455828309,0.00012450893700588495,0.0009431634680368006
naval,dune_bayes,1723,0.0010870631085708737,0.00015235700993798673,0.001239420147612691
naval,dune_bayes,1724,0.0007683493895456195,4.4771601096726954e-05,0.0008131209760904312
naval,dune_bayes,1725,0.0008114800439216197,7.151747558964416e-05,0.0008829975267872214
naval,dune_bayes,1726,0.0009739799425005913,6.181577919051051e-05,0.0010357957798987627
naval,dune_bayes,1727,0.0008076613303273916,7.077940972521901e-05,0.0008784407400526106
naval,dune_bayes,1728,0.0009429857600480318,0.00010151723108720034,0.0010445029474794865
naval,dune_bayes,1729,0.0007609500316902995,4.385097054182552e-05,0.0008048010058701038
naval,dune_bayes,1730,0.0011146190809085965,0.00015836111560929567,0.0012729802401736379
naval,dune_bayes,1731,0.0010074899764731526,9.216686885338277e-05,0.0010996568016707897
naval,dune_bayes,1732,0.0008079214603640139,0.0001208792527904734,0.0009288007277064025
naval,dune_bayes,1733,0.000805467483587563,0.00012004363088635728,0.0009255111217498779
naval,dune_bayes,1734,0.000800501205958426,0.00011836181511171162,0.0009188629919663072
naval,dune_bayes,1735,0.000915556913241744,0.00011324699153192341,0.001028803875669837
naval,dune_bayes,1736,0.0010435233125463128,0.00012432491348590702,0.001167848240584135
naval,dune_bayes,1737,0.000882142165210098,8.610961958765984e-05,0.0009682517847977579
naval,dune_bayes,1738,0.0008780108764767647,8.52124358061701e-05,0.0009632232831791043
naval,dune_bayes,1739,0.0011074877111241221,0.00017822658992372453,0.0012857143301516771
naval,dune_bayes,1740,0.0008738251635804772,8.43140878714621e-05,0.0009581392514519393
naval,dune_bayes,1741,0.0009477059938944876,0.00012013058585580438,0.0010678365360945463
naval,dune_bayes,1742,0.0011489233002066612,9.323207632405683e-05,0.0012421553255990148
naval,dune_bayes,1743,0.0008652113610878587,8.249712118413299e-05,0.0009477084968239069
naval,dune_bayes,1744,0.0008525585290044546,0.00013656004739459604,0.0009891185909509659
naval,dune_bayes,1745,0.0010542456293478608,9.997159213526174e-05,0.0011542171705514193
naval,dune_bayes,1746,0.0010507850674912333,9.937651338987052e-05,0.0011501616099849343
naval,dune_bayes,1747,0.0011345994425937533,9.106939978664741e-05,0.001225668820552528
naval,dune_bayes,1748,0.001098841312341392,7.89055266068317e-05,0.0011777468025684357
naval,dune_bayes,1749,0.0009942053584381938,0.00013055745512247086,0.0011247628135606647
naval,dune_bayes,1750,0.0012039118446409702,0.0002045986329903826,0.001408510492183268
naval,dune_bayes,1751,0.0010114471660926938,0.00013457400200422853,0.0011460211826488376
naval,dune_bayes,1752,0.0008450128952972591,7.827745866961777e-05,0.0009232903830707073
naval,dune_bayes,1753,0.0010378338629379869,9.718626097310334e-05,0.0011350201675668359
naval,dune_bayes,1754,0.0007926340331323445,4.786319914273918e-05,0.0008404972031712532
naval,dune_bayes,1755,0.0010344259208068252,9.660745854489505e-05,0.0011310334084555507
naval,dune_bayes,1756,0.0010112355230376124,6.664651300525293e-05,0.0010778820142149925
naval,dune_bayes,1757,0.0008290049154311419,7.503981032641605e-05,0.0009040447184816003
naval,dune_bayes,1758,0.001047978294081986,0.00014333176659420133,0.0011913101188838482
naval,dune_bayes,1759,0.0010279903654009104,9.553069685352966e-05,0.0011235210113227367
naval,dune_bayes,1760,0.0010004282230511308,6.52239250484854e-05,0.0010656521189957857
naval,dune_bayes,1761,0.0008253285777755082,7.429266406688839e-05,0.0008996212272904813
naval,dune_bayes,1762,0.0007741533918306231,4.551844176603481e-05,0.0008196718408726156
naval,dune_bayes,1763,0.0009839964332059026,6.308944284683093e-05,0.0010470858542248607
naval,dune_bayes,1764,0.000814150320366025,7.209689647424966e-05,0.0008862472022883594
naval,dune_bayes,1765,0.001015537534840405,9.346429578727111e-05,0.0011090018087998033
naval,dune_bayes,1766,0.0009790973272174597,6.246520933927968e-05,0.0010415625292807817
naval,dune_bayes,1767,0.0010927929542958736,0.00015349332534242421,0.0012462863232940435
naval,dune_bayes,1768,0.0010123028187081218,9.292641334468499e-05,0.0011052292538806796
naval,dune_bayes,1769,0.0010222307173535228,0.00015386434097308666,0.0011760951019823551
naval,dune_bayes,1770,0.0010090956930071115,9.239464270649478e-05,0.001101490342989564
naval,dune_bayes,1771,0.0007596076466143131,4.371528484625742e-05,0.0008033229387365282
naval,dune_bayes,1772,0.0009393473737873137,0.0001007864557323046,0.0010401338804513216
naval,dune_bayes,1773,0.0007991542806848884,6.918998406035826e-05,0.0008683442720212042
naval,dune_bayes,1774,0.0009371861233375967,0.0001003766810754314,0.0010375628480687737
naval,dune_bayes,1775,0.0007526440895162523,4.2871404730249196e-05,0.0007955154869705439
naval,dune_bayes,1776,0.0008025800925679505,0.00011919913958990946,0.0009217792539857328
naval,dune_bayes,1777,0.0009971397230401635,9.044507169164717e-05,0.0010875847656279802
naval,dune_bayes,1778,0.0009491088567301631,5.871378743904643e-05,0.001007822691462934
naval,dune_bayes,1779,0.000797746644821018,0.00011755745072150603,0.0009153041173703969
naval,dune_bayes,1780,0.0011102658463642001,0.00015651357534807175,0.0012667793780565262
naval,dune_bayes,1781,0.0009305438725277781,9.91050255834125e-05,0.0010296489344909787
naval,dune_bayes,1782,0.0009946138598024845,7.007283420534804e-05,0.001064686686731875
naval,dune_bayes,1783,0.0007427060627378523,4.1685139876790345e-05,0.0007843911880627275
naval,dune_bayes,1784,0.001029300969094038,0.00015657262702006847,0.0011858736397698522
naval,dune_bayes,1785,0.001135827274993062,8.435737254330888e-05,0.0012201846111565828
naval,dune_bayes,1786,0.001036941073834896,0.00012289163714740425,0.0011598326964303851
naval,dune_bayes,1787,0.0011231201933696866,8.245892968261614e-05,0.0012055791448801756
naval,dune_bayes,1788,0.0011174354003742337,8.162531594280154e-05,0.00119906070176512
naval,dune_bayes,1789,0.0008185593178495765,5.128935299580917e-05,0.0008698486490175128
naval,dune_bayes,1790,0.0008499827235937119,0.00013575151388067752,0.000985734281130135
naval,dune_bayes,1791,0.0011115425731986761,8.076441736193374e-05,0.0011923069832846522
naval,dune_bayes,1792,0.0011388994753360748,9.170029807137325e-05,0.0012305998243391514
naval,dune_bayes,1793,0.0008107605972327292,5.0253445806447417e-05,0.0008610140648670495
naval,dune_bayes,1794,0.0008561490685679018,8.064717258093879e-05,0.0009367962484247983
naval,dune_bayes,1795,0.0010240585543215275,0.00012015948595944792,0.0011442180257290602
naval,dune_bayes,1796,0.001087301759980619,7.72535422584042e-05,0.0011645553167909384
naval,dune_bayes,1797,0.0012185659725219011,0.00020893884357064962,0.0014275048160925508
naval,dune_bayes,1798,0.0010165016865357757,0.00011856881610583514,0.0011350704589858651
naval,dune_bayes,1799,0.0010143077233806252,0.00011811768490588292,0.0011324253864586353
naval,dune_bayes,1800,0.0008297549793496728,0.0001285955513594672,0.0009583505452610552
naval,dune_bayes,1801,0.0010331039084121585,9.635485184844583e-05,0.0011294587748125196
naval,dune_bayes,1802,0.000826949137263,0.0001276223483728245,0.0009545714710839093
naval,dune_bayes,1803,0.0008280237670987844,7.489616837119684e-05,0.0009029199136421084
naval,dune_bayes,1804,0.0010402228217571974,7.616016955580562e-05,0.0011163830058649182
naval,dune_bayes,1805,0.0008206997299566865,7.344722689595073e-05,0.0008941469714045525
naval,dune_bayes,1806,0.0008169779903255403,7.270472269738093e-05,0.0008896827348507941
naval,dune_bayes,1807,0.0009843830484896898,6.314069469226524e-05,0.0010475236922502518
naval,dune_bayes,1808,0.0010983796091750264,0.00017577434482518584,0.001274153939448297
naval,dune_bayes,1809,0.0009745218558236957,6.189163832459599e-05,0.0010364134795963764
naval,dune_bayes,1810,0.0008054050267674029,0.00012026057811453938,0.0009256656048819423
naval,dune_bayes,1811,0.0011146750766783953,0.0001580667303642258,0.0012727418215945363
naval,dune_bayes,1812,0.0009588911780156195,5.9916968893958256e-05,0.001018808106891811
naval,dune_bayes,1813,0.0007514483295381069,4.274755701771937e-05,0.0007941958610899746
naval,dune_bayes,1814,0.000853472389280796,0.00011302976781735197,0.0009665021789260209
naval,dune_bayes,1815,0.0009336145012639463,9.966443030862138e-05,0.0010332788806408644
naval,dune_bayes,1816,0.0010021690977737308,7.105024269549176e-05,0.0010732193477451801
naval,dune_bayes,1817,0.0008723416249267757,0.00011758776963688433,0.0009899294236674905
naval,dune_bayes,1818,0.000931464834138751,9.925874473992735e-05,0.0010307235643267632
naval,dune_bayes,1819,0.0009295214549638331,9.889493230730295e-05,0.001028416445478797
naval,dune_bayes,1820,0.0009271899471059442,9.844652959145606e-05,0.0010256364475935698
naval,dune_bayes,1821,0.0009900584118440747,8.927142334869131e-05,0.0010793298715725541
naval,dune_bayes,1822,0.0008251158287748694,5.220557432039641e-05,0.0008773214067332447
naval,dune_bayes,1823,0.0008719715988263488,8.404569962294772e-05,0.0009560172911733389
naval,dune_bayes,1824,0.0010387911461293697,0.0001585280551807955,0.001197319244965911
naval,dune_bayes,1825,0.0011236649006605148,8.254748536273837e-05,0.0012062124442309141
naval,dune_bayes,1826,0.0009510055533610284,0.0001207855311804451,0.0010717910481616855
naval,dune_bayes,1827,0.001058932044543326,0.0001007240207400173,0.0011596560943871737
naval,dune_bayes,1828,0.0008474980713799596,0.00013500970089808106,0.0009825078304857016
naval,dune_bayes,1829,0.001137645449489355,9.147883247351274e-05,0.001229124260134995
naval,dune_bayes,1830,0.0011262529296800494,0.00018347737204749137,0.0013097303453832865
naval,dune_bayes,1831,0.0010486438404768705,9.896279516397044e-05,0.0011476066429167986
naval,dune_bayes,1832,0.00109987729229033,7.907171675469726e-05,0.0011789490235969424
naval,dune_bayes,1833,0.0008389902068302035,0.00013197197404224426,0.0009709621663205326
naval,dune_bayes,1834,0.0010203069541603327,0.00011934795475099236,0.0011396548943594098
naval,dune_bayes,1835,0.0011282858904451132,9.007960761664435e-05,0.0012183655053377151
naval,dune_bayes,1836,0.0008429150329902768,7.797539001330733e-05,0.0009208904230035841
naval,dune_bayes,1837,0.001015450805425644,0.00011833299504360184,0.0011337838368490338
naval,dune_bayes,1838,0.0011187533382326365,8.865859126672149e-05,0.0012074119877070189
naval,dune_bayes,1839,0.0007938051130622625,4.8063859139801934e-05,0.0008418689831160009
naval,dune_bayes,1840,0.0010128049179911613,0.00011777393228840083,0.0011305788066238165
naval,dune_bayes,1841,0.0010354575933888555,9.672700252849609e-05,0.0011321846395730972
naval,dune_bayes,1842,0.0010101852240040898,0.00011722221097443253,0.0011274074204266071
naval,dune_bayes,1843,0.0010322557063773274,9.619338379707187e-05,0.0011284491047263145
naval,dune_bayes,1844,0.0010115532204508781,6.668791320407763e-05,0.0010782411554828286
naval,dune_bayes,1845,0.0007864310755394399,4.7116038331296295e-05,0.0008335470920428634
naval,dune_bayes,1846,0.0008313431753776968,7.563518011011183e-05,0.000906978384591639
naval,dune_bayes,1847,0.0007824826752766967,4.661209823098034e-05,0.0008290947880595922
naval,dune_bayes,1848,0.0009954808047041297,6.458128336817026e-05,0.0010600620880723
naval,dune_bayes,1849,0.0008195388363674283,7.328038918785751e-05,0.0008928192546591163
naval,dune_bayes,1850,0.0008164816536009312,0.00012412763317115605,0.0009406092576682568
naval,dune_bayes,1851,0.0010006845695897937,0.00011525656009325758,0.0011159410933032632
naval,dune_bayes,1852,0.001030611339956522,7.482861110474914e-05,0.0011054399656131864
naval,dune_bayes,1853,0.0008158102282322943,7.25371646694839e-05,0.0008883473929017782
naval,dune_bayes,1854,0.0008137091645039618,0.00012318680819589645,0.000936895958147943
naval,dune_bayes,1855,0.0009032043162733316,0.00012483919272199273,0.0010280434507876635
naval,dune_bayes,1856,0.0010163765400648117,9.354884969070554e-05,0.0011099253315478563
naval,dune_bayes,1857,0.0010263323783874512,7.42491174605675e-05,0.001100581488572061
naval,dune_bayes,1858,0.0007642831769771874,4.433399953995831e-05,0.0008086171583272517
naval,dune_bayes,1859,0.0008082063286565244,7.104798714863136e-05,0.0008792543085291982
naval,dune_bayes,1860,0.0011067729210481048,0.00015664244710933417,0.0012634153245016932
naval,dune_bayes,1861,0.0009413368534296751,0.00010112835298059508,0.0010424652136862278
naval,dune_bayes,1862,0.000805401592515409,0.00012036888801958412,0.0009257704950869083
naval,dune_bayes,1863,0.0009903626050800085,0.00014638766879215837,0.001136750215664506
naval,dune_bayes,1864,0.0010066459653899074,9.19330632314086e-05,0.001098579028621316
naval,dune_bayes,1865,0.0008005655836313963,6.957434379728511e-05,0.0008701399201527238
naval,dune_bayes,1866,0.0009365383302792907,0.0001001962082227692,0.001036734553053975
naval,dune_bayes,1867,0.0011111305793747306,0.0001572596956975758,0.0012683903332799673
naval,dune_bayes,1868,0.0010056085884571075,7.148765871534124e-05,0.0010770962107926607
naval,dune_bayes,1869,0.0011269667884334922,0.00018230188288725913,0.0013092686422169209
naval,dune_bayes,1870,0.0009978264570236206,9.050229709828272e-05,0.0010883287759497762
naval,dune_bayes,1871,0.0009540934697724879,5.932815474807285e-05,0.0010134215699508786
naval,dune_bayes,1872,0.0007465364178642631,4.2179894080618396e-05,0.0007887163083069026
naval,dune_bayes,1873,0.0009442689479328692,5.8114310377277434e-05,0.0010023833019658923
naval,dune_bayes,1874,0.0007396590081043541,4.136396455578506e-05,0.0007810229435563087
naval,dune_bayes,1875,0.000782723946031183,6.619316263822839e-05,0.000848917115945369
naval,dune_bayes,1876,0.0008796202018857002,0.00011918610834982246,0.000998806324787438
naval,dune_bayes,1877,0.0011038341326639056,0.0001547667197883129,0.0012586008524522185
naval,dune_bayes,1878,0.0009884419851005077,8.896950021153316e-05,0.001077411463484168
naval,dune_bayes,1879,0.0007872417918406427,0.00011434192128945142,0.0009015836985781789
naval,dune_bayes,1880,0.0009860420832410455,8.859969966579229e-05,0.0010746418265625834
naval,dune_bayes,1881,0.0010360087035223842,0.00015823163266759366,0.0011942402925342321
naval,dune_bayes,1882,0.0008197273127734661,5.1507839089026675e-05,0.0008712351555004716
naval,dune_bayes,1883,0.000940477242693305,0.00011842189996968955,0.0010588990990072489
naval,dune_bayes,1884,0.0011185002513229847,8.179794531315565e-05,0.0012002981966361403
naval,dune_bayes,1885,0.0008626736234873533,8.213604451157153e-05,0.0009448096388950944
naval,dune_bayes,1886,0.0009636887116357684,0.0001235328963957727,0.0010872215498238802
naval,dune_bayes,1887,0.0011324950028210878,9.069197403732687e-05,0.0012231869623064995
naval,dune_bayes,1888,0.0008361798245459795,0.00013111955195199698,0.0009672993910498917
naval,dune_bayes,1889,0.0008003514958545566,4.893699224339798e-05,0.0008492884808219969
naval,dune_bayes,1890,0.0011385856196284294,0.00018698755593504757,0.0013255731901153922
naval,dune_bayes,1891,0.0011225154157727957,8.919292304199189e-05,0.0012117082951590419
naval,dune_bayes,1892,0.0007927477126941085,4.7952780732885e-05,0.000840700464323163
naval,dune_bayes,1893,0.0008278621244244277,0.00012818914547096938,0.0009560512844473124
naval,dune_bayes,1894,0.000824967457447201,0.0001271940127480775,0.000952161499299109
naval,dune_bayes,1895,0.0012634153245016932,0.00022345970501191914,0.001486875000409782
naval,dune_bayes,1896,0.0011083099525421858,8.709041867405176e-05,0.0011954003712162375
naval,dune_bayes,1897,0.0008223475888371468,0.00012626900570467114,0.0009486165945418179
naval,dune_bayes,1898,0.0010593546321615577,0.00014607350749429315,0.001205428154207766
naval,dune_bayes,1899,0.0010278687113896012,9.54267816268839e-05,0.001123295514844358
naval,dune_bayes,1900,0.0010065374663099647,6.603648216696456e-05,0.0010725739412009716
naval,dune_bayes,1901,0.0008192911045625806,0.0001252064248546958,0.0009444975294172764
naval,dune_bayes,1902,0.0007777638966217637,4.6050445234868675e-05,0.0008238143636845052
naval,dune_bayes,1903,0.001018140697851777,9.380579285789281e-05,0.0011119465343654156
naval,dune_bayes,1904,0.0009906463092193007,6.396270327968523e-05,0.0010546089615672827
naval,dune_bayes,1905,0.0009296752396039665,0.00013049642439000309,0.001060171634890139
naval,dune_bayes,1906,0.0009441426955163479,0.00010163203842239454,0.0010457747848704457
naval,dune_bayes,1907,0.0008083737920969725,0.00012148899986641482,0.0009298627846874297
naval,dune_bayes,1908,0.0009421327849850059,0.00010125098924618214,0.0010433837305754423
naval,dune_bayes,1909,0.001011606422252953,9.271832095691934e-05,0.0011043247068300843
naval,dune_bayes,1910,0.001021648640744388,7.360718154814094e-05,0.0010952558368444443
naval,dune_bayes,1911,0.0009800716070458293,6.260084774112329e-05,0.0010426724329590797
naval,dune_bayes,1912,0.0009399362606927752,0.00010083291272167116,0.0010407691588625312
naval,dune_bayes,1913,0.000803267234005034,7.015075971139595e-05,0.0008734180009923875
naval,dune_bayes,1914,0.0008029997115954757,0.00011968241597060114,0.0009226821130141616
naval,dune_bayes,1915,0.0009206634713336825,0.00012888408673461527,0.001049547572620213
naval,dune_bayes,1916,0.001005810685455799,9.177847823593765e-05,0.0010975891491398215
naval,dune_bayes,1917,0.0008002757094800472,0.00011878241639351472,0.0009190581040456891
naval,dune_bayes,1918,0.0009355669026263058,9.999729081755504e-05,0.001035564229823649
naval,dune_bayes,1919,0.001008648076094687,7.186379662016407e-05,0.001080511836335063
naval,dune_bayes,1920,0.0007958108908496797,6.871639925520867e-05,0.0008645273046568036
naval,dune_bayes,1921,0.0009592234273441136,5.996373147354461e-05,0.0010191871551796794
naval,dune_bayes,1922,0.0007489332929253578,4.249621997587383e-05,0.0007914295420050621
naval,dune_bayes,1923,0.0009308260632678866,9.908150241244584e-05,0.0010299076093360782
naval,dune_bayes,1924,0.000996283022686839,9.021197183756158e-05,0.0010864950018003583
naval,dune_bayes,1925,0.0009265416883863509,9.826826135395095e-05,0.0010248098988085985
naval,dune_bayes,1926,0.0007872849819250405,0.00011448036093497649,0.0009017653646878898
naval,dune_bayes,1927,0.0009396671084687114,5.755760139436461e-05,0.0009972247062250972
naval,dune_bayes,1928,0.0010939891217276454,0.00015215983148664236,0.0012461489532142878
naval,dune_bayes,1929,0.0007317365380004048,4.0454877307638526e-05,0.0007721914444118738
naval,dune_bayes,1930,0.0007743657915852964,6.469343497883528e-05,0.0008390592411160469
naval,dune_bayes,1931,0.0010825431672856212,0.00014924108108971268,0.0012317842338234186
naval,dune_bayes,1932,0.0007709211786277592,6.40528232906945e-05,0.0008349739946424961
naval,dune_bayes,1933,0.00108981819357723,0.00017288490198552608,0.001262703095562756
naval,dune_bayes,1934,0.0011068384628742933,8.009115845197812e-05,0.0011869296431541443
naval,dune_bayes,1935,0.001101034926250577,7.925122190499678e-05,0.0011802861699834466
naval,dune_bayes,1936,0.0010149118024855852,0.00011815692414529622,0.001133068697527051
naval,dune_bayes,1937,0.0008416874334216118,7.784199988236651e-05,0.0009195294114761055
naval,dune_bayes,1938,0.0010365128982812166,9.684979158919305e-05,0.001133362646214664
naval,dune_bayes,1939,0.0010373471304774284,0.0001406423543812707,0.0011779895285144448
naval,dune_bayes,1940,0.001033346401527524,9.632363799028099e-05,0.0011296700686216354
naval,dune_bayes,1941,0.000787563098128885,4.731230728793889e-05,0.0008348753908649087
naval,dune_bayes,1942,0.0008335301536135375,7.618531526532024e-05,0.000909715483430773
naval,dune_bayes,1943,0.0007840964244678617,4.687517139245756e-05,0.0008309715776704252
naval,dune_bayes,1944,0.0010265541495755315,9.517681610304862e-05,0.0011217310093343258
naval,dune_bayes,1945,0.001078486442565918,0.0001503918319940567,0.0012288782745599747
naval,dune_bayes,1946,0.0010232022032141685,9.46136933634989e-05,0.0011178158456459641
naval,dune_bayes,1947,0.0008216354763135314,7.380179886240512e-05,0.0008954372606240213
naval,dune_bayes,1948,0.0008139147539623082,0.0001235222298419103,0.0009374369983561337
naval,dune_bayes,1949,0.001000365475192666,0.00011514131620060652,0.001115506747737527
naval,dune_bayes,1950,0.0008176803821697831,7.301771984202787e-05,0.0008906981092877686
naval,dune_bayes,1951,0.0009977645240724087,0.00011459858069429174,0.0011123630683869123
naval,dune_bayes,1952,0.0010289859492331743,7.456920866388828e-05,0.0011035552015528083
naval,dune_bayes,1953,0.0009431609068997204,0.00010142850078409538,0.0010445894440636039
naval,dune_bayes,1954,0.0010246682213619351,7.398496381938457e-05,0.0010986531851813197
naval,dune_bayes,1955,0.0011154687963426113,0.00015856737445574254,0.0012740361271426082
naval,dune_bayes,1956,0.0009363493882119656,0.00010011667473008856,0.0010364660993218422
naval,dune_bayes,1957,0.0010079331696033478,7.175102655310184e-05,0.0010796842398121953
naval,dune_bayes,1958,0.0009359273826703429,0.00013254466466605663,0.0010684720473363996
naval,dune_bayes,1959,0.000995377660728991,9.004491585073993e-05,0.0010854225838556886
naval,dune_bayes,1960,0.0010635575745254755,0.00016582813987042755,0.0012293857289478183
naval,dune_bayes,1961,0.0009274793555960059,9.842514555202797e-05,0.0010259045520797372
naval,dune_bayes,1962,0.0009493961115367711,5.874483031220734e-05,0.0010081409709528089
naval,dune_bayes,1963,0.0007872275309637189,0.00011456850916147232,0.0009017960401251912
naval,dune_bayes,1964,0.0009891110239550471,8.902316039893776e-05,0.0010781341698020697
naval,dune_bayes,1965,0.0007769192452542484,6.52138187433593e-05,0.0008421330712735653
naval,dune_bayes,1966,0.0009832222713157535,6.851118814665824e-05,0.0010517335031181574
naval,dune_bayes,1967,0.0007307096966542304,4.03520607505925e-05,0.0007710617501288652
naval,dune_bayes,1968,0.000979280797764659,6.800213304813951e-05,0.0010472829453647137
naval,dune_bayes,1969,0.0007698003319092095,6.389899499481544e-05,0.0008336993050761521
naval,dune_bayes,1970,0.000873051059897989,0.00011754983279388398,0.0009906009072437882
naval,dune_bayes,1971,0.0010773747926577926,0.0001479599450249225,0.0012253347085788846
naval,dune_bayes,1972,0.0007240007980726659,3.957515218644403e-05,0.0007635759538970888
naval,dune_bayes,1973,0.0007742165471427143,0.00011037866352126002,0.0008845952106639743
naval,dune_bayes,1974,0.0010234881192445755,0.00011992527288384736,0.0011434133630245924
naval,dune_bayes,1975,0.0010452207643538713,0.00016061349015217274,0.0012058342108502984
naval,dune_bayes,1976,0.0008057131781242788,4.969899237039499e-05,0.0008554121595807374
naval,dune_bayes,1977,0.0008018779917620122,4.920597348245792e-05,0.0008510839543305337
naval,dune_bayes,1978,0.000831527344416827,0.00012971631076652557,0.0009612436406314373
naval,dune_bayes,1979,0.0010161233367398381,0.00011838857608381659,0.0011345118982717395
naval,dune_bayes,1980,0.0010069553973153234,0.00013336667325347662,0.0011403220705688
naval,dune_bayes,1981,0.001011232496239245,0.0001173676282633096,0.001128600095398724
naval,dune_bayes,1982,0.001083264360204339,7.669683691347018e-05,0.001159961218945682
naval,dune_bayes,1983,0.0010776824783533812,0.00015014645759947598,0.0012278289068490267
naval,dune_bayes,1984,0.0010075886966660619,6.618569750571623e-05,0.001073774415999651
naval,dune_bayes,1985,0.0012101233005523682,0.00020840938668698072,0.0014185326872393489
naval,dune_bayes,1986,0.0007751749944873154,4.5765078539261594e-05,0.0008209400693885982
naval,dune_bayes,1987,0.0010895312298089266,0.00015278926002793014,0.0012423205189406872
naval,dune_bayes,1988,0.0009988738456740975,0.00011480382090667263,0.001113677630200982
naval,dune_bayes,1989,0.0011049138847738504,0.0001562862889841199,0.0012612001737579703
naval,dune_bayes,1990,0.001015820074826479,9.336408402305096e-05,0.0011091841151937842
naval,dune_bayes,1991,0.0008060643449425697,0.0001209509136970155,0.0009270152659155428
naval,dune_bayes,1992,0.0010243392316624522,7.393122359644622e-05,0.0010982704116031528
naval,dune_bayes,1993,0.0009857038967311382,6.332917837426066e-05,0.0010490331333130598
naval,dune_bayes,1994,0.0007643280550837517,4.442441786522977e-05,0.0008087524911388755
naval,dune_bayes,1995,0.0008031554752960801,0.00011999178968835622,0.0009231472504325211
naval,dune_bayes,1996,0.0010094325989484787,9.231126023223624e-05,0.001101743895560503
naval,dune_bayes,1997,0.0009805777808651328,6.26751352683641e-05,0.0010432528797537088
naval,dune_bayes,1998,0.0007606163271702826,4.396215808810666e-05,0.0008045784779824317
naval,dune_bayes,1999,0.00099555857013911,0.00014651211677119136,0.0011420706287026405
naval,dune_bayes,2000,0.0007569600711576641,4.3508542148629203e-05,0.0008004686096683145
naval,dune_bayes,2001,0.0011127438629046082,0.00015767209697514772,0.001270415959879756
naval,dune_bayes,2002,0.0009349807514809072,9.982941264752299e-05,0.0010348102077841759
naval,dune_bayes,2003,0.0009645511163398623,6.063425826141611e-05,0.0010251853382214904
naval,dune_bayes,2004,0.000790487858466804,6.781297997804359e-05,0.00085830083116889
naval,dune_bayes,2005,0.0007899084012024105,0.00011558138066902757,0.000905489781871438
naval,dune_bayes,2006,0.0009145610383711755,0.00012731303286273032,0.0010418740566819906
naval,dune_bayes,2007,0.001108662923797965,0.00015584849461447448,0.0012645113747566938
naval,dune_bayes,2008,0.0009284821571782231,9.859688725555316e-05,0.0010270790662616491
naval,dune_bayes,2009,0.0011072774650529027,0.00015555262507405132,0.0012628301046788692
naval,dune_bayes,2010,0.0009448671480640769,5.819638681714423e-05,0.001003063516691327
naval,dune_bayes,2011,0.0007360198069363832,4.100246951566078e-05,0.0007770222728140652
naval,dune_bayes,2012,0.000985160586424172,8.836446795612574e-05,0.0010735250543802977
naval,dune_bayes,2013,0.0009396597160957754,5.7551103964215145e-05,0.0009972108528017998
naval,dune_bayes,2014,0.0007756388513371348,6.503711483674124e-05,0.0008406759588979185
naval,dune_bayes,2015,0.00108960154466331,0.0001509484718553722,0.0012405500747263432
naval,dune_bayes,2016,0.0009348089806735516,5.69659641769249e-05,0.0009917749557644129
naval,dune_bayes,2017,0.0009302988182753325,5.6425265938742086e-05,0.0009867240441963077
naval,dune_bayes,2018,0.0009748851880431175,6.742525147274137e-05,0.001042310381308198
naval,dune_bayes,2019,0.0007650223560631275,6.308125011855736e-05,0.0008281036280095577
naval,dune_bayes,2020,0.0009735567728057504,8.651287498651072e-05,0.0010600696550682187
naval,dune_bayes,2021,0.0009708877769298851,6.691242015222088e-05,0.0010378002189099789
naval,dune_bayes,2022,0.001111691351979971,0.00017818946798797697,0.0012898808345198631
naval,dune_bayes,2023,0.000804379815235734,4.955948315910064e-05,0.000853939272928983
naval,dune_bayes,2024,0.0010170863242819905,0.00011855495540658012,0.0011356412433087826
naval,dune_bayes,2025,0.0008009821176528931,4.911240830551833e-05,0.0008500945405103266
naval,dune_bayes,2026,0.0008293875143863261,0.00012908162898384035,0.000958469114266336
naval,dune_bayes,2027,0.001125861657783389,8.964542939793319e-05,0.0012155070435255766
naval,dune_bayes,2028,0.0011204452021047473,8.882484689820558e-05,0.0012092700926586986
naval,dune_bayes,2029,0.0010097954655066133,0.00011704216012731194,0.0011268376838415861
naval,dune_bayes,2030,0.0010345270857214928,9.647008118918166e-05,0.0011309972032904625
naval,dune_bayes,2031,0.001083856332115829,7.678587280679494e-05,0.0011606422485783696
naval,dune_bayes,2032,0.0008209383231587708,0.00012613767466973513,0.0009470760123804212
naval,dune_bayes,2033,0.0011108487378805876,8.740287739783525e-05,0.0011982516152784228
naval,dune_bayes,2034,0.001013450906611979,6.696116179227829e-05,0.0010804120684042573
naval,dune_bayes,2035,0.0007818193407729268,4.663995059672743e-05,0.000828459276817739
naval,dune_bayes,2036,0.0008147915359586477,0.00012404020526446402,0.0009388317121192813
naval,dune_bayes,2037,0.0010731933871284127,0.00014907079457771033,0.0012222641380503774
naval,dune_bayes,2038,0.0010081182699650526,6.625911919400096e-05,0.0010743774473667145
naval,dune_bayes,2039,0.0008090357878245413,0.00012209829583298415,0.0009311340982094407
naval,dune_bayes,2040,0.0011739543406292796,0.0001972601021407172,0.0013712143991142511
naval,dune_bayes,2041,0.001014977227896452,9.320587560068816e-05,0.0011081830598413944
naval,dune_bayes,2042,0.001011700602248311,9.26615102798678e-05,0.0011043620761483908
naval,dune_bayes,2043,0.0010238514514639974,7.384986383840442e-05,0.0010977012570947409
naval,dune_bayes,2044,0.0009811564814299345,6.27543922746554e-05,0.0010439108591526747
naval,dune_bayes,2045,0.0009754797210916877,6.202218355610967e-05,0.0010375019628554583
naval,dune_bayes,2046,0.0007524577667936683,4.2990955989807844e-05,0.0007954487227834761
naval,dune_bayes,2047,0.0007488059927709401,4.25446305598598e-05,0.0007913506124168634
naval,dune_bayes,2048,0.0007930872961878777,6.836856482550502e-05,0.0008614558610133827
naval,dune_bayes,2049,0.0007453655125573277,4.213960710330866e-05,0.0007875051232986152
naval,dune_bayes,2050,0.0009547213558107615,5.94058474234771e-05,0.0010141271632164717
naval,dune_bayes,2051,0.0007857127347961068,6.696698983432725e-05,0.0008526797173544765
naval,dune_bayes,2052,0.0009901673765853047,6.938206206541508e-05,0.0010595493949949741
naval,dune_bayes,2053,0.0009450994548387825,5.822756793349981e-05,0.0010033270809799433
naval,dune_bayes,2054,0.0007349165389314294,4.089394860784523e-05,0.0007758105057291687
naval,dune_bayes,2055,0.0010077476035803556,0.0001506804837845266,0.0011584281455725431
naval,dune_bayes,2056,0.0007488221162930131,0.00010370956442784518,0.0008525316952727735
naval,dune_bayes,2057,0.0009750897297635674,8.672291005495936e-05,0.0010618126252666116
naval,dune_bayes,2058,0.0007215884979814291,3.933946572942659e-05,0.0007609279709868133
naval,dune_bayes,2059,0.0007440673070959747,0.0001022225187625736,0.0008462897967547178
naval,dune_bayes,2060,0.0009659380884841084,6.625874084420502e-05,0.001032196800224483
naval,dune_bayes,2061,0.001129605807363987,9.01756138773635e-05,0.0012197814648970962
naval,dune_bayes,2062,0.0007998812361620367,4.8999369028024375e-05,0.0008488806197419763
naval,dune_bayes,2063,0.0010912086581811309,0.00017305590154137462,0.0012642645742744207
naval,dune_bayes,2064,0.0011198491556569934,8.871777390595526e-05,0.0012085669441148639
naval,dune_bayes,2065,0.0008212028769776225,0.00012635000166483223,0.0009475528495386243
naval,dune_bayes,2066,0.0010330305667594075,9.617864270694554e-05,0.0011292091803625226
naval,dune_bayes,2067,0.0010842730989679694,7.685369200771675e-05,0.0011611267691478133
naval,dune_bayes,2068,0.000818380678538233,0.0001253732043551281,0.0009437538683414459
naval,dune_bayes,2069,0.0010295853717252612,9.559648606227711e-05,0.0011251819087192416
naval,dune_bayes,2070,0.0008155048126354814,0.00012439013516996056,0.0009398949332535267
naval,dune_bayes,2071,0.0011331663699820638,0.0001850613916758448,0.001318227732554078
naval,dune_bayes,2072,0.0010264187585562468,9.507259528618306e-05,0.0011214913101866841
naval,dune_bayes,2073,0.001013817498460412,6.70173394610174e-05,0.0010808348888531327
naval,dune_bayes,2074,0.0010028051910921931,6.555923027917743e-05,0.0010683643631637096
naval,dune_bayes,2075,0.0007727975607849658,4.552329482976347e-05,0.000818320841062814
naval,dune_bayes,2076,0.0011020161909982562,0.0001556359202368185,0.001257652067579329
naval,dune_bayes,2077,0.0008042067056521773,0.00012057051935698837,0.0009247772395610809
naval,dune_bayes,2078,0.001120139379054308,0.00015966549108270556,0.0012798048555850983
naval,dune_bayes,2079,0.0010135004995390773,9.292321919929236e-05,0.001106423675082624
naval,dune_bayes,2080,0.001027015852741897,7.425007788697258e-05,0.0011012658942490816
naval,dune_bayes,2081,0.0008114376687444746,7.196451770141721e-05,0.0008834021864458919
naval,dune_bayes,2082,0.0008012625039555132,0.00011960078700212762,0.0009208632982335985
naval,dune_bayes,2083,0.0010104397078976035,9.242467785952613e-05,0.0011028643930330873
naval,dune_bayes,2084,0.000986657221801579,6.346120062517002e-05,0.0010501184733584523
naval,dune_bayes,2085,0.0007583540864288807,4.373304182081483e-05,0.0008020871318876743
naval,dune_bayes,2086,0.0007956526824273169,0.00011771161371143535,0.0009133642888627946
naval,dune_bayes,2087,0.0010043700458481908,9.143139322986826e-05,0.0010958014754578471
naval,dune_bayes,2088,0.0010143725667148829,7.255638047354296e-05,0.0010869289981201291
naval,dune_bayes,2089,0.0007929587154649198,0.00011681720206979662,0.0009097759029828012
naval,dune_bayes,2090,0.0010101428488269448,7.199220272013918e-05,0.001082135015167296
naval,dune_bayes,2091,0.0007959681679494679,6.89691150910221e-05,0.0008649372612126172
naval,dune_bayes,2092,0.0007902451907284558,0.00011592363443924114,0.0009061688324436545
naval,dune_bayes,2093,0.001070691621862352,0.00016613627667538822,0.0012368279276415706
naval,dune_bayes,2094,0.0011162926675751805,0.0001580740645295009,0.0012743667466565967
naval,dune_bayes,2095,0.0009979293681681156,9.037287236424163e-05,0.0010883022332563996
naval,dune_bayes,2096,0.0007920446223579347,6.822519935667515e-05,0.0008602698217146099
naval,dune_bayes,2097,0.0009935097768902779,0.00014586909674108028,0.0011393788736313581
naval,dune_bayes,2098,0.0010019720066338778,7.091553561622277e-05,0.0010728875640779734
naval,dune_bayes,2099,0.0007566005224362016,0.0001062534429365769,0.0008628539508208632
naval,dune_bayes,2100,0.0009235974284820259,9.761726687429473e-05,0.0010212146444246173
naval,dune_bayes,2101,0.0007369094528257847,4.114850526093505e-05,0.0007780579617246985
naval,dune_bayes,2102,0.0007338967407122254,4.079310383531265e-05,0.0007746898336336017
naval,dune_bayes,2103,0.0007301014265976846,4.03486228606198e-05,0.0007704500458203256
naval,dune_bayes,2104,0.0007736472180113196,6.476442649727687e-05,0.0008384116226807237
naval,dune_bayes,2105,0.0010823996271938086,0.00014911798643879592,0.001231517642736435
naval,dune_bayes,2106,0.0007271509384736419,4.000365152023733e-05,0.0007671546190977097
naval,dune_bayes,2107,0.0009737852960824966,8.648593939142302e-05,0.001060271286405623
naval,dune_bayes,2108,0.0007198778912425041,3.916047353413887e-05,0.0007590383756905794
naval,dune_bayes,2109,0.0007417737506330013,0.000101618526969105,0.0008433922776021063
naval,dune_bayes,2110,0.0009692411404103041,6.666379340458661e-05,0.0010359049774706364
naval,dune_bayes,2111,0.0009210651624016464,5.531706483452581e-05,0.000976382230874151
naval,dune_bayes,2112,0.00103959278203547,0.0001388325763400644,0.0011784253874793649
naval,dune_bayes,2113,0.0009115025750361383,5.41802219231613e-05,0.000965682789683342
naval,dune_bayes,2114,0.0007527120760641992,6.0962858697166666e-05,0.0008136749383993447
naval,dune_bayes,2115,0.0008220681920647621,0.0001267568877665326,0.0009488250943832099
naval,dune_bayes,2116,0.0011196117848157883,8.867248106980696e-05,0.001208284287713468
naval,dune_bayes,2117,0.000790640595369041,4.7821969928918406e-05,0.000838462554384023
naval,dune_bayes,2118,0.0010510332649573684,0.0001619449903955683,0.001212978269904852
naval,dune_bayes,2119,0.0007870139088481665,4.7360575990751386e-05,0.0008343744557350874
naval,dune_bayes,2120,0.0008347218972630799,7.665691373404115e-05,0.0009113788255490363
naval,dune_bayes,2121,0.0011904018465429544,0.0001805170177249238,0.0013709188206121325
naval,dune_bayes,2122,0.0007790912059135735,4.6343968278961256e-05,0.0008254351560026407
naval,dune_bayes,2123,0.0010089462157338858,6.638086051680148e-05,0.0010753270471468568
naval,dune_bayes,2124,0.0007756081176921725,4.5906828745501116e-05,0.0008215149282477796
naval,dune_bayes,2125,0.0008073700591921806,0.00012173510185675696,0.00092910515377298
naval,dune_bayes,2126,0.0010909268166869879,0.00017295133147854358,0.0012638781918212771
naval,dune_bayes,2127,0.0010762508027255535,0.00016889192920643836,0.0012451427755877376
naval,dune_bayes,2128,0.0010155710624530911,9.324027632828802e-05,0.0011088113533332944
naval,dune_bayes,2129,0.000814499449916184,7.261795690283179e-05,0.0008871174068190157
naval,dune_bayes,2130,0.0008018178632482886,0.00011986779281869531,0.0009216856560669839
naval,dune_bayes,2131,0.0009926402708515525,0.00011344903032295406,0.001106089330278337
naval,dune_bayes,2132,0.0008105415035970509,7.18422161298804e-05,0.0008823837270028889
naval,dune_bayes,2133,0.0011177624110132456,0.00015893123054411262,0.0012766936561092734
naval,dune_bayes,2134,0.0011490336619317532,0.00018971670942846686,0.0013387503568083048
naval,dune_bayes,2135,0.0011216874700039625,0.0001596114889252931,0.0012812989298254251
naval,dune_bayes,2136,0.0010061508510261774,9.168864198727533e-05,0.0010978394420817494
naval,dune_bayes,2137,0.000794969208072871,6.883248715894297e-05,0.0008638016879558563
naval,dune_bayes,2138,0.0009966661455109715,9.013865928864107e-05,0.0010868047829717398
naval,dune_bayes,2139,0.0009656837210059166,6.078815567889251e-05,0.0010264718439429998
naval,dune_bayes,2140,0.0007465102826245129,4.2315918108215556e-05,0.0007888262043707073
naval,dune_bayes,2141,0.0007597067160531878,0.00010732689406722784,0.0008670336101204157
naval,dune_bayes,2142,0.0007570359157398343,0.00010649012256180868,0.0008635260164737701
naval,dune_bayes,2143,0.00092458282597363,9.778369712876156e-05,0.0010223665740340948
naval,dune_bayes,2144,0.0009907314088195562,8.91793315531686e-05,0.0010799107840284705
naval,dune_bayes,2145,0.000992725370451808,6.967881199670956e-05,0.0010624041315168142
naval,dune_bayes,2146,0.0007359164883382618,4.105048719793558e-05,0.0007769669755361974
naval,dune_bayes,2147,0.0007518006023019552,0.00010485699749551713,0.0008566576289013028
naval,dune_bayes,2148,0.0010899646440520883,0.00015095251728780568,0.0012409171322360635
naval,dune_bayes,2149,0.000984654761850834,8.820140647003427e-05,0.00107285613194108
naval,dune_bayes,2150,0.0007291128276847303,4.025116140837781e-05,0.0007693640072830021
naval,dune_bayes,2151,0.000935747753828764,5.708653407054953e-05,0.000992834335193038
naval,dune_bayes,2152,0.0007694466039538383,6.404914165614173e-05,0.0008334957528859377
naval,dune_bayes,2153,0.0009259302751161158,5.589828288066201e-05,0.0009818285470828414
naval,dune_bayes,2154,0.000715599162504077,3.869545616907999e-05,0.0007542946259491146
naval,dune_bayes,2155,0.0009668745915405452,8.536401583114639e-05,0.0010522386291995645
naval,dune_bayes,2156,0.0009649088606238365,6.610045238630846e-05,0.0010310093639418483
naval,dune_bayes,2157,0.0007122426177375019,3.830719651887193e-05,0.0007505498360842466
naval,dune_bayes,2158,0.001003372948616743,0.00013047941320110112,0.00113385240547359
naval,dune_bayes,2159,0.0009034365648403764,9.382453572470695e-05,0.000997261144220829
naval,dune_bayes,2160,0.0009064508485607803,5.3581821703119203e-05,0.0009600326884537935
naval,dune_bayes,2161,0.0010568957077339292,0.0001632280182093382,0.0012201237259432673
naval,dune_bayes,2162,0.0010030525736510754,0.00011555468518054113,0.0011186072370037436
naval,dune_bayes,2163,0.0007820071186870337,4.674480442190543e-05,0.0008287519449368119
naval,dune_bayes,2164,0.0010148301953449845,6.716322241118178e-05,0.0010819934541359544
naval,dune_bayes,2165,0.000825780734885484,7.490957796107978e-05,0.000900690327398479
naval,dune_bayes,2166,0.001009712228551507,6.648799171671271e-05,0.0010762002784758806
naval,dune_bayes,2167,0.0009958931477740407,0.00011408565478632227,0.001109978766180575
naval,dune_bayes,2168,0.0010179553646594286,9.361272532260045e-05,0.0011115680681541562
naval,dune_bayes,2169,0.001034796703606844,7.527602429036051e-05,0.0011100727133452892
naval,dune_bayes,2170,0.0008175126276910305,7.327476487262174e-05,0.0008907873998396099
naval,dune_bayes,2171,0.0010560002410784364,0.0001632581406738609,0.0012192584108561277
naval,dune_bayes,2172,0.0011298733297735453,0.00016127385606523603,0.0012911472003906965
naval,dune_bayes,2173,0.000991204404272139,0.00011312669812468812,0.0011043311096727848
naval,dune_bayes,2174,0.0010262058349326253,7.411534170387313e-05,0.001100321183912456
naval,dune_bayes,2175,0.000763406977057457,4.4405209337128326e-05,0.0008078122045844793
naval,dune_bayes,2176,0.0010081836953759193,9.199735359288752e-05,0.0011001810198649764
naval,dune_bayes,2177,0.0009345400612801313,9.965839853975922e-05,0.0010341984452679753
naval,dune_bayes,2178,0.0007561055244877934,4.35112597187981e-05,0.0007996167987585068
naval,dune_bayes,2179,0.0007652702042832971,0.00010921562352450565,0.0008744858205318451
naval,dune_bayes,2180,0.0007979896035976708,6.94597911206074e-05,0.0008674493874423206
naval,dune_bayes,2181,0.000759716029278934,0.0001074393221642822,0.0008671553805470467
naval,dune_bayes,2182,0.0012078414438292384,0.00020629171922337264,0.0014141331193968654
naval,dune_bayes,2183,0.0009277841891162097,9.836760727921501e-05,0.0010261518182232976
naval,dune_bayes,2184,0.001193039701320231,0.00020095738000236452,0.001393997110426426
naval,dune_bayes,2185,0.001000416581518948,7.067256956361234e-05,0.0010710891801863909
naval,dune_bayes,2186,0.0007544668624177575,0.00010578774526948109,0.0008602546295151114
naval,dune_bayes,2187,0.001148319453932345,0.00018765470304060727,0.0013359742006286979
naval,dune_bayes,2188,0.00099630665499717,7.01322642271407e-05,0.001066438970156014
naval,dune_bayes,2189,0.0007520322687923908,0.00010501536598894745,0.000857047620229423
naval,dune_bayes,2190,0.0009863051818683743,8.843258547130972e-05,0.0010747377527877688
naval,dune_bayes,2191,0.0009921082528308034,6.958192534511909e-05,0.0010616901563480496
naval,dune_bayes,2192,0.0009507896029390395,5.8933976106345654e-05,0.001009723637253046
naval,dune_bayes,2193,0.0010871358681470156,0.00015023350715637207,0.0012373693753033876
naval,dune_bayes,2194,0.0009189402917400002,9.669369319453835e-05,0.0010156340431421995
naval,dune_bayes,2195,0.0007757720886729658,6.526625656988472e-05,0.0008410383597947657
naval,dune_bayes,2196,0.0009170466801151633,9.634508023736998e-05,0.001013391767628491
naval,dune_bayes,2197,0.0009807288879528642,8.755001181270927e-05,0.0010682789143174887
naval,dune_bayes,2198,0.000727915670722723,4.013623401988298e-05,0.0007680518901906908
naval,dune_bayes,2199,0.0010579817462712526,0.0001431384589523077,0.0012011202052235603
naval,dune_bayes,2200,0.0009716519271023571,6.69346482027322e-05,0.0010385866044089198
naval,dune_bayes,2201,0.0007612050976604223,6.259298970689997e-05,0.0008237980655394495
naval,dune_bayes,2202,0.0010327837662771344,0.00013719538401346654,0.0011699791066348553
naval,dune_bayes,2203,0.0009082462638616562,9.468804637435824e-05,0.0010029342956840992
naval,dune_bayes,2204,0.0009208834380842745,5.528965630219318e-05,0.0009761730907484889
naval,dune_bayes,2205,0.0007346165366470814,9.962595504475757e-05,0.0008342424989677966
naval,dune_bayes,2206,0.0009630435961298645,8.473805792164057e-05,0.0010477816686034203
naval,dune_bayes,2207,0.0009598502656444907,6.543251220136881e-05,0.0010252827778458595
naval,dune_bayes,2208,0.0007294454844668508,9.808474715100601e-05,0.0008275302243418992
naval,dune_bayes,2209,0.0011676710564643145,0.00019547203555703163,0.001363143092021346
naval,dune_bayes,2210,0.0009066687780432403,5.360804789233953e-05,0.0009602768113836646
naval,dune_bayes,2211,0.0007046512328088284,3.7470217648660764e-05,0.0007421214249916375
naval,dune_bayes,2212,0.0007271213107742369,9.737489745020866e-05,0.0008244962082244456
naval,dune_bayes,2213,0.0007440404151566327,5.952241917839274e-05,0.0008035628125071526
naval,dune_bayes,2214,0.0010301561560481787,9.562420018482953e-05,0.0011257803998887539
naval,dune_bayes,2215,0.0007849697722122073,4.715458635473624e-05,0.0008321243803948164
naval,dune_bayes,2216,0.0008291284320876002,7.563165127066895e-05,0.0009047600906342268
naval,dune_bayes,2217,0.0007695259992033243,4.519390131463297e-05,0.0008147198823280632
naval,dune_bayes,2218,0.0007713093655183911,0.00011125196760986,0.0008825613185763359
naval,dune_bayes,2219,0.0010747896740213037,0.00016831581888254732,0.0012431055074557662
naval,dune_bayes,2220,0.0009932218817993999,6.432070949813351e-05,0.0010575426276773214
naval,dune_bayes,2221,0.001007271115668118,9.182243229588494e-05,0.001099093584343791
naval,dune_bayes,2222,0.0009880783036351204,6.365620356518775e-05,0.0010517345508560538
naval,dune_bayes,2223,0.0010041515342891216,9.131534170592204e-05,0.0010954668978229165
naval,dune_bayes,2224,0.0008010301389731467,7.009714317973703e-05,0.0008711272967047989
naval,dune_bayes,2225,0.0007969794678501785,6.932402902748436e-05,0.0008663035114295781
naval,dune_bayes,2226,0.0011165528558194637,0.00015779398381710052,0.0012743468396365643
naval,dune_bayes,2227,0.0007475346210412681,4.24855861638207e-05,0.0007900202181190252
naval,dune_bayes,2228,0.0007932811859063804,6.860751454951242e-05,0.0008618886931799352
naval,dune_bayes,2229,0.0007899755728431046,6.798235699534416e-05,0.0008579579298384488
naval,dune_bayes,2230,0.0009999553440138698,7.059649942675605e-05,0.0010705518070608377
naval,dune_bayes,2231,0.0009887045016512275,8.88057256815955e-05,0.0010775101836770773
naval,dune_bayes,2232,0.0007374218548648059,4.127716601942666e-05,0.0007786990026943386
naval,dune_bayes,2233,0.001089694444090128,0.00015082990285009146,0.0012405243469402194
naval,dune_bayes,2234,0.0009199640480801463,9.686867997515947e-05,0.0010168327717110515
naval,dune_bayes,2235,0.000771263730712235,6.447625492000952e-05,0.0008357400074601173
naval,dune_bayes,2236,0.0009133890853263438,9.562844934407622e-05,0.0010090175783261657
naval,dune_bayes,2237,0.0009671913576312363,6.63496830384247e-05,0.0010335410479456186
naval,dune_bayes,2238,0.0009082735632546246,0.00012549561506602913,0.0010337692219763994
naval,dune_bayes,2239,0.00096344412304461,6.587815732927993e-05,0.0010293222730979323
naval,dune_bayes,2240,0.000703484402038157,3.7360838177846745e-05,0.0007408452220261097
naval,dune_bayes,2241,0.000959714176133275,0.00012078017607564107,0.001080494374036789
naval,dune_bayes,2242,0.0008989304769784212,9.294754272559658e-05,0.0009918779833242297
naval,dune_bayes,2243,0.0009532873518764973,8.317839819937944e-05,0.0010364657500758767
naval,dune_bayes,2244,0.0008974456577561796,5.253045674180612e-05,0.0009499760926701128
naval,dune_bayes,2245,0.0008469333406537771,9.838931146077812e-05,0.0009453226812183857
naval,dune_bayes,2246,0.0011030829045921564,8.617054845672101e-05,0.0011892534093931317
naval,dune_bayes,2247,0.0007745595648884773,0.00011238907609367743,0.0008869486628100276
naval,dune_bayes,2248,0.001085461932234466,0.00017065384599845856,0.001256115734577179
naval,dune_bayes,2249,0.0008350065909326077,9.562414197716862e-05,0.000930630718357861
naval,dune_bayes,2250,0.0010126779088750482,9.269225120078772e-05,0.0011053701164200902
naval,dune_bayes,2251,0.000999588519334793,6.516432040371001e-05,0.0010647528106346726
naval,dune_bayes,2252,0.0009886102052405477,0.00011254524724790826,0.0011011554161086679
naval,dune_bayes,2253,0.0007612431072629988,4.4189357140567154e-05,0.0008054324425756931
naval,dune_bayes,2254,0.0007608074811287224,0.00010799467418109998,0.0008688021334819496
naval,dune_bayes,2255,0.0009776439983397722,6.231982115423307e-05,0.0010399637976661325
naval,dune_bayes,2256,0.0009968960657715797,9.010681242216378e-05,0.0010870029218494892
naval,dune_bayes,2257,0.0011400214862078428,0.00016693923680577427,0.0013069607084617019
naval,dune_bayes,2258,0.0009619842749089003,6.0338948969729245e-05,0.0010223232675343752
naval,dune_bayes,2259,0.0011279488680884242,0.00018337264191359282,0.001311321510002017
naval,dune_bayes,2260,0.0010883619543164968,0.00015045245527289808,0.0012388144386932254
naval,dune_bayes,2261,0.0009566590306349099,5.9666752349585295e-05,0.0010163257829844952
naval,dune_bayes,2262,0.0007356245187111199,4.108555367565714e-05,0.0007767100469209254
naval,dune_bayes,2263,0.0009906673803925514,6.935714918654412e-05,0.0010600244859233499
naval,dune_bayes,2264,0.0007325390470214188,4.072222509421408e-05,0.0007732613012194633
naval,dune_bayes,2265,0.000916479853913188,9.618451440474018e-05,0.0010126644046977162
naval,dune_bayes,2266,0.0007288619526661932,4.028902549180202e-05,0.0007691509672440588
naval,dune_bayes,2267,0.0007702637813054025,6.434349052142352e-05,0.0008346072863787413
naval,dune_bayes,2268,0.0010646302253007889,0.00016423480701632798,0.0012288650032132864
naval,dune_bayes,2269,0.0007371430401690304,0.00010061617649625987,0.0008377592312172055
naval,dune_bayes,2270,0.0009314264170825481,5.6564244005130604e-05,0.0009879906428977847
naval,dune_bayes,2271,0.0007630100008100271,6.30103750154376e-05,0.0008260203758254647
naval,dune_bayes,2272,0.0010624942369759083,0.00014753361756447703,0.00121002783998847
naval,dune_bayes,2273,0.00092147575924173,5.53667705389671e-05,0.0009768424788489938
naval,dune_bayes,2274,0.0007556247874163091,6.16795223322697e-05,0.0008173043024726212
naval,dune_bayes,2275,0.0007297032861970365,9.83535501291044e-05,0.0008280568290501833
naval,dune_bayes,2276,0.0007089129649102688,3.7989590055076405e-05,0.0007469025440514088
naval,dune_bayes,2277,0.0009014702518470585,9.338186646346003e-05,0.0009948521619662642
naval,dune_bayes,2278,0.0009118785965256393,5.422246613306925e-05,0.0009661010699346662
naval,dune_bayes,2279,0.0007490688585676253,6.050579031580128e-05,0.0008095746743492782
naval,dune_bayes,2280,0.0007022678619250655,3.724593625520356e-05,0.000739513779990375
naval,dune_bayes,2281,0.0007202054839581251,9.548469097353518e-05,0.0008156901458278298
naval,dune_bayes,2282,0.0006959862657822669,3.654539614217356e-05,0.0007325316546484828
naval,dune_bayes,2283,0.0009316478972323239,0.00011469635501271114,0.001046344288624823
naval,dune_bayes,2284,0.0008935320656746626,9.192871220875531e-05,0.0009854608215391636
naval,dune_bayes,2285,0.0009430937934666872,6.329886673483998e-05,0.001006392645649612
naval,dune_bayes,2286,0.0008749816915951669,0.00010417086014058441,0.0009791525080800056
naval,dune_bayes,2287,0.0011027030413970351,8.609864744357765e-05,0.0011888017179444432
naval,dune_bayes,2288,0.001075560343451798,7.564709812868387e-05,0.0011512074852362275
naval,dune_bayes,2289,0.0007676145760342479,4.500436261878349e-05,0.0008126189350150526
naval,dune_bayes,2290,0.0008156784460879862,7.307671330636367e-05,0.0008887551375664771
naval,dune_bayes,2291,0.001091872458346188,0.00017289399693254381,0.0012647664407268167
naval,dune_bayes,2292,0.0009897539857774973,0.00011275576252955943,0.0011025097919628024
naval,dune_bayes,2293,0.0008115257951430976,7.226419256767258e-05,0.0008837899658828974
naval,dune_bayes,2294,0.0008479224634356797,9.861998114502057e-05,0.0009465424227528274
naval,dune_bayes,2295,0.0009872210212051868,0.00011223446199437603,0.001099455519579351
naval,dune_bayes,2296,0.0008384327520616353,9.660571231506765e-05,0.0009350384352728724
naval,dune_bayes,2297,0.000984648708254099,0.00011170424113515764,0.0010963529348373413
naval,dune_bayes,2298,0.0008038232335820794,7.074710447341204e-05,0.0008745703380554914
naval,dune_bayes,2299,0.0010223998688161373,0.00015405392332468182,0.001176453777588904
naval,dune_bayes,2300,0.0009825308807194233,0.0001112805402954109,0.0010938114719465375
naval,dune_bayes,2301,0.0010152971372008324,7.259182166308165e-05,0.001087888958863914
naval,dune_bayes,2302,0.0009833007352426648,6.304553971858695e-05,0.0010463462676852942
naval,dune_bayes,2303,0.0010067640105262399,7.145525160012767e-05,0.0010782192694023252
naval,dune_bayes,2304,0.0007452804129570723,4.226540113450028e-05,0.0007875458104535937
naval,dune_bayes,2305,0.0009922203607857227,8.930675539886579e-05,0.0010815270943567157
naval,dune_bayes,2306,0.0010027724783867598,7.093259773682803e-05,0.001073705032467842
naval,dune_bayes,2307,0.0007420643232762814,4.1881768993334845e-05,0.0007839460740797222
naval,dune_bayes,2308,0.0009654720779508352,0.00013949081767350435,0.0011049628956243396
naval,dune_bayes,2309,0.000957043026573956,5.971782229607925e-05,0.0010167608270421624
naval,dune_bayes,2310,0.0007452598074451089,0.00010321420268155634,0.0008484739810228348
naval,dune_bayes,2311,0.0011137392139062285,0.0001601703406777233,0.0012739095836877823
naval,dune_bayes,2312,0.0009174991864711046,9.635717287892476e-05,0.0010138563811779022
naval,dune_bayes,2313,0.0009132628329098225,9.556425357004628e-05,0.0010088271228596568
naval,dune_bayes,2314,0.0009821302955970168,6.823742296546698e-05,0.0010503677185624838
naval,dune_bayes,2315,0.0007655025692656636,6.352568743750453e-05,0.0008290282567031682
naval,dune_bayes,2316,0.0007174916099756956,3.898606155416928e-05,0.0007564776460640132
naval,dune_bayes,2317,0.0007619892130605876,6.287624273682013e-05,0.0008248654776252806
naval,dune_bayes,2318,0.000732762273401022,9.935714479070157e-05,0.0008321194327436388
naval,dune_bayes,2319,0.0009755298378877342,0.00014107665629126132,0.001116606523282826
naval,dune_bayes,2320,0.0009046776103787124,9.39624515012838e-05,0.000998640083707869
naval,dune_bayes,2321,0.0007107557030394673,3.8218844565562904e-05,0.0007489745621569455
naval,dune_bayes,2322,0.0010231600608676672,0.00013817638682667166,0.0011613364331424236
naval,dune_bayes,2323,0.0009005779284052551,9.320506069343537e-05,0.0009937830036506057
naval,dune_bayes,2324,0.0007225720910355449,9.628385305404663e-05,0.0008188559440895915
naval,dune_bayes,2325,0.0007012502173893154,3.715038110385649e-05,0.0007384006166830659
naval,dune_bayes,2326,0.0009028780623339117,0.00012410245835781097,0.0010269805788993835
naval,dune_bayes,2327,0.00090314622502774,5.320503260008991e-05,0.0009563512867316604
naval,dune_bayes,2328,0.0007176785729825497,9.482997847953811e-05,0.0008125085732899606
naval,dune_bayes,2329,0.0009187916293740273,0.00012790852633770555,0.001046700170263648
naval,dune_bayes,2330,0.0008980372222140431,5.260294710751623e-05,0.0009506401838734746
naval,dune_bayes,2331,0.0009482249151915312,0.0001351065729977563,0.0010833315318450332
naval,dune_bayes,2332,0.0009426605538465083,6.323376146610826e-05,0.0010058942716568708
naval,dune_bayes,2333,0.0009389016777276993,6.276748172240332e-05,0.001001669210381806
naval,dune_bayes,2334,0.0007104881224222481,9.271535964217037e-05,0.0008032034966163337
naval,dune_bayes,2335,0.0007703975425101817,0.00011126851313747466,0.0008816660847514868
naval,dune_bayes,2336,0.0009139493922702968,0.00011221062595723197,0.0010261599672958255
naval,dune_bayes,2337,0.0010007076198235154,6.532166298711672e-05,0.001066029304638505
naval,dune_bayes,2338,0.0010640124091878533,0.00016509703709743917,0.001229109475389123
naval,dune_bayes,2339,0.0009949173545464873,6.45582695142366e-05,0.0010594755876809359
naval,dune_bayes,2340,0.0008071056799963117,7.143361290218309e-05,0.0008785392856225371
naval,dune_bayes,2341,0.000983684090897441,0.00011149360216222703,0.0010951777221634984
naval,dune_bayes,2342,0.001003902405500412,9.118742309510708e-05,0.001095089828595519
naval,dune_bayes,2343,0.0010148526635020971,7.25175705156289e-05,0.0010873702121898532
naval,dune_bayes,2344,0.0007567166467197239,0.00010686988389352337,0.0008635865524411201
naval,dune_bayes,2345,0.0010404877830296755,0.00015876292309258133,0.0011992506915703416
naval,dune_bayes,2346,0.0009975380962714553,9.015011164592579e-05,0.0010876882588490844
naval,dune_bayes,2347,0.000831597310025245,9.511772077530622e-05,0.0009267150308005512
naval,dune_bayes,2348,0.0009228523704223335,9.73469068412669e-05,0.0010201992699876428
naval,dune_bayes,2349,0.0009915190748870373,8.917709783418104e-05,0.001080696121789515
naval,dune_bayes,2350,0.0009680160437710583,6.11009236308746e-05,0.0010291169164702296
naval,dune_bayes,2351,0.0007372077670879662,4.132404865231365e-05,0.0007785318302921951
naval,dune_bayes,2352,0.0007834081770852208,6.690098962280899e-05,0.0008503091521561146
naval,dune_bayes,2353,0.0009954163106158376,0.00014641281450167298,0.0011418291833251715
naval,dune_bayes,2354,0.0009185093804262578,9.652806329540908e-05,0.0010150374146178365
naval,dune_bayes,2355,0.0009650923893786967,0.00013921046047471464,0.0011043028207495809
naval,dune_bayes,2356,0.0009851943468675017,6.860942085040733e-05,0.0010538037167862058
naval,dune_bayes,2357,0.0009471866651438177,5.849591252626851e-05,0.0010056826286017895
naval,dune_bayes,2358,0.0009423102019354701,5.7898942031897604e-05,0.0010002091294154525
naval,dune_bayes,2359,0.000977248651906848,6.758713425369933e-05,0.0010448357788845897
naval,dune_bayes,2360,0.0009077344438992441,9.45081192185171e-05,0.0010022425558418036
naval,dune_bayes,2361,0.0007164194830693305,3.888532955897972e-05,0.0007553048199042678
naval,dune_bayes,2362,0.0007303868769668043,9.872958617052063e-05,0.0008291164413094521
naval,dune_bayes,2363,0.0011593858944252133,0.00019072512804996222,0.0013501109788194299
naval,dune_bayes,2364,0.0010404031490907073,0.00014223427569959313,0.0011826374102383852
naval,dune_bayes,2365,0.0009033719543367624,9.369669714942575e-05,0.0009970685932785273
naval,dune_bayes,2366,0.0009641231154091656,8.479527605231851e-05,0.0010489183478057384
naval,dune_bayes,2367,0.0009651186992414296,6.603321526199579e-05,0.0010311519727110863
naval,dune_bayes,2368,0.0009015155956149101,9.335923823527992e-05,0.0009948748629540205
naval,dune_bayes,2369,0.0007068050908856094,3.779171674977988e-05,0.0007445968221873045
naval,dune_bayes,2370,0.0007506317342631519,6.0882328398292884e-05,0.0008115140371955931
naval,dune_bayes,2371,0.0009318076190538704,0.00013038894394412637,0.0010621965629979968
naval,dune_bayes,2372,0.0008992496877908707,9.293451876146719e-05,0.0009921841556206346
naval,dune_bayes,2373,0.0009585202788002789,8.391744631808251e-05,0.0010424377396702766
naval,dune_bayes,2374,0.000955505995079875,8.344164962181821e-05,0.0010389476083219051
naval,dune_bayes,2375,0.0009535269346088171,6.457215931732208e-05,0.0010180991375818849
naval,dune_bayes,2376,0.0008862609975039959,0.00012020070425933227,0.0010064616799354553
naval,dune_bayes,2377,0.0009026752668432891,5.314348891261034e-05,0.000955818744841963
naval,dune_bayes,2378,0.0007070611463859677,5.415729901869781e-05,0.0007612184272147715
naval,dune_bayes,2379,0.0007037583854980767,5.3599909733748063e-05,0.0007573582697659731
naval,dune_bayes,2380,0.0007130967569537461,9.357549424748868e-05,0.00080667226575315
naval,dune_bayes,2381,0.0009415646200068295,6.307238800218329e-05,0.00100463698618114
naval,dune_bayes,2382,0.0007003561477176845,5.303514262777753e-05,0.0007533913012593985
naval,dune_bayes,2383,0.0009047845378518105,0.00010900279448833317,0.0010137873468920588
naval,dune_bayes,2384,0.0006869236240163445,3.5582343116402626e-05,0.0007225059671327472
naval,dune_bayes,2385,0.0007082585943862796,9.216197940986603e-05,0.0008004205883480608
naval,dune_bayes,2386,0.000705850136000663,9.146451338892803e-05,0.0007973146275617182
