dataset,model,observation,aleatoric,epistemic,total
naval,dune_bayes,0,0.0010895183077082038,0.00015537092986050993,0.0012448892230167985
naval,dune_bayes,1,0.000825397961307317,8.72013988555409e-05,0.0009125993819907308
naval,dune_bayes,2,0.0009324861457571387,0.00012748100562021136,0.0010599670931696892
naval,dune_bayes,3,0.0011599099962040782,0.000221742651774548,0.0013816526625305414
naval,dune_bayes,4,0.0010073621524497867,0.00013055410818196833,0.0011379162315279245
naval,dune_bayes,5,0.0009838027181103826,0.0001593396591488272,0.0011431423481553793
naval,dune_bayes,6,0.0009880107827484608,0.00018651461869012564,0.0011745253577828407
naval,dune_bayes,7,0.0008076389785856009,8.342725777765736e-05,0.0008910662145353854
naval,dune_bayes,8,0.0010352478129789233,0.00014007250138092786,0.0011753203580155969
naval,dune_bayes,9,0.0009854651289060712,0.00018523917242418975,0.0011707042576745152
naval,dune_bayes,10,0.0008932917262427509,0.00011654082481982186,0.001009832601994276
naval,dune_bayes,11,0.0010940715437754989,0.00016251459601335227,0.0012565861688926816
naval,dune_bayes,12,0.0008677537553012371,0.00010970419680234045,0.0009774579666554928
naval,dune_bayes,13,0.0009851583745330572,0.00012666375550907105,0.0011118220863863826
naval,dune_bayes,14,0.0008561084396205842,0.0001066414697561413,0.000962749938480556
naval,dune_bayes,15,0.0010072891600430012,0.00012846603931393474,0.0011357552139088511
naval,dune_bayes,16,0.00078027747804299,7.778077997500077e-05,0.0008580582798458636
naval,dune_bayes,17,0.0009372410131618381,0.0001435245794709772,0.0010807656217366457
naval,dune_bayes,18,0.000976125942543149,0.00012064302427461371,0.0010967690031975508
naval,dune_bayes,19,0.0009786627488210797,0.00018167804228141904,0.0011603408493101597
naval,dune_bayes,20,0.0008266817312687635,8.597548003308475e-05,0.0009126572404056787
naval,dune_bayes,21,0.0009277202771045268,0.00011053866182919592,0.001038258895277977
naval,dune_bayes,22,0.0009777023224160075,0.00018122336769010872,0.0011589257046580315
naval,dune_bayes,23,0.0009379731491208076,0.00011466445721453056,0.0010526375845074654
naval,dune_bayes,24,0.0009918375872075558,0.0001328999496763572,0.0011247375514358282
naval,dune_bayes,25,0.0009769013850018382,0.00018072414968628436,0.0011576255783438683
naval,dune_bayes,26,0.0007604747079312801,7.38218441256322e-05,0.0008342965738847852
naval,dune_bayes,27,0.0009188409894704819,0.00013750694051850587,0.0010563479736447334
naval,dune_bayes,28,0.0009757088264450431,0.00018018585979007185,0.0011558947153389454
naval,dune_bayes,29,0.0009153902065008879,0.00010913902224274352,0.0010245292214676738
naval,dune_bayes,30,0.0008076759986579418,9.445715113542974e-05,0.000902133178897202
naval,dune_bayes,31,0.0009754524216987193,0.00017999685951508582,0.0011554493103176355
naval,dune_bayes,32,0.0006007471238262951,4.468545375857502e-05,0.0006454325630329549
naval,dune_bayes,33,0.000955130672082305,0.00012300042726565152,0.0010781311430037022
naval,dune_bayes,34,0.0008914290810935199,0.00010197971278103068,0.000993408844806254
naval,dune_bayes,35,0.0007907598628662527,9.03746549738571e-05,0.000881134532392025
naval,dune_bayes,36,0.0009725943673402071,0.0001785540662240237,0.0011511484626680613
naval,dune_bayes,37,0.0009835042292252183,0.0001850752450991422,0.00116857944522053
naval,dune_bayes,38,0.0011386862024664879,0.00016376875282730907,0.0013024549698457122
naval,dune_bayes,39,0.0010681567946448922,0.00014927926531527191,0.001217436045408249
naval,dune_bayes,40,0.00098353938665241,0.00015940447337925434,0.0011429438600316644
naval,dune_bayes,41,0.0006161529454402626,4.7171815822366625e-05,0.000663324783090502
naval,dune_bayes,42,0.001004450605250895,0.0001298079005209729,0.0011342584621161222
naval,dune_bayes,43,0.0011473266640678048,0.00017925395513884723,0.0013265806483104825
naval,dune_bayes,44,0.0006816842360422015,5.7849181757774204e-05,0.0007395333959721029
naval,dune_bayes,45,0.000761180417612195,7.227376045193523e-05,0.0008334541926160455
naval,dune_bayes,46,0.0007978113717399538,8.13915248727426e-05,0.0008792029111646116
naval,dune_bayes,47,0.0010769498767331243,0.0001467827969463542,0.0012237327173352242
naval,dune_bayes,48,0.0010925967944785953,0.00016213009075727314,0.0012547268997877836
naval,dune_bayes,49,0.0009770579636096954,0.0001818298624129966,0.0011588878696784377
naval,dune_bayes,50,0.0008686925866641104,0.00011004292173311114,0.0009787355083972216
naval,dune_bayes,51,0.0009766886942088604,0.00018159406317863613,0.0011582827428355813
naval,dune_bayes,52,0.0010516998590901494,0.00014002490206621587,0.0011917247902601957
naval,dune_bayes,53,0.0009567973902449012,0.0001176707519334741,0.0010744681349024177
naval,dune_bayes,54,0.0008632449898868799,0.00010859932808671147,0.0009718443034216762
naval,dune_bayes,55,0.0007838939200155437,7.8533761552535e-05,0.0008624276961199939
naval,dune_bayes,56,0.000780309084802866,7.780629675835371e-05,0.0008581153815612197
naval,dune_bayes,57,0.0009462829912081361,0.00011506719602039084,0.001061350223608315
naval,dune_bayes,58,0.0009405374294146895,0.00014475444913841784,0.001085291849449277
naval,dune_bayes,59,0.0009659197530709207,0.00012172160495538265,0.0010876413434743881
naval,dune_bayes,60,0.0009735787170939147,0.00018003256991505623,0.0011536113452166319
naval,dune_bayes,61,0.000774454849306494,7.661809650016949e-05,0.0008510729530826211
naval,dune_bayes,62,0.000957865675445646,0.00011967481259489432,0.0010775404516607523
naval,dune_bayes,63,0.0007709750789217651,7.59203830966726e-05,0.0008468954474665225
naval,dune_bayes,64,0.0009303801343776286,0.00010956271580653265,0.0010399428429082036
naval,dune_bayes,65,0.000942650658544153,0.00011584802996367216,0.0010584986303001642
naval,dune_bayes,66,0.001010520150884986,0.00013812504766974598,0.0011486451840028167
naval,dune_bayes,67,0.0009344721911475062,0.00011382485536159948,0.001048297039233148
naval,dune_bayes,68,0.0008151448564603925,9.635387687012553e-05,0.000911498733330518
naval,dune_bayes,69,0.0009179618791677058,0.00013737581321038306,0.0010553377214819193
naval,dune_bayes,70,0.000596719968598336,4.4101529056206346e-05,0.0006408215267583728
naval,dune_bayes,71,0.0009198026964440942,0.00011022804392268881,0.001030030776746571
naval,dune_bayes,72,0.0009695085464045405,0.0001779446902219206,0.0011474532075226307
naval,dune_bayes,73,0.000909912574570626,0.00013480881170835346,0.0010447213426232338
naval,dune_bayes,74,0.0009687053970992565,0.00017754572036210448,0.0011462511029094458
naval,dune_bayes,75,0.0008615269907750189,9.38453376875259e-05,0.0009553723502904177
naval,dune_bayes,76,0.0009678411297500134,0.00017704129277262837,0.0011448824079707265
naval,dune_bayes,77,0.0005967134493403137,4.407700907904655e-05,0.000640790443867445
naval,dune_bayes,78,0.0009667217382229865,0.00017653853865340352,0.00114326027687639
naval,dune_bayes,79,0.0006151603301987052,4.686653119279072e-05,0.0006620268686674535
naval,dune_bayes,80,0.0008830463048070669,0.00010148957517230883,0.0009845359018072486
naval,dune_bayes,81,0.0009163381764665246,0.00012310412421356887,0.0010394422570243478
naval,dune_bayes,82,0.0010553975589573383,0.0001457222824683413,0.0012011198559775949
naval,dune_bayes,83,0.000909362337552011,0.00012115512799937278,0.0010305175092071295
naval,dune_bayes,84,0.0006003358284942806,4.4747957872459665e-05,0.0006450837827287614
naval,dune_bayes,85,0.0009889433858916163,0.0001258092961506918,0.0011147527256980538
naval,dune_bayes,86,0.001123845693655312,0.00017186193144880235,0.0012957076542079449
naval,dune_bayes,87,0.0009767290903255343,0.00012269330909475684,0.0010994223412126303
naval,dune_bayes,88,0.0010204033460468054,0.00013608321023639292,0.0011564865708351135
naval,dune_bayes,89,0.000972444424405694,0.00018035959510598332,0.001152804004959762
naval,dune_bayes,90,0.0007298289565369487,6.638537161052227e-05,0.000796214328147471
naval,dune_bayes,91,0.0011023094411939383,0.00016515834431629628,0.0012674677418544888
naval,dune_bayes,92,0.0010726569453254342,0.0001455805031582713,0.0012182374484837055
naval,dune_bayes,93,0.0007915623136796057,8.011484169401228e-05,0.0008716771844774485
naval,dune_bayes,94,0.0008714853320270777,0.00011085212463513017,0.000982337398454547
naval,dune_bayes,95,0.000788122764788568,7.94093357399106e-05,0.0008675321005284786
naval,dune_bayes,96,0.0009598149918019772,0.00011843329411931336,0.00107824825681746
naval,dune_bayes,97,0.0009539542952552438,0.00011697876470861956,0.001070933067239821
naval,dune_bayes,98,0.0009482011082582176,0.00011555929813766852,0.001063760370016098
naval,dune_bayes,99,0.0010590390302240849,0.00015214047743938863,0.001211179536767304
naval,dune_bayes,100,0.0008522476418875158,0.00010581767855910584,0.0009580653277225792
naval,dune_bayes,101,0.0011400470975786448,0.0001629425387363881,0.0013029896654188633
naval,dune_bayes,102,0.0010103649692609906,0.00012928593787364662,0.0011396509362384677
naval,dune_bayes,103,0.0009684130782261491,0.00017827292322181165,0.0011466860305517912
naval,dune_bayes,104,0.0013519027270376682,0.00022920647461432964,0.0015811092453077435
naval,dune_bayes,105,0.0009675219771452248,0.00017783833027351648,0.001145360292866826
naval,dune_bayes,106,0.0013401644537225366,0.00022784621978644282,0.0015680106589570642
naval,dune_bayes,107,0.0009548511588945985,0.00011545979941729456,0.0010703109437599778
naval,dune_bayes,108,0.0008284886134788394,9.974966815207154e-05,0.0009282382670789957
naval,dune_bayes,109,0.0009659730130806565,0.0001770772651070729,0.0011430502636358142
naval,dune_bayes,110,0.0007651944761164486,7.4780524300877e-05,0.0008399750222451985
naval,dune_bayes,111,0.0007618225645273924,7.411227852571756e-05,0.0008359348285011947
naval,dune_bayes,112,0.000998512259684503,0.00013483717339113355,0.0011333494912832975
naval,dune_bayes,113,0.0009170135017484426,0.00013721820141654462,0.0010542316595092416
naval,dune_bayes,114,0.0009644586825743318,0.00017633289098739624,0.001140791573561728
naval,dune_bayes,115,0.0009006340405903757,0.00010237206151941791,0.0010030061239376664
naval,dune_bayes,116,0.000758620910346508,7.348078361246735e-05,0.0008321016794070601
naval,dune_bayes,117,0.0009630888816900551,0.00017563292931299657,0.001138721825554967
naval,dune_bayes,118,0.0008080783882178366,8.247626101365313e-05,0.0008905546274036169
naval,dune_bayes,119,0.0008946725283749402,0.00010423074854770675,0.0009989032987505198
naval,dune_bayes,120,0.0008982186554931104,0.00013124833640176803,0.0010294669773429632
naval,dune_bayes,121,0.0009615793242119253,0.00017479417147114873,0.001136373495683074
naval,dune_bayes,122,0.0008854498155415058,0.00010062499495688826,0.0009860747959464788
naval,dune_bayes,123,0.0009429277270101011,0.00011988750338787213,0.0010628151940181851
naval,dune_bayes,124,0.0008801992516964674,9.942441829480231e-05,0.0009796236408874393
naval,dune_bayes,125,0.0006020225118845701,4.48640130343847e-05,0.0006468865321949124
naval,dune_bayes,126,0.0007473013829439878,7.035324233584106e-05,0.0008176546543836594
naval,dune_bayes,127,0.0007644559955224395,8.436175994575024e-05,0.0008488177554681897
naval,dune_bayes,128,0.0009588190587237477,0.00017342515639029443,0.0011322442442178726
naval,dune_bayes,129,0.001124172005802393,0.00015960611926857382,0.0012837781105190516
naval,dune_bayes,130,0.0011209575459361076,0.0001587630540598184,0.0012797205708920956
naval,dune_bayes,131,0.0009665624820627272,0.0001538656943012029,0.0011204282054677606
naval,dune_bayes,132,0.0009850907372310758,0.00012484412582125515,0.0011099348776042461
naval,dune_bayes,133,0.000798907654825598,8.165127655956894e-05,0.0008805589168332517
naval,dune_bayes,134,0.0009593212744221091,0.00015136940055526793,0.0011106906458735466
naval,dune_bayes,135,0.0010179035598412156,0.00013542873784899712,0.0011533322976902127
naval,dune_bayes,136,0.0009553887648507953,0.00015003389853518456,0.0011054226197302341
naval,dune_bayes,137,0.0007190812611952424,6.443244637921453e-05,0.0007835137075744569
naval,dune_bayes,138,0.0007882952922955155,7.94635052443482e-05,0.0008677588193677366
naval,dune_bayes,139,0.00109044776763767,0.0001615888177184388,0.0012520365417003632
naval,dune_bayes,140,0.0009928969666361809,0.00012876071559730917,0.0011216576676815748
naval,dune_bayes,141,0.0008599754655733705,0.00010791090608108789,0.0009678863571025431
naval,dune_bayes,142,0.0009842594154179096,0.00012650310236494988,0.0011107624741271138
naval,dune_bayes,143,0.0009400072158314288,0.0001448652910767123,0.0010848725214600563
naval,dune_bayes,144,0.0009632518049329519,0.00017661979654803872,0.0011398715432733297
naval,dune_bayes,145,0.0007786238566040993,7.748971984256059e-05,0.0008561135618947446
naval,dune_bayes,146,0.0010584299452602863,0.00015199763583950698,0.0012104276102036238
naval,dune_bayes,147,0.0008477741503156722,0.00010474128794157878,0.0009525154600851238
naval,dune_bayes,148,0.0007752437959425151,7.680818089284003e-05,0.0008520520059391856
naval,dune_bayes,149,0.0008417992503382266,0.00010320004366803914,0.0009449992794543505
naval,dune_bayes,150,0.0010580556700006127,0.0001402433990733698,0.0011982991127297282
naval,dune_bayes,151,0.0009849700145423412,0.00012287202116567641,0.0011078420793637633
naval,dune_bayes,152,0.0008352705626748502,0.0001015508096315898,0.0009368213941343129
naval,dune_bayes,153,0.0012359301326796412,0.00019152356253471226,0.0014274537097662687
naval,dune_bayes,154,0.0009674987522885203,0.00011856198398163542,0.0010860607726499438
naval,dune_bayes,155,0.0007685177261009812,7.546000415459275e-05,0.000843977730255574
naval,dune_bayes,156,0.0009520020103082061,0.00011823666136479005,0.0010702386498451233
naval,dune_bayes,157,0.001028092810884118,0.0001431903219781816,0.0011712831910699606
naval,dune_bayes,158,0.0009603352518752217,0.00017515348736196756,0.0011354887392371893
naval,dune_bayes,159,0.0013507147086784244,0.0002288632094860077,0.001579577918164432
naval,dune_bayes,160,0.0009344190475530922,0.00011058412928832695,0.0010450031841173768
naval,dune_bayes,161,0.0010073716985061765,0.0001373444974888116,0.0011447161668911576
naval,dune_bayes,162,0.0009594612056389451,0.00017463784024585038,0.0011340990895405412
naval,dune_bayes,163,0.0008815657929517329,9.839307313086465e-05,0.0009799589170143008
naval,dune_bayes,164,0.0007592522888444364,7.361754978774115e-05,0.0008328698459081352
naval,dune_bayes,165,0.0009125051437877119,0.00013591711467597634,0.0010484223021194339
naval,dune_bayes,166,0.0009088200167752802,0.00013473539729602635,0.001043555443175137
naval,dune_bayes,167,0.0007998790242709219,9.277783829020336e-05,0.0008926568552851677
naval,dune_bayes,168,0.0008399986545555294,8.922999404603615e-05,0.0009292286704294384
naval,dune_bayes,169,0.0008973317453637719,0.00010338639549445361,0.0010007180972024798
naval,dune_bayes,170,0.0008920910186134279,0.00010217152157565579,0.0009942625183612108
naval,dune_bayes,171,0.0008989122579805553,0.0001052541338140145,0.0010041664354503155
naval,dune_bayes,172,0.0009559622849337757,0.0001728904026094824,0.0011288527166470885
naval,dune_bayes,173,0.0008154186652973294,8.40095744933933e-05,0.0008994282688945532
naval,dune_bayes,174,0.0008912686607800424,0.00010345222835894674,0.0009947208454832435
naval,dune_bayes,175,0.0007829791284166276,8.873330079950392e-05,0.000871712458319962
naval,dune_bayes,176,0.0008846896816976368,0.00010190356260864064,0.0009865931933745742
naval,dune_bayes,177,0.0007587206200696528,7.258125697262585e-05,0.0008313019061461091
naval,dune_bayes,178,0.0007371703395619988,6.933099211892113e-05,0.0008065013098530471
naval,dune_bayes,179,0.0008862267131917179,0.00012764782877638936,0.0010138745419681072
naval,dune_bayes,180,0.0008702293271198869,9.856126416707411e-05,0.0009687906131148338
naval,dune_bayes,181,0.0008673992124386132,9.653835149947554e-05,0.0009639375493861735
naval,dune_bayes,182,0.00091397954383865,0.00011250942043261603,0.0010264889569953084
naval,dune_bayes,183,0.0007604486891068518,8.350281859748065e-05,0.000843951478600502
naval,dune_bayes,184,0.0008622864261269569,9.539345046505332e-05,0.0009576798765920103
naval,dune_bayes,185,0.0009052663808688521,0.00011032656038878486,0.0010155929485335946
naval,dune_bayes,186,0.0009884575847536325,0.00012572076229844242,0.0011141783325001597
naval,dune_bayes,187,0.0010404291097074747,0.00014161768194753677,0.0011820468353107572
naval,dune_bayes,188,0.001132854027673602,0.0001748324721120298,0.0013076865579932928
naval,dune_bayes,189,0.0009588284301571548,0.00015135854482650757,0.0011101870331913233
naval,dune_bayes,190,0.0011008491273969412,0.0001533618342364207,0.0012542109470814466
naval,dune_bayes,191,0.0010851559927687049,0.00014906388241797686,0.0012342198751866817
naval,dune_bayes,192,0.0009700721129775047,0.00012104630150133744,0.001091118436306715
naval,dune_bayes,193,0.0008750302949920297,0.00011196950072189793,0.0009869998320937157
naval,dune_bayes,194,0.0007892072317190468,7.966294651851058e-05,0.0008688701782375574
naval,dune_bayes,195,0.0009590102126821876,0.00011826684203697369,0.001077277003787458
naval,dune_bayes,196,0.0007820748724043369,7.820824248483405e-05,0.0008602830930612981
naval,dune_bayes,197,0.0009530406096018851,0.0001167864102171734,0.0010698270052671432
naval,dune_bayes,198,0.0010780494194477797,0.0001579046802362427,0.0012359541142359376
naval,dune_bayes,199,0.0007374649285338819,6.779098475817591e-05,0.0008052558987401426
naval,dune_bayes,200,0.0010207975283265114,0.0001320353039773181,0.0011528328759595752
naval,dune_bayes,201,0.0010674200020730495,0.00015473057283088565,0.001222150633111596
naval,dune_bayes,202,0.0007909036939963698,7.806847133906558e-05,0.0008689721580594778
naval,dune_bayes,203,0.0009735721396282315,0.00012375124788377434,0.0010973233729600906
naval,dune_bayes,204,0.0008694881107658148,9.450329525861889e-05,0.0009639913914725184
naval,dune_bayes,205,0.0008371247095055878,0.00010209414176642895,0.0009392188512720168
naval,dune_bayes,206,0.0010232212953269482,0.00013112508167978376,0.0011543463915586472
naval,dune_bayes,207,0.0009199733613058925,0.000138454808620736,0.001058428199030459
naval,dune_bayes,208,0.0010064499219879508,0.00013712722284253687,0.001143577159382403
naval,dune_bayes,209,0.0009531762334518135,0.0001724049070617184,0.0011255810968577862
naval,dune_bayes,210,0.001378608401864767,0.00023899681400507689,0.001617605215869844
naval,dune_bayes,211,0.000756134046241641,7.302184530999511e-05,0.0008291559061035514
naval,dune_bayes,212,0.0009962812764570117,0.00013430940452963114,0.0011305906809866428
naval,dune_bayes,213,0.0007527543348260224,7.23603880032897e-05,0.0008251147228293121
naval,dune_bayes,214,0.0009518523584119976,0.00017173039668705314,0.001123582711443305
naval,dune_bayes,215,0.00091098144184798,0.00010815462155733258,0.0010191360488533974
naval,dune_bayes,216,0.0007954878965392709,9.17891229619272e-05,0.0008872770122252405
naval,dune_bayes,217,0.0009509050287306309,0.00017129692423623055,0.0011222019093111157
naval,dune_bayes,218,0.0007901589851826429,7.842765626264736e-05,0.0008685866487212479
naval,dune_bayes,219,0.0008934428333304822,0.0001025025121634826,0.0009959453018382192
naval,dune_bayes,220,0.0008057660888880491,8.20289715193212e-05,0.0008877950604073703
naval,dune_bayes,221,0.0007838670280762017,8.902064291760325e-05,0.0008728876709938049
naval,dune_bayes,222,0.0008839512011036277,0.00010030940029537305,0.0009842605795711279
naval,dune_bayes,223,0.0009489645017310977,0.00017030880553647876,0.0011192732490599155
naval,dune_bayes,224,0.0008788579725660384,9.914624388329685e-05,0.0009780041873455048
naval,dune_bayes,225,0.0008815992041490972,0.00010120424121851102,0.0009828034089878201
naval,dune_bayes,226,0.0009300967212766409,0.00011665991769405082,0.001046756631694734
naval,dune_bayes,227,0.000947613618336618,0.00016964288079179823,0.0011172564700245857
naval,dune_bayes,228,0.0007315683178603649,6.827543984400108e-05,0.0007998437504284084
naval,dune_bayes,229,0.0008669529925100505,9.783207497093827e-05,0.0009647850529290736
naval,dune_bayes,230,0.0006052297540009022,4.536052801995538e-05,0.0006505902856588364
naval,dune_bayes,231,0.0008604357717558742,9.634326852392405e-05,0.0009567790548317134
naval,dune_bayes,232,0.0005988223128952086,4.4388838432496414e-05,0.0006432111258618534
naval,dune_bayes,233,0.0006993981660343707,6.149826367618516e-05,0.0007608964224345982
naval,dune_bayes,234,0.0006940014427527785,6.053134347894229e-05,0.0007545328116975725
naval,dune_bayes,235,0.0008461756515316665,9.314197086496279e-05,0.0009393176296725869
naval,dune_bayes,236,0.0009449711069464684,0.0001683292503003031,0.001113300328142941
naval,dune_bayes,237,0.0010293804807588458,0.00013860366016160697,0.001167984097264707
naval,dune_bayes,238,0.0007640519179403782,7.332145469263196e-05,0.0008373733726330101
naval,dune_bayes,239,0.0007935840985737741,8.057585364440456e-05,0.0008741599740460515
naval,dune_bayes,240,0.0010122292442247272,0.0001339522423222661,0.0011461814865469933
naval,dune_bayes,241,0.000946946965996176,0.0001474897435400635,0.00109443673864007
naval,dune_bayes,242,0.0009611514979042113,0.00011882297258125618,0.0010799744632095098
naval,dune_bayes,243,0.0010036511812359095,0.00013166034477762878,0.0011353115551173687
naval,dune_bayes,244,0.0007796168210916221,7.772179378662258e-05,0.0008573386003263295
naval,dune_bayes,245,0.0008512858184985816,0.00010581213427940384,0.0009570979746058583
naval,dune_bayes,246,0.0009526611538603902,0.00017293862765654922,0.0011255997233092785
naval,dune_bayes,247,0.0009443651069886982,0.00011466250725788996,0.0010590276215225458
naval,dune_bayes,248,0.0009304114500992,0.00014203222235664725,0.0010724436724558473
naval,dune_bayes,249,0.0007726253243163228,7.6313030149322e-05,0.0008489383617416024
naval,dune_bayes,250,0.0009703172254376113,0.00012294207408558577,0.0010932593140751123
naval,dune_bayes,251,0.0010557201458141208,0.00015131918189581484,0.0012070393422618508
naval,dune_bayes,252,0.000951358990278095,0.00017226667841896415,0.0011236256686970592
naval,dune_bayes,253,0.0009620029595680535,0.00012081801833119243,0.0010828209342435002
naval,dune_bayes,254,0.0009540093597024679,0.00011535072553670034,0.0010693600634112954
naval,dune_bayes,255,0.000927223707549274,0.00011050131433876231,0.0010377250146120787
naval,dune_bayes,256,0.0009025135077536106,0.00010184160055359825,0.001004355144686997
naval,dune_bayes,257,0.0009464186150580645,0.00011687640653690323,0.0010632950579747558
naval,dune_bayes,258,0.0009483791654929519,0.00017090150504373014,0.0011192806996405125
naval,dune_bayes,259,0.0008976281969808042,0.00010205090075032786,0.0009996790904551744
naval,dune_bayes,260,0.0008149182540364563,9.659550414653495e-05,0.0009115137509070337
naval,dune_bayes,261,0.0009113511769101024,0.00010670901247067377,0.0010180601384490728
naval,dune_bayes,262,0.0009302945109084249,0.00011288048699498177,0.0010431749979034066
naval,dune_bayes,263,0.0008093129144981503,9.521318861516193e-05,0.0009045260958373547
naval,dune_bayes,264,0.0012060648296028376,0.00018230501154903322,0.0013883698265999556
naval,dune_bayes,265,0.0008702463819645345,9.58713426371105e-05,0.0009661177173256874
naval,dune_bayes,266,0.0008507688180543482,9.159121691482142e-05,0.000942360027693212
naval,dune_bayes,267,0.0009005339234136045,0.00010416864097351208,0.0010047025280073285
naval,dune_bayes,268,0.0009153956198133528,0.00010924189700745046,0.0010246374877169728
naval,dune_bayes,269,0.000796990527305752,9.221860091201961e-05,0.0008892090991139412
naval,dune_bayes,270,0.0009000943973660469,0.00013224294525571167,0.0010323373135179281
naval,dune_bayes,271,0.0007438266184180975,7.063881639624014e-05,0.0008144654566422105
naval,dune_bayes,272,0.0008907950832508504,0.0001019003611872904,0.0009926954517140985
naval,dune_bayes,273,0.0007851617410778999,8.939399413065985e-05,0.0008745557279326022
naval,dune_bayes,274,0.0011507271556183696,0.00016795838018879294,0.0013186854775995016
naval,dune_bayes,275,0.0007812831900082529,7.707790791755542e-05,0.0008583610760979354
naval,dune_bayes,276,0.0007383514894172549,6.958031008252874e-05,0.0008079318213276565
naval,dune_bayes,277,0.0007665427983738482,7.370664388872683e-05,0.0008402494713664055
naval,dune_bayes,278,0.0007293603266589344,6.701633537886664e-05,0.0007963766693137586
naval,dune_bayes,279,0.0008708634413778782,9.734463674249128e-05,0.0009682080708444118
naval,dune_bayes,280,0.0009200043277814984,0.0001141180910053663,0.0010341224260628223
naval,dune_bayes,281,0.0008735508308745921,0.00012402569700498134,0.0009975765133276582
naval,dune_bayes,282,0.0009406981407664716,0.00016712145588826388,0.0011078196112066507
naval,dune_bayes,283,0.0005641508032567799,3.934482447220944e-05,0.0006034956313669682
naval,dune_bayes,284,0.0007056809263303876,6.264836702030152e-05,0.0007683293079026043
naval,dune_bayes,285,0.0008608856005594134,9.510717791272327e-05,0.0009559927857480943
naval,dune_bayes,286,0.0008574238745495677,9.567967936163768e-05,0.0009531035320833325
naval,dune_bayes,287,0.0009397118119522929,0.00016668213356751949,0.001106393989175558
naval,dune_bayes,288,0.0007409252575598657,7.922203803900629e-05,0.0008201472810469568
naval,dune_bayes,289,0.0007354299887083471,7.80054324422963e-05,0.0008134354138746858
naval,dune_bayes,290,0.0009378876420669258,0.00016576191410422325,0.00110364961437881
naval,dune_bayes,291,0.0007903184741735458,7.992300379555672e-05,0.0008702414925210178
naval,dune_bayes,292,0.0009911428205668926,0.0001245203020516783,0.0011156630935147405
naval,dune_bayes,293,0.0009421331924386322,0.00014605534670408815,0.0010881884954869747
naval,dune_bayes,294,0.0009489585063420236,0.00017193227540701628,0.001120890723541379
naval,dune_bayes,295,0.0007839363534003496,7.861140329623595e-05,0.0008625477785244584
naval,dune_bayes,296,0.0009925949852913618,0.00012875725224148482,0.001121352193877101
naval,dune_bayes,297,0.001086551696062088,0.00016059815243352205,0.0012471498921513557
naval,dune_bayes,298,0.0009348029852844775,0.00014360193745233119,0.0010784049518406391
naval,dune_bayes,299,0.0007770987576805055,7.722526788711548e-05,0.000854324025567621
naval,dune_bayes,300,0.0009465593029744923,0.00011522198474267498,0.0010617813095450401
naval,dune_bayes,301,0.000983812496997416,0.00012646096001844853,0.0011102734133601189
naval,dune_bayes,302,0.0010767847998067737,0.00015762739349156618,0.0012344121932983398
naval,dune_bayes,303,0.000622327032033354,4.810795508092269e-05,0.0006704349652864039
naval,dune_bayes,304,0.0007735375547781587,7.650812767678872e-05,0.0008500457042828202
naval,dune_bayes,305,0.0009406966855749488,0.00011378638737369329,0.0010544831166043878
naval,dune_bayes,306,0.0009755946230143309,0.0001243278820766136,0.0010999224614351988
naval,dune_bayes,307,0.000840862630866468,0.00010319824650650844,0.0009440608555451035
naval,dune_bayes,308,0.0009447449119761586,0.00016992332530207932,0.0011146682081744075
naval,dune_bayes,309,0.0009191556600853801,0.00013847621448803693,0.0010576319182291627
naval,dune_bayes,310,0.0009439828572794795,0.00016955527826212347,0.0011135381646454334
naval,dune_bayes,311,0.0007344643818214536,6.722871330566704e-05,0.0008016930660232902
naval,dune_bayes,312,0.0009412952931597829,0.0001122823086916469,0.0010535776382312179
naval,dune_bayes,313,0.0008968149195425212,0.00010190507600782439,0.0009987199446186423
naval,dune_bayes,314,0.0009106971556320786,0.00013577280333265662,0.0010464699007570744
naval,dune_bayes,315,0.0009131333790719509,0.00010715069947764277,0.0010202841367572546
naval,dune_bayes,316,0.0010143211111426353,0.0001394326245645061,0.0011537537211552262
naval,dune_bayes,317,0.0008103565196506679,9.554675489198416e-05,0.0009059032890945673
naval,dune_bayes,318,0.0008625616901554167,9.420707647223026e-05,0.0009567687520757318
naval,dune_bayes,319,0.0010583910625427961,0.00014030197053216398,0.0011986930621787906
naval,dune_bayes,320,0.0007984124822542071,9.263825631933287e-05,0.0008910507312975824
naval,dune_bayes,321,0.0008997820550575852,0.00013228059106040746,0.0010320626897737384
naval,dune_bayes,322,0.0008924516150727868,0.00010230165935354307,0.0009947533253580332
naval,dune_bayes,323,0.0009054786060005426,0.00010687227768357843,0.0010123508982360363
naval,dune_bayes,324,0.0009383680298924446,0.0001667920296313241,0.0011051601031795144
naval,dune_bayes,325,0.0009559632744640112,0.00012348106247372925,0.00107944430783391
naval,dune_bayes,326,0.0007751540397293866,8.710312249604613e-05,0.0008622571476735175
naval,dune_bayes,327,0.0009372647618874907,0.000166310477652587,0.0011035752249881625
naval,dune_bayes,328,0.0008827971178106964,0.0001015227971947752,0.0009843199513852596
naval,dune_bayes,329,0.0007697109249420464,8.583268208894879e-05,0.00085554359247908
naval,dune_bayes,330,0.0009364865836687386,0.00016593541658949107,0.001102422014810145
naval,dune_bayes,331,0.000985792139545083,0.0001229569606948644,0.001108749071136117
naval,dune_bayes,332,0.0007327111670747399,6.851554644526914e-05,0.0008012267062440515
naval,dune_bayes,333,0.0009372250060550869,0.00011856959463329986,0.00105579465162009
naval,dune_bayes,334,0.0008726671803742647,0.00012388922914396971,0.0009965563658624887
naval,dune_bayes,335,0.0006088930531404912,4.599209569278173e-05,0.0006548851379193366
naval,dune_bayes,336,0.0007266150787472725,6.736117211403325e-05,0.0007939762435853481
naval,dune_bayes,337,0.0007057911134324968,6.267527351155877e-05,0.0007684663869440556
naval,dune_bayes,338,0.0009328985470347106,0.00016421545296907425,0.0010971140582114458
naval,dune_bayes,339,0.0006641487125307322,5.5366243032040074e-05,0.0007195149664767087
naval,dune_bayes,340,0.0005892727640457451,4.296689075999893e-05,0.0006322396802715957
naval,dune_bayes,341,0.000874918419867754,0.00010298850975232199,0.0009779069805517793
naval,dune_bayes,342,0.0009306774009019136,0.00016317320114467293,0.0010938505874946713
naval,dune_bayes,343,0.0014260675525292754,0.0002574902318883687,0.0016835577553138137
naval,dune_bayes,344,0.0009606858948245645,0.00011874134361278266,0.0010794271947816014
naval,dune_bayes,345,0.0010060289641842246,0.00013235466030891985,0.0011383836390450597
naval,dune_bayes,346,0.0009388140169903636,0.0001450696145184338,0.0010838836897164583
naval,dune_bayes,347,0.0009546125074848533,0.00011723166971933097,0.0010718441335484385
naval,dune_bayes,348,0.0009345524595119059,0.00014366266259457916,0.0010782150784507394
naval,dune_bayes,349,0.0009424519375897944,0.00016952432633843273,0.0011119762202724814
naval,dune_bayes,350,0.0009305346175096929,0.00014234488480724394,0.0010728795314207673
naval,dune_bayes,351,0.0007744020549580455,7.669434853596613e-05,0.0008510964107699692
naval,dune_bayes,352,0.001075263717211783,0.00015723687829449773,0.0012325006537139416
naval,dune_bayes,353,0.0009263646206818521,0.0001409805117873475,0.0010673451470211148
naval,dune_bayes,354,0.0009378853719681501,0.00011311282287351787,0.0010509982239454985
naval,dune_bayes,355,0.00083614990580827,0.00010208375897491351,0.0009382336866110563
naval,dune_bayes,356,0.0009188706753775477,0.00013852820848114789,0.0010573988547548652
naval,dune_bayes,357,0.0006286799907684326,4.910220013698563e-05,0.0006777821690775454
naval,dune_bayes,358,0.0009146733209490776,0.0001371774123981595,0.0010518507333472371
naval,dune_bayes,359,0.0009207836701534688,0.00010898902110056952,0.0010297726839780807
naval,dune_bayes,360,0.0009107376099564135,0.00013591193419415504,0.0010466495295986533
naval,dune_bayes,361,0.0009377294918522239,0.00016725988825783134,0.0011049893219023943
naval,dune_bayes,362,0.0007576611242257059,7.336386624956504e-05,0.0008310250123031437
naval,dune_bayes,363,0.0009370167390443385,0.00016691458586137742,0.0011039313394576311
naval,dune_bayes,364,0.0007517191115766764,7.219401595648378e-05,0.0008239131420850754
naval,dune_bayes,365,0.0008002297836355865,9.314420458395034e-05,0.0008933739736676216
naval,dune_bayes,366,0.000748515478335321,7.157026266213506e-05,0.0008200857555493712
naval,dune_bayes,367,0.0008994624367915094,0.00010394812125014141,0.0010034105507656932
naval,dune_bayes,368,0.0009930247906595469,0.00013354931434150785,0.00112657411955297
naval,dune_bayes,369,0.0007882452919147909,9.026567568071187e-05,0.0008785109966993332
naval,dune_bayes,370,0.000902217288967222,0.00010611705511109903,0.0010083343368023634
naval,dune_bayes,371,0.0009326880099251866,0.00016491406131535769,0.0010976020712405443
naval,dune_bayes,372,0.000931119779124856,0.00016417325241491199,0.001095293089747429
naval,dune_bayes,373,0.0008804602548480034,0.00010099259816342965,0.0009814528748393059
naval,dune_bayes,374,0.0011398002970963717,0.00016471886192448437,0.0013045191299170256
naval,dune_bayes,375,0.000729687511920929,6.795860826969147e-05,0.0007976461201906204
naval,dune_bayes,376,0.0008695477154105902,9.707497520139441e-05,0.0009666226687841117
naval,dune_bayes,377,0.0007265204330906272,6.73601680318825e-05,0.0007938806083984673
naval,dune_bayes,378,0.0008656776044517756,9.759115346241742e-05,0.0009632687433622777
naval,dune_bayes,379,0.0009289819281548262,0.00016314678941853344,0.0010921286884695292
naval,dune_bayes,380,0.0007241624407470226,6.691140151815489e-05,0.0007910738349892199
naval,dune_bayes,381,0.0009286644053645432,0.00016294785018544644,0.0010916122701019049
naval,dune_bayes,382,0.0007180948159657419,6.57765704090707e-05,0.0007838713936507702
naval,dune_bayes,383,0.0007384687778539956,7.878857286414132e-05,0.000817257328890264
naval,dune_bayes,384,0.000857474806252867,0.00011943178833462298,0.0009769066236913204
naval,dune_bayes,385,0.0007326581398956478,7.750761142233387e-05,0.0008101657731458545
naval,dune_bayes,386,0.0007272337097674608,7.631965854670852e-05,0.0008035533828660846
naval,dune_bayes,387,0.0006442620069719851,5.203312321100384e-05,0.0006962951156310737
naval,dune_bayes,388,0.0007092773448675871,6.414468225557357e-05,0.0007734220125712454
naval,dune_bayes,389,0.0007218784303404391,7.515530887758359e-05,0.0007970337173901498
naval,dune_bayes,390,0.00070643809158355,6.362350541166961e-05,0.00077006162609905
naval,dune_bayes,391,0.0010417961748316884,0.00013758627756033093,0.001179382437840104
naval,dune_bayes,392,0.000844791007693857,0.0001043658921844326,0.0009491568780504167
naval,dune_bayes,393,0.001009216532111168,0.00012913657701574266,0.001138353138230741
naval,dune_bayes,394,0.0008375865290872753,0.00010253063373966143,0.0009401171701028943
naval,dune_bayes,395,0.0009190183482132852,0.00013870387920178473,0.0010577222565189004
naval,dune_bayes,396,0.0009577900636941195,0.00011629574146354571,0.001074085826985538
naval,dune_bayes,397,0.0005990369245409966,4.454142617760226e-05,0.0006435783579945564
naval,dune_bayes,398,0.000912345596589148,0.0001069942009053193,0.0010193397756665945
naval,dune_bayes,399,0.0008071255870163441,9.49095847317949e-05,0.0009020351571962237
naval,dune_bayes,400,0.0009313678601756692,0.00016494665760546923,0.0010963145177811384
naval,dune_bayes,401,0.0009304342092946172,0.00016452553973067552,0.0010949597926810384
naval,dune_bayes,402,0.0010019547771662474,0.00013606924039777368,0.0011380240321159363
naval,dune_bayes,403,0.0007805440691299736,7.60037437430583e-05,0.0008565477910451591
naval,dune_bayes,404,0.0009146572556346655,0.00010912365542026237,0.0010237809037789702
naval,dune_bayes,405,0.0009915591217577457,0.00013319274876266718,0.001124751870520413
naval,dune_bayes,406,0.0008874291088432074,0.00012867990881204605,0.0010161090176552534
naval,dune_bayes,407,0.0009141805348917842,0.00010448258399264887,0.0010186631698161364
naval,dune_bayes,408,0.0008860738598741591,0.0001008601684588939,0.0009869340574368834
naval,dune_bayes,409,0.000777777808252722,8.785873069427907e-05,0.0008656365098431706
naval,dune_bayes,410,0.0007418430759571493,6.942302570678294e-05,0.0008112661307677627
naval,dune_bayes,411,0.0008660237654112279,9.63001002673991e-05,0.0009623238584026694
naval,dune_bayes,412,0.0009241157677024603,0.00016156853234861046,0.0010856842854991555
naval,dune_bayes,413,0.000713092100340873,6.404202576959506e-05,0.0007771341479383409
naval,dune_bayes,414,0.0007240805425681174,6.691280577797443e-05,0.0007909933337941766
naval,dune_bayes,415,0.0008632639655843377,9.705344564281404e-05,0.0009603174403309822
naval,dune_bayes,416,0.0009163052891381085,0.00011329077824484557,0.0010295960819348693
naval,dune_bayes,417,0.0008567911572754383,0.00011935606744373217,0.0009761472465470433
naval,dune_bayes,418,0.0008466864819638431,9.200343629345298e-05,0.0009386899182572961
naval,dune_bayes,419,0.0006222208612598479,4.808828089153394e-05,0.000670309120323509
naval,dune_bayes,420,0.000841841334477067,9.09438676899299e-05,0.0009327852167189121
naval,dune_bayes,421,0.0008357187616638839,9.088183287531137e-05,0.0009266005945391953
naval,dune_bayes,422,0.000889566435944289,0.00010662326531019062,0.000996189657598734
naval,dune_bayes,423,0.0007282652077265084,7.660396659048274e-05,0.0008048691670410335
naval,dune_bayes,424,0.0008286281954497099,8.932994387578219e-05,0.0009179581538774073
naval,dune_bayes,425,0.0008806154364719987,0.0001044435121002607,0.000985058955848217
naval,dune_bayes,426,0.0008385945693589747,0.00011398121569072828,0.0009525757632218301
naval,dune_bayes,427,0.0007011439302004874,6.266801938181743e-05,0.000763811927754432
naval,dune_bayes,428,0.0008089161128737032,8.50781798362732e-05,0.0008939942927099764
naval,dune_bayes,429,0.0009433230734430254,0.00011447454744484276,0.0010577975772321224
naval,dune_bayes,430,0.0009839122649282217,0.00012656179023906589,0.0011104741133749485
naval,dune_bayes,431,0.0014000721275806427,0.0002470289182383567,0.001647101016715169
naval,dune_bayes,432,0.0009286839631386101,0.00016441044863313437,0.0010930944699794054
naval,dune_bayes,433,0.0007619027164764702,7.423047645715997e-05,0.0008361332002095878
naval,dune_bayes,434,0.0007593089248985052,7.371219544438645e-05,0.0008330211276188493
naval,dune_bayes,435,0.0009266573470085859,0.00016351141675841063,0.0010901687201112509
naval,dune_bayes,436,0.0008100465638563037,9.56845105974935e-05,0.0009057310526259243
naval,dune_bayes,437,0.0009096567519009113,0.00010637076775310561,0.0010160275269299746
naval,dune_bayes,438,0.0008627842762507498,9.430565114598721e-05,0.0009570899419486523
naval,dune_bayes,439,0.000645589898340404,5.1798699132632464e-05,0.0006973886047489941
naval,dune_bayes,440,0.0008257377776317298,8.631517994217575e-05,0.0009120529284700751
naval,dune_bayes,441,0.0009115590946748853,0.00010840029426617548,0.0010199593380093575
naval,dune_bayes,442,0.0008872694452293217,0.00012875990069005638,0.0010160293895751238
naval,dune_bayes,443,0.000765592441894114,7.309445209102705e-05,0.0008386868867091835
naval,dune_bayes,444,0.0007397123845294118,6.989855319261551e-05,0.0008096109377220273
naval,dune_bayes,445,0.0008886497234925628,0.00010146306885872036,0.000990112777799368
naval,dune_bayes,446,0.0007800482562743127,8.845249249134213e-05,0.0008685007342137396
naval,dune_bayes,447,0.0008968382026068866,0.00010487563122296706,0.0010017137974500656
naval,dune_bayes,448,0.0007117073400877416,6.380627019098029e-05,0.0007755135884508491
naval,dune_bayes,449,0.0007032593130134046,6.226661935215816e-05,0.0007655259105376899
naval,dune_bayes,450,0.0008582085138186812,9.456381667405367e-05,0.0009527723304927349
naval,dune_bayes,451,0.0011267652735114098,0.000160835130373016,0.0012876003747805953
naval,dune_bayes,452,0.0007156878709793091,6.53561728540808e-05,0.0007810440147295594
naval,dune_bayes,453,0.0008526956080459058,0.00011825127876363695,0.0009709468577057123
naval,dune_bayes,454,0.0006270648445934057,4.887453906121664e-05,0.0006759393727406859
naval,dune_bayes,455,0.0005616109701804817,3.897716669598594e-05,0.0006005881587043405
naval,dune_bayes,456,0.0008295208681374788,8.828635327517986e-05,0.0009178072214126587
naval,dune_bayes,457,0.0008195472764782608,8.737036841921508e-05,0.0009069176157936454
naval,dune_bayes,458,0.0006166812381707132,4.759555304190144e-05,0.0006642767693847418
naval,dune_bayes,459,0.0008626736234873533,0.00010016156011261046,0.0009628351544961333
naval,dune_bayes,460,0.0005682437331415713,3.992682832176797e-05,0.0006081705796532333
naval,dune_bayes,461,0.0006175993476063013,4.77361936646048e-05,0.0006653355667367578
naval,dune_bayes,462,0.0008059536339715123,8.446488936897367e-05,0.0008904185378924012
naval,dune_bayes,463,0.0007034188602119684,7.131833990570158e-05,0.0007747372146695852
naval,dune_bayes,464,0.0006153187714517117,4.7375473513966426e-05,0.0006626942194998264
naval,dune_bayes,465,0.0006621277425438166,5.662964395014569e-05,0.0007187573937699199
naval,dune_bayes,466,0.0008298843167722225,0.00010071707947645336,0.0009306013816967607
naval,dune_bayes,467,0.0009241769439540803,0.00016296005924232304,0.0010871370323002338
naval,dune_bayes,468,0.000928830006159842,0.00011096485104644671,0.0010397948790341616
naval,dune_bayes,469,0.000906754401512444,0.00013504242815542966,0.0010417968733236194
naval,dune_bayes,470,0.00090233568334952,0.00013364473124966025,0.0010359804145991802
naval,dune_bayes,471,0.0007425849908031523,6.919028237462044e-05,0.0008117752731777728
naval,dune_bayes,472,0.0009405732853338122,0.00011552742216736078,0.001056100707501173
naval,dune_bayes,473,0.0005963966832496226,4.415211151354015e-05,0.0006405487656593323
naval,dune_bayes,474,0.0008164167520590127,8.43618981889449e-05,0.0009007786284200847
naval,dune_bayes,475,0.0008872715407051146,0.00012888226774521172,0.0010161538375541568
naval,dune_bayes,476,0.0008834162726998329,0.0001276824768865481,0.0010110987350344658
naval,dune_bayes,477,0.000809717399533838,8.294318831758574e-05,0.0008926605805754662
naval,dune_bayes,478,0.0007698589470237494,8.613063982920721e-05,0.000855989579576999
naval,dune_bayes,479,0.0007309729116968811,6.824181036790833e-05,0.0007992147002369165
naval,dune_bayes,480,0.0007277334225364029,6.762854900443926e-05,0.000795361993368715
naval,dune_bayes,481,0.0008796988986432552,0.00010086959082400426,0.0009805684676393867
naval,dune_bayes,482,0.0007530762231908739,8.226055069826543e-05,0.0008353367447853088
naval,dune_bayes,483,0.0010967791313305497,0.00015066692139953375,0.0012474460527300835
naval,dune_bayes,484,0.000698814052157104,6.148613465484232e-05,0.0007603002013638616
naval,dune_bayes,485,0.0007192716584540904,6.603406654903665e-05,0.0007853057468309999
naval,dune_bayes,486,0.0009228017297573388,0.000115025213744957,0.001037826994433999
naval,dune_bayes,487,0.0007163037080317736,6.54814502922818e-05,0.0007817851728759706
naval,dune_bayes,488,0.0008509610197506845,9.430489444639534e-05,0.0009452659287489951
naval,dune_bayes,489,0.0008520156261511147,0.00011817883932963014,0.0009701944654807448
naval,dune_bayes,490,0.0008436738280579448,9.267823043046519e-05,0.0009363520657643676
naval,dune_bayes,491,0.0006455285474658012,5.2283608965808526e-05,0.0006978121818974614
naval,dune_bayes,492,0.0008406140841543674,9.070134547073394e-05,0.0009313154150731862
naval,dune_bayes,493,0.0007260298589244485,7.622277917107567e-05,0.0008022526162676513
naval,dune_bayes,494,0.0008452541660517454,0.00011616050323937088,0.0009614146547392011
naval,dune_bayes,495,0.0009092470281757414,0.00015613908180966973,0.0010653861099854112
naval,dune_bayes,496,0.0007074340828694403,6.38432611594908e-05,0.0007712773513048887
naval,dune_bayes,497,0.0007198212551884353,7.488704432034865e-05,0.0007947083213366568
naval,dune_bayes,498,0.0007045622915029526,6.331736221909523e-05,0.0007678796537220478
naval,dune_bayes,499,0.0008314187871292233,0.00013031897833570838,0.0009617377654649317
naval,dune_bayes,500,0.0008268846431747079,8.773060835665092e-05,0.000914615229703486
naval,dune_bayes,501,0.0008166401530615985,8.676139259478077e-05,0.0009034015238285065
naval,dune_bayes,502,0.0008697890443727374,0.00010189494787482545,0.0009716839995235205
naval,dune_bayes,503,0.0006993630086071789,6.236588524188846e-05,0.0007617289084009826
naval,dune_bayes,504,0.0008609461947344244,9.979109017876908e-05,0.000960737292189151
naval,dune_bayes,505,0.0007045934326015413,7.161885150708258e-05,0.0007762123132124543
naval,dune_bayes,506,0.0008038691012188792,8.403248648392037e-05,0.000887901580426842
naval,dune_bayes,507,0.000699251948390156,7.049630221445113e-05,0.0007697482360526919
naval,dune_bayes,508,0.0008292797720059752,0.0001294334651902318,0.000958713237196207
naval,dune_bayes,509,0.000608913425821811,4.637931488105096e-05,0.0006552927661687136
naval,dune_bayes,510,0.0006592355784960091,5.6141136155929416e-05,0.0007153766928240657
naval,dune_bayes,511,0.0008442951366305351,9.587610111339018e-05,0.0009401712450198829
naval,dune_bayes,512,0.0006941503379493952,6.943012704141438e-05,0.0007635804358869791
naval,dune_bayes,513,0.0008285925723612309,0.00012914919352624565,0.0009577417513355613
naval,dune_bayes,514,0.0006890636286698282,6.837652472313493e-05,0.0007574401679448783
naval,dune_bayes,515,0.0009338947711512446,0.00011065560829592869,0.00104455032851547
naval,dune_bayes,516,0.001061189454048872,0.00015326448192354292,0.0012144539505243301
naval,dune_bayes,517,0.0008196107228286564,9.821520507102832e-05,0.0009178259060718119
naval,dune_bayes,518,0.0009178859181702137,0.00016069445700850338,0.0010785803897306323
naval,dune_bayes,519,0.0009195587481372058,0.00010875977750401944,0.0010283185401931405
naval,dune_bayes,520,0.0009533087140880525,0.00011875531345140189,0.0010720640420913696
naval,dune_bayes,521,0.0009031699737533927,0.00013401766773313284,0.0010371876414865255
naval,dune_bayes,522,0.0008067420567385852,9.503133333055303e-05,0.0009017733973450959
naval,dune_bayes,523,0.00075037672650069,7.199017272796482e-05,0.00082236691378057
naval,dune_bayes,524,0.0008948553586378694,0.00013139778457116336,0.001026253099553287
naval,dune_bayes,525,0.0009545081993564963,0.00011534912482602522,0.0010698572732508183
naval,dune_bayes,526,0.0007469359552487731,7.132135942811146e-05,0.0008182573365047574
naval,dune_bayes,527,0.0009035139228217304,0.00010495574679225683,0.0010084696114063263
naval,dune_bayes,528,0.0007891444838605821,9.075605339603499e-05,0.0008799005299806595
naval,dune_bayes,529,0.0009129256941378117,0.00015850627096369863,0.0010714319068938494
naval,dune_bayes,530,0.0007773858378641307,8.796338806860149e-05,0.0008653491968289018
naval,dune_bayes,531,0.0007348549552261829,6.899117579450831e-05,0.0008038461091928184
naval,dune_bayes,532,0.000882465043105185,0.0001000713964458555,0.000982536468654871
naval,dune_bayes,533,0.0008758117910474539,0.0001254554372280836,0.0010012672282755375
naval,dune_bayes,534,0.0009100866154767573,0.0001571664324728772,0.0010672530625015497
naval,dune_bayes,535,0.0009595422889105976,0.00012465337931644171,0.0010841956827789545
naval,dune_bayes,536,0.0007545051630586386,8.265398355433717e-05,0.0008371591684408486
naval,dune_bayes,537,0.0008635645499452949,0.00012174371659057215,0.0009853083174675703
naval,dune_bayes,538,0.000869154988322407,9.845803288044408e-05,0.0009676130139268935
naval,dune_bayes,539,0.000748409132938832,8.127544424496591e-05,0.0008296845480799675
naval,dune_bayes,540,0.0009068655781447887,0.00015579696628265083,0.00106266257353127
naval,dune_bayes,541,0.0008624615729786456,9.692183084553108e-05,0.0009593833819963038
naval,dune_bayes,542,0.0009311018511652946,0.00011719842586899176,0.0010483002988621593
naval,dune_bayes,543,0.000856101862154901,0.00011949976033065468,0.0009756016079336405
naval,dune_bayes,544,0.0008520442643202841,9.322430560132489e-05,0.0009452685480937362
naval,dune_bayes,545,0.001109044998884201,0.00015402617282234132,0.0012630712008103728
naval,dune_bayes,546,0.0008429201552644372,9.12139075808227e-05,0.0009341340628452599
naval,dune_bayes,547,0.0008283525821752846,0.00012960622552782297,0.0009579588077031076
naval,dune_bayes,548,0.0008345250971615314,9.066629718290642e-05,0.0009251913870684803
naval,dune_bayes,549,0.000721063232049346,7.521233055740595e-05,0.0007962755626067519
naval,dune_bayes,550,0.0008404384716413915,0.00011488195741549134,0.0009553204290568829
naval,dune_bayes,551,0.0008276583976112306,0.00012931862147524953,0.0009569770190864801
naval,dune_bayes,552,0.0007051123538985848,6.342865526676178e-05,0.0007685410091653466
naval,dune_bayes,553,0.0007160030072554946,7.411659316858277e-05,0.0007901195785962045
naval,dune_bayes,554,0.0010216347873210907,0.00013210026372689754,0.001153735094703734
naval,dune_bayes,555,0.0008205239428207278,8.761580102145672e-05,0.0009081397438421845
naval,dune_bayes,556,0.0008076750091277063,8.485561556881294e-05,0.0008925306028686464
naval,dune_bayes,557,0.0006609724368900061,5.6446006055921316e-05,0.0007174184429459274
naval,dune_bayes,558,0.0006951912655495107,6.969937385292724e-05,0.0007648906321264803
naval,dune_bayes,559,0.0007950802682898939,8.219357550842687e-05,0.0008772738510742784
naval,dune_bayes,560,0.0005525351734831929,3.7729027098976076e-05,0.0005902642151340842
naval,dune_bayes,561,0.0004998674266971648,3.149397161905654e-05,0.0005313613801263273
naval,dune_bayes,562,0.0008351191063411534,9.378007234772667e-05,0.0009288991568610072
naval,dune_bayes,563,0.0006852196529507637,6.763057899661362e-05,0.0007528502028435469
naval,dune_bayes,564,0.0008118409896269441,0.00010666662274161354,0.0009185076341964304
naval,dune_bayes,565,0.0007545200642198324,7.281162834260613e-05,0.0008273316780105233
naval,dune_bayes,566,0.0008093903306871653,9.574618889018893e-05,0.0009051365195773542
naval,dune_bayes,567,0.0009057801798917353,0.00010550682782195508,0.00101128697860986
naval,dune_bayes,568,0.0009346374426968396,0.00011410558363422751,0.001048743026331067
naval,dune_bayes,569,0.0010283348383381963,0.00014374233433045447,0.0011720771435648203
naval,dune_bayes,570,0.0007910605636425316,9.128880628850311e-05,0.00088234938448295
naval,dune_bayes,571,0.000887553091160953,0.00012921603047288954,0.0010167690925300121
naval,dune_bayes,572,0.0009086745558306575,0.00015716890629846603,0.0010658435057848692
naval,dune_bayes,573,0.0009113474516198039,0.00010841016774065793,0.0010197575902566314
naval,dune_bayes,574,0.000998500850982964,0.00013530066644307226,0.0011338015319779515
naval,dune_bayes,575,0.0009065651101991534,0.00015626540698576719,0.0010628305608406663
naval,dune_bayes,576,0.000568648218177259,4.005696973763406e-05,0.0006087052170187235
naval,dune_bayes,577,0.0009878517594188452,0.00013236174709163606,0.0011202135356143117
naval,dune_bayes,578,0.0007736978586763144,8.715716830920428e-05,0.0008608550415374339
naval,dune_bayes,579,0.0005775446770712733,4.135923518333584e-05,0.0006189038977026939
naval,dune_bayes,580,0.000879058032296598,9.93113499134779e-05,0.0009783693822100759
naval,dune_bayes,581,0.0009050165535882115,0.00015555063146166503,0.001060567214153707
naval,dune_bayes,582,0.0007292072405107319,6.792914791731164e-05,0.0007971363957040012
naval,dune_bayes,583,0.000724704354070127,6.625646346947178e-05,0.000790960795711726
naval,dune_bayes,584,0.0009586631204001606,0.00012446421897038817,0.0010831273393705487
naval,dune_bayes,585,0.0009484140900895,0.0001217556418851018,0.0010701697319746017
naval,dune_bayes,586,0.0008272304548881948,0.00012964308552909642,0.000956873525865376
naval,dune_bayes,587,0.000694907212164253,6.08104164712131e-05,0.0007557176286354661
naval,dune_bayes,588,0.0007169210002757609,6.562330963788554e-05,0.000782544317189604
naval,dune_bayes,589,0.0008596511906944215,9.63031270657666e-05,0.0009559543104842305
naval,dune_bayes,590,0.0009203283116221428,0.0001144806738011539,0.0010348090436309576
naval,dune_bayes,591,0.0008478928939439356,0.00011718648602254689,0.000965079409070313
naval,dune_bayes,592,0.0007108664722181857,6.450143700931221e-05,0.0007753678946755826
naval,dune_bayes,593,0.0008238041191361845,0.0001282893499592319,0.0009520934545435011
naval,dune_bayes,594,0.0010086005786433816,0.00012729893205687404,0.0011358994524925947
naval,dune_bayes,595,0.0008345071109943092,8.940151747083291e-05,0.0009239086066372693
naval,dune_bayes,596,0.0007026359089650214,6.298719381447881e-05,0.0007656231173314154
naval,dune_bayes,597,0.0008851680322550237,0.0001056896144291386,0.0009908576030284166
naval,dune_bayes,598,0.0006998414755798876,6.247852434171364e-05,0.0007623200071975589
naval,dune_bayes,599,0.0007557294447906315,7.163639384089038e-05,0.0008273658459074795
naval,dune_bayes,600,0.0008503096178174019,9.734457125887275e-05,0.0009476541890762746
naval,dune_bayes,601,0.000498260254971683,3.1296109227696434e-05,0.0005295563605614007
naval,dune_bayes,602,0.0006511788233183324,5.4776141041656956e-05,0.0007059549679979682
naval,dune_bayes,603,0.0006473690154962242,5.41314366273582e-05,0.0007015004521235824
naval,dune_bayes,604,0.0008074438665062189,0.00010555009794188663,0.0009129939717240632
naval,dune_bayes,605,0.0005592058878391981,3.864925747620873e-05,0.0005978551344014704
naval,dune_bayes,606,0.0008161421283148229,0.00012514815898612142,0.0009412902873009443
naval,dune_bayes,607,0.0007927278056740761,9.176640742225572e-05,0.0008844942203722894
naval,dune_bayes,608,0.0011100927367806435,0.00015452163643203676,0.0012646144023165107
naval,dune_bayes,609,0.0007422826602123678,7.04437552485615e-05,0.0008127264445647597
naval,dune_bayes,610,0.0008975560776889324,0.00010359310545027256,0.001001149183139205
naval,dune_bayes,611,0.0009244545944966376,0.00011161641305079684,0.0010360709857195616
naval,dune_bayes,612,0.0007870477274991572,9.039374708663672e-05,0.0008774414891377091
naval,dune_bayes,613,0.0008833872270770371,0.00012805360893253237,0.0010114408796653152
naval,dune_bayes,614,0.0008226784411817789,8.572394290240481e-05,0.0009084023768082261
naval,dune_bayes,615,0.0012267184210941195,0.00019088976841885597,0.0014176082331687212
naval,dune_bayes,616,0.0008873434271663427,0.00010122083040187135,0.000988564221188426
naval,dune_bayes,617,0.000909307855181396,0.00010793263209052384,0.0010172404581680894
naval,dune_bayes,618,0.0008757468312978745,0.00012568327656481415,0.0010014300933107734
naval,dune_bayes,619,0.0007326080813072622,6.859092536615208e-05,0.0008011989993974566
naval,dune_bayes,620,0.0007636765367351472,8.488840103382245e-05,0.0008485649595968425
naval,dune_bayes,621,0.0008677830919623375,0.00012325482384767383,0.0009910379303619266
naval,dune_bayes,622,0.0007269424968399107,6.751167529728264e-05,0.0007944541866891086
naval,dune_bayes,623,0.0008633027318865061,0.00012191365385660902,0.000985216349363327
naval,dune_bayes,624,0.0007523561944253743,8.228464866988361e-05,0.0008346408139914274
naval,dune_bayes,625,0.0006157139432616532,4.7063425881788135e-05,0.0006627773400396109
naval,dune_bayes,626,0.0007175775244832039,6.575653969775885e-05,0.000783334078732878
naval,dune_bayes,627,0.0008562775910831988,9.418885019840673e-05,0.0009504664340056479
naval,dune_bayes,628,0.0008642294560559094,9.736417996464297e-05,0.00096159364329651
naval,dune_bayes,629,0.0007414313731715083,7.981416274560615e-05,0.0008212455431930721
naval,dune_bayes,630,0.0007183818961493671,6.427287007682025e-05,0.0007826547371223569
naval,dune_bayes,631,0.0008575483807362616,9.583913924871013e-05,0.0009533875272609293
naval,dune_bayes,632,0.0008484474383294582,0.00011744770017685369,0.0009658951312303543
naval,dune_bayes,633,0.000667618412990123,5.6051074352581054e-05,0.0007236694800667465
naval,dune_bayes,634,0.0007115175831131637,6.463226600317284e-05,0.0007761498563922942
naval,dune_bayes,635,0.0007297477568499744,7.722582813585177e-05,0.000806973606813699
naval,dune_bayes,636,0.0007790790405124426,7.570419984403998e-05,0.0008547832258045673
naval,dune_bayes,637,0.0007085602264851332,6.408761692000553e-05,0.0007726478506810963
naval,dune_bayes,638,0.0008407324785366654,0.0001151745454990305,0.0009559070458635688
naval,dune_bayes,639,0.0007056092726998031,6.354635115712881e-05,0.0007691556238569319
naval,dune_bayes,640,0.0009011639631353319,0.00010968472633976489,0.0010108486749231815
naval,dune_bayes,641,0.0007191811455413699,7.491413271054626e-05,0.0007940952782519162
naval,dune_bayes,642,0.0011289453832432628,0.00015955894195940346,0.0012885043397545815
naval,dune_bayes,643,0.0008836531778797507,0.00010535677574807778,0.0009890099754557014
naval,dune_bayes,644,0.000822309753857553,8.679337770445272e-05,0.0009091031388379633
naval,dune_bayes,645,0.0007030284614302218,7.145417475840077e-05,0.0007744826143607497
naval,dune_bayes,646,0.0006081870524212718,4.630646071746014e-05,0.0006544935167767107
naval,dune_bayes,647,0.0006033938261680305,4.555865962174721e-05,0.0006489524967037141
naval,dune_bayes,648,0.0006874430109746754,6.819493137300014e-05,0.0007556379423476756
naval,dune_bayes,649,0.0008071169722825289,8.192235691240057e-05,0.0008890393073670566
naval,dune_bayes,650,0.0004972918541170657,3.1176583433989435e-05,0.000528468459378928
naval,dune_bayes,651,0.0006860452704131603,6.000967186992057e-05,0.0007460549240931869
naval,dune_bayes,652,0.0007893217261880636,8.10259225545451e-05,0.000870347663294524
naval,dune_bayes,653,0.0008324678055942059,9.32389302761294e-05,0.0009257067576982081
naval,dune_bayes,654,0.0006774318171665072,6.614470476051793e-05,0.0007435765000991523
naval,dune_bayes,655,0.0006452652742154896,5.378201967687346e-05,0.0006990472902543843
naval,dune_bayes,656,0.0007770235533826053,7.848664245102555e-05,0.0008555101812817156
naval,dune_bayes,657,0.000803496572189033,0.00010455027950229123,0.0009080468444153666
naval,dune_bayes,658,0.0008113489020615816,0.0001237785763805732,0.00093512749299407
naval,dune_bayes,659,0.0006778275710530579,5.855608469573781e-05,0.0007363836630247533
naval,dune_bayes,660,0.0008100695558823645,0.00012332202459219843,0.0009333915659226477
naval,dune_bayes,661,0.0008092903881333768,0.00012301931565161794,0.00093230971833691
naval,dune_bayes,662,0.0009005411411635578,0.00010430214024381712,0.0010048432741314173
naval,dune_bayes,663,0.0007397786248475313,6.99728261679411e-05,0.0008097514510154724
naval,dune_bayes,664,0.0009098813752643764,0.00010360630403738469,0.0010134876938536763
naval,dune_bayes,665,0.0008751353016123176,0.00012563765631057322,0.0010007729288190603
naval,dune_bayes,666,0.0007715820102021098,8.679574239067733e-05,0.0008583777816966176
naval,dune_bayes,667,0.001332804444245994,0.00022411173267755657,0.0015569161623716354
naval,dune_bayes,668,0.0007269774214364588,6.753531488357112e-05,0.0007945127435959876
naval,dune_bayes,669,0.0008739947224967182,9.818094986258075e-05,0.0009721756796352565
naval,dune_bayes,670,0.000891603238414973,0.00010373292752774432,0.0009953362168744206
naval,dune_bayes,671,0.0007594276685267687,8.39743297547102e-05,0.0008434019982814789
naval,dune_bayes,672,0.0008636636775918305,0.00012213169247843325,0.0009857953991740942
naval,dune_bayes,673,0.0008633385878056288,9.578039316693321e-05,0.0009591190028004348
naval,dune_bayes,674,0.0006869587814435363,5.943576979916543e-05,0.0007463945657946169
naval,dune_bayes,675,0.0007426181109622121,8.01498390501365e-05,0.0008227679645642638
naval,dune_bayes,676,0.0008164897444657981,0.0001263660378754139,0.000942855782341212
naval,dune_bayes,677,0.0005923386779613793,4.351672396296635e-05,0.0006358554237522185
naval,dune_bayes,678,0.0008435233030468225,9.138813766185194e-05,0.0009349114261567593
naval,dune_bayes,679,0.0007264703745022416,7.655609078938141e-05,0.0008030264871194959
naval,dune_bayes,680,0.0008401652448810637,0.00011513477511471137,0.0009552999981679022
naval,dune_bayes,681,0.0008402102976106107,9.197599138133228e-05,0.0009321862598881125
naval,dune_bayes,682,0.0008133689989335835,0.0001251152134500444,0.0009384842123836279
naval,dune_bayes,683,0.0007727911579422653,7.446893869200721e-05,0.0008472601184621453
naval,dune_bayes,684,0.0006434990209527314,5.199474617256783e-05,0.000695493770763278
naval,dune_bayes,685,0.001029224251396954,0.00013255210069473833,0.0011617763666436076
naval,dune_bayes,686,0.0008197274291887879,8.625270129414275e-05,0.0009059801232069731
naval,dune_bayes,687,0.0008066524169407785,8.468151645502076e-05,0.0008913339115679264
naval,dune_bayes,688,0.0006937904981896281,6.956770812394097e-05,0.0007633581990376115
naval,dune_bayes,689,0.0008176802075468004,0.0001086476695491001,0.0009263278916478157
naval,dune_bayes,690,0.0008102894062176347,8.425995474681258e-05,0.0008945493609644473
naval,dune_bayes,691,0.0007933916640467942,8.188713400159031e-05,0.0008752787834964693
naval,dune_bayes,692,0.0008079766994342208,0.00012298393994569778,0.0009309606393799186
naval,dune_bayes,693,0.0006735617644153535,6.541066250065342e-05,0.0007389724487438798
naval,dune_bayes,694,0.0008065752335824072,0.00012242567026987672,0.000929000903852284
naval,dune_bayes,695,0.0007742016459815204,7.792602991685271e-05,0.0008521276758983731
naval,dune_bayes,696,0.0008056752849370241,0.00012208023690618575,0.0009277554927393794
naval,dune_bayes,697,0.0006388804176822305,5.272289490676485e-05,0.0006916032871231437
naval,dune_bayes,698,0.0008148910128511488,8.928398892749101e-05,0.0009041749872267246
naval,dune_bayes,699,0.0008053562487475574,0.00012191895802970976,0.0009272752213291824
naval,dune_bayes,700,0.0006589888362213969,6.249579746508971e-05,0.0007214846555143595
naval,dune_bayes,701,0.0006701381062157452,5.722263813368045e-05,0.000727360718883574
naval,dune_bayes,702,0.0007559084915556014,7.424173963954672e-05,0.0008301502093672752
naval,dune_bayes,703,0.0008038083324208856,0.00012132035044487566,0.0009251286974176764
naval,dune_bayes,704,0.0008171715307980776,0.00012711857561953366,0.0009442900773137808
naval,dune_bayes,705,0.0007342178141698241,6.892013334436342e-05,0.0008031379547901452
naval,dune_bayes,706,0.0007419207249768078,6.868565105833113e-05,0.0008106064051389694
naval,dune_bayes,707,0.0009940753225237131,0.00013422586198430508,0.0011283011408522725
naval,dune_bayes,708,0.0007675713277421892,8.592417725594714e-05,0.0008534954977221787
naval,dune_bayes,709,0.0009547339868731797,0.00011414141772547737,0.0010688754264265299
naval,dune_bayes,710,0.0008143284358084202,0.00012602384958881885,0.0009403522708453238
naval,dune_bayes,711,0.0009412632207386196,0.00011211118544451892,0.001053374377079308
naval,dune_bayes,712,0.0008608437492512167,9.523188055027276e-05,0.0009560756152495742
naval,dune_bayes,713,0.0009463003952987492,0.0001213228824781254,0.0010676232632249594
naval,dune_bayes,714,0.0006681363447569311,5.617412170977332e-05,0.0007243104628287256
naval,dune_bayes,715,0.0008520324481651187,9.46336513152346e-05,0.0009466661140322685
naval,dune_bayes,716,0.0007219171966426075,7.562919199699536e-05,0.0007975464104674757
naval,dune_bayes,717,0.0006271462189033628,4.9348545871907845e-05,0.0006764947902411222
naval,dune_bayes,718,0.0007168820011429489,7.452697172993794e-05,0.0007914089947007596
naval,dune_bayes,719,0.0008324507507495582,0.00011299706966383383,0.0009454478276893497
naval,dune_bayes,720,0.0008084045257419348,0.00012362899724394083,0.0009320335229858756
naval,dune_bayes,721,0.0008309505064971745,8.866913412930444e-05,0.0009196196333505213
naval,dune_bayes,722,0.0008311424171552062,8.998876000987366e-05,0.0009211311698891222
naval,dune_bayes,723,0.0007663576398044825,7.322425517486408e-05,0.0008395818877033889
naval,dune_bayes,724,0.0008240158786065876,8.84337059687823e-05,0.0009124495554715395
naval,dune_bayes,725,0.0008905416470952332,0.00010712464427342638,0.0009976662695407867
naval,dune_bayes,726,0.0008253856794908643,0.00011094343062723055,0.0009363291319459677
naval,dune_bayes,727,0.0008061512489803135,0.0001228048058692366,0.0009289560839533806
naval,dune_bayes,728,0.0007728003547526896,7.44717035559006e-05,0.0008472720510326326
naval,dune_bayes,729,0.0006171417771838605,4.773780528921634e-05,0.0006648795679211617
naval,dune_bayes,730,0.0008215342531912029,0.00010984014807036147,0.0009313743794336915
naval,dune_bayes,731,0.000612782605458051,4.704978709924035e-05,0.0006598323816433549
naval,dune_bayes,732,0.0008107938920147717,8.557934779673815e-05,0.0008963732398115098
naval,dune_bayes,733,0.0008181315497495234,0.00010886727250181139,0.0009269987931475043
naval,dune_bayes,734,0.0009959690505638719,0.00012409070041030645,0.0011200597509741783
naval,dune_bayes,735,0.0008639050647616386,0.0001006613892968744,0.0009645664831623435
naval,dune_bayes,736,0.0006853386294096708,6.785826553823426e-05,0.0007531968876719475
naval,dune_bayes,737,0.0012233267771080136,0.00018767788424156606,0.0014110046904534101
naval,dune_bayes,738,0.0004949777503497899,3.0892304494045675e-05,0.0005258700693957508
naval,dune_bayes,739,0.0008015618659555912,0.00012093233817722648,0.0009224942186847329
naval,dune_bayes,740,0.0006761242402717471,5.827688437420875e-05,0.0007344011100940406
naval,dune_bayes,741,0.0005044762510806322,3.2086776627693325e-05,0.0005365630495361984
naval,dune_bayes,742,0.0006680006044916809,5.6861317716538906e-05,0.0007248619222082198
naval,dune_bayes,743,0.0007532444433309138,7.372681284323335e-05,0.0008269712561741471
naval,dune_bayes,744,0.000649919849820435,6.077443322283216e-05,0.0007106942939572036
naval,dune_bayes,745,0.0005400856607593596,3.5995377402286977e-05,0.0005760810454376042
naval,dune_bayes,746,0.0005002327379770577,3.154024307150394e-05,0.0005317729664966464
naval,dune_bayes,747,0.000908750866074115,0.00010787046630866826,0.0010166213614866138
naval,dune_bayes,748,0.0008676587603986263,0.00012359075481072068,0.000991249457001686
naval,dune_bayes,749,0.0008115852833725512,0.000125352424220182,0.000936937693040818
naval,dune_bayes,750,0.000727981561794877,6.775188376195729e-05,0.0007957334164530039
naval,dune_bayes,751,0.0007524955435656011,8.249968232121319e-05,0.0008349952404387295
naval,dune_bayes,752,0.0007191923796199262,6.609487172681838e-05,0.0007852872367948294
naval,dune_bayes,753,0.0008575845859013498,9.452293306821957e-05,0.0009521075407974422
naval,dune_bayes,754,0.0006720761302858591,5.6865072110667825e-05,0.0007289411732926965
naval,dune_bayes,755,0.000864005065523088,9.736684296512976e-05,0.0009613719303160906
naval,dune_bayes,756,0.0006636761827394366,5.542020153370686e-05,0.0007190963951870799
naval,dune_bayes,757,0.0007070011924952269,6.383795698639005e-05,0.0007708391640335321
naval,dune_bayes,758,0.0009263897081837058,0.0001161877007689327,0.001042577438056469
naval,dune_bayes,759,0.0008279091562144458,8.803016680758446e-05,0.0009159393375739455
naval,dune_bayes,760,0.0008023897535167634,0.00012175510346423835,0.000924144871532917
naval,dune_bayes,761,0.0006900684093125165,6.076296995161101e-05,0.0007508313865400851
naval,dune_bayes,762,0.0008139105048030615,8.504578727297485e-05,0.0008989563211798668
naval,dune_bayes,763,0.0007990456651896238,0.00012047017662553117,0.0009195158490911126
naval,dune_bayes,764,0.0006842942093499005,5.973376028123312e-05,0.0007440279587171972
naval,dune_bayes,765,0.0007983521209098399,0.00012019537825835869,0.0009185475064441562
naval,dune_bayes,766,0.0008459959062747657,9.646361286286265e-05,0.0009424595045857131
naval,dune_bayes,767,0.0006453541573137045,5.382187009672634e-05,0.0006991760456003249
naval,dune_bayes,768,0.0004930408322252333,3.0650917324237525e-05,0.0005236917641013861
naval,dune_bayes,769,0.0011922457488253713,0.00017940279212780297,0.0013716485118493438
naval,dune_bayes,770,0.0008131639915518463,8.895149221643806e-05,0.0009021154837682843
naval,dune_bayes,771,0.0006558186141774058,6.197304173838347e-05,0.0007177916704677045
naval,dune_bayes,772,0.0006514123524539173,6.110696995165199e-05,0.0007125193369574845
naval,dune_bayes,773,0.0007939118659123778,0.00011847043788293377,0.0009123823256231844
naval,dune_bayes,774,0.0007147596916183829,6.393432704498991e-05,0.0007786939968355
naval,dune_bayes,775,0.0005009529995732009,3.163892688462511e-05,0.0005325919482856989
naval,dune_bayes,776,0.0006237971829250455,5.025053542340174e-05,0.0006740477401763201
naval,dune_bayes,777,0.0007737387786619365,9.674697503214702e-05,0.0008704857318662107
naval,dune_bayes,778,0.000990995205938816,0.00013348108041100204,0.0011244763154536486
naval,dune_bayes,779,0.0008609880460426211,0.00012165342195658013,0.0009826414752751589
naval,dune_bayes,780,0.000891108822543174,0.00010368369839852676,0.0009947925573214889
naval,dune_bayes,781,0.0009808206232264638,0.0001306837802985683,0.0011115043889731169
naval,dune_bayes,782,0.0007545193657279015,8.302774222102016e-05,0.0008375471225008368
naval,dune_bayes,783,0.0008565914467908442,0.00012034325482090935,0.0009769346797838807
naval,dune_bayes,784,0.0008048054296523333,0.00012316042557358742,0.0009279658552259207
naval,dune_bayes,785,0.00097084284061566,0.0001279760035686195,0.0010988188441842794
naval,dune_bayes,786,0.0006799335242249072,5.7575747632654384e-05,0.000737509282771498
naval,dune_bayes,787,0.0008603127207607031,9.514086559647694e-05,0.0009554536081850529
naval,dune_bayes,788,0.0008489886531606317,0.00011806118709500879,0.0009670498548075557
naval,dune_bayes,789,0.0006522674229927361,5.3504561947193e-05,0.0007057719631120563
naval,dune_bayes,790,0.0007077362388372421,6.398333789547905e-05,0.0007717195549048483
naval,dune_bayes,791,0.0007046556565910578,6.341823609545827e-05,0.000768073892686516
naval,dune_bayes,792,0.0009254909818992019,0.0001159998428192921,0.0010414908174425364
naval,dune_bayes,793,0.0008333773585036397,0.00011346302926540375,0.0009468403877690434
naval,dune_bayes,794,0.0007017044117674232,6.287964060902596e-05,0.0007645840523764491
naval,dune_bayes,795,0.0008293372229672968,0.00011229854135308415,0.0009416357497684658
naval,dune_bayes,796,0.0007987767457962036,0.00012083101319149137,0.000919607758987695
naval,dune_bayes,797,0.0006987807573750615,6.234828470041975e-05,0.0007611290202476084
naval,dune_bayes,798,0.0005647385842166841,3.950930113205686e-05,0.0006042479071766138
naval,dune_bayes,799,0.0008973957155831158,0.00010889991972362623,0.0010062956716865301
naval,dune_bayes,800,0.0007041309727355838,7.1899572503753e-05,0.0007760305306874216
naval,dune_bayes,801,0.0008215359412133694,0.00011005921987816691,0.0009315951610915363
naval,dune_bayes,802,0.0007973457686603069,0.00012026476179016754,0.0009176105377264321
naval,dune_bayes,803,0.0007965831900946796,0.00011996199464192614,0.0009165451629087329
naval,dune_bayes,804,0.0006906851776875556,6.088355803512968e-05,0.0007515687611885369
naval,dune_bayes,805,0.0008141547441482544,0.00010795129492180422,0.000922106031794101
naval,dune_bayes,806,0.0008099101833067834,0.00010676663077902049,0.0009166768286377192
naval,dune_bayes,807,0.0007948562852106988,0.0001193067801068537,0.0009141630725935102
naval,dune_bayes,808,0.0006849369965493679,5.985740790492855e-05,0.0007447943789884448
naval,dune_bayes,809,0.0008626008057035506,0.00010041225323220715,0.0009630130371078849
naval,dune_bayes,810,0.00068325933534652,6.753288471372798e-05,0.0007507922127842903
naval,dune_bayes,811,0.0006821635761298239,5.936566958553158e-05,0.0007415292202495039
naval,dune_bayes,812,0.0008019421366043389,8.254895510617644e-05,0.0008844910771586001
naval,dune_bayes,813,0.0006724921404384077,6.53434544801712e-05,0.0007378355949185789
naval,dune_bayes,814,0.0006764967693015933,5.836726268171333e-05,0.0007348640356212854
naval,dune_bayes,815,0.000791504280641675,0.00011803771485574543,0.00090954196639359
naval,dune_bayes,816,0.0004941162769682705,3.0791092285653576e-05,0.0005249073728919029
naval,dune_bayes,817,0.0006737729418091476,5.789025453850627e-05,0.0007316631963476539
naval,dune_bayes,818,0.0007734160171821713,7.780360465403646e-05,0.000851219636388123
naval,dune_bayes,819,0.0008279295871034265,9.232943557435647e-05,0.0009202590445056558
naval,dune_bayes,820,0.0007919806521385908,0.00010176537034567446,0.0008937460370361805
naval,dune_bayes,821,0.0006320968386717141,5.161855006008409e-05,0.000683715392369777
naval,dune_bayes,822,0.0007611672626808286,7.53259300836362e-05,0.0008364932145923376
naval,dune_bayes,823,0.0008120607235468924,8.873603655956686e-05,0.0009007967310026288
naval,dune_bayes,824,0.0005047559388913214,3.2137864764081314e-05,0.0005368937854655087
naval,dune_bayes,825,0.0006663165404461324,5.658936788677238e-05,0.0007229059119708836
naval,dune_bayes,826,0.0007548420690000057,7.406545046251267e-05,0.0008289075340144336
naval,dune_bayes,827,0.0005035969661548734,3.198651029379107e-05,0.0005355834728106856
naval,dune_bayes,828,0.0006253622705116868,5.051103653386235e-05,0.0006758733070455492
naval,dune_bayes,829,0.0006423731683753431,5.9405963838798925e-05,0.000701779150404036
naval,dune_bayes,830,0.0007881497731432319,0.00011671753600239754,0.0009048673091456294
naval,dune_bayes,831,0.0006227731937542558,4.821992843062617e-05,0.0006709931185469031
naval,dune_bayes,832,0.0006583585636690259,5.5222739320015535e-05,0.0007135812775231898
naval,dune_bayes,833,0.0006182481301948428,4.9357666284777224e-05,0.0006676057819277048
naval,dune_bayes,834,0.0009706393466331065,0.0001279568241443485,0.0010985961416736245
naval,dune_bayes,835,0.000849566247779876,0.00011833573807962239,0.0009679020149633288
naval,dune_bayes,836,0.0007992155151441693,0.0001214146614074707,0.00092063017655164
naval,dune_bayes,837,0.0008736081072129309,9.961418254533783e-05,0.0009732223115861416
naval,dune_bayes,838,0.0007109043654054403,6.4581967308186e-05,0.0007754863472655416
naval,dune_bayes,839,0.0008668676600791514,9.805461741052568e-05,0.0009649222483858466
naval,dune_bayes,840,0.0007975659100338817,0.00012077169230906293,0.0009183376096189022
naval,dune_bayes,841,0.0006290660821832716,4.9698046495905146e-05,0.0006787641323171556
naval,dune_bayes,842,0.0009325335267931223,0.00011786064715124667,0.0010503941448405385
naval,dune_bayes,843,0.0007217107922770083,7.575479685328901e-05,0.0007974655600264668
naval,dune_bayes,844,0.0007957854541018605,0.00012009841884719208,0.000915883865673095
naval,dune_bayes,845,0.0006284102564677596,4.95889617013745e-05,0.0006779992254450917
naval,dune_bayes,846,0.0008453668560832739,9.31838876567781e-05,0.000938550743740052
naval,dune_bayes,847,0.0011984107550233603,0.00018197865574620664,0.0013803894398733974
naval,dune_bayes,848,0.0008322116336785257,8.89810617081821e-05,0.0009211926953867078
naval,dune_bayes,849,0.0009730114252306521,0.00011980967246927321,0.0010928211268037558
naval,dune_bayes,850,0.0006163612706586719,4.765861376654357e-05,0.0006640198989771307
naval,dune_bayes,851,0.0008308814722113311,8.997974509838969e-05,0.0009208612027578056
naval,dune_bayes,852,0.0007268235785886645,6.624747038586065e-05,0.0007930710562504828
naval,dune_bayes,853,0.0006935640121810138,6.14156379015185e-05,0.0007549796719104052
naval,dune_bayes,854,0.000700215226970613,7.112538150977343e-05,0.0007713406230323017
naval,dune_bayes,855,0.0008103522122837603,8.552943472750485e-05,0.0008958816761150956
naval,dune_bayes,856,0.0008083425345830619,8.389863069169223e-05,0.0008922411361709237
naval,dune_bayes,857,0.0008034331840462983,8.405807602684945e-05,0.0008874912746250629
naval,dune_bayes,858,0.000870459305588156,0.00010233346256427467,0.0009727927390486002
naval,dune_bayes,859,0.000684708240441978,6.788119935663417e-05,0.0007525894325226545
naval,dune_bayes,860,0.0006651734001934528,5.5005355534376577e-05,0.0007201787666417658
naval,dune_bayes,861,0.00079646788071841,8.25909010018222e-05,0.0008790587889961898
naval,dune_bayes,862,0.0005958009278401732,4.443717625690624e-05,0.0006402381113730371
naval,dune_bayes,863,0.00079053093213588,8.13425358501263e-05,0.0008718734607100487
naval,dune_bayes,864,0.0006742980913259089,6.575346196768805e-05,0.0007400515605695546
naval,dune_bayes,865,0.0007991854217834771,0.00010385549103375524,0.0009030409273691475
naval,dune_bayes,866,0.0007771921227686107,7.859021570766345e-05,0.000855782360304147
naval,dune_bayes,867,0.0006639005150645971,6.366513116518036e-05,0.0007275656680576503
naval,dune_bayes,868,0.0006688095163553953,5.7035631471080706e-05,0.0007258451660163701
naval,dune_bayes,869,0.0006338343373499811,5.191094896872528e-05,0.0006857452681288123
naval,dune_bayes,870,0.0008190273074433208,9.033214155351743e-05,0.0009093594271689653
naval,dune_bayes,871,0.0007849194807931781,0.00011598321725614369,0.0009009026689454913
naval,dune_bayes,872,0.0007585523999296129,7.481728243874386e-05,0.0008333696750923991
naval,dune_bayes,873,0.0007833820418454707,0.00011540044943103567,0.0008987825131043792
naval,dune_bayes,874,0.0006613802979700267,5.5749329476384446e-05,0.0007171296165324748
naval,dune_bayes,875,0.0007468365947715938,7.249203190440312e-05,0.0008193286485038698
naval,dune_bayes,876,0.0005077786045148969,3.2525116694159806e-05,0.0005403037066571414
naval,dune_bayes,877,0.0007406208314932883,7.127730350475758e-05,0.0008118981495499611
naval,dune_bayes,878,0.0005145686445757747,3.815691889030859e-05,0.0005527255707420409
naval,dune_bayes,879,0.0007820278406143188,0.00011487780284369364,0.0008969056652858853
naval,dune_bayes,880,0.0007784338667988777,8.141270518535748e-05,0.000859846593812108
naval,dune_bayes,881,0.0006534914718940854,5.440487075247802e-05,0.0007078963681124151
naval,dune_bayes,882,0.0005067879683338106,3.696789644891396e-05,0.0005437558866105974
naval,dune_bayes,883,0.0007804065244272351,0.00011427303979871795,0.0008946795715019107
naval,dune_bayes,884,0.0006500690942630172,6.824086449341848e-05,0.000718309951480478
naval,dune_bayes,885,0.0006933336262591183,6.0637175920419395e-05,0.0007539708167314529
naval,dune_bayes,886,0.0008601001463830471,9.512023098068312e-05,0.0009552203700877726
naval,dune_bayes,887,0.0007945491815917194,0.00012003294250462204,0.0009145821095444262
naval,dune_bayes,888,0.0006752715562470257,5.7455770729575306e-05,0.0007327273488044739
naval,dune_bayes,889,0.0008641758468002081,9.74605354713276e-05,0.0009616363677196205
naval,dune_bayes,890,0.0008379172068089247,0.00011501123663038015,0.0009529284434393048
naval,dune_bayes,891,0.000646202068310231,5.251662150840275e-05,0.0006987187080085278
naval,dune_bayes,892,0.0008564962772652507,9.571547707309946e-05,0.0009522117325104773
naval,dune_bayes,893,0.0006435501854866743,5.2074552513659e-05,0.0006956247380003333
naval,dune_bayes,894,0.0008391313022002578,9.049773507285863e-05,0.0009296290227212012
naval,dune_bayes,895,0.0007002221536822617,6.263046088861302e-05,0.0007628526072949171
naval,dune_bayes,896,0.000834763515740633,8.954328222898766e-05,0.0009243068052455783
naval,dune_bayes,897,0.0009219793137162924,0.00011518450628500432,0.001037163776345551
naval,dune_bayes,898,0.0007900910568423569,0.00011834673932753503,0.0009084377670660615
naval,dune_bayes,899,0.0008353462326340377,9.098027658183128e-05,0.0009263264946639538
naval,dune_bayes,900,0.0009129338432103395,0.00011287625238765031,0.0010258101392537355
naval,dune_bayes,901,0.0006942676263861358,6.155239680083469e-05,0.0007558200159110129
naval,dune_bayes,902,0.000814220926258713,0.00010818050213856623,0.0009224014356732368
naval,dune_bayes,903,0.0008871097816154361,0.00010642463894328102,0.0009935344569385052
naval,dune_bayes,904,0.0007864035433158278,0.00011697579611791298,0.0009033793467096984
naval,dune_bayes,905,0.0006864203023724258,6.828806363046169e-05,0.0007547083660028875
naval,dune_bayes,906,0.0008068775059655309,0.0001061004659277387,0.000912977964617312
naval,dune_bayes,907,0.0008695691940374672,0.0001021513671730645,0.0009717205539345741
naval,dune_bayes,908,0.0005943907308392227,4.423725476954132e-05,0.0006386279710568488
naval,dune_bayes,909,0.000679774209856987,5.896820584894158e-05,0.0007387424120679498
naval,dune_bayes,910,0.0006776280351914465,5.8585585065884516e-05,0.0007362136384472251
naval,dune_bayes,911,0.0006707189604640007,6.507735088234767e-05,0.0007357962895184755
naval,dune_bayes,912,0.0007831903640180826,0.00011576213728403673,0.0008989524794742465
naval,dune_bayes,913,0.0007918138289824128,8.048007293837145e-05,0.0008722938946448267
naval,dune_bayes,914,0.0007919088820926845,0.00010194267815677449,0.0008938515675254166
naval,dune_bayes,915,0.0008026994182728231,8.037970110308379e-05,0.0008830791339278221
naval,dune_bayes,916,0.0004938323399983346,3.0761420930502936e-05,0.0005245937500149012
naval,dune_bayes,917,0.000650429748930037,6.10536226304248e-05,0.0007114833570085466
naval,dune_bayes,918,0.0007735778344795108,9.697817586129531e-05,0.0008705559885129333
naval,dune_bayes,919,0.0006208416307345033,4.9790400225901976e-05,0.0006706320564262569
naval,dune_bayes,920,0.0006358312093652785,5.82361790293362e-05,0.0006940673920325935
naval,dune_bayes,921,0.0007696628454141319,9.593961294740438e-05,0.0008656024583615363
naval,dune_bayes,922,0.000785375596024096,8.293010614579543e-05,0.0008683056803420186
naval,dune_bayes,923,0.0005111502832733095,3.766585359699093e-05,0.0005488161114044487
naval,dune_bayes,924,0.0005089949117973447,3.267904321546666e-05,0.0005416739732027054
naval,dune_bayes,925,0.0007323672762140632,6.968907109694555e-05,0.0008020563400350511
naval,dune_bayes,926,0.0006101794424466789,4.8079371481435373e-05,0.0006582587957382202
naval,dune_bayes,927,0.0006532795378006995,5.320216223481111e-05,0.0007064816891215742
naval,dune_bayes,928,0.0007204225985333323,6.740965181961656e-05,0.0007878322503529489
naval,dune_bayes,929,0.0006038050632923841,4.706688559963368e-05,0.0006508719525299966
naval,dune_bayes,930,0.0009592888527549803,0.0001249929191544652,0.0010842818301171064
naval,dune_bayes,931,0.0008382676751352847,0.00011522003478603438,0.0009534877026453614
naval,dune_bayes,932,0.0007885825471021235,0.00011819792416645214,0.0009067804785445333
naval,dune_bayes,933,0.0009489895310252905,0.00012226444960106164,0.0010712540242820978
naval,dune_bayes,934,0.0008419916266575456,9.113150736084208e-05,0.0009331231121905148
naval,dune_bayes,935,0.0008301009074784815,0.00011284453648841009,0.0009429454221390188
naval,dune_bayes,936,0.0007003683131188154,6.267189746722579e-05,0.0007630402105860412
naval,dune_bayes,937,0.0008473789785057306,9.367366146761924e-05,0.0009410526254214346
naval,dune_bayes,938,0.0009300629026256502,0.00011730926053132862,0.001047372119501233
naval,dune_bayes,939,0.0008265248034149408,0.00011180022556800395,0.0009383250144310296
naval,dune_bayes,940,0.0009205910610035062,0.00011487618030514568,0.001035467255860567
naval,dune_bayes,941,0.0007088458514772356,7.307999476324767e-05,0.0007819258607923985
naval,dune_bayes,942,0.0008225617348216474,0.00011065850412705913,0.0009332202607765794
naval,dune_bayes,943,0.0006890543736517429,6.062643296900205e-05,0.0007496807957068086
naval,dune_bayes,944,0.0008174444665201008,8.584140596212819e-05,0.0009032858652062714
naval,dune_bayes,945,0.0006000837311148643,4.5130094804335386e-05,0.0006452138186432421
naval,dune_bayes,946,0.0008858932997100055,0.00010615972860250622,0.0009920530719682574
naval,dune_bayes,947,0.0007815685239620507,0.000115574111987371,0.0008971426286734641
naval,dune_bayes,948,0.0005961600691080093,4.452417852007784e-05,0.0006406842730939388
naval,dune_bayes,949,0.0008031376055441797,0.00010515721078263596,0.000908294809050858
naval,dune_bayes,950,0.0007117226487025619,6.346629379549995e-05,0.0007751889643259346
naval,dune_bayes,951,0.0008028533193282783,8.277579036075622e-05,0.0008856290951371193
naval,dune_bayes,952,0.0006774591165594757,6.649685383308679e-05,0.0007439559558406472
naval,dune_bayes,953,0.0007988537545315921,8.193971734726802e-05,0.000880793493706733
naval,dune_bayes,954,0.0006749353487975895,5.8127156080445275e-05,0.0007330625085160136
naval,dune_bayes,955,0.0007941649528220296,8.097176032606512e-05,0.0008751366985961795
naval,dune_bayes,956,0.0007793349213898182,7.905339589342475e-05,0.0008583883172832429
naval,dune_bayes,957,0.0006361026898957789,5.230635724728927e-05,0.0006884090253151953
naval,dune_bayes,958,0.0006563005736097693,6.225849938346073e-05,0.0007185590802691877
naval,dune_bayes,959,0.0007841800688765943,9.994045103667304e-05,0.000884120527189225
naval,dune_bayes,960,0.0004934464232064784,3.072182880714536e-05,0.0005241682520136237
naval,dune_bayes,961,0.0007661856361664832,7.637815724592656e-05,0.000842563807964325
naval,dune_bayes,962,0.0007666094461455941,7.326056220335886e-05,0.0008398700156249106
naval,dune_bayes,963,0.0004959993530064821,3.103408380411565e-05,0.0005270334659144282
naval,dune_bayes,964,0.0006618151674047112,5.584730388363823e-05,0.0007176624494604766
naval,dune_bayes,965,0.0006417198455892503,5.9412017435533926e-05,0.0007011318812146783
naval,dune_bayes,966,0.0008007984142750502,8.632287062937394e-05,0.0008871213067322969
naval,dune_bayes,967,0.0007422381895594299,7.161438406910747e-05,0.0008138525881804526
naval,dune_bayes,968,0.0007849415414966643,8.285747026093304e-05,0.0008677990408614278
naval,dune_bayes,969,0.0006117499433457851,4.833419370697811e-05,0.0006600841297768056
naval,dune_bayes,970,0.0007298513664864004,6.921824387973174e-05,0.0007990695885382593
naval,dune_bayes,971,0.0006505093188025057,6.845777534181252e-05,0.0007189671159721911
naval,dune_bayes,972,0.0006485559861175716,5.359482020139694e-05,0.0007021508063189685
naval,dune_bayes,973,0.0006081876927055418,4.7767833166290075e-05,0.0006559555185958743
naval,dune_bayes,974,0.000718549476005137,6.706234125886112e-05,0.0007856118027120829
naval,dune_bayes,975,0.0004972210736013949,3.558786556823179e-05,0.0005328089464455843
naval,dune_bayes,976,0.0006438762065954506,6.699203368043527e-05,0.0007108682184480131
naval,dune_bayes,977,0.0007697137189097703,0.00011115663801319897,0.0008808703860267997
naval,dune_bayes,978,0.0007266788743436337,6.61564918118529e-05,0.0007928353734314442
naval,dune_bayes,979,0.0005302570061758161,3.546976950019598e-05,0.000565726775676012
naval,dune_bayes,980,0.0004931390285491943,3.498545993352309e-05,0.0005281245103105903
naval,dune_bayes,981,0.0008440798264928162,9.160421177512035e-05,0.0009356840164400637
naval,dune_bayes,982,0.0009481892338953912,0.0001221004786202684,0.0010702897561714053
naval,dune_bayes,983,0.0007826765649951994,0.00011640533193713054,0.0008990818751044571
naval,dune_bayes,984,0.0009389381157234311,0.00011965734302066267,0.0010585954878479242
naval,dune_bayes,985,0.0007184312562458217,6.467760977102444e-05,0.0007831088732928038
naval,dune_bayes,986,0.0006296253413893282,4.982061727787368e-05,0.000679445976857096
naval,dune_bayes,987,0.0007053984445519745,7.239457772811875e-05,0.0007777930004522204
naval,dune_bayes,988,0.0005657436558976769,3.967848897445947e-05,0.0006054221303202212
naval,dune_bayes,989,0.0006948778755031526,7.015861774561927e-05,0.0007650365005247295
naval,dune_bayes,990,0.0006863245507702231,6.01535321038682e-05,0.0007464780937880278
naval,dune_bayes,991,0.0008174178656190634,8.709162648301572e-05,0.0009045095066539943
naval,dune_bayes,992,0.0008917541708797216,0.00010765816841740161,0.000999412382952869
naval,dune_bayes,993,0.0008910867036320269,9.930748637998477e-05,0.0009903941536322236
naval,dune_bayes,994,0.0008102484280243516,8.433108450844884e-05,0.0008945795125328004
naval,dune_bayes,995,0.0012045727344229817,0.00018199581245426089,0.0013865685323253274
naval,dune_bayes,996,0.0006789500475861132,6.685689004370943e-05,0.0007458069594576955
naval,dune_bayes,997,0.0010933129815384746,0.0001514389441581443,0.0012447519693523645
naval,dune_bayes,998,0.0005911210319027305,4.3765012378571555e-05,0.0006348860333673656
naval,dune_bayes,999,0.0006782727432437241,5.8723209804156795e-05,0.0007369959494099021
naval,dune_bayes,1000,0.0006755427457392216,5.824328400194645e-05,0.000733786029741168
naval,dune_bayes,1001,0.0008589226054027677,9.967808000510558e-05,0.0009586006635800004
naval,dune_bayes,1002,0.0007883060025051236,0.00010115454642800614,0.0008894605562090874
naval,dune_bayes,1003,0.0008411828312091529,9.551165567245334e-05,0.0009366945014335215
naval,dune_bayes,1004,0.0004964589606970549,3.110893885605037e-05,0.0005275679286569357
naval,dune_bayes,1005,0.0006671712617389858,5.678526940755546e-05,0.0007239565020427108
naval,dune_bayes,1006,0.0004938850761391222,3.078176450799219e-05,0.0005246668588370085
naval,dune_bayes,1007,0.0007645465084351599,7.605569408042356e-05,0.0008406022097915411
naval,dune_bayes,1008,0.0006481053424067795,6.0691814724123105e-05,0.000708797131665051
naval,dune_bayes,1009,0.0007770010270178318,9.809073526412249e-05,0.0008750917622819543
naval,dune_bayes,1010,0.0006231708684936166,5.0186175940325484e-05,0.0006733570480719209
naval,dune_bayes,1011,0.0007517068879678845,7.349329825956374e-05,0.0008252001716755331
naval,dune_bayes,1012,0.0006383454310707748,5.880689059267752e-05,0.0006971523398533463
naval,dune_bayes,1013,0.0007756951963528991,7.50125473132357e-05,0.00085070775821805
naval,dune_bayes,1014,0.0006542823393829167,5.457153747556731e-05,0.0007088538841344416
naval,dune_bayes,1015,0.0005098761175759137,3.752534757950343e-05,0.0005474014906212687
naval,dune_bayes,1016,0.0007335369591601193,6.993982242420316e-05,0.0008034767815843225
naval,dune_bayes,1017,0.0007586139254271984,9.321016841568053e-05,0.0008518240647390485
naval,dune_bayes,1018,0.0006490498781204224,5.3686821047449484e-05,0.0007027367246337235
naval,dune_bayes,1019,0.0007274447125382721,6.876984843984246e-05,0.0007962145609781146
naval,dune_bayes,1020,0.0005019290838390589,3.632128573372029e-05,0.000538250373210758
naval,dune_bayes,1021,0.0006469819345511496,6.77416319376789e-05,0.0007147235446609557
naval,dune_bayes,1022,0.0007656788802705705,0.00011014476331183687,0.0008758236654102802
naval,dune_bayes,1023,0.0005234057898633182,3.4566026442917064e-05,0.0005579718272201717
naval,dune_bayes,1024,0.0007684509619139135,7.935902976896614e-05,0.0008478100062347949
naval,dune_bayes,1025,0.0007649966864846647,0.00010988864960381761,0.0008748853579163551
naval,dune_bayes,1026,0.0005274373688735068,3.509948146529496e-05,0.0005625368794426322
naval,dune_bayes,1027,0.0006029122741892934,4.693985101766884e-05,0.0006498520961031318
naval,dune_bayes,1028,0.0004901402862742543,3.457166894804686e-05,0.0005247119697742164
naval,dune_bayes,1029,0.0006394875817932189,5.208516449783929e-05,0.0006915727281011641
naval,dune_bayes,1030,0.0007049228879623115,6.452291563618928e-05,0.0007694457890465856
naval,dune_bayes,1031,0.0004868785908911377,3.409026248846203e-05,0.000520968867931515
naval,dune_bayes,1032,0.0006345955771394074,6.501450116047636e-05,0.0006996101001277566
naval,dune_bayes,1033,0.0005851680180057883,4.6070072130532935e-05,0.0006312381010502577
naval,dune_bayes,1034,0.0006319158710539341,6.442501762649044e-05,0.0006963408668525517
naval,dune_bayes,1035,0.0008503958233632147,9.438433335162699e-05,0.0009447801858186722
naval,dune_bayes,1036,0.000938564829993993,0.00011960256961174309,0.0010581674287095666
naval,dune_bayes,1037,0.00081982696428895,0.00011007108696503565,0.0009298980585299432
naval,dune_bayes,1038,0.0007762042223475873,0.00011438568617450073,0.0008905899012461305
naval,dune_bayes,1039,0.0008356373873539269,9.109475649893284e-05,0.0009267321438528597
naval,dune_bayes,1040,0.0008219035807996988,8.808112033875659e-05,0.0009099846938624978
naval,dune_bayes,1041,0.0005696431617252529,4.0232556784758344e-05,0.0006098757148720324
naval,dune_bayes,1042,0.0005976867396384478,4.478579285205342e-05,0.0006424725288525224
naval,dune_bayes,1043,0.00081213703379035,8.474364585708827e-05,0.0008968806941993535
naval,dune_bayes,1044,0.0008915569633245468,0.00010763839236460626,0.0009991953847929835
naval,dune_bayes,1045,0.0007728188065811992,0.00011312519200146198,0.0008859439985826612
naval,dune_bayes,1046,0.0006130505935288966,4.6683249820489436e-05,0.0006597338360734284
naval,dune_bayes,1047,0.000675731513183564,6.624023080803454e-05,0.0007419717730954289
naval,dune_bayes,1048,0.0005908508319407701,4.3729323806473985e-05,0.0006345801521092653
naval,dune_bayes,1049,0.0007946326513774693,8.225808414863423e-05,0.0008768907282501459
naval,dune_bayes,1050,0.0007877650787122548,8.082578278845176e-05,0.0008685908396728337
naval,dune_bayes,1051,0.0007887665997259319,7.988715515239164e-05,0.0008686537621542811
naval,dune_bayes,1052,0.000784464122261852,0.00010020870104199275,0.0008846728014759719
naval,dune_bayes,1053,0.0007682000286877155,0.00011145915777888149,0.0008796592010185122
naval,dune_bayes,1054,0.0004896678728982806,3.0262106520240195e-05,0.0005199299775995314
naval,dune_bayes,1055,0.0007672854117117822,0.00011113239452242851,0.0008784178062342107
naval,dune_bayes,1056,0.0005784868262708187,4.151149551034905e-05,0.000619998318143189
naval,dune_bayes,1057,0.0006318808882497251,5.1621744205476716e-05,0.0006835026433691382
naval,dune_bayes,1058,0.0008236201829276979,9.150052937911823e-05,0.0009151207050308585
naval,dune_bayes,1059,0.0006453355308622122,6.01915962761268e-05,0.0007055271416902542
naval,dune_bayes,1060,0.0006353794597089291,5.827881977893412e-05,0.0006936582503840327
naval,dune_bayes,1061,0.0007659883704036474,9.524210327072069e-05,0.0008612304809503257
naval,dune_bayes,1062,0.00076416035881266,0.00010998023208230734,0.0008741405908949673
naval,dune_bayes,1063,0.00065488216932863,5.4682026529917493e-05,0.0007095641922205687
naval,dune_bayes,1064,0.0006138993776403368,4.869542317464948e-05,0.0006625948008149862
naval,dune_bayes,1065,0.0007624995778314769,0.00010937968909274787,0.00087187928147614
naval,dune_bayes,1066,0.000610913906712085,4.8215017159236595e-05,0.0006591289420612156
naval,dune_bayes,1067,0.0006471062661148608,6.783082062611356e-05,0.0007149371085688472
naval,dune_bayes,1068,0.0007747616618871689,8.073535718722269e-05,0.0008554970263503492
naval,dune_bayes,1069,0.0004988546716049314,3.5886339901480824e-05,0.000534741033334285
naval,dune_bayes,1070,0.0006439305143430829,6.712749018333852e-05,0.0007110580336302519
naval,dune_bayes,1071,0.0007600387325510383,0.00010849109821720049,0.0008685298380441964
naval,dune_bayes,1072,0.0006346033769659698,6.507621583295986e-05,0.0006996796000748873
naval,dune_bayes,1073,0.0007579208468087018,0.00010771263623610139,0.0008656334830448031
naval,dune_bayes,1074,0.0007569451699964702,0.00010737138654803857,0.0008643165347166359
naval,dune_bayes,1075,0.000766857760027051,7.383065531030297e-05,0.0008406884153373539
naval,dune_bayes,1076,0.0005872800247743726,4.4519656512420624e-05,0.0006317996885627508
naval,dune_bayes,1077,0.0006253551109693944,6.307694275164977e-05,0.0006884320755489171
naval,dune_bayes,1078,0.0006378506659530103,5.118088665767573e-05,0.0006890315562486649
naval,dune_bayes,1079,0.0006937163998372853,6.149802356958389e-05,0.0007552144234068692
naval,dune_bayes,1080,0.0008403204847127199,9.215312456944957e-05,0.0009324736311100423
naval,dune_bayes,1081,0.0010634672362357378,0.0001425979717168957,0.001206065178848803
naval,dune_bayes,1082,0.0008338303887285292,9.070876694750041e-05,0.0009245391702279449
naval,dune_bayes,1083,0.0007708785706199706,0.00011278886813670397,0.0008836674387566745
naval,dune_bayes,1084,0.0006070300587452948,4.6247299906099215e-05,0.0006532773841172457
naval,dune_bayes,1085,0.0008999878191389143,0.00010977314377669245,0.0010097610065713525
naval,dune_bayes,1086,0.0008048100280575454,0.000105910818092525,0.0009107208461500704
naval,dune_bayes,1087,0.0007687222678214312,0.00011202810856048018,0.0008807503618299961
naval,dune_bayes,1088,0.0006269650184549391,4.8962203436531126e-05,0.000675927207339555
naval,dune_bayes,1089,0.0006819033878855407,5.9387788496678695e-05,0.0007412911509163678
naval,dune_bayes,1090,0.0006826113676652312,6.771022162865847e-05,0.0007503216038458049
naval,dune_bayes,1091,0.0008048817398957908,8.323101792484522e-05,0.000888112757820636
naval,dune_bayes,1092,0.0008251883555203676,8.504870493197814e-05,0.0009102370822802186
naval,dune_bayes,1093,0.0007792994729243219,7.90862541180104e-05,0.0008583856979385018
naval,dune_bayes,1094,0.0006565136718563735,6.24362874077633e-05,0.0007189499447122216
naval,dune_bayes,1095,0.0007636339869350195,0.00011016325152013451,0.0008737972239032388
naval,dune_bayes,1096,0.0007724756724201143,7.769186049699783e-05,0.0008501675329171121
naval,dune_bayes,1097,0.0008556596003472805,9.237114136340097e-05,0.0009480307344347239
naval,dune_bayes,1098,0.0006628845003433526,5.606395279755816e-05,0.0007189484313130379
naval,dune_bayes,1099,0.0007771640666760504,7.754078978905454e-05,0.0008547048782929778
naval,dune_bayes,1100,0.0007659392431378365,7.636702503077686e-05,0.0008423062972724438
naval,dune_bayes,1101,0.0006465627229772508,6.047641727491282e-05,0.0007070391438901424
naval,dune_bayes,1102,0.0006261607632040977,5.068811879027635e-05,0.0006768488674424589
naval,dune_bayes,1103,0.000641258608084172,5.945671728113666e-05,0.0007007153471931815
naval,dune_bayes,1104,0.0007612868794240057,0.00010930566349998116,0.0008705925429239869
naval,dune_bayes,1105,0.0006224650423973799,5.008569496567361e-05,0.0006725507555529475
naval,dune_bayes,1106,0.0008144964231178164,8.946695015765727e-05,0.0009039633441716433
naval,dune_bayes,1107,0.0005533047951757908,3.7890320527367294e-05,0.0005911951302550733
naval,dune_bayes,1108,0.0007473682635463774,7.266063767019659e-05,0.0008200288866646588
naval,dune_bayes,1109,0.0008062461856752634,8.761982462601736e-05,0.0008938660030253232
naval,dune_bayes,1110,0.0007901680655777454,8.407626592088491e-05,0.0008742443169467151
naval,dune_bayes,1111,0.0005042583798058331,3.672302045742981e-05,0.000540981418453157
naval,dune_bayes,1112,0.0006437772535718977,6.715954805258662e-05,0.0007109367870725691
naval,dune_bayes,1113,0.0006449153879657388,5.3011484851595014e-05,0.0006979268509894609
naval,dune_bayes,1114,0.0007177460356615484,6.69427536195144e-05,0.000784688803832978
naval,dune_bayes,1115,0.0006344455759972334,6.510798266390339e-05,0.0006995535804890096
naval,dune_bayes,1116,0.0006372883217409253,5.174331818125211e-05,0.0006890316144563258
naval,dune_bayes,1117,0.000753022322896868,0.00010634990030666813,0.0008593722013756633
naval,dune_bayes,1118,0.0006257331115193665,6.321076216408983e-05,0.0006889438955113292
naval,dune_bayes,1119,0.0005538160912692547,3.870611544698477e-05,0.0005925222067162395
naval,dune_bayes,1120,0.0004734962712973356,3.22256310028024e-05,0.0005057218950241804
naval,dune_bayes,1121,0.0006833387305960059,6.0609530919464305e-05,0.0007439482724294066
naval,dune_bayes,1122,0.0006194428424350917,6.187119288370013e-05,0.0006813140353187919
naval,dune_bayes,1123,0.0008312330464832485,9.015793330036104e-05,0.000921390950679779
naval,dune_bayes,1124,0.0008094219956547022,0.00010730367648648098,0.0009167256648652256
naval,dune_bayes,1125,0.0007660844130441546,0.00011141664435854182,0.0008775010355748236
naval,dune_bayes,1126,0.000602140964474529,4.549779987428337e-05,0.0006476387497968972
naval,dune_bayes,1127,0.0007655313238501549,0.00011119274131488055,0.0008767240797169507
naval,dune_bayes,1128,0.0006010400247760117,4.532489037956111e-05,0.0006463649333454669
naval,dune_bayes,1129,0.0007642153650522232,0.00011074807116528973,0.0008749634143896401
naval,dune_bayes,1130,0.0006797945243306458,5.9024765505455434e-05,0.0007388193043880165
naval,dune_bayes,1131,0.0005887638544663787,4.3445044866530225e-05,0.0006322088884189725
naval,dune_bayes,1132,0.0008809088612906635,0.00010509178537176922,0.000986000639386475
naval,dune_bayes,1133,0.0007935282192192972,0.0001028667829814367,0.0008963950094766915
naval,dune_bayes,1134,0.0007894205627962947,0.00010173924965783954,0.0008911598124541342
naval,dune_bayes,1135,0.0007860526093281806,0.00010080591164296493,0.0008868584991432726
naval,dune_bayes,1136,0.0005903469282202423,4.324264591559768e-05,0.0006335895741358399
naval,dune_bayes,1137,0.0006585182272829115,6.28724301350303e-05,0.0007213906501419842
naval,dune_bayes,1138,0.0007699565612711012,7.719616405665874e-05,0.00084715272532776
naval,dune_bayes,1139,0.0007740762666799128,9.757479710970074e-05,0.0008716510492376983
naval,dune_bayes,1140,0.0006607954273931682,5.571466317633167e-05,0.0007165101123973727
naval,dune_bayes,1141,0.0007750099175609648,7.71156046539545e-05,0.0008521255222149193
naval,dune_bayes,1142,0.0007642646669410169,7.60374023229815e-05,0.0008403020910918713
naval,dune_bayes,1143,0.0006426413310691714,5.97682774241548e-05,0.0007024095975793898
naval,dune_bayes,1144,0.0007576934876851737,7.472069410141557e-05,0.0008324141963385046
naval,dune_bayes,1145,0.0006553811253979802,5.478974708239548e-05,0.0007101708906702697
naval,dune_bayes,1146,0.0007552754832431674,0.0001075529507943429,0.0008628284558653831
naval,dune_bayes,1147,0.00065272965002805,5.4340078349923715e-05,0.000707069702912122
naval,dune_bayes,1148,0.0007454968872480094,7.230148912640288e-05,0.0008177983690984547
naval,dune_bayes,1149,0.0005094216903671622,3.7538204196607694e-05,0.0005469598690979183
naval,dune_bayes,1150,0.0005202936008572578,3.418312917347066e-05,0.0005544767482206225
naval,dune_bayes,1151,0.0007973198662512004,8.567377517465502e-05,0.0008829936268739402
naval,dune_bayes,1152,0.0005013275658711791,3.631096114986576e-05,0.0005376385524868965
naval,dune_bayes,1153,0.0005184570327401161,3.392959843040444e-05,0.0005523866275325418
naval,dune_bayes,1154,0.0006066794157959521,4.755580812343396e-05,0.0006542352493852377
naval,dune_bayes,1155,0.0007266844622790813,6.865887553431094e-05,0.0007953433087095618
naval,dune_bayes,1156,0.0004974316689185798,3.572763307602145e-05,0.0005331592983566225
naval,dune_bayes,1157,0.0005318404291756451,3.571337947505526e-05,0.000567553797736764
naval,dune_bayes,1158,0.000734898669179529,6.726243009325117e-05,0.0008021611138246953
naval,dune_bayes,1159,0.0005290864501148462,3.5341796319698915e-05,0.0005644282209686935
naval,dune_bayes,1160,0.000640262383967638,5.224476626608521e-05,0.000692507135681808
naval,dune_bayes,1161,0.0006345561123453081,6.519226735690609e-05,0.000699748401530087
naval,dune_bayes,1162,0.0005482084816321731,3.795433076447807e-05,0.0005861627869307995
naval,dune_bayes,1163,0.000709374959114939,6.538557499879971e-05,0.0007747605559416115
naval,dune_bayes,1164,0.0007580725941807032,7.72605199017562e-05,0.0008353331359103322
naval,dune_bayes,1165,0.0008971657953225076,0.00010051468416349962,0.0009976804722100496
naval,dune_bayes,1166,0.0006351194460876286,5.139444692758843e-05,0.0006865139002911747
naval,dune_bayes,1167,0.0005520721897482872,3.848115375149064e-05,0.0005905533325858414
naval,dune_bayes,1168,0.0006326430011540651,5.098748442833312e-05,0.0006836304673925042
naval,dune_bayes,1169,0.0006982774357311428,6.332818156806752e-05,0.0007616056245751679
naval,dune_bayes,1170,0.000692542118486017,6.228075653780252e-05,0.0007548228604719043
naval,dune_bayes,1171,0.00047487462870776653,3.243997343815863e-05,0.0005073145730420947
naval,dune_bayes,1172,0.0006222428637556732,6.253038736758754e-05,0.0006847732583992183
naval,dune_bayes,1173,0.000686615938320756,6.120914622442797e-05,0.0007478250772692263
naval,dune_bayes,1174,0.0005625712219625711,3.994542930740863e-05,0.0006025166367180645
naval,dune_bayes,1175,0.0006166140083223581,6.132831913419068e-05,0.0006779422983527184
naval,dune_bayes,1176,0.0006058875587768853,4.608825111063197e-05,0.0006519758026115596
naval,dune_bayes,1177,0.0005930400802753866,4.411023110151291e-05,0.0006371503113768995
naval,dune_bayes,1178,0.000809415359981358,8.42047156766057e-05,0.0008936200756579638
naval,dune_bayes,1179,0.000798183202277869,0.00010424655192764476,0.0009024297469295561
naval,dune_bayes,1180,0.0010289644123986363,0.00013344331819098443,0.001162407686933875
naval,dune_bayes,1181,0.0008889742894098163,0.00010712466610129923,0.0009960989700630307
naval,dune_bayes,1182,0.0007939457427710295,0.00010307616321370006,0.0008970219059847295
naval,dune_bayes,1183,0.0008805030374787748,0.00010502969234948978,0.0009855327662080526
naval,dune_bayes,1184,0.0006663105450570583,5.6677763495827094e-05,0.0007229883340187371
naval,dune_bayes,1185,0.0007785055786371231,9.885321196634322e-05,0.0008773587760515511
naval,dune_bayes,1186,0.000585481058806181,4.2941843275912106e-05,0.0006284228875301778
naval,dune_bayes,1187,0.0007749603828415275,7.822339830454439e-05,0.0008531837956979871
naval,dune_bayes,1188,0.0008441715035587549,9.634908201405779e-05,0.0009405206074006855
naval,dune_bayes,1189,0.0007751049706712365,9.792654600460082e-05,0.0008730315021239221
naval,dune_bayes,1190,0.0008354252204298973,9.431442595086992e-05,0.0009297396754845977
naval,dune_bayes,1191,0.0007618457893840969,7.55667279008776e-05,0.0008374125463888049
naval,dune_bayes,1192,0.0006396966055035591,5.924046490690671e-05,0.0006989370449446142
naval,dune_bayes,1193,0.0009640748030506074,0.00011624903709162027,0.0010803238255903125
naval,dune_bayes,1194,0.0007552225724793971,7.424380601150915e-05,0.0008294663857668638
naval,dune_bayes,1195,0.0011659833835437894,0.000171378516824916,0.001337361871264875
naval,dune_bayes,1196,0.00075955392094329,9.380001574754715e-05,0.0008533539366908371
naval,dune_bayes,1197,0.000615086464677006,4.890471609542146e-05,0.0006639912026003003
naval,dune_bayes,1198,0.0008028319571167231,8.692914707353339e-05,0.0008897610823623836
naval,dune_bayes,1199,0.0005339563940651715,3.5235156246926636e-05,0.0005691915284842253
naval,dune_bayes,1200,0.0007311567896977067,6.952394323889166e-05,0.0008006807183846831
naval,dune_bayes,1201,0.0004950930597260594,3.540303077897988e-05,0.0005304960650391877
naval,dune_bayes,1202,0.000635322357993573,6.540971662616357e-05,0.0007007320527918637
naval,dune_bayes,1203,0.000531837111338973,3.571409615688026e-05,0.0005675512365996838
naval,dune_bayes,1204,0.0007569525623694062,7.705566531512886e-05,0.0008340082131326199
naval,dune_bayes,1205,0.0007016787421889603,6.396579556167126e-05,0.0007656445377506316
naval,dune_bayes,1206,0.0005407046992331743,3.6911813367623836e-05,0.0005776165053248405
naval,dune_bayes,1207,0.0006306812283582985,5.067472011432983e-05,0.0006813559448346496
naval,dune_bayes,1208,0.0006959112361073494,6.29067508270964e-05,0.000758818001486361
naval,dune_bayes,1209,0.0005812642630189657,4.362047911854461e-05,0.0006248847348615527
naval,dune_bayes,1210,0.0005760795902460814,4.46779522462748e-05,0.0006207575206644833
naval,dune_bayes,1211,0.0005779576022177935,4.3120962800458074e-05,0.0006210785359144211
naval,dune_bayes,1212,0.0004646818561013788,3.10371360683348e-05,0.000495718966703862
naval,dune_bayes,1213,0.0005746462265960872,4.262382208253257e-05,0.0006172700668685138
naval,dune_bayes,1214,0.0007397999870590866,0.00010247119644191116,0.000842271198052913
naval,dune_bayes,1215,0.0008892387850210071,0.00010721763101173565,0.0009964563651010394
naval,dune_bayes,1216,0.0007905790698714554,0.00010224296420346946,0.0008928220486268401
naval,dune_bayes,1217,0.0006720559322275221,5.7690154790179804e-05,0.0007297460688278079
naval,dune_bayes,1218,0.0007535431068390608,0.00010760973236756399,0.0008611528319306672
naval,dune_bayes,1219,0.0005832000751979649,4.262599759385921e-05,0.0006258260691538453
naval,dune_bayes,1220,0.000792709004599601,8.074132347246632e-05,0.0008734503062441945
naval,dune_bayes,1221,0.0008701245533302426,0.00010255492816213518,0.0009726794669404626
naval,dune_bayes,1222,0.0008620013250038028,0.00010058852058136836,0.000962589867413044
naval,dune_bayes,1223,0.0007515648612752557,0.00010692088108044118,0.0008584857569076121
naval,dune_bayes,1224,0.0007794147823005915,7.915211608633399e-05,0.0008585668983869255
naval,dune_bayes,1225,0.0007502906955778599,0.0001064977768692188,0.0008567884797230363
naval,dune_bayes,1226,0.0005821528611704707,4.2069554183399305e-05,0.0006242223898880184
naval,dune_bayes,1227,0.0004856731102336198,2.978429438371677e-05,0.0005154574173502624
naval,dune_bayes,1228,0.0007783477194607258,7.781544991303235e-05,0.0008561631548218429
naval,dune_bayes,1229,0.0008437068318016827,9.627353574614972e-05,0.0009399803820997477
naval,dune_bayes,1230,0.000835463753901422,9.434720413992181e-05,0.0009298109798692167
naval,dune_bayes,1231,0.0008176078554242849,9.027103806147352e-05,0.0009078789153136313
naval,dune_bayes,1232,0.0007598412921652198,9.397093526786193e-05,0.0008538122056052089
naval,dune_bayes,1233,0.0008100142586044967,8.855463966028765e-05,0.0008985688909888268
naval,dune_bayes,1234,0.0007462253561243415,0.00010504761303309351,0.0008512729546055198
naval,dune_bayes,1235,0.0006485683843493462,5.365529068512842e-05,0.0007022236823104322
naval,dune_bayes,1236,0.000644994608592242,6.761219265172258e-05,0.0007126068230718374
naval,dune_bayes,1237,0.0011210122611373663,0.00015865288150962442,0.001279665157198906
naval,dune_bayes,1238,0.0006095991120673716,4.80328053527046e-05,0.0006576318992301822
naval,dune_bayes,1239,0.0006414949893951416,6.683791434625164e-05,0.0007083329255692661
naval,dune_bayes,1240,0.0006383166182786226,6.613798905164003e-05,0.0007044546073302627
naval,dune_bayes,1241,0.000634881726000458,6.538638263009489e-05,0.0007002680795267224
naval,dune_bayes,1242,0.000716483686119318,6.674336327705532e-05,0.0007832270348444581
naval,dune_bayes,1243,0.0004884267109446228,3.4445838537067175e-05,0.0005228725494816899
naval,dune_bayes,1244,0.0007113224128261209,6.576798477908596e-05,0.000777090375777334
naval,dune_bayes,1245,0.0004844915820285678,3.3870797778945416e-05,0.0005183623870834708
naval,dune_bayes,1246,0.0007410062826238573,0.00010323152673663571,0.0008442378020845354
naval,dune_bayes,1247,0.0006330389878712595,5.107398101245053e-05,0.000684112950693816
naval,dune_bayes,1248,0.000705231970641762,6.463471800088882e-05,0.0007698666886426508
naval,dune_bayes,1249,0.0007296389667317271,6.628362461924553e-05,0.0007959225913509727
naval,dune_bayes,1250,0.0007408709498122334,7.376728171948344e-05,0.0008146382169798017
naval,dune_bayes,1251,0.0006163516081869602,6.139183096820489e-05,0.000677743460983038
naval,dune_bayes,1252,0.0005728554679080844,4.2360126826679334e-05,0.0006152155692689121
naval,dune_bayes,1253,0.0005917712696827948,4.422121855895966e-05,0.0006359925027936697
naval,dune_bayes,1254,0.0005282402853481472,3.6379504308570176e-05,0.0005646197823807597
naval,dune_bayes,1255,0.0006041120504960418,5.883441190235317e-05,0.0006629464915022254
naval,dune_bayes,1256,0.0006727880099788308,5.782744483440183e-05,0.0007306154584512115
naval,dune_bayes,1257,0.0008039678796194494,8.430783782387152e-05,0.0008882757392711937
naval,dune_bayes,1258,0.0006688844878226519,6.510039384011179e-05,0.0007339848671108484
naval,dune_bayes,1259,0.0005845039850100875,4.283197267795913e-05,0.0006273359758779407
naval,dune_bayes,1260,0.0006700156372971833,5.734389924327843e-05,0.0007273595547303557
naval,dune_bayes,1261,0.0007835342548787594,0.00010040010238299146,0.0008839343790896237
naval,dune_bayes,1262,0.0007896883762441576,8.013597107492387e-05,0.000869824318215251
naval,dune_bayes,1263,0.00079073675442487,8.151468500727788e-05,0.0008722514612600207
naval,dune_bayes,1264,0.0006585579831153154,6.302713882178068e-05,0.0007215851219370961
naval,dune_bayes,1265,0.0007477850886061788,0.0001059420537785627,0.0008537271642126143
naval,dune_bayes,1266,0.0007757380953989923,9.828354086494073e-05,0.0008740216144360602
naval,dune_bayes,1267,0.0006487356149591506,6.108111119829118e-05,0.0007098166970536113
naval,dune_bayes,1268,0.0006593054276891053,5.5491243983851746e-05,0.000714796653483063
naval,dune_bayes,1269,0.0007762567838653922,7.740237197140232e-05,0.0008536591776646674
naval,dune_bayes,1270,0.0007642642012797296,7.607860607095063e-05,0.0008403428364545107
naval,dune_bayes,1271,0.0007644174038432539,9.525899076834321e-05,0.0008596763946115971
naval,dune_bayes,1272,0.0006337270606309175,5.817669807584025e-05,0.000691903755068779
naval,dune_bayes,1273,0.0007607912993989885,9.429561760043725e-05,0.0008550868951715529
naval,dune_bayes,1274,0.00058697973145172,4.273713784641586e-05,0.0006297168438322842
naval,dune_bayes,1275,0.000745316268876195,7.230346091091633e-05,0.0008176197297871113
naval,dune_bayes,1276,0.0005014770431444049,3.641305738710798e-05,0.0005378901259973645
naval,dune_bayes,1277,0.0007408751989714801,0.00010351309174438938,0.0008443882688879967
naval,dune_bayes,1278,0.0007327132625505328,6.98505318723619e-05,0.0008025637944228947
naval,dune_bayes,1279,0.0007928000995889306,8.477195660816506e-05,0.000877572048921138
naval,dune_bayes,1280,0.0006384630687534809,6.623203807976097e-05,0.0007046951213851571
naval,dune_bayes,1281,0.0007264610030688345,6.865002796985209e-05,0.0007951110601425171
naval,dune_bayes,1282,0.0010488720145076513,0.00013910849520470947,0.001187980524264276
naval,dune_bayes,1283,0.0005321215721778572,3.577098323148675e-05,0.0005678925663232803
naval,dune_bayes,1284,0.0007766758208163083,8.128162153298035e-05,0.0008579574641771615
naval,dune_bayes,1285,0.00048595882253721356,3.410946374060586e-05,0.0005200682790018618
naval,dune_bayes,1286,0.0007617039955221117,7.810496026650071e-05,0.0008398089557886124
naval,dune_bayes,1287,0.000626016641035676,6.35133619653061e-05,0.0006895299884490669
naval,dune_bayes,1288,0.0006310188909992576,5.075167428003624e-05,0.0006817705580033362
naval,dune_bayes,1289,0.000590133888181299,4.499107308220118e-05,0.0006351249758154154
naval,dune_bayes,1290,0.0006226177210919559,6.278627552092075e-05,0.0006854039966128767
naval,dune_bayes,1291,0.000474337866762653,3.2437103072879836e-05,0.0005067749880254269
naval,dune_bayes,1292,0.0006200027419254184,6.221848889254034e-05,0.0006822212599217892
naval,dune_bayes,1293,0.0006289671291597188,4.9097601731773466e-05,0.0006780647090636194
naval,dune_bayes,1294,0.0006210439023561776,4.913203156320378e-05,0.000670175941195339
naval,dune_bayes,1295,0.0006809313781559467,6.0211856180103496e-05,0.0007411432452499866
naval,dune_bayes,1296,0.0006740146782249212,8.513593638781458e-05,0.0007591506000608206
naval,dune_bayes,1297,0.0006732187466695905,8.488894673064351e-05,0.000758107693400234
naval,dune_bayes,1298,0.0010020521003752947,0.0001254247617907822,0.001127476803958416
naval,dune_bayes,1299,0.0010470261331647635,0.00013692515494767576,0.001183951273560524
naval,dune_bayes,1300,0.0006015762919560075,5.835772753925994e-05,0.0006599340122193098
naval,dune_bayes,1301,0.0006713300826959312,8.431835158262402e-05,0.00075564841972664
naval,dune_bayes,1302,0.00044879113556817174,2.891533586080186e-05,0.0004777064605150372
naval,dune_bayes,1303,0.0004998046206310391,3.204496897524223e-05,0.0005318495677784085
naval,dune_bayes,1304,0.0004451253334991634,2.8430233214749023e-05,0.000473555555799976
naval,dune_bayes,1305,0.0005812407471239567,4.234925290802494e-05,0.0006235900218598545
naval,dune_bayes,1306,0.0007954069296829402,8.250995597336441e-05,0.0008779168711043894
naval,dune_bayes,1307,0.0008795234025456011,0.00010489600390428677,0.0009844193700700998
naval,dune_bayes,1308,0.000788239820394665,8.101271669147536e-05,0.000869252544362098
naval,dune_bayes,1309,0.0008603791939094663,0.00010027930693468079,0.0009606584790162742
naval,dune_bayes,1310,0.0006506977370008826,6.150886474642903e-05,0.0007122065871953964
naval,dune_bayes,1311,0.000772701867390424,9.755692008184269e-05,0.0008702587801963091
naval,dune_bayes,1312,0.0007780221058055758,7.77717650635168e-05,0.0008557938854210079
naval,dune_bayes,1313,0.0007685338496230543,9.644540841691196e-05,0.0008649792289361358
naval,dune_bayes,1314,0.0009620756027288735,0.00011655788694042712,0.0010786334751173854
naval,dune_bayes,1315,0.00048234694986604154,2.93820739898365e-05,0.0005117290420457721
naval,dune_bayes,1316,0.0006567288655787706,5.506444722414017e-05,0.0007117933128029108
naval,dune_bayes,1317,0.0006546428194269538,5.470496398629621e-05,0.0007093477761372924
naval,dune_bayes,1318,0.0007694067317061126,7.603741687489673e-05,0.000845444155856967
naval,dune_bayes,1319,0.0006355746882036328,5.8574842114467174e-05,0.0006941495230421424
naval,dune_bayes,1320,0.0006518018199130893,5.4223342885961756e-05,0.0007060251664370298
naval,dune_bayes,1321,0.0006491912645287812,5.378243076847866e-05,0.0007029736880213022
naval,dune_bayes,1322,0.0008081295527517796,8.820046787150204e-05,0.0008963299915194511
naval,dune_bayes,1323,0.0006090783863328397,4.796390203409828e-05,0.0006570423138327897
naval,dune_bayes,1324,0.0005217298748902977,3.4380929719191045e-05,0.0005561108118854463
naval,dune_bayes,1325,0.0006327530136331916,6.503366603283212e-05,0.0006977866869419813
naval,dune_bayes,1326,0.0007344805053435266,0.00010164693230763078,0.0008361274376511574
naval,dune_bayes,1327,0.0005982646835036576,4.6260123781394213e-05,0.0006445248145610094
naval,dune_bayes,1328,0.0006296207429841161,6.435000250348821e-05,0.0006939707673154771
naval,dune_bayes,1329,0.0005339527851901948,3.6014891520608217e-05,0.0005699676694348454
naval,dune_bayes,1330,0.0007678894908167422,7.943793025333434e-05,0.0008473274065181613
naval,dune_bayes,1331,0.0007872505229897797,7.797575381118804e-05,0.0008652262622490525
naval,dune_bayes,1332,0.0007072087610140443,6.502102769445628e-05,0.0007722298032604158
naval,dune_bayes,1333,0.0005561414291150868,3.906908386852592e-05,0.0005952105275355279
naval,dune_bayes,1334,0.000624061212874949,4.962753155268729e-05,0.0006736887153238058
naval,dune_bayes,1335,0.0007390169193968177,7.343925244640559e-05,0.0008124561863951385
naval,dune_bayes,1336,0.0006843986338935792,6.0844500694656745e-05,0.0007452431600540876
naval,dune_bayes,1337,0.0005754327867180109,4.275794708519243e-05,0.0006181907374411821
naval,dune_bayes,1338,0.00046050138189457357,3.052704414585605e-05,0.000491028418764472
naval,dune_bayes,1339,0.0004572653560899198,3.0081422664807178e-05,0.0004873467842116952
naval,dune_bayes,1340,0.0006142568308860064,4.80532726214733e-05,0.0006623101071454585
naval,dune_bayes,1341,0.0005654754349961877,4.127730426262133e-05,0.000606752757448703
naval,dune_bayes,1342,0.0005566600011661649,4.169093517703004e-05,0.0005983509472571313
naval,dune_bayes,1343,0.000605784123763442,4.635371806216426e-05,0.0006521378527395427
naval,dune_bayes,1344,0.0005623520701192319,4.081798033439554e-05,0.0006031700759194791
naval,dune_bayes,1345,0.0005508092581294477,4.0801853174343705e-05,0.0005916111404076219
naval,dune_bayes,1346,0.0004981268430128694,3.1831656087888405e-05,0.0005299585172906518
naval,dune_bayes,1347,0.0004429971450008452,2.8164957257104106e-05,0.0004711621149908751
naval,dune_bayes,1348,0.0005894789937883615,5.595088441623375e-05,0.0006454298854805529
naval,dune_bayes,1349,0.0006649565766565502,8.261071343440562e-05,0.0007475672755390406
naval,dune_bayes,1350,0.0007854808354750276,7.92930877651088e-05,0.000864773930516094
naval,dune_bayes,1351,0.0007858371827751398,8.053040073718876e-05,0.0008663675980642438
naval,dune_bayes,1352,0.000652424234431237,6.189927080413327e-05,0.0007143234834074974
naval,dune_bayes,1353,0.0008501287666149437,9.03899926925078e-05,0.0009405187447555363
naval,dune_bayes,1354,0.0007369458908215165,0.00010282957373419777,0.0008397754863835871
naval,dune_bayes,1355,0.0006547319935634732,5.473340206663124e-05,0.0007094654138199985
naval,dune_bayes,1356,0.0004790405509993434,2.8977814508834854e-05,0.0005080183618701994
naval,dune_bayes,1357,0.0007595001952722669,7.515309698646888e-05,0.0008346532704308629
naval,dune_bayes,1358,0.0008885847637429833,9.946804493665695e-05,0.0009880528086796403
naval,dune_bayes,1359,0.00048271482228301466,2.9427224944811314e-05,0.0005121420253999531
naval,dune_bayes,1360,0.0007626686128787696,7.470665877917781e-05,0.0008373752934858203
naval,dune_bayes,1361,0.0007537687779404223,7.40022151148878e-05,0.0008277709712274373
naval,dune_bayes,1362,0.0008160092984326184,9.000003046821803e-05,0.0009060093434527516
naval,dune_bayes,1363,0.0006105321226641536,4.820385584025644e-05,0.0006587359821423888
naval,dune_bayes,1364,0.000630111142527312,6.451195804402232e-05,0.0006946231005713344
naval,dune_bayes,1365,0.0007164686685428023,6.677294004475698e-05,0.0007832415867596865
naval,dune_bayes,1366,0.000710931490175426,6.572811980731785e-05,0.0007766595808789134
naval,dune_bayes,1367,0.0006703379331156611,8.453772898064926e-05,0.0007548756548203528
naval,dune_bayes,1368,0.0005895106587558985,4.49080289399717e-05,0.0006344186840578914
naval,dune_bayes,1369,0.0007597774383611977,7.774848927510902e-05,0.0008375259349122643
naval,dune_bayes,1370,0.0006690656300634146,8.416984201176092e-05,0.0007532354793511331
naval,dune_bayes,1371,0.0006270059384405613,5.0113645556848496e-05,0.0006771195912733674
naval,dune_bayes,1372,0.0005831993767060339,4.3939286115346476e-05,0.000627138651907444
naval,dune_bayes,1373,0.0005797235062345862,4.341187741374597e-05,0.0006231353618204594
naval,dune_bayes,1374,0.0005783801316283643,4.5106629841029644e-05,0.000623486761469394
naval,dune_bayes,1375,0.0005697748856619,4.192069900454953e-05,0.000611695577390492
naval,dune_bayes,1376,0.0005670007667504251,4.150682070758194e-05,0.0006085076020099223
naval,dune_bayes,1377,0.000561859633307904,4.2505766032263637e-05,0.0006043653702363372
naval,dune_bayes,1378,0.0005986743490211666,5.787169357063249e-05,0.0006565460353158414
naval,dune_bayes,1379,0.0007397991139441729,6.813821528339759e-05,0.0008079373510554433
naval,dune_bayes,1380,0.0006628741975873709,8.224987686844543e-05,0.0007451240671798587
naval,dune_bayes,1381,0.0008265491342172027,8.521503332303837e-05,0.0009117641602642834
naval,dune_bayes,1382,0.0006218203925527632,4.884932059212588e-05,0.0006706697167828679
naval,dune_bayes,1383,0.0006615625461563468,8.183114550774917e-05,0.0007433936698362231
naval,dune_bayes,1384,0.0005542772123590112,3.964725328842178e-05,0.0005939244874753058
naval,dune_bayes,1385,0.0006603175424970686,8.147867629304528e-05,0.0007417962187901139
naval,dune_bayes,1386,0.0010714465752243996,0.00014430821465793997,0.0012157547753304243
naval,dune_bayes,1387,0.0005063529824838042,3.340992407174781e-05,0.0005397628992795944
naval,dune_bayes,1388,0.0007774194818921387,7.880311022745445e-05,0.0008562225848436356
naval,dune_bayes,1389,0.0006436705007217824,6.023284367984161e-05,0.0007039033225737512
naval,dune_bayes,1390,0.0007664019940420985,9.604030492482707e-05,0.0008624423062428832
naval,dune_bayes,1391,0.0007706921314820647,7.742799061816186e-05,0.0008481201366521418
naval,dune_bayes,1392,0.0007626104634255171,9.503038745606318e-05,0.0008576408727094531
naval,dune_bayes,1393,0.0008760642958804965,9.600906196283177e-05,0.0009720733505673707
naval,dune_bayes,1394,0.0006525825010612607,5.437756408355199e-05,0.000706960039678961
naval,dune_bayes,1395,0.0006472796085290611,5.348267950466834e-05,0.0007007622625678778
naval,dune_bayes,1396,0.0008244031923823059,9.193458390654996e-05,0.0009163377690128982
naval,dune_bayes,1397,0.0005062178242951632,3.7211953895166516e-05,0.0005434297490864992
naval,dune_bayes,1398,0.000755371293053031,7.328380161197856e-05,0.0008286550873890519
naval,dune_bayes,1399,0.0007448053220286965,7.224737055366859e-05,0.0008170526707544923
naval,dune_bayes,1400,0.0008582493173889816,9.269612928619608e-05,0.0009509454248473048
naval,dune_bayes,1401,0.0008074803627096117,8.811039879219607e-05,0.0008955907542258501
naval,dune_bayes,1402,0.0006371465278789401,6.611075514229015e-05,0.0007032572757452726
naval,dune_bayes,1403,0.0006337175145745277,6.535887223435566e-05,0.000699076394084841
naval,dune_bayes,1404,0.000607200141530484,4.5865075662732124e-05,0.0006530652171932161
naval,dune_bayes,1405,0.0006014423561282456,4.677058677771129e-05,0.0006482129683718085
naval,dune_bayes,1406,0.0007910409476608038,8.447174332104623e-05,0.0008755127200856805
naval,dune_bayes,1407,0.0004896544269286096,3.47287641488947e-05,0.0005243832129053771
naval,dune_bayes,1408,0.0005479000974446535,3.71749083569739e-05,0.0005850750021636486
naval,dune_bayes,1409,0.0006674050237052143,8.39195927255787e-05,0.0007513246382586658
naval,dune_bayes,1410,0.0006240738439373672,6.32643568678759e-05,0.0006873381789773703
naval,dune_bayes,1411,0.0006294582854025066,5.052590859122574e-05,0.0006799842230975628
naval,dune_bayes,1412,0.0005913233617320657,4.5192027755547315e-05,0.0006365153822116554
naval,dune_bayes,1413,0.0005436116480268538,3.7335943488869816e-05,0.0005809476133435965
naval,dune_bayes,1414,0.0007586273131892085,7.753801764920354e-05,0.000836165330838412
naval,dune_bayes,1415,0.0006143409991636872,6.119419413153082e-05,0.0006755351787433028
naval,dune_bayes,1416,0.0005808795685879886,4.3594689486781135e-05,0.0006244742544367909
naval,dune_bayes,1417,0.0006114064599387348,6.057166319806129e-05,0.0006719781085848808
naval,dune_bayes,1418,0.0006856059771962464,6.10847637290135e-05,0.0007466907263733447
naval,dune_bayes,1419,0.00046273358748294413,3.08818525809329e-05,0.0004936154582537711
naval,dune_bayes,1420,0.000608178146649152,5.98952392465435e-05,0.0006680733640678227
naval,dune_bayes,1421,0.000662473903503269,8.240136230597273e-05,0.0007448752876371145
naval,dune_bayes,1422,0.0005758023471571505,4.189147148281336e-05,0.0006176938186399639
naval,dune_bayes,1423,0.0006023989408276975,5.8685895055532455e-05,0.00066108483588323
naval,dune_bayes,1424,0.0005680102040059865,4.166325379628688e-05,0.0006096734432503581
naval,dune_bayes,1425,0.0005658809095621109,4.3148607801413164e-05,0.0006090294918976724
naval,dune_bayes,1426,0.0004519749782048166,2.9407387046376243e-05,0.000481382361613214
naval,dune_bayes,1427,0.0005647863727062941,4.118703509448096e-05,0.0006059734150767326
naval,dune_bayes,1428,0.0006195866735652089,4.7618523240089417e-05,0.0006672051968052983
naval,dune_bayes,1429,0.0005614964757114649,4.070425347890705e-05,0.0006022007437422872
naval,dune_bayes,1430,0.0005556162795983255,4.155638816882856e-05,0.00059717264957726
naval,dune_bayes,1431,0.0005176523700356483,3.493982876534574e-05,0.0005525922169908881
naval,dune_bayes,1432,0.0004377439618110657,2.751965803327039e-05,0.00046526361256837845
naval,dune_bayes,1433,0.000586972979363054,5.554764356929809e-05,0.0006425206083804369
naval,dune_bayes,1434,0.0005839787772856653,5.4950269259279594e-05,0.0006389290210790932
naval,dune_bayes,1435,0.0005782952066510916,5.381667142501101e-05,0.0006321118562482297
naval,dune_bayes,1436,0.0007692380459047854,7.714117236901075e-05,0.0008463792037218809
naval,dune_bayes,1437,0.000670683803036809,8.516325760865584e-05,0.0007558470824733377
naval,dune_bayes,1438,0.000630855793133378,5.780482752015814e-05,0.0006886605988256633
naval,dune_bayes,1439,0.0008407948771491647,8.839314250508323e-05,0.0009291880414821208
naval,dune_bayes,1440,0.0007557001081295311,7.441803609253839e-05,0.0008301181369461119
naval,dune_bayes,1441,0.0006685667322017252,8.4530001913663e-05,0.0007530967122875154
naval,dune_bayes,1442,0.0004871005949098617,2.9971030016895384e-05,0.0005170716322027147
naval,dune_bayes,1443,0.0007433716091327369,7.197430386440828e-05,0.0008153459057211876
naval,dune_bayes,1444,0.0004990395973436534,3.615434980019927e-05,0.0005351939471438527
naval,dune_bayes,1445,0.0006670868606306612,8.405637345276773e-05,0.0007511432049795985
naval,dune_bayes,1446,0.0006399279809556901,5.2263156248955056e-05,0.0006921911262907088
naval,dune_bayes,1447,0.0004953480092808604,3.559640754247084e-05,0.0005309444386512041
naval,dune_bayes,1448,0.0006342491251416504,6.553580897161737e-05,0.0006997849559411407
naval,dune_bayes,1449,0.0006372026400640607,5.181145388633013e-05,0.0006890140939503908
naval,dune_bayes,1450,0.0007305484032258391,6.948356167413294e-05,0.0008000319357961416
naval,dune_bayes,1451,0.0006649166462011635,8.341272041434422e-05,0.0007483293884433806
naval,dune_bayes,1452,0.0007903407095000148,8.434959454461932e-05,0.0008746903040446341
naval,dune_bayes,1453,0.0006380276754498482,5.075664012110792e-05,0.0006887842901051044
naval,dune_bayes,1454,0.00051575229736045,3.359928086865693e-05,0.0005493515636771917
naval,dune_bayes,1455,0.0006626920658163726,8.271151455119252e-05,0.0007454035803675652
naval,dune_bayes,1456,0.000627516012173146,5.021775723434985e-05,0.0006777337985113263
naval,dune_bayes,1457,0.0006250058650039136,4.9810165364760906e-05,0.0006748160230927169
naval,dune_bayes,1458,0.0007577448850497603,7.738259591860697e-05,0.0008351274882443249
naval,dune_bayes,1459,0.0005874284543097019,4.279674612917006e-05,0.0006302251713350415
naval,dune_bayes,1460,0.0006087423535063863,6.006387047818862e-05,0.0006688061985187232
naval,dune_bayes,1461,0.0006175775779411197,4.86126882606186e-05,0.0006661902880296111
naval,dune_bayes,1462,0.0005758134066127241,4.2835141357500106e-05,0.0006186485406942666
naval,dune_bayes,1463,0.0006841813446953893,6.083423431846313e-05,0.000745015568099916
naval,dune_bayes,1464,0.001070638420060277,0.00014445582928601652,0.0012150942347943783
naval,dune_bayes,1465,0.00045703770592808723,3.0115119443507865e-05,0.0004871528362855315
naval,dune_bayes,1466,0.0006575589068233967,8.115935634123161e-05,0.0007387182558886707
naval,dune_bayes,1467,0.0006944421329535544,6.038829087628983e-05,0.000754830427467823
naval,dune_bayes,1468,0.0006132051930762827,4.791082756128162e-05,0.0006611160351894796
naval,dune_bayes,1469,0.0005994067178107798,5.8125904615735635e-05,0.0006575325969606638
naval,dune_bayes,1470,0.0006108699017204344,4.753999019158073e-05,0.0006584099028259516
naval,dune_bayes,1471,0.0006669086287729442,5.7769284467212856e-05,0.0007246779277920723
naval,dune_bayes,1472,0.0006083952030166984,4.7148649173323065e-05,0.0006555438740178943
naval,dune_bayes,1473,0.0005630995146930218,4.094355244887993e-05,0.0006040430744178593
naval,dune_bayes,1474,0.0004423932987265289,2.8149237550678663e-05,0.0004705425235442817
naval,dune_bayes,1475,0.0006540151662193239,8.011014142539352e-05,0.0007341253221966326
naval,dune_bayes,1476,0.0005820110091008246,4.1951792809413746e-05,0.0006239627837203443
naval,dune_bayes,1477,0.0004991100286133587,3.245983680244535e-05,0.0005315698799677193
naval,dune_bayes,1478,0.0010593312326818705,0.0001408250245731324,0.0012001562863588333
naval,dune_bayes,1479,0.0004222412535455078,2.555081300670281e-05,0.000447792059276253
naval,dune_bayes,1480,0.00064946518978104,7.873463619034737e-05,0.0007281998405233026
naval,dune_bayes,1481,0.0004790850216522813,2.8995236789342016e-05,0.0005080802366137505
naval,dune_bayes,1482,0.0006486187921836972,5.372574378270656e-05,0.0007023445214144886
naval,dune_bayes,1483,0.0006654444732703269,8.381318184547126e-05,0.0007492576260119677
naval,dune_bayes,1484,0.0007543314713984728,7.415387517539784e-05,0.0008284853538498282
naval,dune_bayes,1485,0.0008242143667303026,9.194803715217859e-05,0.0009161623893305659
naval,dune_bayes,1486,0.0006638962659053504,8.332610013894737e-05,0.0007472223369404674
naval,dune_bayes,1487,0.0006405712338164449,5.2378789405338466e-05,0.0006929500377736986
naval,dune_bayes,1488,0.0008151630172505975,8.989735215436667e-05,0.0009050603839568794
naval,dune_bayes,1489,0.0004988223663531244,3.1439434678759426e-05,0.000530261779204011
naval,dune_bayes,1490,0.000637861667200923,5.192892058403231e-05,0.0006897905841469765
naval,dune_bayes,1491,0.0006318400846794248,6.506336649181321e-05,0.0006969034438952804
naval,dune_bayes,1492,0.0006616994505748153,8.268123201560229e-05,0.0007443806971423328
naval,dune_bayes,1493,0.0005094647640362382,3.2795673178043216e-05,0.0005422604153864086
naval,dune_bayes,1494,0.0006011323421262205,4.673547300626524e-05,0.0006478677969425917
naval,dune_bayes,1495,0.0007290638750419021,6.92055982653983e-05,0.0007982694660313427
naval,dune_bayes,1496,0.00048484798753634095,3.407258918741718e-05,0.000518920598551631
naval,dune_bayes,1497,0.0006216579931788146,6.28638154012151e-05,0.0006845218013040721
naval,dune_bayes,1498,0.0007738000713288784,8.0798206909094e-05,0.0008545983000658453
naval,dune_bayes,1499,0.0007048812112770975,6.463407771661878e-05,0.0007695152889937162
naval,dune_bayes,1500,0.0006230139988474548,4.949543654220179e-05,0.000672509428113699
naval,dune_bayes,1501,0.0006989550311118364,6.353889330057427e-05,0.0007624939316883683
naval,dune_bayes,1502,0.0006121433689258993,6.083838889026083e-05,0.0006729817832820117
naval,dune_bayes,1503,0.0005448705633170903,3.6754478060174733e-05,0.0005816250341013074
naval,dune_bayes,1504,0.0006929935188964009,6.244733231142163e-05,0.0007554408512078226
naval,dune_bayes,1505,0.0006558491731993854,8.089558104984462e-05,0.0007367447251453996
naval,dune_bayes,1506,0.0006180801428854465,4.8701404011808336e-05,0.0006667815614491701
naval,dune_bayes,1507,0.000687786319758743,6.149645196273923e-05,0.0007492827717214823
naval,dune_bayes,1508,0.00046161707723513246,3.0770766898058355e-05,0.000492387858685106
naval,dune_bayes,1509,0.0006549005629494786,8.061668631853536e-05,0.0007355172419920564
naval,dune_bayes,1510,0.0006140302284620702,4.680876372731291e-05,0.0006608389667235315
naval,dune_bayes,1511,0.0006531871040351689,8.010605233721435e-05,0.0007332931272685528
naval,dune_bayes,1512,0.0009976173751056194,0.00012433907249942422,0.0011219563893973827
naval,dune_bayes,1513,0.0006710305460728705,5.8499324950389564e-05,0.0007295298855751753
naval,dune_bayes,1514,0.0006016347324475646,4.5740333007415757e-05,0.0006473750690929592
naval,dune_bayes,1515,0.0006065068300813437,4.6859353460604325e-05,0.0006533662090077996
naval,dune_bayes,1516,0.0006041622837074101,4.649144102586433e-05,0.000650653732009232
naval,dune_bayes,1517,0.0005581832956522703,4.0228904254036024e-05,0.0005984121817164123
naval,dune_bayes,1518,0.00044006697135046124,2.7862542992806993e-05,0.00046792952343821526
naval,dune_bayes,1519,0.00043646834092214704,2.7392205083742738e-05,0.0004638605460058898
naval,dune_bayes,1520,0.0005102278082631528,3.39438920491375e-05,0.0005441717221401632
naval,dune_bayes,1521,0.0005417419015429914,3.949278107029386e-05,0.0005812346935272217
naval,dune_bayes,1522,0.000594635377638042,4.381589678814635e-05,0.0006384512525983155
naval,dune_bayes,1523,0.0005369727732613683,3.878399002132937e-05,0.0005757567705586553
naval,dune_bayes,1524,0.0006369135808199644,5.123899973114021e-05,0.0006881525623612106
naval,dune_bayes,1525,0.0005021296092309058,3.286096398369409e-05,0.0005349905695766211
naval,dune_bayes,1526,0.00042611092794686556,2.6061723474413157e-05,0.0004521726514212787
naval,dune_bayes,1527,0.000859362946357578,9.21231767279096e-05,0.00095148611580953
naval,dune_bayes,1528,0.0004194865468889475,2.5228031518054195e-05,0.0004447145911399275
naval,dune_bayes,1529,0.0006444795872084796,7.750685472274199e-05,0.0007219864637590945
naval,dune_bayes,1530,0.0004767524660564959,2.871673132176511e-05,0.000505469215568155
naval,dune_bayes,1531,0.0006433355738408864,5.28520904481411e-05,0.0006961876642890275
naval,dune_bayes,1532,0.0007576669449917972,7.376281428150833e-05,0.0008314297301694751
naval,dune_bayes,1533,0.000751962186768651,7.369901140918955e-05,0.0008256611763499677
naval,dune_bayes,1534,0.0008331346907652915,9.402935393154621e-05,0.0009271640446968377
naval,dune_bayes,1535,0.000638924480881542,6.668370042461902e-05,0.0007056081667542458
naval,dune_bayes,1536,0.0004983213730156422,3.60990634362679e-05,0.0005344204255379736
naval,dune_bayes,1537,0.0006359244580380619,5.161717490409501e-05,0.0006875416147522628
naval,dune_bayes,1538,0.0005083237774670124,3.264757106080651e-05,0.0005409713485278189
naval,dune_bayes,1539,0.0009334469796158373,0.00010942564404103905,0.001042872667312622
naval,dune_bayes,1540,0.0006281188689172268,5.0336693675490096e-05,0.0006784555735066533
naval,dune_bayes,1541,0.0007817327859811485,8.252823317889124e-05,0.0008642610046081245
naval,dune_bayes,1542,0.0007732908707112074,8.071812044363469e-05,0.0008540090057067573
naval,dune_bayes,1543,0.0006973980343900621,6.325987487798557e-05,0.0007606578874401748
naval,dune_bayes,1544,0.0006098421872593462,6.0400892834877595e-05,0.0006702430546283722
naval,dune_bayes,1545,0.0005788194248452783,4.3299940443830565e-05,0.0006221193470992148
naval,dune_bayes,1546,0.0006855161627754569,6.109849346103147e-05,0.0007466146489605308
naval,dune_bayes,1547,0.0006507001235149801,7.961095980135724e-05,0.0007303110905922949
naval,dune_bayes,1548,0.0005869956221431494,4.273005106369965e-05,0.0006297256913967431
naval,dune_bayes,1549,0.0006496328860521317,5.2455598051892594e-05,0.0007020884659141302
naval,dune_bayes,1550,0.0005940255941823125,5.712639176636003e-05,0.0006511519895866513
naval,dune_bayes,1551,0.0006063898326829076,4.685299427364953e-05,0.0006532428087666631
naval,dune_bayes,1552,0.0005908616585657,5.648597652907483e-05,0.0006473476532846689
naval,dune_bayes,1553,0.0010468229884281754,0.00013709555787499994,0.0011839185608550906
naval,dune_bayes,1554,0.0006584262591786683,5.630388477584347e-05,0.0007147301221266389
naval,dune_bayes,1555,0.0005989515921100974,4.532905586529523e-05,0.0006442806334234774
naval,dune_bayes,1556,0.0005514169461093843,4.0964259824249893e-05,0.000592381227761507
naval,dune_bayes,1557,0.0005528288893401623,3.946073047700338e-05,0.0005922896089032292
naval,dune_bayes,1558,0.00043420607107691467,2.711736124183517e-05,0.000461323419585824
naval,dune_bayes,1559,0.0006195228197611868,4.849886681768112e-05,0.0006680216756649315
naval,dune_bayes,1560,0.0004897646722383797,3.0782484827796e-05,0.0005205471534281969
naval,dune_bayes,1561,0.0004311083466745913,2.6715753847383894e-05,0.0004578240914270282
naval,dune_bayes,1562,0.0005760922213084996,5.352704829419963e-05,0.0006296192877925932
naval,dune_bayes,1563,0.0005302482168190181,3.780951738008298e-05,0.0005680577596649528
naval,dune_bayes,1564,0.00042409097659401596,2.5822862880886532e-05,0.0004499138449318707
naval,dune_bayes,1565,0.0006433337111957371,5.227089059189893e-05,0.0006956045981496572
naval,dune_bayes,1566,0.0004203472926747054,2.5354052922921255e-05,0.00044570135651156306
naval,dune_bayes,1567,0.0005670778919011354,5.1769115088973194e-05,0.0006188470288179815
naval,dune_bayes,1568,0.0004139646771363914,2.4559602024964988e-05,0.0004385242937132716
naval,dune_bayes,1569,0.0004783898766618222,2.9344080758164637e-05,0.0005077339592389762
naval,dune_bayes,1570,0.0004105401167180389,2.4140876121236943e-05,0.00043468098738230765
naval,dune_bayes,1571,0.0006385996821336448,5.207262802287005e-05,0.0006906723137944937
naval,dune_bayes,1572,0.0007510683499276638,7.248004112625495e-05,0.0008235484128817916
naval,dune_bayes,1573,0.0005075992667116225,3.256615673308261e-05,0.000540165405254811
naval,dune_bayes,1574,0.0005078826798126101,3.259984441683628e-05,0.0005404825205914676
naval,dune_bayes,1575,0.00048398011131212115,3.399864726816304e-05,0.0005179787403903902
naval,dune_bayes,1576,0.0007723846938461065,8.055655052885413e-05,0.0008529412443749607
naval,dune_bayes,1577,0.0006502040778286755,7.969499711180106e-05,0.0007298990967683494
naval,dune_bayes,1578,0.0006951284594833851,6.285720155574381e-05,0.0007579856319352984
naval,dune_bayes,1579,0.0005926493322476745,4.36479713243898e-05,0.0006362972781062126
naval,dune_bayes,1580,0.0006007971824146807,5.8568723034113646e-05,0.0006593659054487944
naval,dune_bayes,1581,0.0006117894663475454,4.7713958338135853e-05,0.0006595034501515329
naval,dune_bayes,1582,0.0004532075545284897,2.9663124223588966e-05,0.00048287067329511046
naval,dune_bayes,1583,0.000567000126466155,4.153736153966747e-05,0.0006085374625399709
naval,dune_bayes,1584,0.0006723662954755127,5.875791975995526e-05,0.0007311241934075952
naval,dune_bayes,1585,0.0005855399649590254,4.33346867794171e-05,0.0006288746371865273
naval,dune_bayes,1586,0.0005636659334413707,4.104556137463078e-05,0.0006047114729881287
naval,dune_bayes,1587,0.0004459139599930495,2.8679074603132904e-05,0.0004745930200442672
naval,dune_bayes,1588,0.00044268733472563326,2.824835064529907e-05,0.00047093568718992174
naval,dune_bayes,1589,0.0005980842397548258,4.520890433923341e-05,0.0006432931404560804
naval,dune_bayes,1590,0.0005575012182816863,4.014133810414933e-05,0.0005976425600238144
naval,dune_bayes,1591,0.0005566972540691495,4.178545350441709e-05,0.0005984827294014394
naval,dune_bayes,1592,0.0005851456662639976,5.538325058296323e-05,0.0006405289168469608
naval,dune_bayes,1593,0.0005882492987439036,4.3724558054236695e-05,0.0006319738458842039
naval,dune_bayes,1594,0.000641526305116713,7.713828381383792e-05,0.0007186646107584238
naval,dune_bayes,1595,0.00043220564839430153,2.6876195988734253e-05,0.0004590818425640464
naval,dune_bayes,1596,0.000576167309191078,5.359559509088285e-05,0.0006297628860920668
naval,dune_bayes,1597,0.0005339944618754089,3.8373942516045645e-05,0.0005723683862015605
naval,dune_bayes,1598,0.0006389597547240555,7.639567775186151e-05,0.0007153554470278323
naval,dune_bayes,1599,0.0005074844229966402,3.178992119501345e-05,0.0005392743623815477
naval,dune_bayes,1600,0.000484420481370762,3.0107572456472553e-05,0.000514528073836118
naval,dune_bayes,1601,0.00041819611215032637,2.5102845029323362e-05,0.0004432989517226815
naval,dune_bayes,1602,0.0005361089715734124,3.708882286446169e-05,0.0005731977871619165
naval,dune_bayes,1603,0.0005186102353036404,3.614447632571682e-05,0.0005547546898014843
naval,dune_bayes,1604,0.0004150826425757259,2.4714216124266386e-05,0.0004397968586999923
naval,dune_bayes,1605,0.0005639799637719989,5.12239130330272e-05,0.0006152038695290685
naval,dune_bayes,1606,0.0006368645699694753,7.576648204121739e-05,0.0007126310374587774
naval,dune_bayes,1607,0.0005331571446731687,3.667745113489218e-05,0.0005698346067219973
naval,dune_bayes,1608,0.0005612573586404324,5.0700618885457516e-05,0.0006119579775258899
naval,dune_bayes,1609,0.0006356426747515798,7.543467654613778e-05,0.0007110773585736752
naval,dune_bayes,1610,0.0006675613694824278,5.630565283354372e-05,0.0007238670368678868
naval,dune_bayes,1611,0.0005301497294567525,3.626097895903513e-05,0.0005664107156917453
naval,dune_bayes,1612,0.00040844702743925154,2.3902255634311587e-05,0.0004323492757976055
naval,dune_bayes,1613,0.0005277608870528638,3.59290097549092e-05,0.0005636899149976671
naval,dune_bayes,1614,0.00047927993000485003,2.9914095648564398e-05,0.0005091940402053297
naval,dune_bayes,1615,0.0006341282860375941,5.1342030928935856e-05,0.0006854702951386571
naval,dune_bayes,1616,0.0007352191023528576,7.04380072420463e-05,0.0008056571241468191
naval,dune_bayes,1617,0.0004948200075887144,3.0946717743063346e-05,0.0005257667507976294
naval,dune_bayes,1618,0.0006287990836426616,5.046858132118359e-05,0.000679267686791718
naval,dune_bayes,1619,0.0006491445237770677,7.959768117871135e-05,0.0007287422195076942
naval,dune_bayes,1620,0.000592126976698637,4.535035623121075e-05,0.0006374773220159113
naval,dune_bayes,1621,0.0005179067957215011,3.390133133507334e-05,0.0005518081015907228
naval,dune_bayes,1622,0.0008557310211472213,9.153779683401808e-05,0.0009472687961533666
naval,dune_bayes,1623,0.0004620281979441643,3.089512392762117e-05,0.000492923310957849
naval,dune_bayes,1624,0.000575015030335635,4.273935337550938e-05,0.0006177544128149748
naval,dune_bayes,1625,0.000458473659818992,3.0403074561036192e-05,0.0004888767143711448
naval,dune_bayes,1626,0.0007476928294636309,7.011293928371742e-05,0.0008178057614713907
naval,dune_bayes,1627,0.0005576043040491641,3.9295417082030326e-05,0.0005968997138552368
naval,dune_bayes,1628,0.0006819325499236584,6.047236456652172e-05,0.0007424048963002861
naval,dune_bayes,1629,0.0006241759401746094,4.853099017054774e-05,0.0006727069267071784
naval,dune_bayes,1630,0.0005682007176801562,4.172285116510466e-05,0.0006099235615693033
naval,dune_bayes,1631,0.0004513206076808274,2.9425544198602438e-05,0.0004807461518794298
naval,dune_bayes,1632,0.0006073910044506192,4.70265258627478e-05,0.0006544175557792187
naval,dune_bayes,1633,0.000670932000502944,5.851060268469155e-05,0.0007294425740838051
naval,dune_bayes,1634,0.0007251155329868197,7.080410432536155e-05,0.0007959196227602661
naval,dune_bayes,1635,0.000591715273912996,5.676249202224426e-05,0.0006484777550213039
naval,dune_bayes,1636,0.0006652749725617468,5.751685603172518e-05,0.0007227918249554932
naval,dune_bayes,1637,0.000584396009799093,4.3158550397492945e-05,0.0006275545456446707
naval,dune_bayes,1638,0.0005860626115463674,4.340590021456592e-05,0.0006294685299508274
naval,dune_bayes,1639,0.0006541654001921415,5.55903316126205e-05,0.0007097557536326349
naval,dune_bayes,1640,0.0005566721083596349,4.179164534434676e-05,0.0005984637537039816
naval,dune_bayes,1641,0.0006384645821526647,7.647058373549953e-05,0.000714935187716037
naval,dune_bayes,1642,0.0005979195702821016,4.554596307571046e-05,0.0006434655515477061
naval,dune_bayes,1643,0.00043337952229194343,2.7048952688346617e-05,0.00046042847679927945
naval,dune_bayes,1644,0.0005955530214123428,4.5179305743658915e-05,0.0006407323526218534
naval,dune_bayes,1645,0.0005765915848314762,5.372599480324425e-05,0.0006303176051005721
naval,dune_bayes,1646,0.0006369296461343765,7.601456309203058e-05,0.0007129441946744919
naval,dune_bayes,1647,0.0005463449051603675,3.853951784549281e-05,0.0005848844302818179
naval,dune_bayes,1648,0.0005393193569034338,3.916915011359379e-05,0.0005784885142929852
naval,dune_bayes,1649,0.0005335230962373316,3.831536741927266e-05,0.0005718384636566043
naval,dune_bayes,1650,0.0005703369388356805,5.250217509455979e-05,0.0006228390848264098
naval,dune_bayes,1651,0.0006103235646151006,4.63794385723304e-05,0.0006567030213773251
naval,dune_bayes,1652,0.0006431269575841725,5.2241655794205144e-05,0.000695368624292314
naval,dune_bayes,1653,0.0005346357938833535,3.688690412673168e-05,0.0005715226870961487
naval,dune_bayes,1654,0.0006326732691377401,7.478889165213332e-05,0.0007074621389620006
naval,dune_bayes,1655,0.0005315506714396179,3.645864489953965e-05,0.0005680093308910728
naval,dune_bayes,1656,0.0005526834283955395,4.911897485726513e-05,0.0006018024287186563
naval,dune_bayes,1657,0.0004735727852676064,2.9203865778981708e-05,0.0005027766455896199
naval,dune_bayes,1658,0.0004913305747322738,3.0511979275615886e-05,0.0005218425649218261
naval,dune_bayes,1659,0.0006993360002525151,6.098707308410667e-05,0.0007603230769746006
naval,dune_bayes,1660,0.0005935613298788667,4.558054206427187e-05,0.0006391418864950538
naval,dune_bayes,1661,0.0007888745167292655,8.416666969424114e-05,0.0008730411645956337
naval,dune_bayes,1662,0.0007327895145863295,6.70061053824611e-05,0.000799795612692833
naval,dune_bayes,1663,0.0005329029518179595,3.590503547457047e-05,0.0005688079982064664
naval,dune_bayes,1664,0.0005833363393321633,4.4005646486766636e-05,0.0006273419712670147
naval,dune_bayes,1665,0.0005797768826596439,4.34652938565705e-05,0.0006232421728782356
naval,dune_bayes,1666,0.00046369535266421735,3.114993523922749e-05,0.0004948452697135508
naval,dune_bayes,1667,0.0006148112006485462,4.821452603209764e-05,0.0006630257121287286
naval,dune_bayes,1668,0.0006917467107996345,6.225824472494423e-05,0.0007540049264207482
naval,dune_bayes,1669,0.00046008097706362605,3.0645114748040214e-05,0.0004907260881736875
naval,dune_bayes,1670,0.000601623032707721,5.8852063375525177e-05,0.0006604751106351614
naval,dune_bayes,1671,0.0006123394705355167,4.782123869517818e-05,0.0006601607310585678
naval,dune_bayes,1672,0.0006857918342575431,6.117861630627885e-05,0.0007469704723916948
naval,dune_bayes,1673,0.0007480239728465676,7.548311987193301e-05,0.000823507085442543
naval,dune_bayes,1674,0.00045600414159707725,3.0088134735706262e-05,0.0004860922635998577
naval,dune_bayes,1675,0.0005568786873482168,3.920033122994937e-05,0.0005960790440440178
naval,dune_bayes,1676,0.000448804086772725,2.910808143496979e-05,0.00047791216638870537
naval,dune_bayes,1677,0.0006689729634672403,5.81762615183834e-05,0.0007271492504514754
naval,dune_bayes,1678,0.0007247918983921409,7.076298061292619e-05,0.0007955548935569823
naval,dune_bayes,1679,0.0006370935589075089,7.629476021975279e-05,0.0007133883191272616
naval,dune_bayes,1680,0.0005700557376258075,4.106822962057777e-05,0.0006111239781603217
naval,dune_bayes,1681,0.0006007186020724475,4.598872328642756e-05,0.0006467073108069599
naval,dune_bayes,1682,0.00043774076038971543,2.764028795354534e-05,0.00046538104652427137
naval,dune_bayes,1683,0.0005984024028293788,4.5628567022504285e-05,0.0006440309807658195
naval,dune_bayes,1684,0.0006345668807625771,7.555721822427586e-05,0.0007101240917108953
naval,dune_bayes,1685,0.0006337486556731164,7.532042218372226e-05,0.0007090690778568387
naval,dune_bayes,1686,0.000508369819726795,3.37160199705977e-05,0.0005420858506113291
naval,dune_bayes,1687,0.0005447721341624856,3.999642649432644e-05,0.0005847685388289392
naval,dune_bayes,1688,0.0006251097656786442,4.8522477300139144e-05,0.0006736322538927197
naval,dune_bayes,1689,0.0005385878030210733,3.907499194610864e-05,0.0005776627804152668
naval,dune_bayes,1690,0.0004240107664372772,2.5867688236758113e-05,0.0004498784546740353
naval,dune_bayes,1691,0.0005709666293114424,5.2668572607217357e-05,0.0006236351910047233
naval,dune_bayes,1692,0.0005000957171432674,3.2613483199384063e-05,0.0005327091785147786
naval,dune_bayes,1693,0.000532995501998812,3.825098610832356e-05,0.0005712464917451143
naval,dune_bayes,1694,0.0005219447193667293,3.664620453491807e-05,0.0005585909239016473
naval,dune_bayes,1695,0.0004770957457367331,2.9200349672464654e-05,0.0005062961135990918
naval,dune_bayes,1696,0.0006277533830143511,7.36130095901899e-05,0.0007013663998804986
naval,dune_bayes,1697,0.0006268672877922654,7.336462294915691e-05,0.0007002319325692952
naval,dune_bayes,1698,0.0005013349582441151,3.374850348336622e-05,0.000535083469003439
naval,dune_bayes,1699,0.000626238586846739,7.317385461647063e-05,0.0006994124269112945
naval,dune_bayes,1700,0.0005211512907408178,3.5035900509683415e-05,0.0005561871803365648
naval,dune_bayes,1701,0.00047245968016795814,2.906784175138455e-05,0.0005015275091864169
naval,dune_bayes,1702,0.000547246600035578,4.814354542759247e-05,0.0005953901563771069
naval,dune_bayes,1703,0.0006932333926670253,5.974210216663778e-05,0.0007529754657298326
naval,dune_bayes,1704,0.0005181769374758005,3.463315806584433e-05,0.0005528100882656872
naval,dune_bayes,1705,0.0003941491595469415,2.2232901756069623e-05,0.00041638207039795816
naval,dune_bayes,1706,0.0006249594734981656,4.985955456504598e-05,0.0006748190498910844
naval,dune_bayes,1707,0.0004770230734720826,3.3059353881981224e-05,0.000510082405526191
naval,dune_bayes,1708,0.0005031866021454334,3.200353239662945e-05,0.0005351901054382324
naval,dune_bayes,1709,0.0007883020443841815,8.407368295593187e-05,0.000872375734616071
naval,dune_bayes,1710,0.0007039319025352597,6.179277261253446e-05,0.0007657246896997094
naval,dune_bayes,1711,0.000707245955709368,6.51330265100114e-05,0.000772378989495337
naval,dune_bayes,1712,0.0005278096068650484,3.522156475810334e-05,0.0005630311788991094
naval,dune_bayes,1713,0.0007635531364940107,7.875724986661226e-05,0.0008423103718087077
naval,dune_bayes,1714,0.0006103672203607857,4.751615779241547e-05,0.0006578833563253284
naval,dune_bayes,1715,0.00045369475265033543,2.9794193324050866e-05,0.0004834889550693333
naval,dune_bayes,1716,0.0006079116137698293,4.712829104391858e-05,0.0006550399120897055
naval,dune_bayes,1717,0.0006349179311655462,7.587824802612886e-05,0.0007107961573638022
naval,dune_bayes,1718,0.0005650740931741893,4.1269089706474915e-05,0.0006063432083465159
naval,dune_bayes,1719,0.0007320866570807993,7.225032459245995e-05,0.0008043369743973017
naval,dune_bayes,1720,0.0006342748529277742,7.568233559140936e-05,0.0007099572103470564
naval,dune_bayes,1721,0.0008383671520277858,8.825313852867112e-05,0.000926620268728584
naval,dune_bayes,1722,0.0006669190479442477,5.782680455013178e-05,0.0007247458561323583
naval,dune_bayes,1723,0.0007725723553448915,7.490120333386585e-05,0.000847473565954715
naval,dune_bayes,1724,0.0006006883922964334,4.5995595428394154e-05,0.0006466839695349336
naval,dune_bayes,1725,0.000558285100851208,4.027397881145589e-05,0.0005985590978525579
naval,dune_bayes,1726,0.000583874003496021,5.5270349548663944e-05,0.0006391443312168121
naval,dune_bayes,1727,0.0005549707566387951,3.979268149123527e-05,0.0005947634344920516
naval,dune_bayes,1728,0.0006561322370544076,5.5945871281437576e-05,0.0007120781228877604
naval,dune_bayes,1729,0.0005959366681054235,4.525787880993448e-05,0.0006411945214495063
naval,dune_bayes,1730,0.0006506686331704259,5.5007134506013244e-05,0.0007056757458485663
naval,dune_bayes,1731,0.0005556247779168189,4.166102007729933e-05,0.0005972858052700758
naval,dune_bayes,1732,0.0005354862078092992,3.5479093639878556e-05,0.0005709652905352414
naval,dune_bayes,1733,0.0006280435482040048,7.390801329165697e-05,0.0007019515614956617
naval,dune_bayes,1734,0.0005364046082831919,3.7147332477616146e-05,0.000573551922570914
naval,dune_bayes,1735,0.0005271806730888784,3.741187902051024e-05,0.0005645925411954522
naval,dune_bayes,1736,0.0008293534629046917,8.581113797845319e-05,0.0009151645936071873
naval,dune_bayes,1737,0.0006361751002259552,5.1124850870110095e-05,0.0006872999365441501
naval,dune_bayes,1738,0.0004864800430368632,3.0845956644043326e-05,0.0005173259996809065
naval,dune_bayes,1739,0.0005157870473340154,3.578189716790803e-05,0.0005515689263120294
naval,dune_bayes,1740,0.0006992291891947389,6.124949868535623e-05,0.0007604786660522223
naval,dune_bayes,1741,0.0006579678156413138,5.469720781547949e-05,0.0007126650307327509
naval,dune_bayes,1742,0.0005279412725940347,3.597028262447566e-05,0.0005639115697704256
naval,dune_bayes,1743,0.00048227625666186213,3.030985863006208e-05,0.000512586091645062
naval,dune_bayes,1744,0.00040154557791538537,2.312435935891699e-05,0.00042466993909329176
naval,dune_bayes,1745,0.0005504603614099324,4.878842082689516e-05,0.0005992488004267216
naval,dune_bayes,1746,0.00047482841182500124,2.9368093237280846e-05,0.0005041965050622821
naval,dune_bayes,1747,0.0005293380236253142,3.461099186097272e-05,0.0005639489972963929
naval,dune_bayes,1748,0.00047075640759430826,2.8861704777227715e-05,0.0004996181232854724
naval,dune_bayes,1749,0.0004949392750859261,3.288768130005337e-05,0.0005278269527480006
naval,dune_bayes,1750,0.0006211597938090563,7.197171362349764e-05,0.0006931315292604268
naval,dune_bayes,1751,0.0004670136549975723,2.7959504222963005e-05,0.0004949731519445777
naval,dune_bayes,1752,0.0005166824557818472,3.4435204725014046e-05,0.0005511176423169672
naval,dune_bayes,1753,0.0005389908328652382,4.665941378334537e-05,0.0005856502684764564
naval,dune_bayes,1754,0.0005089918267913163,3.27513407683e-05,0.0005417431821115315
naval,dune_bayes,1755,0.0005832386086694896,4.400341276777908e-05,0.0006272420287132263
naval,dune_bayes,1756,0.0007221624837256968,6.505257624667138e-05,0.0007872150745242834
naval,dune_bayes,1757,0.0007986092823557556,7.966101111378521e-05,0.000878270308021456
naval,dune_bayes,1758,0.0006764205754734576,5.951730418018997e-05,0.0007359378505498171
naval,dune_bayes,1759,0.0004477236361708492,2.9006620025029406e-05,0.0004767302598338574
naval,dune_bayes,1760,0.0006312142359092832,7.502112566726282e-05,0.0007062353543005884
naval,dune_bayes,1761,0.0006036150734871626,4.646032539312728e-05,0.0006500753806903958
naval,dune_bayes,1762,0.0006301214452832937,7.47193189454265e-05,0.0007048407569527626
naval,dune_bayes,1763,0.0008771705906838179,9.632940054871142e-05,0.0009734999621286988
naval,dune_bayes,1764,0.0005711032426916063,4.1237930417992175e-05,0.0006123411585576832
naval,dune_bayes,1765,0.0006655604229308665,5.759461419074796e-05,0.0007231550407595932
naval,dune_bayes,1766,0.0005841357633471489,5.537750985240564e-05,0.0006395132513716817
naval,dune_bayes,1767,0.0005812932504341006,5.4803764214739203e-05,0.0006360970437526703
naval,dune_bayes,1768,0.0005613315152004361,4.255388557794504e-05,0.0006038853898644447
naval,dune_bayes,1769,0.00062758126296103,7.398597517749295e-05,0.0007015672163106501
naval,dune_bayes,1770,0.0005502468557097018,3.9115839172154665e-05,0.0005893626948818564
naval,dune_bayes,1771,0.000649198074825108,5.476221485878341e-05,0.0007039603078737855
naval,dune_bayes,1772,0.000555317965336144,4.1625848098192364e-05,0.0005969438352622092
naval,dune_bayes,1773,0.0004297018167562783,2.6635465474100783e-05,0.0004563372931443155
naval,dune_bayes,1774,0.00042647597729228437,2.6219096980639733e-05,0.0004526950651779771
naval,dune_bayes,1775,0.000589459203183651,4.426943269209005e-05,0.0006337286322377622
naval,dune_bayes,1776,0.00041926008998416364,2.5309213015134446e-05,0.0004445693048182875
naval,dune_bayes,1777,0.0005659488379023969,5.178547871764749e-05,0.0006177343311719596
naval,dune_bayes,1778,0.00041633789078332484,2.494237014616374e-05,0.00044128025183454156
naval,dune_bayes,1779,0.0007045448874123394,6.17830955889076e-05,0.0007663279538974166
naval,dune_bayes,1780,0.0005288045504130423,3.609553095884621e-05,0.000564900110475719
naval,dune_bayes,1781,0.0004722322919405997,2.8607286367332563e-05,0.0005008395528420806
naval,dune_bayes,1782,0.0005263328785076737,3.575294613256119e-05,0.0005620858282782137
naval,dune_bayes,1783,0.0004811595135834068,3.01708987535676e-05,0.0005113304359838367
naval,dune_bayes,1784,0.0004026111273560673,2.3268066797754727e-05,0.00042587920324876904
naval,dune_bayes,1785,0.0004772294487338513,2.967441650980618e-05,0.0005069038597866893
naval,dune_bayes,1786,0.0005484043504111469,3.724810449057259e-05,0.0005856524803675711
naval,dune_bayes,1787,0.0004996978095732629,3.354459477122873e-05,0.0005332424188964069
naval,dune_bayes,1788,0.0005453366320580244,4.786801946465857e-05,0.0005932046333327889
naval,dune_bayes,1789,0.0004934127209708095,3.0006151064299047e-05,0.0005234188865870237
naval,dune_bayes,1790,0.0006581629859283566,5.474802674143575e-05,0.0007129110163077712
naval,dune_bayes,1791,0.00046685064444318414,2.794707143038977e-05,0.0004947977140545845
naval,dune_bayes,1792,0.00046554816071875393,2.778606540232431e-05,0.0004933341988362372
naval,dune_bayes,1793,0.000514536164700985,3.415305764065124e-05,0.0005486892187036574
naval,dune_bayes,1794,0.0005392840830609202,4.675460513681173e-05,0.000586038688197732
naval,dune_bayes,1795,0.0006160670309327543,7.077567715896294e-05,0.0006868427153676748
naval,dune_bayes,1796,0.000512213446199894,3.3839802199508995e-05,0.0005460532265715301
naval,dune_bayes,1797,0.0006543666822835803,5.417712964117527e-05,0.0007085438119247556
naval,dune_bayes,1798,0.0005093956715427339,3.3464970329077914e-05,0.0005428606527857482
naval,dune_bayes,1799,0.0004799893358722329,3.089604797423817e-05,0.0005108853802084923
naval,dune_bayes,1800,0.0003838345583062619,2.107274303853046e-05,0.00040490730316378176
naval,dune_bayes,1801,0.0006145323277451098,7.034655573079363e-05,0.0006848789053037763
naval,dune_bayes,1802,0.0006976732984185219,6.338197272270918e-05,0.0007610552711412311
naval,dune_bayes,1803,0.0007711923099122941,8.04328519734554e-05,0.0008516251691617072
naval,dune_bayes,1804,0.0006310772732831538,7.518577331211418e-05,0.0007062630611471832
naval,dune_bayes,1805,0.0005745757953263819,4.2697967728599906e-05,0.0006172737339511514
naval,dune_bayes,1806,0.0005364962853491306,3.639633723651059e-05,0.0005728926043957472
naval,dune_bayes,1807,0.0005710559198632836,4.2171552195213735e-05,0.0006132274866104126
naval,dune_bayes,1808,0.0007548854337073863,7.698988338233903e-05,0.0008318753098137677
naval,dune_bayes,1809,0.00045328529085963964,2.977807162096724e-05,0.0004830633697565645
naval,dune_bayes,1810,0.0007473132573068142,7.540921069448814e-05,0.0008227224461734295
naval,dune_bayes,1811,0.00044974262709729373,2.9296437787706964e-05,0.0004790390667039901
naval,dune_bayes,1812,0.0005914293578825891,5.68965042475611e-05,0.0006483258912339807
naval,dune_bayes,1813,0.0005883074481971562,5.626299753203057e-05,0.0006445704493671656
naval,dune_bayes,1814,0.0005614548572339118,4.074859680258669e-05,0.0006022034795023501
naval,dune_bayes,1815,0.00044206733582541347,2.8268446840229444e-05,0.0004703357699327171
naval,dune_bayes,1816,0.0007976164924912155,7.94488878455013e-05,0.0008770653512328863
naval,dune_bayes,1817,0.0005691367550753057,4.0955437725642696e-05,0.0006100921891629696
naval,dune_bayes,1818,0.0006633499870076776,5.722070636693388e-05,0.0007205706788226962
naval,dune_bayes,1819,0.0007239775732159615,7.066746184136719e-05,0.0007946450496092439
naval,dune_bayes,1820,0.0005546952597796917,3.9763814129401e-05,0.0005944590666331351
naval,dune_bayes,1821,0.0005959503469057381,4.49081817350816e-05,0.0006408585468307137
naval,dune_bayes,1822,0.0005946540622971952,4.5074953959556296e-05,0.0006397290271706879
naval,dune_bayes,1823,0.0008324137306772172,8.694908319739625e-05,0.0009193628211505711
naval,dune_bayes,1824,0.0005552570801228285,4.1627536120358855e-05,0.0005968846380710602
naval,dune_bayes,1825,0.0004275382962077856,2.6376528694527224e-05,0.00045391483581624925
naval,dune_bayes,1826,0.0005899524549022317,4.435240043676458e-05,0.0006343048298731446
naval,dune_bayes,1827,0.0006288033910095692,4.92739854962565e-05,0.0006780773983336985
naval,dune_bayes,1828,0.0005433036130852997,3.9818532968638465e-05,0.0005831221351400018
naval,dune_bayes,1829,0.0006210784777067602,7.235901284730062e-05,0.0006934374687261879
naval,dune_bayes,1830,0.0005853797192685306,4.365577478893101e-05,0.0006290355231612921
naval,dune_bayes,1831,0.0004174071073066443,2.5093720978475176e-05,0.0004425008373800665
naval,dune_bayes,1832,0.0004915099707432091,3.1506060622632504e-05,0.0005230160313658416
naval,dune_bayes,1833,0.000618552730884403,7.164745329646394e-05,0.0006902001914568245
naval,dune_bayes,1834,0.0006502541364170611,5.341929863789119e-05,0.0007036734605208039
naval,dune_bayes,1835,0.0004837394808419049,3.0504234018735588e-05,0.0005142437294125557
naval,dune_bayes,1836,0.0005151733057573438,3.571409251890145e-05,0.0005508873728103936
naval,dune_bayes,1837,0.000524289847817272,3.547981032170355e-05,0.000559769687242806
naval,dune_bayes,1838,0.000755269662477076,7.10639069438912e-05,0.0008263335912488401
naval,dune_bayes,1839,0.00046900793677195907,2.821581620082725e-05,0.0004972237511537969
naval,dune_bayes,1840,0.0003977096639573574,2.269840842927806e-05,0.00042040806147269905
naval,dune_bayes,1841,0.0009662924567237496,0.00011658795119728893,0.0010828804224729538
naval,dune_bayes,1842,0.00039404776180163026,2.2269403416430578e-05,0.00041631716885603964
naval,dune_bayes,1843,0.0006132787093520164,7.019074109848589e-05,0.0006834694650024176
naval,dune_bayes,1844,0.00051015435019508,3.357195237185806e-05,0.0005437263171188533
naval,dune_bayes,1845,0.0006112657720223069,6.965378997847438e-05,0.0006809195620007813
naval,dune_bayes,1846,0.00038198058609850705,2.0875881091342308e-05,0.00040285647264681756
naval,dune_bayes,1847,0.0006481260061264038,5.3183332056505606e-05,0.0007013093563728034
naval,dune_bayes,1848,0.00045879685785621405,2.6975900254910812e-05,0.00048577276174910367
naval,dune_bayes,1849,0.0006097836303524673,6.92412577336654e-05,0.0006790249026380479
naval,dune_bayes,1850,0.0007715783431194723,8.05355521151796e-05,0.0008521138806827366
naval,dune_bayes,1851,0.0006275168852880597,7.43616110412404e-05,0.0007018785108812153
naval,dune_bayes,1852,0.0005731313140131533,4.248612094670534e-05,0.0006156174349598587
naval,dune_bayes,1853,0.0006902656750753522,6.203396333148703e-05,0.0007522996165789664
naval,dune_bayes,1854,0.0006955608259886503,6.04424458288122e-05,0.0007560032536275685
naval,dune_bayes,1855,0.00045101330033503473,2.949052577605471e-05,0.00048050383338704705
naval,dune_bayes,1856,0.0006254555191844702,7.378655573120341e-05,0.0006992420530878007
naval,dune_bayes,1857,0.0007562872488051653,7.15706919436343e-05,0.000827857933472842
naval,dune_bayes,1858,0.0005858209333382547,5.5807424359954894e-05,0.0006416283431462944
naval,dune_bayes,1859,0.00043994540465064347,2.8007001674268395e-05,0.00046795239904895425
naval,dune_bayes,1860,0.0006224637036211789,7.295324030565098e-05,0.0006954169366508722
naval,dune_bayes,1861,0.0007235610974021256,7.060933421598747e-05,0.0007941704243421555
naval,dune_bayes,1862,0.0006564088980667293,5.602137025562115e-05,0.0007124302792362869
naval,dune_bayes,1863,0.0005764250527136028,5.393090395955369e-05,0.0006303559639491141
naval,dune_bayes,1864,0.000854343525134027,9.129498357651755e-05,0.0009456385159865022
naval,dune_bayes,1865,0.0005433952319435775,3.8148966268636286e-05,0.0005815441836602986
naval,dune_bayes,1866,0.0005071625928394496,3.357475361553952e-05,0.0005407373537309468
naval,dune_bayes,1867,0.0005489697214215994,4.0684470150154084e-05,0.0005896541988477111
naval,dune_bayes,1868,0.0005028549931012094,3.300021853647195e-05,0.0005358551861718297
naval,dune_bayes,1869,0.0005375957116484642,3.73284965462517e-05,0.0005749242263846099
naval,dune_bayes,1870,0.0004985731793567538,3.243403625674546e-05,0.0005310071865096688
naval,dune_bayes,1871,0.0006359498365782201,5.111081190989353e-05,0.0006870606448501348
naval,dune_bayes,1872,0.0005813115858472884,4.304717367631383e-05,0.0006243587704375386
naval,dune_bayes,1873,0.0005344589590094984,3.6890036426484585e-05,0.0005713489954359829
naval,dune_bayes,1874,0.0005314354784786701,3.646952609415166e-05,0.0005679050227627158
naval,dune_bayes,1875,0.000490517180878669,3.138036117888987e-05,0.0005218975711613894
naval,dune_bayes,1876,0.0005518918042071164,4.918679769616574e-05,0.0006010786164551973
naval,dune_bayes,1877,0.0005257988814264536,3.568970714695752e-05,0.0005614885594695807
naval,dune_bayes,1878,0.0005144848837517202,3.5629767808131874e-05,0.0005501146661117673
naval,dune_bayes,1879,0.0006122746272012591,7.014225411694497e-05,0.0006824168958701193
naval,dune_bayes,1880,0.0004693370428867638,2.8261132683837786e-05,0.0004975982010364532
naval,dune_bayes,1881,0.0006118714809417725,7.000725599937141e-05,0.0006818787660449743
naval,dune_bayes,1882,0.0005434552440419793,4.760145384352654e-05,0.0005910567124374211
naval,dune_bayes,1883,0.0003923278418369591,2.2082012947066687e-05,0.0004144098493270576
naval,dune_bayes,1884,0.0007981600938364863,7.942063530208543e-05,0.0008775807218626142
naval,dune_bayes,1885,0.000656204589176923,5.4431380704045296e-05,0.0007106359698809683
naval,dune_bayes,1886,0.0009832876967266202,0.00012113618868170306,0.0011044238926842809
naval,dune_bayes,1887,0.0005087170284241438,3.3384174457751215e-05,0.0005421012174338102
naval,dune_bayes,1888,0.0004592422628775239,2.7462525395094417e-05,0.0004867047828156501
naval,dune_bayes,1889,0.0005318473558872938,4.547737626126036e-05,0.0005773247103206813
naval,dune_bayes,1890,0.0006070852396078408,6.872567610116675e-05,0.0006758109084330499
naval,dune_bayes,1891,0.0004999308730475605,3.082368857576512e-05,0.0005307545652613044
naval,dune_bayes,1892,0.0005228592199273407,4.387242370285094e-05,0.0005667316727340221
naval,dune_bayes,1893,0.0006074320408515632,4.7087192797334865e-05,0.0006545192445628345
naval,dune_bayes,1894,0.0007625368889421225,7.864926737966016e-05,0.000841186149045825
naval,dune_bayes,1895,0.0006224821554496884,7.315430411836132e-05,0.0006956364377401769
naval,dune_bayes,1896,0.0005499345134012401,3.825245948974043e-05,0.0005881869583390653
naval,dune_bayes,1897,0.000567549024708569,4.166214057477191e-05,0.0006092111580073833
naval,dune_bayes,1898,0.0006206167745403945,7.262902363436297e-05,0.0006932457908987999
naval,dune_bayes,1899,0.0007382910116575658,7.361471944022924e-05,0.0008119057165458798
naval,dune_bayes,1900,0.0006195525056682527,7.233826909214258e-05,0.0006918907747603953
naval,dune_bayes,1901,0.0005852034664712846,4.331424133852124e-05,0.0006285177078098059
naval,dune_bayes,1902,0.0005511793424375355,3.926764475181699e-05,0.0005904469871893525
naval,dune_bayes,1903,0.0007381706382147968,6.797048263251781e-05,0.0008061411208473146
naval,dune_bayes,1904,0.0006113401032052934,4.726558836409822e-05,0.0006586057133972645
naval,dune_bayes,1905,0.0005547034670598805,4.157099829171784e-05,0.0005962744471617043
naval,dune_bayes,1906,0.0005677475710399449,5.227153087616898e-05,0.0006200190982781351
naval,dune_bayes,1907,0.0006210431456565857,4.8767091357149184e-05,0.0006698102224618196
naval,dune_bayes,1908,0.0005419595399871469,3.794973963522352e-05,0.000579909305088222
naval,dune_bayes,1909,0.00042001038673333824,2.54566220974084e-05,0.00044546701246872544
naval,dune_bayes,1910,0.0008445559651590884,8.926977898227051e-05,0.0009338257368654013
naval,dune_bayes,1911,0.0005839850637130439,4.34588328062091e-05,0.0006274438928812742
naval,dune_bayes,1912,0.0005387960700318217,3.7503639759961516e-05,0.0005762997316196561
naval,dune_bayes,1913,0.0005311465356498957,3.8042064261389896e-05,0.0005691886181011796
naval,dune_bayes,1914,0.00040952497511170805,2.4156230210792273e-05,0.00043368121259845793
naval,dune_bayes,1915,0.0005298356991261244,3.62520913768094e-05,0.0005660877795889974
naval,dune_bayes,1916,0.00047103629913181067,2.847726682375651e-05,0.0004995135823264718
naval,dune_bayes,1917,0.0006532818078994751,5.3933785238768905e-05,0.0007072155713103712
naval,dune_bayes,1918,0.0005238420562818646,3.542835111147724e-05,0.0005592703819274902
naval,dune_bayes,1919,0.0003998995525762439,2.299066363775637e-05,0.00042289021075703204
naval,dune_bayes,1920,0.0006085083587095141,6.930038944119588e-05,0.0006778087699785829
naval,dune_bayes,1921,0.00039647353696636856,2.258660242659971e-05,0.0004190601466689259
naval,dune_bayes,1922,0.0006078353035263717,6.910885713296011e-05,0.0006769441533833742
naval,dune_bayes,1923,0.0005406237323768437,4.712777445092797e-05,0.0005877515068277717
naval,dune_bayes,1924,0.00046428386121988297,2.764951750577893e-05,0.0004919333732686937
naval,dune_bayes,1925,0.0005380591610446572,4.665061351261102e-05,0.0005847097490914166
naval,dune_bayes,1926,0.0006526215001940727,5.38289787073154e-05,0.0007064504898153245
naval,dune_bayes,1927,0.0006714516202919185,5.606018748949282e-05,0.0007275118259713054
naval,dune_bayes,1928,0.0006540814647451043,5.4093012295197695e-05,0.0007081744843162596
naval,dune_bayes,1929,0.0008804826647974551,9.670451254351065e-05,0.0009771871846169233
naval,dune_bayes,1930,0.0003804100560955703,2.07309567485936e-05,0.0004011410055682063
naval,dune_bayes,1931,0.0005290780100040138,4.5022217818768695e-05,0.0005741002387367189
naval,dune_bayes,1932,0.0004572235338855535,2.679950193851255e-05,0.00048402303946204484
naval,dune_bayes,1933,0.0005262061604298651,4.450640335562639e-05,0.0005707125528715551
naval,dune_bayes,1934,0.0006461267475970089,5.285304723656736e-05,0.0006989797693677247
naval,dune_bayes,1935,0.0006411002832464874,5.202881948207505e-05,0.0006931290845386684
naval,dune_bayes,1936,0.00045375560875982046,2.6386962417745963e-05,0.0004801425675395876
naval,dune_bayes,1937,0.0006345194415189326,5.099898771732114e-05,0.0006855184328742325
naval,dune_bayes,1938,0.000368509121472016,1.9407618310651742e-05,0.00038791674887761474
naval,dune_bayes,1939,0.0006003601592965424,6.707642023684457e-05,0.0006674365722574294
naval,dune_bayes,1940,0.0007547150598838925,7.702470611548051e-05,0.0008317397441715002
naval,dune_bayes,1941,0.00043587404070422053,2.751093234110158e-05,0.0004633849603123963
naval,dune_bayes,1942,0.0006153955473564565,7.134910993045196e-05,0.0006867446354590356
naval,dune_bayes,1943,0.0007818029844202101,7.640272815478966e-05,0.0008582057198509574
naval,dune_bayes,1944,0.000593426579143852,4.491212894208729e-05,0.0006383387371897697
naval,dune_bayes,1945,0.000590967305470258,4.453404835658148e-05,0.0006355013465508819
naval,dune_bayes,1946,0.00054975162493065,3.906681013177149e-05,0.0005888184532523155
naval,dune_bayes,1947,0.0006133753922767937,7.080032810335979e-05,0.0006841756985522807
naval,dune_bayes,1948,0.0006024123285897076,4.590557000483386e-05,0.0006483179167844355
naval,dune_bayes,1949,0.0006073484546504915,4.665780579671264e-05,0.0006540062604472041
naval,dune_bayes,1950,0.0005863824626430869,4.383368286653422e-05,0.0006302161491475999
naval,dune_bayes,1951,0.0005040635005570948,3.317367736599408e-05,0.0005372371524572372
naval,dune_bayes,1952,0.000548685435205698,4.0665792766958475e-05,0.0005893512279726565
naval,dune_bayes,1953,0.0007868279353715479,7.727430784143507e-05,0.0008641022723168135
naval,dune_bayes,1954,0.0005372689920477569,3.7293149944161996e-05,0.0005745621165260673
naval,dune_bayes,1955,0.0005003013066016138,3.2671498047420755e-05,0.0005329728010110557
naval,dune_bayes,1956,0.0004109255678486079,2.4345872589037754e-05,0.00043527144589461386
naval,dune_bayes,1957,0.0006452349480241537,5.261630940367468e-05,0.0006978512392379344
naval,dune_bayes,1958,0.0005279381293803453,3.5996730730403215e-05,0.0005639348528347909
naval,dune_bayes,1959,0.0005253666895441711,3.720962558872998e-05,0.0005625763442367315
naval,dune_bayes,1960,0.0004837418091483414,3.051879320992157e-05,0.0005142606096342206
naval,dune_bayes,1961,0.0005195438279770315,3.6373490729602054e-05,0.0005559173296205699
naval,dune_bayes,1962,0.000653498456813395,5.39752836630214e-05,0.0007074737222865224
naval,dune_bayes,1963,0.0005141327274031937,3.560030381777324e-05,0.0005497330566868186
naval,dune_bayes,1964,0.0005416686180979013,3.632282096077688e-05,0.0005779914208687842
naval,dune_bayes,1965,0.0005193270626477897,3.481792737147771e-05,0.0005541449645534158
naval,dune_bayes,1966,0.00047553807962685823,2.948117435153108e-05,0.000505019270349294
naval,dune_bayes,1967,0.0005031322361901402,3.406189716770314e-05,0.0005371941369958222
naval,dune_bayes,1968,0.0006591447745449841,5.496566882357001e-05,0.0007141104433685541
naval,dune_bayes,1969,0.0004623006680049002,2.7416719603934325e-05,0.000489717407617718
naval,dune_bayes,1970,0.000513395294547081,3.4019642043858767e-05,0.0005474149365909398
naval,dune_bayes,1971,0.00046405900502577424,2.80574313364923e-05,0.0004921164363622665
naval,dune_bayes,1972,0.0003849104105029255,2.1255867977743037e-05,0.00040616627666167915
naval,dune_bayes,1973,0.0005324269295670092,4.5667569793295115e-05,0.0005780945066362619
naval,dune_bayes,1974,0.00046053159167058766,2.7625921575236134e-05,0.00048815750051289797
naval,dune_bayes,1975,0.0004871231794822961,3.188502159900963e-05,0.0005190082010813057
naval,dune_bayes,1976,0.00045281046186573803,2.6697873181547038e-05,0.0004795083368662745
naval,dune_bayes,1977,0.0006435923860408366,5.246590808383189e-05,0.0006960582686588168
naval,dune_bayes,1978,0.00045400799717754126,2.6421661459608003e-05,0.00048042964772321284
naval,dune_bayes,1979,0.00045069449697621167,2.6030071239802055e-05,0.0004767245554830879
naval,dune_bayes,1980,0.0004576731298584491,2.80704607575899e-05,0.000485743599710986
naval,dune_bayes,1981,0.0006737589719705284,5.9094312746310607e-05,0.0007328533101826906
naval,dune_bayes,1982,0.000746547244489193,7.53520944272168e-05,0.0008218993316404521
naval,dune_bayes,1983,0.0004408240201883018,2.8185970222693868e-05,0.0004690100031439215
naval,dune_bayes,1984,0.0005820335354655981,5.5186024837894365e-05,0.0006372195784933865
naval,dune_bayes,1985,0.0007476410828530788,6.982975173741579e-05,0.0008174708345904946
naval,dune_bayes,1986,0.0005958072724752128,4.52908207080327e-05,0.0006410980713553727
naval,dune_bayes,1987,0.0005577552365139127,4.0231669117929414e-05,0.0005979869165457785
naval,dune_bayes,1988,0.0007382293697446585,7.36442452762276e-05,0.0008118735859170556
naval,dune_bayes,1989,0.0007303183083422482,7.20400275895372e-05,0.0008023583213798702
naval,dune_bayes,1990,0.0004338481812737882,2.7265106837148778e-05,0.0004611132899299264
naval,dune_bayes,1991,0.000551014207303524,3.925579221686348e-05,0.0005902699776925147
naval,dune_bayes,1992,0.00042969940113835037,2.6729909222922288e-05,0.0004564293194562197
naval,dune_bayes,1993,0.0007573905168101192,7.162380643421784e-05,0.0008290143450722098
naval,dune_bayes,1994,0.0005892600165680051,4.427977910381742e-05,0.0006335398065857589
naval,dune_bayes,1995,0.0005698431632481515,5.276167212286964e-05,0.000622604857198894
naval,dune_bayes,1996,0.0006094189011491835,6.990998372202739e-05,0.0006793288630433381
naval,dune_bayes,1997,0.0006456924602389336,5.42131565453019e-05,0.0006999056204222143
naval,dune_bayes,1998,0.0007072657463140786,6.746186409145594e-05,0.0007747276104055345
naval,dune_bayes,1999,0.0005664745694957674,5.21084111824166e-05,0.000618582998868078
naval,dune_bayes,2000,0.0006044276524335146,4.621120388037525e-05,0.0006506388308480382
naval,dune_bayes,2001,0.0005417129723355174,3.792575080296956e-05,0.0005796386976726353
naval,dune_bayes,2002,0.0005799976643174887,4.287483898224309e-05,0.0006228724960237741
naval,dune_bayes,2003,0.0004943072563037276,3.1891337130218744e-05,0.0005261985934339464
naval,dune_bayes,2004,0.0005368020501919091,3.8896079786354676e-05,0.0005756981554441154
naval,dune_bayes,2005,0.0004905439564026892,3.139924228889868e-05,0.0005219432059675455
naval,dune_bayes,2006,0.0004059360653627664,2.3749626052449457e-05,0.00042968569323420525
naval,dune_bayes,2007,0.0006453085225075483,5.262917329673655e-05,0.0006979376776143909
naval,dune_bayes,2008,0.0006554813589900732,5.431640602182597e-05,0.0007097977795638144
naval,dune_bayes,2009,0.00039894587825983763,2.291138662258163e-05,0.00042185725760646164
naval,dune_bayes,2010,0.00046630873112007976,2.7907739422516897e-05,0.0004942164523527026
naval,dune_bayes,2011,0.0006010811193846166,6.765792204532772e-05,0.0006687390268780291
naval,dune_bayes,2012,0.0006542979972437024,5.3429823310580105e-05,0.0007077277987264097
naval,dune_bayes,2013,0.00039247190579771996,2.2147176423459314e-05,0.00041461907676421106
naval,dune_bayes,2014,0.0005149127100594342,3.4226592106278986e-05,0.0005491392803378403
naval,dune_bayes,2015,0.00038931090966798365,2.177728310925886e-05,0.0004110882000532001
naval,dune_bayes,2016,0.0006570075638592243,5.460202737594955e-05,0.0007116096094250679
naval,dune_bayes,2017,0.0005119131528772414,3.382488284842111e-05,0.0005457380320876837
naval,dune_bayes,2018,0.00046647872659377754,2.8359318093862385e-05,0.0004948380519635975
naval,dune_bayes,2019,0.0005977312102913857,6.675093027297407e-05,0.0006644821260124445
naval,dune_bayes,2020,0.0004573702171910554,2.6828935006051324e-05,0.00048419914674013853
naval,dune_bayes,2021,0.00045515215606428683,2.6982499548466876e-05,0.0004821346665266901
naval,dune_bayes,2022,0.00037361730937846005,1.9996423361590132e-05,0.000393613736378029
naval,dune_bayes,2023,0.00044799697934649885,2.6129928301088512e-05,0.00047412689309567213
naval,dune_bayes,2024,0.0004442730569280684,2.5692759663797915e-05,0.0004699658020399511
naval,dune_bayes,2025,0.0003677493950817734,1.9350414731889032e-05,0.0003870998043566942
naval,dune_bayes,2026,0.000515858584549278,4.274971070117317e-05,0.0005586082697845995
naval,dune_bayes,2027,0.00044922548113390803,2.5862031179713085e-05,0.00047508752322755754
naval,dune_bayes,2028,0.0005128666525706649,4.223107316647656e-05,0.0005550977075472474
naval,dune_bayes,2029,0.0006195324240252376,4.8667869123164564e-05,0.000668200314976275
naval,dune_bayes,2030,0.000490410253405571,3.101183028775267e-05,0.0005214220727793872
naval,dune_bayes,2031,0.0004574950726237148,2.8054651920683682e-05,0.0004855497390963137
naval,dune_bayes,2032,0.0004524526302702725,2.7427666282164864e-05,0.00047988028381951153
naval,dune_bayes,2033,0.0006810881895944476,5.784026507171802e-05,0.0007389284437522292
naval,dune_bayes,2034,0.0007381891482509673,7.366095815086737e-05,0.0008118501282297075
naval,dune_bayes,2035,0.0005766930407844484,5.4163039749255404e-05,0.0006308560841716826
naval,dune_bayes,2036,0.0005529478075914085,3.953834675485268e-05,0.000592486176174134
naval,dune_bayes,2037,0.0006608041003346443,5.6823366321623325e-05,0.0007176274666562676
naval,dune_bayes,2038,0.0004312171950004995,2.694686918403022e-05,0.0004581640532705933
naval,dune_bayes,2039,0.0006077029975131154,6.962113548070192e-05,0.0006773241329938173
naval,dune_bayes,2040,0.0007224310538731515,7.047881808830425e-05,0.0007929098792374134
naval,dune_bayes,2041,0.0005703327478840947,5.2908661018591374e-05,0.0006232414161786437
naval,dune_bayes,2042,0.0006970313843339682,6.067733920644969e-05,0.0007577087380923331
naval,dune_bayes,2043,0.0005463510169647634,3.859128992189653e-05,0.0005849422886967659
naval,dune_bayes,2044,0.0006443492020480335,5.3991952881915495e-05,0.000698341173119843
naval,dune_bayes,2045,0.0005640942836180329,5.168969801161438e-05,0.0006157839670777321
naval,dune_bayes,2046,0.00041732288082130253,2.5172201276291162e-05,0.0004424950748216361
naval,dune_bayes,2047,0.0005576886469498277,5.04615563841071e-05,0.0006081502069719136
naval,dune_bayes,2048,0.0005338743794709444,3.682928945636377e-05,0.0005707036470994353
naval,dune_bayes,2049,0.00041038496419787407,2.4312488676514477e-05,0.00043469746015034616
naval,dune_bayes,2050,0.0006019018474034965,6.805766315665096e-05,0.0006699595251120627
naval,dune_bayes,2051,0.000493403640575707,3.177631879225373e-05,0.0005251799593679607
naval,dune_bayes,2052,0.0007273908704519272,6.596877938136458e-05,0.0007933596498332918
naval,dune_bayes,2053,0.0005250128451734781,3.7180856452323496e-05,0.0005621936870738864
naval,dune_bayes,2054,0.0006543206400237978,5.412722748587839e-05,0.0007084478856995702
naval,dune_bayes,2055,0.00046668326831422746,2.7958174541709013e-05,0.0004946414264850318
naval,dune_bayes,2056,0.0006589964614249766,5.492814671015367e-05,0.0007139245863072574
naval,dune_bayes,2057,0.0004630515759345144,2.7516807676875032e-05,0.0004905684036202729
naval,dune_bayes,2058,0.0004972343449480832,3.327192825963721e-05,0.0005305062513798475
naval,dune_bayes,2059,0.0004921461222693324,3.2576830562902614e-05,0.0005247229710221291
naval,dune_bayes,2060,0.0003778063110075891,2.0479148588492535e-05,0.0003982854541391134
naval,dune_bayes,2061,0.000525102368555963,4.442180215846747e-05,0.0005695241852663457
naval,dune_bayes,2062,0.0005485202418640256,5.616152338916436e-05,0.0006046817870810628
naval,dune_bayes,2063,0.0006480159354396164,5.3192790801404044e-05,0.0007012087153270841
naval,dune_bayes,2064,0.00045420293463394046,2.645626591402106e-05,0.0004806591896340251
naval,dune_bayes,2065,0.00048143655294552445,3.1148101697908714e-05,0.0005125846364535391
naval,dune_bayes,2066,0.0005222031031735241,4.390416870592162e-05,0.0005661072791554034
naval,dune_bayes,2067,0.0005382847157306969,3.58352845069021e-05,0.0005741199711337686
naval,dune_bayes,2068,0.0006404168670997024,5.198504004511051e-05,0.0006924018962308764
naval,dune_bayes,2069,0.0004525016120169312,2.6254807380610146e-05,0.0004787564103025943
naval,dune_bayes,2070,0.0004465392848942429,2.596275407995563e-05,0.0004725020262412727
naval,dune_bayes,2071,0.0005164437461644411,4.289059870643541e-05,0.0005593343521468341
naval,dune_bayes,2072,0.0006319723906926811,5.062959098722786e-05,0.0006826019962318242
naval,dune_bayes,2073,0.0004494915483519435,2.5897872546920553e-05,0.00047538941726088524
naval,dune_bayes,2074,0.0004939644131809473,3.147316601825878e-05,0.0005254375864751637
naval,dune_bayes,2075,0.0005134565872140229,4.236876702634618e-05,0.0005558253615163267
naval,dune_bayes,2076,0.0005107639008201659,4.1898507333826274e-05,0.0005526624154299498
naval,dune_bayes,2077,0.0003597963659558445,1.850686385296285e-05,0.0003783032298088074
naval,dune_bayes,2078,0.00045205879723653197,2.7387457521399483e-05,0.00047944625839591026
naval,dune_bayes,2079,0.0005050762556493282,4.092045855941251e-05,0.0005459967069327831
naval,dune_bayes,2080,0.00044287415221333504,2.5126773834927008e-05,0.0004680009151343256
naval,dune_bayes,2081,0.00044749266817234457,2.6824684027815238e-05,0.000474317348562181
naval,dune_bayes,2082,0.0004294193640816957,2.6731704565463588e-05,0.00045615105773322284
naval,dune_bayes,2083,0.0005875526694580913,4.403750426718034e-05,0.0006315901991911232
naval,dune_bayes,2084,0.0005682898918166757,5.2550502005033195e-05,0.0006208404083736241
naval,dune_bayes,2085,0.0006034319521859288,6.862526788609102e-05,0.0006720572127960622
naval,dune_bayes,2086,0.0006463509635068476,5.202466854825616e-05,0.0006983756320551038
naval,dune_bayes,2087,0.0006481066811829805,5.46420160389971e-05,0.0007027487154118717
naval,dune_bayes,2088,0.0004222022253088653,2.5808634745771997e-05,0.0004480108618736267
naval,dune_bayes,2089,0.000642443890683353,5.3680378186982125e-05,0.0006961242761462927
naval,dune_bayes,2090,0.0005786960246041417,4.269335840945132e-05,0.000621389364823699
naval,dune_bayes,2091,0.0005006411229260266,3.27328234561719e-05,0.0005333739682100713
naval,dune_bayes,2092,0.000547740317415446,4.0565926610725e-05,0.000588306225836277
naval,dune_bayes,2093,0.000555668375454843,5.0113598263124004e-05,0.0006057819700799882
naval,dune_bayes,2094,0.0005991965299472213,6.750730972271413e-05,0.0006667038542218506
naval,dune_bayes,2095,0.0005742621142417192,4.203013304504566e-05,0.0006162922363728285
naval,dune_bayes,2096,0.0005492768250405788,4.89058620587457e-05,0.0005981826689094305
naval,dune_bayes,2097,0.0007366402423940599,6.78316064295359e-05,0.0008044718415476382
naval,dune_bayes,2098,0.0005719054024666548,4.1679697460494936e-05,0.0006135851144790649
naval,dune_bayes,2099,0.00048813901958055794,3.109751924057491e-05,0.0005192365497350693
naval,dune_bayes,2100,0.0005299579934217036,3.791665585595183e-05,0.000567874638363719
naval,dune_bayes,2101,0.0004015272716060281,2.3253804101841524e-05,0.000424781086621806
naval,dune_bayes,2102,0.0005246174405328929,3.713680780492723e-05,0.0005617542192339897
naval,dune_bayes,2103,0.0005954263615421951,6.650514114880934e-05,0.0006619315245188773
naval,dune_bayes,2104,0.0004797757137566805,3.0029053959879093e-05,0.0005098047549836338
naval,dune_bayes,2105,0.0005371294100768864,4.664729567593895e-05,0.0005837766802869737
naval,dune_bayes,2106,0.0005494308425113559,5.652861000271514e-05,0.0006059594452381134
naval,dune_bayes,2107,0.0005345862009562552,4.6175409806892276e-05,0.000580761581659317
naval,dune_bayes,2108,0.0005317036411724985,4.564910341287032e-05,0.0005773527664132416
naval,dune_bayes,2109,0.0005288292304612696,4.512728628469631e-05,0.0005739565240219235
naval,dune_bayes,2110,0.0005468889721669257,5.59091022296343e-05,0.0006027980707585812
naval,dune_bayes,2111,0.0006510384264402092,5.288624015520327e-05,0.0007039246847853065
naval,dune_bayes,2112,0.0006536854198202491,5.41047120350413e-05,0.000707790139131248
naval,dune_bayes,2113,0.000579586427193135,4.171854743617587e-05,0.0006213049637153745
naval,dune_bayes,2114,0.00045280175982043147,2.6294907002011314e-05,0.000479096663184464
naval,dune_bayes,2115,0.00045264471555128694,2.6690191589295864e-05,0.0004793349071405828
naval,dune_bayes,2116,0.00045111842337064445,2.6096191504620947e-05,0.0004772146057803184
naval,dune_bayes,2117,0.0003694940241985023,1.9571347365854308e-05,0.0003890653606504202
naval,dune_bayes,2118,0.0005431465106084943,5.5021268053678796e-05,0.0005981677677482367
naval,dune_bayes,2119,0.00044934480683878064,2.5887533411150798e-05,0.00047523234388791025
naval,dune_bayes,2120,0.000471022300189361,2.979567216243595e-05,0.0005008179577998817
naval,dune_bayes,2121,0.00036676606396213174,1.9270442862762138e-05,0.00038603649591095746
naval,dune_bayes,2122,0.0006217709742486477,4.904054367216304e-05,0.0006708115106448531
naval,dune_bayes,2123,0.0004919875063933432,3.122481575701386e-05,0.0005232123075984418
naval,dune_bayes,2124,0.0004663435975089669,2.919128382927738e-05,0.0004955348558723927
naval,dune_bayes,2125,0.0005110782221890986,4.1992960177594796e-05,0.000553071207832545
naval,dune_bayes,2126,0.0004447747196536511,2.5351375370519236e-05,0.0004701261059381068
naval,dune_bayes,2127,0.00043446774361655116,2.4566144929849543e-05,0.0004590338794514537
naval,dune_bayes,2128,0.0004562834510579705,2.792122177197598e-05,0.0004842046764679253
naval,dune_bayes,2129,0.0005028253654018044,4.056952093378641e-05,0.000543394882697612
naval,dune_bayes,2130,0.0005394144100137055,5.4115353123052046e-05,0.0005935297813266516
naval,dune_bayes,2131,0.0004415531875565648,2.497853711247444e-05,0.00046653172466903925
naval,dune_bayes,2132,0.0005462780245579779,3.859206481138244e-05,0.0005848701111972332
naval,dune_bayes,2133,0.0005834182957187295,4.341619205661118e-05,0.0006268344586715102
naval,dune_bayes,2134,0.0007168709416873753,6.413872324628755e-05,0.0007810096722096205
naval,dune_bayes,2135,0.0006546733784489334,5.406518539530225e-05,0.000708738574758172
naval,dune_bayes,2136,0.0006358931423164904,5.2583163778763264e-05,0.0006884763133712113
naval,dune_bayes,2137,0.0005565949832089245,5.0330741942161694e-05,0.0006069257506169379
naval,dune_bayes,2138,0.0006150917033664882,4.706935214926489e-05,0.0006621610373258591
naval,dune_bayes,2139,0.0007595448987558484,7.28642480680719e-05,0.0008324091322720051
naval,dune_bayes,2140,0.0005764581146650016,4.23686251451727e-05,0.0006188267143443227
naval,dune_bayes,2141,0.0004946706467308104,3.195464887539856e-05,0.000526625313796103
naval,dune_bayes,2142,0.0005505509325303137,4.91811842948664e-05,0.0005997320986352861
naval,dune_bayes,2143,0.0005444843554869294,4.80402959510684e-05,0.0005925246514379978
naval,dune_bayes,2144,0.0006624908419325948,5.553266601054929e-05,0.0007180235115811229
naval,dune_bayes,2145,0.0005217258003540337,3.516368451528251e-05,0.0005568894557654858
naval,dune_bayes,2146,0.0003932326508220285,2.22830094571691e-05,0.0004155156493652612
naval,dune_bayes,2147,0.000547066330909729,5.609104482573457e-05,0.0006031573866494
naval,dune_bayes,2148,0.0005131170619279146,3.550213295966387e-05,0.0005486191948875785
naval,dune_bayes,2149,0.0005353300366550684,4.634991637431085e-05,0.0005816799821332097
naval,dune_bayes,2150,0.0007423280621878803,6.871088407933712e-05,0.0008110389462672174
naval,dune_bayes,2151,0.00045981258153915405,2.713803041842766e-05,0.00048695062287151814
naval,dune_bayes,2152,0.0004704351304098964,2.8861803002655506e-05,0.0004992969334125519
naval,dune_bayes,2153,0.0005325068486854434,4.5832282921765e-05,0.0005783391534350812
naval,dune_bayes,2154,0.0007875329465605319,7.741559238638729e-05,0.0008649485534988344
naval,dune_bayes,2155,0.0005019584787078202,3.394281884538941e-05,0.0005359012866392732
naval,dune_bayes,2156,0.0005443049594759941,5.5430249631172046e-05,0.0005997351836413145
naval,dune_bayes,2157,0.00045895492075942457,2.7452904760139063e-05,0.00048640783643350005
naval,dune_bayes,2158,0.0005427423748187721,5.5047425121301785e-05,0.0005977898254059255
naval,dune_bayes,2159,0.0005014523048885167,3.24558604916092e-05,0.0005339081399142742
naval,dune_bayes,2160,0.0004860452318098396,3.1779920391272753e-05,0.0005178251303732395
naval,dune_bayes,2161,0.0005207332433201373,4.371882096165791e-05,0.000564452086109668
naval,dune_bayes,2162,0.000640569836832583,5.202252941671759e-05,0.0006925923516973853
naval,dune_bayes,2163,0.0004985363921150565,3.2075655326480046e-05,0.0005306120729073882
naval,dune_bayes,2164,0.0004812053812202066,3.113318598479964e-05,0.0005123385926708579
naval,dune_bayes,2165,0.00036786109558306634,1.9404658814892173e-05,0.0003872657543979585
naval,dune_bayes,2166,0.0005389527068473399,5.415971463662572e-05,0.000593112432397902
naval,dune_bayes,2167,0.0005207540816627443,3.351455961819738e-05,0.0005542686558328569
naval,dune_bayes,2168,0.0004463616060093045,2.554292223067023e-05,0.00047190452460199594
naval,dune_bayes,2169,0.00044040498323738575,2.525356649130117e-05,0.0004656585515476763
naval,dune_bayes,2170,0.0003618065093178302,1.874900408438407e-05,0.0003805555170401931
naval,dune_bayes,2171,0.00043725609430111945,2.4887582185328938e-05,0.0004621436819434166
naval,dune_bayes,2172,0.0006015413091517985,4.5918990508653224e-05,0.0006474602851085365
naval,dune_bayes,2173,0.00043353671208024025,2.4461825887556188e-05,0.00045799853978678584
naval,dune_bayes,2174,0.0005359790520742536,5.3442017815541476e-05,0.0005894210771657526
naval,dune_bayes,2175,0.0006309571326710284,4.942431769450195e-05,0.0006803814321756363
naval,dune_bayes,2176,0.0004464599478524178,2.6716164938989095e-05,0.0004731761000584811
naval,dune_bayes,2177,0.0004979435470886528,3.9774313336238265e-05,0.0005377178313210607
naval,dune_bayes,2178,0.00047769269440323114,2.9420029022730887e-05,0.0005071127088740468
naval,dune_bayes,2179,0.00044165385770611465,2.613242031657137e-05,0.0004677862743847072
naval,dune_bayes,2180,0.00041984402923844755,2.292371391376946e-05,0.0004427677486091852
naval,dune_bayes,2181,0.0003441066073719412,1.6899237380130216e-05,0.000361005833838135
naval,dune_bayes,2182,0.0004920120700262487,3.87877989851404e-05,0.0005307998508214951
naval,dune_bayes,2183,0.0006451038061641157,5.41478002560325e-05,0.0006992515991441905
naval,dune_bayes,2184,0.0005953236832283437,6.679676880594343e-05,0.0006621204665862024
naval,dune_bayes,2185,0.000639517093077302,5.320284981280565e-05,0.0006927199428901076
naval,dune_bayes,2186,0.0005498041864484549,5.6904587836470455e-05,0.0006067087524570525
naval,dune_bayes,2187,0.0006463652825914323,5.202110332902521e-05,0.0006983864004723728
naval,dune_bayes,2188,0.0006291006575338542,5.145923205418512e-05,0.000680559896863997
naval,dune_bayes,2189,0.0004079075588379055,2.406067869742401e-05,0.00043196824844926596
naval,dune_bayes,2190,0.0005625339690595865,3.9713027945254e-05,0.0006022470188327134
naval,dune_bayes,2191,0.0005473141791298985,5.628990038530901e-05,0.0006036040722392499
naval,dune_bayes,2192,0.0005260721663944423,3.576429662643932e-05,0.0005618364666588604
naval,dune_bayes,2193,0.0005358943017199636,3.8813283026684076e-05,0.00057470757747069
naval,dune_bayes,2194,0.0004010019183624536,2.3222515665111132e-05,0.00042422444676049054
naval,dune_bayes,2195,0.0005229486851021647,3.5336768632987514e-05,0.0005582854500971735
naval,dune_bayes,2196,0.0005420538363978267,4.763138713315129e-05,0.000589685223530978
naval,dune_bayes,2197,0.0006133003043942153,4.67568461317569e-05,0.0006600571796298027
naval,dune_bayes,2198,0.0005662572220899165,4.085965338163078e-05,0.0006071168463677168
naval,dune_bayes,2199,0.0005197324207983911,3.489924347377382e-05,0.0005546316388063133
naval,dune_bayes,2200,0.0007201476255431771,6.480701267719269e-05,0.0007849546382203698
naval,dune_bayes,2201,0.0005112445214763284,3.375499727553688e-05,0.0005449994932860136
naval,dune_bayes,2202,0.0003845892788376659,2.1294166799634695e-05,0.0004058834456373006
naval,dune_bayes,2203,0.0005416343337856233,5.493425851454958e-05,0.0005965685704723
naval,dune_bayes,2204,0.0007425572839565575,6.874866812722757e-05,0.0008113059448078275
naval,dune_bayes,2205,0.0005243197665549815,4.4395641452865675e-05,0.0005687153898179531
naval,dune_bayes,2206,0.0005028967862017453,3.26483859680593e-05,0.0005355451721698046
naval,dune_bayes,2207,0.0003751065523829311,2.022056287387386e-05,0.00039532710798084736
naval,dune_bayes,2208,0.0006435072282329202,5.2511524700094014e-05,0.0006960187456570566
naval,dune_bayes,2209,0.000518348824698478,4.333618198870681e-05,0.0005616850103251636
naval,dune_bayes,2210,0.0004971973830834031,3.190525239915587e-05,0.0005291026318445802
naval,dune_bayes,2211,0.0004503526142798364,2.6424555471749045e-05,0.00047677717520855367
naval,dune_bayes,2212,0.00044831776176579297,2.5776060283533297e-05,0.0004740938311442733
naval,dune_bayes,2213,0.0005356164183467627,5.350412175175734e-05,0.0005891205510124564
naval,dune_bayes,2214,0.0004892370197921991,3.087952791247517e-05,0.0005201165331527591
naval,dune_bayes,2215,0.0004655950760934502,2.911482624767814e-05,0.0004947098786942661
naval,dune_bayes,2216,0.000506583834066987,4.1286726627731696e-05,0.0005478705861605704
naval,dune_bayes,2217,0.00048653598059900105,3.053596810786985e-05,0.0005170719232410192
naval,dune_bayes,2218,0.0003566935774870217,1.821794103307184e-05,0.00037491152761504054
naval,dune_bayes,2219,0.00057600112631917,4.2104580643353984e-05,0.0006181056960485876
naval,dune_bayes,2220,0.000555584963876754,3.8202757423277944e-05,0.0005937876994721591
naval,dune_bayes,2221,0.00047846080269664526,2.9521139367716387e-05,0.0005079819238744676
naval,dune_bayes,2222,0.0004954001633450389,3.938437293982133e-05,0.0005347845144569874
naval,dune_bayes,2223,0.0005317904870025814,5.2593433792935684e-05,0.000584383902605623
naval,dune_bayes,2224,0.0005832192837260664,4.214945147396065e-05,0.0006253687315620482
naval,dune_bayes,2225,0.00042191590182483196,2.3156910174293444e-05,0.000445072801085189
naval,dune_bayes,2226,0.0004926415276713669,3.8924288674024865e-05,0.0005315658054314554
naval,dune_bayes,2227,0.0004737211565952748,2.8930850021424703e-05,0.0005026520229876041
naval,dune_bayes,2228,0.00043677366920746863,2.555340324761346e-05,0.0004623270651791245
naval,dune_bayes,2229,0.0008057325030677021,8.087312016868964e-05,0.0008866056450642645
naval,dune_bayes,2230,0.0005289007676765323,5.193711331230588e-05,0.0005808378919027746
naval,dune_bayes,2231,0.0006602847133763134,5.436520223156549e-05,0.0007146499119699001
naval,dune_bayes,2232,0.0005776808829978108,4.256545071257278e-05,0.0006202463409863412
naval,dune_bayes,2233,0.0007067298865877092,6.746170402038842e-05,0.0007741915760561824
naval,dune_bayes,2234,0.0006991719128564,6.599491462111473e-05,0.0007651668274775147
naval,dune_bayes,2235,0.0004378387238830328,2.4177234081435017e-05,0.000462015945231542
naval,dune_bayes,2236,0.0005447433213703334,5.5812477512517944e-05,0.0006005557952448726
naval,dune_bayes,2237,0.0005707734962925315,4.153620102442801e-05,0.000612309668213129
naval,dune_bayes,2238,0.0005273025599308312,3.593985820771195e-05,0.0005632424145005643
naval,dune_bayes,2239,0.0004884617519564927,3.1155032047536224e-05,0.000519616762176156
naval,dune_bayes,2240,0.0005215455312281847,3.5149121686117724e-05,0.0005566946347244084
naval,dune_bayes,2241,0.0005706378142349422,4.088664354640059e-05,0.0006115244468674064
naval,dune_bayes,2242,0.0005370121216401458,4.6737077354919165e-05,0.0005837492062710226
naval,dune_bayes,2243,0.00038594723446294665,2.1466315956786275e-05,0.00040741355041973293
naval,dune_bayes,2244,0.0005392589955590665,5.450341268442571e-05,0.0005937623791396618
naval,dune_bayes,2245,0.00045700836926698685,2.681100886547938e-05,0.0004838193708565086
naval,dune_bayes,2246,0.0005098482361063361,3.357237801537849e-05,0.0005434206104837358
naval,dune_bayes,2247,0.0004681232967413962,2.8583637686097063e-05,0.0004967069253325462
naval,dune_bayes,2248,0.00052826659521088,4.5140201109461486e-05,0.0005734068108722568
naval,dune_bayes,2249,0.000506868411321193,3.3177275327034295e-05,0.000540045672096312
naval,dune_bayes,2250,0.0003795959346462041,2.0740440959343687e-05,0.000400336371967569
naval,dune_bayes,2251,0.0005372486775740981,5.403584145824425e-05,0.0005912845372222364
naval,dune_bayes,2252,0.00045173076796345413,2.6184157832176425e-05,0.00047791493125259876
naval,dune_bayes,2253,0.0004566024581436068,2.7176603907719254e-05,0.00048377906205132604
naval,dune_bayes,2254,0.0003731354372575879,2.0014929759781808e-05,0.00039315037429332733
naval,dune_bayes,2255,0.0007555962074548006,7.119180372683331e-05,0.0008267880184575915
naval,dune_bayes,2256,0.0007796434802003205,7.593754708068445e-05,0.0008555810200050473
naval,dune_bayes,2257,0.0006322324625216424,5.0719434511847794e-05,0.000682951882481575
naval,dune_bayes,2258,0.0005130182253196836,4.243856528773904e-05,0.0005554567906074226
naval,dune_bayes,2259,0.0007519427454099059,7.07318977219984e-05,0.0008226746576838195
naval,dune_bayes,2260,0.00044561110553331673,2.5867546355584636e-05,0.00047147864825092256
naval,dune_bayes,2261,0.00044181221164762974,2.542378024372738e-05,0.0004672359791584313
naval,dune_bayes,2262,0.0006122699705883861,4.666626045946032e-05,0.0006589362164959311
naval,dune_bayes,2263,0.00044359161984175444,2.522975228202995e-05,0.0004688213812187314
naval,dune_bayes,2264,0.0004380485333967954,2.498802678019274e-05,0.00046303655835799873
naval,dune_bayes,2265,0.0005045307916589081,4.0966071537695825e-05,0.0005454968777485192
naval,dune_bayes,2266,0.0004419507458806038,2.5039949832716957e-05,0.00046699069207534194
naval,dune_bayes,2267,0.00046050618402659893,2.8476530133048072e-05,0.0004889827105216682
naval,dune_bayes,2268,0.0004311172233428806,2.419337943138089e-05,0.0004553105973172933
naval,dune_bayes,2269,0.000525942537933588,3.418769847485237e-05,0.000560130225494504
naval,dune_bayes,2270,0.0005279366159811616,5.1850485760951415e-05,0.0005797871272079647
naval,dune_bayes,2271,0.0005272055859677494,5.1678660383913666e-05,0.0005788842681795359
naval,dune_bayes,2272,0.0004878438776358962,3.8159050745889544e-05,0.0005260029574856162
naval,dune_bayes,2273,0.00043259712401777506,2.396959826000966e-05,0.0004565667186398059
naval,dune_bayes,2274,0.0006923713954165578,5.960577618679963e-05,0.0007519771461375058
naval,dune_bayes,2275,0.0006988774402998388,6.596212915610522e-05,0.0007648395840078592
naval,dune_bayes,2276,0.00055024801986292,4.924246604787186e-05,0.0005994904786348343
naval,dune_bayes,2277,0.0005291203269734979,3.619467679527588e-05,0.0005653150146827102
naval,dune_bayes,2278,0.0004041388165205717,2.3635637262486853e-05,0.00042777444468811154
naval,dune_bayes,2279,0.0005260183825157583,3.5767090594163164e-05,0.0005617854767479002
naval,dune_bayes,2280,0.0005413879407569766,3.9658618334215134e-05,0.0005810465663671494
naval,dune_bayes,2281,0.0005405420088209212,5.493987555382773e-05,0.0005954818916507065
naval,dune_bayes,2282,0.0006771364132873714,5.7155204558512196e-05,0.0007342916214838624
naval,dune_bayes,2283,0.0004538715584203601,2.599067556730006e-05,0.00047986223944462836
naval,dune_bayes,2284,0.0004871630808338523,3.0993440304882824e-05,0.0005181565065868199
naval,dune_bayes,2285,0.0005355080356821418,3.878330971929245e-05,0.0005742913344874978
naval,dune_bayes,2286,0.0006449228385463357,5.178277206141502e-05,0.0006967055960558355
naval,dune_bayes,2287,0.0005646219360642135,4.063667802256532e-05,0.0006052586250007153
naval,dune_bayes,2288,0.0005170911317691207,3.45489097526297e-05,0.0005516400560736656
naval,dune_bayes,2289,0.00039042855496518314,2.2003430785844103e-05,0.00041243198211304843
naval,dune_bayes,2290,0.0005377902998588979,5.42878988198936e-05,0.0005920781986787915
naval,dune_bayes,2291,0.0005601189914159477,3.997985186288133e-05,0.0006000988651067019
naval,dune_bayes,2292,0.0004750144435092807,2.944663356174715e-05,0.0005044610588811338
naval,dune_bayes,2293,0.0003871552471537143,2.162138480343856e-05,0.00040877662831917405
naval,dune_bayes,2294,0.0005370525177568197,5.4103431466501206e-05,0.0005911559564992785
naval,dune_bayes,2295,0.0004574157064780593,2.6864250685321167e-05,0.0004842799680773169
naval,dune_bayes,2296,0.0005287552485242486,4.527200144366361e-05,0.0005740272463299334
naval,dune_bayes,2297,0.0005360950017347932,5.387949204305187e-05,0.0005899745156057179
naval,dune_bayes,2298,0.00045564048923552036,2.6652496671886183e-05,0.00048229299136437476
naval,dune_bayes,2299,0.0003808798792306334,2.090034649882e-05,0.00040178021299652755
naval,dune_bayes,2300,0.000535025610588491,5.363407763070427e-05,0.0005886596627533436
naval,dune_bayes,2301,0.00045377915375865996,2.64312020590296e-05,0.00048021035036072135
naval,dune_bayes,2302,0.0005013136542402208,3.3885986340465024e-05,0.0005351996514946222
naval,dune_bayes,2303,0.000702772056683898,6.228502752492204e-05,0.0007650571060366929
naval,dune_bayes,2304,0.0005334772868081927,5.326383325154893e-05,0.0005867411382496357
naval,dune_bayes,2305,0.0005709471297450364,4.044437810080126e-05,0.00061139150056988
naval,dune_bayes,2306,0.00045523743028752506,2.7017578759114258e-05,0.0004822550108656287
naval,dune_bayes,2307,0.0005325539968907833,5.304951628204435e-05,0.0005856035277247429
naval,dune_bayes,2308,0.00036831977195106447,1.9496434106258675e-05,0.0003878161951433867
naval,dune_bayes,2309,0.00036521386937238276,1.9157361748511903e-05,0.00038437123293988407
naval,dune_bayes,2310,0.0005309238331392407,5.266271182335913e-05,0.0005835865158587694
naval,dune_bayes,2311,0.0007175101200118661,6.486292113550007e-05,0.0007823730120435357
naval,dune_bayes,2312,0.00043719145469367504,2.4891267457860522e-05,0.00046208270941860974
naval,dune_bayes,2313,0.0005278916796669364,5.1974624511785805e-05,0.000579866289626807
naval,dune_bayes,2314,0.0004833446000702679,3.0141292882035486e-05,0.0005134858656674623
naval,dune_bayes,2315,0.0004997272626496851,4.0178816561819986e-05,0.0005399060901254416
naval,dune_bayes,2316,0.0005262286867946386,5.158797648618929e-05,0.000577816681470722
naval,dune_bayes,2317,0.000475787470350042,2.9194790840847418e-05,0.000504982250276953
naval,dune_bayes,2318,0.0005240562022663653,5.1075327064609155e-05,0.0005751315038651228
naval,dune_bayes,2319,0.0005297148018144071,3.4682332625379786e-05,0.0005643971380777657
naval,dune_bayes,2320,0.00043246347922831774,2.3960772523423657e-05,0.0004564242553897202
naval,dune_bayes,2321,0.0004363324260339141,2.5514598746667616e-05,0.0004618470265995711
naval,dune_bayes,2322,0.00046793854562565684,2.8229853342054412e-05,0.0004961683880537748
naval,dune_bayes,2323,0.0004296865954529494,2.3646032786928117e-05,0.0004533326136879623
naval,dune_bayes,2324,0.00046541570918634534,2.7923195375478826e-05,0.0004933389136567712
naval,dune_bayes,2325,0.0003334777429699898,1.586769212735817e-05,0.00034934544237330556
naval,dune_bayes,2326,0.0004130375455133617,2.731908898567781e-05,0.0004403566417749971
naval,dune_bayes,2327,0.00042269667028449476,2.39125220105052e-05,0.00044660919229499996
naval,dune_bayes,2328,0.0003304170968476683,1.5568863091175444e-05,0.00034598595811985433
naval,dune_bayes,2329,0.0004108625871594995,2.7014559236704372e-05,0.0004378771409392357
naval,dune_bayes,2330,0.0005206068744882941,5.0290749641135335e-05,0.000570897595025599
naval,dune_bayes,2331,0.0005474406643770635,4.0585247916169465e-05,0.0005880258977413177
naval,dune_bayes,2332,0.0005385219119489193,5.458170562633313e-05,0.0005931036430411041
naval,dune_bayes,2333,0.0004857239546254277,3.081457543885335e-05,0.0005165385082364082
naval,dune_bayes,2334,0.0005389064317569137,4.716416515293531e-05,0.0005860705859959126
naval,dune_bayes,2335,0.00048506734310649335,2.970874083985109e-05,0.0005147760966792703
naval,dune_bayes,2336,0.0004820332978852093,3.0339630029629916e-05,0.0005123729351907969
naval,dune_bayes,2337,0.000392371293855831,2.224404670414515e-05,0.0004146153514739126
naval,dune_bayes,2338,0.0005357949994504452,5.393165702116676e-05,0.0005897266673855484
naval,dune_bayes,2339,0.0005606694612652063,4.0066450310405344e-05,0.0006007358897477388
naval,dune_bayes,2340,0.0005325835663825274,4.600628017215058e-05,0.0005785898538306355
naval,dune_bayes,2341,0.0005346591351553798,5.36719526280649e-05,0.0005883310805074871
naval,dune_bayes,2342,0.0006574023282155395,5.387133569456637e-05,0.0007112736348062754
naval,dune_bayes,2343,0.0006339765968732536,5.000971214030869e-05,0.0006839862908236682
naval,dune_bayes,2344,0.000455605098977685,2.665512693056371e-05,0.0004822602204512805
naval,dune_bayes,2345,0.0005097515531815588,3.356924935360439e-05,0.0005433207843452692
naval,dune_bayes,2346,0.00038203466101549566,2.1048896087449975e-05,0.00040308356983587146
naval,dune_bayes,2347,0.0005266089574433863,4.492078733164817e-05,0.0005715297302231193
naval,dune_bayes,2348,0.0004249734920449555,2.2752730728825554e-05,0.00044772622641175985
naval,dune_bayes,2349,0.00045375237823463976,2.643482730491087e-05,0.00048018721281550825
naval,dune_bayes,2350,0.0005067256861366332,3.4648357541300356e-05,0.0005413740291260183
naval,dune_bayes,2351,0.0005319910123944283,5.3046282118884847e-05,0.0005850372835993767
naval,dune_bayes,2352,0.0005008697044104338,3.3837251976365224e-05,0.0005347069818526506
naval,dune_bayes,2353,0.0004958259523846209,3.314033892820589e-05,0.0005289663095027208
naval,dune_bayes,2354,0.0005303227808326483,5.265085928840563e-05,0.0005829736473970115
naval,dune_bayes,2355,0.0006021182634867728,4.507634730543941e-05,0.0006471946253441274
naval,dune_bayes,2356,0.000588086259085685,4.3466458009788767e-05,0.000631552713457495
naval,dune_bayes,2357,0.0004903617664240301,3.23993808706291e-05,0.0005227611400187016
naval,dune_bayes,2358,0.0005146993207745254,4.28019484388642e-05,0.0005575012764893472
naval,dune_bayes,2359,0.0005290746921673417,5.2373263315530494e-05,0.0005814479663968086
naval,dune_bayes,2360,0.0006339174578897655,5.0612932682270184e-05,0.0006845304160378873
naval,dune_bayes,2361,0.00045050043263472617,2.6454330509295687e-05,0.00047695476678200066
naval,dune_bayes,2362,0.0005634407862089574,3.9372273022308946e-05,0.0006028130883350968
naval,dune_bayes,2363,0.00044548296136781573,2.546043469919823e-05,0.00047094339970499277
naval,dune_bayes,2364,0.00044664114830084145,2.599806794023607e-05,0.00047263922169804573
naval,dune_bayes,2365,0.00035716360434889793,1.8306373021914624e-05,0.00037546997191384435
naval,dune_bayes,2366,0.0005248152301646769,5.138330379850231e-05,0.0005761985084973276
naval,dune_bayes,2367,0.000758168229367584,7.183039997471496e-05,0.0008299986366182566
naval,dune_bayes,2368,0.0004388093075249344,2.4689305064384826e-05,0.00046349861077032983
naval,dune_bayes,2369,0.0005238467711023986,5.116491229273379e-05,0.0005750117124989629
naval,dune_bayes,2370,0.00034842919558286667,1.7389844288118184e-05,0.0003658190253190696
naval,dune_bayes,2371,0.0005231185350567102,5.099463669466786e-05,0.0005741131608374417
naval,dune_bayes,2372,0.0006337668164633214,5.0061084039043635e-05,0.0006838279077783227
naval,dune_bayes,2373,0.0006745006539858878,5.727441021008417e-05,0.0007317750714719296
naval,dune_bayes,2374,0.00042524951277300715,2.3538566892966628e-05,0.0004487880796659738
naval,dune_bayes,2375,0.0005220236489549279,5.0752692914102226e-05,0.000572776363696903
naval,dune_bayes,2376,0.000555430306121707,3.8242647860897705e-05,0.0005936729721724987
naval,dune_bayes,2377,0.0005149644566699862,3.276691131759435e-05,0.0005477313534356654
naval,dune_bayes,2378,0.0005242956685833633,3.4860939194913954e-05,0.0005591565859504044
naval,dune_bayes,2379,0.0004327243659645319,2.3994545699679293e-05,0.0004567189025692642
naval,dune_bayes,2380,0.0005205289926379919,5.040368705522269e-05,0.0005709326942451298
naval,dune_bayes,2381,0.00041524748667143285,2.243074050056748e-05,0.0004376782162580639
naval,dune_bayes,2382,0.00042796338675543666,2.34594499488594e-05,0.0004514228494372219
naval,dune_bayes,2383,0.0004115246410947293,2.712769855861552e-05,0.00043865235056728125
naval,dune_bayes,2384,0.0005179962026886642,4.983116014045663e-05,0.0005678273737430573
naval,dune_bayes,2385,0.00046150226262398064,2.7453717848402448e-05,0.0004889559932053089
naval,dune_bayes,2386,0.0003262461978010833,1.5174170584941749e-05,0.0003414203820284456
