dataset,model,observation,aleatoric,epistemic,total
naval,dune_bayes,0,0.0007226826855912805,9.991552360588685e-05,0.0008225982310250401
naval,dune_bayes,1,0.0010110881412401795,0.00015212003199849278,0.001163208158686757
naval,dune_bayes,2,0.0012406391324475408,0.00015830404299777,0.001398943131789565
naval,dune_bayes,3,0.001022342243231833,0.00012575621076393872,0.0011480984976515174
naval,dune_bayes,4,0.00122863391879946,0.000396292976802215,0.0016249269247055054
naval,dune_bayes,5,0.000708400271832943,9.629680425859988e-05,0.0008046970469877124
naval,dune_bayes,6,0.0010160396341234446,0.00012415616947691888,0.0011401957599446177
naval,dune_bayes,7,0.0012228430714458227,0.000392194400774315,0.0016150374431163073
naval,dune_bayes,8,0.0012198591139167547,0.00039009074680507183,0.0016099498607218266
naval,dune_bayes,9,0.0009944450575858355,0.00014739752805326134,0.0011418425710871816
naval,dune_bayes,10,0.0012107560178264976,0.0001510398869868368,0.0013617959339171648
naval,dune_bayes,11,0.0012170827249065042,0.00038810959085822105,0.0016051923157647252
naval,dune_bayes,12,0.0011242787586525083,0.00015522181638516486,0.0012795005459338427
naval,dune_bayes,13,0.0009859009878709912,0.00014497693337034434,0.0011308778775855899
naval,dune_bayes,14,0.0012438461417332292,0.00015631556743755937,0.0014001617673784494
naval,dune_bayes,15,0.0009845857275649905,0.00017476679931860417,0.001159352483227849
naval,dune_bayes,16,0.001181632513180375,0.00014414562610909343,0.0013257781974971294
naval,dune_bayes,17,0.001205556676723063,0.00038003793451935053,0.0015855946112424135
naval,dune_bayes,18,0.0011630672961473465,0.00023749464889988303,0.0014005620032548904
naval,dune_bayes,19,0.0010953363962471485,0.00019947336113546044,0.0012948097428306937
naval,dune_bayes,20,0.001263583661057055,0.00027709011919796467,0.0015406737802550197
naval,dune_bayes,21,0.0012651808792725205,0.0002580474829301238,0.0015232283622026443
naval,dune_bayes,22,0.0011607356136664748,0.00013929209671914577,0.0013000277103856206
naval,dune_bayes,23,0.0009590820991434157,0.00011002875544363633,0.001069110818207264
naval,dune_bayes,24,0.0009617006871849298,0.0001382756745442748,0.0010999763617292047
naval,dune_bayes,25,0.0011905631981790066,0.00014319043839350343,0.001333753578364849
naval,dune_bayes,26,0.0009576660231687129,0.00013718093396164477,0.001094846986234188
naval,dune_bayes,27,0.0012079301523044705,0.0002374609757680446,0.0014453910989686847
naval,dune_bayes,28,0.0010756339179351926,0.00014278375601861626,0.0012184176594018936
naval,dune_bayes,29,0.0010709919733926654,0.00014164343883749098,0.0012126354267820716
naval,dune_bayes,30,0.0011332548456266522,0.00013305387983564287,0.0012663087109103799
naval,dune_bayes,31,0.001065777731128037,0.00014035166532266885,0.0012061294401064515
naval,dune_bayes,32,0.0009320439421571791,0.00010365148045821115,0.0010356954298913479
naval,dune_bayes,33,0.001119609223678708,0.00012999969476368278,0.001249608932994306
naval,dune_bayes,34,0.001148483483120799,0.00013325602049008012,0.0012817394454032183
naval,dune_bayes,35,0.0008038653177209198,0.00012167969543952495,0.0009255449986085296
naval,dune_bayes,36,0.001050344668328762,0.0001365352509310469,0.0011868799338117242
naval,dune_bayes,37,0.0010471291607245803,0.0001809017121559009,0.0012280308874323964
naval,dune_bayes,38,0.001125934417359531,0.00020893654436804354,0.001334870932623744
naval,dune_bayes,39,0.0011000969680026174,0.00012569842510856688,0.0012257953640073538
naval,dune_bayes,40,0.0011239650193601847,0.00012764267739839852,0.0012516076676547527
naval,dune_bayes,41,0.0010722895385697484,0.0001911479193950072,0.0012634374434128404
naval,dune_bayes,42,0.0006817373214289546,8.917033119359985e-05,0.0007709076744504273
naval,dune_bayes,43,0.0010921931825578213,0.00012056362902512774,0.001212756847962737
naval,dune_bayes,44,0.001160677638836205,0.0003493632539175451,0.0015100408345460892
naval,dune_bayes,45,0.001144397770985961,0.00016045145457610488,0.0013048492837697268
naval,dune_bayes,46,0.001289981184527278,0.0001682012516539544,0.0014581824652850628
naval,dune_bayes,47,0.0010120217921212316,0.0001232253562193364,0.0011352471774443984
naval,dune_bayes,48,0.001133378827944398,0.0001575620990479365,0.0012909409124404192
naval,dune_bayes,49,0.0012157860910519958,0.0001522240199847147,0.0013680100673809648
naval,dune_bayes,50,0.0012712121242657304,0.0001633132342249155,0.0014345253584906459
naval,dune_bayes,51,0.0012123597552999854,0.0003853145462926477,0.0015976743306964636
naval,dune_bayes,52,0.0008151397341862321,0.00012387632159516215,0.0009390160557813942
naval,dune_bayes,53,0.001291388995014131,0.00026789307594299316,0.0015592820709571242
naval,dune_bayes,54,0.0011163053568452597,0.0001530876470496878,0.0012693930184468627
naval,dune_bayes,55,0.001105672330595553,0.00020384932577144355,0.0013095216127112508
naval,dune_bayes,56,0.001200502971187234,0.0003771177725866437,0.0015776207437738776
naval,dune_bayes,57,0.001278613111935556,0.00026291259564459324,0.0015415257075801492
naval,dune_bayes,58,0.001179179409518838,0.0001435218146070838,0.0013227012241259217
naval,dune_bayes,59,0.0010565291158854961,0.0001988179428735748,0.0012553470442071557
naval,dune_bayes,60,0.0011726806405931711,0.00014201283920556307,0.0013146934797987342
naval,dune_bayes,61,0.0012158574536442757,0.00014935694343876094,0.001365214353427291
naval,dune_bayes,62,0.0009662887896411121,0.0001118439540732652,0.0010781327728182077
naval,dune_bayes,63,0.00109242950566113,0.00021139859745744616,0.0013038280885666609
naval,dune_bayes,64,0.0010948946001008153,0.00014762509090360254,0.001242519705556333
naval,dune_bayes,65,0.0009604484075680375,0.0001104358525481075,0.0010708842892199755
naval,dune_bayes,66,0.0010846882360056043,0.00014503295824397355,0.0012297212379053235
naval,dune_bayes,67,0.0011895132483914495,0.00014294779975898564,0.0013324610190466046
naval,dune_bayes,68,0.0011884503765031695,0.00023071019677445292,0.0014191605150699615
naval,dune_bayes,69,0.0011725359363481402,0.00013889562978874892,0.0013114315224811435
naval,dune_bayes,70,0.0009481003507971764,0.00013457443856168538,0.0010826748330146074
naval,dune_bayes,71,0.0011783473892137408,0.000361896789399907,0.0015402442077174783
naval,dune_bayes,72,0.001163434935733676,0.0002220000751549378,0.0013854349963366985
naval,dune_bayes,73,0.001063397852703929,0.0001397253799950704,0.0012031232472509146
naval,dune_bayes,74,0.0011757828760892153,0.0003601185162551701,0.0015359013341367245
naval,dune_bayes,75,0.0010588638251647353,0.0001385958748869598,0.0011974596418440342
naval,dune_bayes,76,0.0009230202995240688,0.00010163482511416078,0.0010246550664305687
naval,dune_bayes,77,0.0009011125657707453,0.00015080305456649512,0.0010519155766814947
naval,dune_bayes,78,0.0009362507844343781,0.00013138561917003244,0.0010676364181563258
naval,dune_bayes,79,0.0010537458583712578,0.00013734241656493396,0.001191088231280446
naval,dune_bayes,80,0.0011388056445866823,0.00013103439414408058,0.0012698400532826781
naval,dune_bayes,81,0.0009124396019615233,9.922654862748459e-05,0.0010116661433130503
naval,dune_bayes,82,0.0009285606793127954,0.00012933100515510887,0.0010578916408121586
naval,dune_bayes,83,0.0010505437385290861,0.00018435272795613855,0.00123489648103714
naval,dune_bayes,84,0.001091655227355659,0.0001238351542269811,0.0012154903961345553
naval,dune_bayes,85,0.0006580067565664649,8.36857725516893e-05,0.000741692550946027
naval,dune_bayes,86,0.000892125943209976,9.46819709497504e-05,0.000986807863228023
naval,dune_bayes,87,0.001016621827147901,0.00017346168169751763,0.0011900835670530796
naval,dune_bayes,88,0.0009138259920291603,0.00012546926154755056,0.0010392952244728804
naval,dune_bayes,89,0.0008871500613167882,9.35835050768219e-05,0.0009807335445657372
naval,dune_bayes,90,0.000980862183496356,0.00016240811964962631,0.001143270288594067
naval,dune_bayes,91,0.0010663551511242986,0.00011840814840979874,0.0011847632704302669
naval,dune_bayes,92,0.0010837848531082273,0.0001187274101539515,0.0012025122996419668
naval,dune_bayes,93,0.0010146860731765628,0.000169182094396092,0.0011838681530207396
naval,dune_bayes,94,0.0008063347195275128,0.000122615514555946,0.0009289502631872892
naval,dune_bayes,95,0.0009949005907401443,0.00014748569810763001,0.0011423863470554352
naval,dune_bayes,96,0.001270627835765481,0.00016318162670359015,0.001433809520676732
naval,dune_bayes,97,0.0011166884796693921,0.00020854898320976645,0.0013252374483272433
naval,dune_bayes,98,0.0012043819297105074,0.0003803746949415654,0.0015847566537559032
naval,dune_bayes,99,0.0012977345613762736,0.0002702403871808201,0.0015679749194532633
naval,dune_bayes,100,0.000990691827610135,0.00014630721125286072,0.0011369989952072501
naval,dune_bayes,101,0.001125364564359188,0.00015540285676252097,0.0012807673774659634
naval,dune_bayes,102,0.0011203507892787457,0.00015411616186611354,0.0012744669802486897
naval,dune_bayes,103,0.0011989946942776442,0.0003765636938624084,0.0015755584463477135
naval,dune_bayes,104,0.0012884072493761778,0.0002668020024430007,0.001555209280923009
naval,dune_bayes,105,0.0011914701899513602,0.00014636892592534423,0.0013378390576690435
naval,dune_bayes,106,0.0012422438012436032,0.00015594328579027206,0.001398187130689621
naval,dune_bayes,107,0.0011013989569619298,0.00020238272554706782,0.001303781638853252
naval,dune_bayes,108,0.0012849172344431281,0.00026543517014943063,0.0015503524336963892
naval,dune_bayes,109,0.0010962504893541336,0.0002003372210310772,0.0012965877540409565
naval,dune_bayes,110,0.001193053787574172,0.00037245466955937445,0.001565508428029716
naval,dune_bayes,111,0.0011773764854297042,0.00014307908713817596,0.0013204555725678802
naval,dune_bayes,112,0.001263972488231957,0.00025762044242583215,0.0015215929597616196
naval,dune_bayes,113,0.0011700373142957687,0.00014136539539322257,0.0013114027678966522
naval,dune_bayes,114,0.0009622237994335592,0.00011095013906015083,0.0010731739457696676
naval,dune_bayes,115,0.0010864584473893046,0.00019644357962533832,0.001282901968806982
naval,dune_bayes,116,0.001162789878435433,0.0001396848529111594,0.0013024747604504228
naval,dune_bayes,117,0.0012065899791195989,0.00014709595416206867,0.0013536859769374132
naval,dune_bayes,118,0.001243404345586896,0.0002504134608898312,0.0014938177773728967
naval,dune_bayes,119,0.0011563422158360481,0.00013820761523675174,0.0012945497874170542
naval,dune_bayes,120,0.0009509299998171628,0.00010824115452123806,0.0010591711616143584
naval,dune_bayes,121,0.0010759687284007668,0.00019237874948885292,0.001268347492441535
naval,dune_bayes,122,0.0012141275219619274,0.00023973232600837946,0.0014538598479703069
naval,dune_bayes,123,0.0011804169043898582,0.00014077825471758842,0.0013211951591074467
naval,dune_bayes,124,0.001175936427898705,0.0003608383995015174,0.001536774798296392
naval,dune_bayes,125,0.001464052009396255,0.00036254938459023833,0.0018266013357788324
naval,dune_bayes,126,0.0011715686414390802,0.0001386760122841224,0.0013102446682751179
naval,dune_bayes,127,0.001061556045897305,0.0001868347462732345,0.001248390763066709
naval,dune_bayes,128,0.0010670506162568927,0.00014058046508580446,0.0012076310813426971
naval,dune_bayes,129,0.0011707260273396969,0.00035728851798921824,0.0015280145453289151
naval,dune_bayes,130,0.0011221289169043303,0.00013046860112808645,0.0012525975471362472
naval,dune_bayes,131,0.001051952363923192,0.00018318362708669156,0.001235135947354138
naval,dune_bayes,132,0.0011654524132609367,0.0003536974545568228,0.0015191498678177595
naval,dune_bayes,133,0.0011173650855198503,0.0002061453415080905,0.0013235104270279408
naval,dune_bayes,134,0.0011223091278225183,0.00022702834394294769,0.0013493375154212117
naval,dune_bayes,135,0.001091107609681785,0.0001974833576241508,0.0012885909527540207
naval,dune_bayes,136,0.0009308673907071352,0.00012993636482860893,0.0010608037700876594
naval,dune_bayes,137,0.0011301812482997775,0.0001290645159315318,0.0012592457933351398
naval,dune_bayes,138,0.0010287878103554249,0.00017745430523063987,0.00120624213013798
naval,dune_bayes,139,0.0006949089583940804,9.25595813896507e-05,0.0007874685106799006
naval,dune_bayes,140,0.0010317721171304584,0.00013196848158258945,0.0011637406423687935
naval,dune_bayes,141,0.0010832477128133178,0.00012197293108329177,0.0012052205856889486
naval,dune_bayes,142,0.0008929350296966732,9.492972458247095e-05,0.0009878647979348898
naval,dune_bayes,143,0.0011522772256284952,0.0003449118812568486,0.0014971890486776829
naval,dune_bayes,144,0.000999770825728774,0.00016828837397042662,0.0011680591851472855
naval,dune_bayes,145,0.0010980082442983985,0.00012185016385046765,0.0012198584154248238
naval,dune_bayes,146,0.0010702140862122178,0.00011917758092749864,0.0011893917107954621
naval,dune_bayes,147,0.0008833522442728281,9.2814072559122e-05,0.0009761663386598229
naval,dune_bayes,148,0.0009086317149922252,0.00012410250201355666,0.0010327341733500361
naval,dune_bayes,149,0.0009755158680491149,0.00016070670972112566,0.0011362226214259863
naval,dune_bayes,150,0.0010127347195520997,0.000127430132124573,0.0011401649098843336
naval,dune_bayes,151,0.0010747704654932022,0.00011677321890601888,0.001191543648019433
naval,dune_bayes,152,0.0010009619873017073,0.00016446964582428336,0.0011654316913336515
naval,dune_bayes,153,0.0009933941764757037,0.00014706849469803274,0.001140462700277567
naval,dune_bayes,154,0.0012697078054770827,0.00016296570538543165,0.0014326735399663448
naval,dune_bayes,155,0.0011969265760853887,0.00037571784923784435,0.0015726444544270635
naval,dune_bayes,156,0.0012896552216261625,0.0002669922832865268,0.0015566474758088589
naval,dune_bayes,157,0.0009891013614833355,0.00014586512406822294,0.0011349665001034737
naval,dune_bayes,158,0.0011237841099500656,0.000154942725203,0.0012787268497049809
naval,dune_bayes,159,0.0012607205426320434,0.00016064976807683706,0.0014213703107088804
naval,dune_bayes,160,0.0006911308155395091,9.191493882099167e-05,0.0007830457761883736
naval,dune_bayes,161,0.001190907321870327,0.0003715922066476196,0.001562499557621777
naval,dune_bayes,162,0.0012877233093604445,0.00026636573602445424,0.0015540890162810683
naval,dune_bayes,163,0.0009744889684952796,0.00011402455857023597,0.0010885135270655155
naval,dune_bayes,164,0.0010967383859679103,0.00020078476518392563,0.001297523151151836
naval,dune_bayes,165,0.0011879868106916547,0.0003695970226544887,0.001557583804242313
naval,dune_bayes,166,0.0007274719537235796,0.00010075543104903772,0.0008282273774966598
naval,dune_bayes,167,0.0009577815653756261,0.00010997946083080024,0.0010677609825506806
naval,dune_bayes,168,0.0010816636495292187,0.00019482881180010736,0.0012764924904331565
naval,dune_bayes,169,0.0012057267595082521,0.00014689803356304765,0.0013526247348636389
naval,dune_bayes,170,0.001251333043910563,0.00025293196085840464,0.0015042650047689676
naval,dune_bayes,171,0.0009466744377277792,0.0001073195380740799,0.001053993939422071
naval,dune_bayes,172,0.0009361349511891603,0.00010483273945283145,0.0010409676469862461
naval,dune_bayes,173,0.0011334038572385907,0.0001329649385297671,0.0012663687812164426
naval,dune_bayes,174,0.0011749707628041506,0.00022597266070079058,0.0014009433798491955
naval,dune_bayes,175,0.0011264338390901685,0.00013139891962055117,0.0012578327441588044
naval,dune_bayes,176,0.001479628379456699,0.00036907647154293954,0.001848704880103469
naval,dune_bayes,177,0.0009196704486384988,0.00010102847591042519,0.001020698924548924
naval,dune_bayes,178,0.0009366272715851665,0.0001314476248808205,0.0010680749546736479
naval,dune_bayes,179,0.0010426773224025965,0.00017990963533520699,0.0012225869577378035
naval,dune_bayes,180,0.0011575763346627355,0.00034899733145721257,0.0015065736370161176
naval,dune_bayes,181,0.0015514552360400558,0.00040781169082038105,0.0019592668395489454
naval,dune_bayes,182,0.0011066802544519305,0.00012702083040494472,0.001233701128512621
naval,dune_bayes,183,0.0009095262503251433,9.871272777672857e-05,0.0010082389926537871
naval,dune_bayes,184,0.0010999334044754505,0.00012553890701383352,0.001225472311489284
naval,dune_bayes,185,0.000989815453067422,0.00016528356354683638,0.0011550990166142583
naval,dune_bayes,186,0.0011049793101847172,0.00012339928071014583,0.0012283786199986935
naval,dune_bayes,187,0.0011443205876275897,0.0003402320435270667,0.0014845526311546564
naval,dune_bayes,188,0.0010968793649226427,0.0001216041055158712,0.0012184834340587258
naval,dune_bayes,189,0.0006593650323338807,8.392707968596369e-05,0.0007432920974679291
naval,dune_bayes,190,0.0010202049743384123,0.00012915997649542987,0.0011493649799376726
naval,dune_bayes,191,0.001089580007828772,0.00011999503476545215,0.0012095749843865633
naval,dune_bayes,192,0.0008791016298346221,9.196108294418082e-05,0.0009710626909509301
naval,dune_bayes,193,0.001139225671067834,0.00033685422386042774,0.001476079924032092
naval,dune_bayes,194,0.0009028430213220417,0.00012257327034603804,0.001025416306219995
naval,dune_bayes,195,0.0010741899022832513,0.00011664620251394808,0.001190836075693369
naval,dune_bayes,196,0.0006914830300956964,9.130617399932817e-05,0.000782789196819067
naval,dune_bayes,197,0.000899664533790201,0.00012177345342934132,0.0010214380454272032
naval,dune_bayes,198,0.0006980292382650077,9.284073166782036e-05,0.0007908699917607009
naval,dune_bayes,199,0.0010585946729406714,0.00011330744746373966,0.0011719021713361144
naval,dune_bayes,200,0.0012602738570421934,0.00016055494779720902,0.0014208287466317415
naval,dune_bayes,201,0.0009821512503549457,0.00011601048026932403,0.0010981616796925664
naval,dune_bayes,202,0.001194705837406218,0.0001470678544137627,0.0013417736627161503
naval,dune_bayes,203,0.0009791160700842738,0.00014306200318969786,0.0011221780441701412
naval,dune_bayes,204,0.0012416043318808079,0.00015580999024678022,0.0013974143657833338
naval,dune_bayes,205,0.0006939400336705148,9.253963798983023e-05,0.0007864796789363027
naval,dune_bayes,206,0.0009707987192086875,0.00014074062346480787,0.001111539313569665
naval,dune_bayes,207,0.001099602086469531,0.00014866738638374954,0.0012482694583013654
naval,dune_bayes,208,0.0012228313134983182,0.00015112203254830092,0.0013739533023908734
naval,dune_bayes,209,0.0011959094554185867,0.00014452538744080812,0.0013404348865151405
naval,dune_bayes,210,0.0009549827082082629,0.00013641768600791693,0.0010914003942161798
naval,dune_bayes,211,0.0011449895100668073,0.00013553987082559615,0.0012805294245481491
naval,dune_bayes,212,0.0009375633089803159,0.00010525494144530967,0.001042818301357329
naval,dune_bayes,213,0.0010624370770528913,0.00018763021216727793,0.0012500672601163387
naval,dune_bayes,214,0.0011634430848062038,0.0003534849383868277,0.0015169279649853706
naval,dune_bayes,215,0.0010527904378250241,0.0001839394390117377,0.0012367299059405923
naval,dune_bayes,216,0.0011198086431249976,0.00022091573919169605,0.0013407244114205241
naval,dune_bayes,217,0.001245756633579731,0.0002693563001230359,0.001515112933702767
naval,dune_bayes,218,0.0011530773481354117,0.00013435292930807918,0.0012874302919954062
naval,dune_bayes,219,0.0011524849105626345,0.00034618008066900074,0.0014986649621278048
naval,dune_bayes,220,0.0009350640466436744,0.00013103123637847602,0.0010660953121259809
naval,dune_bayes,221,0.0009108997182920575,9.910050721373409e-05,0.0010100002400577068
naval,dune_bayes,222,0.0015488879289478064,0.00040121583151631057,0.0019501037895679474
naval,dune_bayes,223,0.0011042419355362654,0.00012643648369703442,0.0012306784046813846
naval,dune_bayes,224,0.0011365911923348904,0.00013054264127276838,0.0012671338627114892
naval,dune_bayes,225,0.0015863912412896752,0.0004215292283333838,0.00200792052783072
naval,dune_bayes,226,0.0010919246124103665,0.00019771688675973564,0.001289641484618187
naval,dune_bayes,227,0.001128111151047051,0.0001286091428482905,0.0012567202793434262
naval,dune_bayes,228,0.0010286476463079453,0.00017491530161350965,0.001203562947921455
naval,dune_bayes,229,0.0010378414299339056,0.00013334021787159145,0.0011711816769093275
naval,dune_bayes,230,0.001091349171474576,0.00012364207941573113,0.0012149912072345614
naval,dune_bayes,231,0.0011418554931879044,0.00033914504456333816,0.001481000566855073
naval,dune_bayes,232,0.001043709460645914,0.00018211978022009134,0.0012258292408660054
naval,dune_bayes,233,0.001084840507246554,0.00012223511293996125,0.0012070756638422608
naval,dune_bayes,234,0.0009099930757656693,0.0001534348411951214,0.0010634278878569603
naval,dune_bayes,235,0.0011038994416594505,0.00012316335050854832,0.0012270627776160836
naval,dune_bayes,236,0.0010146216955035925,0.00016980509099084884,0.001184426830150187
naval,dune_bayes,237,0.0011365178506821394,0.0003356198430992663,0.0014721376355737448
naval,dune_bayes,238,0.0008127022883854806,0.0001240606652572751,0.0009367629536427557
naval,dune_bayes,239,0.001096400199458003,0.00012149809481343254,0.0012178983306512237
naval,dune_bayes,240,0.0009087976650334895,0.00012412680371198803,0.0010329245124012232
naval,dune_bayes,241,0.0008751604473218322,9.11744064069353e-05,0.0009663348319008946
naval,dune_bayes,242,0.0011286432854831219,0.0003305352875031531,0.001459178514778614
naval,dune_bayes,243,0.0009014231036417186,0.00012221012730151415,0.0010236331727355719
naval,dune_bayes,244,0.0008651643875055015,8.901752880774438e-05,0.0009541818872094154
naval,dune_bayes,245,0.0010651886695995927,0.00011471589095890522,0.001179904560558498
naval,dune_bayes,246,0.0008605950861237943,8.80404477356933e-05,0.0009486355120316148
naval,dune_bayes,247,0.0009918109280988574,0.00016163074178621173,0.0011534416116774082
naval,dune_bayes,248,0.0009997105225920677,0.000124304584460333,0.0011240150779485703
naval,dune_bayes,249,0.0008553608786314726,8.693822019267827e-05,0.0009422990842722356
naval,dune_bayes,250,0.000987465726211667,0.00016009059618227184,0.0011475563514977694
naval,dune_bayes,251,0.0008909074240364134,0.00011952150089200586,0.0010104288812726736
naval,dune_bayes,252,0.0009949590312317014,0.0001232009381055832,0.0011181599693372846
naval,dune_bayes,253,0.0009723517578095198,0.0001136871287599206,0.0010860388865694404
naval,dune_bayes,254,0.0012780898250639439,0.0002631379757076502,0.001541227800771594
naval,dune_bayes,255,0.0009775521466508508,0.00014260430180002004,0.0011201564921066165
naval,dune_bayes,256,0.0011092470958828926,0.0001511176087660715,0.0012603646609932184
naval,dune_bayes,257,0.001178123289719224,0.00014313949213828892,0.0013212627964094281
naval,dune_bayes,258,0.001231717993505299,0.00015334771887864918,0.0013850657269358635
naval,dune_bayes,259,0.0012042131274938583,0.00014655609265901148,0.0013507691910490394
naval,dune_bayes,260,0.0011959467083215714,0.00014454267511609942,0.0013404893688857555
naval,dune_bayes,261,0.0009494836558587849,0.00013491130084730685,0.0010843949858099222
naval,dune_bayes,262,0.0010530211729928851,0.00018427165923640132,0.0012372927740216255
naval,dune_bayes,263,0.0009198744082823396,0.00015388084284495562,0.0010737552074715495
naval,dune_bayes,264,0.0009454616811126471,0.00013383098121266812,0.0010792926186695695
naval,dune_bayes,265,0.0011607958003878593,0.00013616561773233116,0.001296961447224021
naval,dune_bayes,266,0.000933624804019928,0.00013065281382296234,0.001064277603290975
naval,dune_bayes,267,0.001108553959056735,0.00012735584459733218,0.0012359097599983215
naval,dune_bayes,268,0.0011356620816513896,0.00013033690629526973,0.0012659989297389984
naval,dune_bayes,269,0.0010956792393699288,0.00012453875388018787,0.0012202180223539472
naval,dune_bayes,270,0.0015772442566230893,0.00041663655429147184,0.0019938808400183916
naval,dune_bayes,271,0.0010449797846376896,0.0001825734507292509,0.0012275532353669405
naval,dune_bayes,272,0.0010890928097069263,0.0001231081987498328,0.0012122009648010135
naval,dune_bayes,273,0.0008911103941500187,9.474315447732806e-05,0.0009858536068350077
naval,dune_bayes,274,0.001133917598053813,0.0003345088625792414,0.001468426431529224
naval,dune_bayes,275,0.0009181211935356259,0.0001265290629817173,0.0010446502128615975
naval,dune_bayes,276,0.0009111417457461357,0.000124734069686383,0.0010358758736401796
naval,dune_bayes,277,0.0010700608836486936,0.0001190271505038254,0.0011890879832208157
naval,dune_bayes,278,0.0011263355845585465,0.0003295362985227257,0.0014558718539774418
naval,dune_bayes,279,0.000961339334025979,0.00016997453349176794,0.0011313138529658318
naval,dune_bayes,280,0.0010010197293013334,0.0001651015627430752,0.0011661213357001543
naval,dune_bayes,281,0.0009036306873895228,0.00012277343194000423,0.0010264040902256966
naval,dune_bayes,282,0.0008999135461635888,0.0001218212055391632,0.00102173478808254
naval,dune_bayes,283,0.0010451484704390168,0.00011380440992070362,0.0011589528294280171
naval,dune_bayes,284,0.0010641792323440313,0.00011450190504547209,0.0011786811519414186
naval,dune_bayes,285,0.0011159863788634539,0.0003228900604881346,0.0014388763811439276
naval,dune_bayes,286,0.0008363496162928641,0.0001209315232699737,0.000957281154114753
naval,dune_bayes,287,0.0008925365400500596,0.00011991834617219865,0.0010124548571184278
naval,dune_bayes,288,0.0010389226954430342,0.00011251299292780459,0.0011514356592670083
naval,dune_bayes,289,0.0011135258246213198,0.0003212995361536741,0.001434825360774994
naval,dune_bayes,290,0.0006848573102615774,8.96051642484963e-05,0.0007744624745100737
naval,dune_bayes,291,0.0010416903533041477,0.00010974371252814308,0.0011514340294525027
naval,dune_bayes,292,0.0011831378797069192,0.0001442684151697904,0.0013274062657728791
naval,dune_bayes,293,0.001166100730188191,0.00035623295116238296,0.0015223337104544044
naval,dune_bayes,294,0.0012315759668126702,0.0001533252070657909,0.0013849011156708002
naval,dune_bayes,295,0.0010965337278321385,0.00014782353537157178,0.0012443573214113712
naval,dune_bayes,296,0.001161813735961914,0.00013930615386925638,0.001301119918935001
naval,dune_bayes,297,0.001085521187633276,0.00014503784768749028,0.001230559078976512
naval,dune_bayes,298,0.0011543430155143142,0.00034840928856283426,0.0015027523040771484
naval,dune_bayes,299,0.000712847919203341,9.694585605757311e-05,0.0008097937679849565
naval,dune_bayes,300,0.0009513501427136362,0.00013539793144445866,0.00108674808871001
naval,dune_bayes,301,0.0010746216867119074,0.000142306846100837,0.0012169284746050835
naval,dune_bayes,302,0.0011860803933814168,0.0001421796769136563,0.0013282600557431579
naval,dune_bayes,303,0.0009241789812222123,0.00010229944018647075,0.0010264783632010221
naval,dune_bayes,304,0.0010490460554137826,0.00018296607595402747,0.0012320121750235558
naval,dune_bayes,305,0.0009433988016098738,0.0001332395913777873,0.0010766383493319154
naval,dune_bayes,306,0.0011689155362546444,0.0001380884350510314,0.0013070040149614215
naval,dune_bayes,307,0.0011430600425228477,0.00034097512252628803,0.0014840351650491357
naval,dune_bayes,308,0.0011159884743392467,0.00020600625430233777,0.001321994699537754
naval,dune_bayes,309,0.0010540795046836138,0.00013722026778850704,0.0011912997579202056
naval,dune_bayes,310,0.0011000895174220204,0.00012545729987323284,0.0012255468172952533
naval,dune_bayes,311,0.0008978214464150369,9.63005077210255e-05,0.0009941220050677657
naval,dune_bayes,312,0.0015019095735624433,0.0003785807639360428,0.001880490337498486
naval,dune_bayes,313,0.0010873350547626615,0.00012268673162907362,0.001210021786391735
naval,dune_bayes,314,0.0011186356423422694,0.00012647220864892006,0.0012451078509911895
naval,dune_bayes,315,0.0008875299827195704,9.40148820518516e-05,0.0009815448429435492
naval,dune_bayes,316,0.0010152291506528854,0.00017044613196048886,0.001185675268061459
naval,dune_bayes,317,0.001537767006084323,0.0003956508298870176,0.001933417865075171
naval,dune_bayes,318,0.0009870632784441113,0.00016444800712633878,0.0011515113292261958
naval,dune_bayes,319,0.001010503969155252,0.00016872856940608472,0.001179232494905591
naval,dune_bayes,320,0.0011237525613978505,0.0003284201375208795,0.001452172640711069
naval,dune_bayes,321,0.001421161345206201,0.0003480020968709141,0.0017691634129732847
naval,dune_bayes,322,0.0009831665083765984,0.00016321767179761082,0.001146384165622294
naval,dune_bayes,323,0.0011025621788576245,0.0001228723267558962,0.0012254344765096903
naval,dune_bayes,324,0.0010944586247205734,0.00012107893417123705,0.0012155375443398952
naval,dune_bayes,325,0.0010618468513712287,0.00011726067896233872,0.0011791075812652707
naval,dune_bayes,326,0.000996287097223103,0.00016363784379791468,0.001159924897365272
naval,dune_bayes,327,0.000902128464076668,0.00012238622002769262,0.0010245146695524454
naval,dune_bayes,328,0.0010097234044224024,0.00012657586194109172,0.0011362992227077484
naval,dune_bayes,329,0.0008853378240019083,0.00013442517956718802,0.0010197630617767572
naval,dune_bayes,330,0.0008984911837615073,0.000121433797175996,0.0010199249954894185
naval,dune_bayes,331,0.0010709196794778109,0.00011595147952903062,0.0011868712026625872
naval,dune_bayes,332,0.0008760422351770103,0.00013175442290958017,0.0010077966144308448
naval,dune_bayes,333,0.0009781940607354045,0.0001572813343955204,0.0011354753514751792
naval,dune_bayes,334,0.0009738546796143055,0.00015576925943605602,0.001129623968154192
naval,dune_bayes,335,0.0010411847615614533,0.00010963562090182677,0.001150820404291153
naval,dune_bayes,336,0.0008382967207580805,8.34923775983043e-05,0.0009217890910804272
naval,dune_bayes,337,0.0010999056976288557,0.0001486474648118019,0.0012485531624406576
naval,dune_bayes,338,0.0011733743594959378,0.0001419358013663441,0.0013153101317584515
naval,dune_bayes,339,0.0009656412876211107,0.00013929393026046455,0.0011049351887777448
naval,dune_bayes,340,0.0011667596409097314,0.00014040626410860568,0.0013071659486740828
naval,dune_bayes,341,0.0010700516868382692,0.00019122177036479115,0.0012612733989953995
naval,dune_bayes,342,0.0010761570883914828,0.00021029046911280602,0.0012864475138485432
naval,dune_bayes,343,0.0012374200159683824,0.00024851056514307857,0.0014859305229038
naval,dune_bayes,344,0.0011593926465138793,0.0001387198717566207,0.0012981125619262457
naval,dune_bayes,345,0.001059510512277484,0.00018718608771450818,0.0012466965708881617
naval,dune_bayes,346,0.0010785185731947422,0.0001432335120625794,0.0012217520270496607
naval,dune_bayes,347,0.0011959753464907408,0.00023361669445876032,0.0014295920263975859
naval,dune_bayes,348,0.001186041859909892,0.00014217807620298117,0.0013282198924571276
naval,dune_bayes,349,0.0011174189858138561,0.00020655196567531675,0.001323970966041088
naval,dune_bayes,350,0.0009418783010914922,0.00013283359294291586,0.0010747119085863233
naval,dune_bayes,351,0.0009148285607807338,0.00010022643255069852,0.0010150549933314323
naval,dune_bayes,352,0.0011325660161674023,0.00033463494037277997,0.0014672009274363518
naval,dune_bayes,353,0.001130106276832521,0.00033300055656582117,0.0014631068333983421
naval,dune_bayes,354,0.0009152229758910835,0.00015225153765641153,0.0010674744844436646
naval,dune_bayes,355,0.000930642825551331,0.000129840467707254,0.0010604832787066698
naval,dune_bayes,356,0.0008989480556920171,9.662844240665436e-05,0.0009955764980986714
naval,dune_bayes,357,0.0011272785486653447,0.00033118383726105094,0.0014584623277187347
naval,dune_bayes,358,0.0010497578186914325,0.00019575480837374926,0.0012455126270651817
naval,dune_bayes,359,0.0010375521378591657,0.00013316876720637083,0.0011707209050655365
naval,dune_bayes,360,0.0010155289201065898,0.00017076822405215353,0.0011862971587106586
naval,dune_bayes,361,0.0009190461714752018,0.0001267722254851833,0.0010458184406161308
naval,dune_bayes,362,0.0011190862860530615,0.00032589895999990404,0.001444985275156796
naval,dune_bayes,363,0.0014469862217083573,0.0003533285344019532,0.0018003147561103106
naval,dune_bayes,364,0.00102742959279567,0.00013073961599729955,0.0011581692378968
naval,dune_bayes,365,0.0011099945986643434,0.00012453606177587062,0.0012345307040959597
naval,dune_bayes,366,0.0010060662170872092,0.00016733797383494675,0.0011734041618183255
naval,dune_bayes,367,0.0009114035638049245,0.00012476110714487731,0.0010361647000536323
naval,dune_bayes,368,0.0010724980384111404,0.00011947887833230197,0.0011919769458472729
naval,dune_bayes,369,0.0009452691301703453,0.00015181665366981179,0.0010970857692882419
naval,dune_bayes,370,0.0010173998307436705,0.00012835294182877988,0.0011457527289167047
naval,dune_bayes,371,0.001085960422642529,0.0001192171112052165,0.0012051775120198727
naval,dune_bayes,372,0.0008934232173487544,0.0001367059740005061,0.0010301291476935148
naval,dune_bayes,373,0.0008970189373940229,0.00012105726636946201,0.001018076203763485
naval,dune_bayes,374,0.0008535990491509438,8.67512499098666e-05,0.0009403502917848527
naval,dune_bayes,375,0.0009829213377088308,0.0001591013715369627,0.0011420226655900478
naval,dune_bayes,376,0.0008487841114401817,8.573532977607101e-05,0.000934519455768168
naval,dune_bayes,377,0.0008896780200302601,0.00011916919174836949,0.0010088472627103329
naval,dune_bayes,378,0.000993609894067049,0.00012276892084628344,0.0011163788149133325
naval,dune_bayes,379,0.0009740918758325279,0.00015603264910168946,0.0011301245540380478
naval,dune_bayes,380,0.0010230937041342258,0.00010919843771262094,0.0011322920909151435
naval,dune_bayes,381,0.0010402355110272765,0.00010943836969090626,0.0011496738297864795
naval,dune_bayes,382,0.0010934254387393594,0.00030959121068008244,0.0014030166203156114
naval,dune_bayes,383,0.0010325050679966807,0.00010783213656395674,0.0011403372045606375
naval,dune_bayes,384,0.0008251799154095352,8.086264278972521e-05,0.0009060425800271332
naval,dune_bayes,385,0.0010879701003432274,0.0003062575124204159,0.0013942276127636433
naval,dune_bayes,386,0.001221083221025765,0.0001507490815129131,0.0013718323316425085
naval,dune_bayes,387,0.0010872615966945887,0.00014539557741954923,0.001232657115906477
naval,dune_bayes,388,0.0011369294952601194,0.00033790519228205085,0.0014748347457498312
naval,dune_bayes,389,0.0007020060438662767,9.439935820410028e-05,0.0007964054238982499
naval,dune_bayes,390,0.0010715682292357087,0.00014148172340355814,0.0012130499817430973
naval,dune_bayes,391,0.001045153709128499,0.00018196029122918844,0.0012271140003576875
naval,dune_bayes,392,0.001134070917032659,0.0003360358241479844,0.001470106770284474
naval,dune_bayes,393,0.0011510021286085248,0.00021783928968943655,0.001368841389194131
naval,dune_bayes,394,0.0011679994640871882,0.00013789006334263831,0.0013058895710855722
naval,dune_bayes,395,0.0010353715624660254,0.00017827958799898624,0.0012136511504650116
naval,dune_bayes,396,0.001128506613895297,0.00033242948120459914,0.001460936153307557
naval,dune_bayes,397,0.0011505081783980131,0.00013379236042965204,0.0012843005824834108
naval,dune_bayes,398,0.0011226334609091282,0.00032868681591935456,0.0014513202477246523
naval,dune_bayes,399,0.0008281571790575981,0.00012687798880506307,0.000955035153310746
naval,dune_bayes,400,0.0010640788823366165,0.00018888514023274183,0.0012529640225693583
naval,dune_bayes,401,0.0008799487259238958,0.0001416588347638026,0.0010216075461357832
naval,dune_bayes,402,0.0011175133986398578,0.00032533908961340785,0.0014428524300456047
naval,dune_bayes,403,0.0010116446064785123,0.00016953660815488547,0.001181181170977652
naval,dune_bayes,404,0.0011145406169816852,0.00032348345848731697,0.0014380241045728326
naval,dune_bayes,405,0.0011091070482507348,0.0001243442966369912,0.0012334513012319803
naval,dune_bayes,406,0.000874712539371103,9.13450785446912e-05,0.0009660576470196247
naval,dune_bayes,407,0.0011090157786384225,0.00031993823358789086,0.0014289540704339743
naval,dune_bayes,408,0.0009969418169930577,0.0001642722199903801,0.0011612140806391835
naval,dune_bayes,409,0.0010932543082162738,0.00012082380999345332,0.0012140781618654728
naval,dune_bayes,410,0.0008768346160650253,0.00013209290045779198,0.0010089274728670716
naval,dune_bayes,411,0.0010059941560029984,0.0001256210816791281,0.0011316152522340417
naval,dune_bayes,412,0.001077035441994667,0.00011727769742719829,0.0011943131685256958
naval,dune_bayes,413,0.0010985445696860552,0.0003133048885501921,0.0014118494000285864
naval,dune_bayes,414,0.0012650858843699098,0.00028188922442495823,0.001546975108794868
naval,dune_bayes,415,0.0008950414485298097,0.00012053862155880779,0.0010155800264328718
naval,dune_bayes,416,0.0010958014754578471,0.0003116081061307341,0.0014074095524847507
naval,dune_bayes,417,0.0008846594137139618,0.00011790312419179827,0.0010025625815615058
naval,dune_bayes,418,0.00096513592870906,0.00015314370102714747,0.0011182796442881227
naval,dune_bayes,419,0.0008810285362415016,0.00011696729779941961,0.0009979958413168788
naval,dune_bayes,420,0.0010392193216830492,0.00010922778164967895,0.001148447161540389
naval,dune_bayes,421,0.0009608446853235364,0.00015166217053774744,0.0011125068413093686
naval,dune_bayes,422,0.000978390104137361,0.00011923530837520957,0.0010976253543049097
naval,dune_bayes,423,0.001031569205224514,0.0001076393891707994,0.0011392085580155253
naval,dune_bayes,424,0.0010829351376742125,0.0003035972476936877,0.0013865323271602392
naval,dune_bayes,425,0.0008217030554078519,8.020854147616774e-05,0.0009019115823321044
naval,dune_bayes,426,0.001080607413314283,0.00030215384322218597,0.0013827612856402993
naval,dune_bayes,427,0.0008703357889316976,0.0001142806067946367,0.000984616344794631
naval,dune_bayes,428,0.0010781697928905487,0.00030063101439736784,0.001378800836391747
naval,dune_bayes,429,0.0009346568840555847,0.00010498351184651256,0.0010396403959020972
naval,dune_bayes,430,0.0009287165594287217,0.00010359873704146594,0.0010323153110221028
naval,dune_bayes,431,0.0011410840088501573,0.000134471440105699,0.0012755554635077715
naval,dune_bayes,432,0.0009233793243765831,0.00010236178059130907,0.0010257411049678922
naval,dune_bayes,433,0.001184810884296894,0.0001419104082742706,0.0013267212780192494
naval,dune_bayes,434,0.0011526733869686723,0.00021861790446564555,0.001371291233226657
naval,dune_bayes,435,0.0011758262990042567,0.00013976242917124182,0.0013155887136235833
naval,dune_bayes,436,0.0011205296032130718,0.00012985353532712907,0.0012503830948844552
naval,dune_bayes,437,0.000696731498464942,9.287070133723319e-05,0.0007896021706983447
naval,dune_bayes,438,0.0011498027015477419,0.00013363944890443236,0.001283442135900259
naval,dune_bayes,439,0.0010435108561068773,0.0001345430500805378,0.0011780539061874151
naval,dune_bayes,440,0.0010168065782636404,0.00017163637676276267,0.0011884429259225726
naval,dune_bayes,441,0.0010298201814293861,0.00017790264973882586,0.0012077228166162968
naval,dune_bayes,442,0.0010389945236966014,0.00013343794853426516,0.001172432443127036
naval,dune_bayes,443,0.001132998033426702,0.00012976005382370204,0.0012627580435946584
naval,dune_bayes,444,0.0010119978105649352,0.00016988758579827845,0.0011818853672593832
naval,dune_bayes,445,0.0008651486714370549,0.00013727328041568398,0.0010024219518527389
naval,dune_bayes,446,0.0010338462889194489,0.00013219623360782862,0.0011660425225272775
naval,dune_bayes,447,0.0010024945950135589,0.00016645128198433667,0.0011689459206536412
naval,dune_bayes,448,0.0011542132124304771,0.00023315691214520484,0.0013873701682314277
naval,dune_bayes,449,0.0011864857515320182,0.0002454222412779927,0.001431907992810011
naval,dune_bayes,450,0.0009047610801644623,0.00012302439427003264,0.001027785474434495
naval,dune_bayes,451,0.0009885927429422736,0.00016146832786034793,0.0011500610271468759
naval,dune_bayes,452,0.0010964653920382261,0.00031249428866431117,0.0014089597389101982
naval,dune_bayes,453,0.000983414356596768,0.00015967381477821618,0.0011430882150307298
naval,dune_bayes,454,0.0010938105406239629,0.000310820119921118,0.0014046307187527418
naval,dune_bayes,455,0.0009788483148440719,0.00015807239105924964,0.0011369206476956606
naval,dune_bayes,456,0.0010371060343459249,0.000111984001705423,0.0011490900069475174
naval,dune_bayes,457,0.0008863209513947368,0.0001183066560770385,0.001004627556540072
naval,dune_bayes,458,0.0009656525799073279,0.00015348679153248668,0.0011191393714398146
naval,dune_bayes,459,0.0009608448599465191,0.00015185432857833803,0.0011126991594210267
naval,dune_bayes,460,0.0007800020975992084,0.00010619030945235863,0.0008861924288794398
naval,dune_bayes,461,0.0008269002428278327,8.132493530865759e-05,0.0009082251926884055
naval,dune_bayes,462,0.0007614347850903869,0.00010152429604204372,0.000862959073856473
naval,dune_bayes,463,0.0009519275045022368,0.00014882945106364787,0.0011007569264620543
naval,dune_bayes,464,0.0010759118013083935,0.0002997041738126427,0.0013756159460172057
naval,dune_bayes,465,0.0010069016134366393,0.00010585339623503387,0.0011127550387755036
naval,dune_bayes,466,0.0009477039566263556,0.00014739159087184817,0.0010950955329462886
naval,dune_bayes,467,0.0009434710955247283,0.00014596630353480577,0.001089437399059534
naval,dune_bayes,468,0.0009955179411917925,0.00010358614235883579,0.0010991040617227554
naval,dune_bayes,469,0.0010093094315379858,0.00010307539196219295,0.001112384838052094
naval,dune_bayes,470,0.0012026745826005936,0.00014624674804508686,0.0013489213306456804
naval,dune_bayes,471,0.0011934025678783655,0.00014399645442608744,0.0013373990077525377
naval,dune_bayes,472,0.0011323165381327271,0.00013245007721707225,0.0012647665571421385
naval,dune_bayes,473,0.0010372127871960402,0.0001794099371181801,0.001216622767969966
naval,dune_bayes,474,0.0010324128670617938,0.0001775986747816205,0.0012100115418434143
naval,dune_bayes,475,0.0009421795839443803,0.0001638604881009087,0.0011060400865972042
naval,dune_bayes,476,0.0009369804756715894,0.0001314981491304934,0.0010684786830097437
naval,dune_bayes,477,0.0010572223691269755,0.00013785883493255824,0.001195081160403788
naval,dune_bayes,478,0.001051902654580772,0.00013652759662363678,0.0011884302366524935
naval,dune_bayes,479,0.0010225572623312473,0.0001739523868309334,0.0011965096928179264
naval,dune_bayes,480,0.0011085128644481301,0.00032053212635219097,0.001429044990800321
naval,dune_bayes,481,0.0010981539962813258,0.00012489398068282753,0.0012230479624122381
naval,dune_bayes,482,0.0008877279469743371,9.434609091840684e-05,0.0009820740669965744
naval,dune_bayes,483,0.00092185044195503,0.00012749491725116968,0.0010493453592061996
naval,dune_bayes,484,0.0010153044713661075,0.00017326587112620473,0.001188570400699973
naval,dune_bayes,485,0.0008723447099328041,9.096442227018997e-05,0.0009633091394789517
naval,dune_bayes,486,0.001097294851206243,0.00031349968048743904,0.0014107945607975125
naval,dune_bayes,487,0.0009373685461468995,0.0001494700845796615,0.0010868386598303914
naval,dune_bayes,488,0.0009889601496979594,0.00016180331294890493,0.0011507634771987796
naval,dune_bayes,489,0.0009033951791934669,0.0001226757449330762,0.0010260709095746279
naval,dune_bayes,490,0.0010121387895196676,0.00012698405771516263,0.0011391228763386607
naval,dune_bayes,491,0.0008522457792423666,8.66574264364317e-05,0.000938903191126883
naval,dune_bayes,492,0.0012490786612033844,0.00027009809855371714,0.0015191767597571015
naval,dune_bayes,493,0.0010474649025127292,0.00011408914724597707,0.0011615540133789182
naval,dune_bayes,494,0.000847407674882561,8.563161827623844e-05,0.0009330392931587994
naval,dune_bayes,495,0.0009932226967066526,0.00012255723413545638,0.0011157799744978547
naval,dune_bayes,496,0.0008329107658937573,8.261328912340105e-05,0.0009155240841209888
naval,dune_bayes,497,0.0010229003382846713,0.00010904428927460685,0.00113194459117949
naval,dune_bayes,498,0.0008777142502367496,0.00011612350499490276,0.0009938377188518643
naval,dune_bayes,499,0.0010167530272156,0.00010779570584418252,0.001124548725783825
naval,dune_bayes,500,0.001037869486026466,0.00010895049490500242,0.001146820024587214
naval,dune_bayes,501,0.0008430279558524489,0.00013269673218019307,0.0009757246589288116
naval,dune_bayes,502,0.0009433567174710333,0.00014611463120672852,0.0010894713923335075
naval,dune_bayes,503,0.0010082717053592205,0.00026446173433214426,0.0012727334396913648
naval,dune_bayes,504,0.0007314541144296527,9.417239198228344e-05,0.0008256264845840633
naval,dune_bayes,505,0.0007256771204993129,9.277222852688283e-05,0.0008184493635781109
naval,dune_bayes,506,0.0008640309679321945,0.00011269772221567109,0.0009767287410795689
naval,dune_bayes,507,0.0008605410112068057,0.00011184014147147536,0.0009723811526782811
naval,dune_bayes,508,0.001145236543379724,0.00021610522526316345,0.001361341797746718
naval,dune_bayes,509,0.001587073551490903,0.00042206820216961205,0.0020091417245566845
naval,dune_bayes,510,0.0009276656783185899,0.00012901020818389952,0.00105667591560632
naval,dune_bayes,511,0.0011491518234834075,0.00013350602239370346,0.001282657845877111
naval,dune_bayes,512,0.0011016074568033218,0.0003165817470289767,0.0014181891456246376
naval,dune_bayes,513,0.000674120441544801,8.745945524424314e-05,0.0007615798967890441
naval,dune_bayes,514,0.0010200932156294584,0.0001748713111737743,0.0011949645122513175
naval,dune_bayes,515,0.0010399051243439317,0.00013359254808165133,0.0011734976433217525
naval,dune_bayes,516,0.0010086798574775457,0.00016908583347685635,0.0011777656618505716
naval,dune_bayes,517,0.0010047074174508452,0.00017001322703436017,0.0011747207026928663
naval,dune_bayes,518,0.0009203789522871375,0.00012708512076642364,0.0010474640876054764
naval,dune_bayes,519,0.0010353864636272192,0.0001324900658801198,0.001167876529507339
naval,dune_bayes,520,0.0010898098116740584,0.00012303920811973512,0.001212849048897624
naval,dune_bayes,521,0.0011322186328470707,0.00012959711602889001,0.0012618157779797912
naval,dune_bayes,522,0.0010038657346740365,0.00016734299424570054,0.0011712086852639914
naval,dune_bayes,523,0.000999168842099607,0.00016564757970627397,0.0011648164363577962
naval,dune_bayes,524,0.0009127453085966408,0.0001250989007530734,0.0010378442239016294
naval,dune_bayes,525,0.0010250949999317527,0.00013002300693187863,0.001155117992311716
naval,dune_bayes,526,0.0011151737999171019,0.00012573007552418858,0.0012409038608893752
naval,dune_bayes,527,0.0009945954661816359,0.00016399404557887465,0.0011585894972085953
naval,dune_bayes,528,0.0009290121961385012,0.00015607906971126795,0.0010850912658497691
naval,dune_bayes,529,0.0009145145304501057,0.00014279171591624618,0.0010573063045740128
naval,dune_bayes,530,0.0009014547104015946,0.00012216565664857626,0.001023620367050171
naval,dune_bayes,531,0.0010574092157185078,0.00011614012328209355,0.0011735493317246437
naval,dune_bayes,532,0.0010908141266554594,0.00012030560174025595,0.001211119699291885
naval,dune_bayes,533,0.0008976819226518273,0.00012117579171899706,0.0010188576998189092
naval,dune_bayes,534,0.0008944778237491846,0.00012037133274134248,0.0010148491710424423
naval,dune_bayes,535,0.0010387924266979098,0.00011225987691432238,0.0011510523036122322
naval,dune_bayes,536,0.0008386531844735146,8.386666740989313e-05,0.0009225198300555348
naval,dune_bayes,537,0.0007905788370408118,0.00010892032878473401,0.0008994991658255458
naval,dune_bayes,538,0.0010331420926377177,0.00011109871411463246,0.0011442408431321383
naval,dune_bayes,539,0.0010135433403775096,0.00026794426958076656,0.0012814876390621066
naval,dune_bayes,540,0.0009868241613730788,0.00012105760833946988,0.0011078817769885063
naval,dune_bayes,541,0.0010269188787788153,0.00010982324602082372,0.001136742066591978
naval,dune_bayes,542,0.0009570104884915054,0.00015090913802850991,0.0011079196119681
naval,dune_bayes,543,0.0010206412989646196,0.00010854006541194394,0.001129181357100606
naval,dune_bayes,544,0.0007677318062633276,0.0001030851635732688,0.0008708169916644692
naval,dune_bayes,545,0.0008727345848456025,0.00011485852155601606,0.0009875930845737457
naval,dune_bayes,546,0.0007497707847505808,9.86228697001934e-05,0.0008483936544507742
naval,dune_bayes,547,0.0010012590792030096,0.0002608188660815358,0.0012620779452845454
naval,dune_bayes,548,0.0006996655720286071,9.352012421004474e-05,0.0007931856671348214
naval,dune_bayes,549,0.0009857658296823502,0.00010159586963709444,0.0010873617138713598
naval,dune_bayes,550,0.0009261781233362854,0.00014061652473174036,0.0010667946189641953
naval,dune_bayes,551,0.0006310818716883659,7.71359700593166e-05,0.0007082178490236402
naval,dune_bayes,552,0.0006559382891282439,7.604931306559592e-05,0.0007319875876419246
naval,dune_bayes,553,0.0007922269287519157,7.451455167029053e-05,0.000866741465870291
naval,dune_bayes,554,0.0009219775092788041,0.00013923709047958255,0.0010612145997583866
naval,dune_bayes,555,0.0008916025399230421,0.00014534055662807077,0.0010369430528953671
naval,dune_bayes,556,0.0009420051355846226,0.00013284097076393664,0.0010748461354523897
naval,dune_bayes,557,0.0009070927044376731,9.884913743007928e-05,0.001005941885523498
naval,dune_bayes,558,0.0010294642997905612,0.00017691971152089536,0.001206384040415287
naval,dune_bayes,559,0.0011612424859777093,0.00023648493515793234,0.0013977274065837264
naval,dune_bayes,560,0.001024493481963873,0.00017507508164271712,0.001199568621814251
naval,dune_bayes,561,0.0010998485377058387,0.00020068552112206817,0.001300534000620246
naval,dune_bayes,562,0.0010536671616137028,0.00013691115600522608,0.001190578332170844
naval,dune_bayes,563,0.0011656848946586251,0.00013739622954744846,0.0013030811678618193
naval,dune_bayes,564,0.0008961991989053786,9.63907950790599e-05,0.0009925899794325233
naval,dune_bayes,565,0.001085343537852168,0.00019590342708397657,0.0012812470085918903
naval,dune_bayes,566,0.001049008802510798,0.0001357605360681191,0.0011847693240270019
naval,dune_bayes,567,0.0011574284872040153,0.0001354510895907879,0.0012928795767948031
naval,dune_bayes,568,0.0010294310050085187,0.00019316235557198524,0.001222593360580504
naval,dune_bayes,569,0.0010945337126031518,0.00012402750144246966,0.0012185611994937062
naval,dune_bayes,570,0.0006849439814686775,9.005201718537137e-05,0.0007749960059300065
naval,dune_bayes,571,0.0009546634973958135,0.0001547917490825057,0.0011094552464783192
naval,dune_bayes,572,0.0010332772508263588,0.0001319514703936875,0.0011652286630123854
naval,dune_bayes,573,0.0008701313636265695,9.062980825547129e-05,0.0009607611573301256
naval,dune_bayes,574,0.0006964236381463706,9.258490172214806e-05,0.0007890085689723492
naval,dune_bayes,575,0.0011152061633765697,0.00012574245920404792,0.0012409486807882786
naval,dune_bayes,576,0.0008647107169963419,8.945893205236644e-05,0.0009541696636006236
naval,dune_bayes,577,0.0008598263375461102,8.840171358315274e-05,0.0009482280584052205
naval,dune_bayes,578,0.001022261450998485,0.0002733980945777148,0.0012956595746800303
naval,dune_bayes,579,0.0009037881973199546,0.00012276497727725655,0.0010265532182529569
naval,dune_bayes,580,0.0010623681591823697,0.00011714985885191709,0.0011795180616900325
naval,dune_bayes,581,0.000903476495295763,0.0001396190928062424,0.0010430956026539207
naval,dune_bayes,582,0.0010085281683132052,0.00012605822121258825,0.0011345864040777087
naval,dune_bayes,583,0.0008590420475229621,0.00013521923392545432,0.0009942612377926707
naval,dune_bayes,584,0.0008722298662178218,0.00013077259063720703,0.0010030025150626898
naval,dune_bayes,585,0.000845156202558428,8.528865873813629e-05,0.0009304448612965643
naval,dune_bayes,586,0.0008396823541261256,0.00012185351079097018,0.0009615358430892229
naval,dune_bayes,587,0.000892605516128242,0.00011988478945568204,0.001012490363791585
naval,dune_bayes,588,0.0010743368184193969,0.00011671413813019171,0.0011910509783774614
naval,dune_bayes,589,0.0010123549727723002,0.00018256560724694282,0.0011949206236749887
naval,dune_bayes,590,0.0008361866348423064,0.00012089173105778173,0.0009570783586241305
naval,dune_bayes,591,0.0008889203309081495,0.00011892721522599459,0.0010078474879264832
naval,dune_bayes,592,0.0010372418910264969,0.00011190191435161978,0.0011491437908262014
naval,dune_bayes,593,0.000962098769377917,0.000152835767949,0.0011149345664307475
naval,dune_bayes,594,0.000989542924799025,0.00012165198859293014,0.0011111949570477009
naval,dune_bayes,595,0.0009576557786203921,0.00015130195242818445,0.0011089576873928308
naval,dune_bayes,596,0.0007915154565125704,0.0001091282392735593,0.0009006437030620873
naval,dune_bayes,597,0.0009847314795479178,0.00012052006059093401,0.0011052514892071486
naval,dune_bayes,598,0.0008749454282224178,0.00011540931882336736,0.0009903546888381243
naval,dune_bayes,599,0.0010361005552113056,0.0001085870826500468,0.00114468764513731
naval,dune_bayes,600,0.0008161173900589347,7.930686115287244e-05,0.0008954242803156376
naval,dune_bayes,601,0.0009438785491511226,0.00014664820628240705,0.0010905268136411905
naval,dune_bayes,602,0.0010283909505233169,0.00010698578262235969,0.0011353767476975918
naval,dune_bayes,603,0.0009663676028139889,0.00011635010014288127,0.0010827176738530397
naval,dune_bayes,604,0.0010213503846898675,0.00010553486208664253,0.0011268852977082133
naval,dune_bayes,605,0.0009533455595374107,0.00016686883463989943,0.0011202143505215645
naval,dune_bayes,606,0.0009309106389991939,0.00014233472757041454,0.0010732454247772694
naval,dune_bayes,607,0.000753889384213835,0.00010752777598099783,0.0008614171529188752
naval,dune_bayes,608,0.0008779322961345315,9.624755330150947e-05,0.0009741798276081681
naval,dune_bayes,609,0.0006542886840179563,7.57036468712613e-05,0.0007299923454411328
naval,dune_bayes,610,0.0009775749640539289,9.994576976168901e-05,0.0010775207774713635
naval,dune_bayes,611,0.0009922340977936983,9.964523633243516e-05,0.0010918793268501759
naval,dune_bayes,612,0.0009723971015773714,9.894515096675605e-05,0.0010713422670960426
naval,dune_bayes,613,0.0009853902738541365,9.828710608417168e-05,0.001083677401766181
naval,dune_bayes,614,0.0009366227895952761,0.00013138586655259132,0.0010680085979402065
naval,dune_bayes,615,0.0011192969977855682,0.00012943150068167597,0.001248728483915329
naval,dune_bayes,616,0.0011740432819351554,0.0001393866550642997,0.0013134299078956246
naval,dune_bayes,617,0.0009326278232038021,0.00013032430433668196,0.0010629520984366536
naval,dune_bayes,618,0.0011129347840324044,0.00012802405399270356,0.0012409588089212775
naval,dune_bayes,619,0.0010660591069608927,0.0001896254252642393,0.001255684532225132
naval,dune_bayes,620,0.0009287351276725531,0.0001292973756790161,0.0010580325033515692
naval,dune_bayes,621,0.0015536012360826135,0.00040442432509735227,0.0019580256193876266
naval,dune_bayes,622,0.0010031531564891338,0.0001695391838438809,0.0011726922821253538
naval,dune_bayes,623,0.0013414648128673434,0.00031395614496432245,0.0016554209869354963
naval,dune_bayes,624,0.000917052268050611,0.00012620919733308256,0.001043261494487524
naval,dune_bayes,625,0.0010860359761863947,0.0001221599377458915,0.0012081959284842014
naval,dune_bayes,626,0.0008661209722049534,8.983064617495984e-05,0.0009559516329318285
naval,dune_bayes,627,0.000671141839120537,8.667515066917986e-05,0.0007578170043416321
naval,dune_bayes,628,0.0009099522139877081,0.00012435590906534344,0.0010343081085011363
naval,dune_bayes,629,0.0008612660458311439,8.878390508471057e-05,0.000950049958191812
naval,dune_bayes,630,0.000986491097137332,0.0001615253131603822,0.0011480164248496294
naval,dune_bayes,631,0.0010182735277339816,0.00027145352214574814,0.0012897270498797297
naval,dune_bayes,632,0.0008564860909245908,8.774874004302546e-05,0.0009442348382435739
naval,dune_bayes,633,0.0009023583843372762,0.00012237433111295104,0.0010247327154502273
naval,dune_bayes,634,0.0010601937538012862,0.00011664901830954477,0.0011768427211791277
naval,dune_bayes,635,0.000977009884081781,0.00015818113752175122,0.0011351910652592778
naval,dune_bayes,636,0.000845748174469918,0.00012355760554783046,0.000969305750913918
naval,dune_bayes,637,0.0009721319656819105,0.00015648995758965611,0.0011286218650639057
naval,dune_bayes,638,0.000817209598608315,0.00012346525909379125,0.0009406748577021062
naval,dune_bayes,639,0.00104777910746634,0.00011404671386117116,0.001161825843155384
naval,dune_bayes,640,0.0008912119665183127,0.0001195081349578686,0.0010107201524078846
naval,dune_bayes,641,0.0009971852414309978,0.0001233640214195475,0.0011205492774024606
naval,dune_bayes,642,0.0010414023417979479,0.00011273873678874224,0.0011541410349309444
naval,dune_bayes,643,0.0008810496074147522,0.000141501150210388,0.001022550743073225
naval,dune_bayes,644,0.0008275827276520431,0.00011858581274282187,0.0009461685549467802
naval,dune_bayes,645,0.0009929188527166843,0.00012238899944350123,0.0011153079103678465
naval,dune_bayes,646,0.0008317325264215469,8.255243301391602e-05,0.000914284959435463
naval,dune_bayes,647,0.001058167195878923,0.00011324427759973332,0.0011714114807546139
naval,dune_bayes,648,0.0008771587163209915,0.00011596091644605622,0.0009931196691468358
naval,dune_bayes,649,0.0009928169893100858,0.0002567587944213301,0.0012495757546275854
naval,dune_bayes,650,0.000732336426153779,9.440744179300964e-05,0.0008267438970506191
naval,dune_bayes,651,0.0013750263024121523,0.0003259573131799698,0.001700983615592122
naval,dune_bayes,652,0.000803227536380291,7.678614929318428e-05,0.0008800136856734753
naval,dune_bayes,653,0.0009309681481681764,0.00014253695553634316,0.0010735051473602653
naval,dune_bayes,654,0.0010130078298971057,0.00010383111657574773,0.0011168390046805143
naval,dune_bayes,655,0.0007988638826645911,7.591519533889368e-05,0.0008747790707275271
naval,dune_bayes,656,0.0009850678034126759,0.0002524337323848158,0.0012375015066936612
naval,dune_bayes,657,0.0010180006502196193,0.0001884184021037072,0.001206419081427157
naval,dune_bayes,658,0.0009986466029658914,0.00010092813317896798,0.0010995747288689017
naval,dune_bayes,659,0.0007450904813595116,0.00010515634494367987,0.0008502468117512763
naval,dune_bayes,660,0.0006503646727651358,7.483732042601332e-05,0.0007252019713632762
naval,dune_bayes,661,0.0007853390998207033,7.327159983105958e-05,0.0008586107287555933
naval,dune_bayes,662,0.0008640396408736706,9.337961091659963e-05,0.0009574192808941007
naval,dune_bayes,663,0.0009098025038838387,0.00013560305524151772,0.0010454055154696107
naval,dune_bayes,664,0.0007020951597951353,9.411438804818317e-05,0.000796209555119276
naval,dune_bayes,665,0.0011107835453003645,0.00012752594193443656,0.001238309545442462
naval,dune_bayes,666,0.0010455608135089278,0.00013484836381394416,0.0011804092209786177
naval,dune_bayes,667,0.001007123151794076,0.00016908573161344975,0.00117620883975178
naval,dune_bayes,668,0.0009233700111508369,0.00012786281877197325,0.0010512328008189797
naval,dune_bayes,669,0.0009971915278583765,0.0001655241212574765,0.0011627156054601073
naval,dune_bayes,670,0.0009747580043040216,0.00016080541536211967,0.0011355634778738022
naval,dune_bayes,671,0.001029808772727847,0.00013104667596053332,0.0011608554050326347
naval,dune_bayes,672,0.0009696847409941256,0.00015923703904263675,0.001128921750932932
naval,dune_bayes,673,0.001077929395250976,0.00012038255954394117,0.0011983119184151292
naval,dune_bayes,674,0.0011226651258766651,0.00012744763807859272,0.001250112778507173
naval,dune_bayes,675,0.000909240625333041,0.0001413702266290784,0.0010506107937544584
naval,dune_bayes,676,0.0010712286457419395,0.00011894825001945719,0.0011901769321411848
naval,dune_bayes,677,0.00090420973720029,0.0001228382025146857,0.0010270479833707213
naval,dune_bayes,678,0.0006553929997608066,8.292081474792212e-05,0.0007383138290606439
naval,dune_bayes,679,0.0010579166701063514,0.000116140246973373,0.0011740569025278091
naval,dune_bayes,680,0.0010976283811032772,0.00012183044600533321,0.0012194588780403137
naval,dune_bayes,681,0.0006818920373916626,8.901695400709286e-05,0.0007709090132266283
naval,dune_bayes,682,0.0010894613806158304,0.00012002737639704719,0.0012094887206330895
naval,dune_bayes,683,0.001001383876428008,0.0002620196610223502,0.0012634035665541887
naval,dune_bayes,684,0.0007653330685570836,0.00010955681500490755,0.0008748898981139064
naval,dune_bayes,685,0.0008898046216927469,0.0001191518604173325,0.0010089564602822065
naval,dune_bayes,686,0.0008330856799148023,8.289678225992247e-05,0.0009159824694506824
naval,dune_bayes,687,0.0009987145895138383,0.00026050201267935336,0.0012592165730893612
naval,dune_bayes,688,0.0010271104983985424,0.00010975429904647171,0.0011368647683411837
naval,dune_bayes,689,0.0008788751438260078,0.00011637775605777279,0.0009952528635039926
naval,dune_bayes,690,0.0009769753087311983,0.00011868234287248924,0.0010956577025353909
naval,dune_bayes,691,0.0008136280812323093,7.892121357144788e-05,0.0008925492875277996
naval,dune_bayes,692,0.0009886105544865131,0.00025477094459347427,0.0012433815281838179
naval,dune_bayes,693,0.0009358281968161464,0.00014430769078899175,0.0010801359312608838
naval,dune_bayes,694,0.0014268598752096295,0.00034270904143340886,0.001769568887539208
naval,dune_bayes,695,0.0009628863190300763,0.00011549281043699011,0.0010783791076391935
naval,dune_bayes,696,0.0009272412280552089,0.00014146332978270948,0.001068704528734088
naval,dune_bayes,697,0.0008615704718977213,0.00011205457849428058,0.0009736250503920019
naval,dune_bayes,698,0.001012777560390532,0.00010378346632933244,0.0011165610048919916
naval,dune_bayes,699,0.0009787643793970346,0.0002492414496373385,0.0012280058581382036
naval,dune_bayes,700,0.0012983062770217657,0.0002936394012067467,0.001591945649124682
naval,dune_bayes,701,0.0010051570134237409,0.00010224049765383825,0.0011073974892497063
naval,dune_bayes,702,0.001059901900589466,0.00020299074822105467,0.0012628926197066903
naval,dune_bayes,703,0.0008546015014871955,0.00011034943599952385,0.000964950944762677
naval,dune_bayes,704,0.0009797533275559545,0.00010031017882283777,0.0010800635209307075
naval,dune_bayes,705,0.000866271962877363,9.380477422382683e-05,0.000960076751653105
naval,dune_bayes,706,0.0008476994698867202,0.00010865158401429653,0.0009563510539010167
naval,dune_bayes,707,0.0008621065062470734,9.296082134824246e-05,0.0009550673421472311
naval,dune_bayes,708,0.0009055568953044713,0.00013441337796393782,0.0010399703169241548
naval,dune_bayes,709,0.0007685250020585954,7.011380512267351e-05,0.0008386388071812689
naval,dune_bayes,710,0.0006926049245521426,9.183222573483363e-05,0.0007844371721148491
naval,dune_bayes,711,0.0010094227036461234,0.00017163663869723678,0.0011810592841356993
naval,dune_bayes,712,0.0010434477590024471,0.00013430278340820223,0.0011777505278587341
naval,dune_bayes,713,0.0010954808676615357,0.00012413137301336974,0.0012196121970191598
naval,dune_bayes,714,0.0009320781100541353,0.0001480892242398113,0.001080167363397777
naval,dune_bayes,715,0.0010824749479070306,0.00012131698167650029,0.0012037919368594885
naval,dune_bayes,716,0.0011306304950267076,0.00012927583884447813,0.0012599063338711858
naval,dune_bayes,717,0.0011221753666177392,0.00012734792835544795,0.0012495232513174415
naval,dune_bayes,718,0.0008593057282269001,8.849520236253738e-05,0.0009478009305894375
naval,dune_bayes,719,0.001008243765681982,0.00026632193475961685,0.001274565700441599
naval,dune_bayes,720,0.0011135062668472528,0.0001253902883036062,0.0012388965114951134
naval,dune_bayes,721,0.0010055296588689089,0.000264758215053007,0.0012702879030257463
naval,dune_bayes,722,0.0009028231143020093,0.0001224836305482313,0.0010253067594021559
naval,dune_bayes,723,0.0010136356577277184,0.00012716914352495223,0.0011408048449084163
naval,dune_bayes,724,0.0010622642002999783,0.00011701515904860571,0.0011792794102802873
naval,dune_bayes,725,0.0010888116667047143,0.00011989291670033708,0.0012087045470252633
naval,dune_bayes,726,0.0008109402842819691,0.00011423848627600819,0.000925178756006062
naval,dune_bayes,727,0.0010434620780870318,0.00011308016837574542,0.0011565422173589468
naval,dune_bayes,728,0.0010810027597472072,0.00011818039638455957,0.001199183170683682
naval,dune_bayes,729,0.0009950625244528055,0.0002587779308669269,0.0012538405135273933
naval,dune_bayes,730,0.0006988779059611261,9.295417839894071e-05,0.0007918321061879396
naval,dune_bayes,731,0.0010376431746408343,0.0001118793006753549,0.0011495224898681045
naval,dune_bayes,732,0.0010729478672146797,0.00011643002653727308,0.0011893778573721647
naval,dune_bayes,733,0.0009551965049467981,0.0001509969006292522,0.0011061934055760503
naval,dune_bayes,734,0.0007447213865816593,0.00010423507046652958,0.0008489564643241465
naval,dune_bayes,735,0.0009893818059936166,0.00012149606482125819,0.0011108778417110443
naval,dune_bayes,736,0.0009896367555484176,0.0002557392290327698,0.001245375955477357
naval,dune_bayes,737,0.0007703875307925045,0.00010377867874922231,0.0008741662022657692
naval,dune_bayes,738,0.0008774833404459059,0.00011602866288740188,0.0009935119887813926
naval,dune_bayes,739,0.0008148787310346961,7.923506200313568e-05,0.0008941137930378318
naval,dune_bayes,740,0.0008738671895116568,0.00011510420154081658,0.0009889714419841766
naval,dune_bayes,741,0.0009367740130983293,0.00014477272634394467,0.0010815467685461044
naval,dune_bayes,742,0.0009323341655544937,0.0001433127763448283,0.0010756469564512372
naval,dune_bayes,743,0.000796414737123996,7.554051262559369e-05,0.0008719552424736321
naval,dune_bayes,744,0.0014011793537065387,0.0003311956243123859,0.001732375007122755
naval,dune_bayes,745,0.0007114258478395641,8.940062252804637e-05,0.0008008264703676105
naval,dune_bayes,746,0.001011810963973403,0.0001035887107718736,0.0011153996456414461
naval,dune_bayes,747,0.0007916472968645394,7.461223140126094e-05,0.0008662595064379275
naval,dune_bayes,748,0.000989962019957602,9.919550939230248e-05,0.0010891575366258621
naval,dune_bayes,749,0.0007781886961311102,7.200158142950386e-05,0.0008501902921125293
naval,dune_bayes,750,0.0009059575968421996,0.0001346989010926336,0.0010406564688310027
naval,dune_bayes,751,0.0006422226433642209,7.306148472707719e-05,0.0007152841426432133
naval,dune_bayes,752,0.0009014001116156578,0.00013325188774615526,0.001034651999361813
naval,dune_bayes,753,0.0008429885492660105,0.00010749384091468528,0.0009504823829047382
naval,dune_bayes,754,0.0009761028341017663,9.645632235333323e-05,0.0010725591564550996
naval,dune_bayes,755,0.0008525485754944384,9.100549505092204e-05,0.0009435540996491909
naval,dune_bayes,756,0.0008930964977480471,0.0001306279154960066,0.0010237244423478842
naval,dune_bayes,757,0.0009618152398616076,9.368034807266667e-05,0.0010554955806583166
naval,dune_bayes,758,0.0010933163575828075,0.00012363567657303065,0.0012169519905000925
naval,dune_bayes,759,0.0011464639101177454,0.0001329373917542398,0.0012794013600796461
naval,dune_bayes,760,0.000871342490427196,9.117535228142515e-05,0.000962517864536494
naval,dune_bayes,761,0.0009946246864274144,0.00016497608157806098,0.0011596007971093059
naval,dune_bayes,762,0.0009161930065602064,0.0001259556011063978,0.0010421485640108585
naval,dune_bayes,763,0.001027042861096561,0.00013032654533162713,0.001157369464635849
naval,dune_bayes,764,0.0010802452452480793,0.00012081183376722038,0.0012010571081191301
naval,dune_bayes,765,0.001004690071567893,0.000264620321104303,0.0012693103635683656
naval,dune_bayes,766,0.0010218954412266612,0.00012910008081234992,0.0011509954929351807
naval,dune_bayes,767,0.0010167494183406234,0.00012787785090040416,0.0011446272255852818
naval,dune_bayes,768,0.0008506925078108907,8.672777767060325e-05,0.0009374202927574515
naval,dune_bayes,769,0.0008685555658303201,0.00012986364890821278,0.0009984192438423634
naval,dune_bayes,770,0.0009706785785965621,0.0001565002603456378,0.001127178780734539
naval,dune_bayes,771,0.0010966372210532427,0.00012162976781837642,0.0012182670179754496
naval,dune_bayes,772,0.001041992800310254,0.0001127584619098343,0.0011547512840479612
naval,dune_bayes,773,0.0007906698156148195,0.00010895906598307192,0.000899628852494061
naval,dune_bayes,774,0.0008834134787321091,0.0001175173165393062,0.0010009307879954576
naval,dune_bayes,775,0.0010291406651958823,0.00011010501475539058,0.0011392456945031881
naval,dune_bayes,776,0.0008212060783989727,8.05760282673873e-05,0.0009017821284942329
naval,dune_bayes,777,0.00070844532456249,9.519587911199778e-05,0.000803641218226403
naval,dune_bayes,778,0.0007578952354378998,0.00010067094262922183,0.0008585661998949945
naval,dune_bayes,779,0.0009826046880334616,0.00011990997882094234,0.0011025146814063191
naval,dune_bayes,780,0.0008117062970995903,7.864707004046068e-05,0.0008903533453121781
naval,dune_bayes,781,0.000978166121058166,0.0002496190136298537,0.0012277851346880198
naval,dune_bayes,782,0.0009327316074632108,0.0001436269230907783,0.0010763584868982434
naval,dune_bayes,783,0.0009283216204494238,0.00014215831470210105,0.0010704799788072705
naval,dune_bayes,784,0.0009640751522965729,0.00011568688205443323,0.0010797620052471757
naval,dune_bayes,785,0.0009708225261420012,0.0002455089124850929,0.001216331496834755
naval,dune_bayes,786,0.0008584152674302459,0.00011126903700642288,0.0009696843335404992
naval,dune_bayes,787,0.0010109698632732034,0.00010342377936467528,0.0011143935844302177
naval,dune_bayes,788,0.0009657633490860462,0.0002427233848720789,0.0012084867339581251
naval,dune_bayes,789,0.0007839871686883271,7.316590199479833e-05,0.0008571530925109982
naval,dune_bayes,790,0.0006450058426707983,7.368755905190483e-05,0.000718693423550576
naval,dune_bayes,791,0.0009967420483008027,0.00010054834274342284,0.0010972904274240136
naval,dune_bayes,792,0.0008484800928272307,0.00010883872164413333,0.000957318814471364
naval,dune_bayes,793,0.0009701160015538335,9.837085235631093e-05,0.0010684868320822716
naval,dune_bayes,794,0.0008593706297688186,9.235622565029189e-05,0.0009517268626950681
naval,dune_bayes,795,0.00098245101980865,9.77056406554766e-05,0.001080156653188169
naval,dune_bayes,796,0.0009560563485138118,0.00023743197380099446,0.001193488365970552
naval,dune_bayes,797,0.0009752599289640784,9.629535634303465e-05,0.001071555307134986
naval,dune_bayes,798,0.0009040012373588979,0.00015092009562067688,0.0010549213038757443
naval,dune_bayes,799,0.0006377305835485458,7.207525050034747e-05,0.0007098058122210205
naval,dune_bayes,800,0.0008382628438994288,0.00010635735088726506,0.0009446201729588211
naval,dune_bayes,801,0.0007617882220074534,6.893581303302199e-05,0.0008307240204885602
naval,dune_bayes,802,0.0008849099976941943,0.00012821050768252462,0.0010131205199286342
naval,dune_bayes,803,0.0008315429440699518,0.00010473352449480444,0.000936276454012841
naval,dune_bayes,804,0.0009544139029458165,9.225786197930574e-05,0.0010466717649251223
naval,dune_bayes,805,0.0011377420742064714,0.00013092764129396528,0.001268669730052352
naval,dune_bayes,806,0.000724209297914058,9.965070057660341e-05,0.0008238599984906614
naval,dune_bayes,807,0.0010781945893540978,0.00012033095845254138,0.0011985255405306816
naval,dune_bayes,808,0.0008617698913440108,0.00012799790420103818,0.0009897678392007947
naval,dune_bayes,809,0.0009038583957590163,0.00012275425251573324,0.0010266127064824104
naval,dune_bayes,810,0.0009930517990142107,0.0002583025489002466,0.0012513543479144573
naval,dune_bayes,811,0.0009001404978334904,0.00012177816824987531,0.0010219186078757048
naval,dune_bayes,812,0.0009900765726342797,0.000256665371125564,0.0012467419728636742
naval,dune_bayes,813,0.000896329409442842,0.00012080178566975519,0.001017131144180894
naval,dune_bayes,814,0.0010963150998577476,0.00012156434240750968,0.0012178794713690877
naval,dune_bayes,815,0.0008925897418521345,0.00011984928278252482,0.0010124390246346593
naval,dune_bayes,816,0.0008325808448716998,8.297785825561732e-05,0.0009155587176792324
naval,dune_bayes,817,0.001039857161231339,0.00011227362119825557,0.001152130775153637
naval,dune_bayes,818,0.0010799133451655507,0.00011795986938523129,0.0011978732654824853
naval,dune_bayes,819,0.00098224519751966,0.00025225087301805615,0.0012344960123300552
naval,dune_bayes,820,0.0009797138627618551,0.0002508098550606519,0.0012305236887186766
naval,dune_bayes,821,0.0009430214413441718,0.00014722207561135292,0.0010902434587478638
naval,dune_bayes,822,0.0009770086035132408,0.0002493214560672641,0.001226330059580505
naval,dune_bayes,823,0.0006527784862555563,8.21385983726941e-05,0.0007349170628003776
naval,dune_bayes,824,0.0007546670385636389,9.987869998440146e-05,0.0008545457385480404
naval,dune_bayes,825,0.0008779536583460867,0.00011611484660534188,0.0009940684540197253
naval,dune_bayes,826,0.000981208635494113,0.00011954864748986438,0.0011007572757080197
naval,dune_bayes,827,0.001021370873786509,0.00010848119563888758,0.001129852025769651
naval,dune_bayes,828,0.0010561442468315363,0.00011283427738817409,0.0011689785169437528
naval,dune_bayes,829,0.0007280496647581458,9.338548989035189e-05,0.0008214351255446672
naval,dune_bayes,830,0.0009716061176732183,0.00011736105807358399,0.001088967197574675
naval,dune_bayes,831,0.0010095781181007624,0.00010610197205096483,0.0011156800901517272
naval,dune_bayes,832,0.000967416272033006,0.00011642443132586777,0.0010838407324627042
naval,dune_bayes,833,0.0008147053886204958,0.00012241060903761536,0.0009371159831061959
naval,dune_bayes,834,0.0007943525561131537,7.524507236666977e-05,0.0008695976575836539
naval,dune_bayes,835,0.0008605804177932441,0.00011179902503499761,0.0009723794646561146
naval,dune_bayes,836,0.000991107546724379,0.00010243010910926387,0.0010935376631096005
naval,dune_bayes,837,0.0007895033922977746,7.429495599353686e-05,0.0008637983701191843
naval,dune_bayes,838,0.0007068419363349676,8.832339517539367e-05,0.0007951653096824884
naval,dune_bayes,839,0.0009857878321781754,0.00010138841753359884,0.0010871762642636895
naval,dune_bayes,840,0.0009959425078704953,0.00010039044718723744,0.001096332911401987
naval,dune_bayes,841,0.0013801760505884886,0.00032166423625312746,0.0017018403159454465
naval,dune_bayes,842,0.0009680083021521568,9.792230412131175e-05,0.0010659305844455957
naval,dune_bayes,843,0.0006422877195291221,7.304840255528688e-05,0.000715336122084409
naval,dune_bayes,844,0.0008437030483037233,0.0001076618063962087,0.0009513648692518473
naval,dune_bayes,845,0.0008937731035985053,0.0001311529631493613,0.0010249260812997818
naval,dune_bayes,846,0.001287065795622766,0.0002886325237341225,0.0015756983775645494
naval,dune_bayes,847,0.0006428072229027748,7.313757669180632e-05,0.0007159447995945811
naval,dune_bayes,848,0.0008403674582950771,0.00010686182213248685,0.0009472292731516063
naval,dune_bayes,849,0.0009744006674736738,9.612771100364625e-05,0.0010705284075811505
naval,dune_bayes,850,0.0008896403596736491,0.00012983875058125705,0.0010194791248068213
naval,dune_bayes,851,0.0007541807717643678,6.756545190000907e-05,0.0008217462454922497
naval,dune_bayes,852,0.0009425050811842084,0.00023044411500450224,0.0011729492107406259
naval,dune_bayes,853,0.0007819433230906725,0.00011500051914481446,0.0008969438495114446
naval,dune_bayes,854,0.0008302794303745031,0.00010443300561746582,0.0009347124141640961
naval,dune_bayes,855,0.000841786153614521,8.881679241312668e-05,0.0009306029533036053
naval,dune_bayes,856,0.0006447837222367525,7.339790317928419e-05,0.0007181816035881639
naval,dune_bayes,857,0.0010767950443550944,0.00012001582945231348,0.0011968108592554927
naval,dune_bayes,858,0.0008063016575761139,0.00012172313290648162,0.0009280247613787651
naval,dune_bayes,859,0.0009057872230187058,0.00012324047565925866,0.0010290277423337102
naval,dune_bayes,860,0.0010083296801894903,0.0001258217089343816,0.0011341513600200415
naval,dune_bayes,861,0.0008143263985402882,0.00012268377759028226,0.0009370101615786552
naval,dune_bayes,862,0.0008949852199293673,0.00012046132906107232,0.0010154464980587363
naval,dune_bayes,863,0.0010956726036965847,0.00012142655759816989,0.0012170991394668818
naval,dune_bayes,864,0.0007846538792364299,0.0001074639440048486,0.000892117852345109
naval,dune_bayes,865,0.0010874489089474082,0.00011961461859755218,0.0012070635566487908
naval,dune_bayes,866,0.0010383982444182038,0.00011193663522135466,0.0011503348359838128
naval,dune_bayes,867,0.0009488637442700565,0.00014936529623810202,0.0010982290841639042
naval,dune_bayes,868,0.0009760444518178701,0.00024910742649808526,0.0012251518201082945
naval,dune_bayes,869,0.0007784812478348613,0.0001058508496498689,0.0008843321120366454
naval,dune_bayes,870,0.0010319877183064818,0.00011061540863011032,0.001142603112384677
naval,dune_bayes,871,0.0008194227120839059,8.032436016947031e-05,0.0008997470722533762
naval,dune_bayes,872,0.0012223568046465516,0.00026425335090607405,0.0014866101555526257
naval,dune_bayes,873,0.0009708124562166631,0.0002461994008626789,0.0012170118279755116
naval,dune_bayes,874,0.0010193061316385865,0.00010803924669744447,0.0011273453710600734
naval,dune_bayes,875,0.0008096910896711051,7.835484575480223e-05,0.0008880459354259074
naval,dune_bayes,876,0.001040108734741807,0.00010944981477223337,0.0011495585786178708
naval,dune_bayes,877,0.0009629906271584332,0.00024187919916585088,0.001204869826324284
naval,dune_bayes,878,0.0010012660641223192,0.00010441042832098901,0.0011056765215471387
naval,dune_bayes,879,0.0010328456992283463,0.0001079285066225566,0.0011407742276787758
naval,dune_bayes,880,0.0007955292821861804,7.55308719817549e-05,0.0008710601832717657
naval,dune_bayes,881,0.0010173344053328037,0.00010472803114680573,0.001122062443755567
naval,dune_bayes,882,0.0007053097360767424,8.795876783551648e-05,0.0007932684966363013
naval,dune_bayes,883,0.0008557157125324011,0.00011058499512728304,0.0009663007222115993
naval,dune_bayes,884,0.0009837468387559056,0.00010094884055433795,0.0010846956865862012
naval,dune_bayes,885,0.0010102519299834967,0.00010328206553822383,0.0011135339736938477
naval,dune_bayes,886,0.0008963304571807384,0.00014554744120687246,0.001041877898387611
naval,dune_bayes,887,0.0008682912448421121,9.411149949301034e-05,0.0009624027297832072
naval,dune_bayes,888,0.0010025481460615993,0.00010172092879656702,0.001104269060306251
naval,dune_bayes,889,0.0007771432865411043,7.195274520199746e-05,0.000849096046295017
naval,dune_bayes,890,0.000848824274726212,0.00010888891847571358,0.0009577131713740528
naval,dune_bayes,891,0.0009950812673196197,0.00010022363130701706,0.0010953048476949334
naval,dune_bayes,892,0.000898673664778471,0.0001328428043052554,0.0010315164690837264
naval,dune_bayes,893,0.0009479813743382692,0.00023372459691017866,0.001181705971248448
naval,dune_bayes,894,0.0006406775792129338,7.270806963788345e-05,0.0007133856415748596
naval,dune_bayes,895,0.0008385510300286114,0.00010639234824338928,0.0009449434000998735
naval,dune_bayes,896,0.0008521670242771506,9.085363853955641e-05,0.0009430206846445799
naval,dune_bayes,897,0.0009735386120155454,9.595990559319034e-05,0.0010694984812289476
naval,dune_bayes,898,0.0008480966207571328,9.004292951431125e-05,0.0009381395648233593
naval,dune_bayes,899,0.0009382741409353912,0.00022851891117170453,0.0011667930521070957
naval,dune_bayes,900,0.0008404355030506849,8.851464372128248e-05,0.0009289501467719674
naval,dune_bayes,901,0.0006837003165856004,5.598392817773856e-05,0.0007396842702291906
naval,dune_bayes,902,0.0008256214787252247,0.00010330781515222043,0.0009289293084293604
naval,dune_bayes,903,0.0006798190879635513,5.5327225709334016e-05,0.0007351463427767158
naval,dune_bayes,904,0.0008019815431907773,0.00010591634054435417,0.0009078978910110891
naval,dune_bayes,905,0.0011582882143557072,0.00023816374596208334,0.0013964519603177905
naval,dune_bayes,906,0.0010686063906177878,0.0001182309424621053,0.0011868373258039355
naval,dune_bayes,907,0.000857564271427691,0.00012681609950959682,0.0009843803709372878
naval,dune_bayes,908,0.0009646008256822824,0.0001549300941405818,0.0011195308761671185
naval,dune_bayes,909,0.0008143687155097723,0.00011516226368257776,0.0009295310010202229
naval,dune_bayes,910,0.000893104006536305,0.00011994844680884853,0.0010130524169653654
naval,dune_bayes,911,0.00100195431150496,0.00012428736954461783,0.0011262416373938322
naval,dune_bayes,912,0.0008307156385853887,8.271767001133412e-05,0.000913433323148638
naval,dune_bayes,913,0.0007325285114347935,0.00010121904779225588,0.0008337475592270494
naval,dune_bayes,914,0.0009969049133360386,0.00012311057071201503,0.001120015513151884
naval,dune_bayes,915,0.0010427318047732115,0.00011281121260253713,0.0011555430246517062
naval,dune_bayes,916,0.0009503384935669601,0.00015002301370259374,0.0011003614636138082
naval,dune_bayes,917,0.0008031048928387463,0.00011217892460990697,0.000915283802896738
naval,dune_bayes,918,0.0008862147224135697,0.00011821594671346247,0.0010044306982308626
naval,dune_bayes,919,0.0009876523399725556,0.00012098362640244886,0.0011086359154433012
naval,dune_bayes,920,0.0010298381093889475,0.00011014794290531427,0.0011399860959500074
naval,dune_bayes,921,0.0014759547775611281,0.0003666295961011201,0.0018425843445584178
naval,dune_bayes,922,0.0008789094863459468,0.00011635673581622541,0.0009952662512660027
naval,dune_bayes,923,0.000935704680159688,0.0001451018761144951,0.0010808065999299288
naval,dune_bayes,924,0.0009779103565961123,0.00011872696632053703,0.0010966373374685645
naval,dune_bayes,925,0.0008064580615609884,7.776290294714272e-05,0.0008842209354043007
naval,dune_bayes,926,0.0009618186159059405,0.00024159622262232006,0.001203414867632091
naval,dune_bayes,927,0.0011462389957159758,0.00023479395895265043,0.0013810329837724566
naval,dune_bayes,928,0.0009596860618330538,0.0002403749240329489,0.001200060942210257
naval,dune_bayes,929,0.0007240617997013032,9.242862142855301e-05,0.0008164904429577291
naval,dune_bayes,930,0.0008645006455481052,0.00011275186989223585,0.0009772524936124682
naval,dune_bayes,931,0.0009640867938287556,0.00011560373968677595,0.001079690526239574
naval,dune_bayes,932,0.0006782316486351192,8.785331010585651e-05,0.0007660849369131029
naval,dune_bayes,933,0.0008609350770711899,0.00011185223411303014,0.0009727873257361352
naval,dune_bayes,934,0.0008509696926921606,0.00010940902575384825,0.0009603787329979241
naval,dune_bayes,935,0.000941768754273653,0.00023070619499776512,0.001172474934719503
naval,dune_bayes,936,0.0008586095063947141,9.211854194290936e-05,0.0009507280774414539
naval,dune_bayes,937,0.001031830906867981,0.00018838461255654693,0.0012202155776321888
naval,dune_bayes,938,0.0007560408557765186,6.800399569328874e-05,0.0008240448660217226
naval,dune_bayes,939,0.0009662352968007326,9.453554957872257e-05,0.0010607708245515823
naval,dune_bayes,940,0.000878002552781254,0.00012648903066292405,0.001004491583444178
naval,dune_bayes,941,0.000932160357479006,0.00022559134231414646,0.0011577516561374068
naval,dune_bayes,942,0.001376371830701828,0.0003229937865398824,0.0016993656754493713
naval,dune_bayes,943,0.0008305698866024613,0.0001044685923261568,0.0009350384934805334
naval,dune_bayes,944,0.0009421378490515053,9.293804760091007e-05,0.001035075867548585
naval,dune_bayes,945,0.0006845726747997105,5.6168784794863313e-05,0.000740741437766701
naval,dune_bayes,946,0.000873505836352706,0.00012510889791883528,0.0009986147051677108
naval,dune_bayes,947,0.0008276989683508873,0.00010379896411905065,0.0009314979542978108
naval,dune_bayes,948,0.0008386060944758356,8.812830492388457e-05,0.0009267344139516354
naval,dune_bayes,949,0.0006544633070006967,7.536746124969795e-05,0.000729830760974437
naval,dune_bayes,950,0.0009227867121808231,0.00022063549840822816,0.0011434222105890512
naval,dune_bayes,951,0.0009206805261783302,0.0002195170964114368,0.001140197622589767
naval,dune_bayes,952,0.0010102181695401669,0.0001261988072656095,0.0011364170350134373
naval,dune_bayes,953,0.0008396806661039591,0.00012190473353257403,0.0009615853778086603
naval,dune_bayes,954,0.001053198124282062,0.00011495145008666441,0.0011681495234370232
naval,dune_bayes,955,0.0011029620654881,0.00012306887947488576,0.0012260309886187315
naval,dune_bayes,956,0.0010006417287513614,0.0001239670964423567,0.0011246087960898876
naval,dune_bayes,957,0.0009465481853112578,0.00014891634054947644,0.00109546456951648
naval,dune_bayes,958,0.000779768219217658,0.00010618538362905383,0.0008859536028467119
naval,dune_bayes,959,0.0010343563044443727,0.00011104103032266721,0.001145397312939167
naval,dune_bayes,960,0.0009638521587476134,0.00024300873337779194,0.0012068608775734901
naval,dune_bayes,961,0.0008807408739812672,0.0001168054441222921,0.000997546361759305
naval,dune_bayes,962,0.0009765689028427005,0.00011840514343930408,0.0010949739953503013
naval,dune_bayes,963,0.0010158197255805135,0.00010725781612563878,0.001123077585361898
naval,dune_bayes,964,0.0009559427271597087,0.0002386711275903508,0.0011946138693019748
naval,dune_bayes,965,0.0007983159739524126,7.619419920956716e-05,0.0008745101513341069
naval,dune_bayes,966,0.0012806312879547477,0.0002871030301321298,0.001567734288983047
naval,dune_bayes,967,0.00072237488348037,9.201210195897147e-05,0.0008143869927152991
naval,dune_bayes,968,0.0009505767957307398,0.0002357768826186657,0.0011863536201417446
naval,dune_bayes,969,0.0009977493900805712,0.0001036514513543807,0.001101400819607079
naval,dune_bayes,970,0.0009138684836216271,0.00013803853653371334,0.0010519069619476795
naval,dune_bayes,971,0.0010238642571493983,0.00010608128650346771,0.001129945507273078
naval,dune_bayes,972,0.0007842804188840091,7.343463221332058e-05,0.0008577150292694569
naval,dune_bayes,973,0.0009043946047313511,0.00013499647320713848,0.001039391034282744
naval,dune_bayes,974,0.000943182734772563,0.00023176369722932577,0.0011749464320018888
naval,dune_bayes,975,0.0010013493010774255,0.00010148695582756773,0.0011028362205252051
naval,dune_bayes,976,0.0006407339824363589,7.274164818227291e-05,0.0007134756306186318
naval,dune_bayes,977,0.0008722787606529891,0.0001383675407851115,0.0010106463450938463
naval,dune_bayes,978,0.0009333986090496182,0.00022653740597888827,0.0011599359568208456
naval,dune_bayes,979,0.0008393818279728293,0.00010659091640263796,0.0009459727443754673
naval,dune_bayes,980,0.000979896984063089,9.720974048832431e-05,0.0010771066881716251
naval,dune_bayes,981,0.0008782161748968065,0.0001267241023015231,0.0010049402480944991
naval,dune_bayes,982,0.0006409843917936087,7.2684240876697e-05,0.0007136686472222209
naval,dune_bayes,983,0.0009464013855904341,9.370923362439498e-05,0.0010401105973869562
naval,dune_bayes,984,0.0009654735331423581,9.438897541258484e-05,0.0010598625522106886
naval,dune_bayes,985,0.0006854884559288621,5.636706555378623e-05,0.0007418555323965847
naval,dune_bayes,986,0.0008740694611333311,0.00012542963668238372,0.00099949911236763
naval,dune_bayes,987,0.0009258376085199416,0.00022255894145928323,0.0011483965208753943
naval,dune_bayes,988,0.0006564655341207981,7.581643149023876e-05,0.000732281943783164
naval,dune_bayes,989,0.0009406512253917754,9.263891843147576e-05,0.0010332901729270816
naval,dune_bayes,990,0.0009587730164639652,9.309370943810791e-05,0.0010518666822463274
naval,dune_bayes,991,0.0006517696310766041,7.482334331143647e-05,0.0007265929598361254
naval,dune_bayes,992,0.0008259064052253962,0.0001033619191730395,0.0009292683098465204
naval,dune_bayes,993,0.000921183789614588,0.0002201212482759729,0.0011413050815463066
naval,dune_bayes,994,0.0009293929906561971,9.053412213688716e-05,0.0010199270909652114
naval,dune_bayes,995,0.000918907520826906,0.0002189214719692245,0.0011378290364518762
naval,dune_bayes,996,0.0008293647551909089,8.628641808172688e-05,0.0009156511514447629
naval,dune_bayes,997,0.0009226478287018836,0.00015647365944460034,0.001079121488146484
naval,dune_bayes,998,0.0009987696539610624,0.00012347870506346226,0.0011222483590245247
naval,dune_bayes,999,0.0008191663073375821,8.0460449680686e-05,0.0008996267570182681
naval,dune_bayes,1000,0.0009607090032659471,0.00024157276493497193,0.0012022817973047495
naval,dune_bayes,1001,0.0007616934017278254,0.000109289881947916,0.000870983290951699
naval,dune_bayes,1002,0.0009893105598166585,0.00012129773676861078,0.001110608340241015
naval,dune_bayes,1003,0.0009382144780829549,0.00014626517076976597,0.0010844796197488904
naval,dune_bayes,1004,0.0009335289942100644,0.0001446878450224176,0.0010782168246805668
naval,dune_bayes,1005,0.0006990140536800027,9.288401633966714e-05,0.0007918980554677546
naval,dune_bayes,1006,0.0008757416508160532,0.00011553221702342853,0.0009912739042192698
naval,dune_bayes,1007,0.0008690415415912867,0.00011387778067728505,0.0009829193586483598
naval,dune_bayes,1008,0.0007212250493466854,9.172544378088787e-05,0.0008129504858516157
naval,dune_bayes,1009,0.0007902057259343565,7.465605449397117e-05,0.0008648617658764124
naval,dune_bayes,1010,0.0008618674473837018,0.00011208292562514544,0.0009739503730088472
naval,dune_bayes,1011,0.000995831098407507,0.00010323284368496388,0.0010990638984367251
naval,dune_bayes,1012,0.001031192485243082,0.00010760201985249296,0.001138794468715787
naval,dune_bayes,1013,0.0009421636932529509,0.00023154325026553124,0.0011737069580703974
naval,dune_bayes,1014,0.0011254908749833703,0.00022675494255963713,0.0013522458029910922
naval,dune_bayes,1015,0.0007051450083963573,8.793181768851355e-05,0.0007930768188089132
naval,dune_bayes,1016,0.0009394712396897376,0.0002300935157109052,0.0011695647845044732
naval,dune_bayes,1017,0.0006417783442884684,7.297540287254378e-05,0.0007147537544369698
naval,dune_bayes,1018,0.0008640734013170004,9.31668546400033e-05,0.0009572402341291308
naval,dune_bayes,1019,0.00093200703850016,0.00022612755128648132,0.0011581345461308956
naval,dune_bayes,1020,0.000639513018541038,7.248322071973234e-05,0.0007119962247088552
naval,dune_bayes,1021,0.000639150501228869,7.238412217702717e-05,0.0007115346379578114
naval,dune_bayes,1022,0.0006868825294077396,5.6636294175405055e-05,0.0007435188163071871
naval,dune_bayes,1023,0.0006501959869638085,7.454122533090413e-05,0.0007247371831908822
naval,dune_bayes,1024,0.0009442921727895737,9.328476880909875e-05,0.0010375769343227148
naval,dune_bayes,1025,0.0008280411711893976,0.00010386853682575747,0.0009319097152911127
naval,dune_bayes,1026,0.0009509876254014671,9.160127228824422e-05,0.001042588846758008
naval,dune_bayes,1027,0.0009279855876229703,9.02417887118645e-05,0.0010182274272665381
naval,dune_bayes,1028,0.0006709134322591126,5.394745312514715e-05,0.0007248608744703233
naval,dune_bayes,1029,0.0008148053311742842,0.00010071637370856479,0.0009155216976068914
naval,dune_bayes,1030,0.0007878230535425246,0.00010229537292616442,0.0008901184191927314
naval,dune_bayes,1031,0.000820231914985925,8.448436710750684e-05,0.000904716260265559
naval,dune_bayes,1032,0.0006851438083685935,8.16316096461378e-05,0.0007667753961868584
naval,dune_bayes,1033,0.0009066479397006333,8.633402467239648e-05,0.0009929819498211145
naval,dune_bayes,1034,0.0007802197942510247,0.00010018699686042964,0.0008804068202152848
naval,dune_bayes,1035,0.000939717167057097,0.00014693014963995665,0.001086647273041308
naval,dune_bayes,1036,0.0009549015667289495,0.00023868883727118373,0.0011935904622077942
naval,dune_bayes,1037,0.0008780838106758893,0.00011611964873736724,0.0009942034957930446
naval,dune_bayes,1038,0.0008058235398493707,7.782193279126659e-05,0.0008836454944685102
naval,dune_bayes,1039,0.0009495139238424599,0.00023578768013976514,0.0011853015748783946
naval,dune_bayes,1040,0.0007421623449772596,9.682203381089494e-05,0.0008389843860641122
naval,dune_bayes,1041,0.0008708478417247534,0.00011431569146225229,0.0009851634968072176
naval,dune_bayes,1042,0.0009205093374475837,0.0001405330840498209,0.0010610424214974046
naval,dune_bayes,1043,0.0009159481269307435,0.00013903090439271182,0.0010549790458753705
naval,dune_bayes,1044,0.000941458682063967,0.000231429236009717,0.001172887859866023
naval,dune_bayes,1045,0.0010301009751856327,0.0001073810417437926,0.00113748200237751
naval,dune_bayes,1046,0.0014447871362790465,0.00035251013468950987,0.0017972972709685564
naval,dune_bayes,1047,0.0008570664213038981,0.00011088576866313815,0.0009679521899670362
naval,dune_bayes,1048,0.000954804418142885,0.00011341564822942019,0.0010682200081646442
naval,dune_bayes,1049,0.0007776996935717762,7.22689728718251e-05,0.0008499686373397708
naval,dune_bayes,1050,0.0009337383089587092,0.00022732648358214647,0.0011610648361966014
naval,dune_bayes,1051,0.0007734089740552008,7.144019764382392e-05,0.0008448491571471095
naval,dune_bayes,1052,0.000897649151738733,0.0001331321254838258,0.0010307813063263893
naval,dune_bayes,1053,0.000976809998974204,9.947741637006402e-05,0.0010762873571366072
naval,dune_bayes,1054,0.0010084091918542981,0.00010292284423485398,0.001111332094296813
naval,dune_bayes,1055,0.000739792303647846,0.00010249630577163771,0.0008422886021435261
naval,dune_bayes,1056,0.0008362841326743364,0.00010581539390841499,0.0009420995484106243
naval,dune_bayes,1057,0.0008461163961328566,8.95334014785476e-05,0.0009356497903354466
naval,dune_bayes,1058,0.0008711364935152233,0.00012481305748224258,0.0009959496092051268
naval,dune_bayes,1059,0.0006507749785669148,7.464450027327985e-05,0.0007254194933921099
naval,dune_bayes,1060,0.0006798868416808546,5.548992703552358e-05,0.0007353767869062722
naval,dune_bayes,1061,0.0009136812877841294,0.00021681720681954175,0.001130498480051756
naval,dune_bayes,1062,0.0009510446689091623,0.0001618710666662082,0.0011129156919196248
naval,dune_bayes,1063,0.0008383741369470954,8.801178046269342e-05,0.0009263859246857464
naval,dune_bayes,1064,0.0009371573105454445,9.191030403599143e-05,0.0010290676727890968
naval,dune_bayes,1065,0.0008234026608988643,0.00010275042586727068,0.0009261530940420926
naval,dune_bayes,1066,0.0011660390300676227,0.0002359619247727096,0.0014020008966326714
naval,dune_bayes,1067,0.0012886838521808386,0.000282570777926594,0.0015712545718997717
naval,dune_bayes,1068,0.000816816056612879,0.0001011846397886984,0.0009180007036775351
naval,dune_bayes,1069,0.0006640554638579488,5.2847804909106344e-05,0.0007169032469391823
naval,dune_bayes,1070,0.000813541526440531,0.00010042006761068478,0.0009139616158790886
naval,dune_bayes,1071,0.0008427149150520563,7.244813605211675e-05,0.0009151630802080035
naval,dune_bayes,1072,0.0006562998169101775,5.158243584446609e-05,0.0007078822236508131
naval,dune_bayes,1073,0.0010947658447548747,0.00021443441801238805,0.0013092003064230084
naval,dune_bayes,1074,0.0008044170099310577,9.830006456468254e-05,0.000902717059943825
naval,dune_bayes,1075,0.0008112344075925648,8.272697596112266e-05,0.0008939614053815603
naval,dune_bayes,1076,0.0008949271286837757,0.00020721905457321554,0.001102146226912737
naval,dune_bayes,1077,0.000991210574284196,0.0001216726450365968,0.001112883212044835
naval,dune_bayes,1078,0.0010355268605053425,0.00011119059490738437,0.0011467174626886845
naval,dune_bayes,1079,0.0013018420431762934,0.0002914697688538581,0.001593311782926321
naval,dune_bayes,1080,0.0009861922590062022,0.00012051462545059621,0.0011067069135606289
naval,dune_bayes,1081,0.0010296902619302273,0.00010999511141562834,0.0011396853951737285
naval,dune_bayes,1082,0.0010232473723590374,0.00010867694072658196,0.0011319243349134922
naval,dune_bayes,1083,0.0008028159500099719,7.72743223933503e-05,0.0008800902869552374
naval,dune_bayes,1084,0.0007403488270938396,9.635902824811637e-05,0.0008367078844457865
naval,dune_bayes,1085,0.0009763358975760639,0.00011823303066194057,0.0010945689864456654
naval,dune_bayes,1086,0.0010168373119086027,0.00010737131378846243,0.0011242086766287684
naval,dune_bayes,1087,0.0009220558567903936,0.0001412122801411897,0.0010632681660354137
naval,dune_bayes,1088,0.0009720925008878112,0.00011728116805898026,0.0010893737198784947
naval,dune_bayes,1089,0.0009672349551692605,0.00011618096323218197,0.0010834159329533577
naval,dune_bayes,1090,0.0007885201484896243,7.443413778673857e-05,0.0008629543008282781
naval,dune_bayes,1091,0.0010378339793533087,0.00010899781045736745,0.0011468317825347185
naval,dune_bayes,1092,0.0009331176988780499,0.00022727703617420048,0.0011603947496041656
naval,dune_bayes,1093,0.0007636932423338294,0.00010881650814553723,0.0008725097286514938
naval,dune_bayes,1094,0.0009032631060108542,0.00013508940173778683,0.0010383524931967258
naval,dune_bayes,1095,0.0007029311382211745,8.739514305489138e-05,0.0007903262740001082
naval,dune_bayes,1096,0.0009529262315481901,0.00011296993034193292,0.001065896125510335
naval,dune_bayes,1097,0.0012460930738598108,0.00026730980607680976,0.001513402909040451
naval,dune_bayes,1098,0.0009253717726096511,0.00022317867842502892,0.0011485504219308496
naval,dune_bayes,1099,0.0009395211818628013,0.00010999227379215881,0.0010495134629309177
naval,dune_bayes,1100,0.0009688506834208965,9.789364412426949e-05,0.001066744327545166
naval,dune_bayes,1101,0.0009200480417348444,0.00022043217904865742,0.001140480162575841
naval,dune_bayes,1102,0.0009930835803970695,9.983632480725646e-05,0.001092919846996665
naval,dune_bayes,1103,0.00088070536730811,0.00012793042697012424,0.0010086358524858952
naval,dune_bayes,1104,0.0008526543388143182,9.081183088710532e-05,0.0009434661478735507
naval,dune_bayes,1105,0.0009151511476375163,0.00021785838180221617,0.0011330095585435629
naval,dune_bayes,1106,0.0008350907592102885,0.00010553244646871462,0.000940623227506876
naval,dune_bayes,1107,0.0009127634693868458,0.00021663606457877904,0.0011293995194137096
naval,dune_bayes,1108,0.0006807812605984509,5.568231426877901e-05,0.0007364635821431875
naval,dune_bayes,1109,0.0008675203425809741,0.00012384267756715417,0.0009913630783557892
naval,dune_bayes,1110,0.0007544667460024357,0.00010612578626023605,0.0008605925249867141
naval,dune_bayes,1111,0.0006580089102499187,7.607343286508694e-05,0.0007340823649428785
naval,dune_bayes,1112,0.0007967291749082506,0.00010502462100703269,0.000901753781363368
naval,dune_bayes,1113,0.000665064959321171,5.305288505041972e-05,0.0007181178661994636
naval,dune_bayes,1114,0.0009190134005621076,8.852814062265679e-05,0.001007541548460722
naval,dune_bayes,1115,0.000936094846110791,8.878073276719078e-05,0.001024875557050109
naval,dune_bayes,1116,0.0008983207517303526,0.00020922828116454184,0.001107549061998725
naval,dune_bayes,1117,0.0012200269848108292,0.00025565773830749094,0.0014756846940144897
naval,dune_bayes,1118,0.0007773369434289634,9.961528121493757e-05,0.0008769521955400705
naval,dune_bayes,1119,0.0008058667299337685,9.862075239652768e-05,0.000904487504158169
naval,dune_bayes,1120,0.000813819991890341,8.320535562234e-05,0.0008970253402367234
naval,dune_bayes,1121,0.0006499523879028857,5.058433089288883e-05,0.0007005367078818381
naval,dune_bayes,1122,0.0007735201506875455,9.856885299086571e-05,0.0008720890036784112
naval,dune_bayes,1123,0.0011795972241088748,0.0002452163025736809,0.0014248135266825557
naval,dune_bayes,1124,0.0007698144763708115,9.755395876709372e-05,0.00086736842058599
naval,dune_bayes,1125,0.0006980747566558421,8.433187031187117e-05,0.0007824066560715437
naval,dune_bayes,1126,0.0008061553817242384,8.174592221621424e-05,0.0008879012893885374
naval,dune_bayes,1127,0.0008240019087679684,6.929814117029309e-05,0.0008933000499382615
naval,dune_bayes,1128,0.0006424704915843904,4.938967322232202e-05,0.0006918601575307548
naval,dune_bayes,1129,0.0012069828808307648,0.0002519991830922663,0.0014589820057153702
naval,dune_bayes,1130,0.0009284213301725686,0.00014347089745569974,0.001071892213076353
naval,dune_bayes,1131,0.0009409516933374107,0.0002317100006621331,0.0011726616648957133
naval,dune_bayes,1132,0.0012884997995570302,0.000284804031252861,0.0015733038308098912
naval,dune_bayes,1133,0.0007497725309804082,9.868881898000836e-05,0.0008484613499604166
naval,dune_bayes,1134,0.001021278672851622,0.00010823649063240737,0.0011295151198282838
naval,dune_bayes,1135,0.0007997769280336797,7.67229576013051e-05,0.000876499863807112
naval,dune_bayes,1136,0.001061112154275179,0.00011394380999263376,0.001175055978819728
naval,dune_bayes,1137,0.0007275063544511795,9.325992868980393e-05,0.0008207662613131106
naval,dune_bayes,1138,0.0010091352742165327,0.00010579907393548638,0.0011149343336001039
naval,dune_bayes,1139,0.0007902443176135421,7.482877117581666e-05,0.0008650730596855283
naval,dune_bayes,1140,0.0009326212457381189,0.0002273035643156618,0.0011599247809499502
naval,dune_bayes,1141,0.0007175120990723372,9.086613863473758e-05,0.0008083782158792019
naval,dune_bayes,1142,0.0007332078530453146,0.0001016547394101508,0.0008348625851795077
naval,dune_bayes,1143,0.000961166515480727,0.00011480004468467087,0.0010759665165096521
naval,dune_bayes,1144,0.0009047665516845882,0.0001357065630145371,0.0010404731146991253
naval,dune_bayes,1145,0.0007046457030810416,8.777888433542103e-05,0.0007924246019683778
naval,dune_bayes,1146,0.0006880425498820841,9.00855302461423e-05,0.0007781281019560993
naval,dune_bayes,1147,0.0006993174320086837,8.655313285999e-05,0.0007858705939725041
naval,dune_bayes,1148,0.0009850055212154984,0.0001010060659609735,0.001086011528968811
naval,dune_bayes,1149,0.0013644556747749448,0.0003151956188958138,0.001679651322774589
naval,dune_bayes,1150,0.000844051013700664,0.00010770332301035523,0.0009517543367110193
naval,dune_bayes,1151,0.0009674107423052192,9.759696695255116e-05,0.0010650077601894736
naval,dune_bayes,1152,0.0008406555862165987,0.00010686625319067389,0.0009475218248553574
naval,dune_bayes,1153,0.0007535027107223868,6.777433736715466e-05,0.0008212770335376263
naval,dune_bayes,1154,0.0006476091803051531,7.406148506561294e-05,0.0007216706871986389
naval,dune_bayes,1155,0.000837216037325561,0.00010604049020912498,0.0009432565420866013
naval,dune_bayes,1156,0.0008514696382917464,9.054328256752342e-05,0.000942012935411185
naval,dune_bayes,1157,0.0009094560518860817,0.00021519347501453012,0.001124649541452527
naval,dune_bayes,1158,0.0008473081397823989,8.971441275207326e-05,0.0009370225598104298
naval,dune_bayes,1159,0.0008686344372108579,0.00012431158393155783,0.00099294597748667
naval,dune_bayes,1160,0.0006605479866266251,7.667047611903399e-05,0.0007372184772975743
naval,dune_bayes,1161,0.0009708036086522043,9.543485793983564e-05,0.001066238502971828
naval,dune_bayes,1162,0.0008237639558501542,0.00010282460425514728,0.0009265885455533862
naval,dune_bayes,1163,0.0009333465131931007,9.11405950319022e-05,0.0010244870791211724
naval,dune_bayes,1164,0.0009494435507804155,9.131168917519972e-05,0.001040755189023912
naval,dune_bayes,1165,0.0006663823151029646,5.3300529543776065e-05,0.0007196828373707831
naval,dune_bayes,1166,0.0006684130057692528,7.818429730832577e-05,0.0007465973030775785
naval,dune_bayes,1167,0.0009362951386719942,0.00015711058222223073,0.0010934057645499706
naval,dune_bayes,1168,0.0008143353625200689,0.00010060420027002692,0.0009149395627900958
naval,dune_bayes,1169,0.0008160510333254933,8.361067739315331e-05,0.0008996616816148162
naval,dune_bayes,1170,0.000841465953271836,7.2235576226376e-05,0.0009137015440501273
naval,dune_bayes,1171,0.0008876464562490582,0.00020411497098393738,0.0010917613981291652
naval,dune_bayes,1172,0.0008121792925521731,8.287013042718172e-05,0.0008950494229793549
naval,dune_bayes,1173,0.0006471825763583183,5.017313742428087e-05,0.000697355717420578
naval,dune_bayes,1174,0.0008853700710460544,0.00020295770082157105,0.0010883277282118797
naval,dune_bayes,1175,0.0008959719561971724,8.433078619418666e-05,0.0009803026914596558
naval,dune_bayes,1176,0.0008293631253764033,7.019258919171989e-05,0.0008995557436719537
naval,dune_bayes,1177,0.0007033618749119341,8.547564357286319e-05,0.0007888374966569245
naval,dune_bayes,1178,0.000804907875135541,8.147729386109859e-05,0.0008863851544447243
naval,dune_bayes,1179,0.0008806085679680109,0.00020060081442352384,0.00108120939694345
naval,dune_bayes,1180,0.0008783916127867997,0.0001994836056837812,0.0010778752621263266
naval,dune_bayes,1181,0.0008736816816963255,0.00011499219544930384,0.000988673884421587
naval,dune_bayes,1182,0.0010200266260653734,0.00010796887363540009,0.0011279955506324768
naval,dune_bayes,1183,0.0009109692182391882,0.0001378611195832491,0.0010488303378224373
naval,dune_bayes,1184,0.0010010190308094025,0.00010413599375169724,0.001105154980905354
naval,dune_bayes,1185,0.0010367974173277617,0.00010879580804612488,0.0011455932399258018
naval,dune_bayes,1186,0.0009214133024215698,0.0002217047440353781,0.0011431180173531175
naval,dune_bayes,1187,0.0009188792901113629,0.0002203613257734105,0.0011392405722290277
naval,dune_bayes,1188,0.0006580447661690414,8.311364217661321e-05,0.0007411583792418242
naval,dune_bayes,1189,0.0009776446968317032,9.955053974408656e-05,0.0010771952802315354
naval,dune_bayes,1190,0.0008457571384496987,0.00010810468666022643,0.0009538618032820523
naval,dune_bayes,1191,0.0007504374370910227,6.72523892717436e-05,0.0008176898118108511
naval,dune_bayes,1192,0.000954373856075108,9.506605420028791e-05,0.0010494398884475231
naval,dune_bayes,1193,0.0008697992889210582,0.00012480294390115887,0.0009946022182703018
naval,dune_bayes,1194,0.0009032898233272135,0.0002123398007825017,0.0011156296823173761
naval,dune_bayes,1195,0.0008325438830070198,0.00010490457498235628,0.0009374484652653337
naval,dune_bayes,1196,0.0006565748481079936,7.581263344036415e-05,0.0007323874742724001
naval,dune_bayes,1197,0.0009428491466678679,9.288430737797171e-05,0.0010357334977015853
naval,dune_bayes,1198,0.0006750029278919101,5.4786138207418844e-05,0.000729789084289223
naval,dune_bayes,1199,0.0006696530617773533,7.850320980651304e-05,0.0007481562788598239
naval,dune_bayes,1200,0.0009627179242670536,9.386702731717378e-05,0.001056584995239973
naval,dune_bayes,1201,0.0007943264790810645,0.00010459400800755247,0.0008989204652607441
naval,dune_bayes,1202,0.0009560781763866544,9.258269710699096e-05,0.0010486608371138573
naval,dune_bayes,1203,0.000679217919241637,8.768983389018103e-05,0.0007669077604077756
naval,dune_bayes,1204,0.0008191883098334074,0.00010172765178140253,0.0009209159761667252
naval,dune_bayes,1205,0.0008302509668283165,8.633473771624267e-05,0.0009165856754407287
naval,dune_bayes,1206,0.000782359333243221,0.00010123359243152663,0.0008835929329507053
naval,dune_bayes,1207,0.0008109422633424401,8.260217146016657e-05,0.0008935444056987762
naval,dune_bayes,1208,0.0007671167841181159,9.703528485260904e-05,0.0008641520980745554
naval,dune_bayes,1209,0.0008793693850748241,0.00020026034326292574,0.0010796297574415803
naval,dune_bayes,1210,0.0007631343323737383,9.596117888577282e-05,0.0008590954821556807
naval,dune_bayes,1211,0.0007304681348614395,9.152465645456687e-05,0.0008219928131438792
naval,dune_bayes,1212,0.0008032523328438401,8.114214870147407e-05,0.0008843945106491446
naval,dune_bayes,1213,0.0008891848265193403,8.308446558658034e-05,0.0009722692775540054
naval,dune_bayes,1214,0.0008230946259573102,6.914392724866048e-05,0.0008922385750338435
naval,dune_bayes,1215,0.0008067179587669671,6.867698539281264e-05,0.0008753949659876525
naval,dune_bayes,1216,0.0007262831786647439,8.032257755985484e-05,0.0008066057343967259
naval,dune_bayes,1217,0.0009121842449530959,0.00013842122280038893,0.0010506054386496544
naval,dune_bayes,1218,0.0009239944047294557,0.000223311479203403,0.0011473058257251978
naval,dune_bayes,1219,0.0010060591157525778,0.00010511589789530262,0.0011111750500276685
naval,dune_bayes,1220,0.0009074985864572227,0.00013689228217117488,0.0010443908395245671
naval,dune_bayes,1221,0.0012092766119167209,0.0002548063639551401,0.001464082975871861
naval,dune_bayes,1222,0.0009934972040355206,0.00010262569412589073,0.0010961228981614113
naval,dune_bayes,1223,0.000700443284586072,8.683623309480026e-05,0.0007872795104049146
naval,dune_bayes,1224,0.001028943806886673,0.0001071639489964582,0.001136107719503343
naval,dune_bayes,1225,0.0009132314007729292,0.00021769595332443714,0.0011309273540973663
naval,dune_bayes,1226,0.0006973309791646898,8.609582437202334e-05,0.0007834268035367131
naval,dune_bayes,1227,0.0008515234221704304,0.00010950621799565852,0.0009610296692699194
naval,dune_bayes,1228,0.0007654537912458181,7.012752030277625e-05,0.0008355813333764672
naval,dune_bayes,1229,0.0009107314399443567,0.00021638495672959834,0.0011271163821220398
naval,dune_bayes,1230,0.000761014292947948,6.928015500307083e-05,0.0008302944479510188
naval,dune_bayes,1231,0.000907976005692035,0.00021498855494428426,0.001122964546084404
naval,dune_bayes,1232,0.0006699261721223593,8.587755291955546e-05,0.0007558037177659571
naval,dune_bayes,1233,0.0010059359483420849,0.00010243734141113237,0.0011083732824772596
naval,dune_bayes,1234,0.0009643704979680479,9.694635082269087e-05,0.0010613168124109507
naval,dune_bayes,1235,0.0007315643015317619,0.00010047364776255563,0.0008320379420183599
naval,dune_bayes,1236,0.0008707306114956737,0.0001252545916941017,0.0009959852322936058
naval,dune_bayes,1237,0.0008486129809170961,8.99199367268011e-05,0.0009385329321958125
naval,dune_bayes,1238,0.0009525410132482648,9.468230564380065e-05,0.0010472233407199383
naval,dune_bayes,1239,0.001162924338132143,0.00023520327522419393,0.0013981276424601674
naval,dune_bayes,1240,0.0008407938294112682,8.838005305733532e-05,0.0009291738970205188
naval,dune_bayes,1241,0.0008366808178834617,8.756991155678406e-05,0.0009242507512681186
naval,dune_bayes,1242,0.0006685875705443323,5.3742009185953066e-05,0.0007223295979201794
naval,dune_bayes,1243,0.0008212632965296507,0.00010221517004538327,0.0009234784520231187
naval,dune_bayes,1244,0.0009300378733314574,9.047015191754326e-05,0.0010205080034211278
naval,dune_bayes,1245,0.0009548043017275631,9.234261960955337e-05,0.0010471469722688198
naval,dune_bayes,1246,0.0008285632939077914,8.598279964644462e-05,0.0009145460790023208
naval,dune_bayes,1247,0.0006606004317291081,5.242380575509742e-05,0.0007130242302082479
naval,dune_bayes,1248,0.0007832149276509881,0.00010158388613490388,0.0008847988210618496
naval,dune_bayes,1249,0.0006415093084797263,7.906741666374728e-05,0.0007205767324194312
naval,dune_bayes,1250,0.0006803825963288546,8.068973693298176e-05,0.0007610723259858787
naval,dune_bayes,1251,0.0006568602402694523,5.180628795642406e-05,0.0007086665136739612
naval,dune_bayes,1252,0.0006921655149199069,8.310012344736606e-05,0.0007752656238153577
naval,dune_bayes,1253,0.0008049256284721196,9.837072138907388e-05,0.0009032963425852358
naval,dune_bayes,1254,0.0008131212671287358,8.299420005641878e-05,0.0008961154380813241
naval,dune_bayes,1255,0.0007675918168388307,9.727786527946591e-05,0.0008648696821182966
naval,dune_bayes,1256,0.0008092663483694196,8.226009958889335e-05,0.0008915264625102282
naval,dune_bayes,1257,0.0008342790533788502,7.101895607775077e-05,0.0009052979876287282
naval,dune_bayes,1258,0.000994770205579698,0.00017543854482937604,0.0011702087940648198
naval,dune_bayes,1259,0.0007958953501656651,9.629241685615852e-05,0.0008921877597458661
naval,dune_bayes,1260,0.0008687825175002217,0.00019531490397639573,0.001064097392372787
naval,dune_bayes,1261,0.0013038604520261288,0.0002883325214497745,0.0015921930316835642
naval,dune_bayes,1262,0.0008162339800037444,6.800967821618542e-05,0.0008842436363920569
naval,dune_bayes,1263,0.0008103019208647311,6.703521648887545e-05,0.0008773371228016913
naval,dune_bayes,1264,0.0007906793034635484,7.875156006775796e-05,0.0008694308344274759
naval,dune_bayes,1265,0.0009659936185926199,0.00011577429540921003,0.0010817679576575756
naval,dune_bayes,1266,0.0007808897644281387,7.316002302104607e-05,0.0008540498092770576
naval,dune_bayes,1267,0.0009046614868566394,0.00013609870802611113,0.0010407601948827505
naval,dune_bayes,1268,0.0009979053866118193,0.00010346627095714211,0.0011013715993613005
naval,dune_bayes,1269,0.0008567994809709489,0.00011078311945311725,0.0009675825713202357
naval,dune_bayes,1270,0.000992224202491343,0.00010234150249743834,0.0010945657268166542
naval,dune_bayes,1271,0.0010367727372795343,0.00010880436457227916,0.0011455770581960678
naval,dune_bayes,1272,0.0007713583763688803,7.131756137823686e-05,0.0008426759159192443
naval,dune_bayes,1273,0.0006982370396144688,8.630376396467909e-05,0.0007845407817512751
naval,dune_bayes,1274,0.000853310339152813,0.00010993254545610398,0.0009632428991608322
naval,dune_bayes,1275,0.0009078016737475991,0.0002151594526367262,0.001122961170040071
naval,dune_bayes,1276,0.0007624889258295298,6.961637700442225e-05,0.0008321052882820368
naval,dune_bayes,1277,0.0006378414109349251,7.212477794382721e-05,0.0007099661743268371
naval,dune_bayes,1278,0.0008398453355766833,0.0001066623444785364,0.0009465076727792621
naval,dune_bayes,1279,0.0006561264744959772,8.257283479906619e-05,0.0007386993383988738
naval,dune_bayes,1280,0.0009908226784318686,9.939951996784657e-05,0.0010902221547439694
naval,dune_bayes,1281,0.0008946757297962904,0.00020845994004048407,0.001103135640732944
naval,dune_bayes,1282,0.0007768481154926121,0.00011191783414687961,0.000888765964191407
naval,dune_bayes,1283,0.0006467837956734002,7.382811600109562e-05,0.0007206118898466229
naval,dune_bayes,1284,0.0008432992617599666,8.885387796908617e-05,0.0009321531397290528
naval,dune_bayes,1285,0.0006697991630062461,5.398495704866946e-05,0.0007237840909510851
naval,dune_bayes,1286,0.0008872210746631026,0.00020470224262680858,0.0010919233318418264
naval,dune_bayes,1287,0.0006684978143312037,7.824097701814026e-05,0.0007467388059012592
naval,dune_bayes,1288,0.0009338303934782743,9.113963460549712e-05,0.0010249700862914324
naval,dune_bayes,1289,0.0007882670033723116,0.00010310354991815984,0.0008913705823943019
naval,dune_bayes,1290,0.0009473413228988647,9.09145237528719e-05,0.0010382558684796095
naval,dune_bayes,1291,0.0008797152549959719,0.0002009667077800259,0.0010806819191202521
naval,dune_bayes,1292,0.0008134733070619404,0.00010037257015937939,0.0009138458990491927
naval,dune_bayes,1293,0.0009175316081382334,8.813038584776223e-05,0.001005662023089826
naval,dune_bayes,1294,0.0008102019783109426,9.96115559246391e-05,0.0009098135633394122
naval,dune_bayes,1295,0.00065178785007447,8.13108854345046e-05,0.0007330987136811018
naval,dune_bayes,1296,0.0007683634757995605,9.759905515238643e-05,0.000865962530951947
naval,dune_bayes,1297,0.000687556283082813,8.2098224083893e-05,0.0007696545217186213
naval,dune_bayes,1298,0.0007646173471584916,9.657294867793098e-05,0.0008611903176642954
naval,dune_bayes,1299,0.0008242210606113076,0.00017694970301818103,0.001001170719973743
naval,dune_bayes,1300,0.0007944090175442398,0.00011618212738540024,0.0009105911594815552
naval,dune_bayes,1301,0.0008080575498752296,8.199893636628985e-05,0.0008900564862415195
naval,dune_bayes,1302,0.0008913475321605802,8.341854845639318e-05,0.0009747660951688886
naval,dune_bayes,1303,0.0008280742331407964,6.99749871273525e-05,0.0008980492129921913
naval,dune_bayes,1304,0.0007569017470814288,9.450662037124857e-05,0.0008514083456248045
naval,dune_bayes,1305,0.0007230647606775165,8.983875159174204e-05,0.0008129035122692585
naval,dune_bayes,1306,0.0008155342075042427,6.789361214032397e-05,0.0008834277978166938
naval,dune_bayes,1307,0.0007883805083110929,9.45642459555529e-05,0.0008829447324387729
naval,dune_bayes,1308,0.0007933031301945448,7.922857184894383e-05,0.0008725316729396582
naval,dune_bayes,1309,0.0007894820300862193,7.849746907595545e-05,0.0008679794846102595
naval,dune_bayes,1310,0.0007946723490022123,6.669824506388977e-05,0.0008613705867901444
naval,dune_bayes,1311,0.0007484048837795854,9.551957191433758e-05,0.0008439244702458382
naval,dune_bayes,1312,0.0007981068338267505,6.5054431615863e-05,0.0008631612872704864
naval,dune_bayes,1313,0.0009814930381253362,0.00017198665591422468,0.0011534796794876456
naval,dune_bayes,1314,0.0010365939233452082,0.00010877626482397318,0.0011453701881691813
naval,dune_bayes,1315,0.0009050495573319495,0.00021399663819465786,0.001119046239182353
naval,dune_bayes,1316,0.0009414813248440623,0.0001102839014492929,0.0010517651680856943
naval,dune_bayes,1317,0.0010129418224096298,0.00010387853399151936,0.001116820378229022
naval,dune_bayes,1318,0.000635836913716048,7.169051241362467e-05,0.0007075274479575455
naval,dune_bayes,1319,0.0009368077735416591,0.00010925694368779659,0.0010460647754371166
naval,dune_bayes,1320,0.0009605925879441202,9.616187162464485e-05,0.001056754495948553
naval,dune_bayes,1321,0.0008685810025781393,0.00012487130879890174,0.0009934522677212954
naval,dune_bayes,1322,0.0008918179082684219,0.00020727606897708029,0.0010990939335897565
naval,dune_bayes,1323,0.0006790622719563544,5.558436532737687e-05,0.0007346466300077736
naval,dune_bayes,1324,0.0008317937608808279,0.00010471817950019613,0.0009365119622088969
naval,dune_bayes,1325,0.0008380097569897771,8.77788697835058e-05,0.0009257886558771133
naval,dune_bayes,1326,0.0007894154987297952,0.00010353537800256163,0.0008929508621804416
naval,dune_bayes,1327,0.000784979434683919,0.00010230816405965015,0.0008872876060195267
naval,dune_bayes,1328,0.0008298297179862857,8.617831190349534e-05,0.0009160080226138234
naval,dune_bayes,1329,0.0008767186664044857,0.00019973206508439034,0.0010764506878331304
naval,dune_bayes,1330,0.0009212310542352498,8.878860535332933e-05,0.001010019681416452
naval,dune_bayes,1331,0.0008122505969367921,0.00010008718527387828,0.0009123377967625856
naval,dune_bayes,1332,0.0009400295675732195,8.952894131653011e-05,0.0010295584797859192
naval,dune_bayes,1333,0.0008182661258615553,8.393039024667814e-05,0.0009021965088322759
naval,dune_bayes,1334,0.0009106426732614636,8.685390639584512e-05,0.000997496536001563
naval,dune_bayes,1335,0.0006384941516444087,7.855598232708871e-05,0.0007170501630753279
naval,dune_bayes,1336,0.0009051457745954394,8.585580508224666e-05,0.0009910016087815166
naval,dune_bayes,1337,0.0009264651453122497,8.698298915987834e-05,0.0010134481126442552
naval,dune_bayes,1338,0.000899669888895005,8.486745355185121e-05,0.0009845372987911105
naval,dune_bayes,1339,0.0007577629294246435,9.483425674261525e-05,0.0008525971788913012
naval,dune_bayes,1340,0.0008894754573702812,8.30496137496084e-05,0.0009725251002237201
naval,dune_bayes,1341,0.0007865383522585034,0.0001139976448030211,0.0009005360188893974
naval,dune_bayes,1342,0.0007929901476018131,9.56166404648684e-05,0.0008886067662388086
naval,dune_bayes,1343,0.0006288494914770126,4.740760050481185e-05,0.0006762570701539516
naval,dune_bayes,1344,0.0009241378284059465,0.0001530380395706743,0.0010771758388727903
naval,dune_bayes,1345,0.0007954019820317626,7.958126661833376e-05,0.0008749832632020116
naval,dune_bayes,1346,0.0007461673812940717,9.1758236521855e-05,0.0008379255887120962
naval,dune_bayes,1347,0.0009969637030735612,0.00017596824909560382,0.0011729319812729955
naval,dune_bayes,1348,0.0007977915811352432,6.716915231663734e-05,0.0008649607188999653
naval,dune_bayes,1349,0.000621479528490454,4.6264336560852826e-05,0.0006677438504993916
naval,dune_bayes,1350,0.0007878708420321345,7.8176824899856e-05,0.0008660476887598634
naval,dune_bayes,1351,0.0006176835158839822,4.5688499085372314e-05,0.0006633719895035028
naval,dune_bayes,1352,0.0006141348858363926,4.514688771450892e-05,0.0006592817953787744
naval,dune_bayes,1353,0.0008034248603507876,0.00016758751007728279,0.0009710123995319009
naval,dune_bayes,1354,0.0007919144700281322,6.406021566363052e-05,0.0008559746784158051
naval,dune_bayes,1355,0.0009539468446746469,0.00011302252823952585,0.0010669693583622575
naval,dune_bayes,1356,0.0009886084590107203,0.00010157433280255646,0.001090182806365192
naval,dune_bayes,1357,0.0008508200407959521,0.00010930843563983217,0.0009601284982636571
naval,dune_bayes,1358,0.0009491584496572614,0.00011195643310202286,0.001061114831827581
naval,dune_bayes,1359,0.0010286829201504588,0.0001071317819878459,0.0011358147021383047
naval,dune_bayes,1360,0.0008841881062835455,0.00012985861394554377,0.0010140467202290893
naval,dune_bayes,1361,0.0009444704046472907,0.00011092015483882278,0.0010553905740380287
naval,dune_bayes,1362,0.001020693453028798,0.00010547680722083896,0.0011261702748015523
naval,dune_bayes,1363,0.0008944020373746753,0.00020880013471469283,0.0011032021138817072
naval,dune_bayes,1364,0.0009397350368089974,0.0001098753564292565,0.0010496104368939996
naval,dune_bayes,1365,0.0009707781136967242,9.809133189264685e-05,0.0010688694892451167
naval,dune_bayes,1366,0.001126280054450035,0.00022372543753590435,0.0013500055065378547
naval,dune_bayes,1367,0.0006369705661199987,7.188250310719013e-05,0.0007088530692271888
naval,dune_bayes,1368,0.0007987967692315578,0.00010631457553245127,0.0009051113156601787
naval,dune_bayes,1369,0.0008363755187019706,8.743625949136913e-05,0.0009238118072971702
naval,dune_bayes,1370,0.0009364363504573703,9.157539898296818e-05,0.0010280117858201265
naval,dune_bayes,1371,0.0006603705114684999,5.249445530353114e-05,0.0007128649740479887
naval,dune_bayes,1372,0.0006769467727281153,7.99620320321992e-05,0.0007569087902083993
naval,dune_bayes,1373,0.0008251388208009303,0.00017781056521926075,0.0010029494296759367
naval,dune_bayes,1374,0.0008139115525409579,0.00010046566603705287,0.0009143772185780108
naval,dune_bayes,1375,0.0008228601072914898,0.00017675876733846962,0.00099961890373379
naval,dune_bayes,1376,0.0011374972527846694,0.00022528754197992384,0.0013627847656607628
naval,dune_bayes,1377,0.0007072985754348338,8.646793867228553e-05,0.0007937665213830769
naval,dune_bayes,1378,0.0006487406208179891,5.059431350673549e-05,0.0006993349525146186
naval,dune_bayes,1379,0.0008166179177351296,8.359161438420415e-05,0.0009002095321193337
naval,dune_bayes,1380,0.0007662969874218106,9.725618292577565e-05,0.0008635531412437558
naval,dune_bayes,1381,0.0008131431532092392,8.29344498924911e-05,0.0008960776031017303
naval,dune_bayes,1382,0.0009039169526658952,8.560529386159033e-05,0.0009895222028717399
naval,dune_bayes,1383,0.0007918382761999965,9.5336239610333e-05,0.0008871745085343719
naval,dune_bayes,1384,0.0007976207998581231,7.997652573976666e-05,0.0008775973110459745
naval,dune_bayes,1385,0.0008828311110846698,8.185383921954781e-05,0.0009646849357523024
naval,dune_bayes,1386,0.0008210585219785571,6.880631553940475e-05,0.0008898648666217923
naval,dune_bayes,1387,0.0007470979471690953,9.209418931277469e-05,0.0008391921292059124
naval,dune_bayes,1388,0.0007533762254752219,9.676262561697513e-05,0.0008501388365402818
naval,dune_bayes,1389,0.0007942348602227867,7.934970926726237e-05,0.0008735845913179219
naval,dune_bayes,1390,0.0008046710281632841,0.00016837703878991306,0.0009730480378493667
naval,dune_bayes,1391,0.0007468786207027733,9.519730519969016e-05,0.0008420759113505483
naval,dune_bayes,1392,0.000790431338828057,7.863875362090766e-05,0.0008690700633451343
naval,dune_bayes,1393,0.000739702838473022,9.014693205244839e-05,0.0008298497414216399
naval,dune_bayes,1394,0.0007185970316641033,7.868257671361789e-05,0.0007972795865498483
naval,dune_bayes,1395,0.0006150798290036619,4.5321270590648055e-05,0.0006604010704904795
naval,dune_bayes,1396,0.0007912832661531866,6.395802483893931e-05,0.0008552413200959563
naval,dune_bayes,1397,0.0006080103921703994,4.4252377847442403e-05,0.000652262766379863
naval,dune_bayes,1398,0.0006964479689486325,8.587998308939859e-05,0.0007823279593139887
naval,dune_bayes,1399,0.0008916438673622906,0.00020766408124472946,0.0010993079049512744
naval,dune_bayes,1400,0.0008762699435465038,0.00012751793838106096,0.0010037878528237343
naval,dune_bayes,1401,0.0010288601042702794,0.0001873017754405737,0.001216161879710853
naval,dune_bayes,1402,0.001142650842666626,0.0002269180113216862,0.0013695688685402274
naval,dune_bayes,1403,0.0006354465731419623,7.159973029047251e-05,0.0007070463034324348
naval,dune_bayes,1404,0.0009246178669854999,0.00010653920617187396,0.0010311570949852467
naval,dune_bayes,1405,0.0007957173511385918,0.000105553976027295,0.0009012713562697172
naval,dune_bayes,1406,0.0008320322958752513,0.0001812706614146009,0.001013302942737937
naval,dune_bayes,1407,0.0010920863132923841,0.00021125408238731325,0.0013033404247835279
naval,dune_bayes,1408,0.0006394207593984902,7.230446499306709e-05,0.000711725209839642
naval,dune_bayes,1409,0.000982654164545238,9.778794628800824e-05,0.0010804421035572886
naval,dune_bayes,1410,0.0007915643509477377,0.00010437679156893864,0.0008959411643445492
naval,dune_bayes,1411,0.000829483731649816,0.00018008743063546717,0.0010095711331814528
naval,dune_bayes,1412,0.0007831431576050818,0.00010201425175182521,0.0008851573802530766
naval,dune_bayes,1413,0.0006631876458413899,8.409265137743205e-05,0.0007472803117707372
naval,dune_bayes,1414,0.0009182535577565432,8.817866182653233e-05,0.001006432226859033
naval,dune_bayes,1415,0.0007714558159932494,9.876514377538115e-05,0.0008702209452167153
naval,dune_bayes,1416,0.0009392760111950338,8.938879909692332e-05,0.0010286647593602538
naval,dune_bayes,1417,0.0007673721411265433,9.765291906660423e-05,0.0008650250383652747
naval,dune_bayes,1418,0.0007038770127110183,8.56831538840197e-05,0.0007895601447671652
naval,dune_bayes,1419,0.0008154982351697981,8.334701124113053e-05,0.0008988452609628439
naval,dune_bayes,1420,0.0009322091937065125,8.805782999843359e-05,0.001020267023704946
naval,dune_bayes,1421,0.0008129800553433597,0.00017238964210264385,0.000985369668342173
naval,dune_bayes,1422,0.001277499832212925,0.0002779110218398273,0.0015554109122604132
naval,dune_bayes,1423,0.0008115267846733332,8.258679008577019e-05,0.0008941135602071881
naval,dune_bayes,1424,0.0006384144653566182,4.897771941614337e-05,0.000687392195686698
naval,dune_bayes,1425,0.0008106673485599458,0.00017132749781012535,0.000981994904577732
naval,dune_bayes,1426,0.000808414479251951,0.0001702878507785499,0.0009787023300305009
naval,dune_bayes,1427,0.000720226380508393,8.917173545341939e-05,0.0008093981305137277
naval,dune_bayes,1428,0.0008036615327000618,0.0001681479625403881,0.0009718094952404499
naval,dune_bayes,1429,0.0007360497838817537,9.271032467950135e-05,0.0008287600940093398
naval,dune_bayes,1430,0.0007991781458258629,6.734306225553155e-05,0.0008665212080813944
naval,dune_bayes,1431,0.0007401729235425591,9.037749987328425e-05,0.0008305504452437162
naval,dune_bayes,1432,0.0007553292671218514,9.716859494801611e-05,0.0008524978766217828
naval,dune_bayes,1433,0.0007970997248776257,0.00016517112089786679,0.0009622708312235773
naval,dune_bayes,1434,0.000802624796051532,6.578126340173185e-05,0.0008684060303494334
naval,dune_bayes,1435,0.0007950625731609762,0.0001642310671741143,0.0009592936257831752
naval,dune_bayes,1436,0.0007807055953890085,6.44138126517646e-05,0.0008451194153167307
naval,dune_bayes,1437,0.0007907493854872882,6.38719429844059e-05,0.000854621350299567
naval,dune_bayes,1438,0.000718361814506352,8.476461516693234e-05,0.0008031264296732843
naval,dune_bayes,1439,0.0007864301442168653,0.00016038125613704324,0.0009468114003539085
naval,dune_bayes,1440,0.0010203359415754676,0.00010542099334998056,0.0011257568839937449
naval,dune_bayes,1441,0.0006363143911585212,7.178619125625119e-05,0.0007081005605868995
naval,dune_bayes,1442,0.0009368302999064326,0.00010917781037278473,0.001046008081175387
naval,dune_bayes,1443,0.0009281054954044521,0.00010726296750362962,0.001035368419252336
naval,dune_bayes,1444,0.000997008173726499,0.00010066586401080713,0.0010976740159094334
naval,dune_bayes,1445,0.0007971615996211767,0.00010607537114992738,0.0009032369707711041
naval,dune_bayes,1446,0.0008293979335576296,0.00018025276949629188,0.0010096507612615824
naval,dune_bayes,1447,0.001134057529270649,0.00022362997697200626,0.0013576875207945704
naval,dune_bayes,1448,0.0006424061139114201,7.290456414921209e-05,0.0007153106853365898
naval,dune_bayes,1449,0.0009445869945921004,9.303939441451803e-05,0.0010376264108344913
naval,dune_bayes,1450,0.0008247157675214112,0.00017803644004743546,0.0010027522221207619
naval,dune_bayes,1451,0.0006471890374086797,7.384837226709351e-05,0.0007210373878479004
naval,dune_bayes,1452,0.0009780761320143938,0.00017278110317420214,0.0011508571915328503
naval,dune_bayes,1453,0.0006516463472507894,7.473320874851197e-05,0.0007263795705512166
naval,dune_bayes,1454,0.0008214201079681516,0.00010222547280136496,0.0009236455662176013
naval,dune_bayes,1455,0.0008342044311575592,8.696997247170657e-05,0.000921174418181181
naval,dune_bayes,1456,0.0008196957060135901,0.0001756927667884156,0.000995388487353921
naval,dune_bayes,1457,0.0007766310591250658,0.00010030089470092207,0.0008769319392740726
naval,dune_bayes,1458,0.0009219342609867454,8.883139526005834e-05,0.001010765670798719
naval,dune_bayes,1459,0.0009534073760733008,9.208344272337854e-05,0.0010454908479005098
naval,dune_bayes,1460,0.0007723181042820215,9.911955567076802e-05,0.0008714376599527895
naval,dune_bayes,1461,0.0007682893192395568,9.801402484299615e-05,0.0008663033368065953
naval,dune_bayes,1462,0.0008082151762209833,9.91218548733741e-05,0.0009073370601981878
naval,dune_bayes,1463,0.0009387434693053365,8.929123578127474e-05,0.0010280347196385264
naval,dune_bayes,1464,0.0006849931669421494,8.891021570889279e-05,0.0007739033899269998
naval,dune_bayes,1465,0.0007604389102198184,9.587372915120795e-05,0.0008563126320950687
naval,dune_bayes,1466,0.0007945811375975609,0.00011625946353888139,0.0009108405793085694
naval,dune_bayes,1467,0.0008017572108656168,9.76123264990747e-05,0.0008993695373646915
naval,dune_bayes,1468,0.0007566535496152937,9.484482143307105e-05,0.0008514983928762376
naval,dune_bayes,1469,0.0008055461221374571,0.0001691922079771757,0.0009747383301146328
naval,dune_bayes,1470,0.0008032089681364596,0.0001681315916357562,0.000971340574324131
naval,dune_bayes,1471,0.0007953304448165,9.612003486836329e-05,0.0008914505015127361
naval,dune_bayes,1472,0.0006243784446269274,4.681010977947153e-05,0.0006711885798722506
naval,dune_bayes,1473,0.0007449024706147611,9.171832061838359e-05,0.0008366208057850599
naval,dune_bayes,1474,0.0006904174224473536,9.082698670681566e-05,0.0007812444237060845
naval,dune_bayes,1475,0.0007953381282277405,7.950579311000183e-05,0.0008748439140617847
naval,dune_bayes,1476,0.0007412193808704615,9.074027911992744e-05,0.0008319596527144313
naval,dune_bayes,1477,0.0006170675624161959,4.568456279230304e-05,0.0006627521361224353
naval,dune_bayes,1478,0.0007374570122919977,8.97554200491868e-05,0.0008272124105133116
naval,dune_bayes,1479,0.0008076909580267966,6.66059204377234e-05,0.00087429687846452
naval,dune_bayes,1480,0.0007801425526849926,9.267762652598321e-05,0.0008728201501071453
naval,dune_bayes,1481,0.000802120310254395,6.569938705069944e-05,0.0008678197045810521
naval,dune_bayes,1482,0.0007804683409631252,0.00010308406490366906,0.0008835524204187095
naval,dune_bayes,1483,0.0007841428741812706,6.493964610854164e-05,0.0008490825421176851
naval,dune_bayes,1484,0.0008206248166970909,0.0001228873006766662,0.0009435121319256723
naval,dune_bayes,1485,0.0007107958663254976,7.706247561145574e-05,0.0007878583273850381
naval,dune_bayes,1486,0.0007853089482523501,0.00016010573017410934,0.000945414649322629
naval,dune_bayes,1487,0.000784777570515871,6.291936006164178e-05,0.00084769690874964
naval,dune_bayes,1488,0.0007191024487838149,8.503963181283325e-05,0.0008041420951485634
naval,dune_bayes,1489,0.001089476398192346,0.00020705064525827765,0.0012965269852429628
naval,dune_bayes,1490,0.0007950447034090757,0.00010641423432389274,0.0009014589595608413
naval,dune_bayes,1491,0.0007028302643448114,7.54353532101959e-05,0.0007782656466588378
naval,dune_bayes,1492,0.0007661378476768732,6.213682354427874e-05,0.0008282746421173215
naval,dune_bayes,1493,0.0007117976201698184,8.31989964353852e-05,0.0007949966238811612
naval,dune_bayes,1494,0.0007787143695168197,0.00015720912779215723,0.0009359234827570617
naval,dune_bayes,1495,0.0008298569009639323,0.0001806378859328106,0.0010104947723448277
naval,dune_bayes,1496,0.0009075184934772551,0.00014861990348435938,0.001056138426065445
naval,dune_bayes,1497,0.0008612662786617875,0.0001231226633535698,0.000984388985671103
naval,dune_bayes,1498,0.0008333184523507953,0.00010505690443096682,0.0009383753640577197
naval,dune_bayes,1499,0.0009264132822863758,0.00010687160829547793,0.0010332849342375994
naval,dune_bayes,1500,0.0007860431214794517,0.00010304347233613953,0.0008890865719877183
naval,dune_bayes,1501,0.0006551712867803872,7.545846892753616e-05,0.0007306297775357962
naval,dune_bayes,1502,0.0008231468382291496,0.0001026241370709613,0.0009257709607481956
naval,dune_bayes,1503,0.0009748729644343257,9.626255632610992e-05,0.001071135513484478
naval,dune_bayes,1504,0.0007820004248060286,0.00010190515604335815,0.0008839055662974715
naval,dune_bayes,1505,0.0008148542838171124,0.00017365133680868894,0.000988505664281547
naval,dune_bayes,1506,0.001078458153642714,0.00020600233983714134,0.001284460537135601
naval,dune_bayes,1507,0.0009259885409846902,8.954942313721403e-05,0.0010155380005016923
naval,dune_bayes,1508,0.0006486271158792078,5.068300379207358e-05,0.0006993100978434086
naval,dune_bayes,1509,0.0007696251850575209,9.847741603152826e-05,0.0008681025938130915
naval,dune_bayes,1510,0.0008099554688669741,0.0001714075042400509,0.0009813630022108555
naval,dune_bayes,1511,0.0009095548302866518,8.653735858388245e-05,0.0009960922179743648
naval,dune_bayes,1512,0.0009383658180013299,8.922327833715826e-05,0.001027589081786573
naval,dune_bayes,1513,0.0008050707401707768,0.00016919054905883968,0.000974261318333447
naval,dune_bayes,1514,0.0008038304513320327,9.809082257561386e-05,0.000901921303011477
naval,dune_bayes,1515,0.0009317586082033813,8.797953341854736e-05,0.0010197381488978863
naval,dune_bayes,1516,0.0006572359707206488,8.248202357208356e-05,0.0007397179724648595
naval,dune_bayes,1517,0.0007101052906364202,8.701132173882797e-05,0.0007971166050992906
naval,dune_bayes,1518,0.0008088603499345481,8.202972821891308e-05,0.0008908900781534612
naval,dune_bayes,1519,0.0008991071954369545,8.465386054012924e-05,0.0009837610414251685
naval,dune_bayes,1520,0.0006330888718366623,4.81992210552562e-05,0.0006812880747020245
naval,dune_bayes,1521,0.0008935974910855293,8.367950795218349e-05,0.0009772770572453737
naval,dune_bayes,1522,0.000798004912212491,0.00016599510854575783,0.0009640000062063336
naval,dune_bayes,1523,0.000911168463062495,8.416140190092847e-05,0.0009953298140317202
naval,dune_bayes,1524,0.0008834086474962533,8.187375351553783e-05,0.0009652823791839182
naval,dune_bayes,1525,0.0012034582905471325,0.0002532763173803687,0.0014567346079275012
naval,dune_bayes,1526,0.0007387143559753895,9.333388152299449e-05,0.0008320482447743416
naval,dune_bayes,1527,0.0008185916231013834,0.00012491055531427264,0.0009435021784156561
naval,dune_bayes,1528,0.0007555652991868556,9.723495895741507e-05,0.0008528002654202282
naval,dune_bayes,1529,0.0007890819106251001,0.00016197963850572705,0.0009510615491308272
naval,dune_bayes,1530,0.0007465964881703258,9.510762174613774e-05,0.000841704080812633
naval,dune_bayes,1531,0.0007820594473741949,9.310648601967841e-05,0.000875165918841958
naval,dune_bayes,1532,0.0006111383554525673,4.480638381210156e-05,0.0006559447501786053
naval,dune_bayes,1533,0.0007828953093849123,7.716449908912182e-05,0.0008600598084740341
naval,dune_bayes,1534,0.0006072812248021364,4.422704296302982e-05,0.0006515082786791027
naval,dune_bayes,1535,0.0006338511011563241,7.705375901423395e-05,0.0007109048310667276
naval,dune_bayes,1536,0.0007791479583829641,7.647408347111195e-05,0.0008556220564059913
naval,dune_bayes,1537,0.0007955157780088484,6.463332829298452e-05,0.0008601490990258753
naval,dune_bayes,1538,0.000793935323599726,0.00010622437548590824,0.0009001597063615918
naval,dune_bayes,1539,0.0007779235020279884,6.393631338141859e-05,0.0008418598445132375
naval,dune_bayes,1540,0.0007780387531965971,0.00015711155720055103,0.0009351503103971481
naval,dune_bayes,1541,0.0007787406211718917,6.196614413056523e-05,0.0008407067507505417
naval,dune_bayes,1542,0.0009588574175722897,9.570024849381298e-05,0.001054557622410357
naval,dune_bayes,1543,0.0010051929857581854,0.00010233256034553051,0.001107525546103716
naval,dune_bayes,1544,0.0008777259499765933,0.0001397551823174581,0.0010174810886383057
naval,dune_bayes,1545,0.0009529244853183627,9.456774569116533e-05,0.0010474922601133585
naval,dune_bayes,1546,0.0006394784431904554,7.233151700347662e-05,0.0007118099601939321
naval,dune_bayes,1547,0.000989467022009194,9.91647393675521e-05,0.0010886318050324917
naval,dune_bayes,1548,0.0009416401153430343,9.243670501746237e-05,0.0010340767912566662
naval,dune_bayes,1549,0.0009822106221690774,9.771875193109736e-05,0.0010799294104799628
naval,dune_bayes,1550,0.0007832467672415078,0.00010236306115984917,0.0008856098284013569
naval,dune_bayes,1551,0.0009357456001453102,9.132987906923518e-05,0.0010270754573866725
naval,dune_bayes,1552,0.0008122603176161647,0.00017266948998440057,0.000984929851256311
naval,dune_bayes,1553,0.0009670907747931778,9.47439402807504e-05,0.0010618347441777587
naval,dune_bayes,1554,0.000815283041447401,0.00010075906902784482,0.0009160421323031187
naval,dune_bayes,1555,0.0009600235498510301,9.336914081359282e-05,0.0010533926542848349
naval,dune_bayes,1556,0.0006738071679137647,7.924478268250823e-05,0.0007530519505962729
naval,dune_bayes,1557,0.0009083369513973594,8.630122465547174e-05,0.0009946381906047463
naval,dune_bayes,1558,0.0009385880548506975,8.926689042709768e-05,0.0010278549743816257
naval,dune_bayes,1559,0.0009028283529914916,8.530460036126897e-05,0.0009881329024210572
naval,dune_bayes,1560,0.0008077787351794541,8.18127446109429e-05,0.0008895914652384818
naval,dune_bayes,1561,0.000803832896053791,8.106412860797718e-05,0.0008848970173858106
naval,dune_bayes,1562,0.0007930633146315813,9.560519538354129e-05,0.0008886685245670378
naval,dune_bayes,1563,0.000790763006079942,0.00016294636589009315,0.0009537093574181199
naval,dune_bayes,1564,0.0007866966770961881,9.414101077709347e-05,0.0008808376733213663
naval,dune_bayes,1565,0.0008762644720263779,8.058073581196368e-05,0.000956845236942172
naval,dune_bayes,1566,0.0007551248418167233,9.71079571172595e-05,0.0008522327989339828
naval,dune_bayes,1567,0.0008714845753274858,7.974824256962165e-05,0.0009512327960692346
naval,dune_bayes,1568,0.0006120998878031969,4.4982090912526473e-05,0.0006570819532498717
naval,dune_bayes,1569,0.0008065024157986045,6.641275831498206e-05,0.0008729151450097561
naval,dune_bayes,1570,0.0008009338635019958,6.550573016284034e-05,0.0008664396009407938
naval,dune_bayes,1571,0.0006048698560334742,4.389278183225542e-05,0.0006487626233138144
naval,dune_bayes,1572,0.000711522763594985,7.721079600742087e-05,0.000788733537774533
naval,dune_bayes,1573,0.0007809746311977506,6.439722346840426e-05,0.0008453718619421124
naval,dune_bayes,1574,0.000794984633103013,6.454568938352168e-05,0.0008595302933827043
naval,dune_bayes,1575,0.0007750314543955028,0.0001559867523610592,0.000931018206756562
naval,dune_bayes,1576,0.0008229117374867201,0.00011321916099404916,0.0009361308766528964
naval,dune_bayes,1577,0.0007706024334765971,7.488212577300146e-05,0.0008454845519736409
naval,dune_bayes,1578,0.0007720198482275009,6.300056702457368e-05,0.0008350204443559051
naval,dune_bayes,1579,0.0007834417629055679,6.270685116760433e-05,0.0008461485849693418
naval,dune_bayes,1580,0.0005943984142504632,4.234019434079528e-05,0.0006367386085912585
naval,dune_bayes,1581,0.0007129086297936738,8.367131522390991e-05,0.0007965799304656684
naval,dune_bayes,1582,0.0007782694301567972,6.189143459778279e-05,0.0008401608793064952
naval,dune_bayes,1583,0.0007093634339980781,8.277930464828387e-05,0.0007921427604742348
naval,dune_bayes,1584,0.0007685270393267274,0.0001531551533844322,0.00092168222181499
naval,dune_bayes,1585,0.0008874451741576195,0.00014162446314003319,0.0010290696518495679
naval,dune_bayes,1586,0.000758778362069279,6.09647213423159e-05,0.0008197430870495737
naval,dune_bayes,1587,0.0007542873499915004,6.028119241818786e-05,0.0008145685424096882
naval,dune_bayes,1588,0.0006313313497230411,7.068712875479832e-05,0.0007020185003057122
naval,dune_bayes,1589,0.0008304505608975887,0.00010434676369186491,0.0009347973391413689
naval,dune_bayes,1590,0.0007848349632695317,0.00010290944919688627,0.0008877444197423756
naval,dune_bayes,1591,0.0009006157051771879,0.0001463911175960675,0.0010470068082213402
naval,dune_bayes,1592,0.0006550434627570212,7.544821710325778e-05,0.0007304917089641094
naval,dune_bayes,1593,0.0008241576724685729,0.00010286633914802223,0.0009270239970646799
naval,dune_bayes,1594,0.0009399378322996199,9.20841921470128e-05,0.0010320220608264208
naval,dune_bayes,1595,0.0006593889556825161,5.251818220131099e-05,0.0007119071669876575
naval,dune_bayes,1596,0.0008099354454316199,0.00017179318820126355,0.0009817286627367139
naval,dune_bayes,1597,0.00077660201350227,0.00010060585918836296,0.0008772078435868025
naval,dune_bayes,1598,0.0008074803627096117,0.00017065979773178697,0.0009781401604413986
naval,dune_bayes,1599,0.0009784756693989038,0.0001703703310340643,0.0011488460004329681
naval,dune_bayes,1600,0.0006673737661913037,7.79480833443813e-05,0.0007453218568116426
naval,dune_bayes,1601,0.0008174803224392235,0.00010127634595846757,0.0009187566465698183
naval,dune_bayes,1602,0.0011390653671696782,0.00022536191681865603,0.001364427269436419
naval,dune_bayes,1603,0.0009454840328544378,9.058060095412657e-05,0.001036064582876861
naval,dune_bayes,1604,0.0006395168020389974,4.9289505113847554e-05,0.0006888062926009297
naval,dune_bayes,1605,0.0007602146943099797,9.610495180822909e-05,0.0008563196752220392
naval,dune_bayes,1606,0.0009382535936310887,8.920767140807584e-05,0.001027461257763207
naval,dune_bayes,1607,0.000635474338196218,4.864641960011795e-05,0.0006841207505203784
naval,dune_bayes,1608,0.0007982950774021447,9.680094808572903e-05,0.0008950960473157465
naval,dune_bayes,1609,0.00079048314364627,0.00016301714640576392,0.0009535002755001187
naval,dune_bayes,1610,0.0006426162435673177,7.916783943073824e-05,0.0007217840757220984
naval,dune_bayes,1611,0.000726357742678374,9.05496344785206e-05,0.0008169073844328523
naval,dune_bayes,1612,0.0007405832293443382,9.086865611607209e-05,0.0008314519072882831
naval,dune_bayes,1613,0.0008798872004263103,8.118512778310105e-05,0.000961072335485369
naval,dune_bayes,1614,0.0008248178637586534,6.943293556105345e-05,0.0008942508138716221
naval,dune_bayes,1615,0.000736314570531249,8.976597746368498e-05,0.0008260805625468493
naval,dune_bayes,1616,0.0006844958988949656,8.858573710313067e-05,0.0007730816141702235
naval,dune_bayes,1617,0.0007367241196334362,9.286485146731138e-05,0.0008295889711007476
naval,dune_bayes,1618,0.0006131432019174099,4.517498018685728e-05,0.000658318167552352
naval,dune_bayes,1619,0.0007533610914833844,9.669685823610052e-05,0.000850057927891612
naval,dune_bayes,1620,0.0008698368910700083,7.944355456857011e-05,0.000949280452914536
naval,dune_bayes,1621,0.0007288628839887679,8.782045915722847e-05,0.0008166833431459963
naval,dune_bayes,1622,0.0007802211912348866,7.662244024686515e-05,0.0008568436605855823
naval,dune_bayes,1623,0.0006023984169587493,4.355252531240694e-05,0.0006459509604610503
naval,dune_bayes,1624,0.0008668434456922114,0.00013885210501030087,0.0010056955507025123
naval,dune_bayes,1625,0.0007944376557134092,6.44579267827794e-05,0.0008588955970481038
naval,dune_bayes,1626,0.0006708765286020935,8.598962449468672e-05,0.0007568661822006106
naval,dune_bayes,1627,0.0008189991931430995,0.00011230171367060393,0.0009313009213656187
naval,dune_bayes,1628,0.0007076294277794659,7.639915565960109e-05,0.0007840285543352365
naval,dune_bayes,1629,0.000595309364143759,4.2501178540987894e-05,0.0006378105608746409
naval,dune_bayes,1630,0.0008125467575155199,0.00011066458682762459,0.0009232113370671868
naval,dune_bayes,1631,0.0006243031821213663,7.489243580494076e-05,0.0006991956033743918
naval,dune_bayes,1632,0.000662586186081171,8.328996045747772e-05,0.0007458761683665216
naval,dune_bayes,1633,0.000800024252384901,0.0001170938994619064,0.0009171181591227651
naval,dune_bayes,1634,0.0007550994050689042,7.206340524135157e-05,0.0008271628175862134
naval,dune_bayes,1635,0.0005781948566436768,4.001941852038726e-05,0.0006182142533361912
naval,dune_bayes,1636,0.0006960132159292698,7.956362969707698e-05,0.000775576860178262
naval,dune_bayes,1637,0.0007591270259581506,0.00014933303464204073,0.0009084600606001914
naval,dune_bayes,1638,0.0008662721957080066,0.00012399764091242105,0.0009902698220685124
naval,dune_bayes,1639,0.0008455988136120141,0.00013050924462731928,0.0009761080727912486
naval,dune_bayes,1640,0.0008259247406385839,0.00010327632480766624,0.0009292010799981654
naval,dune_bayes,1641,0.0009441085858270526,9.28513691178523e-05,0.001036959933117032
naval,dune_bayes,1642,0.0008077676757238805,0.0001709754578769207,0.0009787431918084621
naval,dune_bayes,1643,0.0008191090892069042,0.00010164691775571555,0.000920756021514535
naval,dune_bayes,1644,0.0009329627500846982,9.076546848518774e-05,0.0010237281676381826
naval,dune_bayes,1645,0.0006447142222896218,5.015984061174095e-05,0.0006948740920051932
naval,dune_bayes,1646,0.0007656587404198945,9.769029566086829e-05,0.0008633490651845932
naval,dune_bayes,1647,0.0009163134964182973,8.769396663410589e-05,0.0010040074121206999
naval,dune_bayes,1648,0.0006409717607311904,4.955775148118846e-05,0.0006905295304022729
naval,dune_bayes,1649,0.0009380277479067445,8.916992373997346e-05,0.0010271976934745908
naval,dune_bayes,1650,0.00075330282561481,9.435029642190784e-05,0.0008476531365886331
naval,dune_bayes,1651,0.0006295272032730281,4.773828186444007e-05,0.0006772654596716166
naval,dune_bayes,1652,0.000796686508692801,9.642330405768007e-05,0.0008931098273023963
naval,dune_bayes,1653,0.0008052565972320735,8.128722402034327e-05,0.0008865438285283744
naval,dune_bayes,1654,0.0008889353484846652,8.276604785351083e-05,0.0009717014036141336
naval,dune_bayes,1655,0.0007907169056124985,9.505255002295598e-05,0.0008857694338075817
naval,dune_bayes,1656,0.0007978949579410255,7.989012374309823e-05,0.0008777850889600813
naval,dune_bayes,1657,0.0006181937060318887,4.5976841647643596e-05,0.0006641705404035747
naval,dune_bayes,1658,0.0006611706921830773,8.340668136952445e-05,0.0007445773808285594
naval,dune_bayes,1659,0.0007214882643893361,8.940461702877656e-05,0.0008108929032459855
naval,dune_bayes,1660,0.0008786809630692005,8.095776138361543e-05,0.0009596387390047312
naval,dune_bayes,1661,0.0006142558995634317,4.537460335996002e-05,0.000659630517475307
naval,dune_bayes,1662,0.0007337297429330647,8.918095409171656e-05,0.0008229106897488236
naval,dune_bayes,1663,0.0007762003224343061,0.00015689976862631738,0.000933100120164454
naval,dune_bayes,1664,0.0006617211038246751,8.331232675118372e-05,0.0007450334378518164
naval,dune_bayes,1665,0.0007781937601976097,9.221139043802395e-05,0.0008704051724635065
naval,dune_bayes,1666,0.0007801883039064705,0.00010297956032445654,0.0008831678424030542
naval,dune_bayes,1667,0.0006001403671689332,4.3241121602477506e-05,0.0006433814996853471
naval,dune_bayes,1668,0.0007696077809669077,0.00015401732525788248,0.0009236250771209598
naval,dune_bayes,1669,0.0010719557758420706,0.00020104293071199208,0.0012729987502098083
naval,dune_bayes,1670,0.0005930084153078496,4.218791946186684e-05,0.0006351963384076953
naval,dune_bayes,1671,0.000797874410636723,0.0001070959260687232,0.0009049703367054462
naval,dune_bayes,1672,0.0007627996383234859,0.00015107783838175237,0.0009138775058090687
naval,dune_bayes,1673,0.0007765974733047187,6.162773934192955e-05,0.0008382252417504787
naval,dune_bayes,1674,0.0007612066110596061,7.31448017177172e-05,0.0008343514055013657
naval,dune_bayes,1675,0.0007601198740303516,6.112569099059328e-05,0.0008212455431930721
naval,dune_bayes,1676,0.0007713232189416885,6.080130333430134e-05,0.0008321244968101382
naval,dune_bayes,1677,0.0005822987295687199,4.063532833242789e-05,0.0006229340797290206
naval,dune_bayes,1678,0.0007560571539215744,6.050959200365469e-05,0.0008165667532011867
naval,dune_bayes,1679,0.0005791661096736789,4.0183796954806894e-05,0.0006193498848006129
naval,dune_bayes,1680,0.0006848634802736342,8.832617459120229e-05,0.0007731896475888789
naval,dune_bayes,1681,0.0007540126098319888,7.184137211879715e-05,0.0008258539601229131
naval,dune_bayes,1682,0.0006930703530088067,7.893154543126002e-05,0.0007720019202679396
naval,dune_bayes,1683,0.0007426927331835032,5.8492943935561925e-05,0.0008011856698431075
naval,dune_bayes,1684,0.0006860702997073531,7.723642920609564e-05,0.000763306743465364
naval,dune_bayes,1685,0.0007500071078538895,0.00014562475553248078,0.000895631848834455
naval,dune_bayes,1686,0.0009122982155531645,0.00010372987162554637,0.0010160281090065837
naval,dune_bayes,1687,0.0006519540911540389,7.474204176105559e-05,0.000726696103811264
naval,dune_bayes,1688,0.0008317675092257559,8.636205166112632e-05,0.0009181295754387975
naval,dune_bayes,1689,0.0007713384693488479,9.934644913300872e-05,0.0008706849184818566
naval,dune_bayes,1690,0.0006501090247184038,7.434297003783286e-05,0.0007244519656524062
naval,dune_bayes,1691,0.0008280878537334502,8.565321331843734e-05,0.0009137410670518875
naval,dune_bayes,1692,0.0008239464368671179,8.484894351568073e-05,0.0009087953949347138
naval,dune_bayes,1693,0.0007628063904121518,9.701833187136799e-05,0.0008598247077316046
naval,dune_bayes,1694,0.0007549623260274529,9.489308285992593e-05,0.0008498554234392941
naval,dune_bayes,1695,0.0010156806092709303,0.0001821789628593251,0.0011978595284745097
naval,dune_bayes,1696,0.0006923344335518777,8.311145938932896e-05,0.0007754458929412067
naval,dune_bayes,1697,0.0009038381394930184,8.540779526811093e-05,0.0009892459493130445
naval,dune_bayes,1698,0.0007506849942728877,9.375131776323542e-05,0.0008444362902082503
naval,dune_bayes,1699,0.0007987620774656534,9.689979196991771e-05,0.0008956618839874864
naval,dune_bayes,1700,0.0008982408326119184,8.439808152616024e-05,0.0009826389141380787
naval,dune_bayes,1701,0.0006230775034055114,4.676570461015217e-05,0.0006698432262055576
naval,dune_bayes,1702,0.000742832780815661,9.165945812128484e-05,0.0008344922680407763
naval,dune_bayes,1703,0.0007237961981445551,8.998435077955946e-05,0.0008137805270962417
naval,dune_bayes,1704,0.0007922992808744311,9.540277096675709e-05,0.0008877020445652306
naval,dune_bayes,1705,0.0007963640964590013,7.958316564327106e-05,0.0008759472402743995
naval,dune_bayes,1706,0.0007348135113716125,8.955640078056604e-05,0.0008243698976002634
naval,dune_bayes,1707,0.0007870310801081359,0.0001152017357526347,0.0009022328304126859
naval,dune_bayes,1708,0.0008770004496909678,8.063027780735865e-05,0.0009576307493261993
naval,dune_bayes,1709,0.0007485738024115562,9.55977666308172e-05,0.0008441715617664158
naval,dune_bayes,1710,0.0007801629835739732,9.265246626455337e-05,0.0008728154352866113
naval,dune_bayes,1711,0.0008119226549752057,6.729932647431269e-05,0.0008792220032773912
naval,dune_bayes,1712,0.0006461335578933358,7.978116627782583e-05,0.0007259147241711617
naval,dune_bayes,1713,0.0007771173841319978,9.195427264785394e-05,0.0008690716349519789
naval,dune_bayes,1714,0.0007998655783012509,6.533221312565729e-05,0.0008651977987028658
naval,dune_bayes,1715,0.000597473350353539,4.2877098167082295e-05,0.0006403504521586001
naval,dune_bayes,1716,0.0007645411533303559,0.00015201610221993178,0.0009165572701022029
naval,dune_bayes,1717,0.0005903441924601793,4.182855263934471e-05,0.0006321727414615452
naval,dune_bayes,1718,0.0007823878549970686,6.25358588877134e-05,0.0008449237211607397
naval,dune_bayes,1719,0.0005869909655302763,4.133640686632134e-05,0.0006283273687586188
naval,dune_bayes,1720,0.0010379311861470342,0.0001933506573550403,0.0012312817852944136
naval,dune_bayes,1721,0.000699656258802861,7.47612866689451e-05,0.0007744175381958485
naval,dune_bayes,1722,0.0005836164928041399,4.08496598538477e-05,0.000624466163571924
naval,dune_bayes,1723,0.0007558290963061154,0.00014827883569523692,0.0009041079320013523
naval,dune_bayes,1724,0.0006973544368520379,8.00718626123853e-05,0.0007774262921884656
naval,dune_bayes,1725,0.0006945524364709854,7.372893742285669e-05,0.0007682814029976726
naval,dune_bayes,1726,0.0006938495207577944,7.920903590274975e-05,0.0007730585639365017
naval,dune_bayes,1727,0.0008647522772662342,0.00012364414578769356,0.0009883964667096734
naval,dune_bayes,1728,0.0006918136496096849,7.318101415876299e-05,0.0007649946492165327
naval,dune_bayes,1729,0.000759716727770865,5.900624091736972e-05,0.0008187229977920651
naval,dune_bayes,1730,0.0007198306266218424,9.658433555159718e-05,0.0008164149476215243
naval,dune_bayes,1731,0.0006837103865109384,7.154452032409608e-05,0.000755254877731204
naval,dune_bayes,1732,0.0007423965143971145,6.976063741603866e-05,0.000812157173641026
naval,dune_bayes,1733,0.0007436813903041184,5.65749651286751e-05,0.000800256384536624
naval,dune_bayes,1734,0.0008265820215456188,0.00012551757390610874,0.000952099566347897
naval,dune_bayes,1735,0.000647889799438417,7.39069510018453e-05,0.0007217967649921775
naval,dune_bayes,1736,0.0008308027754537761,8.61643347889185e-05,0.0009169671102426946
naval,dune_bayes,1737,0.0009302100515924394,9.019414574140683e-05,0.0010204041609540582
naval,dune_bayes,1738,0.0006479897419922054,5.075915396446362e-05,0.0006987489177845418
naval,dune_bayes,1739,0.0009308540029451251,0.00015539464948233217,0.0010862486669793725
naval,dune_bayes,1740,0.000966765801422298,9.470641089137644e-05,0.0010614722268655896
naval,dune_bayes,1741,0.0007646182784810662,9.761097317095846e-05,0.0008622292662039399
naval,dune_bayes,1742,0.0009598522447049618,9.335818322142586e-05,0.0010532104643061757
naval,dune_bayes,1743,0.000788288947660476,0.0001625799632165581,0.0009508689399808645
naval,dune_bayes,1744,0.0009135000873357058,8.713286661077291e-05,0.0010006329976022243
naval,dune_bayes,1745,0.0006359124672599137,4.882249777438119e-05,0.0006847349577583373
naval,dune_bayes,1746,0.0008067331509664655,8.152135706041008e-05,0.0008882544934749603
naval,dune_bayes,1747,0.0008971720817498863,8.418026845902205e-05,0.0009813522920012474
naval,dune_bayes,1748,0.0007123344694264233,8.743733633309603e-05,0.0007997718057595193
naval,dune_bayes,1749,0.0006206867983564734,4.642694693757221e-05,0.0006671137525700033
naval,dune_bayes,1750,0.0007202214328572154,8.915283979149535e-05,0.0008093742653727531
naval,dune_bayes,1751,0.0007992835016921163,8.01214700913988e-05,0.0008794049499556422
naval,dune_bayes,1752,0.0007323483005166054,8.899983367882669e-05,0.0008213481632992625
naval,dune_bayes,1753,0.0009929353836923838,0.00017658065189607441,0.0011695160064846277
naval,dune_bayes,1754,0.000875878962688148,8.041980618145317e-05,0.0009562987834215164
naval,dune_bayes,1755,0.000609643233474344,4.473064836929552e-05,0.0006543739000335336
naval,dune_bayes,1756,0.000728424231056124,8.798392809694633e-05,0.0008164081373251975
naval,dune_bayes,1757,0.0007690833881497383,0.0001541367673780769,0.0009232201846316457
naval,dune_bayes,1758,0.0006058151484467089,4.4156044168630615e-05,0.0006499711889773607
naval,dune_bayes,1759,0.0007619133102707565,9.866486652754247e-05,0.0008605781476944685
naval,dune_bayes,1760,0.0006024030735716224,4.3637744965963066e-05,0.0006460408330895007
naval,dune_bayes,1761,0.000653727154713124,8.159837307175621e-05,0.0007353255059570074
naval,dune_bayes,1762,0.0007672152132727206,9.987324301619083e-05,0.0008670884417369962
naval,dune_bayes,1763,0.000772933242842555,7.521488441852853e-05,0.0008481481345370412
naval,dune_bayes,1764,0.0007933357846923172,6.428263441193849e-05,0.0008576184045523405
naval,dune_bayes,1765,0.0007041869685053825,7.567685679532588e-05,0.000779863796196878
naval,dune_bayes,1766,0.0007691404898650944,7.452291174558923e-05,0.0008436634088866413
naval,dune_bayes,1767,0.00058458506828174,4.10155116696842e-05,0.0006256005726754665
naval,dune_bayes,1768,0.0007759255240671337,6.151997513370588e-05,0.0008374454919248819
naval,dune_bayes,1769,0.0005810069851577282,4.049879498779774e-05,0.0006215057801455259
naval,dune_bayes,1770,0.0007510085124522448,0.00014641368761658669,0.0008974222000688314
naval,dune_bayes,1771,0.0006947966758161783,7.952300802571699e-05,0.0007743196911178529
naval,dune_bayes,1772,0.0007478416082449257,7.069857383612543e-05,0.0008185401675291359
naval,dune_bayes,1773,0.0007444598595611751,5.871796383871697e-05,0.0008031778270378709
naval,dune_bayes,1774,0.0007534557953476906,5.80480664211791e-05,0.0008115038508549333
naval,dune_bayes,1775,0.000885423447471112,0.00012905261246487498,0.001014476059935987
naval,dune_bayes,1776,0.0007447811076417565,7.016659219516441e-05,0.0008149477071128786
naval,dune_bayes,1777,0.000742876494769007,5.645088094752282e-05,0.000799327390268445
naval,dune_bayes,1778,0.000557881488930434,3.724814814631827e-05,0.0005951296188868582
naval,dune_bayes,1779,0.0009232974261976779,8.890031313057989e-05,0.001012197695672512
naval,dune_bayes,1780,0.0006583346403203905,7.597097282996401e-05,0.0007343055913224816
naval,dune_bayes,1781,0.0007577529177069664,9.584751387592405e-05,0.0008536004461348057
naval,dune_bayes,1782,0.0009370504994876683,0.00015716211055405438,0.0010942126391455531
naval,dune_bayes,1783,0.0008057710947468877,9.850641072262079e-05,0.0009042774909175932
naval,dune_bayes,1784,0.0007813065312802792,0.00015964399790391326,0.0009409505291841924
naval,dune_bayes,1785,0.0009061461896635592,8.576222899137065e-05,0.0009919083677232265
naval,dune_bayes,1786,0.0009451459627598524,9.053528629010543e-05,0.001035681227222085
naval,dune_bayes,1787,0.0006909651565365493,8.27904004836455e-05,0.0007737555424682796
naval,dune_bayes,1788,0.0008097134996205568,8.207713108276948e-05,0.0008917906088754535
naval,dune_bayes,1789,0.0007089438149705529,8.669430098962039e-05,0.0007956381305120885
naval,dune_bayes,1790,0.0008955755620263517,8.386373519897461e-05,0.0009794393554329872
naval,dune_bayes,1791,0.0006221785442903638,4.6690471208421513e-05,0.0006688690045848489
naval,dune_bayes,1792,0.0007978556677699089,7.98191613284871e-05,0.0008776748436503112
naval,dune_bayes,1793,0.0009164582588709891,8.515074296155944e-05,0.0010016090236604214
naval,dune_bayes,1794,0.0007336304406635463,8.943113061832264e-05,0.0008230615640059114
naval,dune_bayes,1795,0.0007264199084602296,9.053518442669883e-05,0.0008169551147148013
naval,dune_bayes,1796,0.0009094490669667721,8.386115950997919e-05,0.0009933102410286665
naval,dune_bayes,1797,0.0007504317909479141,9.60005636443384e-05,0.0008464323473162949
naval,dune_bayes,1798,0.0005997050902806222,4.326857379055582e-05,0.0006429736386053264
naval,dune_bayes,1799,0.0007826267392374575,0.00010359330917708576,0.0008862200193107128
naval,dune_bayes,1800,0.0005961745046079159,4.2741725337691605e-05,0.0006389162153936923
naval,dune_bayes,1801,0.000775194144807756,7.560929225292057e-05,0.0008508034516125917
naval,dune_bayes,1802,0.0007788994698785245,6.395547825377434e-05,0.0008428549626842141
naval,dune_bayes,1803,0.0007550104637630284,0.0001482930383644998,0.0009033035021275282
naval,dune_bayes,1804,0.0007687628385610878,9.007951302919537e-05,0.000858842337038368
naval,dune_bayes,1805,0.0007530776783823967,0.00014744733925908804,0.0009005250176414847
naval,dune_bayes,1806,0.000781449896749109,6.239036156330258e-05,0.0008438402437604964
naval,dune_bayes,1807,0.0007070865831337869,9.366577432956547e-05,0.0008007523720152676
naval,dune_bayes,1808,0.0008282669587060809,0.00011444208212196827,0.0009427090408280492
naval,dune_bayes,1809,0.0005754351150244474,3.972689592046663e-05,0.0006151620182208717
naval,dune_bayes,1810,0.0007519612554460764,5.98238839302212e-05,0.0008117851102724671
naval,dune_bayes,1811,0.0006893922109156847,7.267538603628054e-05,0.0007620676187798381
naval,dune_bayes,1812,0.0007473851437680423,5.9131118177901953e-05,0.0008065162692219019
naval,dune_bayes,1813,0.0007398343295790255,0.00014190129877533764,0.0008817356429062784
naval,dune_bayes,1814,0.000696054077707231,9.20134989428334e-05,0.000788067583926022
naval,dune_bayes,1815,0.0006866810726933181,7.213701610453427e-05,0.0007588181179016829
naval,dune_bayes,1816,0.0007468689582310617,7.051686407066882e-05,0.000817385851405561
naval,dune_bayes,1817,0.0006815271335653961,7.638102397322655e-05,0.0007579081575386226
naval,dune_bayes,1818,0.0008837811765260994,0.0001285540492972359,0.0010123351821675897
naval,dune_bayes,1819,0.000558708212338388,3.738469968084246e-05,0.0005960928974673152
naval,dune_bayes,1820,0.0006790548795834184,7.06134014762938e-05,0.0007496682810597122
naval,dune_bayes,1821,0.0007303069578483701,5.659479575115256e-05,0.0007869017426855862
naval,dune_bayes,1822,0.0007333647226914763,6.814515654696152e-05,0.0008015098865143955
naval,dune_bayes,1823,0.0008164261817000806,8.33270896691829e-05,0.000899753300473094
naval,dune_bayes,1824,0.0009102014591917396,8.646790956845507e-05,0.0009966694051399827
naval,dune_bayes,1825,0.0009383540018461645,0.00015826232265681028,0.0010966162662953138
naval,dune_bayes,1826,0.0006813015788793564,8.072709897533059e-05,0.000762028677854687
naval,dune_bayes,1827,0.0009050759836100042,8.555587555747479e-05,0.0009906318737193942
naval,dune_bayes,1828,0.0009376757079735398,8.912196062738076e-05,0.0010267976904287934
naval,dune_bayes,1829,0.0008042734698392451,8.100975537672639e-05,0.0008852832252159715
naval,dune_bayes,1830,0.0008938778773881495,8.354037709068507e-05,0.0009774182690307498
naval,dune_bayes,1831,0.0006198497721925378,4.636212906916626e-05,0.00066621188307181
naval,dune_bayes,1832,0.0008007838623598218,8.035927749006078e-05,0.0008811431471258402
naval,dune_bayes,1833,0.0008889379678294063,8.266486838692799e-05,0.0009716028580442071
naval,dune_bayes,1834,0.0009234729805029929,8.645409980090335e-05,0.0010099271312355995
naval,dune_bayes,1835,0.0007251492934301496,9.022326412377879e-05,0.000815372564829886
naval,dune_bayes,1836,0.0007928781560622156,7.887476385803893e-05,0.0008717529126442969
naval,dune_bayes,1837,0.0009097233996726573,8.391290612053126e-05,0.0009936363203451037
naval,dune_bayes,1838,0.0007619848474860191,0.00015144173812586814,0.000913426571059972
naval,dune_bayes,1839,0.0007233343203552067,8.684629574418068e-05,0.0008101806160993874
naval,dune_bayes,1840,0.0007795288693159819,9.248531569028273e-05,0.0008720142068341374
naval,dune_bayes,1841,0.0007851538248360157,7.742347952444106e-05,0.0008625772898085415
naval,dune_bayes,1842,0.0008678463636897504,7.896134775364771e-05,0.000946807733271271
naval,dune_bayes,1843,0.000862588407471776,7.805036875652149e-05,0.0009406387689523399
naval,dune_bayes,1844,0.0007733634556643665,9.109132224693894e-05,0.0008644547779113054
naval,dune_bayes,1845,0.000711776374373585,8.391429582843557e-05,0.0007956906920298934
naval,dune_bayes,1846,0.00079882558202371,6.516752910101786e-05,0.0008639931329526007
naval,dune_bayes,1847,0.0008124734740704298,0.00011068503226852044,0.0009231584845110774
naval,dune_bayes,1848,0.0007672056090086699,8.972581417765468e-05,0.0008569314377382398
naval,dune_bayes,1849,0.0007704198360443115,7.472692959709093e-05,0.0008451467729173601
naval,dune_bayes,1850,0.0007987337303347886,0.00010727289190981537,0.0009060066076926887
naval,dune_bayes,1851,0.0007684420561417937,6.231656152522191e-05,0.0008307585958391428
naval,dune_bayes,1852,0.0007003522478044033,8.106159657472745e-05,0.0007814138662070036
naval,dune_bayes,1853,0.000763793708756566,6.160017073852941e-05,0.0008253938867710531
naval,dune_bayes,1854,0.0007810137467458844,6.232191663002595e-05,0.0008433356415480375
naval,dune_bayes,1855,0.0007415245636366308,0.00014279928291216493,0.0008843238465487957
naval,dune_bayes,1856,0.0007549892761744559,6.025664697517641e-05,0.0008152459049597383
naval,dune_bayes,1857,0.0008382631349377334,0.00011684413766488433,0.0009551072726026177
naval,dune_bayes,1858,0.0006911040400154889,7.30154788470827e-05,0.0007641194970346987
naval,dune_bayes,1859,0.0008628724608570337,0.0001231004425790161,0.0009859729325398803
naval,dune_bayes,1860,0.0007489041308872402,7.085689867381006e-05,0.000819761015009135
naval,dune_bayes,1861,0.0011441765818744898,0.00022542898659594357,0.001369605539366603
naval,dune_bayes,1862,0.0007326054619625211,0.0001391074911225587,0.0008717129239812493
naval,dune_bayes,1863,0.0008655042620375752,0.000123704390716739,0.00098920869641006
naval,dune_bayes,1864,0.0005596086266450584,3.753122655325569e-05,0.0005971398786641657
naval,dune_bayes,1865,0.0007306888001039624,0.0001383092749165371,0.0008689980604685843
naval,dune_bayes,1866,0.0006542400806210935,8.193197572836652e-05,0.0007361720781773329
naval,dune_bayes,1867,0.000680304307024926,7.084934622980654e-05,0.000751153682358563
naval,dune_bayes,1868,0.0007388073136098683,6.907397619215772e-05,0.0008078812970779836
naval,dune_bayes,1869,0.0007330545340664685,5.6981931265909225e-05,0.0007900364580564201
naval,dune_bayes,1870,0.0005562563892453909,3.7071855331305414e-05,0.0005933282664045691
naval,dune_bayes,1871,0.0007353024557232857,6.846240285085514e-05,0.0008037648512981832
naval,dune_bayes,1872,0.0007310672663152218,5.4691532568540424e-05,0.0007857587770558894
naval,dune_bayes,1873,0.0006488033104687929,7.992183236638084e-05,0.0007287251646630466
naval,dune_bayes,1874,0.0007205313304439187,5.515050361282192e-05,0.000775681808590889
naval,dune_bayes,1875,0.0005466618458740413,3.57662866008468e-05,0.0005824281251989305
naval,dune_bayes,1876,0.0007220795378088951,0.00013481947826221585,0.000856899016071111
naval,dune_bayes,1877,0.0009522690670564771,9.191307617584243e-05,0.0010441821068525314
naval,dune_bayes,1878,0.0006286783027462661,4.777761932928115e-05,0.000676455907523632
naval,dune_bayes,1879,0.0007487338734790683,9.360193507745862e-05,0.0008423358085565269
naval,dune_bayes,1880,0.0006713589536957443,7.859364268369973e-05,0.0007499526254832745
naval,dune_bayes,1881,0.0008073259377852082,8.15788735053502e-05,0.0008889047894626856
naval,dune_bayes,1882,0.0009373264038003981,8.906365110306069e-05,0.0010263900039717555
naval,dune_bayes,1883,0.0007403912604786456,9.139295434579253e-05,0.0008317842148244381
naval,dune_bayes,1884,0.0008928504539653659,8.333144796779379e-05,0.0009761818801052868
naval,dune_bayes,1885,0.0007993073086254299,8.00451889517717e-05,0.0008793525048531592
naval,dune_bayes,1886,0.0009160133777186275,8.507754682796076e-05,0.0010010909754782915
naval,dune_bayes,1887,0.000909449765458703,8.386684203287587e-05,0.000993316643871367
naval,dune_bayes,1888,0.0006060457089915872,4.4282296585151926e-05,0.0006503280019387603
naval,dune_bayes,1889,0.001001074560917914,0.00017687420768197626,0.0011779487831518054
naval,dune_bayes,1890,0.0008661577012389898,7.86482123658061e-05,0.0009448059136047959
naval,dune_bayes,1891,0.0008170708897523582,6.815800588810816e-05,0.0008852289174683392
naval,dune_bayes,1892,0.0007169413729570806,8.530806371709332e-05,0.0008022494148463011
naval,dune_bayes,1893,0.0010537967318668962,0.00019441252516116947,0.0012482092715799809
naval,dune_bayes,1894,0.0008608915959484875,7.773784454911947e-05,0.000938629440497607
naval,dune_bayes,1895,0.0007130677113309503,8.432833419647068e-05,0.0007973960600793362
naval,dune_bayes,1896,0.0010013568680733442,0.0001785877248039469,0.0011799446074292064
naval,dune_bayes,1897,0.0005846623098477721,4.1105759009951726e-05,0.0006257680943235755
naval,dune_bayes,1898,0.0007015867158770561,8.145206811605021e-05,0.000783038791269064
naval,dune_bayes,1899,0.0007435798761434853,0.00014381244545802474,0.00088739232160151
naval,dune_bayes,1900,0.0007657186943106353,7.384928176179528e-05,0.0008395679760724306
naval,dune_bayes,1901,0.0006979014142416418,8.053703641053289e-05,0.0007784384652040899
naval,dune_bayes,1902,0.0008403966785408556,0.0001175302459159866,0.000957926909904927
naval,dune_bayes,1903,0.000697957060765475,7.439497858285904e-05,0.0007723520393483341
naval,dune_bayes,1904,0.0007390661630779505,0.00014192391245160252,0.0008809900609776378
naval,dune_bayes,1905,0.0007752108504064381,6.140716141089797e-05,0.0008366180118173361
naval,dune_bayes,1906,0.000755165470764041,7.194565114332363e-05,0.0008271111291833222
naval,dune_bayes,1907,0.0007535462500527501,6.0023234254913405e-05,0.0008135694661177695
naval,dune_bayes,1908,0.000769284088164568,6.0483351262519136e-05,0.0008297674357891083
naval,dune_bayes,1909,0.0005707106320187449,3.910866871592589e-05,0.0006098193116486073
naval,dune_bayes,1910,0.0006900966400280595,7.281410944415256e-05,0.0007629107567481697
naval,dune_bayes,1911,0.000744944903999567,5.8728775911731645e-05,0.0008036736981011927
naval,dune_bayes,1912,0.0005637733265757561,3.813538569374941e-05,0.0006019087159074843
naval,dune_bayes,1913,0.0006758793024346232,7.520392682636157e-05,0.0007510832510888577
naval,dune_bayes,1914,0.0007281661964952946,0.0001374376006424427,0.0008656037971377373
naval,dune_bayes,1915,0.0005539671401493251,3.67823668057099e-05,0.0005907494924031198
naval,dune_bayes,1916,0.000669042463414371,7.358911534538493e-05,0.0007426315569318831
naval,dune_bayes,1917,0.0008877577492967248,0.00012962601613253355,0.0010173837654292583
naval,dune_bayes,1918,0.0006767085869796574,7.014531729510054e-05,0.0007468538824468851
naval,dune_bayes,1919,0.0006656702607870102,7.279481360455975e-05,0.0007384650525636971
naval,dune_bayes,1920,0.0005826092674396932,6.591455894522369e-05,0.0006485237972810864
naval,dune_bayes,1921,0.0007200387772172689,5.307537503540516e-05,0.0007731141522526741
naval,dune_bayes,1922,0.0008391873561777174,0.00012839156261179596,0.0009675789042375982
naval,dune_bayes,1923,0.0007991866441443563,9.697737550595775e-05,0.0008961640414781868
naval,dune_bayes,1924,0.0009024981409311295,8.503362187184393e-05,0.000987531733699143
naval,dune_bayes,1925,0.0007421717746183276,9.194274753099307e-05,0.0008341145003214478
naval,dune_bayes,1926,0.0007927209371700883,9.5479263109155e-05,0.0008882001857273281
naval,dune_bayes,1927,0.000802363152615726,8.061274274950847e-05,0.0008829758735373616
naval,dune_bayes,1928,0.0008912790799513459,8.303457434521988e-05,0.0009743136470206082
naval,dune_bayes,1929,0.0006150246481411159,4.5680368202738464e-05,0.0006607050308957696
naval,dune_bayes,1930,0.0007343688630498946,8.989025081973523e-05,0.000824259128421545
naval,dune_bayes,1931,0.0007604904239997268,0.0001511039590695873,0.0009115943685173988
naval,dune_bayes,1932,0.0007580445962958038,0.00015005962632130831,0.0009081042371690273
naval,dune_bayes,1933,0.0007555627380497754,0.00014900893438607454,0.0009045716724358499
naval,dune_bayes,1934,0.0007904930971562862,7.838593592168763e-05,0.0008688790258020163
naval,dune_bayes,1935,0.0007530900184065104,0.0001479547208873555,0.0009010447538457811
naval,dune_bayes,1936,0.0008699940517544746,7.928704144433141e-05,0.000949281093198806
naval,dune_bayes,1937,0.0007505736430175602,0.0001469064736738801,0.0008974801166914403
naval,dune_bayes,1938,0.0007768578361719847,9.186060196952894e-05,0.000868718430865556
naval,dune_bayes,1939,0.0007143355323933065,8.473487832816318e-05,0.0007990704034455121
naval,dune_bayes,1940,0.0007711502839811146,9.060002776095644e-05,0.0008617503335699439
naval,dune_bayes,1941,0.0007066260441206396,8.279478061012924e-05,0.0007894207956269383
naval,dune_bayes,1942,0.0010543686803430319,0.00019469013204798102,0.0012490588705986738
naval,dune_bayes,1943,0.000803462986368686,0.0001085148542188108,0.0009119778405874968
naval,dune_bayes,1944,0.000774959335103631,6.32775918347761e-05,0.0008382369414903224
naval,dune_bayes,1945,0.0007412126869894564,0.00014299910981208086,0.0008842117968015373
naval,dune_bayes,1946,0.0007650840561836958,8.924253052100539e-05,0.0008543265867047012
naval,dune_bayes,1947,0.0007706584292463958,6.262262468226254e-05,0.0008332810830324888
naval,dune_bayes,1948,0.000765878998208791,6.188216502778232e-05,0.0008277611341327429
naval,dune_bayes,1949,0.0007864832878112793,6.318959640339017e-05,0.0008496728842146695
naval,dune_bayes,1950,0.0006969493697397411,7.417749293381348e-05,0.0007711268845014274
naval,dune_bayes,1951,0.0007610548636876047,7.298320269910619e-05,0.0008340380736626685
naval,dune_bayes,1952,0.0005753461155109107,3.9792688767192885e-05,0.0006151387933641672
naval,dune_bayes,1953,0.000691586232278496,7.9070043284446e-05,0.000770656275562942
naval,dune_bayes,1954,0.0007091320585459471,9.46707878028974e-05,0.0008038028609007597
naval,dune_bayes,1955,0.0007573531474918127,7.231769995996729e-05,0.0008296708692796528
naval,dune_bayes,1956,0.0007748358184471726,6.13488518865779e-05,0.0008361846557818353
naval,dune_bayes,1957,0.0008599309949204326,0.00012240902287885547,0.0009823399595916271
naval,dune_bayes,1958,0.0006914791883900762,7.308309432119131e-05,0.0007645622827112675
naval,dune_bayes,1959,0.0006331235053949058,7.665738667128608e-05,0.0007097808993421495
naval,dune_bayes,1960,0.0007469712290912867,7.048011320875958e-05,0.0008174513350240886
naval,dune_bayes,1961,0.0007434030994772911,5.847100692335516e-05,0.000801874091848731
naval,dune_bayes,1962,0.000725586200132966,0.0001365493517369032,0.0008621355518698692
naval,dune_bayes,1963,0.0007524215616285801,5.788783892057836e-05,0.0008103094296529889
naval,dune_bayes,1964,0.0006735539645887911,7.473094592569396e-05,0.0007482849177904427
naval,dune_bayes,1965,0.000746707955840975,5.702178168576211e-05,0.0008037297520786524
naval,dune_bayes,1966,0.0007306453189812601,5.6581957323942333e-05,0.0007872272981330752
naval,dune_bayes,1967,0.0005517883109860122,3.6506986361928284e-05,0.0005882952827960253
naval,dune_bayes,1968,0.0008892321493476629,0.0001300669537158683,0.001019299146719277
naval,dune_bayes,1969,0.0007328403880819678,6.798969843657687e-05,0.0008008300792425871
naval,dune_bayes,1970,0.0007262411527335644,5.593428431893699e-05,0.0007821754552423954
naval,dune_bayes,1971,0.0007170558092184365,0.00013310619397088885,0.0008501620031893253
naval,dune_bayes,1972,0.0007298446726053953,6.747874431312084e-05,0.0007973234169185162
naval,dune_bayes,1973,0.0007264276500791311,6.687577842967585e-05,0.0007933034212328494
naval,dune_bayes,1974,0.0006561559275723994,7.066265243338421e-05,0.000726818572729826
naval,dune_bayes,1975,0.0005738475010730326,6.411216600099578e-05,0.0006379596889019012
naval,dune_bayes,1976,0.0008840461377985775,0.00012876388791482896,0.0010128100402653217
naval,dune_bayes,1977,0.0006679038633592427,6.840741116320714e-05,0.000736311252694577
naval,dune_bayes,1978,0.0008818414062261581,0.00012831403000745922,0.0010101554216817021
naval,dune_bayes,1979,0.0007145916461013258,5.2286337449913844e-05,0.0007668779580853879
naval,dune_bayes,1980,0.0007943515665829182,9.584220970282331e-05,0.0008901937981136143
naval,dune_bayes,1981,0.0007933741435408592,0.00011588834604481235,0.0009092625114135444
naval,dune_bayes,1982,0.0007316424744203687,8.9278953964822e-05,0.0008209214429371059
naval,dune_bayes,1983,0.0009348215535283089,0.0001566765713505447,0.0010914981830865145
naval,dune_bayes,1984,0.0007535693584941328,0.00014832573651801795,0.0009018951095640659
naval,dune_bayes,1985,0.0007241146522574127,8.99836522876285e-05,0.0008140982827171683
naval,dune_bayes,1986,0.0007239010883495212,8.72606469783932e-05,0.0008111617062240839
naval,dune_bayes,1987,0.0008737709722481668,7.991510938154534e-05,0.0009536860743537545
naval,dune_bayes,1988,0.0008689821697771549,7.908538827905431e-05,0.0009480675798840821
naval,dune_bayes,1989,0.0007157744257710874,8.51888325996697e-05,0.0008009632583707571
naval,dune_bayes,1990,0.0008954963413998485,8.133665687637404e-05,0.0009768330492079258
naval,dune_bayes,1991,0.0007779176230542362,7.603472477057949e-05,0.0008539523696526885
naval,dune_bayes,1992,0.0008963267900981009,0.0001443454675609246,0.0010406723013147712
naval,dune_bayes,1993,0.0007696055108681321,9.023051097756252e-05,0.0008598360000178218
naval,dune_bayes,1994,0.0009454608079977334,0.0001591721666045487,0.001104632974602282
naval,dune_bayes,1995,0.000798567954916507,6.513264816021547e-05,0.0008637005812488496
naval,dune_bayes,1996,0.0005836064228788018,4.100628211745061e-05,0.0006246127304621041
naval,dune_bayes,1997,0.0010240769479423761,0.00018419604748487473,0.0012082729954272509
naval,dune_bayes,1998,0.0010515064932405949,0.000193759347894229,0.0012452658265829086
naval,dune_bayes,1999,0.0008438167860731483,0.0001184177745017223,0.0009622345678508282
naval,dune_bayes,2000,0.0007644389988854527,6.163579382700846e-05,0.0008260747999884188
naval,dune_bayes,2001,0.0007866446394473314,6.321770342765376e-05,0.0008498623501509428
naval,dune_bayes,2002,0.0008414926123805344,0.00011776941391872242,0.0009592620190232992
naval,dune_bayes,2003,0.0006959472666494548,7.397618173854426e-05,0.0007699234411120415
naval,dune_bayes,2004,0.0007603020640090108,6.1005415773252025e-05,0.000821307476144284
naval,dune_bayes,2005,0.0009157724562101066,0.00015168504614848644,0.0010674574878066778
naval,dune_bayes,2006,0.0007527447887696326,7.147061842260882e-05,0.000824215414468199
naval,dune_bayes,2007,0.0006766349542886019,8.673426054883748e-05,0.0007633692002855241
naval,dune_bayes,2008,0.000866259797476232,0.00012402124411892146,0.0009902809979394078
naval,dune_bayes,2009,0.0007491273572668433,7.082799857016653e-05,0.0008199553703889251
naval,dune_bayes,2010,0.0005627346108667552,3.8039324863348156e-05,0.0006007739575579762
naval,dune_bayes,2011,0.0006782382843084633,7.592381007270887e-05,0.0007541620871052146
naval,dune_bayes,2012,0.0006336400983855128,7.683473086217418e-05,0.0007104748510755599
naval,dune_bayes,2013,0.0008905616123229265,0.00013046085950918496,0.001021022442728281
naval,dune_bayes,2014,0.0006709981826134026,7.420008478220552e-05,0.0007451982819475234
naval,dune_bayes,2015,0.0008986105676740408,0.00013272787327878177,0.001031338470056653
naval,dune_bayes,2016,0.0007388177327811718,6.902012682985514e-05,0.0008078378741629422
naval,dune_bayes,2017,0.0007463676738552749,5.697014057659544e-05,0.000803337839897722
naval,dune_bayes,2018,0.0006674618925899267,7.336670387303457e-05,0.0007408285746350884
naval,dune_bayes,2019,0.000658563629258424,8.217150752898306e-05,0.0007407351513393223
naval,dune_bayes,2020,0.0007295598043128848,5.640914605464786e-05,0.0007859689649194479
naval,dune_bayes,2021,0.0007145607378333807,0.00013226769806351513,0.0008468284504488111
naval,dune_bayes,2022,0.0007189544849097729,9.623980440665036e-05,0.000815194274764508
naval,dune_bayes,2023,0.0008905990398488939,0.00013059581397101283,0.0010211948538199067
naval,dune_bayes,2024,0.0007166342693381011,5.452461482491344e-05,0.0007711588987149298
naval,dune_bayes,2025,0.0005397496279329062,3.490942617645487e-05,0.0005746590322814882
naval,dune_bayes,2026,0.001007795101031661,0.0001822637568693608,0.0011900588870048523
naval,dune_bayes,2027,0.0007128047291189432,5.397588756750338e-05,0.0007667806348763406
naval,dune_bayes,2028,0.0007185968570411205,6.552241393364966e-05,0.0007841192418709397
naval,dune_bayes,2029,0.0006468303618021309,6.860400026198477e-05,0.0007154343766160309
naval,dune_bayes,2030,0.0005736455204896629,6.401899736374617e-05,0.000637664517853409
naval,dune_bayes,2031,0.0006617603357881308,6.721163663314655e-05,0.0007289719651453197
naval,dune_bayes,2032,0.0007900756318122149,9.485265763942152e-05,0.0008849282748997211
naval,dune_bayes,2033,0.0009328247397206724,0.00015569134848192334,0.0010885160882025957
naval,dune_bayes,2034,0.0009055626578629017,0.00013517802290152758,0.0010407406371086836
naval,dune_bayes,2035,0.0007868466200307012,9.411969949724153e-05,0.0008809663122519851
naval,dune_bayes,2036,0.000923454761505127,8.647255162941292e-05,0.0010099273640662432
naval,dune_bayes,2037,0.0007467892137356102,0.00014561421994585544,0.0008924034191295505
naval,dune_bayes,2038,0.0007881380734033883,7.790508971083909e-05,0.0008660431485623121
naval,dune_bayes,2039,0.0009095845161937177,8.390357106691226e-05,0.000993488123640418
naval,dune_bayes,2040,0.0005991708021610975,4.333531978772953e-05,0.0006425061146728694
naval,dune_bayes,2041,0.0009308962034992874,0.00015485235780943185,0.001085748546756804
naval,dune_bayes,2042,0.0008572692750021815,7.704739982727915e-05,0.0009343166602775455
naval,dune_bayes,2043,0.0007371315150521696,0.0001415999431628734,0.0008787314873188734
naval,dune_bayes,2044,0.0007983068353496492,0.00010726718028308824,0.0009055740083567798
naval,dune_bayes,2045,0.0007731856312602758,7.514456956414506e-05,0.0008483302081003785
naval,dune_bayes,2046,0.0007624510326422751,8.863619586918503e-05,0.0008510872139595449
naval,dune_bayes,2047,0.0007925623212940991,6.416422547772527e-05,0.0008567265467718244
naval,dune_bayes,2048,0.0010344762122258544,0.0001877558825071901,0.001222232123836875
naval,dune_bayes,2049,0.0008429027511738241,0.00011813811579486355,0.0009610408451408148
naval,dune_bayes,2050,0.0006922453176230192,7.322146848309785e-05,0.0007654667715542018
naval,dune_bayes,2051,0.0005674539715982974,3.872322122333571e-05,0.0006061772000975907
naval,dune_bayes,2052,0.0006831305217929184,7.717691914876923e-05,0.0007603074191138148
naval,dune_bayes,2053,0.0007686762255616486,6.0389098507585004e-05,0.00082906533498317
naval,dune_bayes,2054,0.000748162972740829,7.064696546876803e-05,0.0008188099600374699
naval,dune_bayes,2055,0.0005606038612313569,3.776649464271031e-05,0.0005983703304082155
naval,dune_bayes,2056,0.0007187578012235463,0.00013411638792604208,0.0008528741891495883
naval,dune_bayes,2057,0.0006813895888626575,7.105487020453438e-05,0.0007524444372393191
naval,dune_bayes,2058,0.0007516758632846177,5.777425758424215e-05,0.0008094501099549234
naval,dune_bayes,2059,0.0006787173333577812,7.053031731629744e-05,0.0007492476725019515
naval,dune_bayes,2060,0.0007458848995156586,5.689930185326375e-05,0.000802784226834774
naval,dune_bayes,2061,0.0007281851139850914,5.6183231208706275e-05,0.0007843683706596494
naval,dune_bayes,2062,0.0007350118830800056,5.526967652258463e-05,0.0007902815705165267
naval,dune_bayes,2063,0.0006579832988791168,7.122835813788697e-05,0.0007292116642929614
naval,dune_bayes,2064,0.0008920437539927661,0.0001309645303990692,0.0010230082552880049
naval,dune_bayes,2065,0.0007194714271463454,5.491107003763318e-05,0.0007743824971839786
naval,dune_bayes,2066,0.0006544964853674173,7.042614015517756e-05,0.0007249226327985525
naval,dune_bayes,2067,0.0007156755891628563,5.436670107883401e-05,0.0007700423011556268
naval,dune_bayes,2068,0.0007244587177410722,5.3714717068942264e-05,0.0007781734457239509
naval,dune_bayes,2069,0.0008854159968905151,0.00012922413588967174,0.0010146400891244411
naval,dune_bayes,2070,0.0006655808538198471,0.00011511109187267721,0.0007806919747963548
naval,dune_bayes,2071,0.0008784922538325191,0.0001276257389690727,0.0010061180219054222
naval,dune_bayes,2072,0.000717227696441114,6.525861681438982e-05,0.0007824862841516733
naval,dune_bayes,2073,0.00070718873757869,5.3148341976339e-05,0.0007603371050208807
naval,dune_bayes,2074,0.000644331332296133,6.811437924625352e-05,0.000712445704266429
naval,dune_bayes,2075,0.0008723591454327106,0.00012605010124389082,0.0009984092321246862
naval,dune_bayes,2076,0.0007142677204683423,6.47624401608482e-05,0.0007790301460772753
naval,dune_bayes,2077,0.0007033941801637411,5.262004924588837e-05,0.0007560142548754811
naval,dune_bayes,2078,0.0006410271162167192,6.736825889674947e-05,0.0007083953823894262
naval,dune_bayes,2079,0.0005250955000519753,3.300635580671951e-05,0.0005581018631346524
naval,dune_bayes,2080,0.0006596020539291203,0.00011288990936009213,0.00077249197056517
naval,dune_bayes,2081,0.0008420472731813788,0.0001290345098823309,0.0009710817830637097
naval,dune_bayes,2082,0.0008822051458992064,8.135711686918512e-05,0.0009635622845962644
naval,dune_bayes,2083,0.0009161501075141132,8.512190834153444e-05,0.0010012720013037324
naval,dune_bayes,2084,0.0007191079785116017,8.61991211422719e-05,0.0008053071214817464
naval,dune_bayes,2085,0.0005970862112008035,4.3052074033766985e-05,0.0006401382852345705
naval,dune_bayes,2086,0.0008659029845148325,7.850490510463715e-05,0.0009444078896194696
naval,dune_bayes,2087,0.0007376453140750527,0.00014195122639648616,0.0008795965695753694
naval,dune_bayes,2088,0.0008836472989059985,0.00014069260214455426,0.0010243399301543832
naval,dune_bayes,2089,0.0008764147642068565,0.00013854495773557574,0.001014959765598178
naval,dune_bayes,2090,0.0007761012529954314,7.566819112980738e-05,0.0008517694659531116
naval,dune_bayes,2091,0.0008107988978736103,6.713248876621947e-05,0.0008779313648119569
naval,dune_bayes,2092,0.0008796729962341487,0.00013945075625088066,0.0010191237088292837
naval,dune_bayes,2093,0.000772284809499979,7.495583122363314e-05,0.0008472406188957393
naval,dune_bayes,2094,0.0006994727300480008,8.125921885948628e-05,0.0007807319634594023
naval,dune_bayes,2095,0.0005789774586446583,4.039459236082621e-05,0.000619372061919421
naval,dune_bayes,2096,0.0007668107282370329,6.19661805103533e-05,0.0008287769160233438
naval,dune_bayes,2097,0.0008718209573999047,0.00012563110794872046,0.0009974520653486252
naval,dune_bayes,2098,0.0007584022241644561,8.775085734669119e-05,0.0008461530669592321
naval,dune_bayes,2099,0.0007862080819904804,6.315182690741494e-05,0.0008493599016219378
naval,dune_bayes,2100,0.0007233695941977203,0.00013613390910904855,0.0008595035178586841
naval,dune_bayes,2101,0.0005685847718268633,3.8907888665562496e-05,0.0006074926350265741
naval,dune_bayes,2102,0.0007209936156868935,0.00013516563922166824,0.0008561592549085617
naval,dune_bayes,2103,0.0007540262304246426,7.167074363678694e-05,0.0008256969740614295
naval,dune_bayes,2104,0.0007744648610241711,6.129273242549971e-05,0.0008357575861737132
naval,dune_bayes,2105,0.0006806433666497469,7.665540761081502e-05,0.0007572987815365195
naval,dune_bayes,2106,0.0007166363066062331,0.00013340417353902012,0.000850040465593338
naval,dune_bayes,2107,0.0008861779933795333,0.00012929114745929837,0.0010154691990464926
naval,dune_bayes,2108,0.0007143606198951602,0.0001324955519521609,0.0008468561572954059
naval,dune_bayes,2109,0.0006831136997789145,7.139487570384517e-05,0.0007545085973106325
naval,dune_bayes,2110,0.0007570450543425977,5.85941961617209e-05,0.0008156392723321915
naval,dune_bayes,2111,0.0007400362519547343,6.919157749507576e-05,0.0008092278148978949
naval,dune_bayes,2112,0.0007312262896448374,5.6607725127832964e-05,0.0007878339965827763
naval,dune_bayes,2113,0.000671276415232569,0.00011740298941731453,0.0007886794046498835
naval,dune_bayes,2114,0.0006335267098620534,7.671668572584167e-05,0.0007102434174157679
naval,dune_bayes,2115,0.0007268069894053042,5.5958393204491585e-05,0.0007827653898857534
naval,dune_bayes,2116,0.000545050366781652,3.566110899555497e-05,0.0005807114648632705
naval,dune_bayes,2117,0.0006695196498185396,0.0001167173104477115,0.0007862369529902935
naval,dune_bayes,2118,0.0007240019622258842,5.3646679589292035e-05,0.000777648645453155
naval,dune_bayes,2119,0.0005322672077454627,3.396088504814543e-05,0.0005662281182594597
naval,dune_bayes,2120,0.0007135436171665788,5.2128936658846214e-05,0.000765672535635531
naval,dune_bayes,2121,0.0009805589215829968,0.00016949993732850999,0.0011500588152557611
naval,dune_bayes,2122,0.0008654246339574456,0.00012435211101546884,0.0009897768031805754
naval,dune_bayes,2123,0.000659871322568506,6.684910476906225e-05,0.0007267204346135259
naval,dune_bayes,2124,0.0005262018530629575,3.316886068205349e-05,0.000559370731934905
naval,dune_bayes,2125,0.000657313852570951,6.634837336605415e-05,0.0007236622041091323
naval,dune_bayes,2126,0.0006553598796017468,0.00011146860924782231,0.0007668284815736115
naval,dune_bayes,2127,0.0008284981013275683,0.00011811114381998777,0.0009466092451475561
naval,dune_bayes,2128,0.0008702704799361527,7.923806697363034e-05,0.0009495085687376559
naval,dune_bayes,2129,0.0007127697463147342,8.467869338346645e-05,0.0007974484469741583
naval,dune_bayes,2130,0.0009934522677212954,0.00016397198487538844,0.0011574242962524295
naval,dune_bayes,2131,0.0008649613591842353,7.831778930267319e-05,0.0009432791266590357
naval,dune_bayes,2132,0.0010356002021580935,0.0001755659031914547,0.0012111661490052938
naval,dune_bayes,2133,0.0007721399306319654,9.078798029804602e-05,0.0008629279327578843
naval,dune_bayes,2134,0.0008595698163844645,7.738594285910949e-05,0.0009369557374157012
naval,dune_bayes,2135,0.0005875187343917787,4.1667452023830265e-05,0.0006291861645877361
naval,dune_bayes,2136,0.0007747294730506837,7.538488716818392e-05,0.0008501143893226981
naval,dune_bayes,2137,0.000854212383273989,7.647777965757996e-05,0.0009306901483796537
naval,dune_bayes,2138,0.0005840047379024327,4.115054980502464e-05,0.0006251552840694785
naval,dune_bayes,2139,0.0007261451683007181,0.0001373802515445277,0.000863525434397161
naval,dune_bayes,2140,0.0007633721688762307,8.884093404049054e-05,0.0008522131247445941
naval,dune_bayes,2141,0.0005767965922132134,4.010828342870809e-05,0.0006169048720039427
naval,dune_bayes,2142,0.0007922147051431239,6.411314097931609e-05,0.0008563278242945671
naval,dune_bayes,2143,0.0008692237315699458,0.00012494470865931362,0.0009941684547811747
naval,dune_bayes,2144,0.000774213345721364,6.125724030425772e-05,0.0008354705641977489
naval,dune_bayes,2145,0.0007145123672671616,0.00013270780618768185,0.0008472201880067587
naval,dune_bayes,2146,0.0009501812746748328,0.00016023228818085045,0.0011104135774075985
naval,dune_bayes,2147,0.0007473048171959817,5.897348819416948e-05,0.0008062783163040876
naval,dune_bayes,2148,0.0006848633638583124,7.174092024797574e-05,0.000756604305934161
naval,dune_bayes,2149,0.0007432007696479559,5.836080890730955e-05,0.0008015615749172866
naval,dune_bayes,2150,0.0006708434666506946,7.439493492711335e-05,0.0007452383870258927
naval,dune_bayes,2151,0.0006821410497650504,7.120274676708505e-05,0.0007533438038080931
naval,dune_bayes,2152,0.0006637540063820779,7.272054062923416e-05,0.0007364745251834393
naval,dune_bayes,2153,0.0006693641189485788,0.0001168068265542388,0.0007861709455028176
naval,dune_bayes,2154,0.0008971050847321749,0.00013228053285274655,0.0010293856030330062
naval,dune_bayes,2155,0.0007297817501239479,5.638003858621232e-05,0.0007861618069000542
naval,dune_bayes,2156,0.0006672667223028839,0.00011601802543736994,0.0007832847768440843
naval,dune_bayes,2157,0.0007214300567284226,5.516130477190018e-05,0.0007765913615003228
naval,dune_bayes,2158,0.0006264681578613818,7.507561531383544e-05,0.000701543758623302
naval,dune_bayes,2159,0.0005365630495361984,3.454717807471752e-05,0.0005711102276109159
naval,dune_bayes,2160,0.0006496324203908443,6.946351641090587e-05,0.0007190959295257926
naval,dune_bayes,2161,0.000723696721252054,5.360143040888943e-05,0.000777298177126795
naval,dune_bayes,2162,0.0006358828977681696,7.700653077336028e-05,0.0007128894212655723
naval,dune_bayes,2163,0.0007182210683822632,6.538542947964743e-05,0.000783606490585953
naval,dune_bayes,2164,0.000530210614670068,3.3711359719745815e-05,0.0005639219889417291
naval,dune_bayes,2165,0.0006647465052083135,8.338972111232579e-05,0.0007481361972168088
naval,dune_bayes,2166,0.000704806880094111,5.2773964853258803e-05,0.0007575808558613062
naval,dune_bayes,2167,0.0006589658441953361,6.666324770776555e-05,0.0007256290991790593
naval,dune_bayes,2168,0.0006359306862577796,6.63728205836378e-05,0.0007023034850135446
naval,dune_bayes,2169,0.0008408230496570468,0.00012770519242621958,0.0009685282129794359
naval,dune_bayes,2170,0.0008524978766217828,0.00012104534107493237,0.0009735432104207575
naval,dune_bayes,2171,0.0010543111711740494,0.00019318604608997703,0.0012474972754716873
naval,dune_bayes,2172,0.0006538916495628655,6.569885590579361e-05,0.0007195905200205743
naval,dune_bayes,2173,0.0006291717290878296,6.487795326393098e-05,0.0006940496969036758
naval,dune_bayes,2174,0.0006513854023069143,6.521273462567478e-05,0.0007165981223806739
naval,dune_bayes,2175,0.0005148315103724599,3.173196455463767e-05,0.0005465634749270976
naval,dune_bayes,2176,0.0007774006226100028,9.196567407343537e-05,0.0008693662821315229
naval,dune_bayes,2177,0.0007742408779449761,9.125856013270095e-05,0.0008654994308017194
naval,dune_bayes,2178,0.0007291415822692215,0.00013876735465601087,0.0008679089369252324
naval,dune_bayes,2179,0.0008944312576204538,0.0001439020998077467,0.0010383334010839462
naval,dune_bayes,2180,0.0007027355022728443,8.222491305787116e-05,0.0007849604007788002
naval,dune_bayes,2181,0.0007738432614132762,7.521447696490213e-05,0.0008490577456541359
naval,dune_bayes,2182,0.0007244771695695817,0.00013684328587260097,0.000861320469994098
naval,dune_bayes,2183,0.0009825676679611206,0.00016044852964114398,0.001143016153946519
naval,dune_bayes,2184,0.0007649346371181309,8.917695231502876e-05,0.0008541115676052868
naval,dune_bayes,2185,0.000770030717831105,7.450434350175783e-05,0.0008445350686088204
naval,dune_bayes,2186,0.0007736239349469543,6.297475920291618e-05,0.0008365986868739128
naval,dune_bayes,2187,0.000578259932808578,4.034718222101219e-05,0.0006186070968396962
naval,dune_bayes,2188,0.0007662033895030618,7.380956230917946e-05,0.0008400129736401141
naval,dune_bayes,2189,0.0005710210534743965,3.930896855308674e-05,0.000610330025665462
naval,dune_bayes,2190,0.000796284934040159,0.00011613358947215602,0.0009124185307882726
naval,dune_bayes,2191,0.000759894959628582,6.086106805014424e-05,0.0008207560167647898
naval,dune_bayes,2192,0.000786192249506712,6.31518050795421e-05,0.0008493440691381693
naval,dune_bayes,2193,0.0006761305849067867,0.00011948531755479053,0.0007956158951856196
naval,dune_bayes,2194,0.0009289142326451838,0.00015452882507815957,0.0010834430577233434
naval,dune_bayes,2195,0.0007740588043816388,6.12347575952299e-05,0.000835293554700911
naval,dune_bayes,2196,0.0005608032806776464,3.787022433243692e-05,0.0005986734759062529
naval,dune_bayes,2197,0.0005539996782317758,3.6924837331753224e-05,0.0005909245228394866
naval,dune_bayes,2198,0.0007412938866764307,6.937065336387604e-05,0.000810664554592222
naval,dune_bayes,2199,0.0006612614379264414,7.221288979053497e-05,0.0007334743277169764
naval,dune_bayes,2200,0.000734178174752742,6.812788342358544e-05,0.0008023060509003699
naval,dune_bayes,2201,0.000745358585845679,5.681915718014352e-05,0.0008021777612157166
naval,dune_bayes,2202,0.000724439974874258,5.5576219892827794e-05,0.0007800161838531494
naval,dune_bayes,2203,0.0007396407308988273,5.5959659221116453e-05,0.0007956004119478166
naval,dune_bayes,2204,0.0007998522487469018,0.0001180048639071174,0.0009178571053780615
naval,dune_bayes,2205,0.000667966844048351,6.83966136421077e-05,0.0007363634649664164
naval,dune_bayes,2206,0.0008860034286044538,0.00012965190398972481,0.0010156553471460938
naval,dune_bayes,2207,0.0006548797828145325,0.00011154831008752808,0.0007664280710741878
naval,dune_bayes,2208,0.000717327231541276,6.522380135720596e-05,0.0007825510110706091
naval,dune_bayes,2209,0.0007075750618241727,5.315294038155116e-05,0.0007607280276715755
naval,dune_bayes,2210,0.0007181987166404724,5.280042751110159e-05,0.0007709991186857224
naval,dune_bayes,2211,0.0005280931363813579,3.345635923324153e-05,0.000561549502890557
naval,dune_bayes,2212,0.0006527849473059177,0.00011079120304202661,0.0007635761285200715
naval,dune_bayes,2213,0.0006434987299144268,7.860421465011314e-05,0.0007221029372885823
naval,dune_bayes,2214,0.0005217937286943197,3.264204497099854e-05,0.0005544357700273395
naval,dune_bayes,2215,0.0006490080850198865,0.00010939669300569221,0.0007584047853015363
naval,dune_bayes,2216,0.000820624059997499,0.00011320495104882866,0.0009338289964944124
naval,dune_bayes,2217,0.0006913508987054229,5.086515375296585e-05,0.0007422160706482828
naval,dune_bayes,2218,0.0006268799770623446,6.4436077082064e-05,0.0006913160323165357
naval,dune_bayes,2219,0.0006429380155168474,0.00010721530998125672,0.0007501533254981041
naval,dune_bayes,2220,0.0006479113362729549,6.455695984186605e-05,0.0007124682888388634
naval,dune_bayes,2221,0.0006203069933690131,6.300777749856934e-05,0.0006833147490397096
naval,dune_bayes,2222,0.0005921582342125475,6.259331712499261e-05,0.0006547515513375401
naval,dune_bayes,2223,0.0007731959922239184,9.102784679271281e-05,0.0008642238099128008
naval,dune_bayes,2224,0.0007802604231983423,7.635910878889263e-05,0.0008566195610910654
naval,dune_bayes,2225,0.0008625249611213803,7.785660272929817e-05,0.0009403815492987633
naval,dune_bayes,2226,0.0008571311482228339,7.692623330513015e-05,0.0009340574033558369
naval,dune_bayes,2227,0.0007669936749152839,8.963383152149618e-05,0.0008566274773329496
naval,dune_bayes,2228,0.0005796167533844709,4.0570423152530566e-05,0.0006201872020028532
naval,dune_bayes,2229,0.0006926789646968246,7.981240196386352e-05,0.0007724913884885609
naval,dune_bayes,2230,0.000572437304072082,3.9538717828691006e-05,0.000611976021900773
naval,dune_bayes,2231,0.0008699510362930596,0.00012886982585769147,0.0009988208767026663
naval,dune_bayes,2232,0.00067653798032552,0.00011976718087680638,0.000796305132098496
naval,dune_bayes,2233,0.0007545961416326463,0.00010533195018069819,0.0008599280845373869
naval,dune_bayes,2234,0.0007542195380665362,5.998420238029212e-05,0.0008142037549987435
naval,dune_bayes,2235,0.000750840175896883,7.103906682459638e-05,0.000821879249997437
naval,dune_bayes,2236,0.0006852548103779554,7.181092951213941e-05,0.000757065718062222
naval,dune_bayes,2237,0.0007435469888150692,6.974979623919353e-05,0.0008132967632263899
naval,dune_bayes,2238,0.0007405004580505192,5.792027513962239e-05,0.0007984207477420568
naval,dune_bayes,2239,0.0009040715522132814,0.0001342707546427846,0.001038342248648405
naval,dune_bayes,2240,0.0009050976950675249,0.00013467013195622712,0.0010397678706794977
naval,dune_bayes,2241,0.000727441452909261,5.599144060397521e-05,0.000783432915341109
naval,dune_bayes,2242,0.0007297359989024699,6.73341637593694e-05,0.0007970701553858817
naval,dune_bayes,2243,0.0006549170357175171,0.00011168658966198564,0.0007666036253795028
naval,dune_bayes,2244,0.0007147796568460763,5.416373096522875e-05,0.0007689433987252414
naval,dune_bayes,2245,0.0007285270839929581,5.4310094128595665e-05,0.0007828371599316597
naval,dune_bayes,2246,0.0007373970584012568,0.0001014513909467496,0.0008388484711758792
naval,dune_bayes,2247,0.0008744202204979956,0.00012681492080446333,0.0010012350976467133
naval,dune_bayes,2248,0.0007104894029907882,5.3547195420833305e-05,0.000764036609325558
naval,dune_bayes,2249,0.0006412382936105132,6.770349136786535e-05,0.000708941777702421
naval,dune_bayes,2250,0.0006508851074613631,0.00011020029342034832,0.0007610854227095842
naval,dune_bayes,2251,0.0008697577868588269,0.000125590042443946,0.0009953478584066033
naval,dune_bayes,2252,0.0005228358786553144,3.279408338130452e-05,0.0005556299583986402
naval,dune_bayes,2253,0.0008427891880273819,0.00011876945791300386,0.000961558660492301
naval,dune_bayes,2254,0.0006312035256996751,6.545482756337151e-05,0.0006966583314351737
naval,dune_bayes,2255,0.0008295721490867436,0.0001154247802332975,0.0009449969511479139
naval,dune_bayes,2256,0.0006945661152713001,5.129669079906307e-05,0.0007458627806045115
naval,dune_bayes,2257,0.0007029683329164982,6.278048385865986e-05,0.0007657487876713276
naval,dune_bayes,2258,0.0006243789684958756,6.395560194505379e-05,0.000688334577716887
naval,dune_bayes,2259,0.0006919839652255177,4.906681351712905e-05,0.0007410507532767951
naval,dune_bayes,2260,0.0007842767518013716,0.00010431015107315034,0.0008885869174264371
naval,dune_bayes,2261,0.0006470488151535392,6.438302807509899e-05,0.0007114318432286382
naval,dune_bayes,2262,0.0006816093809902668,4.7630172048229724e-05,0.0007292395457625389
naval,dune_bayes,2263,0.0005860954406671226,6.135847797850147e-05,0.0006474539404734969
naval,dune_bayes,2264,0.0008455649367533624,7.494162855437025e-05,0.0009205065434798598
naval,dune_bayes,2265,0.000861592183355242,0.00013442581985145807,0.000996018061414361
naval,dune_bayes,2266,0.0006749112508259714,0.00011925424769287929,0.0007941654766909778
naval,dune_bayes,2267,0.0005917782546021044,6.247581040952355e-05,0.0006542540504597127
naval,dune_bayes,2268,0.0007606749422848225,7.278153498191386e-05,0.0008334564627148211
naval,dune_bayes,2269,0.0006828229525126517,7.747897325316444e-05,0.000760301947593689
naval,dune_bayes,2270,0.0006704003899358213,0.00011756249296013266,0.0007879628683440387
naval,dune_bayes,2271,0.0005565453902818263,3.732829645741731e-05,0.0005938736721873283
naval,dune_bayes,2272,0.0006658639758825302,0.00011587038898142055,0.0007817343575879931
naval,dune_bayes,2273,0.000929502712097019,0.0001448992406949401,0.0010744018945842981
naval,dune_bayes,2274,0.0007390514947474003,6.893774843774736e-05,0.0008079892722889781
naval,dune_bayes,2275,0.0007350516389124095,5.710060941055417e-05,0.0007921522483229637
naval,dune_bayes,2276,0.0006567446980625391,7.131272286642343e-05,0.0007280574063770473
naval,dune_bayes,2277,0.0009040552540682256,0.0001345647033303976,0.0010386200156062841
naval,dune_bayes,2278,0.0006736023351550102,6.949623639229685e-05,0.0007430985569953918
naval,dune_bayes,2279,0.0006532025872729719,7.049365376587957e-05,0.0007236962555907667
naval,dune_bayes,2280,0.0005366377299651504,3.4623892133822665e-05,0.0005712616257369518
naval,dune_bayes,2281,0.0007339307339861989,5.511018753168173e-05,0.0007890409324318171
naval,dune_bayes,2282,0.0005334448651410639,3.4199700166936964e-05,0.000567644543480128
naval,dune_bayes,2283,0.0009646141552366316,0.00016535345639567822,0.001129967626184225
naval,dune_bayes,2284,0.0006660717772319913,6.803000724175945e-05,0.0007341018063016236
naval,dune_bayes,2285,0.0007139075896702707,5.401870657806285e-05,0.0007679262780584395
naval,dune_bayes,2286,0.0005302305216901004,3.3777443604776636e-05,0.0005640079616568983
naval,dune_bayes,2287,0.0006425728788599372,6.806461897213012e-05,0.0007106374832801521
naval,dune_bayes,2288,0.0009457264095544815,0.00014843014650978148,0.0010941565269604325
naval,dune_bayes,2289,0.0006634627352468669,6.7514629336074e-05,0.0007309773936867714
naval,dune_bayes,2290,0.0007176203653216362,5.271571717457846e-05,0.000770336075220257
naval,dune_bayes,2291,0.0005238647572696209,3.294881753390655e-05,0.0005568135529756546
naval,dune_bayes,2292,0.0007010855479165912,5.2187828259775415e-05,0.0007532733725383878
naval,dune_bayes,2293,0.0005177140119485557,3.215573087800294e-05,0.0005498697282746434
naval,dune_bayes,2294,0.0005116511019878089,3.1385832699015737e-05,0.0005430369637906551
naval,dune_bayes,2295,0.000691555964294821,4.9005360779119655e-05,0.0007405613432638347
naval,dune_bayes,2296,0.0006954726995900273,6.15117241977714e-05,0.0007569844019599259
naval,dune_bayes,2297,0.0006813144427724183,4.944288593833335e-05,0.0007307573105208576
naval,dune_bayes,2298,0.0006154825678095222,6.209713319549337e-05,0.0006775797228328884
naval,dune_bayes,2299,0.00064363848650828,6.374384247465059e-05,0.0007073823362588882
naval,dune_bayes,2300,0.0006926693604327738,6.105648935772479e-05,0.0007537258788943291
naval,dune_bayes,2301,0.0006815723027102649,4.7622201236663386e-05,0.0007291944930329919
naval,dune_bayes,2302,0.0006081565516069531,6.5535721660126e-05,0.0006736922659911215
naval,dune_bayes,2303,0.0008888070588000119,8.016305946512148e-05,0.000968970125541091
naval,dune_bayes,2304,0.000761894101742655,8.849698497215286e-05,0.0008503911085426807
naval,dune_bayes,2305,0.000673422182444483,0.00011880986130563542,0.0007922320510260761
naval,dune_bayes,2306,0.0007658497197553515,6.171926361275837e-05,0.0008275689906440675
naval,dune_bayes,2307,0.000582268345169723,6.054531331756152e-05,0.0006428136839531362
naval,dune_bayes,2308,0.0007863188511691988,6.317844963632524e-05,0.0008494972717016935
naval,dune_bayes,2309,0.0005613876855932176,3.802831270149909e-05,0.000599415972828865
naval,dune_bayes,2310,0.0006664229440502822,0.00011619650467764586,0.0007826194632798433
naval,dune_bayes,2311,0.0007427692180499434,5.8225388784194365e-05,0.0008009946322999895
naval,dune_bayes,2312,0.0007413270068354905,6.932007090654224e-05,0.0008106470922939479
naval,dune_bayes,2313,0.0007229148177430034,9.737489745020866e-05,0.000820289715193212
naval,dune_bayes,2314,0.0006753467605449259,6.98371441103518e-05,0.0007451839046552777
naval,dune_bayes,2315,0.0007450768607668579,5.677756416844204e-05,0.0008018544176593423
naval,dune_bayes,2316,0.0006508304504677653,7.002099300734699e-05,0.0007208514725789428
naval,dune_bayes,2317,0.0008905750582925975,0.00014287332305684686,0.0010334483813494444
naval,dune_bayes,2318,0.0009232332813553512,0.0001422544155502692,0.001065487740561366
naval,dune_bayes,2319,0.0006599931512027979,6.685075641144067e-05,0.0007268438930623233
naval,dune_bayes,2320,0.0007001098128966987,5.203835098654963e-05,0.0007521481602452695
naval,dune_bayes,2321,0.0005188365466892719,3.231937444070354e-05,0.0005511559429578483
naval,dune_bayes,2322,0.0009106010547839105,0.00013873155694454908,0.0010493325535207987
naval,dune_bayes,2323,0.0006918537546880543,5.088000762043521e-05,0.0007427337695844471
naval,dune_bayes,2324,0.0007018257747404277,5.04481176903937e-05,0.0007522738887928426
naval,dune_bayes,2325,0.0006347272428683937,0.00010463801299920306,0.0007393652340397239
naval,dune_bayes,2326,0.0006498554721474648,6.490253144875169e-05,0.0007147580035962164
naval,dune_bayes,2327,0.0006978307501412928,6.18927733739838e-05,0.0007597235380671918
naval,dune_bayes,2328,0.0006912509561516345,4.8961715947370976e-05,0.000740212679374963
naval,dune_bayes,2329,0.0007655321969650686,9.987157682189718e-05,0.0008654037956148386
naval,dune_bayes,2330,0.0006812814390286803,4.758073191624135e-05,0.0007288621854968369
naval,dune_bayes,2331,0.000500476686283946,3.0013587092980742e-05,0.0005304903024807572
naval,dune_bayes,2332,0.0006684592226520181,4.7671073843957856e-05,0.0007161303074099123
naval,dune_bayes,2333,0.0006694612093269825,0.00011745119991246611,0.0007869123946875334
naval,dune_bayes,2334,0.0007578030927106738,8.758458716329187e-05,0.0008453876944258809
naval,dune_bayes,2335,0.0007644961588084698,6.149764521978796e-05,0.0008259938331320882
naval,dune_bayes,2336,0.0007547845598310232,7.168656156864017e-05,0.0008264711359515786
naval,dune_bayes,2337,0.0007554601179435849,6.0118014516774565e-05,0.0008155781542882323
naval,dune_bayes,2338,0.0006626775139011443,0.00011490547331050038,0.0007775829872116446
naval,dune_bayes,2339,0.0007510497234761715,7.102129166014493e-05,0.000822070986032486
naval,dune_bayes,2340,0.0007415052386932075,5.80147716391366e-05,0.0007995199994184077
naval,dune_bayes,2341,0.0005719592445529997,5.8535239077173173e-05,0.0006304944981820881
naval,dune_bayes,2342,0.0007374017732217908,5.740671622334048e-05,0.0007948084967210889
naval,dune_bayes,2343,0.0006517158471979201,0.00011086393351433799,0.0007625797879882157
naval,dune_bayes,2344,0.0006242769886739552,6.892064993735403e-05,0.0006931976531632245
naval,dune_bayes,2345,0.0007507411064580083,5.763739318354055e-05,0.0008083785069175065
naval,dune_bayes,2346,0.0007297453703358769,6.728097650920972e-05,0.0007970263250172138
naval,dune_bayes,2347,0.00072432029992342,5.549148045247421e-05,0.0007798117585480213
naval,dune_bayes,2348,0.0006488172803074121,6.961831240914762e-05,0.0007184356218203902
naval,dune_bayes,2349,0.0006474585388787091,0.00010931216093013063,0.0007567707216367126
naval,dune_bayes,2350,0.0008356717880815268,0.00011934557551285252,0.0009550173417665064
naval,dune_bayes,2351,0.0006690658046863973,6.860127177787945e-05,0.0007376670837402344
naval,dune_bayes,2352,0.0007198989624157548,5.484755092766136e-05,0.0007747465278953314
naval,dune_bayes,2353,0.0006452451925724745,0.00010850638500414789,0.0007537516066804528
naval,dune_bayes,2354,0.0006664875545538962,6.80906669003889e-05,0.0007345782360062003
naval,dune_bayes,2355,0.0009146142983809114,0.0001401186891598627,0.0010547329438850284
naval,dune_bayes,2356,0.0007196728838607669,6.554334686370566e-05,0.0007852162234485149
naval,dune_bayes,2357,0.0007112159510143101,5.359486385714263e-05,0.000764810829423368
naval,dune_bayes,2358,0.0009196925675496459,0.0001414837024640292,0.0010611762991175056
naval,dune_bayes,2359,0.000910967355594039,0.00013897084863856435,0.0010499381460249424
naval,dune_bayes,2360,0.0007174517959356308,5.2689640142489225e-05,0.0007701414288021624
naval,dune_bayes,2361,0.000656154181342572,6.609912816202268e-05,0.0007222532876767218
naval,dune_bayes,2362,0.0005165712791495025,3.205250686733052e-05,0.0005486237932927907
naval,dune_bayes,2363,0.000627619621809572,6.486817437689751e-05,0.0006924878107383847
naval,dune_bayes,2364,0.0006539858295582235,6.569486868102103e-05,0.0007196806836873293
naval,dune_bayes,2365,0.000624232750851661,6.412493530660868e-05,0.0006883576861582696
naval,dune_bayes,2366,0.0007014905568212271,5.0399776228005067e-05,0.0007518903585150838
naval,dune_bayes,2367,0.0005107242614030838,3.130721233901568e-05,0.0005420314846560359
naval,dune_bayes,2368,0.0006307999137789011,0.0001033599692163989,0.0007341598975472152
naval,dune_bayes,2369,0.0006489254301413894,6.472648965427652e-05,0.0007136519416235387
naval,dune_bayes,2370,0.0006287032156251371,0.00010263366857543588,0.000731336884200573
naval,dune_bayes,2371,0.0007653281791135669,9.991721162805334e-05,0.0008652454125694931
naval,dune_bayes,2372,0.000614127260632813,6.193107401486486e-05,0.0006760583491995931
naval,dune_bayes,2373,0.0006859652930870652,4.822596019948833e-05,0.0007341912714764476
naval,dune_bayes,2374,0.0005013836198486388,3.014494723174721e-05,0.0005315285525284708
naval,dune_bayes,2375,0.0006247317069210112,7.437697786372155e-05,0.000699108699336648
naval,dune_bayes,2376,0.0006750509492121637,4.855167935602367e-05,0.0007236025994643569
naval,dune_bayes,2377,0.0006229446735233068,0.00010061085049528629,0.0007235555094666779
naval,dune_bayes,2378,0.0006389890913851559,6.285784911597148e-05,0.0007018469623290002
naval,dune_bayes,2379,0.0006365266162902117,6.238940841285512e-05,0.0006989160319790244
naval,dune_bayes,2380,0.0006710017914883792,4.617626473191194e-05,0.0007171780453063548
naval,dune_bayes,2381,0.0006900273147039115,8.884535054676235e-05,0.0007788726361468434
naval,dune_bayes,2382,0.0006345444126054645,6.203248631209135e-05,0.0006965768989175558
naval,dune_bayes,2383,0.0006636016187258065,4.7005432861624286e-05,0.0007106070406734943
naval,dune_bayes,2384,0.0006660804501734674,4.5512144424719736e-05,0.0007115926127880812
naval,dune_bayes,2385,0.0004899332416243851,2.8747052056132816e-05,0.0005186803173273802
naval,dune_bayes,2386,0.000554880010895431,5.0730115617625415e-05,0.0006056101410649717
